experiment_name,dataset_id,split_id,graph_seed,training_seed,scenario_id,severity,model_id,protocol,roc_auc,average_precision,f1_macro,threshold,duration_sec,epochs_trained,best_epoch,best_validation_monitor,validation_monitor,stopping_reason,n_nodes,n_edges,mean_in_degree,median_in_degree,mean_out_degree,median_out_degree,heterophily_ratio,pos_rate,base_graph_path,graph_path,train_graph_ref,status,error
gfd_robustness_benchmark_v4_factorial,yelpchi,r40_s2,0,0,camouflage_feature_oracle,0.15,mlp,train_clean_eval_all,0.707177275254735,0.2952622086704753,0.6082859799579772,0.5026629567146301,0.1749747680005384,17,7,0.738136447836131,roc_auc,early_stopping,45954,8051348,175.2045135498047,175.0,175.2045135498047,175.0,0.2268800139427185,0.1452974677085876,/kaggle/working/gfd-robustness-v4-factorial-r1/graphs/base/yelpchi/r40_s2/graph.bin,/kaggle/working/gfd-robustness-v4-factorial-r1/graphs/variants/yelpchi/r40_s2/camouflage_feature_oracle/0.15/seed_0/graph.bin,/kaggle/working/gfd-robustness-v4-factorial-r1/graphs/base/yelpchi/r40_s2/graph.bin,ok,
gfd_robustness_benchmark_v4_factorial,yelpchi,r40_s2,0,0,camouflage_feature_oracle,0.15,mlp,train_on_variant,0.707002404623035,0.2953988647701366,0.6086989915590335,0.5047690272331238,0.5331861329996173,17,7,0.7092003709557834,roc_auc,early_stopping,45954,8051348,175.2045135498047,175.0,175.2045135498047,175.0,0.2268800139427185,0.1452974677085876,/kaggle/working/gfd-robustness-v4-factorial-r1/graphs/base/yelpchi/r40_s2/graph.bin,/kaggle/working/gfd-robustness-v4-factorial-r1/graphs/variants/yelpchi/r40_s2/camouflage_feature_oracle/0.15/seed_0/graph.bin,/kaggle/working/gfd-robustness-v4-factorial-r1/graphs/variants/yelpchi/r40_s2/camouflage_feature_oracle/0.15/seed_0/graph.bin,ok,
gfd_robustness_benchmark_v4_factorial,yelpchi,r40_s2,0,0,camouflage_feature_oracle,0.15,pmp,train_clean_eval_all,0.7978356391849701,0.4851495098174244,0.6883090258867577,0.3942893743515014,0.5309198209997703,71,61,0.8519974633871886,roc_auc,early_stopping,45954,8051348,175.2045135498047,175.0,175.2045135498047,175.0,0.2268800139427185,0.1452974677085876,/kaggle/working/gfd-robustness-v4-factorial-r1/graphs/base/yelpchi/r40_s2/graph.bin,/kaggle/working/gfd-robustness-v4-factorial-r1/graphs/variants/yelpchi/r40_s2/camouflage_feature_oracle/0.15/seed_0/graph.bin,/kaggle/working/gfd-robustness-v4-factorial-r1/graphs/base/yelpchi/r40_s2/graph.bin,ok,
gfd_robustness_benchmark_v4_factorial,yelpchi,r40_s2,0,0,camouflage_feature_oracle,0.15,pmp,train_on_variant,0.7927207655081894,0.4802634973457623,0.6868915052895026,0.1802720576524734,38.63624417599931,65,55,0.8052470694254715,roc_auc,early_stopping,45954,8051348,175.2045135498047,175.0,175.2045135498047,175.0,0.2268800139427185,0.1452974677085876,/kaggle/working/gfd-robustness-v4-factorial-r1/graphs/base/yelpchi/r40_s2/graph.bin,/kaggle/working/gfd-robustness-v4-factorial-r1/graphs/variants/yelpchi/r40_s2/camouflage_feature_oracle/0.15/seed_0/graph.bin,/kaggle/working/gfd-robustness-v4-factorial-r1/graphs/variants/yelpchi/r40_s2/camouflage_feature_oracle/0.15/seed_0/graph.bin,ok,
gfd_robustness_benchmark_v4_factorial,yelpchi,r40_s2,0,0,camouflage_feature_oracle,0.15,sage,train_clean_eval_all,0.7453400305422759,0.3834418371462658,0.6401876804365839,0.648261308670044,0.2114022629993996,100,100,0.7811570196706694,roc_auc,max_epochs,45954,8051348,175.2045135498047,175.0,175.2045135498047,175.0,0.2268800139427185,0.1452974677085876,/kaggle/working/gfd-robustness-v4-factorial-r1/graphs/base/yelpchi/r40_s2/graph.bin,/kaggle/working/gfd-robustness-v4-factorial-r1/graphs/variants/yelpchi/r40_s2/camouflage_feature_oracle/0.15/seed_0/graph.bin,/kaggle/working/gfd-robustness-v4-factorial-r1/graphs/base/yelpchi/r40_s2/graph.bin,ok,
gfd_robustness_benchmark_v4_factorial,yelpchi,r40_s2,0,0,camouflage_feature_oracle,0.15,sage,train_on_variant,0.7440561492531739,0.3831615259846933,0.6432042257445417,0.6606763005256653,3.349099365999791,100,97,0.7487830695399051,roc_auc,max_epochs,45954,8051348,175.2045135498047,175.0,175.2045135498047,175.0,0.2268800139427185,0.1452974677085876,/kaggle/working/gfd-robustness-v4-factorial-r1/graphs/base/yelpchi/r40_s2/graph.bin,/kaggle/working/gfd-robustness-v4-factorial-r1/graphs/variants/yelpchi/r40_s2/camouflage_feature_oracle/0.15/seed_0/graph.bin,/kaggle/working/gfd-robustness-v4-factorial-r1/graphs/variants/yelpchi/r40_s2/camouflage_feature_oracle/0.15/seed_0/graph.bin,ok,
gfd_robustness_benchmark_v4_factorial,yelpchi,r40_s2,0,0,camouflage_feature_oracle,0.15,secgfd,train_clean_eval_all,0.7703502228930632,0.425358741983938,0.6663303861696994,0.7547904253005981,0.2985239150002599,50,50,0.8112726691889752,roc_auc,max_epochs,45954,8051348,175.2045135498047,175.0,175.2045135498047,175.0,0.2268800139427185,0.1452974677085876,/kaggle/working/gfd-robustness-v4-factorial-r1/graphs/base/yelpchi/r40_s2/graph.bin,/kaggle/working/gfd-robustness-v4-factorial-r1/graphs/variants/yelpchi/r40_s2/camouflage_feature_oracle/0.15/seed_0/graph.bin,/kaggle/working/gfd-robustness-v4-factorial-r1/graphs/base/yelpchi/r40_s2/graph.bin,ok,
gfd_robustness_benchmark_v4_factorial,yelpchi,r40_s2,0,0,camouflage_feature_oracle,0.15,secgfd,train_on_variant,0.7723808207160018,0.4261733740917209,0.6696623128123415,0.7236235737800598,4.883240590999776,50,50,0.7721590532521808,roc_auc,max_epochs,45954,8051348,175.2045135498047,175.0,175.2045135498047,175.0,0.2268800139427185,0.1452974677085876,/kaggle/working/gfd-robustness-v4-factorial-r1/graphs/base/yelpchi/r40_s2/graph.bin,/kaggle/working/gfd-robustness-v4-factorial-r1/graphs/variants/yelpchi/r40_s2/camouflage_feature_oracle/0.15/seed_0/graph.bin,/kaggle/working/gfd-robustness-v4-factorial-r1/graphs/variants/yelpchi/r40_s2/camouflage_feature_oracle/0.15/seed_0/graph.bin,ok,
gfd_robustness_benchmark_v4_factorial,yelpchi,r40_s2,0,1,camouflage_feature_oracle,0.15,mlp,train_clean_eval_all,0.7477429623949656,0.3746277698887483,0.6352752754520238,0.6965858936309814,0.1768074589999742,100,100,0.7856864946824108,roc_auc,max_epochs,45954,8051348,175.2045135498047,175.0,175.2045135498047,175.0,0.2268800139427185,0.1452974677085876,/kaggle/working/gfd-robustness-v4-factorial-r1/graphs/base/yelpchi/r40_s2/graph.bin,/kaggle/working/gfd-robustness-v4-factorial-r1/graphs/variants/yelpchi/r40_s2/camouflage_feature_oracle/0.15/seed_0/graph.bin,/kaggle/working/gfd-robustness-v4-factorial-r1/graphs/base/yelpchi/r40_s2/graph.bin,ok,
gfd_robustness_benchmark_v4_factorial,yelpchi,r40_s2,0,1,camouflage_feature_oracle,0.15,mlp,train_on_variant,0.7439154476497616,0.3724429505404797,0.6367581798411153,0.6621105074882507,2.0420229510000354,100,100,0.748266783007555,roc_auc,max_epochs,45954,8051348,175.2045135498047,175.0,175.2045135498047,175.0,0.2268800139427185,0.1452974677085876,/kaggle/working/gfd-robustness-v4-factorial-r1/graphs/base/yelpchi/r40_s2/graph.bin,/kaggle/working/gfd-robustness-v4-factorial-r1/graphs/variants/yelpchi/r40_s2/camouflage_feature_oracle/0.15/seed_0/graph.bin,/kaggle/working/gfd-robustness-v4-factorial-r1/graphs/variants/yelpchi/r40_s2/camouflage_feature_oracle/0.15/seed_0/graph.bin,ok,
gfd_robustness_benchmark_v4_factorial,yelpchi,r40_s2,0,1,camouflage_feature_oracle,0.15,pmp,train_clean_eval_all,0.80109041479795,0.503319578578942,0.694641555929841,0.3003063797950744,0.4991263730007631,82,72,0.8499563006458349,roc_auc,early_stopping,45954,8051348,175.2045135498047,175.0,175.2045135498047,175.0,0.2268800139427185,0.1452974677085876,/kaggle/working/gfd-robustness-v4-factorial-r1/graphs/base/yelpchi/r40_s2/graph.bin,/kaggle/working/gfd-robustness-v4-factorial-r1/graphs/variants/yelpchi/r40_s2/camouflage_feature_oracle/0.15/seed_0/graph.bin,/kaggle/working/gfd-robustness-v4-factorial-r1/graphs/base/yelpchi/r40_s2/graph.bin,ok,
gfd_robustness_benchmark_v4_factorial,yelpchi,r40_s2,0,1,camouflage_feature_oracle,0.15,pmp,train_on_variant,0.8083984541736283,0.5085916714769488,0.6986970992781513,0.311151921749115,58.85061965800014,100,92,0.8180188195691096,roc_auc,max_epochs,45954,8051348,175.2045135498047,175.0,175.2045135498047,175.0,0.2268800139427185,0.1452974677085876,/kaggle/working/gfd-robustness-v4-factorial-r1/graphs/base/yelpchi/r40_s2/graph.bin,/kaggle/working/gfd-robustness-v4-factorial-r1/graphs/variants/yelpchi/r40_s2/camouflage_feature_oracle/0.15/seed_0/graph.bin,/kaggle/working/gfd-robustness-v4-factorial-r1/graphs/variants/yelpchi/r40_s2/camouflage_feature_oracle/0.15/seed_0/graph.bin,ok,
gfd_robustness_benchmark_v4_factorial,yelpchi,r40_s2,0,1,camouflage_feature_oracle,0.15,sage,train_clean_eval_all,0.6001221843482079,0.1868388781281826,0.5372573883668689,0.2710321545600891,0.2163217540000914,23,13,0.6158413377294931,roc_auc,early_stopping,45954,8051348,175.2045135498047,175.0,175.2045135498047,175.0,0.2268800139427185,0.1452974677085876,/kaggle/working/gfd-robustness-v4-factorial-r1/graphs/base/yelpchi/r40_s2/graph.bin,/kaggle/working/gfd-robustness-v4-factorial-r1/graphs/variants/yelpchi/r40_s2/camouflage_feature_oracle/0.15/seed_0/graph.bin,/kaggle/working/gfd-robustness-v4-factorial-r1/graphs/base/yelpchi/r40_s2/graph.bin,ok,
gfd_robustness_benchmark_v4_factorial,yelpchi,r40_s2,0,1,camouflage_feature_oracle,0.15,sage,train_on_variant,0.5917237492301548,0.1814332778257566,0.5328903555899845,0.2659390270709991,1.090416324999751,23,13,0.590482600123493,roc_auc,early_stopping,45954,8051348,175.2045135498047,175.0,175.2045135498047,175.0,0.2268800139427185,0.1452974677085876,/kaggle/working/gfd-robustness-v4-factorial-r1/graphs/base/yelpchi/r40_s2/graph.bin,/kaggle/working/gfd-robustness-v4-factorial-r1/graphs/variants/yelpchi/r40_s2/camouflage_feature_oracle/0.15/seed_0/graph.bin,/kaggle/working/gfd-robustness-v4-factorial-r1/graphs/variants/yelpchi/r40_s2/camouflage_feature_oracle/0.15/seed_0/graph.bin,ok,
gfd_robustness_benchmark_v4_factorial,yelpchi,r40_s2,0,1,camouflage_feature_oracle,0.15,secgfd,train_clean_eval_all,0.7526461048117614,0.3915597538326504,0.6434734397533765,0.7049526572227478,0.2715905919994839,50,49,0.789748460509659,roc_auc,max_epochs,45954,8051348,175.2045135498047,175.0,175.2045135498047,175.0,0.2268800139427185,0.1452974677085876,/kaggle/working/gfd-robustness-v4-factorial-r1/graphs/base/yelpchi/r40_s2/graph.bin,/kaggle/working/gfd-robustness-v4-factorial-r1/graphs/variants/yelpchi/r40_s2/camouflage_feature_oracle/0.15/seed_0/graph.bin,/kaggle/working/gfd-robustness-v4-factorial-r1/graphs/base/yelpchi/r40_s2/graph.bin,ok,
gfd_robustness_benchmark_v4_factorial,yelpchi,r40_s2,0,1,camouflage_feature_oracle,0.15,secgfd,train_on_variant,0.7431849045353793,0.3788907646496366,0.6363504812437127,0.7050826549530029,4.743321764999564,50,47,0.7458504209013082,roc_auc,max_epochs,45954,8051348,175.2045135498047,175.0,175.2045135498047,175.0,0.2268800139427185,0.1452974677085876,/kaggle/working/gfd-robustness-v4-factorial-r1/graphs/base/yelpchi/r40_s2/graph.bin,/kaggle/working/gfd-robustness-v4-factorial-r1/graphs/variants/yelpchi/r40_s2/camouflage_feature_oracle/0.15/seed_0/graph.bin,/kaggle/working/gfd-robustness-v4-factorial-r1/graphs/variants/yelpchi/r40_s2/camouflage_feature_oracle/0.15/seed_0/graph.bin,ok,
gfd_robustness_benchmark_v4_factorial,yelpchi,r40_s2,0,2,camouflage_feature_oracle,0.15,mlp,train_clean_eval_all,0.751158876715764,0.3800912475265181,0.6400041994595826,0.6869957447052002,0.1807509270001901,100,100,0.7910127617371984,roc_auc,max_epochs,45954,8051348,175.2045135498047,175.0,175.2045135498047,175.0,0.2268800139427185,0.1452974677085876,/kaggle/working/gfd-robustness-v4-factorial-r1/graphs/base/yelpchi/r40_s2/graph.bin,/kaggle/working/gfd-robustness-v4-factorial-r1/graphs/variants/yelpchi/r40_s2/camouflage_feature_oracle/0.15/seed_0/graph.bin,/kaggle/working/gfd-robustness-v4-factorial-r1/graphs/base/yelpchi/r40_s2/graph.bin,ok,
gfd_robustness_benchmark_v4_factorial,yelpchi,r40_s2,0,2,camouflage_feature_oracle,0.15,mlp,train_on_variant,0.7478274619612608,0.3756811683402096,0.6398260623444091,0.6589310169219971,1.9402460280016385,100,100,0.7516728532364462,roc_auc,max_epochs,45954,8051348,175.2045135498047,175.0,175.2045135498047,175.0,0.2268800139427185,0.1452974677085876,/kaggle/working/gfd-robustness-v4-factorial-r1/graphs/base/yelpchi/r40_s2/graph.bin,/kaggle/working/gfd-robustness-v4-factorial-r1/graphs/variants/yelpchi/r40_s2/camouflage_feature_oracle/0.15/seed_0/graph.bin,/kaggle/working/gfd-robustness-v4-factorial-r1/graphs/variants/yelpchi/r40_s2/camouflage_feature_oracle/0.15/seed_0/graph.bin,ok,
gfd_robustness_benchmark_v4_factorial,yelpchi,r40_s2,0,2,camouflage_feature_oracle,0.15,pmp,train_clean_eval_all,0.8041056141916777,0.5001358607090417,0.6936258796523664,0.3158973157405853,0.4641143019998708,67,57,0.8516228361905988,roc_auc,early_stopping,45954,8051348,175.2045135498047,175.0,175.2045135498047,175.0,0.2268800139427185,0.1452974677085876,/kaggle/working/gfd-robustness-v4-factorial-r1/graphs/base/yelpchi/r40_s2/graph.bin,/kaggle/working/gfd-robustness-v4-factorial-r1/graphs/variants/yelpchi/r40_s2/camouflage_feature_oracle/0.15/seed_0/graph.bin,/kaggle/working/gfd-robustness-v4-factorial-r1/graphs/base/yelpchi/r40_s2/graph.bin,ok,
gfd_robustness_benchmark_v4_factorial,yelpchi,r40_s2,0,2,camouflage_feature_oracle,0.15,pmp,train_on_variant,0.8053158456826164,0.4882620084401522,0.6921641209923264,0.3110502660274505,40.244416974999695,67,57,0.8102440059410142,roc_auc,early_stopping,45954,8051348,175.2045135498047,175.0,175.2045135498047,175.0,0.2268800139427185,0.1452974677085876,/kaggle/working/gfd-robustness-v4-factorial-r1/graphs/base/yelpchi/r40_s2/graph.bin,/kaggle/working/gfd-robustness-v4-factorial-r1/graphs/variants/yelpchi/r40_s2/camouflage_feature_oracle/0.15/seed_0/graph.bin,/kaggle/working/gfd-robustness-v4-factorial-r1/graphs/variants/yelpchi/r40_s2/camouflage_feature_oracle/0.15/seed_0/graph.bin,ok,
gfd_robustness_benchmark_v4_factorial,yelpchi,r40_s2,0,2,camouflage_feature_oracle,0.15,sage,train_clean_eval_all,0.7543857359110699,0.3942722845314503,0.6448765381534877,0.6848011612892151,0.2247082459998637,100,99,0.791447800370479,roc_auc,max_epochs,45954,8051348,175.2045135498047,175.0,175.2045135498047,175.0,0.2268800139427185,0.1452974677085876,/kaggle/working/gfd-robustness-v4-factorial-r1/graphs/base/yelpchi/r40_s2/graph.bin,/kaggle/working/gfd-robustness-v4-factorial-r1/graphs/variants/yelpchi/r40_s2/camouflage_feature_oracle/0.15/seed_0/graph.bin,/kaggle/working/gfd-robustness-v4-factorial-r1/graphs/base/yelpchi/r40_s2/graph.bin,ok,
gfd_robustness_benchmark_v4_factorial,yelpchi,r40_s2,0,2,camouflage_feature_oracle,0.15,sage,train_on_variant,0.747262249781242,0.3814280876300585,0.6400014064219468,0.6288378834724426,3.4863890260003245,100,92,0.7509002829849066,roc_auc,max_epochs,45954,8051348,175.2045135498047,175.0,175.2045135498047,175.0,0.2268800139427185,0.1452974677085876,/kaggle/working/gfd-robustness-v4-factorial-r1/graphs/base/yelpchi/r40_s2/graph.bin,/kaggle/working/gfd-robustness-v4-factorial-r1/graphs/variants/yelpchi/r40_s2/camouflage_feature_oracle/0.15/seed_0/graph.bin,/kaggle/working/gfd-robustness-v4-factorial-r1/graphs/variants/yelpchi/r40_s2/camouflage_feature_oracle/0.15/seed_0/graph.bin,ok,
gfd_robustness_benchmark_v4_factorial,yelpchi,r40_s2,0,2,camouflage_feature_oracle,0.15,secgfd,train_clean_eval_all,0.7653094158551532,0.4331362193209827,0.6576150350773013,0.6936580538749695,0.2834082959998341,50,50,0.8116419561480677,roc_auc,max_epochs,45954,8051348,175.2045135498047,175.0,175.2045135498047,175.0,0.2268800139427185,0.1452974677085876,/kaggle/working/gfd-robustness-v4-factorial-r1/graphs/base/yelpchi/r40_s2/graph.bin,/kaggle/working/gfd-robustness-v4-factorial-r1/graphs/variants/yelpchi/r40_s2/camouflage_feature_oracle/0.15/seed_0/graph.bin,/kaggle/working/gfd-robustness-v4-factorial-r1/graphs/base/yelpchi/r40_s2/graph.bin,ok,
gfd_robustness_benchmark_v4_factorial,yelpchi,r40_s2,0,2,camouflage_feature_oracle,0.15,secgfd,train_on_variant,0.7604145149746332,0.4088438843387985,0.6576336050548706,0.7099634408950806,4.782122423999681,50,50,0.7675407014306591,roc_auc,max_epochs,45954,8051348,175.2045135498047,175.0,175.2045135498047,175.0,0.2268800139427185,0.1452974677085876,/kaggle/working/gfd-robustness-v4-factorial-r1/graphs/base/yelpchi/r40_s2/graph.bin,/kaggle/working/gfd-robustness-v4-factorial-r1/graphs/variants/yelpchi/r40_s2/camouflage_feature_oracle/0.15/seed_0/graph.bin,/kaggle/working/gfd-robustness-v4-factorial-r1/graphs/variants/yelpchi/r40_s2/camouflage_feature_oracle/0.15/seed_0/graph.bin,ok,
gfd_robustness_benchmark_v4_factorial,yelpchi,r40_s2,0,3,camouflage_feature_oracle,0.15,mlp,train_clean_eval_all,0.7467402818472018,0.3713136935640151,0.6377234364265855,0.6923589110374451,0.1387309769997955,100,100,0.787128406487435,roc_auc,max_epochs,45954,8051348,175.2045135498047,175.0,175.2045135498047,175.0,0.2268800139427185,0.1452974677085876,/kaggle/working/gfd-robustness-v4-factorial-r1/graphs/base/yelpchi/r40_s2/graph.bin,/kaggle/working/gfd-robustness-v4-factorial-r1/graphs/variants/yelpchi/r40_s2/camouflage_feature_oracle/0.15/seed_0/graph.bin,/kaggle/working/gfd-robustness-v4-factorial-r1/graphs/base/yelpchi/r40_s2/graph.bin,ok,
gfd_robustness_benchmark_v4_factorial,yelpchi,r40_s2,0,3,camouflage_feature_oracle,0.15,mlp,train_on_variant,0.7435971599951827,0.3674986063708388,0.6327546645228286,0.6309554576873779,2.175576718998854,100,100,0.7494441623336838,roc_auc,max_epochs,45954,8051348,175.2045135498047,175.0,175.2045135498047,175.0,0.2268800139427185,0.1452974677085876,/kaggle/working/gfd-robustness-v4-factorial-r1/graphs/base/yelpchi/r40_s2/graph.bin,/kaggle/working/gfd-robustness-v4-factorial-r1/graphs/variants/yelpchi/r40_s2/camouflage_feature_oracle/0.15/seed_0/graph.bin,/kaggle/working/gfd-robustness-v4-factorial-r1/graphs/variants/yelpchi/r40_s2/camouflage_feature_oracle/0.15/seed_0/graph.bin,ok,
gfd_robustness_benchmark_v4_factorial,yelpchi,r40_s2,0,3,camouflage_feature_oracle,0.15,pmp,train_clean_eval_all,0.7982645563633426,0.4939011031352384,0.6908368695910699,0.3407284319400787,0.4735980869991181,81,71,0.8504771645246115,roc_auc,early_stopping,45954,8051348,175.2045135498047,175.0,175.2045135498047,175.0,0.2268800139427185,0.1452974677085876,/kaggle/working/gfd-robustness-v4-factorial-r1/graphs/base/yelpchi/r40_s2/graph.bin,/kaggle/working/gfd-robustness-v4-factorial-r1/graphs/variants/yelpchi/r40_s2/camouflage_feature_oracle/0.15/seed_0/graph.bin,/kaggle/working/gfd-robustness-v4-factorial-r1/graphs/base/yelpchi/r40_s2/graph.bin,ok,
gfd_robustness_benchmark_v4_factorial,yelpchi,r40_s2,0,3,camouflage_feature_oracle,0.15,pmp,train_on_variant,0.8007954106743235,0.5011687479958407,0.6828286716797718,0.1979712098836898,53.188559520000126,89,79,0.8152247787019885,roc_auc,early_stopping,45954,8051348,175.2045135498047,175.0,175.2045135498047,175.0,0.2268800139427185,0.1452974677085876,/kaggle/working/gfd-robustness-v4-factorial-r1/graphs/base/yelpchi/r40_s2/graph.bin,/kaggle/working/gfd-robustness-v4-factorial-r1/graphs/variants/yelpchi/r40_s2/camouflage_feature_oracle/0.15/seed_0/graph.bin,/kaggle/working/gfd-robustness-v4-factorial-r1/graphs/variants/yelpchi/r40_s2/camouflage_feature_oracle/0.15/seed_0/graph.bin,ok,
gfd_robustness_benchmark_v4_factorial,yelpchi,r40_s2,0,3,camouflage_feature_oracle,0.15,sage,train_clean_eval_all,0.7450021513744405,0.3807535124063823,0.6424866431945134,0.678734302520752,0.2214390030003414,100,100,0.781263013848857,roc_auc,max_epochs,45954,8051348,175.2045135498047,175.0,175.2045135498047,175.0,0.2268800139427185,0.1452974677085876,/kaggle/working/gfd-robustness-v4-factorial-r1/graphs/base/yelpchi/r40_s2/graph.bin,/kaggle/working/gfd-robustness-v4-factorial-r1/graphs/variants/yelpchi/r40_s2/camouflage_feature_oracle/0.15/seed_0/graph.bin,/kaggle/working/gfd-robustness-v4-factorial-r1/graphs/base/yelpchi/r40_s2/graph.bin,ok,
gfd_robustness_benchmark_v4_factorial,yelpchi,r40_s2,0,3,camouflage_feature_oracle,0.15,sage,train_on_variant,0.7448812318400369,0.3858361695842871,0.6436659915697597,0.6565632820129395,3.434384753998529,100,100,0.7479701614229826,roc_auc,max_epochs,45954,8051348,175.2045135498047,175.0,175.2045135498047,175.0,0.2268800139427185,0.1452974677085876,/kaggle/working/gfd-robustness-v4-factorial-r1/graphs/base/yelpchi/r40_s2/graph.bin,/kaggle/working/gfd-robustness-v4-factorial-r1/graphs/variants/yelpchi/r40_s2/camouflage_feature_oracle/0.15/seed_0/graph.bin,/kaggle/working/gfd-robustness-v4-factorial-r1/graphs/variants/yelpchi/r40_s2/camouflage_feature_oracle/0.15/seed_0/graph.bin,ok,
gfd_robustness_benchmark_v4_factorial,yelpchi,r40_s2,0,3,camouflage_feature_oracle,0.15,secgfd,train_clean_eval_all,0.7598400132017025,0.4151621608346842,0.6548179647307202,0.7292185425758362,0.2242974209984822,50,49,0.8013855055464565,roc_auc,max_epochs,45954,8051348,175.2045135498047,175.0,175.2045135498047,175.0,0.2268800139427185,0.1452974677085876,/kaggle/working/gfd-robustness-v4-factorial-r1/graphs/base/yelpchi/r40_s2/graph.bin,/kaggle/working/gfd-robustness-v4-factorial-r1/graphs/variants/yelpchi/r40_s2/camouflage_feature_oracle/0.15/seed_0/graph.bin,/kaggle/working/gfd-robustness-v4-factorial-r1/graphs/base/yelpchi/r40_s2/graph.bin,ok,
gfd_robustness_benchmark_v4_factorial,yelpchi,r40_s2,0,3,camouflage_feature_oracle,0.15,secgfd,train_on_variant,0.7483811931572192,0.3813462066391414,0.6371318027702584,0.6439927220344543,4.827030354001181,50,50,0.7483293877560752,roc_auc,max_epochs,45954,8051348,175.2045135498047,175.0,175.2045135498047,175.0,0.2268800139427185,0.1452974677085876,/kaggle/working/gfd-robustness-v4-factorial-r1/graphs/base/yelpchi/r40_s2/graph.bin,/kaggle/working/gfd-robustness-v4-factorial-r1/graphs/variants/yelpchi/r40_s2/camouflage_feature_oracle/0.15/seed_0/graph.bin,/kaggle/working/gfd-robustness-v4-factorial-r1/graphs/variants/yelpchi/r40_s2/camouflage_feature_oracle/0.15/seed_0/graph.bin,ok,
gfd_robustness_benchmark_v4_factorial,yelpchi,r40_s2,0,4,camouflage_feature_oracle,0.15,mlp,train_clean_eval_all,0.7493974627120504,0.3801734212331676,0.6361923684304265,0.6527314186096191,0.1301270559997647,100,100,0.7886782196983243,roc_auc,max_epochs,45954,8051348,175.2045135498047,175.0,175.2045135498047,175.0,0.2268800139427185,0.1452974677085876,/kaggle/working/gfd-robustness-v4-factorial-r1/graphs/base/yelpchi/r40_s2/graph.bin,/kaggle/working/gfd-robustness-v4-factorial-r1/graphs/variants/yelpchi/r40_s2/camouflage_feature_oracle/0.15/seed_0/graph.bin,/kaggle/working/gfd-robustness-v4-factorial-r1/graphs/base/yelpchi/r40_s2/graph.bin,ok,
gfd_robustness_benchmark_v4_factorial,yelpchi,r40_s2,0,4,camouflage_feature_oracle,0.15,mlp,train_on_variant,0.7469851221691037,0.3765418502396625,0.6383674229856369,0.6393638849258423,1.940419518999988,100,100,0.7506431410132623,roc_auc,max_epochs,45954,8051348,175.2045135498047,175.0,175.2045135498047,175.0,0.2268800139427185,0.1452974677085876,/kaggle/working/gfd-robustness-v4-factorial-r1/graphs/base/yelpchi/r40_s2/graph.bin,/kaggle/working/gfd-robustness-v4-factorial-r1/graphs/variants/yelpchi/r40_s2/camouflage_feature_oracle/0.15/seed_0/graph.bin,/kaggle/working/gfd-robustness-v4-factorial-r1/graphs/variants/yelpchi/r40_s2/camouflage_feature_oracle/0.15/seed_0/graph.bin,ok,
gfd_robustness_benchmark_v4_factorial,yelpchi,r40_s2,0,4,camouflage_feature_oracle,0.15,pmp,train_clean_eval_all,0.8118215143351282,0.5155378400667475,0.6979000921230631,0.3711147308349609,0.4659311160012294,88,78,0.8543143635700441,roc_auc,early_stopping,45954,8051348,175.2045135498047,175.0,175.2045135498047,175.0,0.2268800139427185,0.1452974677085876,/kaggle/working/gfd-robustness-v4-factorial-r1/graphs/base/yelpchi/r40_s2/graph.bin,/kaggle/working/gfd-robustness-v4-factorial-r1/graphs/variants/yelpchi/r40_s2/camouflage_feature_oracle/0.15/seed_0/graph.bin,/kaggle/working/gfd-robustness-v4-factorial-r1/graphs/base/yelpchi/r40_s2/graph.bin,ok,
gfd_robustness_benchmark_v4_factorial,yelpchi,r40_s2,0,4,camouflage_feature_oracle,0.15,pmp,train_on_variant,0.8089796730368184,0.5076810104949722,0.6973937027049789,0.2905823886394501,47.15687327999876,79,69,0.8154460171126003,roc_auc,early_stopping,45954,8051348,175.2045135498047,175.0,175.2045135498047,175.0,0.2268800139427185,0.1452974677085876,/kaggle/working/gfd-robustness-v4-factorial-r1/graphs/base/yelpchi/r40_s2/graph.bin,/kaggle/working/gfd-robustness-v4-factorial-r1/graphs/variants/yelpchi/r40_s2/camouflage_feature_oracle/0.15/seed_0/graph.bin,/kaggle/working/gfd-robustness-v4-factorial-r1/graphs/variants/yelpchi/r40_s2/camouflage_feature_oracle/0.15/seed_0/graph.bin,ok,
gfd_robustness_benchmark_v4_factorial,yelpchi,r40_s2,0,4,camouflage_feature_oracle,0.15,sage,train_clean_eval_all,0.7503502414722489,0.3868795467306107,0.6435677757277656,0.663702666759491,0.2284184440013632,100,100,0.7873061124263036,roc_auc,max_epochs,45954,8051348,175.2045135498047,175.0,175.2045135498047,175.0,0.2268800139427185,0.1452974677085876,/kaggle/working/gfd-robustness-v4-factorial-r1/graphs/base/yelpchi/r40_s2/graph.bin,/kaggle/working/gfd-robustness-v4-factorial-r1/graphs/variants/yelpchi/r40_s2/camouflage_feature_oracle/0.15/seed_0/graph.bin,/kaggle/working/gfd-robustness-v4-factorial-r1/graphs/base/yelpchi/r40_s2/graph.bin,ok,
gfd_robustness_benchmark_v4_factorial,yelpchi,r40_s2,0,4,camouflage_feature_oracle,0.15,sage,train_on_variant,0.7495769900499408,0.3880623080158489,0.6447166384612569,0.6347436308860779,3.395415742001205,100,100,0.7534033762697965,roc_auc,max_epochs,45954,8051348,175.2045135498047,175.0,175.2045135498047,175.0,0.2268800139427185,0.1452974677085876,/kaggle/working/gfd-robustness-v4-factorial-r1/graphs/base/yelpchi/r40_s2/graph.bin,/kaggle/working/gfd-robustness-v4-factorial-r1/graphs/variants/yelpchi/r40_s2/camouflage_feature_oracle/0.15/seed_0/graph.bin,/kaggle/working/gfd-robustness-v4-factorial-r1/graphs/variants/yelpchi/r40_s2/camouflage_feature_oracle/0.15/seed_0/graph.bin,ok,
gfd_robustness_benchmark_v4_factorial,yelpchi,r40_s2,0,4,camouflage_feature_oracle,0.15,secgfd,train_clean_eval_all,0.7485997129658707,0.3801331324851938,0.6387644336711414,0.6979449987411499,0.2565971570002148,50,50,0.7831441601880527,roc_auc,max_epochs,45954,8051348,175.2045135498047,175.0,175.2045135498047,175.0,0.2268800139427185,0.1452974677085876,/kaggle/working/gfd-robustness-v4-factorial-r1/graphs/base/yelpchi/r40_s2/graph.bin,/kaggle/working/gfd-robustness-v4-factorial-r1/graphs/variants/yelpchi/r40_s2/camouflage_feature_oracle/0.15/seed_0/graph.bin,/kaggle/working/gfd-robustness-v4-factorial-r1/graphs/base/yelpchi/r40_s2/graph.bin,ok,
gfd_robustness_benchmark_v4_factorial,yelpchi,r40_s2,0,4,camouflage_feature_oracle,0.15,secgfd,train_on_variant,0.7388724134914997,0.3692106740799257,0.6334241627222532,0.6063825488090515,4.7730126089991245,50,49,0.7381057414705202,roc_auc,max_epochs,45954,8051348,175.2045135498047,175.0,175.2045135498047,175.0,0.2268800139427185,0.1452974677085876,/kaggle/working/gfd-robustness-v4-factorial-r1/graphs/base/yelpchi/r40_s2/graph.bin,/kaggle/working/gfd-robustness-v4-factorial-r1/graphs/variants/yelpchi/r40_s2/camouflage_feature_oracle/0.15/seed_0/graph.bin,/kaggle/working/gfd-robustness-v4-factorial-r1/graphs/variants/yelpchi/r40_s2/camouflage_feature_oracle/0.15/seed_0/graph.bin,ok,
gfd_robustness_benchmark_v4_factorial,yelpchi,r40_s2,1,0,camouflage_feature_oracle,0.15,mlp,train_clean_eval_all,0.7052089772529788,0.2956713495091764,0.6084417846255556,0.5026629567146301,0.196142927999972,17,7,0.738136447836131,roc_auc,early_stopping,45954,8051348,175.2045135498047,175.0,175.2045135498047,175.0,0.2268800139427185,0.1452974677085876,/kaggle/working/gfd-robustness-v4-factorial-r1/graphs/base/yelpchi/r40_s2/graph.bin,/kaggle/working/gfd-robustness-v4-factorial-r1/graphs/variants/yelpchi/r40_s2/camouflage_feature_oracle/0.15/seed_1/graph.bin,/kaggle/working/gfd-robustness-v4-factorial-r1/graphs/base/yelpchi/r40_s2/graph.bin,ok,
gfd_robustness_benchmark_v4_factorial,yelpchi,r40_s2,1,0,camouflage_feature_oracle,0.15,mlp,train_on_variant,0.704106254935394,0.294754005625478,0.6064640612448927,0.5047268867492676,0.5096517799993308,17,7,0.6931137637469394,roc_auc,early_stopping,45954,8051348,175.2045135498047,175.0,175.2045135498047,175.0,0.2268800139427185,0.1452974677085876,/kaggle/working/gfd-robustness-v4-factorial-r1/graphs/base/yelpchi/r40_s2/graph.bin,/kaggle/working/gfd-robustness-v4-factorial-r1/graphs/variants/yelpchi/r40_s2/camouflage_feature_oracle/0.15/seed_1/graph.bin,/kaggle/working/gfd-robustness-v4-factorial-r1/graphs/variants/yelpchi/r40_s2/camouflage_feature_oracle/0.15/seed_1/graph.bin,ok,
gfd_robustness_benchmark_v4_factorial,yelpchi,r40_s2,1,0,camouflage_feature_oracle,0.15,pmp,train_clean_eval_all,0.7927404403895875,0.4821422126212626,0.6856385828735893,0.3942893743515014,0.5031704299999546,71,61,0.8519974633871886,roc_auc,early_stopping,45954,8051348,175.2045135498047,175.0,175.2045135498047,175.0,0.2268800139427185,0.1452974677085876,/kaggle/working/gfd-robustness-v4-factorial-r1/graphs/base/yelpchi/r40_s2/graph.bin,/kaggle/working/gfd-robustness-v4-factorial-r1/graphs/variants/yelpchi/r40_s2/camouflage_feature_oracle/0.15/seed_1/graph.bin,/kaggle/working/gfd-robustness-v4-factorial-r1/graphs/base/yelpchi/r40_s2/graph.bin,ok,
gfd_robustness_benchmark_v4_factorial,yelpchi,r40_s2,1,0,camouflage_feature_oracle,0.15,pmp,train_on_variant,0.8061376530924912,0.5173584032617982,0.6966655569378494,0.2815032303333282,57.62402891700003,98,88,0.8056540718118901,roc_auc,early_stopping,45954,8051348,175.2045135498047,175.0,175.2045135498047,175.0,0.2268800139427185,0.1452974677085876,/kaggle/working/gfd-robustness-v4-factorial-r1/graphs/base/yelpchi/r40_s2/graph.bin,/kaggle/working/gfd-robustness-v4-factorial-r1/graphs/variants/yelpchi/r40_s2/camouflage_feature_oracle/0.15/seed_1/graph.bin,/kaggle/working/gfd-robustness-v4-factorial-r1/graphs/variants/yelpchi/r40_s2/camouflage_feature_oracle/0.15/seed_1/graph.bin,ok,
gfd_robustness_benchmark_v4_factorial,yelpchi,r40_s2,1,0,camouflage_feature_oracle,0.15,sage,train_clean_eval_all,0.7407868080348976,0.3809829368002863,0.6375760000104277,0.648261308670044,0.2291332610002427,100,100,0.7811570196706694,roc_auc,max_epochs,45954,8051348,175.2045135498047,175.0,175.2045135498047,175.0,0.2268800139427185,0.1452974677085876,/kaggle/working/gfd-robustness-v4-factorial-r1/graphs/base/yelpchi/r40_s2/graph.bin,/kaggle/working/gfd-robustness-v4-factorial-r1/graphs/variants/yelpchi/r40_s2/camouflage_feature_oracle/0.15/seed_1/graph.bin,/kaggle/working/gfd-robustness-v4-factorial-r1/graphs/base/yelpchi/r40_s2/graph.bin,ok,
gfd_robustness_benchmark_v4_factorial,yelpchi,r40_s2,1,0,camouflage_feature_oracle,0.15,sage,train_on_variant,0.7315761766627132,0.359508160517643,0.6288505653618183,0.6091404557228088,3.350683910000953,100,100,0.7232460061460412,roc_auc,max_epochs,45954,8051348,175.2045135498047,175.0,175.2045135498047,175.0,0.2268800139427185,0.1452974677085876,/kaggle/working/gfd-robustness-v4-factorial-r1/graphs/base/yelpchi/r40_s2/graph.bin,/kaggle/working/gfd-robustness-v4-factorial-r1/graphs/variants/yelpchi/r40_s2/camouflage_feature_oracle/0.15/seed_1/graph.bin,/kaggle/working/gfd-robustness-v4-factorial-r1/graphs/variants/yelpchi/r40_s2/camouflage_feature_oracle/0.15/seed_1/graph.bin,ok,
gfd_robustness_benchmark_v4_factorial,yelpchi,r40_s2,1,0,camouflage_feature_oracle,0.15,secgfd,train_clean_eval_all,0.7624087404684012,0.4204730680484385,0.6635093609229245,0.7547904253005981,0.3055759149992809,50,50,0.8112726691889752,roc_auc,max_epochs,45954,8051348,175.2045135498047,175.0,175.2045135498047,175.0,0.2268800139427185,0.1452974677085876,/kaggle/working/gfd-robustness-v4-factorial-r1/graphs/base/yelpchi/r40_s2/graph.bin,/kaggle/working/gfd-robustness-v4-factorial-r1/graphs/variants/yelpchi/r40_s2/camouflage_feature_oracle/0.15/seed_1/graph.bin,/kaggle/working/gfd-robustness-v4-factorial-r1/graphs/base/yelpchi/r40_s2/graph.bin,ok,
gfd_robustness_benchmark_v4_factorial,yelpchi,r40_s2,1,0,camouflage_feature_oracle,0.15,secgfd,train_on_variant,0.7771716900656427,0.4303925426114985,0.6716658240484307,0.6861148476600647,4.814175901999988,50,50,0.771947732425493,roc_auc,max_epochs,45954,8051348,175.2045135498047,175.0,175.2045135498047,175.0,0.2268800139427185,0.1452974677085876,/kaggle/working/gfd-robustness-v4-factorial-r1/graphs/base/yelpchi/r40_s2/graph.bin,/kaggle/working/gfd-robustness-v4-factorial-r1/graphs/variants/yelpchi/r40_s2/camouflage_feature_oracle/0.15/seed_1/graph.bin,/kaggle/working/gfd-robustness-v4-factorial-r1/graphs/variants/yelpchi/r40_s2/camouflage_feature_oracle/0.15/seed_1/graph.bin,ok,
gfd_robustness_benchmark_v4_factorial,yelpchi,r40_s2,1,1,camouflage_feature_oracle,0.15,mlp,train_clean_eval_all,0.7431045495566911,0.3719530935109488,0.6338621927594359,0.6965858936309814,0.1879703890008386,100,100,0.7856864946824108,roc_auc,max_epochs,45954,8051348,175.2045135498047,175.0,175.2045135498047,175.0,0.2268800139427185,0.1452974677085876,/kaggle/working/gfd-robustness-v4-factorial-r1/graphs/base/yelpchi/r40_s2/graph.bin,/kaggle/working/gfd-robustness-v4-factorial-r1/graphs/variants/yelpchi/r40_s2/camouflage_feature_oracle/0.15/seed_1/graph.bin,/kaggle/working/gfd-robustness-v4-factorial-r1/graphs/base/yelpchi/r40_s2/graph.bin,ok,
gfd_robustness_benchmark_v4_factorial,yelpchi,r40_s2,1,1,camouflage_feature_oracle,0.15,mlp,train_on_variant,0.7398533945030001,0.3670569948831222,0.6328592011922051,0.6551780104637146,1.9920993089999683,100,100,0.7335170470393866,roc_auc,max_epochs,45954,8051348,175.2045135498047,175.0,175.2045135498047,175.0,0.2268800139427185,0.1452974677085876,/kaggle/working/gfd-robustness-v4-factorial-r1/graphs/base/yelpchi/r40_s2/graph.bin,/kaggle/working/gfd-robustness-v4-factorial-r1/graphs/variants/yelpchi/r40_s2/camouflage_feature_oracle/0.15/seed_1/graph.bin,/kaggle/working/gfd-robustness-v4-factorial-r1/graphs/variants/yelpchi/r40_s2/camouflage_feature_oracle/0.15/seed_1/graph.bin,ok,
gfd_robustness_benchmark_v4_factorial,yelpchi,r40_s2,1,1,camouflage_feature_oracle,0.15,pmp,train_clean_eval_all,0.7955908686064734,0.4966290866299154,0.6879702436688966,0.3003063797950744,0.5040502700012439,82,72,0.8499563006458349,roc_auc,early_stopping,45954,8051348,175.2045135498047,175.0,175.2045135498047,175.0,0.2268800139427185,0.1452974677085876,/kaggle/working/gfd-robustness-v4-factorial-r1/graphs/base/yelpchi/r40_s2/graph.bin,/kaggle/working/gfd-robustness-v4-factorial-r1/graphs/variants/yelpchi/r40_s2/camouflage_feature_oracle/0.15/seed_1/graph.bin,/kaggle/working/gfd-robustness-v4-factorial-r1/graphs/base/yelpchi/r40_s2/graph.bin,ok,
gfd_robustness_benchmark_v4_factorial,yelpchi,r40_s2,1,1,camouflage_feature_oracle,0.15,pmp,train_on_variant,0.7976759415550264,0.5061218542151569,0.6985729936435721,0.2617578506469726,43.69003866799903,74,64,0.7971785427350122,roc_auc,early_stopping,45954,8051348,175.2045135498047,175.0,175.2045135498047,175.0,0.2268800139427185,0.1452974677085876,/kaggle/working/gfd-robustness-v4-factorial-r1/graphs/base/yelpchi/r40_s2/graph.bin,/kaggle/working/gfd-robustness-v4-factorial-r1/graphs/variants/yelpchi/r40_s2/camouflage_feature_oracle/0.15/seed_1/graph.bin,/kaggle/working/gfd-robustness-v4-factorial-r1/graphs/variants/yelpchi/r40_s2/camouflage_feature_oracle/0.15/seed_1/graph.bin,ok,
gfd_robustness_benchmark_v4_factorial,yelpchi,r40_s2,1,1,camouflage_feature_oracle,0.15,sage,train_clean_eval_all,0.5980801293606778,0.1863741480253337,0.5361718947651787,0.2710321545600891,0.2203257929995743,23,13,0.6158413377294931,roc_auc,early_stopping,45954,8051348,175.2045135498047,175.0,175.2045135498047,175.0,0.2268800139427185,0.1452974677085876,/kaggle/working/gfd-robustness-v4-factorial-r1/graphs/base/yelpchi/r40_s2/graph.bin,/kaggle/working/gfd-robustness-v4-factorial-r1/graphs/variants/yelpchi/r40_s2/camouflage_feature_oracle/0.15/seed_1/graph.bin,/kaggle/working/gfd-robustness-v4-factorial-r1/graphs/base/yelpchi/r40_s2/graph.bin,ok,
gfd_robustness_benchmark_v4_factorial,yelpchi,r40_s2,1,1,camouflage_feature_oracle,0.15,sage,train_on_variant,0.588540741677287,0.1803887297364834,0.5320404065690674,0.2642236053943634,0.9886739109988412,23,13,0.5863039119623704,roc_auc,early_stopping,45954,8051348,175.2045135498047,175.0,175.2045135498047,175.0,0.2268800139427185,0.1452974677085876,/kaggle/working/gfd-robustness-v4-factorial-r1/graphs/base/yelpchi/r40_s2/graph.bin,/kaggle/working/gfd-robustness-v4-factorial-r1/graphs/variants/yelpchi/r40_s2/camouflage_feature_oracle/0.15/seed_1/graph.bin,/kaggle/working/gfd-robustness-v4-factorial-r1/graphs/variants/yelpchi/r40_s2/camouflage_feature_oracle/0.15/seed_1/graph.bin,ok,
gfd_robustness_benchmark_v4_factorial,yelpchi,r40_s2,1,1,camouflage_feature_oracle,0.15,secgfd,train_clean_eval_all,0.7464485409908289,0.385183410662241,0.639607021781831,0.7049526572227478,0.2738439130007464,50,49,0.789748460509659,roc_auc,max_epochs,45954,8051348,175.2045135498047,175.0,175.2045135498047,175.0,0.2268800139427185,0.1452974677085876,/kaggle/working/gfd-robustness-v4-factorial-r1/graphs/base/yelpchi/r40_s2/graph.bin,/kaggle/working/gfd-robustness-v4-factorial-r1/graphs/variants/yelpchi/r40_s2/camouflage_feature_oracle/0.15/seed_1/graph.bin,/kaggle/working/gfd-robustness-v4-factorial-r1/graphs/base/yelpchi/r40_s2/graph.bin,ok,
gfd_robustness_benchmark_v4_factorial,yelpchi,r40_s2,1,1,camouflage_feature_oracle,0.15,secgfd,train_on_variant,0.7410031483621352,0.3825987066688599,0.6393419564758818,0.732688307762146,4.917015181999886,50,49,0.7369362294585619,roc_auc,max_epochs,45954,8051348,175.2045135498047,175.0,175.2045135498047,175.0,0.2268800139427185,0.1452974677085876,/kaggle/working/gfd-robustness-v4-factorial-r1/graphs/base/yelpchi/r40_s2/graph.bin,/kaggle/working/gfd-robustness-v4-factorial-r1/graphs/variants/yelpchi/r40_s2/camouflage_feature_oracle/0.15/seed_1/graph.bin,/kaggle/working/gfd-robustness-v4-factorial-r1/graphs/variants/yelpchi/r40_s2/camouflage_feature_oracle/0.15/seed_1/graph.bin,ok,
gfd_robustness_benchmark_v4_factorial,yelpchi,r40_s2,1,2,camouflage_feature_oracle,0.15,mlp,train_clean_eval_all,0.74514818853891,0.3763109309976863,0.638350287240415,0.6869957447052002,0.1776121219991182,100,100,0.7910127617371984,roc_auc,max_epochs,45954,8051348,175.2045135498047,175.0,175.2045135498047,175.0,0.2268800139427185,0.1452974677085876,/kaggle/working/gfd-robustness-v4-factorial-r1/graphs/base/yelpchi/r40_s2/graph.bin,/kaggle/working/gfd-robustness-v4-factorial-r1/graphs/variants/yelpchi/r40_s2/camouflage_feature_oracle/0.15/seed_1/graph.bin,/kaggle/working/gfd-robustness-v4-factorial-r1/graphs/base/yelpchi/r40_s2/graph.bin,ok,
gfd_robustness_benchmark_v4_factorial,yelpchi,r40_s2,1,2,camouflage_feature_oracle,0.15,mlp,train_on_variant,0.7419609411205593,0.3708689343627354,0.63568870232609,0.6645383834838867,2.047191524001392,100,100,0.7370328782211287,roc_auc,max_epochs,45954,8051348,175.2045135498047,175.0,175.2045135498047,175.0,0.2268800139427185,0.1452974677085876,/kaggle/working/gfd-robustness-v4-factorial-r1/graphs/base/yelpchi/r40_s2/graph.bin,/kaggle/working/gfd-robustness-v4-factorial-r1/graphs/variants/yelpchi/r40_s2/camouflage_feature_oracle/0.15/seed_1/graph.bin,/kaggle/working/gfd-robustness-v4-factorial-r1/graphs/variants/yelpchi/r40_s2/camouflage_feature_oracle/0.15/seed_1/graph.bin,ok,
gfd_robustness_benchmark_v4_factorial,yelpchi,r40_s2,1,2,camouflage_feature_oracle,0.15,pmp,train_clean_eval_all,0.7929570427309841,0.4904224856689861,0.6871457129548898,0.3158973157405853,0.4732858459992712,67,57,0.8516228361905988,roc_auc,early_stopping,45954,8051348,175.2045135498047,175.0,175.2045135498047,175.0,0.2268800139427185,0.1452974677085876,/kaggle/working/gfd-robustness-v4-factorial-r1/graphs/base/yelpchi/r40_s2/graph.bin,/kaggle/working/gfd-robustness-v4-factorial-r1/graphs/variants/yelpchi/r40_s2/camouflage_feature_oracle/0.15/seed_1/graph.bin,/kaggle/working/gfd-robustness-v4-factorial-r1/graphs/base/yelpchi/r40_s2/graph.bin,ok,
gfd_robustness_benchmark_v4_factorial,yelpchi,r40_s2,1,2,camouflage_feature_oracle,0.15,pmp,train_on_variant,0.7915901625021342,0.4817993122381178,0.6898412290043097,0.2987581789493561,39.78366857800029,67,57,0.7951643672652977,roc_auc,early_stopping,45954,8051348,175.2045135498047,175.0,175.2045135498047,175.0,0.2268800139427185,0.1452974677085876,/kaggle/working/gfd-robustness-v4-factorial-r1/graphs/base/yelpchi/r40_s2/graph.bin,/kaggle/working/gfd-robustness-v4-factorial-r1/graphs/variants/yelpchi/r40_s2/camouflage_feature_oracle/0.15/seed_1/graph.bin,/kaggle/working/gfd-robustness-v4-factorial-r1/graphs/variants/yelpchi/r40_s2/camouflage_feature_oracle/0.15/seed_1/graph.bin,ok,
gfd_robustness_benchmark_v4_factorial,yelpchi,r40_s2,1,2,camouflage_feature_oracle,0.15,sage,train_clean_eval_all,0.7484101814509982,0.389255777299072,0.6430085259774294,0.6848011612892151,0.2328911740005423,100,99,0.791447800370479,roc_auc,max_epochs,45954,8051348,175.2045135498047,175.0,175.2045135498047,175.0,0.2268800139427185,0.1452974677085876,/kaggle/working/gfd-robustness-v4-factorial-r1/graphs/base/yelpchi/r40_s2/graph.bin,/kaggle/working/gfd-robustness-v4-factorial-r1/graphs/variants/yelpchi/r40_s2/camouflage_feature_oracle/0.15/seed_1/graph.bin,/kaggle/working/gfd-robustness-v4-factorial-r1/graphs/base/yelpchi/r40_s2/graph.bin,ok,
gfd_robustness_benchmark_v4_factorial,yelpchi,r40_s2,1,2,camouflage_feature_oracle,0.15,sage,train_on_variant,0.745558871913759,0.3859299873779207,0.6408284695295712,0.6269714832305908,3.380458470999656,100,97,0.7363750277144022,roc_auc,max_epochs,45954,8051348,175.2045135498047,175.0,175.2045135498047,175.0,0.2268800139427185,0.1452974677085876,/kaggle/working/gfd-robustness-v4-factorial-r1/graphs/base/yelpchi/r40_s2/graph.bin,/kaggle/working/gfd-robustness-v4-factorial-r1/graphs/variants/yelpchi/r40_s2/camouflage_feature_oracle/0.15/seed_1/graph.bin,/kaggle/working/gfd-robustness-v4-factorial-r1/graphs/variants/yelpchi/r40_s2/camouflage_feature_oracle/0.15/seed_1/graph.bin,ok,
gfd_robustness_benchmark_v4_factorial,yelpchi,r40_s2,1,2,camouflage_feature_oracle,0.15,secgfd,train_clean_eval_all,0.7586410959585411,0.4293247477057269,0.6588151867576484,0.6936580538749695,0.2884003330000269,50,50,0.8116419561480677,roc_auc,max_epochs,45954,8051348,175.2045135498047,175.0,175.2045135498047,175.0,0.2268800139427185,0.1452974677085876,/kaggle/working/gfd-robustness-v4-factorial-r1/graphs/base/yelpchi/r40_s2/graph.bin,/kaggle/working/gfd-robustness-v4-factorial-r1/graphs/variants/yelpchi/r40_s2/camouflage_feature_oracle/0.15/seed_1/graph.bin,/kaggle/working/gfd-robustness-v4-factorial-r1/graphs/base/yelpchi/r40_s2/graph.bin,ok,
gfd_robustness_benchmark_v4_factorial,yelpchi,r40_s2,1,2,camouflage_feature_oracle,0.15,secgfd,train_on_variant,0.761380311074643,0.4274387484817759,0.663119401513458,0.7566689848899841,4.76506168800006,50,47,0.7608694097368741,roc_auc,max_epochs,45954,8051348,175.2045135498047,175.0,175.2045135498047,175.0,0.2268800139427185,0.1452974677085876,/kaggle/working/gfd-robustness-v4-factorial-r1/graphs/base/yelpchi/r40_s2/graph.bin,/kaggle/working/gfd-robustness-v4-factorial-r1/graphs/variants/yelpchi/r40_s2/camouflage_feature_oracle/0.15/seed_1/graph.bin,/kaggle/working/gfd-robustness-v4-factorial-r1/graphs/variants/yelpchi/r40_s2/camouflage_feature_oracle/0.15/seed_1/graph.bin,ok,
gfd_robustness_benchmark_v4_factorial,yelpchi,r40_s2,1,3,camouflage_feature_oracle,0.15,mlp,train_clean_eval_all,0.741834840851647,0.3684154268875264,0.6354607024790924,0.6923589110374451,0.1843202920008479,100,100,0.787128406487435,roc_auc,max_epochs,45954,8051348,175.2045135498047,175.0,175.2045135498047,175.0,0.2268800139427185,0.1452974677085876,/kaggle/working/gfd-robustness-v4-factorial-r1/graphs/base/yelpchi/r40_s2/graph.bin,/kaggle/working/gfd-robustness-v4-factorial-r1/graphs/variants/yelpchi/r40_s2/camouflage_feature_oracle/0.15/seed_1/graph.bin,/kaggle/working/gfd-robustness-v4-factorial-r1/graphs/base/yelpchi/r40_s2/graph.bin,ok,
gfd_robustness_benchmark_v4_factorial,yelpchi,r40_s2,1,3,camouflage_feature_oracle,0.15,mlp,train_on_variant,0.7367121782085015,0.362249818681517,0.6311852209470148,0.6268567442893982,1.8705776450005944,100,100,0.7317802778353919,roc_auc,max_epochs,45954,8051348,175.2045135498047,175.0,175.2045135498047,175.0,0.2268800139427185,0.1452974677085876,/kaggle/working/gfd-robustness-v4-factorial-r1/graphs/base/yelpchi/r40_s2/graph.bin,/kaggle/working/gfd-robustness-v4-factorial-r1/graphs/variants/yelpchi/r40_s2/camouflage_feature_oracle/0.15/seed_1/graph.bin,/kaggle/working/gfd-robustness-v4-factorial-r1/graphs/variants/yelpchi/r40_s2/camouflage_feature_oracle/0.15/seed_1/graph.bin,ok,
gfd_robustness_benchmark_v4_factorial,yelpchi,r40_s2,1,3,camouflage_feature_oracle,0.15,pmp,train_clean_eval_all,0.7930500696671829,0.4925960374460552,0.6862653058641752,0.3407284319400787,0.4687353209992579,81,71,0.8504771645246115,roc_auc,early_stopping,45954,8051348,175.2045135498047,175.0,175.2045135498047,175.0,0.2268800139427185,0.1452974677085876,/kaggle/working/gfd-robustness-v4-factorial-r1/graphs/base/yelpchi/r40_s2/graph.bin,/kaggle/working/gfd-robustness-v4-factorial-r1/graphs/variants/yelpchi/r40_s2/camouflage_feature_oracle/0.15/seed_1/graph.bin,/kaggle/working/gfd-robustness-v4-factorial-r1/graphs/base/yelpchi/r40_s2/graph.bin,ok,
gfd_robustness_benchmark_v4_factorial,yelpchi,r40_s2,1,3,camouflage_feature_oracle,0.15,pmp,train_on_variant,0.7946910047966694,0.4896869456127967,0.6887358873286062,0.3090071976184845,47.149615119999,81,71,0.796375170756478,roc_auc,early_stopping,45954,8051348,175.2045135498047,175.0,175.2045135498047,175.0,0.2268800139427185,0.1452974677085876,/kaggle/working/gfd-robustness-v4-factorial-r1/graphs/base/yelpchi/r40_s2/graph.bin,/kaggle/working/gfd-robustness-v4-factorial-r1/graphs/variants/yelpchi/r40_s2/camouflage_feature_oracle/0.15/seed_1/graph.bin,/kaggle/working/gfd-robustness-v4-factorial-r1/graphs/variants/yelpchi/r40_s2/camouflage_feature_oracle/0.15/seed_1/graph.bin,ok,
gfd_robustness_benchmark_v4_factorial,yelpchi,r40_s2,1,3,camouflage_feature_oracle,0.15,sage,train_clean_eval_all,0.7397748259844872,0.3772069943827873,0.6383980004110642,0.678734302520752,0.2214348600009543,100,100,0.781263013848857,roc_auc,max_epochs,45954,8051348,175.2045135498047,175.0,175.2045135498047,175.0,0.2268800139427185,0.1452974677085876,/kaggle/working/gfd-robustness-v4-factorial-r1/graphs/base/yelpchi/r40_s2/graph.bin,/kaggle/working/gfd-robustness-v4-factorial-r1/graphs/variants/yelpchi/r40_s2/camouflage_feature_oracle/0.15/seed_1/graph.bin,/kaggle/working/gfd-robustness-v4-factorial-r1/graphs/base/yelpchi/r40_s2/graph.bin,ok,
gfd_robustness_benchmark_v4_factorial,yelpchi,r40_s2,1,3,camouflage_feature_oracle,0.15,sage,train_on_variant,0.741110347882392,0.3801925145451238,0.6382259476203124,0.6366985440254211,3.167495315999986,100,100,0.7319550752520521,roc_auc,max_epochs,45954,8051348,175.2045135498047,175.0,175.2045135498047,175.0,0.2268800139427185,0.1452974677085876,/kaggle/working/gfd-robustness-v4-factorial-r1/graphs/base/yelpchi/r40_s2/graph.bin,/kaggle/working/gfd-robustness-v4-factorial-r1/graphs/variants/yelpchi/r40_s2/camouflage_feature_oracle/0.15/seed_1/graph.bin,/kaggle/working/gfd-robustness-v4-factorial-r1/graphs/variants/yelpchi/r40_s2/camouflage_feature_oracle/0.15/seed_1/graph.bin,ok,
gfd_robustness_benchmark_v4_factorial,yelpchi,r40_s2,1,3,camouflage_feature_oracle,0.15,secgfd,train_clean_eval_all,0.754556199941004,0.4126321974927334,0.6555639336141789,0.7292185425758362,0.2245499540003948,50,49,0.8013855055464565,roc_auc,max_epochs,45954,8051348,175.2045135498047,175.0,175.2045135498047,175.0,0.2268800139427185,0.1452974677085876,/kaggle/working/gfd-robustness-v4-factorial-r1/graphs/base/yelpchi/r40_s2/graph.bin,/kaggle/working/gfd-robustness-v4-factorial-r1/graphs/variants/yelpchi/r40_s2/camouflage_feature_oracle/0.15/seed_1/graph.bin,/kaggle/working/gfd-robustness-v4-factorial-r1/graphs/base/yelpchi/r40_s2/graph.bin,ok,
gfd_robustness_benchmark_v4_factorial,yelpchi,r40_s2,1,3,camouflage_feature_oracle,0.15,secgfd,train_on_variant,0.7507311028719038,0.395302199644216,0.6514780547294018,0.7314915060997009,4.860806545000742,50,50,0.7467402856550254,roc_auc,max_epochs,45954,8051348,175.2045135498047,175.0,175.2045135498047,175.0,0.2268800139427185,0.1452974677085876,/kaggle/working/gfd-robustness-v4-factorial-r1/graphs/base/yelpchi/r40_s2/graph.bin,/kaggle/working/gfd-robustness-v4-factorial-r1/graphs/variants/yelpchi/r40_s2/camouflage_feature_oracle/0.15/seed_1/graph.bin,/kaggle/working/gfd-robustness-v4-factorial-r1/graphs/variants/yelpchi/r40_s2/camouflage_feature_oracle/0.15/seed_1/graph.bin,ok,
gfd_robustness_benchmark_v4_factorial,yelpchi,r40_s2,1,4,camouflage_feature_oracle,0.15,mlp,train_clean_eval_all,0.7446412745092809,0.37774194162024,0.6369634371546369,0.6527314186096191,0.1670141029990191,100,100,0.7886782196983243,roc_auc,max_epochs,45954,8051348,175.2045135498047,175.0,175.2045135498047,175.0,0.2268800139427185,0.1452974677085876,/kaggle/working/gfd-robustness-v4-factorial-r1/graphs/base/yelpchi/r40_s2/graph.bin,/kaggle/working/gfd-robustness-v4-factorial-r1/graphs/variants/yelpchi/r40_s2/camouflage_feature_oracle/0.15/seed_1/graph.bin,/kaggle/working/gfd-robustness-v4-factorial-r1/graphs/base/yelpchi/r40_s2/graph.bin,ok,
gfd_robustness_benchmark_v4_factorial,yelpchi,r40_s2,1,4,camouflage_feature_oracle,0.15,mlp,train_on_variant,0.7403293194034538,0.3709650003676444,0.6345248712587788,0.6390942335128784,1.6933967859986296,100,100,0.7339131305473505,roc_auc,max_epochs,45954,8051348,175.2045135498047,175.0,175.2045135498047,175.0,0.2268800139427185,0.1452974677085876,/kaggle/working/gfd-robustness-v4-factorial-r1/graphs/base/yelpchi/r40_s2/graph.bin,/kaggle/working/gfd-robustness-v4-factorial-r1/graphs/variants/yelpchi/r40_s2/camouflage_feature_oracle/0.15/seed_1/graph.bin,/kaggle/working/gfd-robustness-v4-factorial-r1/graphs/variants/yelpchi/r40_s2/camouflage_feature_oracle/0.15/seed_1/graph.bin,ok,
gfd_robustness_benchmark_v4_factorial,yelpchi,r40_s2,1,4,camouflage_feature_oracle,0.15,pmp,train_clean_eval_all,0.8021851933226216,0.5064343110954652,0.6929497851799682,0.3711147308349609,0.461393710998891,88,78,0.8543143635700441,roc_auc,early_stopping,45954,8051348,175.2045135498047,175.0,175.2045135498047,175.0,0.2268800139427185,0.1452974677085876,/kaggle/working/gfd-robustness-v4-factorial-r1/graphs/base/yelpchi/r40_s2/graph.bin,/kaggle/working/gfd-robustness-v4-factorial-r1/graphs/variants/yelpchi/r40_s2/camouflage_feature_oracle/0.15/seed_1/graph.bin,/kaggle/working/gfd-robustness-v4-factorial-r1/graphs/base/yelpchi/r40_s2/graph.bin,ok,
gfd_robustness_benchmark_v4_factorial,yelpchi,r40_s2,1,4,camouflage_feature_oracle,0.15,pmp,train_on_variant,0.8014346418542752,0.5001679712593795,0.6988279759088837,0.2834527790546417,56.91486307500054,99,89,0.8064768021513529,roc_auc,early_stopping,45954,8051348,175.2045135498047,175.0,175.2045135498047,175.0,0.2268800139427185,0.1452974677085876,/kaggle/working/gfd-robustness-v4-factorial-r1/graphs/base/yelpchi/r40_s2/graph.bin,/kaggle/working/gfd-robustness-v4-factorial-r1/graphs/variants/yelpchi/r40_s2/camouflage_feature_oracle/0.15/seed_1/graph.bin,/kaggle/working/gfd-robustness-v4-factorial-r1/graphs/variants/yelpchi/r40_s2/camouflage_feature_oracle/0.15/seed_1/graph.bin,ok,
gfd_robustness_benchmark_v4_factorial,yelpchi,r40_s2,1,4,camouflage_feature_oracle,0.15,sage,train_clean_eval_all,0.7452233746928242,0.3827715219763783,0.6416057403790856,0.663702666759491,0.2217328899987478,100,100,0.7873061124263036,roc_auc,max_epochs,45954,8051348,175.2045135498047,175.0,175.2045135498047,175.0,0.2268800139427185,0.1452974677085876,/kaggle/working/gfd-robustness-v4-factorial-r1/graphs/base/yelpchi/r40_s2/graph.bin,/kaggle/working/gfd-robustness-v4-factorial-r1/graphs/variants/yelpchi/r40_s2/camouflage_feature_oracle/0.15/seed_1/graph.bin,/kaggle/working/gfd-robustness-v4-factorial-r1/graphs/base/yelpchi/r40_s2/graph.bin,ok,
gfd_robustness_benchmark_v4_factorial,yelpchi,r40_s2,1,4,camouflage_feature_oracle,0.15,sage,train_on_variant,0.7393744564397173,0.3739579792385862,0.6370935688882584,0.6230491399765015,3.2882454579994373,100,100,0.7341137708990433,roc_auc,max_epochs,45954,8051348,175.2045135498047,175.0,175.2045135498047,175.0,0.2268800139427185,0.1452974677085876,/kaggle/working/gfd-robustness-v4-factorial-r1/graphs/base/yelpchi/r40_s2/graph.bin,/kaggle/working/gfd-robustness-v4-factorial-r1/graphs/variants/yelpchi/r40_s2/camouflage_feature_oracle/0.15/seed_1/graph.bin,/kaggle/working/gfd-robustness-v4-factorial-r1/graphs/variants/yelpchi/r40_s2/camouflage_feature_oracle/0.15/seed_1/graph.bin,ok,
gfd_robustness_benchmark_v4_factorial,yelpchi,r40_s2,1,4,camouflage_feature_oracle,0.15,secgfd,train_clean_eval_all,0.7408812522295023,0.3746029074720299,0.6364420317296768,0.6979449987411499,0.2420319220000237,50,50,0.7831441601880527,roc_auc,max_epochs,45954,8051348,175.2045135498047,175.0,175.2045135498047,175.0,0.2268800139427185,0.1452974677085876,/kaggle/working/gfd-robustness-v4-factorial-r1/graphs/base/yelpchi/r40_s2/graph.bin,/kaggle/working/gfd-robustness-v4-factorial-r1/graphs/variants/yelpchi/r40_s2/camouflage_feature_oracle/0.15/seed_1/graph.bin,/kaggle/working/gfd-robustness-v4-factorial-r1/graphs/base/yelpchi/r40_s2/graph.bin,ok,
gfd_robustness_benchmark_v4_factorial,yelpchi,r40_s2,1,4,camouflage_feature_oracle,0.15,secgfd,train_on_variant,0.7401876888407503,0.3773938098276307,0.6387275467468992,0.6629148721694946,4.872054637000474,50,49,0.732678534390891,roc_auc,max_epochs,45954,8051348,175.2045135498047,175.0,175.2045135498047,175.0,0.2268800139427185,0.1452974677085876,/kaggle/working/gfd-robustness-v4-factorial-r1/graphs/base/yelpchi/r40_s2/graph.bin,/kaggle/working/gfd-robustness-v4-factorial-r1/graphs/variants/yelpchi/r40_s2/camouflage_feature_oracle/0.15/seed_1/graph.bin,/kaggle/working/gfd-robustness-v4-factorial-r1/graphs/variants/yelpchi/r40_s2/camouflage_feature_oracle/0.15/seed_1/graph.bin,ok,
gfd_robustness_benchmark_v4_factorial,yelpchi,r40_s2,0,0,camouflage_feature_oracle,0.3,mlp,train_clean_eval_all,0.6706293132294474,0.2675205244531712,0.5895606748493389,0.5026629567146301,0.1940194230010092,17,7,0.738136447836131,roc_auc,early_stopping,45954,8051348,175.2045135498047,175.0,175.2045135498047,175.0,0.2268800139427185,0.1452974677085876,/kaggle/working/gfd-robustness-v4-factorial-r1/graphs/base/yelpchi/r40_s2/graph.bin,/kaggle/working/gfd-robustness-v4-factorial-r1/graphs/variants/yelpchi/r40_s2/camouflage_feature_oracle/0.30/seed_0/graph.bin,/kaggle/working/gfd-robustness-v4-factorial-r1/graphs/base/yelpchi/r40_s2/graph.bin,ok,
gfd_robustness_benchmark_v4_factorial,yelpchi,r40_s2,0,0,camouflage_feature_oracle,0.3,mlp,train_on_variant,0.6682674342315877,0.2661911632640263,0.5906197758067552,0.5195327997207642,0.438475090000793,19,9,0.6685825722302882,roc_auc,early_stopping,45954,8051348,175.2045135498047,175.0,175.2045135498047,175.0,0.2268800139427185,0.1452974677085876,/kaggle/working/gfd-robustness-v4-factorial-r1/graphs/base/yelpchi/r40_s2/graph.bin,/kaggle/working/gfd-robustness-v4-factorial-r1/graphs/variants/yelpchi/r40_s2/camouflage_feature_oracle/0.30/seed_0/graph.bin,/kaggle/working/gfd-robustness-v4-factorial-r1/graphs/variants/yelpchi/r40_s2/camouflage_feature_oracle/0.30/seed_0/graph.bin,ok,
gfd_robustness_benchmark_v4_factorial,yelpchi,r40_s2,0,0,camouflage_feature_oracle,0.3,pmp,train_clean_eval_all,0.758865927926479,0.4320301561846376,0.6617073386321848,0.3942893743515014,0.4881017509997036,71,61,0.8519974633871886,roc_auc,early_stopping,45954,8051348,175.2045135498047,175.0,175.2045135498047,175.0,0.2268800139427185,0.1452974677085876,/kaggle/working/gfd-robustness-v4-factorial-r1/graphs/base/yelpchi/r40_s2/graph.bin,/kaggle/working/gfd-robustness-v4-factorial-r1/graphs/variants/yelpchi/r40_s2/camouflage_feature_oracle/0.30/seed_0/graph.bin,/kaggle/working/gfd-robustness-v4-factorial-r1/graphs/base/yelpchi/r40_s2/graph.bin,ok,
gfd_robustness_benchmark_v4_factorial,yelpchi,r40_s2,0,0,camouflage_feature_oracle,0.3,pmp,train_on_variant,0.7765698316325598,0.4574981477040161,0.6730763286799596,0.2892549633979797,57.5718787450005,100,99,0.7759823772162582,roc_auc,max_epochs,45954,8051348,175.2045135498047,175.0,175.2045135498047,175.0,0.2268800139427185,0.1452974677085876,/kaggle/working/gfd-robustness-v4-factorial-r1/graphs/base/yelpchi/r40_s2/graph.bin,/kaggle/working/gfd-robustness-v4-factorial-r1/graphs/variants/yelpchi/r40_s2/camouflage_feature_oracle/0.30/seed_0/graph.bin,/kaggle/working/gfd-robustness-v4-factorial-r1/graphs/variants/yelpchi/r40_s2/camouflage_feature_oracle/0.30/seed_0/graph.bin,ok,
gfd_robustness_benchmark_v4_factorial,yelpchi,r40_s2,0,0,camouflage_feature_oracle,0.3,sage,train_clean_eval_all,0.7036952023587754,0.3398518210520528,0.6192019556249784,0.648261308670044,0.1785166669997124,100,100,0.7811570196706694,roc_auc,max_epochs,45954,8051348,175.2045135498047,175.0,175.2045135498047,175.0,0.2268800139427185,0.1452974677085876,/kaggle/working/gfd-robustness-v4-factorial-r1/graphs/base/yelpchi/r40_s2/graph.bin,/kaggle/working/gfd-robustness-v4-factorial-r1/graphs/variants/yelpchi/r40_s2/camouflage_feature_oracle/0.30/seed_0/graph.bin,/kaggle/working/gfd-robustness-v4-factorial-r1/graphs/base/yelpchi/r40_s2/graph.bin,ok,
gfd_robustness_benchmark_v4_factorial,yelpchi,r40_s2,0,0,camouflage_feature_oracle,0.3,sage,train_on_variant,0.7001871424221313,0.3306786325457978,0.6144302679358101,0.6347123980522156,3.194834906000324,100,98,0.697780892916318,roc_auc,max_epochs,45954,8051348,175.2045135498047,175.0,175.2045135498047,175.0,0.2268800139427185,0.1452974677085876,/kaggle/working/gfd-robustness-v4-factorial-r1/graphs/base/yelpchi/r40_s2/graph.bin,/kaggle/working/gfd-robustness-v4-factorial-r1/graphs/variants/yelpchi/r40_s2/camouflage_feature_oracle/0.30/seed_0/graph.bin,/kaggle/working/gfd-robustness-v4-factorial-r1/graphs/variants/yelpchi/r40_s2/camouflage_feature_oracle/0.30/seed_0/graph.bin,ok,
gfd_robustness_benchmark_v4_factorial,yelpchi,r40_s2,0,0,camouflage_feature_oracle,0.3,secgfd,train_clean_eval_all,0.7258019919936095,0.3782274621362215,0.641200146458772,0.7547904253005981,0.2986882479999622,50,50,0.8112726691889752,roc_auc,max_epochs,45954,8051348,175.2045135498047,175.0,175.2045135498047,175.0,0.2268800139427185,0.1452974677085876,/kaggle/working/gfd-robustness-v4-factorial-r1/graphs/base/yelpchi/r40_s2/graph.bin,/kaggle/working/gfd-robustness-v4-factorial-r1/graphs/variants/yelpchi/r40_s2/camouflage_feature_oracle/0.30/seed_0/graph.bin,/kaggle/working/gfd-robustness-v4-factorial-r1/graphs/base/yelpchi/r40_s2/graph.bin,ok,
gfd_robustness_benchmark_v4_factorial,yelpchi,r40_s2,0,0,camouflage_feature_oracle,0.3,secgfd,train_on_variant,0.7622526276685427,0.4223937386897854,0.660315620260364,0.6773586869239807,4.893768199999613,50,50,0.7633715017272331,roc_auc,max_epochs,45954,8051348,175.2045135498047,175.0,175.2045135498047,175.0,0.2268800139427185,0.1452974677085876,/kaggle/working/gfd-robustness-v4-factorial-r1/graphs/base/yelpchi/r40_s2/graph.bin,/kaggle/working/gfd-robustness-v4-factorial-r1/graphs/variants/yelpchi/r40_s2/camouflage_feature_oracle/0.30/seed_0/graph.bin,/kaggle/working/gfd-robustness-v4-factorial-r1/graphs/variants/yelpchi/r40_s2/camouflage_feature_oracle/0.30/seed_0/graph.bin,ok,
gfd_robustness_benchmark_v4_factorial,yelpchi,r40_s2,0,1,camouflage_feature_oracle,0.3,mlp,train_clean_eval_all,0.7057920183055477,0.3348392941709228,0.6151120596429862,0.6965858936309814,0.1726687459995446,100,100,0.7856864946824108,roc_auc,max_epochs,45954,8051348,175.2045135498047,175.0,175.2045135498047,175.0,0.2268800139427185,0.1452974677085876,/kaggle/working/gfd-robustness-v4-factorial-r1/graphs/base/yelpchi/r40_s2/graph.bin,/kaggle/working/gfd-robustness-v4-factorial-r1/graphs/variants/yelpchi/r40_s2/camouflage_feature_oracle/0.30/seed_0/graph.bin,/kaggle/working/gfd-robustness-v4-factorial-r1/graphs/base/yelpchi/r40_s2/graph.bin,ok,
gfd_robustness_benchmark_v4_factorial,yelpchi,r40_s2,0,1,camouflage_feature_oracle,0.3,mlp,train_on_variant,0.7015618592562838,0.3274988388063808,0.616404127631085,0.6118870377540588,1.893148088000089,100,100,0.6985907494689563,roc_auc,max_epochs,45954,8051348,175.2045135498047,175.0,175.2045135498047,175.0,0.2268800139427185,0.1452974677085876,/kaggle/working/gfd-robustness-v4-factorial-r1/graphs/base/yelpchi/r40_s2/graph.bin,/kaggle/working/gfd-robustness-v4-factorial-r1/graphs/variants/yelpchi/r40_s2/camouflage_feature_oracle/0.30/seed_0/graph.bin,/kaggle/working/gfd-robustness-v4-factorial-r1/graphs/variants/yelpchi/r40_s2/camouflage_feature_oracle/0.30/seed_0/graph.bin,ok,
gfd_robustness_benchmark_v4_factorial,yelpchi,r40_s2,0,1,camouflage_feature_oracle,0.3,pmp,train_clean_eval_all,0.7584521718401283,0.4430499637559407,0.6697973134046242,0.3003063797950744,0.5382104309992428,82,72,0.8499563006458349,roc_auc,early_stopping,45954,8051348,175.2045135498047,175.0,175.2045135498047,175.0,0.2268800139427185,0.1452974677085876,/kaggle/working/gfd-robustness-v4-factorial-r1/graphs/base/yelpchi/r40_s2/graph.bin,/kaggle/working/gfd-robustness-v4-factorial-r1/graphs/variants/yelpchi/r40_s2/camouflage_feature_oracle/0.30/seed_0/graph.bin,/kaggle/working/gfd-robustness-v4-factorial-r1/graphs/base/yelpchi/r40_s2/graph.bin,ok,
gfd_robustness_benchmark_v4_factorial,yelpchi,r40_s2,0,1,camouflage_feature_oracle,0.3,pmp,train_on_variant,0.7650427568996426,0.4284322212427718,0.6637954097044956,0.2089189440011978,35.43702393000058,60,50,0.7660019501403005,roc_auc,early_stopping,45954,8051348,175.2045135498047,175.0,175.2045135498047,175.0,0.2268800139427185,0.1452974677085876,/kaggle/working/gfd-robustness-v4-factorial-r1/graphs/base/yelpchi/r40_s2/graph.bin,/kaggle/working/gfd-robustness-v4-factorial-r1/graphs/variants/yelpchi/r40_s2/camouflage_feature_oracle/0.30/seed_0/graph.bin,/kaggle/working/gfd-robustness-v4-factorial-r1/graphs/variants/yelpchi/r40_s2/camouflage_feature_oracle/0.30/seed_0/graph.bin,ok,
gfd_robustness_benchmark_v4_factorial,yelpchi,r40_s2,0,1,camouflage_feature_oracle,0.3,sage,train_clean_eval_all,0.5759650505506299,0.1768041402359246,0.528920960413088,0.2710321545600891,0.2292050029991514,23,13,0.6158413377294931,roc_auc,early_stopping,45954,8051348,175.2045135498047,175.0,175.2045135498047,175.0,0.2268800139427185,0.1452974677085876,/kaggle/working/gfd-robustness-v4-factorial-r1/graphs/base/yelpchi/r40_s2/graph.bin,/kaggle/working/gfd-robustness-v4-factorial-r1/graphs/variants/yelpchi/r40_s2/camouflage_feature_oracle/0.30/seed_0/graph.bin,/kaggle/working/gfd-robustness-v4-factorial-r1/graphs/base/yelpchi/r40_s2/graph.bin,ok,
gfd_robustness_benchmark_v4_factorial,yelpchi,r40_s2,0,1,camouflage_feature_oracle,0.3,sage,train_on_variant,0.698326377413198,0.3321646433697068,0.6177620676974358,0.6316220760345459,3.1558606019989384,100,96,0.6989850211106263,roc_auc,max_epochs,45954,8051348,175.2045135498047,175.0,175.2045135498047,175.0,0.2268800139427185,0.1452974677085876,/kaggle/working/gfd-robustness-v4-factorial-r1/graphs/base/yelpchi/r40_s2/graph.bin,/kaggle/working/gfd-robustness-v4-factorial-r1/graphs/variants/yelpchi/r40_s2/camouflage_feature_oracle/0.30/seed_0/graph.bin,/kaggle/working/gfd-robustness-v4-factorial-r1/graphs/variants/yelpchi/r40_s2/camouflage_feature_oracle/0.30/seed_0/graph.bin,ok,
gfd_robustness_benchmark_v4_factorial,yelpchi,r40_s2,0,1,camouflage_feature_oracle,0.3,secgfd,train_clean_eval_all,0.7107254590869179,0.348157613645828,0.6218057283446068,0.7049526572227478,0.2758460240002023,50,49,0.789748460509659,roc_auc,max_epochs,45954,8051348,175.2045135498047,175.0,175.2045135498047,175.0,0.2268800139427185,0.1452974677085876,/kaggle/working/gfd-robustness-v4-factorial-r1/graphs/base/yelpchi/r40_s2/graph.bin,/kaggle/working/gfd-robustness-v4-factorial-r1/graphs/variants/yelpchi/r40_s2/camouflage_feature_oracle/0.30/seed_0/graph.bin,/kaggle/working/gfd-robustness-v4-factorial-r1/graphs/base/yelpchi/r40_s2/graph.bin,ok,
gfd_robustness_benchmark_v4_factorial,yelpchi,r40_s2,0,1,camouflage_feature_oracle,0.3,secgfd,train_on_variant,0.7096089929357171,0.3495800037177275,0.619763145163475,0.6623572707176208,4.800785930001439,50,50,0.7015993534498173,roc_auc,max_epochs,45954,8051348,175.2045135498047,175.0,175.2045135498047,175.0,0.2268800139427185,0.1452974677085876,/kaggle/working/gfd-robustness-v4-factorial-r1/graphs/base/yelpchi/r40_s2/graph.bin,/kaggle/working/gfd-robustness-v4-factorial-r1/graphs/variants/yelpchi/r40_s2/camouflage_feature_oracle/0.30/seed_0/graph.bin,/kaggle/working/gfd-robustness-v4-factorial-r1/graphs/variants/yelpchi/r40_s2/camouflage_feature_oracle/0.30/seed_0/graph.bin,ok,
gfd_robustness_benchmark_v4_factorial,yelpchi,r40_s2,0,2,camouflage_feature_oracle,0.3,mlp,train_clean_eval_all,0.7077982249922253,0.3390623437563364,0.6189211887213817,0.6869957447052002,0.1812226540005213,100,100,0.7910127617371984,roc_auc,max_epochs,45954,8051348,175.2045135498047,175.0,175.2045135498047,175.0,0.2268800139427185,0.1452974677085876,/kaggle/working/gfd-robustness-v4-factorial-r1/graphs/base/yelpchi/r40_s2/graph.bin,/kaggle/working/gfd-robustness-v4-factorial-r1/graphs/variants/yelpchi/r40_s2/camouflage_feature_oracle/0.30/seed_0/graph.bin,/kaggle/working/gfd-robustness-v4-factorial-r1/graphs/base/yelpchi/r40_s2/graph.bin,ok,
gfd_robustness_benchmark_v4_factorial,yelpchi,r40_s2,0,2,camouflage_feature_oracle,0.3,mlp,train_on_variant,0.7026964877526007,0.3309590800740274,0.6135147006931613,0.6439682245254517,1.8795794249999744,100,100,0.70102790035689,roc_auc,max_epochs,45954,8051348,175.2045135498047,175.0,175.2045135498047,175.0,0.2268800139427185,0.1452974677085876,/kaggle/working/gfd-robustness-v4-factorial-r1/graphs/base/yelpchi/r40_s2/graph.bin,/kaggle/working/gfd-robustness-v4-factorial-r1/graphs/variants/yelpchi/r40_s2/camouflage_feature_oracle/0.30/seed_0/graph.bin,/kaggle/working/gfd-robustness-v4-factorial-r1/graphs/variants/yelpchi/r40_s2/camouflage_feature_oracle/0.30/seed_0/graph.bin,ok,
gfd_robustness_benchmark_v4_factorial,yelpchi,r40_s2,0,2,camouflage_feature_oracle,0.3,pmp,train_clean_eval_all,0.7647523975724722,0.4423911013431775,0.6639196618150813,0.3158973157405853,0.4686692100003711,67,57,0.8516228361905988,roc_auc,early_stopping,45954,8051348,175.2045135498047,175.0,175.2045135498047,175.0,0.2268800139427185,0.1452974677085876,/kaggle/working/gfd-robustness-v4-factorial-r1/graphs/base/yelpchi/r40_s2/graph.bin,/kaggle/working/gfd-robustness-v4-factorial-r1/graphs/variants/yelpchi/r40_s2/camouflage_feature_oracle/0.30/seed_0/graph.bin,/kaggle/working/gfd-robustness-v4-factorial-r1/graphs/base/yelpchi/r40_s2/graph.bin,ok,
gfd_robustness_benchmark_v4_factorial,yelpchi,r40_s2,0,2,camouflage_feature_oracle,0.3,pmp,train_on_variant,0.7600778029607791,0.4216520085016055,0.6576468762515553,0.2405738830566406,39.6604132779994,67,57,0.7658382623248629,roc_auc,early_stopping,45954,8051348,175.2045135498047,175.0,175.2045135498047,175.0,0.2268800139427185,0.1452974677085876,/kaggle/working/gfd-robustness-v4-factorial-r1/graphs/base/yelpchi/r40_s2/graph.bin,/kaggle/working/gfd-robustness-v4-factorial-r1/graphs/variants/yelpchi/r40_s2/camouflage_feature_oracle/0.30/seed_0/graph.bin,/kaggle/working/gfd-robustness-v4-factorial-r1/graphs/variants/yelpchi/r40_s2/camouflage_feature_oracle/0.30/seed_0/graph.bin,ok,
gfd_robustness_benchmark_v4_factorial,yelpchi,r40_s2,0,2,camouflage_feature_oracle,0.3,sage,train_clean_eval_all,0.71207935770516,0.3495714498379783,0.624221851317214,0.6848011612892151,0.2284106239985703,100,99,0.791447800370479,roc_auc,max_epochs,45954,8051348,175.2045135498047,175.0,175.2045135498047,175.0,0.2268800139427185,0.1452974677085876,/kaggle/working/gfd-robustness-v4-factorial-r1/graphs/base/yelpchi/r40_s2/graph.bin,/kaggle/working/gfd-robustness-v4-factorial-r1/graphs/variants/yelpchi/r40_s2/camouflage_feature_oracle/0.30/seed_0/graph.bin,/kaggle/working/gfd-robustness-v4-factorial-r1/graphs/base/yelpchi/r40_s2/graph.bin,ok,
gfd_robustness_benchmark_v4_factorial,yelpchi,r40_s2,0,2,camouflage_feature_oracle,0.3,sage,train_on_variant,0.7039376964629803,0.3292875109275363,0.6145002507426818,0.6030296683311462,3.4413546199994016,100,97,0.700972590754237,roc_auc,max_epochs,45954,8051348,175.2045135498047,175.0,175.2045135498047,175.0,0.2268800139427185,0.1452974677085876,/kaggle/working/gfd-robustness-v4-factorial-r1/graphs/base/yelpchi/r40_s2/graph.bin,/kaggle/working/gfd-robustness-v4-factorial-r1/graphs/variants/yelpchi/r40_s2/camouflage_feature_oracle/0.30/seed_0/graph.bin,/kaggle/working/gfd-robustness-v4-factorial-r1/graphs/variants/yelpchi/r40_s2/camouflage_feature_oracle/0.30/seed_0/graph.bin,ok,
gfd_robustness_benchmark_v4_factorial,yelpchi,r40_s2,0,2,camouflage_feature_oracle,0.3,secgfd,train_clean_eval_all,0.7202869869667488,0.3853605438209446,0.6376088749480482,0.6936580538749695,0.2448223240007792,50,50,0.8116419561480677,roc_auc,max_epochs,45954,8051348,175.2045135498047,175.0,175.2045135498047,175.0,0.2268800139427185,0.1452974677085876,/kaggle/working/gfd-robustness-v4-factorial-r1/graphs/base/yelpchi/r40_s2/graph.bin,/kaggle/working/gfd-robustness-v4-factorial-r1/graphs/variants/yelpchi/r40_s2/camouflage_feature_oracle/0.30/seed_0/graph.bin,/kaggle/working/gfd-robustness-v4-factorial-r1/graphs/base/yelpchi/r40_s2/graph.bin,ok,
gfd_robustness_benchmark_v4_factorial,yelpchi,r40_s2,0,2,camouflage_feature_oracle,0.3,secgfd,train_on_variant,0.7234784027921753,0.3755728785532714,0.633859082134666,0.736331045627594,4.746278198999789,50,50,0.7204591173827115,roc_auc,max_epochs,45954,8051348,175.2045135498047,175.0,175.2045135498047,175.0,0.2268800139427185,0.1452974677085876,/kaggle/working/gfd-robustness-v4-factorial-r1/graphs/base/yelpchi/r40_s2/graph.bin,/kaggle/working/gfd-robustness-v4-factorial-r1/graphs/variants/yelpchi/r40_s2/camouflage_feature_oracle/0.30/seed_0/graph.bin,/kaggle/working/gfd-robustness-v4-factorial-r1/graphs/variants/yelpchi/r40_s2/camouflage_feature_oracle/0.30/seed_0/graph.bin,ok,
gfd_robustness_benchmark_v4_factorial,yelpchi,r40_s2,0,3,camouflage_feature_oracle,0.3,mlp,train_clean_eval_all,0.703768363857824,0.3306626700906665,0.6164296415931452,0.6923589110374451,0.1656131810013903,100,100,0.787128406487435,roc_auc,max_epochs,45954,8051348,175.2045135498047,175.0,175.2045135498047,175.0,0.2268800139427185,0.1452974677085876,/kaggle/working/gfd-robustness-v4-factorial-r1/graphs/base/yelpchi/r40_s2/graph.bin,/kaggle/working/gfd-robustness-v4-factorial-r1/graphs/variants/yelpchi/r40_s2/camouflage_feature_oracle/0.30/seed_0/graph.bin,/kaggle/working/gfd-robustness-v4-factorial-r1/graphs/base/yelpchi/r40_s2/graph.bin,ok,
gfd_robustness_benchmark_v4_factorial,yelpchi,r40_s2,0,3,camouflage_feature_oracle,0.3,mlp,train_on_variant,0.6973552933910692,0.321943459072359,0.6117127193475863,0.6111782789230347,2.056711790999543,100,100,0.6969143917016524,roc_auc,max_epochs,45954,8051348,175.2045135498047,175.0,175.2045135498047,175.0,0.2268800139427185,0.1452974677085876,/kaggle/working/gfd-robustness-v4-factorial-r1/graphs/base/yelpchi/r40_s2/graph.bin,/kaggle/working/gfd-robustness-v4-factorial-r1/graphs/variants/yelpchi/r40_s2/camouflage_feature_oracle/0.30/seed_0/graph.bin,/kaggle/working/gfd-robustness-v4-factorial-r1/graphs/variants/yelpchi/r40_s2/camouflage_feature_oracle/0.30/seed_0/graph.bin,ok,
gfd_robustness_benchmark_v4_factorial,yelpchi,r40_s2,0,3,camouflage_feature_oracle,0.3,pmp,train_clean_eval_all,0.757858269109693,0.4420236366618163,0.6677260647997149,0.3407284319400787,0.4941460709997045,81,71,0.8504771645246115,roc_auc,early_stopping,45954,8051348,175.2045135498047,175.0,175.2045135498047,175.0,0.2268800139427185,0.1452974677085876,/kaggle/working/gfd-robustness-v4-factorial-r1/graphs/base/yelpchi/r40_s2/graph.bin,/kaggle/working/gfd-robustness-v4-factorial-r1/graphs/variants/yelpchi/r40_s2/camouflage_feature_oracle/0.30/seed_0/graph.bin,/kaggle/working/gfd-robustness-v4-factorial-r1/graphs/base/yelpchi/r40_s2/graph.bin,ok,
gfd_robustness_benchmark_v4_factorial,yelpchi,r40_s2,0,3,camouflage_feature_oracle,0.3,pmp,train_on_variant,0.7635837906036197,0.4343024659964575,0.6601721805851767,0.2677927911281585,42.954918723000446,69,59,0.7699490054999678,roc_auc,early_stopping,45954,8051348,175.2045135498047,175.0,175.2045135498047,175.0,0.2268800139427185,0.1452974677085876,/kaggle/working/gfd-robustness-v4-factorial-r1/graphs/base/yelpchi/r40_s2/graph.bin,/kaggle/working/gfd-robustness-v4-factorial-r1/graphs/variants/yelpchi/r40_s2/camouflage_feature_oracle/0.30/seed_0/graph.bin,/kaggle/working/gfd-robustness-v4-factorial-r1/graphs/variants/yelpchi/r40_s2/camouflage_feature_oracle/0.30/seed_0/graph.bin,ok,
gfd_robustness_benchmark_v4_factorial,yelpchi,r40_s2,0,3,camouflage_feature_oracle,0.3,sage,train_clean_eval_all,0.7028204919082406,0.3382918171791126,0.6182373880659313,0.678734302520752,0.2263407070004177,100,100,0.781263013848857,roc_auc,max_epochs,45954,8051348,175.2045135498047,175.0,175.2045135498047,175.0,0.2268800139427185,0.1452974677085876,/kaggle/working/gfd-robustness-v4-factorial-r1/graphs/base/yelpchi/r40_s2/graph.bin,/kaggle/working/gfd-robustness-v4-factorial-r1/graphs/variants/yelpchi/r40_s2/camouflage_feature_oracle/0.30/seed_0/graph.bin,/kaggle/working/gfd-robustness-v4-factorial-r1/graphs/base/yelpchi/r40_s2/graph.bin,ok,
gfd_robustness_benchmark_v4_factorial,yelpchi,r40_s2,0,3,camouflage_feature_oracle,0.3,sage,train_on_variant,0.7038475874117346,0.3428281126734329,0.620572405430219,0.5798156261444092,3.2666842969993013,100,100,0.7032905875930071,roc_auc,max_epochs,45954,8051348,175.2045135498047,175.0,175.2045135498047,175.0,0.2268800139427185,0.1452974677085876,/kaggle/working/gfd-robustness-v4-factorial-r1/graphs/base/yelpchi/r40_s2/graph.bin,/kaggle/working/gfd-robustness-v4-factorial-r1/graphs/variants/yelpchi/r40_s2/camouflage_feature_oracle/0.30/seed_0/graph.bin,/kaggle/working/gfd-robustness-v4-factorial-r1/graphs/variants/yelpchi/r40_s2/camouflage_feature_oracle/0.30/seed_0/graph.bin,ok,
gfd_robustness_benchmark_v4_factorial,yelpchi,r40_s2,0,3,camouflage_feature_oracle,0.3,secgfd,train_clean_eval_all,0.7158647596291633,0.3687319916294678,0.633193479278956,0.7292185425758362,0.228297906998705,50,49,0.8013855055464565,roc_auc,max_epochs,45954,8051348,175.2045135498047,175.0,175.2045135498047,175.0,0.2268800139427185,0.1452974677085876,/kaggle/working/gfd-robustness-v4-factorial-r1/graphs/base/yelpchi/r40_s2/graph.bin,/kaggle/working/gfd-robustness-v4-factorial-r1/graphs/variants/yelpchi/r40_s2/camouflage_feature_oracle/0.30/seed_0/graph.bin,/kaggle/working/gfd-robustness-v4-factorial-r1/graphs/base/yelpchi/r40_s2/graph.bin,ok,
gfd_robustness_benchmark_v4_factorial,yelpchi,r40_s2,0,3,camouflage_feature_oracle,0.3,secgfd,train_on_variant,0.7071600895078478,0.3424907530014642,0.6194455053157859,0.6890782117843628,4.752426348999506,50,48,0.7059211313674584,roc_auc,max_epochs,45954,8051348,175.2045135498047,175.0,175.2045135498047,175.0,0.2268800139427185,0.1452974677085876,/kaggle/working/gfd-robustness-v4-factorial-r1/graphs/base/yelpchi/r40_s2/graph.bin,/kaggle/working/gfd-robustness-v4-factorial-r1/graphs/variants/yelpchi/r40_s2/camouflage_feature_oracle/0.30/seed_0/graph.bin,/kaggle/working/gfd-robustness-v4-factorial-r1/graphs/variants/yelpchi/r40_s2/camouflage_feature_oracle/0.30/seed_0/graph.bin,ok,
gfd_robustness_benchmark_v4_factorial,yelpchi,r40_s2,0,4,camouflage_feature_oracle,0.3,mlp,train_clean_eval_all,0.7059089599886277,0.3383008815662851,0.616680145562156,0.6527314186096191,0.1278840880004281,100,100,0.7886782196983243,roc_auc,max_epochs,45954,8051348,175.2045135498047,175.0,175.2045135498047,175.0,0.2268800139427185,0.1452974677085876,/kaggle/working/gfd-robustness-v4-factorial-r1/graphs/base/yelpchi/r40_s2/graph.bin,/kaggle/working/gfd-robustness-v4-factorial-r1/graphs/variants/yelpchi/r40_s2/camouflage_feature_oracle/0.30/seed_0/graph.bin,/kaggle/working/gfd-robustness-v4-factorial-r1/graphs/base/yelpchi/r40_s2/graph.bin,ok,
gfd_robustness_benchmark_v4_factorial,yelpchi,r40_s2,0,4,camouflage_feature_oracle,0.3,mlp,train_on_variant,0.7001608695478189,0.3289069286215436,0.6132784911095561,0.589367151260376,2.093279381000684,100,100,0.6988141811913975,roc_auc,max_epochs,45954,8051348,175.2045135498047,175.0,175.2045135498047,175.0,0.2268800139427185,0.1452974677085876,/kaggle/working/gfd-robustness-v4-factorial-r1/graphs/base/yelpchi/r40_s2/graph.bin,/kaggle/working/gfd-robustness-v4-factorial-r1/graphs/variants/yelpchi/r40_s2/camouflage_feature_oracle/0.30/seed_0/graph.bin,/kaggle/working/gfd-robustness-v4-factorial-r1/graphs/variants/yelpchi/r40_s2/camouflage_feature_oracle/0.30/seed_0/graph.bin,ok,
gfd_robustness_benchmark_v4_factorial,yelpchi,r40_s2,0,4,camouflage_feature_oracle,0.3,pmp,train_clean_eval_all,0.7693343106302669,0.4615057466439157,0.6738877445398708,0.3711147308349609,0.4752154050001991,88,78,0.8543143635700441,roc_auc,early_stopping,45954,8051348,175.2045135498047,175.0,175.2045135498047,175.0,0.2268800139427185,0.1452974677085876,/kaggle/working/gfd-robustness-v4-factorial-r1/graphs/base/yelpchi/r40_s2/graph.bin,/kaggle/working/gfd-robustness-v4-factorial-r1/graphs/variants/yelpchi/r40_s2/camouflage_feature_oracle/0.30/seed_0/graph.bin,/kaggle/working/gfd-robustness-v4-factorial-r1/graphs/base/yelpchi/r40_s2/graph.bin,ok,
gfd_robustness_benchmark_v4_factorial,yelpchi,r40_s2,0,4,camouflage_feature_oracle,0.3,pmp,train_on_variant,0.7822777505388917,0.4884134550250004,0.6823284541309769,0.2282877415418625,61.36672141500094,99,89,0.7870554073480714,roc_auc,early_stopping,45954,8051348,175.2045135498047,175.0,175.2045135498047,175.0,0.2268800139427185,0.1452974677085876,/kaggle/working/gfd-robustness-v4-factorial-r1/graphs/base/yelpchi/r40_s2/graph.bin,/kaggle/working/gfd-robustness-v4-factorial-r1/graphs/variants/yelpchi/r40_s2/camouflage_feature_oracle/0.30/seed_0/graph.bin,/kaggle/working/gfd-robustness-v4-factorial-r1/graphs/variants/yelpchi/r40_s2/camouflage_feature_oracle/0.30/seed_0/graph.bin,ok,
gfd_robustness_benchmark_v4_factorial,yelpchi,r40_s2,0,4,camouflage_feature_oracle,0.3,sage,train_clean_eval_all,0.708353313897917,0.3429123108788671,0.6227426797570632,0.663702666759491,0.2147460380001575,100,100,0.7873061124263036,roc_auc,max_epochs,45954,8051348,175.2045135498047,175.0,175.2045135498047,175.0,0.2268800139427185,0.1452974677085876,/kaggle/working/gfd-robustness-v4-factorial-r1/graphs/base/yelpchi/r40_s2/graph.bin,/kaggle/working/gfd-robustness-v4-factorial-r1/graphs/variants/yelpchi/r40_s2/camouflage_feature_oracle/0.30/seed_0/graph.bin,/kaggle/working/gfd-robustness-v4-factorial-r1/graphs/base/yelpchi/r40_s2/graph.bin,ok,
gfd_robustness_benchmark_v4_factorial,yelpchi,r40_s2,0,4,camouflage_feature_oracle,0.3,sage,train_on_variant,0.7072095149060331,0.3355747543448787,0.6186814754208849,0.6731106638908386,3.422264151999116,100,96,0.7047985848370631,roc_auc,max_epochs,45954,8051348,175.2045135498047,175.0,175.2045135498047,175.0,0.2268800139427185,0.1452974677085876,/kaggle/working/gfd-robustness-v4-factorial-r1/graphs/base/yelpchi/r40_s2/graph.bin,/kaggle/working/gfd-robustness-v4-factorial-r1/graphs/variants/yelpchi/r40_s2/camouflage_feature_oracle/0.30/seed_0/graph.bin,/kaggle/working/gfd-robustness-v4-factorial-r1/graphs/variants/yelpchi/r40_s2/camouflage_feature_oracle/0.30/seed_0/graph.bin,ok,
gfd_robustness_benchmark_v4_factorial,yelpchi,r40_s2,0,4,camouflage_feature_oracle,0.3,secgfd,train_clean_eval_all,0.7065999627844616,0.340323115564206,0.6192864794106485,0.6979449987411499,0.2519144099987898,50,50,0.7831441601880527,roc_auc,max_epochs,45954,8051348,175.2045135498047,175.0,175.2045135498047,175.0,0.2268800139427185,0.1452974677085876,/kaggle/working/gfd-robustness-v4-factorial-r1/graphs/base/yelpchi/r40_s2/graph.bin,/kaggle/working/gfd-robustness-v4-factorial-r1/graphs/variants/yelpchi/r40_s2/camouflage_feature_oracle/0.30/seed_0/graph.bin,/kaggle/working/gfd-robustness-v4-factorial-r1/graphs/base/yelpchi/r40_s2/graph.bin,ok,
gfd_robustness_benchmark_v4_factorial,yelpchi,r40_s2,0,4,camouflage_feature_oracle,0.3,secgfd,train_on_variant,0.7112105663926729,0.347697780374708,0.6212457843009839,0.7084341049194336,4.690205032000449,50,50,0.7097115556540956,roc_auc,max_epochs,45954,8051348,175.2045135498047,175.0,175.2045135498047,175.0,0.2268800139427185,0.1452974677085876,/kaggle/working/gfd-robustness-v4-factorial-r1/graphs/base/yelpchi/r40_s2/graph.bin,/kaggle/working/gfd-robustness-v4-factorial-r1/graphs/variants/yelpchi/r40_s2/camouflage_feature_oracle/0.30/seed_0/graph.bin,/kaggle/working/gfd-robustness-v4-factorial-r1/graphs/variants/yelpchi/r40_s2/camouflage_feature_oracle/0.30/seed_0/graph.bin,ok,
gfd_robustness_benchmark_v4_factorial,yelpchi,r40_s2,1,0,camouflage_feature_oracle,0.3,mlp,train_clean_eval_all,0.6680986732936876,0.2629783442089051,0.5902067100009478,0.5026629567146301,0.1826520759987033,17,7,0.738136447836131,roc_auc,early_stopping,45954,8051348,175.2045135498047,175.0,175.2045135498047,175.0,0.2268800139427185,0.1452974677085876,/kaggle/working/gfd-robustness-v4-factorial-r1/graphs/base/yelpchi/r40_s2/graph.bin,/kaggle/working/gfd-robustness-v4-factorial-r1/graphs/variants/yelpchi/r40_s2/camouflage_feature_oracle/0.30/seed_1/graph.bin,/kaggle/working/gfd-robustness-v4-factorial-r1/graphs/base/yelpchi/r40_s2/graph.bin,ok,
gfd_robustness_benchmark_v4_factorial,yelpchi,r40_s2,1,0,camouflage_feature_oracle,0.3,mlp,train_on_variant,0.6655352458588424,0.2608041066982635,0.5900359195402299,0.508567750453949,0.540802581999742,17,7,0.6628888300827022,roc_auc,early_stopping,45954,8051348,175.2045135498047,175.0,175.2045135498047,175.0,0.2268800139427185,0.1452974677085876,/kaggle/working/gfd-robustness-v4-factorial-r1/graphs/base/yelpchi/r40_s2/graph.bin,/kaggle/working/gfd-robustness-v4-factorial-r1/graphs/variants/yelpchi/r40_s2/camouflage_feature_oracle/0.30/seed_1/graph.bin,/kaggle/working/gfd-robustness-v4-factorial-r1/graphs/variants/yelpchi/r40_s2/camouflage_feature_oracle/0.30/seed_1/graph.bin,ok,
gfd_robustness_benchmark_v4_factorial,yelpchi,r40_s2,1,0,camouflage_feature_oracle,0.3,pmp,train_clean_eval_all,0.7574574946339501,0.4255621286027921,0.6604164852720313,0.3942893743515014,0.5351845410004898,71,61,0.8519974633871886,roc_auc,early_stopping,45954,8051348,175.2045135498047,175.0,175.2045135498047,175.0,0.2268800139427185,0.1452974677085876,/kaggle/working/gfd-robustness-v4-factorial-r1/graphs/base/yelpchi/r40_s2/graph.bin,/kaggle/working/gfd-robustness-v4-factorial-r1/graphs/variants/yelpchi/r40_s2/camouflage_feature_oracle/0.30/seed_1/graph.bin,/kaggle/working/gfd-robustness-v4-factorial-r1/graphs/base/yelpchi/r40_s2/graph.bin,ok,
gfd_robustness_benchmark_v4_factorial,yelpchi,r40_s2,1,0,camouflage_feature_oracle,0.3,pmp,train_on_variant,0.7594429783825932,0.4136196794982542,0.6574247005100667,0.2805768251419067,47.44738518799932,74,64,0.7614778630467486,roc_auc,early_stopping,45954,8051348,175.2045135498047,175.0,175.2045135498047,175.0,0.2268800139427185,0.1452974677085876,/kaggle/working/gfd-robustness-v4-factorial-r1/graphs/base/yelpchi/r40_s2/graph.bin,/kaggle/working/gfd-robustness-v4-factorial-r1/graphs/variants/yelpchi/r40_s2/camouflage_feature_oracle/0.30/seed_1/graph.bin,/kaggle/working/gfd-robustness-v4-factorial-r1/graphs/variants/yelpchi/r40_s2/camouflage_feature_oracle/0.30/seed_1/graph.bin,ok,
gfd_robustness_benchmark_v4_factorial,yelpchi,r40_s2,1,0,camouflage_feature_oracle,0.3,sage,train_clean_eval_all,0.6998971642064649,0.3320886173129939,0.6150292291084405,0.648261308670044,0.2417779949992109,100,100,0.7811570196706694,roc_auc,max_epochs,45954,8051348,175.2045135498047,175.0,175.2045135498047,175.0,0.2268800139427185,0.1452974677085876,/kaggle/working/gfd-robustness-v4-factorial-r1/graphs/base/yelpchi/r40_s2/graph.bin,/kaggle/working/gfd-robustness-v4-factorial-r1/graphs/variants/yelpchi/r40_s2/camouflage_feature_oracle/0.30/seed_1/graph.bin,/kaggle/working/gfd-robustness-v4-factorial-r1/graphs/base/yelpchi/r40_s2/graph.bin,ok,
gfd_robustness_benchmark_v4_factorial,yelpchi,r40_s2,1,0,camouflage_feature_oracle,0.3,sage,train_on_variant,0.6957934388986792,0.3240447962853104,0.6123066040749644,0.5874117612838745,3.474861207001595,100,98,0.6910374603356244,roc_auc,max_epochs,45954,8051348,175.2045135498047,175.0,175.2045135498047,175.0,0.2268800139427185,0.1452974677085876,/kaggle/working/gfd-robustness-v4-factorial-r1/graphs/base/yelpchi/r40_s2/graph.bin,/kaggle/working/gfd-robustness-v4-factorial-r1/graphs/variants/yelpchi/r40_s2/camouflage_feature_oracle/0.30/seed_1/graph.bin,/kaggle/working/gfd-robustness-v4-factorial-r1/graphs/variants/yelpchi/r40_s2/camouflage_feature_oracle/0.30/seed_1/graph.bin,ok,
gfd_robustness_benchmark_v4_factorial,yelpchi,r40_s2,1,0,camouflage_feature_oracle,0.3,secgfd,train_clean_eval_all,0.7227054729326987,0.3705282506987019,0.6415464696919799,0.7547904253005981,0.2755969379995804,50,50,0.8112726691889752,roc_auc,max_epochs,45954,8051348,175.2045135498047,175.0,175.2045135498047,175.0,0.2268800139427185,0.1452974677085876,/kaggle/working/gfd-robustness-v4-factorial-r1/graphs/base/yelpchi/r40_s2/graph.bin,/kaggle/working/gfd-robustness-v4-factorial-r1/graphs/variants/yelpchi/r40_s2/camouflage_feature_oracle/0.30/seed_1/graph.bin,/kaggle/working/gfd-robustness-v4-factorial-r1/graphs/base/yelpchi/r40_s2/graph.bin,ok,
gfd_robustness_benchmark_v4_factorial,yelpchi,r40_s2,1,0,camouflage_feature_oracle,0.3,secgfd,train_on_variant,0.7642404219056794,0.4377522591275144,0.6664920616856531,0.7356675863265991,4.792690451000453,50,50,0.7631218456242237,roc_auc,max_epochs,45954,8051348,175.2045135498047,175.0,175.2045135498047,175.0,0.2268800139427185,0.1452974677085876,/kaggle/working/gfd-robustness-v4-factorial-r1/graphs/base/yelpchi/r40_s2/graph.bin,/kaggle/working/gfd-robustness-v4-factorial-r1/graphs/variants/yelpchi/r40_s2/camouflage_feature_oracle/0.30/seed_1/graph.bin,/kaggle/working/gfd-robustness-v4-factorial-r1/graphs/variants/yelpchi/r40_s2/camouflage_feature_oracle/0.30/seed_1/graph.bin,ok,
gfd_robustness_benchmark_v4_factorial,yelpchi,r40_s2,1,1,camouflage_feature_oracle,0.3,mlp,train_clean_eval_all,0.7032346529255643,0.3257427606511301,0.6136397798310028,0.6965858936309814,0.1846100889997615,100,100,0.7856864946824108,roc_auc,max_epochs,45954,8051348,175.2045135498047,175.0,175.2045135498047,175.0,0.2268800139427185,0.1452974677085876,/kaggle/working/gfd-robustness-v4-factorial-r1/graphs/base/yelpchi/r40_s2/graph.bin,/kaggle/working/gfd-robustness-v4-factorial-r1/graphs/variants/yelpchi/r40_s2/camouflage_feature_oracle/0.30/seed_1/graph.bin,/kaggle/working/gfd-robustness-v4-factorial-r1/graphs/base/yelpchi/r40_s2/graph.bin,ok,
gfd_robustness_benchmark_v4_factorial,yelpchi,r40_s2,1,1,camouflage_feature_oracle,0.3,mlp,train_on_variant,0.6987931199083504,0.3218220853806163,0.612818574511342,0.6023668050765991,1.9810824030009824,100,100,0.6951593607926438,roc_auc,max_epochs,45954,8051348,175.2045135498047,175.0,175.2045135498047,175.0,0.2268800139427185,0.1452974677085876,/kaggle/working/gfd-robustness-v4-factorial-r1/graphs/base/yelpchi/r40_s2/graph.bin,/kaggle/working/gfd-robustness-v4-factorial-r1/graphs/variants/yelpchi/r40_s2/camouflage_feature_oracle/0.30/seed_1/graph.bin,/kaggle/working/gfd-robustness-v4-factorial-r1/graphs/variants/yelpchi/r40_s2/camouflage_feature_oracle/0.30/seed_1/graph.bin,ok,
gfd_robustness_benchmark_v4_factorial,yelpchi,r40_s2,1,1,camouflage_feature_oracle,0.3,pmp,train_clean_eval_all,0.7549871298645072,0.4426803225525419,0.6637352834937938,0.3003063797950744,0.4877736529997492,82,72,0.8499563006458349,roc_auc,early_stopping,45954,8051348,175.2045135498047,175.0,175.2045135498047,175.0,0.2268800139427185,0.1452974677085876,/kaggle/working/gfd-robustness-v4-factorial-r1/graphs/base/yelpchi/r40_s2/graph.bin,/kaggle/working/gfd-robustness-v4-factorial-r1/graphs/variants/yelpchi/r40_s2/camouflage_feature_oracle/0.30/seed_1/graph.bin,/kaggle/working/gfd-robustness-v4-factorial-r1/graphs/base/yelpchi/r40_s2/graph.bin,ok,
gfd_robustness_benchmark_v4_factorial,yelpchi,r40_s2,1,1,camouflage_feature_oracle,0.3,pmp,train_on_variant,0.7698059003873617,0.4380931178671015,0.6664307451539349,0.2906316816806793,62.890784573999554,100,92,0.7706537261268736,roc_auc,max_epochs,45954,8051348,175.2045135498047,175.0,175.2045135498047,175.0,0.2268800139427185,0.1452974677085876,/kaggle/working/gfd-robustness-v4-factorial-r1/graphs/base/yelpchi/r40_s2/graph.bin,/kaggle/working/gfd-robustness-v4-factorial-r1/graphs/variants/yelpchi/r40_s2/camouflage_feature_oracle/0.30/seed_1/graph.bin,/kaggle/working/gfd-robustness-v4-factorial-r1/graphs/variants/yelpchi/r40_s2/camouflage_feature_oracle/0.30/seed_1/graph.bin,ok,
gfd_robustness_benchmark_v4_factorial,yelpchi,r40_s2,1,1,camouflage_feature_oracle,0.3,sage,train_clean_eval_all,0.5769104333657024,0.1767667107162986,0.5287182935883309,0.2710321545600891,0.213658316000874,23,13,0.6158413377294931,roc_auc,early_stopping,45954,8051348,175.2045135498047,175.0,175.2045135498047,175.0,0.2268800139427185,0.1452974677085876,/kaggle/working/gfd-robustness-v4-factorial-r1/graphs/base/yelpchi/r40_s2/graph.bin,/kaggle/working/gfd-robustness-v4-factorial-r1/graphs/variants/yelpchi/r40_s2/camouflage_feature_oracle/0.30/seed_1/graph.bin,/kaggle/working/gfd-robustness-v4-factorial-r1/graphs/base/yelpchi/r40_s2/graph.bin,ok,
gfd_robustness_benchmark_v4_factorial,yelpchi,r40_s2,1,1,camouflage_feature_oracle,0.3,sage,train_on_variant,0.6937379973695684,0.3239876412708936,0.6117658025046515,0.5904769897460938,3.175296844001423,100,100,0.6902354710971565,roc_auc,max_epochs,45954,8051348,175.2045135498047,175.0,175.2045135498047,175.0,0.2268800139427185,0.1452974677085876,/kaggle/working/gfd-robustness-v4-factorial-r1/graphs/base/yelpchi/r40_s2/graph.bin,/kaggle/working/gfd-robustness-v4-factorial-r1/graphs/variants/yelpchi/r40_s2/camouflage_feature_oracle/0.30/seed_1/graph.bin,/kaggle/working/gfd-robustness-v4-factorial-r1/graphs/variants/yelpchi/r40_s2/camouflage_feature_oracle/0.30/seed_1/graph.bin,ok,
gfd_robustness_benchmark_v4_factorial,yelpchi,r40_s2,1,1,camouflage_feature_oracle,0.3,secgfd,train_clean_eval_all,0.7079229556416698,0.3418859906546252,0.6241638653843877,0.7049526572227478,0.2685926529993594,50,49,0.789748460509659,roc_auc,max_epochs,45954,8051348,175.2045135498047,175.0,175.2045135498047,175.0,0.2268800139427185,0.1452974677085876,/kaggle/working/gfd-robustness-v4-factorial-r1/graphs/base/yelpchi/r40_s2/graph.bin,/kaggle/working/gfd-robustness-v4-factorial-r1/graphs/variants/yelpchi/r40_s2/camouflage_feature_oracle/0.30/seed_1/graph.bin,/kaggle/working/gfd-robustness-v4-factorial-r1/graphs/base/yelpchi/r40_s2/graph.bin,ok,
gfd_robustness_benchmark_v4_factorial,yelpchi,r40_s2,1,1,camouflage_feature_oracle,0.3,secgfd,train_on_variant,0.7430704519868105,0.3799341169636881,0.6464766145139083,0.674268364906311,4.855466777000402,50,50,0.7345681678932525,roc_auc,max_epochs,45954,8051348,175.2045135498047,175.0,175.2045135498047,175.0,0.2268800139427185,0.1452974677085876,/kaggle/working/gfd-robustness-v4-factorial-r1/graphs/base/yelpchi/r40_s2/graph.bin,/kaggle/working/gfd-robustness-v4-factorial-r1/graphs/variants/yelpchi/r40_s2/camouflage_feature_oracle/0.30/seed_1/graph.bin,/kaggle/working/gfd-robustness-v4-factorial-r1/graphs/variants/yelpchi/r40_s2/camouflage_feature_oracle/0.30/seed_1/graph.bin,ok,
gfd_robustness_benchmark_v4_factorial,yelpchi,r40_s2,1,2,camouflage_feature_oracle,0.3,mlp,train_clean_eval_all,0.7053571462599242,0.3302060749326145,0.6180589366193586,0.6869957447052002,0.1796707260000403,100,100,0.7910127617371984,roc_auc,max_epochs,45954,8051348,175.2045135498047,175.0,175.2045135498047,175.0,0.2268800139427185,0.1452974677085876,/kaggle/working/gfd-robustness-v4-factorial-r1/graphs/base/yelpchi/r40_s2/graph.bin,/kaggle/working/gfd-robustness-v4-factorial-r1/graphs/variants/yelpchi/r40_s2/camouflage_feature_oracle/0.30/seed_1/graph.bin,/kaggle/working/gfd-robustness-v4-factorial-r1/graphs/base/yelpchi/r40_s2/graph.bin,ok,
gfd_robustness_benchmark_v4_factorial,yelpchi,r40_s2,1,2,camouflage_feature_oracle,0.3,mlp,train_on_variant,0.7011899420672403,0.3250954934732816,0.6140369464794531,0.6474745869636536,1.7502390270001342,100,100,0.6976839580695995,roc_auc,max_epochs,45954,8051348,175.2045135498047,175.0,175.2045135498047,175.0,0.2268800139427185,0.1452974677085876,/kaggle/working/gfd-robustness-v4-factorial-r1/graphs/base/yelpchi/r40_s2/graph.bin,/kaggle/working/gfd-robustness-v4-factorial-r1/graphs/variants/yelpchi/r40_s2/camouflage_feature_oracle/0.30/seed_1/graph.bin,/kaggle/working/gfd-robustness-v4-factorial-r1/graphs/variants/yelpchi/r40_s2/camouflage_feature_oracle/0.30/seed_1/graph.bin,ok,
gfd_robustness_benchmark_v4_factorial,yelpchi,r40_s2,1,2,camouflage_feature_oracle,0.3,pmp,train_clean_eval_all,0.76072052369294,0.440684165732907,0.669746326683277,0.3158973157405853,0.4730574280001747,67,57,0.8516228361905988,roc_auc,early_stopping,45954,8051348,175.2045135498047,175.0,175.2045135498047,175.0,0.2268800139427185,0.1452974677085876,/kaggle/working/gfd-robustness-v4-factorial-r1/graphs/base/yelpchi/r40_s2/graph.bin,/kaggle/working/gfd-robustness-v4-factorial-r1/graphs/variants/yelpchi/r40_s2/camouflage_feature_oracle/0.30/seed_1/graph.bin,/kaggle/working/gfd-robustness-v4-factorial-r1/graphs/base/yelpchi/r40_s2/graph.bin,ok,
gfd_robustness_benchmark_v4_factorial,yelpchi,r40_s2,1,2,camouflage_feature_oracle,0.3,pmp,train_on_variant,0.7631844333862824,0.4262584390653734,0.6575542989252777,0.2093227058649063,50.72118371099896,80,70,0.7664103829474773,roc_auc,early_stopping,45954,8051348,175.2045135498047,175.0,175.2045135498047,175.0,0.2268800139427185,0.1452974677085876,/kaggle/working/gfd-robustness-v4-factorial-r1/graphs/base/yelpchi/r40_s2/graph.bin,/kaggle/working/gfd-robustness-v4-factorial-r1/graphs/variants/yelpchi/r40_s2/camouflage_feature_oracle/0.30/seed_1/graph.bin,/kaggle/working/gfd-robustness-v4-factorial-r1/graphs/variants/yelpchi/r40_s2/camouflage_feature_oracle/0.30/seed_1/graph.bin,ok,
gfd_robustness_benchmark_v4_factorial,yelpchi,r40_s2,1,2,camouflage_feature_oracle,0.3,sage,train_clean_eval_all,0.7081824687564789,0.3404972209019922,0.6197827778917487,0.6848011612892151,0.2276844949992664,100,99,0.791447800370479,roc_auc,max_epochs,45954,8051348,175.2045135498047,175.0,175.2045135498047,175.0,0.2268800139427185,0.1452974677085876,/kaggle/working/gfd-robustness-v4-factorial-r1/graphs/base/yelpchi/r40_s2/graph.bin,/kaggle/working/gfd-robustness-v4-factorial-r1/graphs/variants/yelpchi/r40_s2/camouflage_feature_oracle/0.30/seed_1/graph.bin,/kaggle/working/gfd-robustness-v4-factorial-r1/graphs/base/yelpchi/r40_s2/graph.bin,ok,
gfd_robustness_benchmark_v4_factorial,yelpchi,r40_s2,1,2,camouflage_feature_oracle,0.3,sage,train_on_variant,0.7015145657005745,0.3302295301464051,0.6151988319569357,0.59479820728302,3.14888948800035,100,100,0.7006456442495893,roc_auc,max_epochs,45954,8051348,175.2045135498047,175.0,175.2045135498047,175.0,0.2268800139427185,0.1452974677085876,/kaggle/working/gfd-robustness-v4-factorial-r1/graphs/base/yelpchi/r40_s2/graph.bin,/kaggle/working/gfd-robustness-v4-factorial-r1/graphs/variants/yelpchi/r40_s2/camouflage_feature_oracle/0.30/seed_1/graph.bin,/kaggle/working/gfd-robustness-v4-factorial-r1/graphs/variants/yelpchi/r40_s2/camouflage_feature_oracle/0.30/seed_1/graph.bin,ok,
gfd_robustness_benchmark_v4_factorial,yelpchi,r40_s2,1,2,camouflage_feature_oracle,0.3,secgfd,train_clean_eval_all,0.717653363556746,0.378639642304364,0.6372906822402806,0.6936580538749695,0.2261979679988144,50,50,0.8116419561480677,roc_auc,max_epochs,45954,8051348,175.2045135498047,175.0,175.2045135498047,175.0,0.2268800139427185,0.1452974677085876,/kaggle/working/gfd-robustness-v4-factorial-r1/graphs/base/yelpchi/r40_s2/graph.bin,/kaggle/working/gfd-robustness-v4-factorial-r1/graphs/variants/yelpchi/r40_s2/camouflage_feature_oracle/0.30/seed_1/graph.bin,/kaggle/working/gfd-robustness-v4-factorial-r1/graphs/base/yelpchi/r40_s2/graph.bin,ok,
gfd_robustness_benchmark_v4_factorial,yelpchi,r40_s2,1,2,camouflage_feature_oracle,0.3,secgfd,train_on_variant,0.7244059090957596,0.387821864676996,0.6424433196100824,0.6843416690826416,4.809460214000865,50,50,0.7230631983731348,roc_auc,max_epochs,45954,8051348,175.2045135498047,175.0,175.2045135498047,175.0,0.2268800139427185,0.1452974677085876,/kaggle/working/gfd-robustness-v4-factorial-r1/graphs/base/yelpchi/r40_s2/graph.bin,/kaggle/working/gfd-robustness-v4-factorial-r1/graphs/variants/yelpchi/r40_s2/camouflage_feature_oracle/0.30/seed_1/graph.bin,/kaggle/working/gfd-robustness-v4-factorial-r1/graphs/variants/yelpchi/r40_s2/camouflage_feature_oracle/0.30/seed_1/graph.bin,ok,
gfd_robustness_benchmark_v4_factorial,yelpchi,r40_s2,1,3,camouflage_feature_oracle,0.3,mlp,train_clean_eval_all,0.7010347582266729,0.3212588541668129,0.6144309276439442,0.6923589110374451,0.1696978769996349,100,100,0.787128406487435,roc_auc,max_epochs,45954,8051348,175.2045135498047,175.0,175.2045135498047,175.0,0.2268800139427185,0.1452974677085876,/kaggle/working/gfd-robustness-v4-factorial-r1/graphs/base/yelpchi/r40_s2/graph.bin,/kaggle/working/gfd-robustness-v4-factorial-r1/graphs/variants/yelpchi/r40_s2/camouflage_feature_oracle/0.30/seed_1/graph.bin,/kaggle/working/gfd-robustness-v4-factorial-r1/graphs/base/yelpchi/r40_s2/graph.bin,ok,
gfd_robustness_benchmark_v4_factorial,yelpchi,r40_s2,1,3,camouflage_feature_oracle,0.3,mlp,train_on_variant,0.6943506222026415,0.3150179590639259,0.6089765955228928,0.6134198904037476,1.8246563089996928,100,100,0.6918610489275421,roc_auc,max_epochs,45954,8051348,175.2045135498047,175.0,175.2045135498047,175.0,0.2268800139427185,0.1452974677085876,/kaggle/working/gfd-robustness-v4-factorial-r1/graphs/base/yelpchi/r40_s2/graph.bin,/kaggle/working/gfd-robustness-v4-factorial-r1/graphs/variants/yelpchi/r40_s2/camouflage_feature_oracle/0.30/seed_1/graph.bin,/kaggle/working/gfd-robustness-v4-factorial-r1/graphs/variants/yelpchi/r40_s2/camouflage_feature_oracle/0.30/seed_1/graph.bin,ok,
gfd_robustness_benchmark_v4_factorial,yelpchi,r40_s2,1,3,camouflage_feature_oracle,0.3,pmp,train_clean_eval_all,0.7548506681265778,0.4348067234349305,0.6700178485398596,0.3407284319400787,0.4666168539988575,81,71,0.8504771645246115,roc_auc,early_stopping,45954,8051348,175.2045135498047,175.0,175.2045135498047,175.0,0.2268800139427185,0.1452974677085876,/kaggle/working/gfd-robustness-v4-factorial-r1/graphs/base/yelpchi/r40_s2/graph.bin,/kaggle/working/gfd-robustness-v4-factorial-r1/graphs/variants/yelpchi/r40_s2/camouflage_feature_oracle/0.30/seed_1/graph.bin,/kaggle/working/gfd-robustness-v4-factorial-r1/graphs/base/yelpchi/r40_s2/graph.bin,ok,
gfd_robustness_benchmark_v4_factorial,yelpchi,r40_s2,1,3,camouflage_feature_oracle,0.3,pmp,train_on_variant,0.759242549460651,0.4245812099384175,0.6573195945447554,0.2159329652786255,42.710953242998585,69,59,0.7569742309700398,roc_auc,early_stopping,45954,8051348,175.2045135498047,175.0,175.2045135498047,175.0,0.2268800139427185,0.1452974677085876,/kaggle/working/gfd-robustness-v4-factorial-r1/graphs/base/yelpchi/r40_s2/graph.bin,/kaggle/working/gfd-robustness-v4-factorial-r1/graphs/variants/yelpchi/r40_s2/camouflage_feature_oracle/0.30/seed_1/graph.bin,/kaggle/working/gfd-robustness-v4-factorial-r1/graphs/variants/yelpchi/r40_s2/camouflage_feature_oracle/0.30/seed_1/graph.bin,ok,
gfd_robustness_benchmark_v4_factorial,yelpchi,r40_s2,1,3,camouflage_feature_oracle,0.3,sage,train_clean_eval_all,0.6995360729660841,0.3293479417151089,0.6170028075101203,0.678734302520752,0.2220595859998866,100,100,0.781263013848857,roc_auc,max_epochs,45954,8051348,175.2045135498047,175.0,175.2045135498047,175.0,0.2268800139427185,0.1452974677085876,/kaggle/working/gfd-robustness-v4-factorial-r1/graphs/base/yelpchi/r40_s2/graph.bin,/kaggle/working/gfd-robustness-v4-factorial-r1/graphs/variants/yelpchi/r40_s2/camouflage_feature_oracle/0.30/seed_1/graph.bin,/kaggle/working/gfd-robustness-v4-factorial-r1/graphs/base/yelpchi/r40_s2/graph.bin,ok,
gfd_robustness_benchmark_v4_factorial,yelpchi,r40_s2,1,3,camouflage_feature_oracle,0.3,sage,train_on_variant,0.6993327737981268,0.3329607387137255,0.6137578296284903,0.6052274107933044,3.504011480999907,100,98,0.6961683319148327,roc_auc,max_epochs,45954,8051348,175.2045135498047,175.0,175.2045135498047,175.0,0.2268800139427185,0.1452974677085876,/kaggle/working/gfd-robustness-v4-factorial-r1/graphs/base/yelpchi/r40_s2/graph.bin,/kaggle/working/gfd-robustness-v4-factorial-r1/graphs/variants/yelpchi/r40_s2/camouflage_feature_oracle/0.30/seed_1/graph.bin,/kaggle/working/gfd-robustness-v4-factorial-r1/graphs/variants/yelpchi/r40_s2/camouflage_feature_oracle/0.30/seed_1/graph.bin,ok,
gfd_robustness_benchmark_v4_factorial,yelpchi,r40_s2,1,3,camouflage_feature_oracle,0.3,secgfd,train_clean_eval_all,0.7134685329569984,0.3638760171460702,0.6348696187598813,0.7292185425758362,0.2292737510015285,50,49,0.8013855055464565,roc_auc,max_epochs,45954,8051348,175.2045135498047,175.0,175.2045135498047,175.0,0.2268800139427185,0.1452974677085876,/kaggle/working/gfd-robustness-v4-factorial-r1/graphs/base/yelpchi/r40_s2/graph.bin,/kaggle/working/gfd-robustness-v4-factorial-r1/graphs/variants/yelpchi/r40_s2/camouflage_feature_oracle/0.30/seed_1/graph.bin,/kaggle/working/gfd-robustness-v4-factorial-r1/graphs/base/yelpchi/r40_s2/graph.bin,ok,
gfd_robustness_benchmark_v4_factorial,yelpchi,r40_s2,1,3,camouflage_feature_oracle,0.3,secgfd,train_on_variant,0.7026703339756333,0.3366789295441711,0.6200700503000462,0.6612070798873901,4.823482894000335,50,49,0.6929413026841845,roc_auc,max_epochs,45954,8051348,175.2045135498047,175.0,175.2045135498047,175.0,0.2268800139427185,0.1452974677085876,/kaggle/working/gfd-robustness-v4-factorial-r1/graphs/base/yelpchi/r40_s2/graph.bin,/kaggle/working/gfd-robustness-v4-factorial-r1/graphs/variants/yelpchi/r40_s2/camouflage_feature_oracle/0.30/seed_1/graph.bin,/kaggle/working/gfd-robustness-v4-factorial-r1/graphs/variants/yelpchi/r40_s2/camouflage_feature_oracle/0.30/seed_1/graph.bin,ok,
gfd_robustness_benchmark_v4_factorial,yelpchi,r40_s2,1,4,camouflage_feature_oracle,0.3,mlp,train_clean_eval_all,0.7033605269095211,0.328382362633381,0.6137837876426648,0.6527314186096191,0.131325342999844,100,100,0.7886782196983243,roc_auc,max_epochs,45954,8051348,175.2045135498047,175.0,175.2045135498047,175.0,0.2268800139427185,0.1452974677085876,/kaggle/working/gfd-robustness-v4-factorial-r1/graphs/base/yelpchi/r40_s2/graph.bin,/kaggle/working/gfd-robustness-v4-factorial-r1/graphs/variants/yelpchi/r40_s2/camouflage_feature_oracle/0.30/seed_1/graph.bin,/kaggle/working/gfd-robustness-v4-factorial-r1/graphs/base/yelpchi/r40_s2/graph.bin,ok,
gfd_robustness_benchmark_v4_factorial,yelpchi,r40_s2,1,4,camouflage_feature_oracle,0.3,mlp,train_on_variant,0.6987862718110114,0.3233976495702046,0.6108956121304182,0.6041665077209473,2.182858370999384,100,100,0.6947165978872686,roc_auc,max_epochs,45954,8051348,175.2045135498047,175.0,175.2045135498047,175.0,0.2268800139427185,0.1452974677085876,/kaggle/working/gfd-robustness-v4-factorial-r1/graphs/base/yelpchi/r40_s2/graph.bin,/kaggle/working/gfd-robustness-v4-factorial-r1/graphs/variants/yelpchi/r40_s2/camouflage_feature_oracle/0.30/seed_1/graph.bin,/kaggle/working/gfd-robustness-v4-factorial-r1/graphs/variants/yelpchi/r40_s2/camouflage_feature_oracle/0.30/seed_1/graph.bin,ok,
gfd_robustness_benchmark_v4_factorial,yelpchi,r40_s2,1,4,camouflage_feature_oracle,0.3,pmp,train_clean_eval_all,0.7659667974704867,0.4576128706909785,0.6704051844505858,0.3711147308349609,0.4755059250001068,88,78,0.8543143635700441,roc_auc,early_stopping,45954,8051348,175.2045135498047,175.0,175.2045135498047,175.0,0.2268800139427185,0.1452974677085876,/kaggle/working/gfd-robustness-v4-factorial-r1/graphs/base/yelpchi/r40_s2/graph.bin,/kaggle/working/gfd-robustness-v4-factorial-r1/graphs/variants/yelpchi/r40_s2/camouflage_feature_oracle/0.30/seed_1/graph.bin,/kaggle/working/gfd-robustness-v4-factorial-r1/graphs/base/yelpchi/r40_s2/graph.bin,ok,
gfd_robustness_benchmark_v4_factorial,yelpchi,r40_s2,1,4,camouflage_feature_oracle,0.3,pmp,train_on_variant,0.7582445851677501,0.4256747376483411,0.6610142666947997,0.28517946600914,44.89029123399996,75,65,0.7608566789921255,roc_auc,early_stopping,45954,8051348,175.2045135498047,175.0,175.2045135498047,175.0,0.2268800139427185,0.1452974677085876,/kaggle/working/gfd-robustness-v4-factorial-r1/graphs/base/yelpchi/r40_s2/graph.bin,/kaggle/working/gfd-robustness-v4-factorial-r1/graphs/variants/yelpchi/r40_s2/camouflage_feature_oracle/0.30/seed_1/graph.bin,/kaggle/working/gfd-robustness-v4-factorial-r1/graphs/variants/yelpchi/r40_s2/camouflage_feature_oracle/0.30/seed_1/graph.bin,ok,
gfd_robustness_benchmark_v4_factorial,yelpchi,r40_s2,1,4,camouflage_feature_oracle,0.3,sage,train_clean_eval_all,0.7044454084448212,0.3329211479509763,0.6192245449726387,0.663702666759491,0.2215027799993549,100,100,0.7873061124263036,roc_auc,max_epochs,45954,8051348,175.2045135498047,175.0,175.2045135498047,175.0,0.2268800139427185,0.1452974677085876,/kaggle/working/gfd-robustness-v4-factorial-r1/graphs/base/yelpchi/r40_s2/graph.bin,/kaggle/working/gfd-robustness-v4-factorial-r1/graphs/variants/yelpchi/r40_s2/camouflage_feature_oracle/0.30/seed_1/graph.bin,/kaggle/working/gfd-robustness-v4-factorial-r1/graphs/base/yelpchi/r40_s2/graph.bin,ok,
gfd_robustness_benchmark_v4_factorial,yelpchi,r40_s2,1,4,camouflage_feature_oracle,0.3,sage,train_on_variant,0.5366784331667622,0.1654946553745285,0.5224805599062439,0.566725492477417,0.8315561649997107,17,7,0.5651148985474077,roc_auc,early_stopping,45954,8051348,175.2045135498047,175.0,175.2045135498047,175.0,0.2268800139427185,0.1452974677085876,/kaggle/working/gfd-robustness-v4-factorial-r1/graphs/base/yelpchi/r40_s2/graph.bin,/kaggle/working/gfd-robustness-v4-factorial-r1/graphs/variants/yelpchi/r40_s2/camouflage_feature_oracle/0.30/seed_1/graph.bin,/kaggle/working/gfd-robustness-v4-factorial-r1/graphs/variants/yelpchi/r40_s2/camouflage_feature_oracle/0.30/seed_1/graph.bin,ok,
gfd_robustness_benchmark_v4_factorial,yelpchi,r40_s2,1,4,camouflage_feature_oracle,0.3,secgfd,train_clean_eval_all,0.7017810460100674,0.3332410357183724,0.6174548087016889,0.6979449987411499,0.2379625870016752,50,50,0.7831441601880527,roc_auc,max_epochs,45954,8051348,175.2045135498047,175.0,175.2045135498047,175.0,0.2268800139427185,0.1452974677085876,/kaggle/working/gfd-robustness-v4-factorial-r1/graphs/base/yelpchi/r40_s2/graph.bin,/kaggle/working/gfd-robustness-v4-factorial-r1/graphs/variants/yelpchi/r40_s2/camouflage_feature_oracle/0.30/seed_1/graph.bin,/kaggle/working/gfd-robustness-v4-factorial-r1/graphs/base/yelpchi/r40_s2/graph.bin,ok,
gfd_robustness_benchmark_v4_factorial,yelpchi,r40_s2,1,4,camouflage_feature_oracle,0.3,secgfd,train_on_variant,0.708869446062051,0.349353504340318,0.626057226797627,0.6687255501747131,4.676949586999399,50,48,0.7018864388960012,roc_auc,max_epochs,45954,8051348,175.2045135498047,175.0,175.2045135498047,175.0,0.2268800139427185,0.1452974677085876,/kaggle/working/gfd-robustness-v4-factorial-r1/graphs/base/yelpchi/r40_s2/graph.bin,/kaggle/working/gfd-robustness-v4-factorial-r1/graphs/variants/yelpchi/r40_s2/camouflage_feature_oracle/0.30/seed_1/graph.bin,/kaggle/working/gfd-robustness-v4-factorial-r1/graphs/variants/yelpchi/r40_s2/camouflage_feature_oracle/0.30/seed_1/graph.bin,ok,
gfd_robustness_benchmark_v4_factorial,yelpchi,r40_s2,0,0,camouflage_relation_oracle,0.15,mlp,train_clean_eval_all,0.7404642686051014,0.3246557322868326,0.6234842465885414,0.5026629567146301,0.2034754510004859,17,7,0.738136447836131,roc_auc,early_stopping,45954,8071230,175.6371612548828,176.0,175.6371612548828,176.0,0.2312477827072143,0.1452974677085876,/kaggle/working/gfd-robustness-v4-factorial-r1/graphs/base/yelpchi/r40_s2/graph.bin,/kaggle/working/gfd-robustness-v4-factorial-r1/graphs/variants/yelpchi/r40_s2/camouflage_relation_oracle/0.15/seed_0/graph.bin,/kaggle/working/gfd-robustness-v4-factorial-r1/graphs/base/yelpchi/r40_s2/graph.bin,ok,
gfd_robustness_benchmark_v4_factorial,yelpchi,r40_s2,0,0,camouflage_relation_oracle,0.15,mlp,train_on_variant,0.7404642686051014,0.3246557322868326,0.6234842465885414,0.5026629567146301,0.5602526889997534,17,7,0.738136447836131,roc_auc,early_stopping,45954,8071230,175.6371612548828,176.0,175.6371612548828,176.0,0.2312477827072143,0.1452974677085876,/kaggle/working/gfd-robustness-v4-factorial-r1/graphs/base/yelpchi/r40_s2/graph.bin,/kaggle/working/gfd-robustness-v4-factorial-r1/graphs/variants/yelpchi/r40_s2/camouflage_relation_oracle/0.15/seed_0/graph.bin,/kaggle/working/gfd-robustness-v4-factorial-r1/graphs/variants/yelpchi/r40_s2/camouflage_relation_oracle/0.15/seed_0/graph.bin,ok,
gfd_robustness_benchmark_v4_factorial,yelpchi,r40_s2,0,0,camouflage_relation_oracle,0.15,pmp,train_clean_eval_all,0.8423371720154396,0.5413308434346626,0.7164818106788715,0.3942893743515014,0.4842612669999653,71,61,0.8519974633871886,roc_auc,early_stopping,45954,8071230,175.6371612548828,176.0,175.6371612548828,176.0,0.2312477827072143,0.1452974677085876,/kaggle/working/gfd-robustness-v4-factorial-r1/graphs/base/yelpchi/r40_s2/graph.bin,/kaggle/working/gfd-robustness-v4-factorial-r1/graphs/variants/yelpchi/r40_s2/camouflage_relation_oracle/0.15/seed_0/graph.bin,/kaggle/working/gfd-robustness-v4-factorial-r1/graphs/base/yelpchi/r40_s2/graph.bin,ok,
gfd_robustness_benchmark_v4_factorial,yelpchi,r40_s2,0,0,camouflage_relation_oracle,0.15,pmp,train_on_variant,0.844277887072088,0.5646373317687038,0.7189047369194272,0.3821973204612732,53.5073689639994,90,80,0.8530235041970929,roc_auc,early_stopping,45954,8071230,175.6371612548828,176.0,175.6371612548828,176.0,0.2312477827072143,0.1452974677085876,/kaggle/working/gfd-robustness-v4-factorial-r1/graphs/base/yelpchi/r40_s2/graph.bin,/kaggle/working/gfd-robustness-v4-factorial-r1/graphs/variants/yelpchi/r40_s2/camouflage_relation_oracle/0.15/seed_0/graph.bin,/kaggle/working/gfd-robustness-v4-factorial-r1/graphs/variants/yelpchi/r40_s2/camouflage_relation_oracle/0.15/seed_0/graph.bin,ok,
gfd_robustness_benchmark_v4_factorial,yelpchi,r40_s2,0,0,camouflage_relation_oracle,0.15,sage,train_clean_eval_all,0.7827207569331804,0.42418697245188,0.6579569342855498,0.648261308670044,0.1864167299991095,100,100,0.7811570196706694,roc_auc,max_epochs,45954,8071230,175.6371612548828,176.0,175.6371612548828,176.0,0.2312477827072143,0.1452974677085876,/kaggle/working/gfd-robustness-v4-factorial-r1/graphs/base/yelpchi/r40_s2/graph.bin,/kaggle/working/gfd-robustness-v4-factorial-r1/graphs/variants/yelpchi/r40_s2/camouflage_relation_oracle/0.15/seed_0/graph.bin,/kaggle/working/gfd-robustness-v4-factorial-r1/graphs/base/yelpchi/r40_s2/graph.bin,ok,
gfd_robustness_benchmark_v4_factorial,yelpchi,r40_s2,0,0,camouflage_relation_oracle,0.15,sage,train_on_variant,0.7806972930412088,0.4205750271585983,0.6562214766609578,0.612033486366272,3.2201228909998463,100,100,0.7812759829970652,roc_auc,max_epochs,45954,8071230,175.6371612548828,176.0,175.6371612548828,176.0,0.2312477827072143,0.1452974677085876,/kaggle/working/gfd-robustness-v4-factorial-r1/graphs/base/yelpchi/r40_s2/graph.bin,/kaggle/working/gfd-robustness-v4-factorial-r1/graphs/variants/yelpchi/r40_s2/camouflage_relation_oracle/0.15/seed_0/graph.bin,/kaggle/working/gfd-robustness-v4-factorial-r1/graphs/variants/yelpchi/r40_s2/camouflage_relation_oracle/0.15/seed_0/graph.bin,ok,
gfd_robustness_benchmark_v4_factorial,yelpchi,r40_s2,0,0,camouflage_relation_oracle,0.15,secgfd,train_clean_eval_all,0.8164813527857726,0.4772060217483888,0.6902230000111931,0.7547904253005981,0.2384083149991056,50,50,0.8112726691889752,roc_auc,max_epochs,45954,8071230,175.6371612548828,176.0,175.6371612548828,176.0,0.2312477827072143,0.1452974677085876,/kaggle/working/gfd-robustness-v4-factorial-r1/graphs/base/yelpchi/r40_s2/graph.bin,/kaggle/working/gfd-robustness-v4-factorial-r1/graphs/variants/yelpchi/r40_s2/camouflage_relation_oracle/0.15/seed_0/graph.bin,/kaggle/working/gfd-robustness-v4-factorial-r1/graphs/base/yelpchi/r40_s2/graph.bin,ok,
gfd_robustness_benchmark_v4_factorial,yelpchi,r40_s2,0,0,camouflage_relation_oracle,0.15,secgfd,train_on_variant,0.817860380943815,0.4875232171296046,0.6893309364257556,0.6920607089996338,4.777242655000009,50,47,0.8162490076455989,roc_auc,max_epochs,45954,8071230,175.6371612548828,176.0,175.6371612548828,176.0,0.2312477827072143,0.1452974677085876,/kaggle/working/gfd-robustness-v4-factorial-r1/graphs/base/yelpchi/r40_s2/graph.bin,/kaggle/working/gfd-robustness-v4-factorial-r1/graphs/variants/yelpchi/r40_s2/camouflage_relation_oracle/0.15/seed_0/graph.bin,/kaggle/working/gfd-robustness-v4-factorial-r1/graphs/variants/yelpchi/r40_s2/camouflage_relation_oracle/0.15/seed_0/graph.bin,ok,
gfd_robustness_benchmark_v4_factorial,yelpchi,r40_s2,0,1,camouflage_relation_oracle,0.15,mlp,train_clean_eval_all,0.789016635612431,0.4167857282436971,0.6554860094295863,0.6965858936309814,0.1530499559994496,100,100,0.7856864946824108,roc_auc,max_epochs,45954,8071230,175.6371612548828,176.0,175.6371612548828,176.0,0.2312477827072143,0.1452974677085876,/kaggle/working/gfd-robustness-v4-factorial-r1/graphs/base/yelpchi/r40_s2/graph.bin,/kaggle/working/gfd-robustness-v4-factorial-r1/graphs/variants/yelpchi/r40_s2/camouflage_relation_oracle/0.15/seed_0/graph.bin,/kaggle/working/gfd-robustness-v4-factorial-r1/graphs/base/yelpchi/r40_s2/graph.bin,ok,
gfd_robustness_benchmark_v4_factorial,yelpchi,r40_s2,0,1,camouflage_relation_oracle,0.15,mlp,train_on_variant,0.789016635612431,0.4167857282436971,0.6554860094295863,0.6965858936309814,2.0845596700000897,100,100,0.7856864946824108,roc_auc,max_epochs,45954,8071230,175.6371612548828,176.0,175.6371612548828,176.0,0.2312477827072143,0.1452974677085876,/kaggle/working/gfd-robustness-v4-factorial-r1/graphs/base/yelpchi/r40_s2/graph.bin,/kaggle/working/gfd-robustness-v4-factorial-r1/graphs/variants/yelpchi/r40_s2/camouflage_relation_oracle/0.15/seed_0/graph.bin,/kaggle/working/gfd-robustness-v4-factorial-r1/graphs/variants/yelpchi/r40_s2/camouflage_relation_oracle/0.15/seed_0/graph.bin,ok,
gfd_robustness_benchmark_v4_factorial,yelpchi,r40_s2,0,1,camouflage_relation_oracle,0.15,pmp,train_clean_eval_all,0.8414306387543142,0.555468675347174,0.7158011289818015,0.3003063797950744,0.4968399379995389,82,72,0.8499563006458349,roc_auc,early_stopping,45954,8071230,175.6371612548828,176.0,175.6371612548828,176.0,0.2312477827072143,0.1452974677085876,/kaggle/working/gfd-robustness-v4-factorial-r1/graphs/base/yelpchi/r40_s2/graph.bin,/kaggle/working/gfd-robustness-v4-factorial-r1/graphs/variants/yelpchi/r40_s2/camouflage_relation_oracle/0.15/seed_0/graph.bin,/kaggle/working/gfd-robustness-v4-factorial-r1/graphs/base/yelpchi/r40_s2/graph.bin,ok,
gfd_robustness_benchmark_v4_factorial,yelpchi,r40_s2,0,1,camouflage_relation_oracle,0.15,pmp,train_on_variant,0.8401446732616742,0.5586111702303134,0.7170240673273502,0.3343253135681152,39.66937954500099,68,58,0.8473900304441218,roc_auc,early_stopping,45954,8071230,175.6371612548828,176.0,175.6371612548828,176.0,0.2312477827072143,0.1452974677085876,/kaggle/working/gfd-robustness-v4-factorial-r1/graphs/base/yelpchi/r40_s2/graph.bin,/kaggle/working/gfd-robustness-v4-factorial-r1/graphs/variants/yelpchi/r40_s2/camouflage_relation_oracle/0.15/seed_0/graph.bin,/kaggle/working/gfd-robustness-v4-factorial-r1/graphs/variants/yelpchi/r40_s2/camouflage_relation_oracle/0.15/seed_0/graph.bin,ok,
gfd_robustness_benchmark_v4_factorial,yelpchi,r40_s2,0,1,camouflage_relation_oracle,0.15,sage,train_clean_eval_all,0.6164036370042502,0.1962759569239014,0.543514834583932,0.2710321545600891,0.2211217750009382,23,13,0.6158413377294931,roc_auc,early_stopping,45954,8071230,175.6371612548828,176.0,175.6371612548828,176.0,0.2312477827072143,0.1452974677085876,/kaggle/working/gfd-robustness-v4-factorial-r1/graphs/base/yelpchi/r40_s2/graph.bin,/kaggle/working/gfd-robustness-v4-factorial-r1/graphs/variants/yelpchi/r40_s2/camouflage_relation_oracle/0.15/seed_0/graph.bin,/kaggle/working/gfd-robustness-v4-factorial-r1/graphs/base/yelpchi/r40_s2/graph.bin,ok,
gfd_robustness_benchmark_v4_factorial,yelpchi,r40_s2,0,1,camouflage_relation_oracle,0.15,sage,train_on_variant,0.6169681941488713,0.1963091558343009,0.5443283343912589,0.2719205021858215,1.008818660999168,23,13,0.619999141747545,roc_auc,early_stopping,45954,8071230,175.6371612548828,176.0,175.6371612548828,176.0,0.2312477827072143,0.1452974677085876,/kaggle/working/gfd-robustness-v4-factorial-r1/graphs/base/yelpchi/r40_s2/graph.bin,/kaggle/working/gfd-robustness-v4-factorial-r1/graphs/variants/yelpchi/r40_s2/camouflage_relation_oracle/0.15/seed_0/graph.bin,/kaggle/working/gfd-robustness-v4-factorial-r1/graphs/variants/yelpchi/r40_s2/camouflage_relation_oracle/0.15/seed_0/graph.bin,ok,
gfd_robustness_benchmark_v4_factorial,yelpchi,r40_s2,0,1,camouflage_relation_oracle,0.15,secgfd,train_clean_eval_all,0.7946390068958316,0.4352846002120514,0.6651600050571642,0.7049526572227478,0.2735878379990026,50,49,0.789748460509659,roc_auc,max_epochs,45954,8071230,175.6371612548828,176.0,175.6371612548828,176.0,0.2312477827072143,0.1452974677085876,/kaggle/working/gfd-robustness-v4-factorial-r1/graphs/base/yelpchi/r40_s2/graph.bin,/kaggle/working/gfd-robustness-v4-factorial-r1/graphs/variants/yelpchi/r40_s2/camouflage_relation_oracle/0.15/seed_0/graph.bin,/kaggle/working/gfd-robustness-v4-factorial-r1/graphs/base/yelpchi/r40_s2/graph.bin,ok,
gfd_robustness_benchmark_v4_factorial,yelpchi,r40_s2,0,1,camouflage_relation_oracle,0.15,secgfd,train_on_variant,0.8076115422858459,0.4670357351786657,0.6796608012119949,0.7643973231315613,4.803598131000399,50,50,0.8071836684093959,roc_auc,max_epochs,45954,8071230,175.6371612548828,176.0,175.6371612548828,176.0,0.2312477827072143,0.1452974677085876,/kaggle/working/gfd-robustness-v4-factorial-r1/graphs/base/yelpchi/r40_s2/graph.bin,/kaggle/working/gfd-robustness-v4-factorial-r1/graphs/variants/yelpchi/r40_s2/camouflage_relation_oracle/0.15/seed_0/graph.bin,/kaggle/working/gfd-robustness-v4-factorial-r1/graphs/variants/yelpchi/r40_s2/camouflage_relation_oracle/0.15/seed_0/graph.bin,ok,
gfd_robustness_benchmark_v4_factorial,yelpchi,r40_s2,0,2,camouflage_relation_oracle,0.15,mlp,train_clean_eval_all,0.791833978586869,0.422563545347575,0.659744675709785,0.6869957447052002,0.1824111370005994,100,100,0.7910127617371984,roc_auc,max_epochs,45954,8071230,175.6371612548828,176.0,175.6371612548828,176.0,0.2312477827072143,0.1452974677085876,/kaggle/working/gfd-robustness-v4-factorial-r1/graphs/base/yelpchi/r40_s2/graph.bin,/kaggle/working/gfd-robustness-v4-factorial-r1/graphs/variants/yelpchi/r40_s2/camouflage_relation_oracle/0.15/seed_0/graph.bin,/kaggle/working/gfd-robustness-v4-factorial-r1/graphs/base/yelpchi/r40_s2/graph.bin,ok,
gfd_robustness_benchmark_v4_factorial,yelpchi,r40_s2,0,2,camouflage_relation_oracle,0.15,mlp,train_on_variant,0.791833978586869,0.422563545347575,0.659744675709785,0.6869957447052002,2.058952395000233,100,100,0.7910127617371984,roc_auc,max_epochs,45954,8071230,175.6371612548828,176.0,175.6371612548828,176.0,0.2312477827072143,0.1452974677085876,/kaggle/working/gfd-robustness-v4-factorial-r1/graphs/base/yelpchi/r40_s2/graph.bin,/kaggle/working/gfd-robustness-v4-factorial-r1/graphs/variants/yelpchi/r40_s2/camouflage_relation_oracle/0.15/seed_0/graph.bin,/kaggle/working/gfd-robustness-v4-factorial-r1/graphs/variants/yelpchi/r40_s2/camouflage_relation_oracle/0.15/seed_0/graph.bin,ok,
gfd_robustness_benchmark_v4_factorial,yelpchi,r40_s2,0,2,camouflage_relation_oracle,0.15,pmp,train_clean_eval_all,0.8414620685436662,0.5491993189581578,0.7099838772034277,0.3158973157405853,0.4791141419991618,67,57,0.8516228361905988,roc_auc,early_stopping,45954,8071230,175.6371612548828,176.0,175.6371612548828,176.0,0.2312477827072143,0.1452974677085876,/kaggle/working/gfd-robustness-v4-factorial-r1/graphs/base/yelpchi/r40_s2/graph.bin,/kaggle/working/gfd-robustness-v4-factorial-r1/graphs/variants/yelpchi/r40_s2/camouflage_relation_oracle/0.15/seed_0/graph.bin,/kaggle/working/gfd-robustness-v4-factorial-r1/graphs/base/yelpchi/r40_s2/graph.bin,ok,
gfd_robustness_benchmark_v4_factorial,yelpchi,r40_s2,0,2,camouflage_relation_oracle,0.15,pmp,train_on_variant,0.8421174731430723,0.5558722437341038,0.7160084124009283,0.3396660387516022,41.95408448299895,72,62,0.8508493123252204,roc_auc,early_stopping,45954,8071230,175.6371612548828,176.0,175.6371612548828,176.0,0.2312477827072143,0.1452974677085876,/kaggle/working/gfd-robustness-v4-factorial-r1/graphs/base/yelpchi/r40_s2/graph.bin,/kaggle/working/gfd-robustness-v4-factorial-r1/graphs/variants/yelpchi/r40_s2/camouflage_relation_oracle/0.15/seed_0/graph.bin,/kaggle/working/gfd-robustness-v4-factorial-r1/graphs/variants/yelpchi/r40_s2/camouflage_relation_oracle/0.15/seed_0/graph.bin,ok,
gfd_robustness_benchmark_v4_factorial,yelpchi,r40_s2,0,2,camouflage_relation_oracle,0.15,sage,train_clean_eval_all,0.7909353057505153,0.4316167177685353,0.6626057877769507,0.6848011612892151,0.1941292550000071,100,99,0.791447800370479,roc_auc,max_epochs,45954,8071230,175.6371612548828,176.0,175.6371612548828,176.0,0.2312477827072143,0.1452974677085876,/kaggle/working/gfd-robustness-v4-factorial-r1/graphs/base/yelpchi/r40_s2/graph.bin,/kaggle/working/gfd-robustness-v4-factorial-r1/graphs/variants/yelpchi/r40_s2/camouflage_relation_oracle/0.15/seed_0/graph.bin,/kaggle/working/gfd-robustness-v4-factorial-r1/graphs/base/yelpchi/r40_s2/graph.bin,ok,
gfd_robustness_benchmark_v4_factorial,yelpchi,r40_s2,0,2,camouflage_relation_oracle,0.15,sage,train_on_variant,0.7923525403368415,0.4267967705487005,0.6624080048903807,0.5957589745521545,3.44185226800073,100,94,0.7896919112090155,roc_auc,max_epochs,45954,8071230,175.6371612548828,176.0,175.6371612548828,176.0,0.2312477827072143,0.1452974677085876,/kaggle/working/gfd-robustness-v4-factorial-r1/graphs/base/yelpchi/r40_s2/graph.bin,/kaggle/working/gfd-robustness-v4-factorial-r1/graphs/variants/yelpchi/r40_s2/camouflage_relation_oracle/0.15/seed_0/graph.bin,/kaggle/working/gfd-robustness-v4-factorial-r1/graphs/variants/yelpchi/r40_s2/camouflage_relation_oracle/0.15/seed_0/graph.bin,ok,
gfd_robustness_benchmark_v4_factorial,yelpchi,r40_s2,0,2,camouflage_relation_oracle,0.15,secgfd,train_clean_eval_all,0.8115935501070161,0.4883884688476001,0.6861240590008162,0.6936580538749695,0.2650952929998311,50,50,0.8116419561480677,roc_auc,max_epochs,45954,8071230,175.6371612548828,176.0,175.6371612548828,176.0,0.2312477827072143,0.1452974677085876,/kaggle/working/gfd-robustness-v4-factorial-r1/graphs/base/yelpchi/r40_s2/graph.bin,/kaggle/working/gfd-robustness-v4-factorial-r1/graphs/variants/yelpchi/r40_s2/camouflage_relation_oracle/0.15/seed_0/graph.bin,/kaggle/working/gfd-robustness-v4-factorial-r1/graphs/base/yelpchi/r40_s2/graph.bin,ok,
gfd_robustness_benchmark_v4_factorial,yelpchi,r40_s2,0,2,camouflage_relation_oracle,0.15,secgfd,train_on_variant,0.8165761661821469,0.4958593513422329,0.6897164110173629,0.7005354166030884,4.760658307000995,50,49,0.8176605468498559,roc_auc,max_epochs,45954,8071230,175.6371612548828,176.0,175.6371612548828,176.0,0.2312477827072143,0.1452974677085876,/kaggle/working/gfd-robustness-v4-factorial-r1/graphs/base/yelpchi/r40_s2/graph.bin,/kaggle/working/gfd-robustness-v4-factorial-r1/graphs/variants/yelpchi/r40_s2/camouflage_relation_oracle/0.15/seed_0/graph.bin,/kaggle/working/gfd-robustness-v4-factorial-r1/graphs/variants/yelpchi/r40_s2/camouflage_relation_oracle/0.15/seed_0/graph.bin,ok,
gfd_robustness_benchmark_v4_factorial,yelpchi,r40_s2,0,3,camouflage_relation_oracle,0.15,mlp,train_clean_eval_all,0.7873703172829494,0.4124587532671446,0.6562929132355262,0.6923589110374451,0.1778983700005483,100,100,0.787128406487435,roc_auc,max_epochs,45954,8071230,175.6371612548828,176.0,175.6371612548828,176.0,0.2312477827072143,0.1452974677085876,/kaggle/working/gfd-robustness-v4-factorial-r1/graphs/base/yelpchi/r40_s2/graph.bin,/kaggle/working/gfd-robustness-v4-factorial-r1/graphs/variants/yelpchi/r40_s2/camouflage_relation_oracle/0.15/seed_0/graph.bin,/kaggle/working/gfd-robustness-v4-factorial-r1/graphs/base/yelpchi/r40_s2/graph.bin,ok,
gfd_robustness_benchmark_v4_factorial,yelpchi,r40_s2,0,3,camouflage_relation_oracle,0.15,mlp,train_on_variant,0.7873703172829494,0.4124587532671446,0.6562929132355262,0.6923589110374451,2.042087358000572,100,100,0.787128406487435,roc_auc,max_epochs,45954,8071230,175.6371612548828,176.0,175.6371612548828,176.0,0.2312477827072143,0.1452974677085876,/kaggle/working/gfd-robustness-v4-factorial-r1/graphs/base/yelpchi/r40_s2/graph.bin,/kaggle/working/gfd-robustness-v4-factorial-r1/graphs/variants/yelpchi/r40_s2/camouflage_relation_oracle/0.15/seed_0/graph.bin,/kaggle/working/gfd-robustness-v4-factorial-r1/graphs/variants/yelpchi/r40_s2/camouflage_relation_oracle/0.15/seed_0/graph.bin,ok,
gfd_robustness_benchmark_v4_factorial,yelpchi,r40_s2,0,3,camouflage_relation_oracle,0.15,pmp,train_clean_eval_all,0.8405477105869726,0.5504974662930768,0.7131919388857131,0.3407284319400787,0.4616610430002765,81,71,0.8504771645246115,roc_auc,early_stopping,45954,8071230,175.6371612548828,176.0,175.6371612548828,176.0,0.2312477827072143,0.1452974677085876,/kaggle/working/gfd-robustness-v4-factorial-r1/graphs/base/yelpchi/r40_s2/graph.bin,/kaggle/working/gfd-robustness-v4-factorial-r1/graphs/variants/yelpchi/r40_s2/camouflage_relation_oracle/0.15/seed_0/graph.bin,/kaggle/working/gfd-robustness-v4-factorial-r1/graphs/base/yelpchi/r40_s2/graph.bin,ok,
gfd_robustness_benchmark_v4_factorial,yelpchi,r40_s2,0,3,camouflage_relation_oracle,0.15,pmp,train_on_variant,0.8500551920916314,0.575212777985784,0.7202553068408257,0.2313269972801208,58.52272119000008,100,95,0.8532245259943212,roc_auc,max_epochs,45954,8071230,175.6371612548828,176.0,175.6371612548828,176.0,0.2312477827072143,0.1452974677085876,/kaggle/working/gfd-robustness-v4-factorial-r1/graphs/base/yelpchi/r40_s2/graph.bin,/kaggle/working/gfd-robustness-v4-factorial-r1/graphs/variants/yelpchi/r40_s2/camouflage_relation_oracle/0.15/seed_0/graph.bin,/kaggle/working/gfd-robustness-v4-factorial-r1/graphs/variants/yelpchi/r40_s2/camouflage_relation_oracle/0.15/seed_0/graph.bin,ok,
gfd_robustness_benchmark_v4_factorial,yelpchi,r40_s2,0,3,camouflage_relation_oracle,0.15,sage,train_clean_eval_all,0.7811898558407625,0.4184345518776098,0.6597204399235695,0.678734302520752,0.2500992330005829,100,100,0.781263013848857,roc_auc,max_epochs,45954,8071230,175.6371612548828,176.0,175.6371612548828,176.0,0.2312477827072143,0.1452974677085876,/kaggle/working/gfd-robustness-v4-factorial-r1/graphs/base/yelpchi/r40_s2/graph.bin,/kaggle/working/gfd-robustness-v4-factorial-r1/graphs/variants/yelpchi/r40_s2/camouflage_relation_oracle/0.15/seed_0/graph.bin,/kaggle/working/gfd-robustness-v4-factorial-r1/graphs/base/yelpchi/r40_s2/graph.bin,ok,
gfd_robustness_benchmark_v4_factorial,yelpchi,r40_s2,0,3,camouflage_relation_oracle,0.15,sage,train_on_variant,0.782747363280059,0.4191768820988139,0.660082417167592,0.6832015514373779,3.3510806799986312,100,97,0.783161229875768,roc_auc,max_epochs,45954,8071230,175.6371612548828,176.0,175.6371612548828,176.0,0.2312477827072143,0.1452974677085876,/kaggle/working/gfd-robustness-v4-factorial-r1/graphs/base/yelpchi/r40_s2/graph.bin,/kaggle/working/gfd-robustness-v4-factorial-r1/graphs/variants/yelpchi/r40_s2/camouflage_relation_oracle/0.15/seed_0/graph.bin,/kaggle/working/gfd-robustness-v4-factorial-r1/graphs/variants/yelpchi/r40_s2/camouflage_relation_oracle/0.15/seed_0/graph.bin,ok,
gfd_robustness_benchmark_v4_factorial,yelpchi,r40_s2,0,3,camouflage_relation_oracle,0.15,secgfd,train_clean_eval_all,0.8055719883425613,0.4677909968412244,0.6801738669893536,0.7292185425758362,0.2242266969988122,50,49,0.8013855055464565,roc_auc,max_epochs,45954,8071230,175.6371612548828,176.0,175.6371612548828,176.0,0.2312477827072143,0.1452974677085876,/kaggle/working/gfd-robustness-v4-factorial-r1/graphs/base/yelpchi/r40_s2/graph.bin,/kaggle/working/gfd-robustness-v4-factorial-r1/graphs/variants/yelpchi/r40_s2/camouflage_relation_oracle/0.15/seed_0/graph.bin,/kaggle/working/gfd-robustness-v4-factorial-r1/graphs/base/yelpchi/r40_s2/graph.bin,ok,
gfd_robustness_benchmark_v4_factorial,yelpchi,r40_s2,0,3,camouflage_relation_oracle,0.15,secgfd,train_on_variant,0.793064933015842,0.4363220634025577,0.6656450371784615,0.724228024482727,4.837678976000461,50,50,0.7889120934923007,roc_auc,max_epochs,45954,8071230,175.6371612548828,176.0,175.6371612548828,176.0,0.2312477827072143,0.1452974677085876,/kaggle/working/gfd-robustness-v4-factorial-r1/graphs/base/yelpchi/r40_s2/graph.bin,/kaggle/working/gfd-robustness-v4-factorial-r1/graphs/variants/yelpchi/r40_s2/camouflage_relation_oracle/0.15/seed_0/graph.bin,/kaggle/working/gfd-robustness-v4-factorial-r1/graphs/variants/yelpchi/r40_s2/camouflage_relation_oracle/0.15/seed_0/graph.bin,ok,
gfd_robustness_benchmark_v4_factorial,yelpchi,r40_s2,0,4,camouflage_relation_oracle,0.15,mlp,train_clean_eval_all,0.7906828431985317,0.4231759041474303,0.6564547082775046,0.6527314186096191,0.1332873840001411,100,100,0.7886782196983243,roc_auc,max_epochs,45954,8071230,175.6371612548828,176.0,175.6371612548828,176.0,0.2312477827072143,0.1452974677085876,/kaggle/working/gfd-robustness-v4-factorial-r1/graphs/base/yelpchi/r40_s2/graph.bin,/kaggle/working/gfd-robustness-v4-factorial-r1/graphs/variants/yelpchi/r40_s2/camouflage_relation_oracle/0.15/seed_0/graph.bin,/kaggle/working/gfd-robustness-v4-factorial-r1/graphs/base/yelpchi/r40_s2/graph.bin,ok,
gfd_robustness_benchmark_v4_factorial,yelpchi,r40_s2,0,4,camouflage_relation_oracle,0.15,mlp,train_on_variant,0.7906828431985317,0.4231759041474303,0.6564547082775046,0.6527314186096191,2.0215824140013865,100,100,0.7886782196983243,roc_auc,max_epochs,45954,8071230,175.6371612548828,176.0,175.6371612548828,176.0,0.2312477827072143,0.1452974677085876,/kaggle/working/gfd-robustness-v4-factorial-r1/graphs/base/yelpchi/r40_s2/graph.bin,/kaggle/working/gfd-robustness-v4-factorial-r1/graphs/variants/yelpchi/r40_s2/camouflage_relation_oracle/0.15/seed_0/graph.bin,/kaggle/working/gfd-robustness-v4-factorial-r1/graphs/variants/yelpchi/r40_s2/camouflage_relation_oracle/0.15/seed_0/graph.bin,ok,
gfd_robustness_benchmark_v4_factorial,yelpchi,r40_s2,0,4,camouflage_relation_oracle,0.15,pmp,train_clean_eval_all,0.8483320321551399,0.5666708491165474,0.7219768641928359,0.3711147308349609,0.4597010899997258,88,78,0.8543143635700441,roc_auc,early_stopping,45954,8071230,175.6371612548828,176.0,175.6371612548828,176.0,0.2312477827072143,0.1452974677085876,/kaggle/working/gfd-robustness-v4-factorial-r1/graphs/base/yelpchi/r40_s2/graph.bin,/kaggle/working/gfd-robustness-v4-factorial-r1/graphs/variants/yelpchi/r40_s2/camouflage_relation_oracle/0.15/seed_0/graph.bin,/kaggle/working/gfd-robustness-v4-factorial-r1/graphs/base/yelpchi/r40_s2/graph.bin,ok,
gfd_robustness_benchmark_v4_factorial,yelpchi,r40_s2,0,4,camouflage_relation_oracle,0.15,pmp,train_on_variant,0.846905448427229,0.5616161271093241,0.7234842013129462,0.2663650512695312,57.83620739499929,99,89,0.8538018438123574,roc_auc,early_stopping,45954,8071230,175.6371612548828,176.0,175.6371612548828,176.0,0.2312477827072143,0.1452974677085876,/kaggle/working/gfd-robustness-v4-factorial-r1/graphs/base/yelpchi/r40_s2/graph.bin,/kaggle/working/gfd-robustness-v4-factorial-r1/graphs/variants/yelpchi/r40_s2/camouflage_relation_oracle/0.15/seed_0/graph.bin,/kaggle/working/gfd-robustness-v4-factorial-r1/graphs/variants/yelpchi/r40_s2/camouflage_relation_oracle/0.15/seed_0/graph.bin,ok,
gfd_robustness_benchmark_v4_factorial,yelpchi,r40_s2,0,4,camouflage_relation_oracle,0.15,sage,train_clean_eval_all,0.786499953885508,0.4233172293385725,0.6588011069913441,0.663702666759491,0.2192688890008867,100,100,0.7873061124263036,roc_auc,max_epochs,45954,8071230,175.6371612548828,176.0,175.6371612548828,176.0,0.2312477827072143,0.1452974677085876,/kaggle/working/gfd-robustness-v4-factorial-r1/graphs/base/yelpchi/r40_s2/graph.bin,/kaggle/working/gfd-robustness-v4-factorial-r1/graphs/variants/yelpchi/r40_s2/camouflage_relation_oracle/0.15/seed_0/graph.bin,/kaggle/working/gfd-robustness-v4-factorial-r1/graphs/base/yelpchi/r40_s2/graph.bin,ok,
gfd_robustness_benchmark_v4_factorial,yelpchi,r40_s2,0,4,camouflage_relation_oracle,0.15,sage,train_on_variant,0.7873839301094857,0.4185523393799735,0.6584151568282209,0.6295263171195984,3.3578814070006047,100,99,0.7859479755970219,roc_auc,max_epochs,45954,8071230,175.6371612548828,176.0,175.6371612548828,176.0,0.2312477827072143,0.1452974677085876,/kaggle/working/gfd-robustness-v4-factorial-r1/graphs/base/yelpchi/r40_s2/graph.bin,/kaggle/working/gfd-robustness-v4-factorial-r1/graphs/variants/yelpchi/r40_s2/camouflage_relation_oracle/0.15/seed_0/graph.bin,/kaggle/working/gfd-robustness-v4-factorial-r1/graphs/variants/yelpchi/r40_s2/camouflage_relation_oracle/0.15/seed_0/graph.bin,ok,
gfd_robustness_benchmark_v4_factorial,yelpchi,r40_s2,0,4,camouflage_relation_oracle,0.15,secgfd,train_clean_eval_all,0.7903899470979121,0.4253395656434791,0.6586460409092351,0.6979449987411499,0.240730629000609,50,50,0.7831441601880527,roc_auc,max_epochs,45954,8071230,175.6371612548828,176.0,175.6371612548828,176.0,0.2312477827072143,0.1452974677085876,/kaggle/working/gfd-robustness-v4-factorial-r1/graphs/base/yelpchi/r40_s2/graph.bin,/kaggle/working/gfd-robustness-v4-factorial-r1/graphs/variants/yelpchi/r40_s2/camouflage_relation_oracle/0.15/seed_0/graph.bin,/kaggle/working/gfd-robustness-v4-factorial-r1/graphs/base/yelpchi/r40_s2/graph.bin,ok,
gfd_robustness_benchmark_v4_factorial,yelpchi,r40_s2,0,4,camouflage_relation_oracle,0.15,secgfd,train_on_variant,0.8011134601342123,0.4508001683747448,0.6746563129910924,0.6942437887191772,4.7622594610002125,50,50,0.7983405211976436,roc_auc,max_epochs,45954,8071230,175.6371612548828,176.0,175.6371612548828,176.0,0.2312477827072143,0.1452974677085876,/kaggle/working/gfd-robustness-v4-factorial-r1/graphs/base/yelpchi/r40_s2/graph.bin,/kaggle/working/gfd-robustness-v4-factorial-r1/graphs/variants/yelpchi/r40_s2/camouflage_relation_oracle/0.15/seed_0/graph.bin,/kaggle/working/gfd-robustness-v4-factorial-r1/graphs/variants/yelpchi/r40_s2/camouflage_relation_oracle/0.15/seed_0/graph.bin,ok,
gfd_robustness_benchmark_v4_factorial,yelpchi,r40_s2,1,0,camouflage_relation_oracle,0.15,mlp,train_clean_eval_all,0.7404642686051014,0.3246557322868326,0.6234842465885414,0.5026629567146301,0.2052459520000411,17,7,0.738136447836131,roc_auc,early_stopping,45954,8070570,175.622802734375,176.0,175.622802734375,176.0,0.2311030030250549,0.1452974677085876,/kaggle/working/gfd-robustness-v4-factorial-r1/graphs/base/yelpchi/r40_s2/graph.bin,/kaggle/working/gfd-robustness-v4-factorial-r1/graphs/variants/yelpchi/r40_s2/camouflage_relation_oracle/0.15/seed_1/graph.bin,/kaggle/working/gfd-robustness-v4-factorial-r1/graphs/base/yelpchi/r40_s2/graph.bin,ok,
gfd_robustness_benchmark_v4_factorial,yelpchi,r40_s2,1,0,camouflage_relation_oracle,0.15,mlp,train_on_variant,0.7404642686051014,0.3246557322868326,0.6234842465885414,0.5026629567146301,0.5271012090015574,17,7,0.738136447836131,roc_auc,early_stopping,45954,8070570,175.622802734375,176.0,175.622802734375,176.0,0.2311030030250549,0.1452974677085876,/kaggle/working/gfd-robustness-v4-factorial-r1/graphs/base/yelpchi/r40_s2/graph.bin,/kaggle/working/gfd-robustness-v4-factorial-r1/graphs/variants/yelpchi/r40_s2/camouflage_relation_oracle/0.15/seed_1/graph.bin,/kaggle/working/gfd-robustness-v4-factorial-r1/graphs/variants/yelpchi/r40_s2/camouflage_relation_oracle/0.15/seed_1/graph.bin,ok,
gfd_robustness_benchmark_v4_factorial,yelpchi,r40_s2,1,0,camouflage_relation_oracle,0.15,pmp,train_clean_eval_all,0.8426713948947827,0.5411956830137895,0.7145793195685529,0.3942893743515014,0.4976813349985605,71,61,0.8519974633871886,roc_auc,early_stopping,45954,8070570,175.622802734375,176.0,175.622802734375,176.0,0.2311030030250549,0.1452974677085876,/kaggle/working/gfd-robustness-v4-factorial-r1/graphs/base/yelpchi/r40_s2/graph.bin,/kaggle/working/gfd-robustness-v4-factorial-r1/graphs/variants/yelpchi/r40_s2/camouflage_relation_oracle/0.15/seed_1/graph.bin,/kaggle/working/gfd-robustness-v4-factorial-r1/graphs/base/yelpchi/r40_s2/graph.bin,ok,
gfd_robustness_benchmark_v4_factorial,yelpchi,r40_s2,1,0,camouflage_relation_oracle,0.15,pmp,train_on_variant,0.8366287886294621,0.5335400636887676,0.7099878151973704,0.3864062130451202,34.26817529600157,58,48,0.8429542003113549,roc_auc,early_stopping,45954,8070570,175.622802734375,176.0,175.622802734375,176.0,0.2311030030250549,0.1452974677085876,/kaggle/working/gfd-robustness-v4-factorial-r1/graphs/base/yelpchi/r40_s2/graph.bin,/kaggle/working/gfd-robustness-v4-factorial-r1/graphs/variants/yelpchi/r40_s2/camouflage_relation_oracle/0.15/seed_1/graph.bin,/kaggle/working/gfd-robustness-v4-factorial-r1/graphs/variants/yelpchi/r40_s2/camouflage_relation_oracle/0.15/seed_1/graph.bin,ok,
gfd_robustness_benchmark_v4_factorial,yelpchi,r40_s2,1,0,camouflage_relation_oracle,0.15,sage,train_clean_eval_all,0.782773362230478,0.4241752260033281,0.6587841242872776,0.648261308670044,0.2077563929997268,100,100,0.7811570196706694,roc_auc,max_epochs,45954,8070570,175.622802734375,176.0,175.622802734375,176.0,0.2311030030250549,0.1452974677085876,/kaggle/working/gfd-robustness-v4-factorial-r1/graphs/base/yelpchi/r40_s2/graph.bin,/kaggle/working/gfd-robustness-v4-factorial-r1/graphs/variants/yelpchi/r40_s2/camouflage_relation_oracle/0.15/seed_1/graph.bin,/kaggle/working/gfd-robustness-v4-factorial-r1/graphs/base/yelpchi/r40_s2/graph.bin,ok,
gfd_robustness_benchmark_v4_factorial,yelpchi,r40_s2,1,0,camouflage_relation_oracle,0.15,sage,train_on_variant,0.7805997523156335,0.4196435098044083,0.6563829296880145,0.656387984752655,3.537891011999818,100,98,0.7812617741508665,roc_auc,max_epochs,45954,8070570,175.622802734375,176.0,175.622802734375,176.0,0.2311030030250549,0.1452974677085876,/kaggle/working/gfd-robustness-v4-factorial-r1/graphs/base/yelpchi/r40_s2/graph.bin,/kaggle/working/gfd-robustness-v4-factorial-r1/graphs/variants/yelpchi/r40_s2/camouflage_relation_oracle/0.15/seed_1/graph.bin,/kaggle/working/gfd-robustness-v4-factorial-r1/graphs/variants/yelpchi/r40_s2/camouflage_relation_oracle/0.15/seed_1/graph.bin,ok,
gfd_robustness_benchmark_v4_factorial,yelpchi,r40_s2,1,0,camouflage_relation_oracle,0.15,secgfd,train_clean_eval_all,0.8164694430512701,0.47715046615902,0.69073749491595,0.7547904253005981,0.2363164870002947,50,50,0.8112726691889752,roc_auc,max_epochs,45954,8070570,175.622802734375,176.0,175.622802734375,176.0,0.2311030030250549,0.1452974677085876,/kaggle/working/gfd-robustness-v4-factorial-r1/graphs/base/yelpchi/r40_s2/graph.bin,/kaggle/working/gfd-robustness-v4-factorial-r1/graphs/variants/yelpchi/r40_s2/camouflage_relation_oracle/0.15/seed_1/graph.bin,/kaggle/working/gfd-robustness-v4-factorial-r1/graphs/base/yelpchi/r40_s2/graph.bin,ok,
gfd_robustness_benchmark_v4_factorial,yelpchi,r40_s2,1,0,camouflage_relation_oracle,0.15,secgfd,train_on_variant,0.8201701429434919,0.487348388555695,0.6930291549316329,0.7192210555076599,4.825993385000402,50,48,0.816596313805706,roc_auc,max_epochs,45954,8070570,175.622802734375,176.0,175.622802734375,176.0,0.2311030030250549,0.1452974677085876,/kaggle/working/gfd-robustness-v4-factorial-r1/graphs/base/yelpchi/r40_s2/graph.bin,/kaggle/working/gfd-robustness-v4-factorial-r1/graphs/variants/yelpchi/r40_s2/camouflage_relation_oracle/0.15/seed_1/graph.bin,/kaggle/working/gfd-robustness-v4-factorial-r1/graphs/variants/yelpchi/r40_s2/camouflage_relation_oracle/0.15/seed_1/graph.bin,ok,
gfd_robustness_benchmark_v4_factorial,yelpchi,r40_s2,1,1,camouflage_relation_oracle,0.15,mlp,train_clean_eval_all,0.789016635612431,0.4167857282436971,0.6554860094295863,0.6965858936309814,0.1374346180000429,100,100,0.7856864946824108,roc_auc,max_epochs,45954,8070570,175.622802734375,176.0,175.622802734375,176.0,0.2311030030250549,0.1452974677085876,/kaggle/working/gfd-robustness-v4-factorial-r1/graphs/base/yelpchi/r40_s2/graph.bin,/kaggle/working/gfd-robustness-v4-factorial-r1/graphs/variants/yelpchi/r40_s2/camouflage_relation_oracle/0.15/seed_1/graph.bin,/kaggle/working/gfd-robustness-v4-factorial-r1/graphs/base/yelpchi/r40_s2/graph.bin,ok,
gfd_robustness_benchmark_v4_factorial,yelpchi,r40_s2,1,1,camouflage_relation_oracle,0.15,mlp,train_on_variant,0.789016635612431,0.4167857282436971,0.6554860094295863,0.6965858936309814,2.0315954739999142,100,100,0.7856864946824108,roc_auc,max_epochs,45954,8070570,175.622802734375,176.0,175.622802734375,176.0,0.2311030030250549,0.1452974677085876,/kaggle/working/gfd-robustness-v4-factorial-r1/graphs/base/yelpchi/r40_s2/graph.bin,/kaggle/working/gfd-robustness-v4-factorial-r1/graphs/variants/yelpchi/r40_s2/camouflage_relation_oracle/0.15/seed_1/graph.bin,/kaggle/working/gfd-robustness-v4-factorial-r1/graphs/variants/yelpchi/r40_s2/camouflage_relation_oracle/0.15/seed_1/graph.bin,ok,
gfd_robustness_benchmark_v4_factorial,yelpchi,r40_s2,1,1,camouflage_relation_oracle,0.15,pmp,train_clean_eval_all,0.8403938368172006,0.5511539311156379,0.713368961622068,0.3003063797950744,0.4889150259987218,82,72,0.8499563006458349,roc_auc,early_stopping,45954,8070570,175.622802734375,176.0,175.622802734375,176.0,0.2311030030250549,0.1452974677085876,/kaggle/working/gfd-robustness-v4-factorial-r1/graphs/base/yelpchi/r40_s2/graph.bin,/kaggle/working/gfd-robustness-v4-factorial-r1/graphs/variants/yelpchi/r40_s2/camouflage_relation_oracle/0.15/seed_1/graph.bin,/kaggle/working/gfd-robustness-v4-factorial-r1/graphs/base/yelpchi/r40_s2/graph.bin,ok,
gfd_robustness_benchmark_v4_factorial,yelpchi,r40_s2,1,1,camouflage_relation_oracle,0.15,pmp,train_on_variant,0.8371233403546776,0.5433503661529892,0.7110468316032013,0.3444119095802307,37.25850659599928,64,54,0.8488166367470324,roc_auc,early_stopping,45954,8070570,175.622802734375,176.0,175.622802734375,176.0,0.2311030030250549,0.1452974677085876,/kaggle/working/gfd-robustness-v4-factorial-r1/graphs/base/yelpchi/r40_s2/graph.bin,/kaggle/working/gfd-robustness-v4-factorial-r1/graphs/variants/yelpchi/r40_s2/camouflage_relation_oracle/0.15/seed_1/graph.bin,/kaggle/working/gfd-robustness-v4-factorial-r1/graphs/variants/yelpchi/r40_s2/camouflage_relation_oracle/0.15/seed_1/graph.bin,ok,
gfd_robustness_benchmark_v4_factorial,yelpchi,r40_s2,1,1,camouflage_relation_oracle,0.15,sage,train_clean_eval_all,0.6171606554584314,0.1969280544147955,0.5441038483748932,0.2710321545600891,0.2175641140001971,23,13,0.6158413377294931,roc_auc,early_stopping,45954,8070570,175.622802734375,176.0,175.622802734375,176.0,0.2311030030250549,0.1452974677085876,/kaggle/working/gfd-robustness-v4-factorial-r1/graphs/base/yelpchi/r40_s2/graph.bin,/kaggle/working/gfd-robustness-v4-factorial-r1/graphs/variants/yelpchi/r40_s2/camouflage_relation_oracle/0.15/seed_1/graph.bin,/kaggle/working/gfd-robustness-v4-factorial-r1/graphs/base/yelpchi/r40_s2/graph.bin,ok,
gfd_robustness_benchmark_v4_factorial,yelpchi,r40_s2,1,1,camouflage_relation_oracle,0.15,sage,train_on_variant,0.617887768569277,0.1971108145505167,0.5435782216501323,0.2735404670238495,1.0062705210002605,23,13,0.6201742729290487,roc_auc,early_stopping,45954,8070570,175.622802734375,176.0,175.622802734375,176.0,0.2311030030250549,0.1452974677085876,/kaggle/working/gfd-robustness-v4-factorial-r1/graphs/base/yelpchi/r40_s2/graph.bin,/kaggle/working/gfd-robustness-v4-factorial-r1/graphs/variants/yelpchi/r40_s2/camouflage_relation_oracle/0.15/seed_1/graph.bin,/kaggle/working/gfd-robustness-v4-factorial-r1/graphs/variants/yelpchi/r40_s2/camouflage_relation_oracle/0.15/seed_1/graph.bin,ok,
gfd_robustness_benchmark_v4_factorial,yelpchi,r40_s2,1,1,camouflage_relation_oracle,0.15,secgfd,train_clean_eval_all,0.7946641602551008,0.4353743198154669,0.6650489698293378,0.7049526572227478,0.2784254240013979,50,49,0.789748460509659,roc_auc,max_epochs,45954,8070570,175.622802734375,176.0,175.622802734375,176.0,0.2311030030250549,0.1452974677085876,/kaggle/working/gfd-robustness-v4-factorial-r1/graphs/base/yelpchi/r40_s2/graph.bin,/kaggle/working/gfd-robustness-v4-factorial-r1/graphs/variants/yelpchi/r40_s2/camouflage_relation_oracle/0.15/seed_1/graph.bin,/kaggle/working/gfd-robustness-v4-factorial-r1/graphs/base/yelpchi/r40_s2/graph.bin,ok,
gfd_robustness_benchmark_v4_factorial,yelpchi,r40_s2,1,1,camouflage_relation_oracle,0.15,secgfd,train_on_variant,0.8072809161463225,0.4632458835735459,0.6781551826189895,0.6364478468894958,4.70934174300055,50,50,0.8067216901851679,roc_auc,max_epochs,45954,8070570,175.622802734375,176.0,175.622802734375,176.0,0.2311030030250549,0.1452974677085876,/kaggle/working/gfd-robustness-v4-factorial-r1/graphs/base/yelpchi/r40_s2/graph.bin,/kaggle/working/gfd-robustness-v4-factorial-r1/graphs/variants/yelpchi/r40_s2/camouflage_relation_oracle/0.15/seed_1/graph.bin,/kaggle/working/gfd-robustness-v4-factorial-r1/graphs/variants/yelpchi/r40_s2/camouflage_relation_oracle/0.15/seed_1/graph.bin,ok,
gfd_robustness_benchmark_v4_factorial,yelpchi,r40_s2,1,2,camouflage_relation_oracle,0.15,mlp,train_clean_eval_all,0.791833978586869,0.422563545347575,0.659744675709785,0.6869957447052002,0.1785878689988749,100,100,0.7910127617371984,roc_auc,max_epochs,45954,8070570,175.622802734375,176.0,175.622802734375,176.0,0.2311030030250549,0.1452974677085876,/kaggle/working/gfd-robustness-v4-factorial-r1/graphs/base/yelpchi/r40_s2/graph.bin,/kaggle/working/gfd-robustness-v4-factorial-r1/graphs/variants/yelpchi/r40_s2/camouflage_relation_oracle/0.15/seed_1/graph.bin,/kaggle/working/gfd-robustness-v4-factorial-r1/graphs/base/yelpchi/r40_s2/graph.bin,ok,
gfd_robustness_benchmark_v4_factorial,yelpchi,r40_s2,1,2,camouflage_relation_oracle,0.15,mlp,train_on_variant,0.791833978586869,0.422563545347575,0.659744675709785,0.6869957447052002,1.9951800579983685,100,100,0.7910127617371984,roc_auc,max_epochs,45954,8070570,175.622802734375,176.0,175.622802734375,176.0,0.2311030030250549,0.1452974677085876,/kaggle/working/gfd-robustness-v4-factorial-r1/graphs/base/yelpchi/r40_s2/graph.bin,/kaggle/working/gfd-robustness-v4-factorial-r1/graphs/variants/yelpchi/r40_s2/camouflage_relation_oracle/0.15/seed_1/graph.bin,/kaggle/working/gfd-robustness-v4-factorial-r1/graphs/variants/yelpchi/r40_s2/camouflage_relation_oracle/0.15/seed_1/graph.bin,ok,
gfd_robustness_benchmark_v4_factorial,yelpchi,r40_s2,1,2,camouflage_relation_oracle,0.15,pmp,train_clean_eval_all,0.8417818330053234,0.5528989862316397,0.7120274658760593,0.3158973157405853,0.4653612709989829,67,57,0.8516228361905988,roc_auc,early_stopping,45954,8070570,175.622802734375,176.0,175.622802734375,176.0,0.2311030030250549,0.1452974677085876,/kaggle/working/gfd-robustness-v4-factorial-r1/graphs/base/yelpchi/r40_s2/graph.bin,/kaggle/working/gfd-robustness-v4-factorial-r1/graphs/variants/yelpchi/r40_s2/camouflage_relation_oracle/0.15/seed_1/graph.bin,/kaggle/working/gfd-robustness-v4-factorial-r1/graphs/base/yelpchi/r40_s2/graph.bin,ok,
gfd_robustness_benchmark_v4_factorial,yelpchi,r40_s2,1,2,camouflage_relation_oracle,0.15,pmp,train_on_variant,0.8464710051320475,0.5625439716373842,0.7215592670906604,0.2911422550678253,50.01534174400149,87,77,0.8526425354684747,roc_auc,early_stopping,45954,8070570,175.622802734375,176.0,175.622802734375,176.0,0.2311030030250549,0.1452974677085876,/kaggle/working/gfd-robustness-v4-factorial-r1/graphs/base/yelpchi/r40_s2/graph.bin,/kaggle/working/gfd-robustness-v4-factorial-r1/graphs/variants/yelpchi/r40_s2/camouflage_relation_oracle/0.15/seed_1/graph.bin,/kaggle/working/gfd-robustness-v4-factorial-r1/graphs/variants/yelpchi/r40_s2/camouflage_relation_oracle/0.15/seed_1/graph.bin,ok,
gfd_robustness_benchmark_v4_factorial,yelpchi,r40_s2,1,2,camouflage_relation_oracle,0.15,sage,train_clean_eval_all,0.7911419158246643,0.4321225770119018,0.6628427423073356,0.6848011612892151,0.1881483010001829,100,99,0.791447800370479,roc_auc,max_epochs,45954,8070570,175.622802734375,176.0,175.622802734375,176.0,0.2311030030250549,0.1452974677085876,/kaggle/working/gfd-robustness-v4-factorial-r1/graphs/base/yelpchi/r40_s2/graph.bin,/kaggle/working/gfd-robustness-v4-factorial-r1/graphs/variants/yelpchi/r40_s2/camouflage_relation_oracle/0.15/seed_1/graph.bin,/kaggle/working/gfd-robustness-v4-factorial-r1/graphs/base/yelpchi/r40_s2/graph.bin,ok,
gfd_robustness_benchmark_v4_factorial,yelpchi,r40_s2,1,2,camouflage_relation_oracle,0.15,sage,train_on_variant,0.7867796063613608,0.4211695532074453,0.6570126071134625,0.6449775695800781,3.370007159999659,100,97,0.785812514751214,roc_auc,max_epochs,45954,8070570,175.622802734375,176.0,175.622802734375,176.0,0.2311030030250549,0.1452974677085876,/kaggle/working/gfd-robustness-v4-factorial-r1/graphs/base/yelpchi/r40_s2/graph.bin,/kaggle/working/gfd-robustness-v4-factorial-r1/graphs/variants/yelpchi/r40_s2/camouflage_relation_oracle/0.15/seed_1/graph.bin,/kaggle/working/gfd-robustness-v4-factorial-r1/graphs/variants/yelpchi/r40_s2/camouflage_relation_oracle/0.15/seed_1/graph.bin,ok,
gfd_robustness_benchmark_v4_factorial,yelpchi,r40_s2,1,2,camouflage_relation_oracle,0.15,secgfd,train_clean_eval_all,0.811588571837994,0.4882427621917339,0.6862395853021047,0.6936580538749695,0.2760028989996499,50,50,0.8116419561480677,roc_auc,max_epochs,45954,8070570,175.622802734375,176.0,175.622802734375,176.0,0.2311030030250549,0.1452974677085876,/kaggle/working/gfd-robustness-v4-factorial-r1/graphs/base/yelpchi/r40_s2/graph.bin,/kaggle/working/gfd-robustness-v4-factorial-r1/graphs/variants/yelpchi/r40_s2/camouflage_relation_oracle/0.15/seed_1/graph.bin,/kaggle/working/gfd-robustness-v4-factorial-r1/graphs/base/yelpchi/r40_s2/graph.bin,ok,
gfd_robustness_benchmark_v4_factorial,yelpchi,r40_s2,1,2,camouflage_relation_oracle,0.15,secgfd,train_on_variant,0.8166513404263266,0.4988014562996939,0.6901601697949875,0.7179175019264221,4.78514190200076,50,50,0.8178681485825723,roc_auc,max_epochs,45954,8070570,175.622802734375,176.0,175.622802734375,176.0,0.2311030030250549,0.1452974677085876,/kaggle/working/gfd-robustness-v4-factorial-r1/graphs/base/yelpchi/r40_s2/graph.bin,/kaggle/working/gfd-robustness-v4-factorial-r1/graphs/variants/yelpchi/r40_s2/camouflage_relation_oracle/0.15/seed_1/graph.bin,/kaggle/working/gfd-robustness-v4-factorial-r1/graphs/variants/yelpchi/r40_s2/camouflage_relation_oracle/0.15/seed_1/graph.bin,ok,
gfd_robustness_benchmark_v4_factorial,yelpchi,r40_s2,1,3,camouflage_relation_oracle,0.15,mlp,train_clean_eval_all,0.7873703172829494,0.4124587532671446,0.6562929132355262,0.6923589110374451,0.1889860159990348,100,100,0.787128406487435,roc_auc,max_epochs,45954,8070570,175.622802734375,176.0,175.622802734375,176.0,0.2311030030250549,0.1452974677085876,/kaggle/working/gfd-robustness-v4-factorial-r1/graphs/base/yelpchi/r40_s2/graph.bin,/kaggle/working/gfd-robustness-v4-factorial-r1/graphs/variants/yelpchi/r40_s2/camouflage_relation_oracle/0.15/seed_1/graph.bin,/kaggle/working/gfd-robustness-v4-factorial-r1/graphs/base/yelpchi/r40_s2/graph.bin,ok,
gfd_robustness_benchmark_v4_factorial,yelpchi,r40_s2,1,3,camouflage_relation_oracle,0.15,mlp,train_on_variant,0.7873703172829494,0.4124587532671446,0.6562929132355262,0.6923589110374451,2.139442923000388,100,100,0.787128406487435,roc_auc,max_epochs,45954,8070570,175.622802734375,176.0,175.622802734375,176.0,0.2311030030250549,0.1452974677085876,/kaggle/working/gfd-robustness-v4-factorial-r1/graphs/base/yelpchi/r40_s2/graph.bin,/kaggle/working/gfd-robustness-v4-factorial-r1/graphs/variants/yelpchi/r40_s2/camouflage_relation_oracle/0.15/seed_1/graph.bin,/kaggle/working/gfd-robustness-v4-factorial-r1/graphs/variants/yelpchi/r40_s2/camouflage_relation_oracle/0.15/seed_1/graph.bin,ok,
gfd_robustness_benchmark_v4_factorial,yelpchi,r40_s2,1,3,camouflage_relation_oracle,0.15,pmp,train_clean_eval_all,0.8408863043388782,0.5416733971543132,0.7097792533162333,0.3407284319400787,0.4720153590005793,81,71,0.8504771645246115,roc_auc,early_stopping,45954,8070570,175.622802734375,176.0,175.622802734375,176.0,0.2311030030250549,0.1452974677085876,/kaggle/working/gfd-robustness-v4-factorial-r1/graphs/base/yelpchi/r40_s2/graph.bin,/kaggle/working/gfd-robustness-v4-factorial-r1/graphs/variants/yelpchi/r40_s2/camouflage_relation_oracle/0.15/seed_1/graph.bin,/kaggle/working/gfd-robustness-v4-factorial-r1/graphs/base/yelpchi/r40_s2/graph.bin,ok,
gfd_robustness_benchmark_v4_factorial,yelpchi,r40_s2,1,3,camouflage_relation_oracle,0.15,pmp,train_on_variant,0.8481690117092698,0.5741315416106592,0.7169863538952381,0.2945308983325958,58.17584283699944,100,99,0.8531441363477067,roc_auc,max_epochs,45954,8070570,175.622802734375,176.0,175.622802734375,176.0,0.2311030030250549,0.1452974677085876,/kaggle/working/gfd-robustness-v4-factorial-r1/graphs/base/yelpchi/r40_s2/graph.bin,/kaggle/working/gfd-robustness-v4-factorial-r1/graphs/variants/yelpchi/r40_s2/camouflage_relation_oracle/0.15/seed_1/graph.bin,/kaggle/working/gfd-robustness-v4-factorial-r1/graphs/variants/yelpchi/r40_s2/camouflage_relation_oracle/0.15/seed_1/graph.bin,ok,
gfd_robustness_benchmark_v4_factorial,yelpchi,r40_s2,1,3,camouflage_relation_oracle,0.15,sage,train_clean_eval_all,0.7812751771787383,0.4186622853375772,0.6588243271664747,0.678734302520752,0.2311042069995892,100,100,0.781263013848857,roc_auc,max_epochs,45954,8070570,175.622802734375,176.0,175.622802734375,176.0,0.2311030030250549,0.1452974677085876,/kaggle/working/gfd-robustness-v4-factorial-r1/graphs/base/yelpchi/r40_s2/graph.bin,/kaggle/working/gfd-robustness-v4-factorial-r1/graphs/variants/yelpchi/r40_s2/camouflage_relation_oracle/0.15/seed_1/graph.bin,/kaggle/working/gfd-robustness-v4-factorial-r1/graphs/base/yelpchi/r40_s2/graph.bin,ok,
gfd_robustness_benchmark_v4_factorial,yelpchi,r40_s2,1,3,camouflage_relation_oracle,0.15,sage,train_on_variant,0.7811494222921266,0.4183534019598048,0.6596353989145122,0.6855408549308777,3.425589590000527,100,98,0.7815561547429176,roc_auc,max_epochs,45954,8070570,175.622802734375,176.0,175.622802734375,176.0,0.2311030030250549,0.1452974677085876,/kaggle/working/gfd-robustness-v4-factorial-r1/graphs/base/yelpchi/r40_s2/graph.bin,/kaggle/working/gfd-robustness-v4-factorial-r1/graphs/variants/yelpchi/r40_s2/camouflage_relation_oracle/0.15/seed_1/graph.bin,/kaggle/working/gfd-robustness-v4-factorial-r1/graphs/variants/yelpchi/r40_s2/camouflage_relation_oracle/0.15/seed_1/graph.bin,ok,
gfd_robustness_benchmark_v4_factorial,yelpchi,r40_s2,1,3,camouflage_relation_oracle,0.15,secgfd,train_clean_eval_all,0.8055951885053722,0.4677619559862758,0.6801375679192082,0.7292185425758362,0.2312449140008539,50,49,0.8013855055464565,roc_auc,max_epochs,45954,8070570,175.622802734375,176.0,175.622802734375,176.0,0.2311030030250549,0.1452974677085876,/kaggle/working/gfd-robustness-v4-factorial-r1/graphs/base/yelpchi/r40_s2/graph.bin,/kaggle/working/gfd-robustness-v4-factorial-r1/graphs/variants/yelpchi/r40_s2/camouflage_relation_oracle/0.15/seed_1/graph.bin,/kaggle/working/gfd-robustness-v4-factorial-r1/graphs/base/yelpchi/r40_s2/graph.bin,ok,
gfd_robustness_benchmark_v4_factorial,yelpchi,r40_s2,1,3,camouflage_relation_oracle,0.15,secgfd,train_on_variant,0.7944871101419869,0.4356077774625514,0.6664075864704093,0.6515971422195435,4.802656832000139,50,50,0.7905067265536158,roc_auc,max_epochs,45954,8070570,175.622802734375,176.0,175.622802734375,176.0,0.2311030030250549,0.1452974677085876,/kaggle/working/gfd-robustness-v4-factorial-r1/graphs/base/yelpchi/r40_s2/graph.bin,/kaggle/working/gfd-robustness-v4-factorial-r1/graphs/variants/yelpchi/r40_s2/camouflage_relation_oracle/0.15/seed_1/graph.bin,/kaggle/working/gfd-robustness-v4-factorial-r1/graphs/variants/yelpchi/r40_s2/camouflage_relation_oracle/0.15/seed_1/graph.bin,ok,
gfd_robustness_benchmark_v4_factorial,yelpchi,r40_s2,1,4,camouflage_relation_oracle,0.15,mlp,train_clean_eval_all,0.7906828431985317,0.4231759041474303,0.6564547082775046,0.6527314186096191,0.129169711999566,100,100,0.7886782196983243,roc_auc,max_epochs,45954,8070570,175.622802734375,176.0,175.622802734375,176.0,0.2311030030250549,0.1452974677085876,/kaggle/working/gfd-robustness-v4-factorial-r1/graphs/base/yelpchi/r40_s2/graph.bin,/kaggle/working/gfd-robustness-v4-factorial-r1/graphs/variants/yelpchi/r40_s2/camouflage_relation_oracle/0.15/seed_1/graph.bin,/kaggle/working/gfd-robustness-v4-factorial-r1/graphs/base/yelpchi/r40_s2/graph.bin,ok,
gfd_robustness_benchmark_v4_factorial,yelpchi,r40_s2,1,4,camouflage_relation_oracle,0.15,mlp,train_on_variant,0.7906828431985317,0.4231759041474303,0.6564547082775046,0.6527314186096191,1.8709111719999785,100,100,0.7886782196983243,roc_auc,max_epochs,45954,8070570,175.622802734375,176.0,175.622802734375,176.0,0.2311030030250549,0.1452974677085876,/kaggle/working/gfd-robustness-v4-factorial-r1/graphs/base/yelpchi/r40_s2/graph.bin,/kaggle/working/gfd-robustness-v4-factorial-r1/graphs/variants/yelpchi/r40_s2/camouflage_relation_oracle/0.15/seed_1/graph.bin,/kaggle/working/gfd-robustness-v4-factorial-r1/graphs/variants/yelpchi/r40_s2/camouflage_relation_oracle/0.15/seed_1/graph.bin,ok,
gfd_robustness_benchmark_v4_factorial,yelpchi,r40_s2,1,4,camouflage_relation_oracle,0.15,pmp,train_clean_eval_all,0.8468353953688854,0.559833526133942,0.7164130723519522,0.3711147308349609,0.4636583319988858,88,78,0.8543143635700441,roc_auc,early_stopping,45954,8070570,175.622802734375,176.0,175.622802734375,176.0,0.2311030030250549,0.1452974677085876,/kaggle/working/gfd-robustness-v4-factorial-r1/graphs/base/yelpchi/r40_s2/graph.bin,/kaggle/working/gfd-robustness-v4-factorial-r1/graphs/variants/yelpchi/r40_s2/camouflage_relation_oracle/0.15/seed_1/graph.bin,/kaggle/working/gfd-robustness-v4-factorial-r1/graphs/base/yelpchi/r40_s2/graph.bin,ok,
gfd_robustness_benchmark_v4_factorial,yelpchi,r40_s2,1,4,camouflage_relation_oracle,0.15,pmp,train_on_variant,0.8457223592212215,0.5587553915107394,0.7157395760652654,0.3514010906219482,45.89534601299965,79,69,0.8517816605754582,roc_auc,early_stopping,45954,8070570,175.622802734375,176.0,175.622802734375,176.0,0.2311030030250549,0.1452974677085876,/kaggle/working/gfd-robustness-v4-factorial-r1/graphs/base/yelpchi/r40_s2/graph.bin,/kaggle/working/gfd-robustness-v4-factorial-r1/graphs/variants/yelpchi/r40_s2/camouflage_relation_oracle/0.15/seed_1/graph.bin,/kaggle/working/gfd-robustness-v4-factorial-r1/graphs/variants/yelpchi/r40_s2/camouflage_relation_oracle/0.15/seed_1/graph.bin,ok,
gfd_robustness_benchmark_v4_factorial,yelpchi,r40_s2,1,4,camouflage_relation_oracle,0.15,sage,train_clean_eval_all,0.7863395297617596,0.4234472573102426,0.6594641542282307,0.663702666759491,0.2270344619992101,100,100,0.7873061124263036,roc_auc,max_epochs,45954,8070570,175.622802734375,176.0,175.622802734375,176.0,0.2311030030250549,0.1452974677085876,/kaggle/working/gfd-robustness-v4-factorial-r1/graphs/base/yelpchi/r40_s2/graph.bin,/kaggle/working/gfd-robustness-v4-factorial-r1/graphs/variants/yelpchi/r40_s2/camouflage_relation_oracle/0.15/seed_1/graph.bin,/kaggle/working/gfd-robustness-v4-factorial-r1/graphs/base/yelpchi/r40_s2/graph.bin,ok,
gfd_robustness_benchmark_v4_factorial,yelpchi,r40_s2,1,4,camouflage_relation_oracle,0.15,sage,train_on_variant,0.7858650459391807,0.4158096134477224,0.6568602506914875,0.6780015230178833,3.26612295599989,100,99,0.78393337100108,roc_auc,max_epochs,45954,8070570,175.622802734375,176.0,175.622802734375,176.0,0.2311030030250549,0.1452974677085876,/kaggle/working/gfd-robustness-v4-factorial-r1/graphs/base/yelpchi/r40_s2/graph.bin,/kaggle/working/gfd-robustness-v4-factorial-r1/graphs/variants/yelpchi/r40_s2/camouflage_relation_oracle/0.15/seed_1/graph.bin,/kaggle/working/gfd-robustness-v4-factorial-r1/graphs/variants/yelpchi/r40_s2/camouflage_relation_oracle/0.15/seed_1/graph.bin,ok,
gfd_robustness_benchmark_v4_factorial,yelpchi,r40_s2,1,4,camouflage_relation_oracle,0.15,secgfd,train_clean_eval_all,0.7903511809121065,0.425257189392067,0.6580593871358578,0.6979449987411499,0.3111338399994565,50,50,0.7831441601880527,roc_auc,max_epochs,45954,8070570,175.622802734375,176.0,175.622802734375,176.0,0.2311030030250549,0.1452974677085876,/kaggle/working/gfd-robustness-v4-factorial-r1/graphs/base/yelpchi/r40_s2/graph.bin,/kaggle/working/gfd-robustness-v4-factorial-r1/graphs/variants/yelpchi/r40_s2/camouflage_relation_oracle/0.15/seed_1/graph.bin,/kaggle/working/gfd-robustness-v4-factorial-r1/graphs/base/yelpchi/r40_s2/graph.bin,ok,
gfd_robustness_benchmark_v4_factorial,yelpchi,r40_s2,1,4,camouflage_relation_oracle,0.15,secgfd,train_on_variant,0.7888928339222776,0.4255550603674879,0.6640863490313016,0.6908004879951477,4.72471052200126,50,50,0.7819522859315734,roc_auc,max_epochs,45954,8070570,175.622802734375,176.0,175.622802734375,176.0,0.2311030030250549,0.1452974677085876,/kaggle/working/gfd-robustness-v4-factorial-r1/graphs/base/yelpchi/r40_s2/graph.bin,/kaggle/working/gfd-robustness-v4-factorial-r1/graphs/variants/yelpchi/r40_s2/camouflage_relation_oracle/0.15/seed_1/graph.bin,/kaggle/working/gfd-robustness-v4-factorial-r1/graphs/variants/yelpchi/r40_s2/camouflage_relation_oracle/0.15/seed_1/graph.bin,ok,
gfd_robustness_benchmark_v4_factorial,yelpchi,r40_s2,0,0,camouflage_relation_oracle,0.3,mlp,train_clean_eval_all,0.7404642686051014,0.3246557322868326,0.6234842465885414,0.5026629567146301,0.2028478419997554,17,7,0.738136447836131,roc_auc,early_stopping,45954,8089930,176.04408264160156,176.0,176.04408264160156,176.0,0.2353361546993255,0.1452974677085876,/kaggle/working/gfd-robustness-v4-factorial-r1/graphs/base/yelpchi/r40_s2/graph.bin,/kaggle/working/gfd-robustness-v4-factorial-r1/graphs/variants/yelpchi/r40_s2/camouflage_relation_oracle/0.30/seed_0/graph.bin,/kaggle/working/gfd-robustness-v4-factorial-r1/graphs/base/yelpchi/r40_s2/graph.bin,ok,
gfd_robustness_benchmark_v4_factorial,yelpchi,r40_s2,0,0,camouflage_relation_oracle,0.3,mlp,train_on_variant,0.7404642686051014,0.3246557322868326,0.6234842465885414,0.5026629567146301,0.4603826610000396,17,7,0.738136447836131,roc_auc,early_stopping,45954,8089930,176.04408264160156,176.0,176.04408264160156,176.0,0.2353361546993255,0.1452974677085876,/kaggle/working/gfd-robustness-v4-factorial-r1/graphs/base/yelpchi/r40_s2/graph.bin,/kaggle/working/gfd-robustness-v4-factorial-r1/graphs/variants/yelpchi/r40_s2/camouflage_relation_oracle/0.30/seed_0/graph.bin,/kaggle/working/gfd-robustness-v4-factorial-r1/graphs/variants/yelpchi/r40_s2/camouflage_relation_oracle/0.30/seed_0/graph.bin,ok,
gfd_robustness_benchmark_v4_factorial,yelpchi,r40_s2,0,0,camouflage_relation_oracle,0.3,pmp,train_clean_eval_all,0.8384560753747088,0.5314723668255943,0.7069773421998226,0.3942893743515014,0.5694106009996176,71,61,0.8519974633871886,roc_auc,early_stopping,45954,8089930,176.04408264160156,176.0,176.04408264160156,176.0,0.2353361546993255,0.1452974677085876,/kaggle/working/gfd-robustness-v4-factorial-r1/graphs/base/yelpchi/r40_s2/graph.bin,/kaggle/working/gfd-robustness-v4-factorial-r1/graphs/variants/yelpchi/r40_s2/camouflage_relation_oracle/0.30/seed_0/graph.bin,/kaggle/working/gfd-robustness-v4-factorial-r1/graphs/base/yelpchi/r40_s2/graph.bin,ok,
gfd_robustness_benchmark_v4_factorial,yelpchi,r40_s2,0,0,camouflage_relation_oracle,0.3,pmp,train_on_variant,0.8412244812500762,0.5494286429309523,0.7146362582644864,0.3855164647102356,32.24733254000057,57,47,0.8497575198411279,roc_auc,early_stopping,45954,8089930,176.04408264160156,176.0,176.04408264160156,176.0,0.2353361546993255,0.1452974677085876,/kaggle/working/gfd-robustness-v4-factorial-r1/graphs/base/yelpchi/r40_s2/graph.bin,/kaggle/working/gfd-robustness-v4-factorial-r1/graphs/variants/yelpchi/r40_s2/camouflage_relation_oracle/0.30/seed_0/graph.bin,/kaggle/working/gfd-robustness-v4-factorial-r1/graphs/variants/yelpchi/r40_s2/camouflage_relation_oracle/0.30/seed_0/graph.bin,ok,
gfd_robustness_benchmark_v4_factorial,yelpchi,r40_s2,0,0,camouflage_relation_oracle,0.3,sage,train_clean_eval_all,0.7814608737591009,0.4224763072301943,0.6578595092610886,0.648261308670044,0.1960147299996606,100,100,0.7811570196706694,roc_auc,max_epochs,45954,8089930,176.04408264160156,176.0,176.04408264160156,176.0,0.2353361546993255,0.1452974677085876,/kaggle/working/gfd-robustness-v4-factorial-r1/graphs/base/yelpchi/r40_s2/graph.bin,/kaggle/working/gfd-robustness-v4-factorial-r1/graphs/variants/yelpchi/r40_s2/camouflage_relation_oracle/0.30/seed_0/graph.bin,/kaggle/working/gfd-robustness-v4-factorial-r1/graphs/base/yelpchi/r40_s2/graph.bin,ok,
gfd_robustness_benchmark_v4_factorial,yelpchi,r40_s2,0,0,camouflage_relation_oracle,0.3,sage,train_on_variant,0.7984829213454455,0.4474920383899881,0.6720120291386297,0.6354964375495911,3.289704282000457,100,100,0.7998008377497574,roc_auc,max_epochs,45954,8089930,176.04408264160156,176.0,176.04408264160156,176.0,0.2353361546993255,0.1452974677085876,/kaggle/working/gfd-robustness-v4-factorial-r1/graphs/base/yelpchi/r40_s2/graph.bin,/kaggle/working/gfd-robustness-v4-factorial-r1/graphs/variants/yelpchi/r40_s2/camouflage_relation_oracle/0.30/seed_0/graph.bin,/kaggle/working/gfd-robustness-v4-factorial-r1/graphs/variants/yelpchi/r40_s2/camouflage_relation_oracle/0.30/seed_0/graph.bin,ok,
gfd_robustness_benchmark_v4_factorial,yelpchi,r40_s2,0,0,camouflage_relation_oracle,0.3,secgfd,train_clean_eval_all,0.8188940268012854,0.4816722559145341,0.6932305892292372,0.7547904253005981,0.2264252050008508,50,50,0.8112726691889752,roc_auc,max_epochs,45954,8089930,176.04408264160156,176.0,176.04408264160156,176.0,0.2353361546993255,0.1452974677085876,/kaggle/working/gfd-robustness-v4-factorial-r1/graphs/base/yelpchi/r40_s2/graph.bin,/kaggle/working/gfd-robustness-v4-factorial-r1/graphs/variants/yelpchi/r40_s2/camouflage_relation_oracle/0.30/seed_0/graph.bin,/kaggle/working/gfd-robustness-v4-factorial-r1/graphs/base/yelpchi/r40_s2/graph.bin,ok,
gfd_robustness_benchmark_v4_factorial,yelpchi,r40_s2,0,0,camouflage_relation_oracle,0.3,secgfd,train_on_variant,0.8374162126358281,0.5346353343694211,0.7121647571990396,0.6408159732818604,4.888023539999267,50,50,0.8374041200885908,roc_auc,max_epochs,45954,8089930,176.04408264160156,176.0,176.04408264160156,176.0,0.2353361546993255,0.1452974677085876,/kaggle/working/gfd-robustness-v4-factorial-r1/graphs/base/yelpchi/r40_s2/graph.bin,/kaggle/working/gfd-robustness-v4-factorial-r1/graphs/variants/yelpchi/r40_s2/camouflage_relation_oracle/0.30/seed_0/graph.bin,/kaggle/working/gfd-robustness-v4-factorial-r1/graphs/variants/yelpchi/r40_s2/camouflage_relation_oracle/0.30/seed_0/graph.bin,ok,
gfd_robustness_benchmark_v4_factorial,yelpchi,r40_s2,0,1,camouflage_relation_oracle,0.3,mlp,train_clean_eval_all,0.789016635612431,0.4167857282436971,0.6554860094295863,0.6965858936309814,0.1413000419997843,100,100,0.7856864946824108,roc_auc,max_epochs,45954,8089930,176.04408264160156,176.0,176.04408264160156,176.0,0.2353361546993255,0.1452974677085876,/kaggle/working/gfd-robustness-v4-factorial-r1/graphs/base/yelpchi/r40_s2/graph.bin,/kaggle/working/gfd-robustness-v4-factorial-r1/graphs/variants/yelpchi/r40_s2/camouflage_relation_oracle/0.30/seed_0/graph.bin,/kaggle/working/gfd-robustness-v4-factorial-r1/graphs/base/yelpchi/r40_s2/graph.bin,ok,
gfd_robustness_benchmark_v4_factorial,yelpchi,r40_s2,0,1,camouflage_relation_oracle,0.3,mlp,train_on_variant,0.789016635612431,0.4167857282436971,0.6554860094295863,0.6965858936309814,1.9492376960006368,100,100,0.7856864946824108,roc_auc,max_epochs,45954,8089930,176.04408264160156,176.0,176.04408264160156,176.0,0.2353361546993255,0.1452974677085876,/kaggle/working/gfd-robustness-v4-factorial-r1/graphs/base/yelpchi/r40_s2/graph.bin,/kaggle/working/gfd-robustness-v4-factorial-r1/graphs/variants/yelpchi/r40_s2/camouflage_relation_oracle/0.30/seed_0/graph.bin,/kaggle/working/gfd-robustness-v4-factorial-r1/graphs/variants/yelpchi/r40_s2/camouflage_relation_oracle/0.30/seed_0/graph.bin,ok,
gfd_robustness_benchmark_v4_factorial,yelpchi,r40_s2,0,1,camouflage_relation_oracle,0.3,pmp,train_clean_eval_all,0.8356416383754893,0.5411483272050501,0.7080926637359811,0.3003063797950744,0.4853948320014751,82,72,0.8499563006458349,roc_auc,early_stopping,45954,8089930,176.04408264160156,176.0,176.04408264160156,176.0,0.2353361546993255,0.1452974677085876,/kaggle/working/gfd-robustness-v4-factorial-r1/graphs/base/yelpchi/r40_s2/graph.bin,/kaggle/working/gfd-robustness-v4-factorial-r1/graphs/variants/yelpchi/r40_s2/camouflage_relation_oracle/0.30/seed_0/graph.bin,/kaggle/working/gfd-robustness-v4-factorial-r1/graphs/base/yelpchi/r40_s2/graph.bin,ok,
gfd_robustness_benchmark_v4_factorial,yelpchi,r40_s2,0,1,camouflage_relation_oracle,0.3,pmp,train_on_variant,0.8372518582996938,0.5412607362939165,0.7123708443149162,0.3313206732273102,37.80144657599885,67,57,0.8468665918079803,roc_auc,early_stopping,45954,8089930,176.04408264160156,176.0,176.04408264160156,176.0,0.2353361546993255,0.1452974677085876,/kaggle/working/gfd-robustness-v4-factorial-r1/graphs/base/yelpchi/r40_s2/graph.bin,/kaggle/working/gfd-robustness-v4-factorial-r1/graphs/variants/yelpchi/r40_s2/camouflage_relation_oracle/0.30/seed_0/graph.bin,/kaggle/working/gfd-robustness-v4-factorial-r1/graphs/variants/yelpchi/r40_s2/camouflage_relation_oracle/0.30/seed_0/graph.bin,ok,
gfd_robustness_benchmark_v4_factorial,yelpchi,r40_s2,0,1,camouflage_relation_oracle,0.3,sage,train_clean_eval_all,0.6197807494100394,0.200290726112067,0.5456266176618608,0.2710321545600891,0.2189985389995854,23,13,0.6158413377294931,roc_auc,early_stopping,45954,8089930,176.04408264160156,176.0,176.04408264160156,176.0,0.2353361546993255,0.1452974677085876,/kaggle/working/gfd-robustness-v4-factorial-r1/graphs/base/yelpchi/r40_s2/graph.bin,/kaggle/working/gfd-robustness-v4-factorial-r1/graphs/variants/yelpchi/r40_s2/camouflage_relation_oracle/0.30/seed_0/graph.bin,/kaggle/working/gfd-robustness-v4-factorial-r1/graphs/base/yelpchi/r40_s2/graph.bin,ok,
gfd_robustness_benchmark_v4_factorial,yelpchi,r40_s2,0,1,camouflage_relation_oracle,0.3,sage,train_on_variant,0.6206798509968352,0.2004772256195277,0.5471053267840782,0.2756399512290954,1.008986859000288,23,13,0.6235693289181012,roc_auc,early_stopping,45954,8089930,176.04408264160156,176.0,176.04408264160156,176.0,0.2353361546993255,0.1452974677085876,/kaggle/working/gfd-robustness-v4-factorial-r1/graphs/base/yelpchi/r40_s2/graph.bin,/kaggle/working/gfd-robustness-v4-factorial-r1/graphs/variants/yelpchi/r40_s2/camouflage_relation_oracle/0.30/seed_0/graph.bin,/kaggle/working/gfd-robustness-v4-factorial-r1/graphs/variants/yelpchi/r40_s2/camouflage_relation_oracle/0.30/seed_0/graph.bin,ok,
gfd_robustness_benchmark_v4_factorial,yelpchi,r40_s2,0,1,camouflage_relation_oracle,0.3,secgfd,train_clean_eval_all,0.7969742080884057,0.4377280982234032,0.6667338552610507,0.7049526572227478,0.2744735230007791,50,49,0.789748460509659,roc_auc,max_epochs,45954,8089930,176.04408264160156,176.0,176.04408264160156,176.0,0.2353361546993255,0.1452974677085876,/kaggle/working/gfd-robustness-v4-factorial-r1/graphs/base/yelpchi/r40_s2/graph.bin,/kaggle/working/gfd-robustness-v4-factorial-r1/graphs/variants/yelpchi/r40_s2/camouflage_relation_oracle/0.30/seed_0/graph.bin,/kaggle/working/gfd-robustness-v4-factorial-r1/graphs/base/yelpchi/r40_s2/graph.bin,ok,
gfd_robustness_benchmark_v4_factorial,yelpchi,r40_s2,0,1,camouflage_relation_oracle,0.3,secgfd,train_on_variant,0.8230399125692098,0.4956060089338538,0.6932922466908418,0.6665071249008179,4.880771833999461,50,50,0.8274193063889743,roc_auc,max_epochs,45954,8089930,176.04408264160156,176.0,176.04408264160156,176.0,0.2353361546993255,0.1452974677085876,/kaggle/working/gfd-robustness-v4-factorial-r1/graphs/base/yelpchi/r40_s2/graph.bin,/kaggle/working/gfd-robustness-v4-factorial-r1/graphs/variants/yelpchi/r40_s2/camouflage_relation_oracle/0.30/seed_0/graph.bin,/kaggle/working/gfd-robustness-v4-factorial-r1/graphs/variants/yelpchi/r40_s2/camouflage_relation_oracle/0.30/seed_0/graph.bin,ok,
gfd_robustness_benchmark_v4_factorial,yelpchi,r40_s2,0,2,camouflage_relation_oracle,0.3,mlp,train_clean_eval_all,0.791833978586869,0.422563545347575,0.659744675709785,0.6869957447052002,0.1741474480004399,100,100,0.7910127617371984,roc_auc,max_epochs,45954,8089930,176.04408264160156,176.0,176.04408264160156,176.0,0.2353361546993255,0.1452974677085876,/kaggle/working/gfd-robustness-v4-factorial-r1/graphs/base/yelpchi/r40_s2/graph.bin,/kaggle/working/gfd-robustness-v4-factorial-r1/graphs/variants/yelpchi/r40_s2/camouflage_relation_oracle/0.30/seed_0/graph.bin,/kaggle/working/gfd-robustness-v4-factorial-r1/graphs/base/yelpchi/r40_s2/graph.bin,ok,
gfd_robustness_benchmark_v4_factorial,yelpchi,r40_s2,0,2,camouflage_relation_oracle,0.3,mlp,train_on_variant,0.791833978586869,0.422563545347575,0.659744675709785,0.6869957447052002,2.050692769998932,100,100,0.7910127617371984,roc_auc,max_epochs,45954,8089930,176.04408264160156,176.0,176.04408264160156,176.0,0.2353361546993255,0.1452974677085876,/kaggle/working/gfd-robustness-v4-factorial-r1/graphs/base/yelpchi/r40_s2/graph.bin,/kaggle/working/gfd-robustness-v4-factorial-r1/graphs/variants/yelpchi/r40_s2/camouflage_relation_oracle/0.30/seed_0/graph.bin,/kaggle/working/gfd-robustness-v4-factorial-r1/graphs/variants/yelpchi/r40_s2/camouflage_relation_oracle/0.30/seed_0/graph.bin,ok,
gfd_robustness_benchmark_v4_factorial,yelpchi,r40_s2,0,2,camouflage_relation_oracle,0.3,pmp,train_clean_eval_all,0.8382656982686867,0.5398890007137512,0.7091158951840784,0.3158973157405853,0.4580292240007111,67,57,0.8516228361905988,roc_auc,early_stopping,45954,8089930,176.04408264160156,176.0,176.04408264160156,176.0,0.2353361546993255,0.1452974677085876,/kaggle/working/gfd-robustness-v4-factorial-r1/graphs/base/yelpchi/r40_s2/graph.bin,/kaggle/working/gfd-robustness-v4-factorial-r1/graphs/variants/yelpchi/r40_s2/camouflage_relation_oracle/0.30/seed_0/graph.bin,/kaggle/working/gfd-robustness-v4-factorial-r1/graphs/base/yelpchi/r40_s2/graph.bin,ok,
gfd_robustness_benchmark_v4_factorial,yelpchi,r40_s2,0,2,camouflage_relation_oracle,0.3,pmp,train_on_variant,0.84248797307371,0.5533458483866424,0.7166621950210734,0.2871265113353729,37.26688518300034,66,56,0.8507401712213648,roc_auc,early_stopping,45954,8089930,176.04408264160156,176.0,176.04408264160156,176.0,0.2353361546993255,0.1452974677085876,/kaggle/working/gfd-robustness-v4-factorial-r1/graphs/base/yelpchi/r40_s2/graph.bin,/kaggle/working/gfd-robustness-v4-factorial-r1/graphs/variants/yelpchi/r40_s2/camouflage_relation_oracle/0.30/seed_0/graph.bin,/kaggle/working/gfd-robustness-v4-factorial-r1/graphs/variants/yelpchi/r40_s2/camouflage_relation_oracle/0.30/seed_0/graph.bin,ok,
gfd_robustness_benchmark_v4_factorial,yelpchi,r40_s2,0,2,camouflage_relation_oracle,0.3,sage,train_clean_eval_all,0.7890813054707794,0.4281306748988985,0.6610179053418227,0.6848011612892151,0.1842081169997982,100,99,0.791447800370479,roc_auc,max_epochs,45954,8089930,176.04408264160156,176.0,176.04408264160156,176.0,0.2353361546993255,0.1452974677085876,/kaggle/working/gfd-robustness-v4-factorial-r1/graphs/base/yelpchi/r40_s2/graph.bin,/kaggle/working/gfd-robustness-v4-factorial-r1/graphs/variants/yelpchi/r40_s2/camouflage_relation_oracle/0.30/seed_0/graph.bin,/kaggle/working/gfd-robustness-v4-factorial-r1/graphs/base/yelpchi/r40_s2/graph.bin,ok,
gfd_robustness_benchmark_v4_factorial,yelpchi,r40_s2,0,2,camouflage_relation_oracle,0.3,sage,train_on_variant,0.7959244721796225,0.4421074405509258,0.666997968464105,0.6543314456939697,3.449216091999915,100,100,0.7967330143495043,roc_auc,max_epochs,45954,8089930,176.04408264160156,176.0,176.04408264160156,176.0,0.2353361546993255,0.1452974677085876,/kaggle/working/gfd-robustness-v4-factorial-r1/graphs/base/yelpchi/r40_s2/graph.bin,/kaggle/working/gfd-robustness-v4-factorial-r1/graphs/variants/yelpchi/r40_s2/camouflage_relation_oracle/0.30/seed_0/graph.bin,/kaggle/working/gfd-robustness-v4-factorial-r1/graphs/variants/yelpchi/r40_s2/camouflage_relation_oracle/0.30/seed_0/graph.bin,ok,
gfd_robustness_benchmark_v4_factorial,yelpchi,r40_s2,0,2,camouflage_relation_oracle,0.3,secgfd,train_clean_eval_all,0.8153467838381282,0.4950777048885507,0.6901102480942755,0.6936580538749695,0.2845316449984238,50,50,0.8116419561480677,roc_auc,max_epochs,45954,8089930,176.04408264160156,176.0,176.04408264160156,176.0,0.2353361546993255,0.1452974677085876,/kaggle/working/gfd-robustness-v4-factorial-r1/graphs/base/yelpchi/r40_s2/graph.bin,/kaggle/working/gfd-robustness-v4-factorial-r1/graphs/variants/yelpchi/r40_s2/camouflage_relation_oracle/0.30/seed_0/graph.bin,/kaggle/working/gfd-robustness-v4-factorial-r1/graphs/base/yelpchi/r40_s2/graph.bin,ok,
gfd_robustness_benchmark_v4_factorial,yelpchi,r40_s2,0,2,camouflage_relation_oracle,0.3,secgfd,train_on_variant,0.8363857943164079,0.5226213392257447,0.7084767477222342,0.7658406496047974,4.789607021000848,50,50,0.8413968535511387,roc_auc,max_epochs,45954,8089930,176.04408264160156,176.0,176.04408264160156,176.0,0.2353361546993255,0.1452974677085876,/kaggle/working/gfd-robustness-v4-factorial-r1/graphs/base/yelpchi/r40_s2/graph.bin,/kaggle/working/gfd-robustness-v4-factorial-r1/graphs/variants/yelpchi/r40_s2/camouflage_relation_oracle/0.30/seed_0/graph.bin,/kaggle/working/gfd-robustness-v4-factorial-r1/graphs/variants/yelpchi/r40_s2/camouflage_relation_oracle/0.30/seed_0/graph.bin,ok,
gfd_robustness_benchmark_v4_factorial,yelpchi,r40_s2,0,3,camouflage_relation_oracle,0.3,mlp,train_clean_eval_all,0.7873703172829494,0.4124587532671446,0.6562929132355262,0.6923589110374451,0.148329666999416,100,100,0.787128406487435,roc_auc,max_epochs,45954,8089930,176.04408264160156,176.0,176.04408264160156,176.0,0.2353361546993255,0.1452974677085876,/kaggle/working/gfd-robustness-v4-factorial-r1/graphs/base/yelpchi/r40_s2/graph.bin,/kaggle/working/gfd-robustness-v4-factorial-r1/graphs/variants/yelpchi/r40_s2/camouflage_relation_oracle/0.30/seed_0/graph.bin,/kaggle/working/gfd-robustness-v4-factorial-r1/graphs/base/yelpchi/r40_s2/graph.bin,ok,
gfd_robustness_benchmark_v4_factorial,yelpchi,r40_s2,0,3,camouflage_relation_oracle,0.3,mlp,train_on_variant,0.7873703172829494,0.4124587532671446,0.6562929132355262,0.6923589110374451,2.260203408999587,100,100,0.787128406487435,roc_auc,max_epochs,45954,8089930,176.04408264160156,176.0,176.04408264160156,176.0,0.2353361546993255,0.1452974677085876,/kaggle/working/gfd-robustness-v4-factorial-r1/graphs/base/yelpchi/r40_s2/graph.bin,/kaggle/working/gfd-robustness-v4-factorial-r1/graphs/variants/yelpchi/r40_s2/camouflage_relation_oracle/0.30/seed_0/graph.bin,/kaggle/working/gfd-robustness-v4-factorial-r1/graphs/variants/yelpchi/r40_s2/camouflage_relation_oracle/0.30/seed_0/graph.bin,ok,
gfd_robustness_benchmark_v4_factorial,yelpchi,r40_s2,0,3,camouflage_relation_oracle,0.3,pmp,train_clean_eval_all,0.836628574254241,0.5390332347124653,0.709676034159019,0.3407284319400787,0.4716048400005093,81,71,0.8504771645246115,roc_auc,early_stopping,45954,8089930,176.04408264160156,176.0,176.04408264160156,176.0,0.2353361546993255,0.1452974677085876,/kaggle/working/gfd-robustness-v4-factorial-r1/graphs/base/yelpchi/r40_s2/graph.bin,/kaggle/working/gfd-robustness-v4-factorial-r1/graphs/variants/yelpchi/r40_s2/camouflage_relation_oracle/0.30/seed_0/graph.bin,/kaggle/working/gfd-robustness-v4-factorial-r1/graphs/base/yelpchi/r40_s2/graph.bin,ok,
gfd_robustness_benchmark_v4_factorial,yelpchi,r40_s2,0,3,camouflage_relation_oracle,0.3,pmp,train_on_variant,0.8335150242729917,0.5349362917380246,0.7103955524525878,0.3292501270771026,27.46015026799978,48,38,0.8423148499131019,roc_auc,early_stopping,45954,8089930,176.04408264160156,176.0,176.04408264160156,176.0,0.2353361546993255,0.1452974677085876,/kaggle/working/gfd-robustness-v4-factorial-r1/graphs/base/yelpchi/r40_s2/graph.bin,/kaggle/working/gfd-robustness-v4-factorial-r1/graphs/variants/yelpchi/r40_s2/camouflage_relation_oracle/0.30/seed_0/graph.bin,/kaggle/working/gfd-robustness-v4-factorial-r1/graphs/variants/yelpchi/r40_s2/camouflage_relation_oracle/0.30/seed_0/graph.bin,ok,
gfd_robustness_benchmark_v4_factorial,yelpchi,r40_s2,0,3,camouflage_relation_oracle,0.3,sage,train_clean_eval_all,0.7793821606087723,0.4144577378650475,0.6576327407681802,0.678734302520752,0.2260812969998369,100,100,0.781263013848857,roc_auc,max_epochs,45954,8089930,176.04408264160156,176.0,176.04408264160156,176.0,0.2353361546993255,0.1452974677085876,/kaggle/working/gfd-robustness-v4-factorial-r1/graphs/base/yelpchi/r40_s2/graph.bin,/kaggle/working/gfd-robustness-v4-factorial-r1/graphs/variants/yelpchi/r40_s2/camouflage_relation_oracle/0.30/seed_0/graph.bin,/kaggle/working/gfd-robustness-v4-factorial-r1/graphs/base/yelpchi/r40_s2/graph.bin,ok,
gfd_robustness_benchmark_v4_factorial,yelpchi,r40_s2,0,3,camouflage_relation_oracle,0.3,sage,train_on_variant,0.784902215363062,0.4249383824905887,0.6614066284622137,0.6299035549163818,3.557807450000837,100,98,0.7870382422989722,roc_auc,max_epochs,45954,8089930,176.04408264160156,176.0,176.04408264160156,176.0,0.2353361546993255,0.1452974677085876,/kaggle/working/gfd-robustness-v4-factorial-r1/graphs/base/yelpchi/r40_s2/graph.bin,/kaggle/working/gfd-robustness-v4-factorial-r1/graphs/variants/yelpchi/r40_s2/camouflage_relation_oracle/0.30/seed_0/graph.bin,/kaggle/working/gfd-robustness-v4-factorial-r1/graphs/variants/yelpchi/r40_s2/camouflage_relation_oracle/0.30/seed_0/graph.bin,ok,
gfd_robustness_benchmark_v4_factorial,yelpchi,r40_s2,0,3,camouflage_relation_oracle,0.3,secgfd,train_clean_eval_all,0.8102467377808029,0.4751102675191155,0.68332532081995,0.7292185425758362,0.2252911100003984,50,49,0.8013855055464565,roc_auc,max_epochs,45954,8089930,176.04408264160156,176.0,176.04408264160156,176.0,0.2353361546993255,0.1452974677085876,/kaggle/working/gfd-robustness-v4-factorial-r1/graphs/base/yelpchi/r40_s2/graph.bin,/kaggle/working/gfd-robustness-v4-factorial-r1/graphs/variants/yelpchi/r40_s2/camouflage_relation_oracle/0.30/seed_0/graph.bin,/kaggle/working/gfd-robustness-v4-factorial-r1/graphs/base/yelpchi/r40_s2/graph.bin,ok,
gfd_robustness_benchmark_v4_factorial,yelpchi,r40_s2,0,3,camouflage_relation_oracle,0.3,secgfd,train_on_variant,0.8237475651738783,0.4994905674876891,0.6942651511264197,0.6613154411315918,4.873701642000015,50,50,0.8233892866253275,roc_auc,max_epochs,45954,8089930,176.04408264160156,176.0,176.04408264160156,176.0,0.2353361546993255,0.1452974677085876,/kaggle/working/gfd-robustness-v4-factorial-r1/graphs/base/yelpchi/r40_s2/graph.bin,/kaggle/working/gfd-robustness-v4-factorial-r1/graphs/variants/yelpchi/r40_s2/camouflage_relation_oracle/0.30/seed_0/graph.bin,/kaggle/working/gfd-robustness-v4-factorial-r1/graphs/variants/yelpchi/r40_s2/camouflage_relation_oracle/0.30/seed_0/graph.bin,ok,
gfd_robustness_benchmark_v4_factorial,yelpchi,r40_s2,0,4,camouflage_relation_oracle,0.3,mlp,train_clean_eval_all,0.7906828431985317,0.4231759041474303,0.6564547082775046,0.6527314186096191,0.1444447079993551,100,100,0.7886782196983243,roc_auc,max_epochs,45954,8089930,176.04408264160156,176.0,176.04408264160156,176.0,0.2353361546993255,0.1452974677085876,/kaggle/working/gfd-robustness-v4-factorial-r1/graphs/base/yelpchi/r40_s2/graph.bin,/kaggle/working/gfd-robustness-v4-factorial-r1/graphs/variants/yelpchi/r40_s2/camouflage_relation_oracle/0.30/seed_0/graph.bin,/kaggle/working/gfd-robustness-v4-factorial-r1/graphs/base/yelpchi/r40_s2/graph.bin,ok,
gfd_robustness_benchmark_v4_factorial,yelpchi,r40_s2,0,4,camouflage_relation_oracle,0.3,mlp,train_on_variant,0.7906828431985317,0.4231759041474303,0.6564547082775046,0.6527314186096191,1.8772203919997992,100,100,0.7886782196983243,roc_auc,max_epochs,45954,8089930,176.04408264160156,176.0,176.04408264160156,176.0,0.2353361546993255,0.1452974677085876,/kaggle/working/gfd-robustness-v4-factorial-r1/graphs/base/yelpchi/r40_s2/graph.bin,/kaggle/working/gfd-robustness-v4-factorial-r1/graphs/variants/yelpchi/r40_s2/camouflage_relation_oracle/0.30/seed_0/graph.bin,/kaggle/working/gfd-robustness-v4-factorial-r1/graphs/variants/yelpchi/r40_s2/camouflage_relation_oracle/0.30/seed_0/graph.bin,ok,
gfd_robustness_benchmark_v4_factorial,yelpchi,r40_s2,0,4,camouflage_relation_oracle,0.3,pmp,train_clean_eval_all,0.8417657905929485,0.5548013271343638,0.7108061522305011,0.3711147308349609,0.4537673759987228,88,78,0.8543143635700441,roc_auc,early_stopping,45954,8089930,176.04408264160156,176.0,176.04408264160156,176.0,0.2353361546993255,0.1452974677085876,/kaggle/working/gfd-robustness-v4-factorial-r1/graphs/base/yelpchi/r40_s2/graph.bin,/kaggle/working/gfd-robustness-v4-factorial-r1/graphs/variants/yelpchi/r40_s2/camouflage_relation_oracle/0.30/seed_0/graph.bin,/kaggle/working/gfd-robustness-v4-factorial-r1/graphs/base/yelpchi/r40_s2/graph.bin,ok,
gfd_robustness_benchmark_v4_factorial,yelpchi,r40_s2,0,4,camouflage_relation_oracle,0.3,pmp,train_on_variant,0.8350623965282267,0.534673515086247,0.7068324550114702,0.3203738331794739,31.66159257800064,56,46,0.8442472529961355,roc_auc,early_stopping,45954,8089930,176.04408264160156,176.0,176.04408264160156,176.0,0.2353361546993255,0.1452974677085876,/kaggle/working/gfd-robustness-v4-factorial-r1/graphs/base/yelpchi/r40_s2/graph.bin,/kaggle/working/gfd-robustness-v4-factorial-r1/graphs/variants/yelpchi/r40_s2/camouflage_relation_oracle/0.30/seed_0/graph.bin,/kaggle/working/gfd-robustness-v4-factorial-r1/graphs/variants/yelpchi/r40_s2/camouflage_relation_oracle/0.30/seed_0/graph.bin,ok,
gfd_robustness_benchmark_v4_factorial,yelpchi,r40_s2,0,4,camouflage_relation_oracle,0.3,sage,train_clean_eval_all,0.7838048405162689,0.4188678060867347,0.6579720770550997,0.663702666759491,0.2189085829995747,100,100,0.7873061124263036,roc_auc,max_epochs,45954,8089930,176.04408264160156,176.0,176.04408264160156,176.0,0.2353361546993255,0.1452974677085876,/kaggle/working/gfd-robustness-v4-factorial-r1/graphs/base/yelpchi/r40_s2/graph.bin,/kaggle/working/gfd-robustness-v4-factorial-r1/graphs/variants/yelpchi/r40_s2/camouflage_relation_oracle/0.30/seed_0/graph.bin,/kaggle/working/gfd-robustness-v4-factorial-r1/graphs/base/yelpchi/r40_s2/graph.bin,ok,
gfd_robustness_benchmark_v4_factorial,yelpchi,r40_s2,0,4,camouflage_relation_oracle,0.3,sage,train_on_variant,0.7958318382646621,0.4367887267566641,0.6654109616119174,0.6427261829376221,3.3667051709999214,100,99,0.7955595448401147,roc_auc,max_epochs,45954,8089930,176.04408264160156,176.0,176.04408264160156,176.0,0.2353361546993255,0.1452974677085876,/kaggle/working/gfd-robustness-v4-factorial-r1/graphs/base/yelpchi/r40_s2/graph.bin,/kaggle/working/gfd-robustness-v4-factorial-r1/graphs/variants/yelpchi/r40_s2/camouflage_relation_oracle/0.30/seed_0/graph.bin,/kaggle/working/gfd-robustness-v4-factorial-r1/graphs/variants/yelpchi/r40_s2/camouflage_relation_oracle/0.30/seed_0/graph.bin,ok,
gfd_robustness_benchmark_v4_factorial,yelpchi,r40_s2,0,4,camouflage_relation_oracle,0.3,secgfd,train_clean_eval_all,0.7933139655642889,0.4302322326267563,0.6614414437173433,0.6979449987411499,0.2448365479995118,50,50,0.7831441601880527,roc_auc,max_epochs,45954,8089930,176.04408264160156,176.0,176.04408264160156,176.0,0.2353361546993255,0.1452974677085876,/kaggle/working/gfd-robustness-v4-factorial-r1/graphs/base/yelpchi/r40_s2/graph.bin,/kaggle/working/gfd-robustness-v4-factorial-r1/graphs/variants/yelpchi/r40_s2/camouflage_relation_oracle/0.30/seed_0/graph.bin,/kaggle/working/gfd-robustness-v4-factorial-r1/graphs/base/yelpchi/r40_s2/graph.bin,ok,
gfd_robustness_benchmark_v4_factorial,yelpchi,r40_s2,0,4,camouflage_relation_oracle,0.3,secgfd,train_on_variant,0.8205902350085978,0.4955003924441776,0.6945270791440914,0.6235043406486511,4.860517863000496,50,49,0.8214234116965505,roc_auc,max_epochs,45954,8089930,176.04408264160156,176.0,176.04408264160156,176.0,0.2353361546993255,0.1452974677085876,/kaggle/working/gfd-robustness-v4-factorial-r1/graphs/base/yelpchi/r40_s2/graph.bin,/kaggle/working/gfd-robustness-v4-factorial-r1/graphs/variants/yelpchi/r40_s2/camouflage_relation_oracle/0.30/seed_0/graph.bin,/kaggle/working/gfd-robustness-v4-factorial-r1/graphs/variants/yelpchi/r40_s2/camouflage_relation_oracle/0.30/seed_0/graph.bin,ok,
gfd_robustness_benchmark_v4_factorial,yelpchi,r40_s2,1,0,camouflage_relation_oracle,0.3,mlp,train_clean_eval_all,0.7404642686051014,0.3246557322868326,0.6234842465885414,0.5026629567146301,0.1996393270001135,17,7,0.738136447836131,roc_auc,early_stopping,45954,8090118,176.0481719970703,176.0,176.0481719970703,176.0,0.2353772819042205,0.1452974677085876,/kaggle/working/gfd-robustness-v4-factorial-r1/graphs/base/yelpchi/r40_s2/graph.bin,/kaggle/working/gfd-robustness-v4-factorial-r1/graphs/variants/yelpchi/r40_s2/camouflage_relation_oracle/0.30/seed_1/graph.bin,/kaggle/working/gfd-robustness-v4-factorial-r1/graphs/base/yelpchi/r40_s2/graph.bin,ok,
gfd_robustness_benchmark_v4_factorial,yelpchi,r40_s2,1,0,camouflage_relation_oracle,0.3,mlp,train_on_variant,0.7404642686051014,0.3246557322868326,0.6234842465885414,0.5026629567146301,0.5059600839995255,17,7,0.738136447836131,roc_auc,early_stopping,45954,8090118,176.0481719970703,176.0,176.0481719970703,176.0,0.2353772819042205,0.1452974677085876,/kaggle/working/gfd-robustness-v4-factorial-r1/graphs/base/yelpchi/r40_s2/graph.bin,/kaggle/working/gfd-robustness-v4-factorial-r1/graphs/variants/yelpchi/r40_s2/camouflage_relation_oracle/0.30/seed_1/graph.bin,/kaggle/working/gfd-robustness-v4-factorial-r1/graphs/variants/yelpchi/r40_s2/camouflage_relation_oracle/0.30/seed_1/graph.bin,ok,
gfd_robustness_benchmark_v4_factorial,yelpchi,r40_s2,1,0,camouflage_relation_oracle,0.3,pmp,train_clean_eval_all,0.8394520031030098,0.5334281737410611,0.7109843960066805,0.3942893743515014,0.5088728430000629,71,61,0.8519974633871886,roc_auc,early_stopping,45954,8090118,176.0481719970703,176.0,176.0481719970703,176.0,0.2353772819042205,0.1452974677085876,/kaggle/working/gfd-robustness-v4-factorial-r1/graphs/base/yelpchi/r40_s2/graph.bin,/kaggle/working/gfd-robustness-v4-factorial-r1/graphs/variants/yelpchi/r40_s2/camouflage_relation_oracle/0.30/seed_1/graph.bin,/kaggle/working/gfd-robustness-v4-factorial-r1/graphs/base/yelpchi/r40_s2/graph.bin,ok,
gfd_robustness_benchmark_v4_factorial,yelpchi,r40_s2,1,0,camouflage_relation_oracle,0.3,pmp,train_on_variant,0.8386036012559911,0.5524697647867847,0.7087689902337152,0.428263783454895,27.58662701400135,47,37,0.8492422346033086,roc_auc,early_stopping,45954,8090118,176.0481719970703,176.0,176.0481719970703,176.0,0.2353772819042205,0.1452974677085876,/kaggle/working/gfd-robustness-v4-factorial-r1/graphs/base/yelpchi/r40_s2/graph.bin,/kaggle/working/gfd-robustness-v4-factorial-r1/graphs/variants/yelpchi/r40_s2/camouflage_relation_oracle/0.30/seed_1/graph.bin,/kaggle/working/gfd-robustness-v4-factorial-r1/graphs/variants/yelpchi/r40_s2/camouflage_relation_oracle/0.30/seed_1/graph.bin,ok,
gfd_robustness_benchmark_v4_factorial,yelpchi,r40_s2,1,0,camouflage_relation_oracle,0.3,sage,train_clean_eval_all,0.7815293547324902,0.4224804357674054,0.6575004413514597,0.648261308670044,0.2300868440015619,100,100,0.7811570196706694,roc_auc,max_epochs,45954,8090118,176.0481719970703,176.0,176.0481719970703,176.0,0.2353772819042205,0.1452974677085876,/kaggle/working/gfd-robustness-v4-factorial-r1/graphs/base/yelpchi/r40_s2/graph.bin,/kaggle/working/gfd-robustness-v4-factorial-r1/graphs/variants/yelpchi/r40_s2/camouflage_relation_oracle/0.30/seed_1/graph.bin,/kaggle/working/gfd-robustness-v4-factorial-r1/graphs/base/yelpchi/r40_s2/graph.bin,ok,
gfd_robustness_benchmark_v4_factorial,yelpchi,r40_s2,1,0,camouflage_relation_oracle,0.3,sage,train_on_variant,0.8048324057396917,0.4547479575150204,0.6775342014866155,0.6717590689659119,3.4186218430004374,100,99,0.8072982927928251,roc_auc,max_epochs,45954,8090118,176.0481719970703,176.0,176.0481719970703,176.0,0.2353772819042205,0.1452974677085876,/kaggle/working/gfd-robustness-v4-factorial-r1/graphs/base/yelpchi/r40_s2/graph.bin,/kaggle/working/gfd-robustness-v4-factorial-r1/graphs/variants/yelpchi/r40_s2/camouflage_relation_oracle/0.30/seed_1/graph.bin,/kaggle/working/gfd-robustness-v4-factorial-r1/graphs/variants/yelpchi/r40_s2/camouflage_relation_oracle/0.30/seed_1/graph.bin,ok,
gfd_robustness_benchmark_v4_factorial,yelpchi,r40_s2,1,0,camouflage_relation_oracle,0.3,secgfd,train_clean_eval_all,0.8189503360260132,0.4815964098164667,0.6938638991885723,0.7547904253005981,0.2356768150002608,50,50,0.8112726691889752,roc_auc,max_epochs,45954,8090118,176.0481719970703,176.0,176.0481719970703,176.0,0.2353772819042205,0.1452974677085876,/kaggle/working/gfd-robustness-v4-factorial-r1/graphs/base/yelpchi/r40_s2/graph.bin,/kaggle/working/gfd-robustness-v4-factorial-r1/graphs/variants/yelpchi/r40_s2/camouflage_relation_oracle/0.30/seed_1/graph.bin,/kaggle/working/gfd-robustness-v4-factorial-r1/graphs/base/yelpchi/r40_s2/graph.bin,ok,
gfd_robustness_benchmark_v4_factorial,yelpchi,r40_s2,1,0,camouflage_relation_oracle,0.3,secgfd,train_on_variant,0.8302743259661939,0.5091926998558336,0.7038842372445278,0.7351863384246826,4.885211061000518,50,49,0.8291032930669889,roc_auc,max_epochs,45954,8090118,176.0481719970703,176.0,176.0481719970703,176.0,0.2353772819042205,0.1452974677085876,/kaggle/working/gfd-robustness-v4-factorial-r1/graphs/base/yelpchi/r40_s2/graph.bin,/kaggle/working/gfd-robustness-v4-factorial-r1/graphs/variants/yelpchi/r40_s2/camouflage_relation_oracle/0.30/seed_1/graph.bin,/kaggle/working/gfd-robustness-v4-factorial-r1/graphs/variants/yelpchi/r40_s2/camouflage_relation_oracle/0.30/seed_1/graph.bin,ok,
gfd_robustness_benchmark_v4_factorial,yelpchi,r40_s2,1,1,camouflage_relation_oracle,0.3,mlp,train_clean_eval_all,0.789016635612431,0.4167857282436971,0.6554860094295863,0.6965858936309814,0.1492732290007552,100,100,0.7856864946824108,roc_auc,max_epochs,45954,8090118,176.0481719970703,176.0,176.0481719970703,176.0,0.2353772819042205,0.1452974677085876,/kaggle/working/gfd-robustness-v4-factorial-r1/graphs/base/yelpchi/r40_s2/graph.bin,/kaggle/working/gfd-robustness-v4-factorial-r1/graphs/variants/yelpchi/r40_s2/camouflage_relation_oracle/0.30/seed_1/graph.bin,/kaggle/working/gfd-robustness-v4-factorial-r1/graphs/base/yelpchi/r40_s2/graph.bin,ok,
gfd_robustness_benchmark_v4_factorial,yelpchi,r40_s2,1,1,camouflage_relation_oracle,0.3,mlp,train_on_variant,0.789016635612431,0.4167857282436971,0.6554860094295863,0.6965858936309814,2.0193495219991746,100,100,0.7856864946824108,roc_auc,max_epochs,45954,8090118,176.0481719970703,176.0,176.0481719970703,176.0,0.2353772819042205,0.1452974677085876,/kaggle/working/gfd-robustness-v4-factorial-r1/graphs/base/yelpchi/r40_s2/graph.bin,/kaggle/working/gfd-robustness-v4-factorial-r1/graphs/variants/yelpchi/r40_s2/camouflage_relation_oracle/0.30/seed_1/graph.bin,/kaggle/working/gfd-robustness-v4-factorial-r1/graphs/variants/yelpchi/r40_s2/camouflage_relation_oracle/0.30/seed_1/graph.bin,ok,
gfd_robustness_benchmark_v4_factorial,yelpchi,r40_s2,1,1,camouflage_relation_oracle,0.3,pmp,train_clean_eval_all,0.8360750574335036,0.5469321991337968,0.7106118034382343,0.3003063797950744,0.4970132479993481,82,72,0.8499563006458349,roc_auc,early_stopping,45954,8090118,176.0481719970703,176.0,176.0481719970703,176.0,0.2353772819042205,0.1452974677085876,/kaggle/working/gfd-robustness-v4-factorial-r1/graphs/base/yelpchi/r40_s2/graph.bin,/kaggle/working/gfd-robustness-v4-factorial-r1/graphs/variants/yelpchi/r40_s2/camouflage_relation_oracle/0.30/seed_1/graph.bin,/kaggle/working/gfd-robustness-v4-factorial-r1/graphs/base/yelpchi/r40_s2/graph.bin,ok,
gfd_robustness_benchmark_v4_factorial,yelpchi,r40_s2,1,1,camouflage_relation_oracle,0.3,pmp,train_on_variant,0.8352996503492506,0.5522858469729676,0.7135760444956545,0.2258618175983429,40.56319116200029,69,59,0.8443063293734518,roc_auc,early_stopping,45954,8090118,176.0481719970703,176.0,176.0481719970703,176.0,0.2353772819042205,0.1452974677085876,/kaggle/working/gfd-robustness-v4-factorial-r1/graphs/base/yelpchi/r40_s2/graph.bin,/kaggle/working/gfd-robustness-v4-factorial-r1/graphs/variants/yelpchi/r40_s2/camouflage_relation_oracle/0.30/seed_1/graph.bin,/kaggle/working/gfd-robustness-v4-factorial-r1/graphs/variants/yelpchi/r40_s2/camouflage_relation_oracle/0.30/seed_1/graph.bin,ok,
gfd_robustness_benchmark_v4_factorial,yelpchi,r40_s2,1,1,camouflage_relation_oracle,0.3,sage,train_clean_eval_all,0.6194725135713807,0.1996328637838412,0.5455248248982307,0.2710321545600891,0.2298675259989977,23,13,0.6158413377294931,roc_auc,early_stopping,45954,8090118,176.0481719970703,176.0,176.0481719970703,176.0,0.2353772819042205,0.1452974677085876,/kaggle/working/gfd-robustness-v4-factorial-r1/graphs/base/yelpchi/r40_s2/graph.bin,/kaggle/working/gfd-robustness-v4-factorial-r1/graphs/variants/yelpchi/r40_s2/camouflage_relation_oracle/0.30/seed_1/graph.bin,/kaggle/working/gfd-robustness-v4-factorial-r1/graphs/base/yelpchi/r40_s2/graph.bin,ok,
gfd_robustness_benchmark_v4_factorial,yelpchi,r40_s2,1,1,camouflage_relation_oracle,0.3,sage,train_on_variant,0.6206485403048282,0.2000300786120499,0.5463566733554239,0.2722654044628143,0.909412961000271,23,13,0.6230362587821875,roc_auc,early_stopping,45954,8090118,176.0481719970703,176.0,176.0481719970703,176.0,0.2353772819042205,0.1452974677085876,/kaggle/working/gfd-robustness-v4-factorial-r1/graphs/base/yelpchi/r40_s2/graph.bin,/kaggle/working/gfd-robustness-v4-factorial-r1/graphs/variants/yelpchi/r40_s2/camouflage_relation_oracle/0.30/seed_1/graph.bin,/kaggle/working/gfd-robustness-v4-factorial-r1/graphs/variants/yelpchi/r40_s2/camouflage_relation_oracle/0.30/seed_1/graph.bin,ok,
gfd_robustness_benchmark_v4_factorial,yelpchi,r40_s2,1,1,camouflage_relation_oracle,0.3,secgfd,train_clean_eval_all,0.7975078713817274,0.4385192821824063,0.6673377806214957,0.7049526572227478,0.2766011849998904,50,49,0.789748460509659,roc_auc,max_epochs,45954,8090118,176.0481719970703,176.0,176.0481719970703,176.0,0.2353772819042205,0.1452974677085876,/kaggle/working/gfd-robustness-v4-factorial-r1/graphs/base/yelpchi/r40_s2/graph.bin,/kaggle/working/gfd-robustness-v4-factorial-r1/graphs/variants/yelpchi/r40_s2/camouflage_relation_oracle/0.30/seed_1/graph.bin,/kaggle/working/gfd-robustness-v4-factorial-r1/graphs/base/yelpchi/r40_s2/graph.bin,ok,
gfd_robustness_benchmark_v4_factorial,yelpchi,r40_s2,1,1,camouflage_relation_oracle,0.3,secgfd,train_on_variant,0.8280648320212934,0.5056625253105446,0.702836105033505,0.6376259922981262,4.854502370000773,50,50,0.8287955142005021,roc_auc,max_epochs,45954,8090118,176.0481719970703,176.0,176.0481719970703,176.0,0.2353772819042205,0.1452974677085876,/kaggle/working/gfd-robustness-v4-factorial-r1/graphs/base/yelpchi/r40_s2/graph.bin,/kaggle/working/gfd-robustness-v4-factorial-r1/graphs/variants/yelpchi/r40_s2/camouflage_relation_oracle/0.30/seed_1/graph.bin,/kaggle/working/gfd-robustness-v4-factorial-r1/graphs/variants/yelpchi/r40_s2/camouflage_relation_oracle/0.30/seed_1/graph.bin,ok,
gfd_robustness_benchmark_v4_factorial,yelpchi,r40_s2,1,2,camouflage_relation_oracle,0.3,mlp,train_clean_eval_all,0.791833978586869,0.422563545347575,0.659744675709785,0.6869957447052002,0.1754837130010855,100,100,0.7910127617371984,roc_auc,max_epochs,45954,8090118,176.0481719970703,176.0,176.0481719970703,176.0,0.2353772819042205,0.1452974677085876,/kaggle/working/gfd-robustness-v4-factorial-r1/graphs/base/yelpchi/r40_s2/graph.bin,/kaggle/working/gfd-robustness-v4-factorial-r1/graphs/variants/yelpchi/r40_s2/camouflage_relation_oracle/0.30/seed_1/graph.bin,/kaggle/working/gfd-robustness-v4-factorial-r1/graphs/base/yelpchi/r40_s2/graph.bin,ok,
gfd_robustness_benchmark_v4_factorial,yelpchi,r40_s2,1,2,camouflage_relation_oracle,0.3,mlp,train_on_variant,0.791833978586869,0.422563545347575,0.659744675709785,0.6869957447052002,1.9942015560009168,100,100,0.7910127617371984,roc_auc,max_epochs,45954,8090118,176.0481719970703,176.0,176.0481719970703,176.0,0.2353772819042205,0.1452974677085876,/kaggle/working/gfd-robustness-v4-factorial-r1/graphs/base/yelpchi/r40_s2/graph.bin,/kaggle/working/gfd-robustness-v4-factorial-r1/graphs/variants/yelpchi/r40_s2/camouflage_relation_oracle/0.30/seed_1/graph.bin,/kaggle/working/gfd-robustness-v4-factorial-r1/graphs/variants/yelpchi/r40_s2/camouflage_relation_oracle/0.30/seed_1/graph.bin,ok,
gfd_robustness_benchmark_v4_factorial,yelpchi,r40_s2,1,2,camouflage_relation_oracle,0.3,pmp,train_clean_eval_all,0.8378158556867934,0.5372263719004446,0.7072650764887622,0.3158973157405853,0.4762698810009169,67,57,0.8516228361905988,roc_auc,early_stopping,45954,8090118,176.0481719970703,176.0,176.0481719970703,176.0,0.2353772819042205,0.1452974677085876,/kaggle/working/gfd-robustness-v4-factorial-r1/graphs/base/yelpchi/r40_s2/graph.bin,/kaggle/working/gfd-robustness-v4-factorial-r1/graphs/variants/yelpchi/r40_s2/camouflage_relation_oracle/0.30/seed_1/graph.bin,/kaggle/working/gfd-robustness-v4-factorial-r1/graphs/base/yelpchi/r40_s2/graph.bin,ok,
gfd_robustness_benchmark_v4_factorial,yelpchi,r40_s2,1,2,camouflage_relation_oracle,0.3,pmp,train_on_variant,0.8455304695789175,0.5569400984711549,0.7163597560485782,0.3459010422229767,44.20547689900013,75,65,0.8499803317145739,roc_auc,early_stopping,45954,8090118,176.0481719970703,176.0,176.0481719970703,176.0,0.2353772819042205,0.1452974677085876,/kaggle/working/gfd-robustness-v4-factorial-r1/graphs/base/yelpchi/r40_s2/graph.bin,/kaggle/working/gfd-robustness-v4-factorial-r1/graphs/variants/yelpchi/r40_s2/camouflage_relation_oracle/0.30/seed_1/graph.bin,/kaggle/working/gfd-robustness-v4-factorial-r1/graphs/variants/yelpchi/r40_s2/camouflage_relation_oracle/0.30/seed_1/graph.bin,ok,
gfd_robustness_benchmark_v4_factorial,yelpchi,r40_s2,1,2,camouflage_relation_oracle,0.3,sage,train_clean_eval_all,0.7892565572139835,0.4275461064521404,0.6613195643274736,0.6848011612892151,0.1930645740012551,100,99,0.791447800370479,roc_auc,max_epochs,45954,8090118,176.0481719970703,176.0,176.0481719970703,176.0,0.2353772819042205,0.1452974677085876,/kaggle/working/gfd-robustness-v4-factorial-r1/graphs/base/yelpchi/r40_s2/graph.bin,/kaggle/working/gfd-robustness-v4-factorial-r1/graphs/variants/yelpchi/r40_s2/camouflage_relation_oracle/0.30/seed_1/graph.bin,/kaggle/working/gfd-robustness-v4-factorial-r1/graphs/base/yelpchi/r40_s2/graph.bin,ok,
gfd_robustness_benchmark_v4_factorial,yelpchi,r40_s2,1,2,camouflage_relation_oracle,0.3,sage,train_on_variant,0.7912758050599412,0.4323108561826708,0.6647188621331561,0.6286994814872742,3.4426120839998475,100,95,0.7920015639266957,roc_auc,max_epochs,45954,8090118,176.0481719970703,176.0,176.0481719970703,176.0,0.2353772819042205,0.1452974677085876,/kaggle/working/gfd-robustness-v4-factorial-r1/graphs/base/yelpchi/r40_s2/graph.bin,/kaggle/working/gfd-robustness-v4-factorial-r1/graphs/variants/yelpchi/r40_s2/camouflage_relation_oracle/0.30/seed_1/graph.bin,/kaggle/working/gfd-robustness-v4-factorial-r1/graphs/variants/yelpchi/r40_s2/camouflage_relation_oracle/0.30/seed_1/graph.bin,ok,
gfd_robustness_benchmark_v4_factorial,yelpchi,r40_s2,1,2,camouflage_relation_oracle,0.3,secgfd,train_clean_eval_all,0.8153764033478359,0.4952742415455533,0.6893727538937238,0.6936580538749695,0.2726846890000161,50,50,0.8116419561480677,roc_auc,max_epochs,45954,8090118,176.0481719970703,176.0,176.0481719970703,176.0,0.2353772819042205,0.1452974677085876,/kaggle/working/gfd-robustness-v4-factorial-r1/graphs/base/yelpchi/r40_s2/graph.bin,/kaggle/working/gfd-robustness-v4-factorial-r1/graphs/variants/yelpchi/r40_s2/camouflage_relation_oracle/0.30/seed_1/graph.bin,/kaggle/working/gfd-robustness-v4-factorial-r1/graphs/base/yelpchi/r40_s2/graph.bin,ok,
gfd_robustness_benchmark_v4_factorial,yelpchi,r40_s2,1,2,camouflage_relation_oracle,0.3,secgfd,train_on_variant,0.8276315201508897,0.5070248280761722,0.7016963361134716,0.7822378277778625,4.779972116999488,50,48,0.83207556436059,roc_auc,max_epochs,45954,8090118,176.0481719970703,176.0,176.0481719970703,176.0,0.2353772819042205,0.1452974677085876,/kaggle/working/gfd-robustness-v4-factorial-r1/graphs/base/yelpchi/r40_s2/graph.bin,/kaggle/working/gfd-robustness-v4-factorial-r1/graphs/variants/yelpchi/r40_s2/camouflage_relation_oracle/0.30/seed_1/graph.bin,/kaggle/working/gfd-robustness-v4-factorial-r1/graphs/variants/yelpchi/r40_s2/camouflage_relation_oracle/0.30/seed_1/graph.bin,ok,
gfd_robustness_benchmark_v4_factorial,yelpchi,r40_s2,1,3,camouflage_relation_oracle,0.3,mlp,train_clean_eval_all,0.7873703172829494,0.4124587532671446,0.6562929132355262,0.6923589110374451,0.2086421860003611,100,100,0.787128406487435,roc_auc,max_epochs,45954,8090118,176.0481719970703,176.0,176.0481719970703,176.0,0.2353772819042205,0.1452974677085876,/kaggle/working/gfd-robustness-v4-factorial-r1/graphs/base/yelpchi/r40_s2/graph.bin,/kaggle/working/gfd-robustness-v4-factorial-r1/graphs/variants/yelpchi/r40_s2/camouflage_relation_oracle/0.30/seed_1/graph.bin,/kaggle/working/gfd-robustness-v4-factorial-r1/graphs/base/yelpchi/r40_s2/graph.bin,ok,
gfd_robustness_benchmark_v4_factorial,yelpchi,r40_s2,1,3,camouflage_relation_oracle,0.3,mlp,train_on_variant,0.7873703172829494,0.4124587532671446,0.6562929132355262,0.6923589110374451,2.025594001999707,100,100,0.787128406487435,roc_auc,max_epochs,45954,8090118,176.0481719970703,176.0,176.0481719970703,176.0,0.2353772819042205,0.1452974677085876,/kaggle/working/gfd-robustness-v4-factorial-r1/graphs/base/yelpchi/r40_s2/graph.bin,/kaggle/working/gfd-robustness-v4-factorial-r1/graphs/variants/yelpchi/r40_s2/camouflage_relation_oracle/0.30/seed_1/graph.bin,/kaggle/working/gfd-robustness-v4-factorial-r1/graphs/variants/yelpchi/r40_s2/camouflage_relation_oracle/0.30/seed_1/graph.bin,ok,
gfd_robustness_benchmark_v4_factorial,yelpchi,r40_s2,1,3,camouflage_relation_oracle,0.3,pmp,train_clean_eval_all,0.8374952456339866,0.537988819492704,0.7095170139738183,0.3407284319400787,0.4743230330004735,81,71,0.8504771645246115,roc_auc,early_stopping,45954,8090118,176.0481719970703,176.0,176.0481719970703,176.0,0.2353772819042205,0.1452974677085876,/kaggle/working/gfd-robustness-v4-factorial-r1/graphs/base/yelpchi/r40_s2/graph.bin,/kaggle/working/gfd-robustness-v4-factorial-r1/graphs/variants/yelpchi/r40_s2/camouflage_relation_oracle/0.30/seed_1/graph.bin,/kaggle/working/gfd-robustness-v4-factorial-r1/graphs/base/yelpchi/r40_s2/graph.bin,ok,
gfd_robustness_benchmark_v4_factorial,yelpchi,r40_s2,1,3,camouflage_relation_oracle,0.3,pmp,train_on_variant,0.8367684302665036,0.5414523804947604,0.7084800355503442,0.2484755367040634,42.81018611500076,71,61,0.8494188438862624,roc_auc,early_stopping,45954,8090118,176.0481719970703,176.0,176.0481719970703,176.0,0.2353772819042205,0.1452974677085876,/kaggle/working/gfd-robustness-v4-factorial-r1/graphs/base/yelpchi/r40_s2/graph.bin,/kaggle/working/gfd-robustness-v4-factorial-r1/graphs/variants/yelpchi/r40_s2/camouflage_relation_oracle/0.30/seed_1/graph.bin,/kaggle/working/gfd-robustness-v4-factorial-r1/graphs/variants/yelpchi/r40_s2/camouflage_relation_oracle/0.30/seed_1/graph.bin,ok,
gfd_robustness_benchmark_v4_factorial,yelpchi,r40_s2,1,3,camouflage_relation_oracle,0.3,sage,train_clean_eval_all,0.7794670889255094,0.4141156067367214,0.6581996083050999,0.678734302520752,0.1907272770004056,100,100,0.781263013848857,roc_auc,max_epochs,45954,8090118,176.0481719970703,176.0,176.0481719970703,176.0,0.2353772819042205,0.1452974677085876,/kaggle/working/gfd-robustness-v4-factorial-r1/graphs/base/yelpchi/r40_s2/graph.bin,/kaggle/working/gfd-robustness-v4-factorial-r1/graphs/variants/yelpchi/r40_s2/camouflage_relation_oracle/0.30/seed_1/graph.bin,/kaggle/working/gfd-robustness-v4-factorial-r1/graphs/base/yelpchi/r40_s2/graph.bin,ok,
gfd_robustness_benchmark_v4_factorial,yelpchi,r40_s2,1,3,camouflage_relation_oracle,0.3,sage,train_on_variant,0.7833569273113651,0.423905393575095,0.6579860470809025,0.6540684103965759,3.4352329280009144,100,100,0.7846608353180421,roc_auc,max_epochs,45954,8090118,176.0481719970703,176.0,176.0481719970703,176.0,0.2353772819042205,0.1452974677085876,/kaggle/working/gfd-robustness-v4-factorial-r1/graphs/base/yelpchi/r40_s2/graph.bin,/kaggle/working/gfd-robustness-v4-factorial-r1/graphs/variants/yelpchi/r40_s2/camouflage_relation_oracle/0.30/seed_1/graph.bin,/kaggle/working/gfd-robustness-v4-factorial-r1/graphs/variants/yelpchi/r40_s2/camouflage_relation_oracle/0.30/seed_1/graph.bin,ok,
gfd_robustness_benchmark_v4_factorial,yelpchi,r40_s2,1,3,camouflage_relation_oracle,0.3,secgfd,train_clean_eval_all,0.8102913278267803,0.4752348865808021,0.6844447081624033,0.7292185425758362,0.2295170209999923,50,49,0.8013855055464565,roc_auc,max_epochs,45954,8090118,176.0481719970703,176.0,176.0481719970703,176.0,0.2353772819042205,0.1452974677085876,/kaggle/working/gfd-robustness-v4-factorial-r1/graphs/base/yelpchi/r40_s2/graph.bin,/kaggle/working/gfd-robustness-v4-factorial-r1/graphs/variants/yelpchi/r40_s2/camouflage_relation_oracle/0.30/seed_1/graph.bin,/kaggle/working/gfd-robustness-v4-factorial-r1/graphs/base/yelpchi/r40_s2/graph.bin,ok,
gfd_robustness_benchmark_v4_factorial,yelpchi,r40_s2,1,3,camouflage_relation_oracle,0.3,secgfd,train_on_variant,0.8279684465399649,0.5119423805844623,0.7044282912052988,0.6989428997039795,4.876920762000736,50,50,0.8262376358005707,roc_auc,max_epochs,45954,8090118,176.0481719970703,176.0,176.0481719970703,176.0,0.2353772819042205,0.1452974677085876,/kaggle/working/gfd-robustness-v4-factorial-r1/graphs/base/yelpchi/r40_s2/graph.bin,/kaggle/working/gfd-robustness-v4-factorial-r1/graphs/variants/yelpchi/r40_s2/camouflage_relation_oracle/0.30/seed_1/graph.bin,/kaggle/working/gfd-robustness-v4-factorial-r1/graphs/variants/yelpchi/r40_s2/camouflage_relation_oracle/0.30/seed_1/graph.bin,ok,
gfd_robustness_benchmark_v4_factorial,yelpchi,r40_s2,1,4,camouflage_relation_oracle,0.3,mlp,train_clean_eval_all,0.7906828431985317,0.4231759041474303,0.6564547082775046,0.6527314186096191,0.1338297659985983,100,100,0.7886782196983243,roc_auc,max_epochs,45954,8090118,176.0481719970703,176.0,176.0481719970703,176.0,0.2353772819042205,0.1452974677085876,/kaggle/working/gfd-robustness-v4-factorial-r1/graphs/base/yelpchi/r40_s2/graph.bin,/kaggle/working/gfd-robustness-v4-factorial-r1/graphs/variants/yelpchi/r40_s2/camouflage_relation_oracle/0.30/seed_1/graph.bin,/kaggle/working/gfd-robustness-v4-factorial-r1/graphs/base/yelpchi/r40_s2/graph.bin,ok,
gfd_robustness_benchmark_v4_factorial,yelpchi,r40_s2,1,4,camouflage_relation_oracle,0.3,mlp,train_on_variant,0.7906828431985317,0.4231759041474303,0.6564547082775046,0.6527314186096191,1.9013039760011448,100,100,0.7886782196983243,roc_auc,max_epochs,45954,8090118,176.0481719970703,176.0,176.0481719970703,176.0,0.2353772819042205,0.1452974677085876,/kaggle/working/gfd-robustness-v4-factorial-r1/graphs/base/yelpchi/r40_s2/graph.bin,/kaggle/working/gfd-robustness-v4-factorial-r1/graphs/variants/yelpchi/r40_s2/camouflage_relation_oracle/0.30/seed_1/graph.bin,/kaggle/working/gfd-robustness-v4-factorial-r1/graphs/variants/yelpchi/r40_s2/camouflage_relation_oracle/0.30/seed_1/graph.bin,ok,
gfd_robustness_benchmark_v4_factorial,yelpchi,r40_s2,1,4,camouflage_relation_oracle,0.3,pmp,train_clean_eval_all,0.8402076281182543,0.5490499382131357,0.7118728793541701,0.3711147308349609,0.4609199709993845,88,78,0.8543143635700441,roc_auc,early_stopping,45954,8090118,176.0481719970703,176.0,176.0481719970703,176.0,0.2353772819042205,0.1452974677085876,/kaggle/working/gfd-robustness-v4-factorial-r1/graphs/base/yelpchi/r40_s2/graph.bin,/kaggle/working/gfd-robustness-v4-factorial-r1/graphs/variants/yelpchi/r40_s2/camouflage_relation_oracle/0.30/seed_1/graph.bin,/kaggle/working/gfd-robustness-v4-factorial-r1/graphs/base/yelpchi/r40_s2/graph.bin,ok,
gfd_robustness_benchmark_v4_factorial,yelpchi,r40_s2,1,4,camouflage_relation_oracle,0.3,pmp,train_on_variant,0.8384329823995085,0.552572057140571,0.712425059142052,0.4049151241779327,39.99200719200053,68,58,0.849820219951032,roc_auc,early_stopping,45954,8090118,176.0481719970703,176.0,176.0481719970703,176.0,0.2353772819042205,0.1452974677085876,/kaggle/working/gfd-robustness-v4-factorial-r1/graphs/base/yelpchi/r40_s2/graph.bin,/kaggle/working/gfd-robustness-v4-factorial-r1/graphs/variants/yelpchi/r40_s2/camouflage_relation_oracle/0.30/seed_1/graph.bin,/kaggle/working/gfd-robustness-v4-factorial-r1/graphs/variants/yelpchi/r40_s2/camouflage_relation_oracle/0.30/seed_1/graph.bin,ok,
gfd_robustness_benchmark_v4_factorial,yelpchi,r40_s2,1,4,camouflage_relation_oracle,0.3,sage,train_clean_eval_all,0.784203292593784,0.4190724865407799,0.6575986314064723,0.663702666759491,0.219826225998986,100,100,0.7873061124263036,roc_auc,max_epochs,45954,8090118,176.0481719970703,176.0,176.0481719970703,176.0,0.2353772819042205,0.1452974677085876,/kaggle/working/gfd-robustness-v4-factorial-r1/graphs/base/yelpchi/r40_s2/graph.bin,/kaggle/working/gfd-robustness-v4-factorial-r1/graphs/variants/yelpchi/r40_s2/camouflage_relation_oracle/0.30/seed_1/graph.bin,/kaggle/working/gfd-robustness-v4-factorial-r1/graphs/base/yelpchi/r40_s2/graph.bin,ok,
gfd_robustness_benchmark_v4_factorial,yelpchi,r40_s2,1,4,camouflage_relation_oracle,0.3,sage,train_on_variant,0.7794572753042794,0.4061081596117155,0.6513932908077528,0.6432733535766602,3.3166787199988903,100,100,0.7797218308432092,roc_auc,max_epochs,45954,8090118,176.0481719970703,176.0,176.0481719970703,176.0,0.2353772819042205,0.1452974677085876,/kaggle/working/gfd-robustness-v4-factorial-r1/graphs/base/yelpchi/r40_s2/graph.bin,/kaggle/working/gfd-robustness-v4-factorial-r1/graphs/variants/yelpchi/r40_s2/camouflage_relation_oracle/0.30/seed_1/graph.bin,/kaggle/working/gfd-robustness-v4-factorial-r1/graphs/variants/yelpchi/r40_s2/camouflage_relation_oracle/0.30/seed_1/graph.bin,ok,
gfd_robustness_benchmark_v4_factorial,yelpchi,r40_s2,1,4,camouflage_relation_oracle,0.3,secgfd,train_clean_eval_all,0.7937153236170226,0.4308546387068381,0.6611693327648548,0.6979449987411499,0.2917617089988198,50,50,0.7831441601880527,roc_auc,max_epochs,45954,8090118,176.0481719970703,176.0,176.0481719970703,176.0,0.2353772819042205,0.1452974677085876,/kaggle/working/gfd-robustness-v4-factorial-r1/graphs/base/yelpchi/r40_s2/graph.bin,/kaggle/working/gfd-robustness-v4-factorial-r1/graphs/variants/yelpchi/r40_s2/camouflage_relation_oracle/0.30/seed_1/graph.bin,/kaggle/working/gfd-robustness-v4-factorial-r1/graphs/base/yelpchi/r40_s2/graph.bin,ok,
gfd_robustness_benchmark_v4_factorial,yelpchi,r40_s2,1,4,camouflage_relation_oracle,0.3,secgfd,train_on_variant,0.8189300775676244,0.4862768774327558,0.6928245700469292,0.6987422108650208,4.760659810999641,50,50,0.8169112924566762,roc_auc,max_epochs,45954,8090118,176.0481719970703,176.0,176.0481719970703,176.0,0.2353772819042205,0.1452974677085876,/kaggle/working/gfd-robustness-v4-factorial-r1/graphs/base/yelpchi/r40_s2/graph.bin,/kaggle/working/gfd-robustness-v4-factorial-r1/graphs/variants/yelpchi/r40_s2/camouflage_relation_oracle/0.30/seed_1/graph.bin,/kaggle/working/gfd-robustness-v4-factorial-r1/graphs/variants/yelpchi/r40_s2/camouflage_relation_oracle/0.30/seed_1/graph.bin,ok,
gfd_robustness_benchmark_v4_factorial,yelpchi,r40_s2,3253,0,clean,0.0,mlp,train_clean_eval_all,0.7404642686051014,0.3246557322868326,0.6234842465885414,0.5026629567146301,1.4948254640003142,17,7,0.738136447836131,roc_auc,early_stopping,45954,8051348,175.2045135498047,175.0,175.2045135498047,175.0,0.2268800139427185,0.1452974677085876,/kaggle/working/gfd-robustness-v4-factorial-r1/graphs/base/yelpchi/r40_s2/graph.bin,/kaggle/working/gfd-robustness-v4-factorial-r1/graphs/base/yelpchi/r40_s2/graph.bin,/kaggle/working/gfd-robustness-v4-factorial-r1/graphs/base/yelpchi/r40_s2/graph.bin,ok,
gfd_robustness_benchmark_v4_factorial,yelpchi,r40_s2,3253,0,clean,0.0,mlp,train_on_variant,0.7404642686051014,0.3246557322868326,0.6234842465885414,0.5026629567146301,1.4853334189992893,17,7,0.738136447836131,roc_auc,early_stopping,45954,8051348,175.2045135498047,175.0,175.2045135498047,175.0,0.2268800139427185,0.1452974677085876,/kaggle/working/gfd-robustness-v4-factorial-r1/graphs/base/yelpchi/r40_s2/graph.bin,/kaggle/working/gfd-robustness-v4-factorial-r1/graphs/base/yelpchi/r40_s2/graph.bin,/kaggle/working/gfd-robustness-v4-factorial-r1/graphs/base/yelpchi/r40_s2/graph.bin,ok,
gfd_robustness_benchmark_v4_factorial,yelpchi,r40_s2,3253,0,clean,0.0,pmp,train_clean_eval_all,0.8452044763261156,0.5437023446986461,0.7126976922428812,0.3942893743515014,48.01991536199967,71,61,0.8519974633871886,roc_auc,early_stopping,45954,8051348,175.2045135498047,175.0,175.2045135498047,175.0,0.2268800139427185,0.1452974677085876,/kaggle/working/gfd-robustness-v4-factorial-r1/graphs/base/yelpchi/r40_s2/graph.bin,/kaggle/working/gfd-robustness-v4-factorial-r1/graphs/base/yelpchi/r40_s2/graph.bin,/kaggle/working/gfd-robustness-v4-factorial-r1/graphs/base/yelpchi/r40_s2/graph.bin,ok,
gfd_robustness_benchmark_v4_factorial,yelpchi,r40_s2,3253,0,clean,0.0,pmp,train_on_variant,0.8452044763261156,0.5437023446986461,0.7126976922428812,0.3942893743515014,47.69325088900041,71,61,0.8519974633871886,roc_auc,early_stopping,45954,8051348,175.2045135498047,175.0,175.2045135498047,175.0,0.2268800139427185,0.1452974677085876,/kaggle/working/gfd-robustness-v4-factorial-r1/graphs/base/yelpchi/r40_s2/graph.bin,/kaggle/working/gfd-robustness-v4-factorial-r1/graphs/base/yelpchi/r40_s2/graph.bin,/kaggle/working/gfd-robustness-v4-factorial-r1/graphs/base/yelpchi/r40_s2/graph.bin,ok,
gfd_robustness_benchmark_v4_factorial,yelpchi,r40_s2,3253,0,clean,0.0,sage,train_clean_eval_all,0.7840489067054283,0.4259496144059306,0.6591383636290722,0.648261308670044,3.0995942280005693,100,100,0.7811570196706694,roc_auc,max_epochs,45954,8051348,175.2045135498047,175.0,175.2045135498047,175.0,0.2268800139427185,0.1452974677085876,/kaggle/working/gfd-robustness-v4-factorial-r1/graphs/base/yelpchi/r40_s2/graph.bin,/kaggle/working/gfd-robustness-v4-factorial-r1/graphs/base/yelpchi/r40_s2/graph.bin,/kaggle/working/gfd-robustness-v4-factorial-r1/graphs/base/yelpchi/r40_s2/graph.bin,ok,
gfd_robustness_benchmark_v4_factorial,yelpchi,r40_s2,3253,0,clean,0.0,sage,train_on_variant,0.7844479304501994,0.4282194437468669,0.6602776736622135,0.6798660159111023,3.5788711910008715,100,100,0.7832644585738229,roc_auc,max_epochs,45954,8051348,175.2045135498047,175.0,175.2045135498047,175.0,0.2268800139427185,0.1452974677085876,/kaggle/working/gfd-robustness-v4-factorial-r1/graphs/base/yelpchi/r40_s2/graph.bin,/kaggle/working/gfd-robustness-v4-factorial-r1/graphs/base/yelpchi/r40_s2/graph.bin,/kaggle/working/gfd-robustness-v4-factorial-r1/graphs/base/yelpchi/r40_s2/graph.bin,ok,
gfd_robustness_benchmark_v4_factorial,yelpchi,r40_s2,3253,0,clean,0.0,secgfd,train_clean_eval_all,0.8142503855895643,0.4732810085329584,0.6881197844122022,0.7547904253005981,6.062810534998789,50,50,0.8112726691889752,roc_auc,max_epochs,45954,8051348,175.2045135498047,175.0,175.2045135498047,175.0,0.2268800139427185,0.1452974677085876,/kaggle/working/gfd-robustness-v4-factorial-r1/graphs/base/yelpchi/r40_s2/graph.bin,/kaggle/working/gfd-robustness-v4-factorial-r1/graphs/base/yelpchi/r40_s2/graph.bin,/kaggle/working/gfd-robustness-v4-factorial-r1/graphs/base/yelpchi/r40_s2/graph.bin,ok,
gfd_robustness_benchmark_v4_factorial,yelpchi,r40_s2,3253,0,clean,0.0,secgfd,train_on_variant,0.8151079698418845,0.4760417030248801,0.6888288591227517,0.6830148696899414,6.008062335000432,50,50,0.8120874368528836,roc_auc,max_epochs,45954,8051348,175.2045135498047,175.0,175.2045135498047,175.0,0.2268800139427185,0.1452974677085876,/kaggle/working/gfd-robustness-v4-factorial-r1/graphs/base/yelpchi/r40_s2/graph.bin,/kaggle/working/gfd-robustness-v4-factorial-r1/graphs/base/yelpchi/r40_s2/graph.bin,/kaggle/working/gfd-robustness-v4-factorial-r1/graphs/base/yelpchi/r40_s2/graph.bin,ok,
gfd_robustness_benchmark_v4_factorial,yelpchi,r40_s2,3253,1,clean,0.0,mlp,train_clean_eval_all,0.789016635612431,0.4167857282436971,0.6554860094295863,0.6965858936309814,2.2609514350006066,100,100,0.7856864946824108,roc_auc,max_epochs,45954,8051348,175.2045135498047,175.0,175.2045135498047,175.0,0.2268800139427185,0.1452974677085876,/kaggle/working/gfd-robustness-v4-factorial-r1/graphs/base/yelpchi/r40_s2/graph.bin,/kaggle/working/gfd-robustness-v4-factorial-r1/graphs/base/yelpchi/r40_s2/graph.bin,/kaggle/working/gfd-robustness-v4-factorial-r1/graphs/base/yelpchi/r40_s2/graph.bin,ok,
gfd_robustness_benchmark_v4_factorial,yelpchi,r40_s2,3253,1,clean,0.0,mlp,train_on_variant,0.789016635612431,0.4167857282436971,0.6554860094295863,0.6965858936309814,1.667977291999705,100,100,0.7856864946824108,roc_auc,max_epochs,45954,8051348,175.2045135498047,175.0,175.2045135498047,175.0,0.2268800139427185,0.1452974677085876,/kaggle/working/gfd-robustness-v4-factorial-r1/graphs/base/yelpchi/r40_s2/graph.bin,/kaggle/working/gfd-robustness-v4-factorial-r1/graphs/base/yelpchi/r40_s2/graph.bin,/kaggle/working/gfd-robustness-v4-factorial-r1/graphs/base/yelpchi/r40_s2/graph.bin,ok,
gfd_robustness_benchmark_v4_factorial,yelpchi,r40_s2,3253,1,clean,0.0,pmp,train_clean_eval_all,0.8437149258318902,0.5605173337807723,0.718409770531635,0.3003063797950744,57.84965590600041,82,72,0.8499563006458349,roc_auc,early_stopping,45954,8051348,175.2045135498047,175.0,175.2045135498047,175.0,0.2268800139427185,0.1452974677085876,/kaggle/working/gfd-robustness-v4-factorial-r1/graphs/base/yelpchi/r40_s2/graph.bin,/kaggle/working/gfd-robustness-v4-factorial-r1/graphs/base/yelpchi/r40_s2/graph.bin,/kaggle/working/gfd-robustness-v4-factorial-r1/graphs/base/yelpchi/r40_s2/graph.bin,ok,
gfd_robustness_benchmark_v4_factorial,yelpchi,r40_s2,3253,1,clean,0.0,pmp,train_on_variant,0.8437149258318902,0.5605173337807723,0.718409770531635,0.3003063797950744,53.86725026800013,82,72,0.8499563006458349,roc_auc,early_stopping,45954,8051348,175.2045135498047,175.0,175.2045135498047,175.0,0.2268800139427185,0.1452974677085876,/kaggle/working/gfd-robustness-v4-factorial-r1/graphs/base/yelpchi/r40_s2/graph.bin,/kaggle/working/gfd-robustness-v4-factorial-r1/graphs/base/yelpchi/r40_s2/graph.bin,/kaggle/working/gfd-robustness-v4-factorial-r1/graphs/base/yelpchi/r40_s2/graph.bin,ok,
gfd_robustness_benchmark_v4_factorial,yelpchi,r40_s2,3253,1,clean,0.0,sage,train_clean_eval_all,0.614008160645359,0.1936674346034713,0.5417330283228282,0.2710321545600891,1.0838107439994928,23,13,0.6158413377294931,roc_auc,early_stopping,45954,8051348,175.2045135498047,175.0,175.2045135498047,175.0,0.2268800139427185,0.1452974677085876,/kaggle/working/gfd-robustness-v4-factorial-r1/graphs/base/yelpchi/r40_s2/graph.bin,/kaggle/working/gfd-robustness-v4-factorial-r1/graphs/base/yelpchi/r40_s2/graph.bin,/kaggle/working/gfd-robustness-v4-factorial-r1/graphs/base/yelpchi/r40_s2/graph.bin,ok,
gfd_robustness_benchmark_v4_factorial,yelpchi,r40_s2,3253,1,clean,0.0,sage,train_on_variant,0.6140081725550934,0.1936674559265108,0.5417330283228282,0.2710321247577667,0.9014897039996868,23,13,0.615841433090877,roc_auc,early_stopping,45954,8051348,175.2045135498047,175.0,175.2045135498047,175.0,0.2268800139427185,0.1452974677085876,/kaggle/working/gfd-robustness-v4-factorial-r1/graphs/base/yelpchi/r40_s2/graph.bin,/kaggle/working/gfd-robustness-v4-factorial-r1/graphs/base/yelpchi/r40_s2/graph.bin,/kaggle/working/gfd-robustness-v4-factorial-r1/graphs/base/yelpchi/r40_s2/graph.bin,ok,
gfd_robustness_benchmark_v4_factorial,yelpchi,r40_s2,3253,1,clean,0.0,secgfd,train_clean_eval_all,0.7921839461352245,0.4331194784432591,0.6630818032524328,0.7049526572227478,4.556082520997734,50,49,0.789748460509659,roc_auc,max_epochs,45954,8051348,175.2045135498047,175.0,175.2045135498047,175.0,0.2268800139427185,0.1452974677085876,/kaggle/working/gfd-robustness-v4-factorial-r1/graphs/base/yelpchi/r40_s2/graph.bin,/kaggle/working/gfd-robustness-v4-factorial-r1/graphs/base/yelpchi/r40_s2/graph.bin,/kaggle/working/gfd-robustness-v4-factorial-r1/graphs/base/yelpchi/r40_s2/graph.bin,ok,
gfd_robustness_benchmark_v4_factorial,yelpchi,r40_s2,3253,1,clean,0.0,secgfd,train_on_variant,0.7939754322185568,0.4364746825271581,0.6641857114438156,0.6047825217247009,4.557301929999085,50,50,0.7900953375435384,roc_auc,max_epochs,45954,8051348,175.2045135498047,175.0,175.2045135498047,175.0,0.2268800139427185,0.1452974677085876,/kaggle/working/gfd-robustness-v4-factorial-r1/graphs/base/yelpchi/r40_s2/graph.bin,/kaggle/working/gfd-robustness-v4-factorial-r1/graphs/base/yelpchi/r40_s2/graph.bin,/kaggle/working/gfd-robustness-v4-factorial-r1/graphs/base/yelpchi/r40_s2/graph.bin,ok,
gfd_robustness_benchmark_v4_factorial,yelpchi,r40_s2,3253,2,clean,0.0,mlp,train_clean_eval_all,0.791833978586869,0.422563545347575,0.659744675709785,0.6869957447052002,2.2985822340015147,100,100,0.7910127617371984,roc_auc,max_epochs,45954,8051348,175.2045135498047,175.0,175.2045135498047,175.0,0.2268800139427185,0.1452974677085876,/kaggle/working/gfd-robustness-v4-factorial-r1/graphs/base/yelpchi/r40_s2/graph.bin,/kaggle/working/gfd-robustness-v4-factorial-r1/graphs/base/yelpchi/r40_s2/graph.bin,/kaggle/working/gfd-robustness-v4-factorial-r1/graphs/base/yelpchi/r40_s2/graph.bin,ok,
gfd_robustness_benchmark_v4_factorial,yelpchi,r40_s2,3253,2,clean,0.0,mlp,train_on_variant,0.791833978586869,0.422563545347575,0.659744675709785,0.6869957447052002,2.060776180000176,100,100,0.7910127617371984,roc_auc,max_epochs,45954,8051348,175.2045135498047,175.0,175.2045135498047,175.0,0.2268800139427185,0.1452974677085876,/kaggle/working/gfd-robustness-v4-factorial-r1/graphs/base/yelpchi/r40_s2/graph.bin,/kaggle/working/gfd-robustness-v4-factorial-r1/graphs/base/yelpchi/r40_s2/graph.bin,/kaggle/working/gfd-robustness-v4-factorial-r1/graphs/base/yelpchi/r40_s2/graph.bin,ok,
gfd_robustness_benchmark_v4_factorial,yelpchi,r40_s2,3253,2,clean,0.0,pmp,train_clean_eval_all,0.8453644597896874,0.5530802551840056,0.7153468585223344,0.3158973157405853,44.86917999899924,67,57,0.8516228361905988,roc_auc,early_stopping,45954,8051348,175.2045135498047,175.0,175.2045135498047,175.0,0.2268800139427185,0.1452974677085876,/kaggle/working/gfd-robustness-v4-factorial-r1/graphs/base/yelpchi/r40_s2/graph.bin,/kaggle/working/gfd-robustness-v4-factorial-r1/graphs/base/yelpchi/r40_s2/graph.bin,/kaggle/working/gfd-robustness-v4-factorial-r1/graphs/base/yelpchi/r40_s2/graph.bin,ok,
gfd_robustness_benchmark_v4_factorial,yelpchi,r40_s2,3253,2,clean,0.0,pmp,train_on_variant,0.8453644597896874,0.5530802551840056,0.7153468585223344,0.3158973157405853,43.28462680399935,67,57,0.8516228361905988,roc_auc,early_stopping,45954,8051348,175.2045135498047,175.0,175.2045135498047,175.0,0.2268800139427185,0.1452974677085876,/kaggle/working/gfd-robustness-v4-factorial-r1/graphs/base/yelpchi/r40_s2/graph.bin,/kaggle/working/gfd-robustness-v4-factorial-r1/graphs/base/yelpchi/r40_s2/graph.bin,/kaggle/working/gfd-robustness-v4-factorial-r1/graphs/base/yelpchi/r40_s2/graph.bin,ok,
gfd_robustness_benchmark_v4_factorial,yelpchi,r40_s2,3253,2,clean,0.0,sage,train_clean_eval_all,0.7932844532421918,0.4369198939101585,0.6641012328403832,0.6848011612892151,3.168436894999104,100,99,0.791447800370479,roc_auc,max_epochs,45954,8051348,175.2045135498047,175.0,175.2045135498047,175.0,0.2268800139427185,0.1452974677085876,/kaggle/working/gfd-robustness-v4-factorial-r1/graphs/base/yelpchi/r40_s2/graph.bin,/kaggle/working/gfd-robustness-v4-factorial-r1/graphs/base/yelpchi/r40_s2/graph.bin,/kaggle/working/gfd-robustness-v4-factorial-r1/graphs/base/yelpchi/r40_s2/graph.bin,ok,
gfd_robustness_benchmark_v4_factorial,yelpchi,r40_s2,3253,2,clean,0.0,sage,train_on_variant,0.795439734075637,0.4402561360222172,0.6646358049144798,0.6486856341362,3.4307352720006747,100,100,0.7933398655881294,roc_auc,max_epochs,45954,8051348,175.2045135498047,175.0,175.2045135498047,175.0,0.2268800139427185,0.1452974677085876,/kaggle/working/gfd-robustness-v4-factorial-r1/graphs/base/yelpchi/r40_s2/graph.bin,/kaggle/working/gfd-robustness-v4-factorial-r1/graphs/base/yelpchi/r40_s2/graph.bin,/kaggle/working/gfd-robustness-v4-factorial-r1/graphs/base/yelpchi/r40_s2/graph.bin,ok,
gfd_robustness_benchmark_v4_factorial,yelpchi,r40_s2,3253,2,clean,0.0,secgfd,train_clean_eval_all,0.8080882174995732,0.4820493551793688,0.6835828959217674,0.6936580538749695,4.615455093002311,50,50,0.8116419561480677,roc_auc,max_epochs,45954,8051348,175.2045135498047,175.0,175.2045135498047,175.0,0.2268800139427185,0.1452974677085876,/kaggle/working/gfd-robustness-v4-factorial-r1/graphs/base/yelpchi/r40_s2/graph.bin,/kaggle/working/gfd-robustness-v4-factorial-r1/graphs/base/yelpchi/r40_s2/graph.bin,/kaggle/working/gfd-robustness-v4-factorial-r1/graphs/base/yelpchi/r40_s2/graph.bin,ok,
gfd_robustness_benchmark_v4_factorial,yelpchi,r40_s2,3253,2,clean,0.0,secgfd,train_on_variant,0.8062465676145164,0.4779740863325095,0.684236131478841,0.754045844078064,4.5103470150006615,50,50,0.8109314661574368,roc_auc,max_epochs,45954,8051348,175.2045135498047,175.0,175.2045135498047,175.0,0.2268800139427185,0.1452974677085876,/kaggle/working/gfd-robustness-v4-factorial-r1/graphs/base/yelpchi/r40_s2/graph.bin,/kaggle/working/gfd-robustness-v4-factorial-r1/graphs/base/yelpchi/r40_s2/graph.bin,/kaggle/working/gfd-robustness-v4-factorial-r1/graphs/base/yelpchi/r40_s2/graph.bin,ok,
gfd_robustness_benchmark_v4_factorial,yelpchi,r40_s2,3253,3,clean,0.0,mlp,train_clean_eval_all,0.7873703172829494,0.4124587532671446,0.6562929132355262,0.6923589110374451,2.185058607001338,100,100,0.787128406487435,roc_auc,max_epochs,45954,8051348,175.2045135498047,175.0,175.2045135498047,175.0,0.2268800139427185,0.1452974677085876,/kaggle/working/gfd-robustness-v4-factorial-r1/graphs/base/yelpchi/r40_s2/graph.bin,/kaggle/working/gfd-robustness-v4-factorial-r1/graphs/base/yelpchi/r40_s2/graph.bin,/kaggle/working/gfd-robustness-v4-factorial-r1/graphs/base/yelpchi/r40_s2/graph.bin,ok,
gfd_robustness_benchmark_v4_factorial,yelpchi,r40_s2,3253,3,clean,0.0,mlp,train_on_variant,0.7873703172829494,0.4124587532671446,0.6562929132355262,0.6923589110374451,1.918190286998652,100,100,0.787128406487435,roc_auc,max_epochs,45954,8051348,175.2045135498047,175.0,175.2045135498047,175.0,0.2268800139427185,0.1452974677085876,/kaggle/working/gfd-robustness-v4-factorial-r1/graphs/base/yelpchi/r40_s2/graph.bin,/kaggle/working/gfd-robustness-v4-factorial-r1/graphs/base/yelpchi/r40_s2/graph.bin,/kaggle/working/gfd-robustness-v4-factorial-r1/graphs/base/yelpchi/r40_s2/graph.bin,ok,
gfd_robustness_benchmark_v4_factorial,yelpchi,r40_s2,3253,3,clean,0.0,pmp,train_clean_eval_all,0.8426238631443833,0.5544336140430965,0.7189762718195973,0.3407284319400787,48.30897438099964,81,71,0.8504771645246115,roc_auc,early_stopping,45954,8051348,175.2045135498047,175.0,175.2045135498047,175.0,0.2268800139427185,0.1452974677085876,/kaggle/working/gfd-robustness-v4-factorial-r1/graphs/base/yelpchi/r40_s2/graph.bin,/kaggle/working/gfd-robustness-v4-factorial-r1/graphs/base/yelpchi/r40_s2/graph.bin,/kaggle/working/gfd-robustness-v4-factorial-r1/graphs/base/yelpchi/r40_s2/graph.bin,ok,
gfd_robustness_benchmark_v4_factorial,yelpchi,r40_s2,3253,3,clean,0.0,pmp,train_on_variant,0.8426238631443833,0.5544336140430965,0.7189762718195973,0.3407284319400787,52.44258433000141,81,71,0.8504771645246115,roc_auc,early_stopping,45954,8051348,175.2045135498047,175.0,175.2045135498047,175.0,0.2268800139427185,0.1452974677085876,/kaggle/working/gfd-robustness-v4-factorial-r1/graphs/base/yelpchi/r40_s2/graph.bin,/kaggle/working/gfd-robustness-v4-factorial-r1/graphs/base/yelpchi/r40_s2/graph.bin,/kaggle/working/gfd-robustness-v4-factorial-r1/graphs/base/yelpchi/r40_s2/graph.bin,ok,
gfd_robustness_benchmark_v4_factorial,yelpchi,r40_s2,3253,3,clean,0.0,sage,train_clean_eval_all,0.7833439099715538,0.4230621700220894,0.6613709281128153,0.678734302520752,3.2020577679995768,100,100,0.781263013848857,roc_auc,max_epochs,45954,8051348,175.2045135498047,175.0,175.2045135498047,175.0,0.2268800139427185,0.1452974677085876,/kaggle/working/gfd-robustness-v4-factorial-r1/graphs/base/yelpchi/r40_s2/graph.bin,/kaggle/working/gfd-robustness-v4-factorial-r1/graphs/base/yelpchi/r40_s2/graph.bin,/kaggle/working/gfd-robustness-v4-factorial-r1/graphs/base/yelpchi/r40_s2/graph.bin,ok,
gfd_robustness_benchmark_v4_factorial,yelpchi,r40_s2,3253,3,clean,0.0,sage,train_on_variant,0.7838128081286511,0.4268958900881467,0.662561759285233,0.6937775015830994,3.5078227459998743,100,100,0.7818626462307221,roc_auc,max_epochs,45954,8051348,175.2045135498047,175.0,175.2045135498047,175.0,0.2268800139427185,0.1452974677085876,/kaggle/working/gfd-robustness-v4-factorial-r1/graphs/base/yelpchi/r40_s2/graph.bin,/kaggle/working/gfd-robustness-v4-factorial-r1/graphs/base/yelpchi/r40_s2/graph.bin,/kaggle/working/gfd-robustness-v4-factorial-r1/graphs/base/yelpchi/r40_s2/graph.bin,ok,
gfd_robustness_benchmark_v4_factorial,yelpchi,r40_s2,3253,3,clean,0.0,secgfd,train_clean_eval_all,0.8013765104401686,0.4613851866070166,0.6767425339544428,0.7292185425758362,4.59424152199972,50,49,0.8013855055464565,roc_auc,max_epochs,45954,8051348,175.2045135498047,175.0,175.2045135498047,175.0,0.2268800139427185,0.1452974677085876,/kaggle/working/gfd-robustness-v4-factorial-r1/graphs/base/yelpchi/r40_s2/graph.bin,/kaggle/working/gfd-robustness-v4-factorial-r1/graphs/base/yelpchi/r40_s2/graph.bin,/kaggle/working/gfd-robustness-v4-factorial-r1/graphs/base/yelpchi/r40_s2/graph.bin,ok,
gfd_robustness_benchmark_v4_factorial,yelpchi,r40_s2,3253,3,clean,0.0,secgfd,train_on_variant,0.803657629528367,0.4665933071466253,0.6805166605330855,0.711460530757904,4.471220772999004,50,50,0.8040144281773817,roc_auc,max_epochs,45954,8051348,175.2045135498047,175.0,175.2045135498047,175.0,0.2268800139427185,0.1452974677085876,/kaggle/working/gfd-robustness-v4-factorial-r1/graphs/base/yelpchi/r40_s2/graph.bin,/kaggle/working/gfd-robustness-v4-factorial-r1/graphs/base/yelpchi/r40_s2/graph.bin,/kaggle/working/gfd-robustness-v4-factorial-r1/graphs/base/yelpchi/r40_s2/graph.bin,ok,
gfd_robustness_benchmark_v4_factorial,yelpchi,r40_s2,3253,4,clean,0.0,mlp,train_clean_eval_all,0.7906828431985317,0.4231759041474303,0.6564547082775046,0.6527314186096191,2.23539999300192,100,100,0.7886782196983243,roc_auc,max_epochs,45954,8051348,175.2045135498047,175.0,175.2045135498047,175.0,0.2268800139427185,0.1452974677085876,/kaggle/working/gfd-robustness-v4-factorial-r1/graphs/base/yelpchi/r40_s2/graph.bin,/kaggle/working/gfd-robustness-v4-factorial-r1/graphs/base/yelpchi/r40_s2/graph.bin,/kaggle/working/gfd-robustness-v4-factorial-r1/graphs/base/yelpchi/r40_s2/graph.bin,ok,
gfd_robustness_benchmark_v4_factorial,yelpchi,r40_s2,3253,4,clean,0.0,mlp,train_on_variant,0.7906828431985317,0.4231759041474303,0.6564547082775046,0.6527314186096191,2.054594381001152,100,100,0.7886782196983243,roc_auc,max_epochs,45954,8051348,175.2045135498047,175.0,175.2045135498047,175.0,0.2268800139427185,0.1452974677085876,/kaggle/working/gfd-robustness-v4-factorial-r1/graphs/base/yelpchi/r40_s2/graph.bin,/kaggle/working/gfd-robustness-v4-factorial-r1/graphs/base/yelpchi/r40_s2/graph.bin,/kaggle/working/gfd-robustness-v4-factorial-r1/graphs/base/yelpchi/r40_s2/graph.bin,ok,
gfd_robustness_benchmark_v4_factorial,yelpchi,r40_s2,3253,4,clean,0.0,pmp,train_clean_eval_all,0.8486987805194093,0.5694863108932138,0.7186689443403148,0.3711147308349609,52.17199362199972,88,78,0.8543143635700441,roc_auc,early_stopping,45954,8051348,175.2045135498047,175.0,175.2045135498047,175.0,0.2268800139427185,0.1452974677085876,/kaggle/working/gfd-robustness-v4-factorial-r1/graphs/base/yelpchi/r40_s2/graph.bin,/kaggle/working/gfd-robustness-v4-factorial-r1/graphs/base/yelpchi/r40_s2/graph.bin,/kaggle/working/gfd-robustness-v4-factorial-r1/graphs/base/yelpchi/r40_s2/graph.bin,ok,
gfd_robustness_benchmark_v4_factorial,yelpchi,r40_s2,3253,4,clean,0.0,pmp,train_on_variant,0.8486987805194093,0.5694863108932138,0.7186689443403148,0.3711147308349609,58.31770902199969,88,78,0.8543143635700441,roc_auc,early_stopping,45954,8051348,175.2045135498047,175.0,175.2045135498047,175.0,0.2268800139427185,0.1452974677085876,/kaggle/working/gfd-robustness-v4-factorial-r1/graphs/base/yelpchi/r40_s2/graph.bin,/kaggle/working/gfd-robustness-v4-factorial-r1/graphs/base/yelpchi/r40_s2/graph.bin,/kaggle/working/gfd-robustness-v4-factorial-r1/graphs/base/yelpchi/r40_s2/graph.bin,ok,
gfd_robustness_benchmark_v4_factorial,yelpchi,r40_s2,3253,4,clean,0.0,sage,train_clean_eval_all,0.7891810256777687,0.4293627304646283,0.6612157921959316,0.663702666759491,3.185789269000452,100,100,0.7873061124263036,roc_auc,max_epochs,45954,8051348,175.2045135498047,175.0,175.2045135498047,175.0,0.2268800139427185,0.1452974677085876,/kaggle/working/gfd-robustness-v4-factorial-r1/graphs/base/yelpchi/r40_s2/graph.bin,/kaggle/working/gfd-robustness-v4-factorial-r1/graphs/base/yelpchi/r40_s2/graph.bin,/kaggle/working/gfd-robustness-v4-factorial-r1/graphs/base/yelpchi/r40_s2/graph.bin,ok,
gfd_robustness_benchmark_v4_factorial,yelpchi,r40_s2,3253,4,clean,0.0,sage,train_on_variant,0.7892131343219874,0.4293895159939614,0.6619035595575725,0.664103090763092,3.412666457999876,100,100,0.7873226576264075,roc_auc,max_epochs,45954,8051348,175.2045135498047,175.0,175.2045135498047,175.0,0.2268800139427185,0.1452974677085876,/kaggle/working/gfd-robustness-v4-factorial-r1/graphs/base/yelpchi/r40_s2/graph.bin,/kaggle/working/gfd-robustness-v4-factorial-r1/graphs/base/yelpchi/r40_s2/graph.bin,/kaggle/working/gfd-robustness-v4-factorial-r1/graphs/base/yelpchi/r40_s2/graph.bin,ok,
gfd_robustness_benchmark_v4_factorial,yelpchi,r40_s2,3253,4,clean,0.0,secgfd,train_clean_eval_all,0.7873514403537629,0.4204480784719846,0.6569152744020108,0.6979449987411499,4.544523374999699,50,50,0.7831441601880527,roc_auc,max_epochs,45954,8051348,175.2045135498047,175.0,175.2045135498047,175.0,0.2268800139427185,0.1452974677085876,/kaggle/working/gfd-robustness-v4-factorial-r1/graphs/base/yelpchi/r40_s2/graph.bin,/kaggle/working/gfd-robustness-v4-factorial-r1/graphs/base/yelpchi/r40_s2/graph.bin,/kaggle/working/gfd-robustness-v4-factorial-r1/graphs/base/yelpchi/r40_s2/graph.bin,ok,
gfd_robustness_benchmark_v4_factorial,yelpchi,r40_s2,3253,4,clean,0.0,secgfd,train_on_variant,0.7847445066587801,0.4163703051737292,0.6520337904306038,0.727892279624939,4.495224467000298,50,50,0.7789823033111857,roc_auc,max_epochs,45954,8051348,175.2045135498047,175.0,175.2045135498047,175.0,0.2268800139427185,0.1452974677085876,/kaggle/working/gfd-robustness-v4-factorial-r1/graphs/base/yelpchi/r40_s2/graph.bin,/kaggle/working/gfd-robustness-v4-factorial-r1/graphs/base/yelpchi/r40_s2/graph.bin,/kaggle/working/gfd-robustness-v4-factorial-r1/graphs/base/yelpchi/r40_s2/graph.bin,ok,
gfd_robustness_benchmark_v4_factorial,yelpchi,r40_s2,0,0,heterophily_rewire_nonoracle,0.15,mlp,train_clean_eval_all,0.7404642686051014,0.3246557322868326,0.6234842465885414,0.5026629567146301,0.1448569819986005,17,7,0.738136447836131,roc_auc,early_stopping,45954,8051348,175.2045135498047,174.0,175.2045135498047,175.0,0.2294831871986389,0.1452974677085876,/kaggle/working/gfd-robustness-v4-factorial-r1/graphs/base/yelpchi/r40_s2/graph.bin,/kaggle/working/gfd-robustness-v4-factorial-r1/graphs/variants/yelpchi/r40_s2/heterophily_rewire_nonoracle/0.15/seed_0/graph.bin,/kaggle/working/gfd-robustness-v4-factorial-r1/graphs/base/yelpchi/r40_s2/graph.bin,ok,
gfd_robustness_benchmark_v4_factorial,yelpchi,r40_s2,0,0,heterophily_rewire_nonoracle,0.15,mlp,train_on_variant,0.7404642686051014,0.3246557322868326,0.6234842465885414,0.5026629567146301,0.5195467260000441,17,7,0.738136447836131,roc_auc,early_stopping,45954,8051348,175.2045135498047,174.0,175.2045135498047,175.0,0.2294831871986389,0.1452974677085876,/kaggle/working/gfd-robustness-v4-factorial-r1/graphs/base/yelpchi/r40_s2/graph.bin,/kaggle/working/gfd-robustness-v4-factorial-r1/graphs/variants/yelpchi/r40_s2/heterophily_rewire_nonoracle/0.15/seed_0/graph.bin,/kaggle/working/gfd-robustness-v4-factorial-r1/graphs/variants/yelpchi/r40_s2/heterophily_rewire_nonoracle/0.15/seed_0/graph.bin,ok,
gfd_robustness_benchmark_v4_factorial,yelpchi,r40_s2,0,0,heterophily_rewire_nonoracle,0.15,pmp,train_clean_eval_all,0.8275189731598412,0.4994210403193714,0.6904180485514818,0.3942893743515014,0.5301428780003334,71,61,0.8519974633871886,roc_auc,early_stopping,45954,8051348,175.2045135498047,174.0,175.2045135498047,175.0,0.2294831871986389,0.1452974677085876,/kaggle/working/gfd-robustness-v4-factorial-r1/graphs/base/yelpchi/r40_s2/graph.bin,/kaggle/working/gfd-robustness-v4-factorial-r1/graphs/variants/yelpchi/r40_s2/heterophily_rewire_nonoracle/0.15/seed_0/graph.bin,/kaggle/working/gfd-robustness-v4-factorial-r1/graphs/base/yelpchi/r40_s2/graph.bin,ok,
gfd_robustness_benchmark_v4_factorial,yelpchi,r40_s2,0,0,heterophily_rewire_nonoracle,0.15,pmp,train_on_variant,0.8343047230386478,0.5197635258862664,0.7020328696122904,0.3175097107887268,36.68003055100053,86,76,0.8401792794017027,roc_auc,early_stopping,45954,8051348,175.2045135498047,174.0,175.2045135498047,175.0,0.2294831871986389,0.1452974677085876,/kaggle/working/gfd-robustness-v4-factorial-r1/graphs/base/yelpchi/r40_s2/graph.bin,/kaggle/working/gfd-robustness-v4-factorial-r1/graphs/variants/yelpchi/r40_s2/heterophily_rewire_nonoracle/0.15/seed_0/graph.bin,/kaggle/working/gfd-robustness-v4-factorial-r1/graphs/variants/yelpchi/r40_s2/heterophily_rewire_nonoracle/0.15/seed_0/graph.bin,ok,
gfd_robustness_benchmark_v4_factorial,yelpchi,r40_s2,0,0,heterophily_rewire_nonoracle,0.15,sage,train_clean_eval_all,0.7803523514008135,0.4174146458760637,0.6531382953468563,0.648261308670044,0.2481643560004158,100,100,0.7811570196706694,roc_auc,max_epochs,45954,8051348,175.2045135498047,174.0,175.2045135498047,175.0,0.2294831871986389,0.1452974677085876,/kaggle/working/gfd-robustness-v4-factorial-r1/graphs/base/yelpchi/r40_s2/graph.bin,/kaggle/working/gfd-robustness-v4-factorial-r1/graphs/variants/yelpchi/r40_s2/heterophily_rewire_nonoracle/0.15/seed_0/graph.bin,/kaggle/working/gfd-robustness-v4-factorial-r1/graphs/base/yelpchi/r40_s2/graph.bin,ok,
gfd_robustness_benchmark_v4_factorial,yelpchi,r40_s2,0,0,heterophily_rewire_nonoracle,0.15,sage,train_on_variant,0.7754045712991025,0.4062119543499841,0.6489918826918042,0.671161413192749,3.2812223170003563,100,99,0.7751845838786813,roc_auc,max_epochs,45954,8051348,175.2045135498047,174.0,175.2045135498047,175.0,0.2294831871986389,0.1452974677085876,/kaggle/working/gfd-robustness-v4-factorial-r1/graphs/base/yelpchi/r40_s2/graph.bin,/kaggle/working/gfd-robustness-v4-factorial-r1/graphs/variants/yelpchi/r40_s2/heterophily_rewire_nonoracle/0.15/seed_0/graph.bin,/kaggle/working/gfd-robustness-v4-factorial-r1/graphs/variants/yelpchi/r40_s2/heterophily_rewire_nonoracle/0.15/seed_0/graph.bin,ok,
gfd_robustness_benchmark_v4_factorial,yelpchi,r40_s2,0,0,heterophily_rewire_nonoracle,0.15,secgfd,train_clean_eval_all,0.8144821490229825,0.4723767267075657,0.6882770005229132,0.7547904253005981,0.2217480010003782,50,50,0.8112726691889752,roc_auc,max_epochs,45954,8051348,175.2045135498047,174.0,175.2045135498047,175.0,0.2294831871986389,0.1452974677085876,/kaggle/working/gfd-robustness-v4-factorial-r1/graphs/base/yelpchi/r40_s2/graph.bin,/kaggle/working/gfd-robustness-v4-factorial-r1/graphs/variants/yelpchi/r40_s2/heterophily_rewire_nonoracle/0.15/seed_0/graph.bin,/kaggle/working/gfd-robustness-v4-factorial-r1/graphs/base/yelpchi/r40_s2/graph.bin,ok,
gfd_robustness_benchmark_v4_factorial,yelpchi,r40_s2,0,0,heterophily_rewire_nonoracle,0.15,secgfd,train_on_variant,0.8180971464657244,0.4939855571486201,0.6967269667395211,0.7410151958465576,4.983915942000749,50,48,0.8224186030987681,roc_auc,max_epochs,45954,8051348,175.2045135498047,174.0,175.2045135498047,175.0,0.2294831871986389,0.1452974677085876,/kaggle/working/gfd-robustness-v4-factorial-r1/graphs/base/yelpchi/r40_s2/graph.bin,/kaggle/working/gfd-robustness-v4-factorial-r1/graphs/variants/yelpchi/r40_s2/heterophily_rewire_nonoracle/0.15/seed_0/graph.bin,/kaggle/working/gfd-robustness-v4-factorial-r1/graphs/variants/yelpchi/r40_s2/heterophily_rewire_nonoracle/0.15/seed_0/graph.bin,ok,
gfd_robustness_benchmark_v4_factorial,yelpchi,r40_s2,0,1,heterophily_rewire_nonoracle,0.15,mlp,train_clean_eval_all,0.789016635612431,0.4167857282436971,0.6554860094295863,0.6965858936309814,0.1472692030001781,100,100,0.7856864946824108,roc_auc,max_epochs,45954,8051348,175.2045135498047,174.0,175.2045135498047,175.0,0.2294831871986389,0.1452974677085876,/kaggle/working/gfd-robustness-v4-factorial-r1/graphs/base/yelpchi/r40_s2/graph.bin,/kaggle/working/gfd-robustness-v4-factorial-r1/graphs/variants/yelpchi/r40_s2/heterophily_rewire_nonoracle/0.15/seed_0/graph.bin,/kaggle/working/gfd-robustness-v4-factorial-r1/graphs/base/yelpchi/r40_s2/graph.bin,ok,
gfd_robustness_benchmark_v4_factorial,yelpchi,r40_s2,0,1,heterophily_rewire_nonoracle,0.15,mlp,train_on_variant,0.789016635612431,0.4167857282436971,0.6554860094295863,0.6965858936309814,2.033640968000327,100,100,0.7856864946824108,roc_auc,max_epochs,45954,8051348,175.2045135498047,174.0,175.2045135498047,175.0,0.2294831871986389,0.1452974677085876,/kaggle/working/gfd-robustness-v4-factorial-r1/graphs/base/yelpchi/r40_s2/graph.bin,/kaggle/working/gfd-robustness-v4-factorial-r1/graphs/variants/yelpchi/r40_s2/heterophily_rewire_nonoracle/0.15/seed_0/graph.bin,/kaggle/working/gfd-robustness-v4-factorial-r1/graphs/variants/yelpchi/r40_s2/heterophily_rewire_nonoracle/0.15/seed_0/graph.bin,ok,
gfd_robustness_benchmark_v4_factorial,yelpchi,r40_s2,0,1,heterophily_rewire_nonoracle,0.15,pmp,train_clean_eval_all,0.8232964482503933,0.5088016530993117,0.6946864490948058,0.3003063797950744,0.5175007510006253,82,72,0.8499563006458349,roc_auc,early_stopping,45954,8051348,175.2045135498047,174.0,175.2045135498047,175.0,0.2294831871986389,0.1452974677085876,/kaggle/working/gfd-robustness-v4-factorial-r1/graphs/base/yelpchi/r40_s2/graph.bin,/kaggle/working/gfd-robustness-v4-factorial-r1/graphs/variants/yelpchi/r40_s2/heterophily_rewire_nonoracle/0.15/seed_0/graph.bin,/kaggle/working/gfd-robustness-v4-factorial-r1/graphs/base/yelpchi/r40_s2/graph.bin,ok,
gfd_robustness_benchmark_v4_factorial,yelpchi,r40_s2,0,1,heterophily_rewire_nonoracle,0.15,pmp,train_on_variant,0.8229831865037746,0.5163133468371287,0.6983100815126253,0.2602545917034149,24.38856569699965,57,47,0.8327777102301308,roc_auc,early_stopping,45954,8051348,175.2045135498047,174.0,175.2045135498047,175.0,0.2294831871986389,0.1452974677085876,/kaggle/working/gfd-robustness-v4-factorial-r1/graphs/base/yelpchi/r40_s2/graph.bin,/kaggle/working/gfd-robustness-v4-factorial-r1/graphs/variants/yelpchi/r40_s2/heterophily_rewire_nonoracle/0.15/seed_0/graph.bin,/kaggle/working/gfd-robustness-v4-factorial-r1/graphs/variants/yelpchi/r40_s2/heterophily_rewire_nonoracle/0.15/seed_0/graph.bin,ok,
gfd_robustness_benchmark_v4_factorial,yelpchi,r40_s2,0,1,heterophily_rewire_nonoracle,0.15,sage,train_clean_eval_all,0.609979395206532,0.2047323903035723,0.5480652059606241,0.2710321545600891,0.175546572998428,23,13,0.6158413377294931,roc_auc,early_stopping,45954,8051348,175.2045135498047,174.0,175.2045135498047,175.0,0.2294831871986389,0.1452974677085876,/kaggle/working/gfd-robustness-v4-factorial-r1/graphs/base/yelpchi/r40_s2/graph.bin,/kaggle/working/gfd-robustness-v4-factorial-r1/graphs/variants/yelpchi/r40_s2/heterophily_rewire_nonoracle/0.15/seed_0/graph.bin,/kaggle/working/gfd-robustness-v4-factorial-r1/graphs/base/yelpchi/r40_s2/graph.bin,ok,
gfd_robustness_benchmark_v4_factorial,yelpchi,r40_s2,0,1,heterophily_rewire_nonoracle,0.15,sage,train_on_variant,0.6121732278505616,0.2077978578177862,0.552746179541252,0.2857103943824768,1.0320902460007346,23,13,0.6197184455140813,roc_auc,early_stopping,45954,8051348,175.2045135498047,174.0,175.2045135498047,175.0,0.2294831871986389,0.1452974677085876,/kaggle/working/gfd-robustness-v4-factorial-r1/graphs/base/yelpchi/r40_s2/graph.bin,/kaggle/working/gfd-robustness-v4-factorial-r1/graphs/variants/yelpchi/r40_s2/heterophily_rewire_nonoracle/0.15/seed_0/graph.bin,/kaggle/working/gfd-robustness-v4-factorial-r1/graphs/variants/yelpchi/r40_s2/heterophily_rewire_nonoracle/0.15/seed_0/graph.bin,ok,
gfd_robustness_benchmark_v4_factorial,yelpchi,r40_s2,0,1,heterophily_rewire_nonoracle,0.15,secgfd,train_clean_eval_all,0.7913029711643413,0.4296542985382093,0.66414802460495,0.7049526572227478,0.2683269900007872,50,49,0.789748460509659,roc_auc,max_epochs,45954,8051348,175.2045135498047,174.0,175.2045135498047,175.0,0.2294831871986389,0.1452974677085876,/kaggle/working/gfd-robustness-v4-factorial-r1/graphs/base/yelpchi/r40_s2/graph.bin,/kaggle/working/gfd-robustness-v4-factorial-r1/graphs/variants/yelpchi/r40_s2/heterophily_rewire_nonoracle/0.15/seed_0/graph.bin,/kaggle/working/gfd-robustness-v4-factorial-r1/graphs/base/yelpchi/r40_s2/graph.bin,ok,
gfd_robustness_benchmark_v4_factorial,yelpchi,r40_s2,0,1,heterophily_rewire_nonoracle,0.15,secgfd,train_on_variant,0.8037739519052526,0.45086011128889,0.670557013321427,0.6881512403488159,4.844303933999981,50,50,0.8017101633778909,roc_auc,max_epochs,45954,8051348,175.2045135498047,174.0,175.2045135498047,175.0,0.2294831871986389,0.1452974677085876,/kaggle/working/gfd-robustness-v4-factorial-r1/graphs/base/yelpchi/r40_s2/graph.bin,/kaggle/working/gfd-robustness-v4-factorial-r1/graphs/variants/yelpchi/r40_s2/heterophily_rewire_nonoracle/0.15/seed_0/graph.bin,/kaggle/working/gfd-robustness-v4-factorial-r1/graphs/variants/yelpchi/r40_s2/heterophily_rewire_nonoracle/0.15/seed_0/graph.bin,ok,
gfd_robustness_benchmark_v4_factorial,yelpchi,r40_s2,0,2,heterophily_rewire_nonoracle,0.15,mlp,train_clean_eval_all,0.791833978586869,0.422563545347575,0.659744675709785,0.6869957447052002,0.2047778529995412,100,100,0.7910127617371984,roc_auc,max_epochs,45954,8051348,175.2045135498047,174.0,175.2045135498047,175.0,0.2294831871986389,0.1452974677085876,/kaggle/working/gfd-robustness-v4-factorial-r1/graphs/base/yelpchi/r40_s2/graph.bin,/kaggle/working/gfd-robustness-v4-factorial-r1/graphs/variants/yelpchi/r40_s2/heterophily_rewire_nonoracle/0.15/seed_0/graph.bin,/kaggle/working/gfd-robustness-v4-factorial-r1/graphs/base/yelpchi/r40_s2/graph.bin,ok,
gfd_robustness_benchmark_v4_factorial,yelpchi,r40_s2,0,2,heterophily_rewire_nonoracle,0.15,mlp,train_on_variant,0.791833978586869,0.422563545347575,0.659744675709785,0.6869957447052002,2.0125147010003275,100,100,0.7910127617371984,roc_auc,max_epochs,45954,8051348,175.2045135498047,174.0,175.2045135498047,175.0,0.2294831871986389,0.1452974677085876,/kaggle/working/gfd-robustness-v4-factorial-r1/graphs/base/yelpchi/r40_s2/graph.bin,/kaggle/working/gfd-robustness-v4-factorial-r1/graphs/variants/yelpchi/r40_s2/heterophily_rewire_nonoracle/0.15/seed_0/graph.bin,/kaggle/working/gfd-robustness-v4-factorial-r1/graphs/variants/yelpchi/r40_s2/heterophily_rewire_nonoracle/0.15/seed_0/graph.bin,ok,
gfd_robustness_benchmark_v4_factorial,yelpchi,r40_s2,0,2,heterophily_rewire_nonoracle,0.15,pmp,train_clean_eval_all,0.8198304773154811,0.4942613543533667,0.6935099257297181,0.3158973157405853,0.4484246779993555,67,57,0.8516228361905988,roc_auc,early_stopping,45954,8051348,175.2045135498047,174.0,175.2045135498047,175.0,0.2294831871986389,0.1452974677085876,/kaggle/working/gfd-robustness-v4-factorial-r1/graphs/base/yelpchi/r40_s2/graph.bin,/kaggle/working/gfd-robustness-v4-factorial-r1/graphs/variants/yelpchi/r40_s2/heterophily_rewire_nonoracle/0.15/seed_0/graph.bin,/kaggle/working/gfd-robustness-v4-factorial-r1/graphs/base/yelpchi/r40_s2/graph.bin,ok,
gfd_robustness_benchmark_v4_factorial,yelpchi,r40_s2,0,2,heterophily_rewire_nonoracle,0.15,pmp,train_on_variant,0.830171485408765,0.5028465713363801,0.6955580502607293,0.165104791522026,27.57769819299937,65,55,0.8355811441935646,roc_auc,early_stopping,45954,8051348,175.2045135498047,174.0,175.2045135498047,175.0,0.2294831871986389,0.1452974677085876,/kaggle/working/gfd-robustness-v4-factorial-r1/graphs/base/yelpchi/r40_s2/graph.bin,/kaggle/working/gfd-robustness-v4-factorial-r1/graphs/variants/yelpchi/r40_s2/heterophily_rewire_nonoracle/0.15/seed_0/graph.bin,/kaggle/working/gfd-robustness-v4-factorial-r1/graphs/variants/yelpchi/r40_s2/heterophily_rewire_nonoracle/0.15/seed_0/graph.bin,ok,
gfd_robustness_benchmark_v4_factorial,yelpchi,r40_s2,0,2,heterophily_rewire_nonoracle,0.15,sage,train_clean_eval_all,0.7873774988528544,0.4261987581150508,0.6591405477609343,0.6848011612892151,0.2384059060004801,100,99,0.791447800370479,roc_auc,max_epochs,45954,8051348,175.2045135498047,174.0,175.2045135498047,175.0,0.2294831871986389,0.1452974677085876,/kaggle/working/gfd-robustness-v4-factorial-r1/graphs/base/yelpchi/r40_s2/graph.bin,/kaggle/working/gfd-robustness-v4-factorial-r1/graphs/variants/yelpchi/r40_s2/heterophily_rewire_nonoracle/0.15/seed_0/graph.bin,/kaggle/working/gfd-robustness-v4-factorial-r1/graphs/base/yelpchi/r40_s2/graph.bin,ok,
gfd_robustness_benchmark_v4_factorial,yelpchi,r40_s2,0,2,heterophily_rewire_nonoracle,0.15,sage,train_on_variant,0.7812041475221655,0.4198647777324624,0.6551524811192369,0.6106199622154236,3.4470984620002127,100,100,0.7812652071606864,roc_auc,max_epochs,45954,8051348,175.2045135498047,174.0,175.2045135498047,175.0,0.2294831871986389,0.1452974677085876,/kaggle/working/gfd-robustness-v4-factorial-r1/graphs/base/yelpchi/r40_s2/graph.bin,/kaggle/working/gfd-robustness-v4-factorial-r1/graphs/variants/yelpchi/r40_s2/heterophily_rewire_nonoracle/0.15/seed_0/graph.bin,/kaggle/working/gfd-robustness-v4-factorial-r1/graphs/variants/yelpchi/r40_s2/heterophily_rewire_nonoracle/0.15/seed_0/graph.bin,ok,
gfd_robustness_benchmark_v4_factorial,yelpchi,r40_s2,0,2,heterophily_rewire_nonoracle,0.15,secgfd,train_clean_eval_all,0.8077612119193385,0.4848500818903101,0.6828543013116093,0.6936580538749695,0.270237149001332,50,50,0.8116419561480677,roc_auc,max_epochs,45954,8051348,175.2045135498047,174.0,175.2045135498047,175.0,0.2294831871986389,0.1452974677085876,/kaggle/working/gfd-robustness-v4-factorial-r1/graphs/base/yelpchi/r40_s2/graph.bin,/kaggle/working/gfd-robustness-v4-factorial-r1/graphs/variants/yelpchi/r40_s2/heterophily_rewire_nonoracle/0.15/seed_0/graph.bin,/kaggle/working/gfd-robustness-v4-factorial-r1/graphs/base/yelpchi/r40_s2/graph.bin,ok,
gfd_robustness_benchmark_v4_factorial,yelpchi,r40_s2,0,2,heterophily_rewire_nonoracle,0.15,secgfd,train_on_variant,0.8147346115749662,0.4924689512397512,0.6909340214047215,0.7390235662460327,4.848401566001485,50,49,0.8200229344128241,roc_auc,max_epochs,45954,8051348,175.2045135498047,174.0,175.2045135498047,175.0,0.2294831871986389,0.1452974677085876,/kaggle/working/gfd-robustness-v4-factorial-r1/graphs/base/yelpchi/r40_s2/graph.bin,/kaggle/working/gfd-robustness-v4-factorial-r1/graphs/variants/yelpchi/r40_s2/heterophily_rewire_nonoracle/0.15/seed_0/graph.bin,/kaggle/working/gfd-robustness-v4-factorial-r1/graphs/variants/yelpchi/r40_s2/heterophily_rewire_nonoracle/0.15/seed_0/graph.bin,ok,
gfd_robustness_benchmark_v4_factorial,yelpchi,r40_s2,0,3,heterophily_rewire_nonoracle,0.15,mlp,train_clean_eval_all,0.7873703172829494,0.4124587532671446,0.6562929132355262,0.6923589110374451,0.1972701960003178,100,100,0.787128406487435,roc_auc,max_epochs,45954,8051348,175.2045135498047,174.0,175.2045135498047,175.0,0.2294831871986389,0.1452974677085876,/kaggle/working/gfd-robustness-v4-factorial-r1/graphs/base/yelpchi/r40_s2/graph.bin,/kaggle/working/gfd-robustness-v4-factorial-r1/graphs/variants/yelpchi/r40_s2/heterophily_rewire_nonoracle/0.15/seed_0/graph.bin,/kaggle/working/gfd-robustness-v4-factorial-r1/graphs/base/yelpchi/r40_s2/graph.bin,ok,
gfd_robustness_benchmark_v4_factorial,yelpchi,r40_s2,0,3,heterophily_rewire_nonoracle,0.15,mlp,train_on_variant,0.7873703172829494,0.4124587532671446,0.6562929132355262,0.6923589110374451,2.03178133000074,100,100,0.787128406487435,roc_auc,max_epochs,45954,8051348,175.2045135498047,174.0,175.2045135498047,175.0,0.2294831871986389,0.1452974677085876,/kaggle/working/gfd-robustness-v4-factorial-r1/graphs/base/yelpchi/r40_s2/graph.bin,/kaggle/working/gfd-robustness-v4-factorial-r1/graphs/variants/yelpchi/r40_s2/heterophily_rewire_nonoracle/0.15/seed_0/graph.bin,/kaggle/working/gfd-robustness-v4-factorial-r1/graphs/variants/yelpchi/r40_s2/heterophily_rewire_nonoracle/0.15/seed_0/graph.bin,ok,
gfd_robustness_benchmark_v4_factorial,yelpchi,r40_s2,0,3,heterophily_rewire_nonoracle,0.15,pmp,train_clean_eval_all,0.822639924135944,0.4971397671540252,0.6949991081059185,0.3407284319400787,0.442160911999963,81,71,0.8504771645246115,roc_auc,early_stopping,45954,8051348,175.2045135498047,174.0,175.2045135498047,175.0,0.2294831871986389,0.1452974677085876,/kaggle/working/gfd-robustness-v4-factorial-r1/graphs/base/yelpchi/r40_s2/graph.bin,/kaggle/working/gfd-robustness-v4-factorial-r1/graphs/variants/yelpchi/r40_s2/heterophily_rewire_nonoracle/0.15/seed_0/graph.bin,/kaggle/working/gfd-robustness-v4-factorial-r1/graphs/base/yelpchi/r40_s2/graph.bin,ok,
gfd_robustness_benchmark_v4_factorial,yelpchi,r40_s2,0,3,heterophily_rewire_nonoracle,0.15,pmp,train_on_variant,0.8333558387616316,0.5231662922757582,0.7016398726191632,0.2879150807857513,42.391165768000064,100,97,0.8387455686756926,roc_auc,max_epochs,45954,8051348,175.2045135498047,174.0,175.2045135498047,175.0,0.2294831871986389,0.1452974677085876,/kaggle/working/gfd-robustness-v4-factorial-r1/graphs/base/yelpchi/r40_s2/graph.bin,/kaggle/working/gfd-robustness-v4-factorial-r1/graphs/variants/yelpchi/r40_s2/heterophily_rewire_nonoracle/0.15/seed_0/graph.bin,/kaggle/working/gfd-robustness-v4-factorial-r1/graphs/variants/yelpchi/r40_s2/heterophily_rewire_nonoracle/0.15/seed_0/graph.bin,ok,
gfd_robustness_benchmark_v4_factorial,yelpchi,r40_s2,0,3,heterophily_rewire_nonoracle,0.15,sage,train_clean_eval_all,0.7786499144023562,0.4134330367871258,0.6544744031684244,0.678734302520752,0.222710329999245,100,100,0.781263013848857,roc_auc,max_epochs,45954,8051348,175.2045135498047,174.0,175.2045135498047,175.0,0.2294831871986389,0.1452974677085876,/kaggle/working/gfd-robustness-v4-factorial-r1/graphs/base/yelpchi/r40_s2/graph.bin,/kaggle/working/gfd-robustness-v4-factorial-r1/graphs/variants/yelpchi/r40_s2/heterophily_rewire_nonoracle/0.15/seed_0/graph.bin,/kaggle/working/gfd-robustness-v4-factorial-r1/graphs/base/yelpchi/r40_s2/graph.bin,ok,
gfd_robustness_benchmark_v4_factorial,yelpchi,r40_s2,0,3,heterophily_rewire_nonoracle,0.15,sage,train_on_variant,0.7807064158978377,0.418084035120955,0.656469591737332,0.6727265119552612,3.4479497730008006,100,100,0.7807573601108099,roc_auc,max_epochs,45954,8051348,175.2045135498047,174.0,175.2045135498047,175.0,0.2294831871986389,0.1452974677085876,/kaggle/working/gfd-robustness-v4-factorial-r1/graphs/base/yelpchi/r40_s2/graph.bin,/kaggle/working/gfd-robustness-v4-factorial-r1/graphs/variants/yelpchi/r40_s2/heterophily_rewire_nonoracle/0.15/seed_0/graph.bin,/kaggle/working/gfd-robustness-v4-factorial-r1/graphs/variants/yelpchi/r40_s2/heterophily_rewire_nonoracle/0.15/seed_0/graph.bin,ok,
gfd_robustness_benchmark_v4_factorial,yelpchi,r40_s2,0,3,heterophily_rewire_nonoracle,0.15,secgfd,train_clean_eval_all,0.7976724639125516,0.4585862111144909,0.6791919900264922,0.7292185425758362,0.2110699780005234,50,49,0.8013855055464565,roc_auc,max_epochs,45954,8051348,175.2045135498047,174.0,175.2045135498047,175.0,0.2294831871986389,0.1452974677085876,/kaggle/working/gfd-robustness-v4-factorial-r1/graphs/base/yelpchi/r40_s2/graph.bin,/kaggle/working/gfd-robustness-v4-factorial-r1/graphs/variants/yelpchi/r40_s2/heterophily_rewire_nonoracle/0.15/seed_0/graph.bin,/kaggle/working/gfd-robustness-v4-factorial-r1/graphs/base/yelpchi/r40_s2/graph.bin,ok,
gfd_robustness_benchmark_v4_factorial,yelpchi,r40_s2,0,3,heterophily_rewire_nonoracle,0.15,secgfd,train_on_variant,0.8032677881888971,0.4512633994273384,0.6797461615150344,0.6967030167579651,5.057200691000617,50,50,0.8047892394214425,roc_auc,max_epochs,45954,8051348,175.2045135498047,174.0,175.2045135498047,175.0,0.2294831871986389,0.1452974677085876,/kaggle/working/gfd-robustness-v4-factorial-r1/graphs/base/yelpchi/r40_s2/graph.bin,/kaggle/working/gfd-robustness-v4-factorial-r1/graphs/variants/yelpchi/r40_s2/heterophily_rewire_nonoracle/0.15/seed_0/graph.bin,/kaggle/working/gfd-robustness-v4-factorial-r1/graphs/variants/yelpchi/r40_s2/heterophily_rewire_nonoracle/0.15/seed_0/graph.bin,ok,
gfd_robustness_benchmark_v4_factorial,yelpchi,r40_s2,0,4,heterophily_rewire_nonoracle,0.15,mlp,train_clean_eval_all,0.7906828431985317,0.4231759041474303,0.6564547082775046,0.6527314186096191,0.1406334559997049,100,100,0.7886782196983243,roc_auc,max_epochs,45954,8051348,175.2045135498047,174.0,175.2045135498047,175.0,0.2294831871986389,0.1452974677085876,/kaggle/working/gfd-robustness-v4-factorial-r1/graphs/base/yelpchi/r40_s2/graph.bin,/kaggle/working/gfd-robustness-v4-factorial-r1/graphs/variants/yelpchi/r40_s2/heterophily_rewire_nonoracle/0.15/seed_0/graph.bin,/kaggle/working/gfd-robustness-v4-factorial-r1/graphs/base/yelpchi/r40_s2/graph.bin,ok,
gfd_robustness_benchmark_v4_factorial,yelpchi,r40_s2,0,4,heterophily_rewire_nonoracle,0.15,mlp,train_on_variant,0.7906828431985317,0.4231759041474303,0.6564547082775046,0.6527314186096191,2.0399013370006287,100,100,0.7886782196983243,roc_auc,max_epochs,45954,8051348,175.2045135498047,174.0,175.2045135498047,175.0,0.2294831871986389,0.1452974677085876,/kaggle/working/gfd-robustness-v4-factorial-r1/graphs/base/yelpchi/r40_s2/graph.bin,/kaggle/working/gfd-robustness-v4-factorial-r1/graphs/variants/yelpchi/r40_s2/heterophily_rewire_nonoracle/0.15/seed_0/graph.bin,/kaggle/working/gfd-robustness-v4-factorial-r1/graphs/variants/yelpchi/r40_s2/heterophily_rewire_nonoracle/0.15/seed_0/graph.bin,ok,
gfd_robustness_benchmark_v4_factorial,yelpchi,r40_s2,0,4,heterophily_rewire_nonoracle,0.15,pmp,train_clean_eval_all,0.8285644572934071,0.5136349577240082,0.6956491906125537,0.3711147308349609,0.4402794260004157,88,78,0.8543143635700441,roc_auc,early_stopping,45954,8051348,175.2045135498047,174.0,175.2045135498047,175.0,0.2294831871986389,0.1452974677085876,/kaggle/working/gfd-robustness-v4-factorial-r1/graphs/base/yelpchi/r40_s2/graph.bin,/kaggle/working/gfd-robustness-v4-factorial-r1/graphs/variants/yelpchi/r40_s2/heterophily_rewire_nonoracle/0.15/seed_0/graph.bin,/kaggle/working/gfd-robustness-v4-factorial-r1/graphs/base/yelpchi/r40_s2/graph.bin,ok,
gfd_robustness_benchmark_v4_factorial,yelpchi,r40_s2,0,4,heterophily_rewire_nonoracle,0.15,pmp,train_on_variant,0.8429210229299547,0.5572629863255004,0.7199198067821447,0.2433257550001144,42.484083674999056,100,96,0.8495366151953597,roc_auc,max_epochs,45954,8051348,175.2045135498047,174.0,175.2045135498047,175.0,0.2294831871986389,0.1452974677085876,/kaggle/working/gfd-robustness-v4-factorial-r1/graphs/base/yelpchi/r40_s2/graph.bin,/kaggle/working/gfd-robustness-v4-factorial-r1/graphs/variants/yelpchi/r40_s2/heterophily_rewire_nonoracle/0.15/seed_0/graph.bin,/kaggle/working/gfd-robustness-v4-factorial-r1/graphs/variants/yelpchi/r40_s2/heterophily_rewire_nonoracle/0.15/seed_0/graph.bin,ok,
gfd_robustness_benchmark_v4_factorial,yelpchi,r40_s2,0,4,heterophily_rewire_nonoracle,0.15,sage,train_clean_eval_all,0.7852652836193702,0.4198999342003228,0.6564548624488242,0.663702666759491,0.2186830640002881,100,100,0.7873061124263036,roc_auc,max_epochs,45954,8051348,175.2045135498047,174.0,175.2045135498047,175.0,0.2294831871986389,0.1452974677085876,/kaggle/working/gfd-robustness-v4-factorial-r1/graphs/base/yelpchi/r40_s2/graph.bin,/kaggle/working/gfd-robustness-v4-factorial-r1/graphs/variants/yelpchi/r40_s2/heterophily_rewire_nonoracle/0.15/seed_0/graph.bin,/kaggle/working/gfd-robustness-v4-factorial-r1/graphs/base/yelpchi/r40_s2/graph.bin,ok,
gfd_robustness_benchmark_v4_factorial,yelpchi,r40_s2,0,4,heterophily_rewire_nonoracle,0.15,sage,train_on_variant,0.7811797087469664,0.4093621768419405,0.6520545041947006,0.6534841656684875,3.487696807000248,100,100,0.7802117499529153,roc_auc,max_epochs,45954,8051348,175.2045135498047,174.0,175.2045135498047,175.0,0.2294831871986389,0.1452974677085876,/kaggle/working/gfd-robustness-v4-factorial-r1/graphs/base/yelpchi/r40_s2/graph.bin,/kaggle/working/gfd-robustness-v4-factorial-r1/graphs/variants/yelpchi/r40_s2/heterophily_rewire_nonoracle/0.15/seed_0/graph.bin,/kaggle/working/gfd-robustness-v4-factorial-r1/graphs/variants/yelpchi/r40_s2/heterophily_rewire_nonoracle/0.15/seed_0/graph.bin,ok,
gfd_robustness_benchmark_v4_factorial,yelpchi,r40_s2,0,4,heterophily_rewire_nonoracle,0.15,secgfd,train_clean_eval_all,0.7876578540030428,0.4138639764274561,0.6596157678186254,0.6979449987411499,0.2597063470002467,50,50,0.7831441601880527,roc_auc,max_epochs,45954,8051348,175.2045135498047,174.0,175.2045135498047,175.0,0.2294831871986389,0.1452974677085876,/kaggle/working/gfd-robustness-v4-factorial-r1/graphs/base/yelpchi/r40_s2/graph.bin,/kaggle/working/gfd-robustness-v4-factorial-r1/graphs/variants/yelpchi/r40_s2/heterophily_rewire_nonoracle/0.15/seed_0/graph.bin,/kaggle/working/gfd-robustness-v4-factorial-r1/graphs/base/yelpchi/r40_s2/graph.bin,ok,
gfd_robustness_benchmark_v4_factorial,yelpchi,r40_s2,0,4,heterophily_rewire_nonoracle,0.15,secgfd,train_on_variant,0.7989823322423382,0.4466557826624019,0.66888184867186,0.7047827839851379,4.963270223001018,50,49,0.7978623315381553,roc_auc,max_epochs,45954,8051348,175.2045135498047,174.0,175.2045135498047,175.0,0.2294831871986389,0.1452974677085876,/kaggle/working/gfd-robustness-v4-factorial-r1/graphs/base/yelpchi/r40_s2/graph.bin,/kaggle/working/gfd-robustness-v4-factorial-r1/graphs/variants/yelpchi/r40_s2/heterophily_rewire_nonoracle/0.15/seed_0/graph.bin,/kaggle/working/gfd-robustness-v4-factorial-r1/graphs/variants/yelpchi/r40_s2/heterophily_rewire_nonoracle/0.15/seed_0/graph.bin,ok,
gfd_robustness_benchmark_v4_factorial,yelpchi,r40_s2,1,0,heterophily_rewire_nonoracle,0.15,mlp,train_clean_eval_all,0.7404642686051014,0.3246557322868326,0.6234842465885414,0.5026629567146301,0.1369162409991986,17,7,0.738136447836131,roc_auc,early_stopping,45954,8051348,175.2045135498047,174.0,175.2045135498047,175.0,0.2294254302978515,0.1452974677085876,/kaggle/working/gfd-robustness-v4-factorial-r1/graphs/base/yelpchi/r40_s2/graph.bin,/kaggle/working/gfd-robustness-v4-factorial-r1/graphs/variants/yelpchi/r40_s2/heterophily_rewire_nonoracle/0.15/seed_1/graph.bin,/kaggle/working/gfd-robustness-v4-factorial-r1/graphs/base/yelpchi/r40_s2/graph.bin,ok,
gfd_robustness_benchmark_v4_factorial,yelpchi,r40_s2,1,0,heterophily_rewire_nonoracle,0.15,mlp,train_on_variant,0.7404642686051014,0.3246557322868326,0.6234842465885414,0.5026629567146301,0.5273196939997433,17,7,0.738136447836131,roc_auc,early_stopping,45954,8051348,175.2045135498047,174.0,175.2045135498047,175.0,0.2294254302978515,0.1452974677085876,/kaggle/working/gfd-robustness-v4-factorial-r1/graphs/base/yelpchi/r40_s2/graph.bin,/kaggle/working/gfd-robustness-v4-factorial-r1/graphs/variants/yelpchi/r40_s2/heterophily_rewire_nonoracle/0.15/seed_1/graph.bin,/kaggle/working/gfd-robustness-v4-factorial-r1/graphs/variants/yelpchi/r40_s2/heterophily_rewire_nonoracle/0.15/seed_1/graph.bin,ok,
gfd_robustness_benchmark_v4_factorial,yelpchi,r40_s2,1,0,heterophily_rewire_nonoracle,0.15,pmp,train_clean_eval_all,0.8259307147860593,0.5010145929604944,0.6881381861649999,0.3942893743515014,0.5475727030006965,71,61,0.8519974633871886,roc_auc,early_stopping,45954,8051348,175.2045135498047,174.0,175.2045135498047,175.0,0.2294254302978515,0.1452974677085876,/kaggle/working/gfd-robustness-v4-factorial-r1/graphs/base/yelpchi/r40_s2/graph.bin,/kaggle/working/gfd-robustness-v4-factorial-r1/graphs/variants/yelpchi/r40_s2/heterophily_rewire_nonoracle/0.15/seed_1/graph.bin,/kaggle/working/gfd-robustness-v4-factorial-r1/graphs/base/yelpchi/r40_s2/graph.bin,ok,
gfd_robustness_benchmark_v4_factorial,yelpchi,r40_s2,1,0,heterophily_rewire_nonoracle,0.15,pmp,train_on_variant,0.8318143022763028,0.5171942713513813,0.7023590164212674,0.3487955927848816,35.841725960000986,84,74,0.8403801104761632,roc_auc,early_stopping,45954,8051348,175.2045135498047,174.0,175.2045135498047,175.0,0.2294254302978515,0.1452974677085876,/kaggle/working/gfd-robustness-v4-factorial-r1/graphs/base/yelpchi/r40_s2/graph.bin,/kaggle/working/gfd-robustness-v4-factorial-r1/graphs/variants/yelpchi/r40_s2/heterophily_rewire_nonoracle/0.15/seed_1/graph.bin,/kaggle/working/gfd-robustness-v4-factorial-r1/graphs/variants/yelpchi/r40_s2/heterophily_rewire_nonoracle/0.15/seed_1/graph.bin,ok,
gfd_robustness_benchmark_v4_factorial,yelpchi,r40_s2,1,0,heterophily_rewire_nonoracle,0.15,sage,train_clean_eval_all,0.7804985076626278,0.4173133783420042,0.6529489521999841,0.648261308670044,0.171270340000774,100,100,0.7811570196706694,roc_auc,max_epochs,45954,8051348,175.2045135498047,174.0,175.2045135498047,175.0,0.2294254302978515,0.1452974677085876,/kaggle/working/gfd-robustness-v4-factorial-r1/graphs/base/yelpchi/r40_s2/graph.bin,/kaggle/working/gfd-robustness-v4-factorial-r1/graphs/variants/yelpchi/r40_s2/heterophily_rewire_nonoracle/0.15/seed_1/graph.bin,/kaggle/working/gfd-robustness-v4-factorial-r1/graphs/base/yelpchi/r40_s2/graph.bin,ok,
gfd_robustness_benchmark_v4_factorial,yelpchi,r40_s2,1,0,heterophily_rewire_nonoracle,0.15,sage,train_on_variant,0.7756750056404502,0.4001662091309556,0.6450214595789274,0.6496880054473877,3.3547684469995147,100,100,0.7754370054618233,roc_auc,max_epochs,45954,8051348,175.2045135498047,174.0,175.2045135498047,175.0,0.2294254302978515,0.1452974677085876,/kaggle/working/gfd-robustness-v4-factorial-r1/graphs/base/yelpchi/r40_s2/graph.bin,/kaggle/working/gfd-robustness-v4-factorial-r1/graphs/variants/yelpchi/r40_s2/heterophily_rewire_nonoracle/0.15/seed_1/graph.bin,/kaggle/working/gfd-robustness-v4-factorial-r1/graphs/variants/yelpchi/r40_s2/heterophily_rewire_nonoracle/0.15/seed_1/graph.bin,ok,
gfd_robustness_benchmark_v4_factorial,yelpchi,r40_s2,1,0,heterophily_rewire_nonoracle,0.15,secgfd,train_clean_eval_all,0.8148602711837019,0.4726937195091343,0.6897378402757968,0.7547904253005981,0.2929843709989654,50,50,0.8112726691889752,roc_auc,max_epochs,45954,8051348,175.2045135498047,174.0,175.2045135498047,175.0,0.2294254302978515,0.1452974677085876,/kaggle/working/gfd-robustness-v4-factorial-r1/graphs/base/yelpchi/r40_s2/graph.bin,/kaggle/working/gfd-robustness-v4-factorial-r1/graphs/variants/yelpchi/r40_s2/heterophily_rewire_nonoracle/0.15/seed_1/graph.bin,/kaggle/working/gfd-robustness-v4-factorial-r1/graphs/base/yelpchi/r40_s2/graph.bin,ok,
gfd_robustness_benchmark_v4_factorial,yelpchi,r40_s2,1,0,heterophily_rewire_nonoracle,0.15,secgfd,train_on_variant,0.8149163660332085,0.4838307810227031,0.6942048905746845,0.7084246277809143,4.9962946089999605,50,50,0.8157155560641496,roc_auc,max_epochs,45954,8051348,175.2045135498047,174.0,175.2045135498047,175.0,0.2294254302978515,0.1452974677085876,/kaggle/working/gfd-robustness-v4-factorial-r1/graphs/base/yelpchi/r40_s2/graph.bin,/kaggle/working/gfd-robustness-v4-factorial-r1/graphs/variants/yelpchi/r40_s2/heterophily_rewire_nonoracle/0.15/seed_1/graph.bin,/kaggle/working/gfd-robustness-v4-factorial-r1/graphs/variants/yelpchi/r40_s2/heterophily_rewire_nonoracle/0.15/seed_1/graph.bin,ok,
gfd_robustness_benchmark_v4_factorial,yelpchi,r40_s2,1,1,heterophily_rewire_nonoracle,0.15,mlp,train_clean_eval_all,0.789016635612431,0.4167857282436971,0.6554860094295863,0.6965858936309814,0.1527642330001981,100,100,0.7856864946824108,roc_auc,max_epochs,45954,8051348,175.2045135498047,174.0,175.2045135498047,175.0,0.2294254302978515,0.1452974677085876,/kaggle/working/gfd-robustness-v4-factorial-r1/graphs/base/yelpchi/r40_s2/graph.bin,/kaggle/working/gfd-robustness-v4-factorial-r1/graphs/variants/yelpchi/r40_s2/heterophily_rewire_nonoracle/0.15/seed_1/graph.bin,/kaggle/working/gfd-robustness-v4-factorial-r1/graphs/base/yelpchi/r40_s2/graph.bin,ok,
gfd_robustness_benchmark_v4_factorial,yelpchi,r40_s2,1,1,heterophily_rewire_nonoracle,0.15,mlp,train_on_variant,0.789016635612431,0.4167857282436971,0.6554860094295863,0.6965858936309814,1.869008334999308,100,100,0.7856864946824108,roc_auc,max_epochs,45954,8051348,175.2045135498047,174.0,175.2045135498047,175.0,0.2294254302978515,0.1452974677085876,/kaggle/working/gfd-robustness-v4-factorial-r1/graphs/base/yelpchi/r40_s2/graph.bin,/kaggle/working/gfd-robustness-v4-factorial-r1/graphs/variants/yelpchi/r40_s2/heterophily_rewire_nonoracle/0.15/seed_1/graph.bin,/kaggle/working/gfd-robustness-v4-factorial-r1/graphs/variants/yelpchi/r40_s2/heterophily_rewire_nonoracle/0.15/seed_1/graph.bin,ok,
gfd_robustness_benchmark_v4_factorial,yelpchi,r40_s2,1,1,heterophily_rewire_nonoracle,0.15,pmp,train_clean_eval_all,0.8219973225011281,0.5157365891918946,0.6990957262144637,0.3003063797950744,0.5123653260015999,82,72,0.8499563006458349,roc_auc,early_stopping,45954,8051348,175.2045135498047,174.0,175.2045135498047,175.0,0.2294254302978515,0.1452974677085876,/kaggle/working/gfd-robustness-v4-factorial-r1/graphs/base/yelpchi/r40_s2/graph.bin,/kaggle/working/gfd-robustness-v4-factorial-r1/graphs/variants/yelpchi/r40_s2/heterophily_rewire_nonoracle/0.15/seed_1/graph.bin,/kaggle/working/gfd-robustness-v4-factorial-r1/graphs/base/yelpchi/r40_s2/graph.bin,ok,
gfd_robustness_benchmark_v4_factorial,yelpchi,r40_s2,1,1,heterophily_rewire_nonoracle,0.15,pmp,train_on_variant,0.8326990526330231,0.5440551613160205,0.7062015464535293,0.3226617872714996,40.21513022299951,94,84,0.8414159735086075,roc_auc,early_stopping,45954,8051348,175.2045135498047,174.0,175.2045135498047,175.0,0.2294254302978515,0.1452974677085876,/kaggle/working/gfd-robustness-v4-factorial-r1/graphs/base/yelpchi/r40_s2/graph.bin,/kaggle/working/gfd-robustness-v4-factorial-r1/graphs/variants/yelpchi/r40_s2/heterophily_rewire_nonoracle/0.15/seed_1/graph.bin,/kaggle/working/gfd-robustness-v4-factorial-r1/graphs/variants/yelpchi/r40_s2/heterophily_rewire_nonoracle/0.15/seed_1/graph.bin,ok,
gfd_robustness_benchmark_v4_factorial,yelpchi,r40_s2,1,1,heterophily_rewire_nonoracle,0.15,sage,train_clean_eval_all,0.6100386580454163,0.2048003992561026,0.5484122946265505,0.2710321545600891,0.2529854740005248,23,13,0.6158413377294931,roc_auc,early_stopping,45954,8051348,175.2045135498047,174.0,175.2045135498047,175.0,0.2294254302978515,0.1452974677085876,/kaggle/working/gfd-robustness-v4-factorial-r1/graphs/base/yelpchi/r40_s2/graph.bin,/kaggle/working/gfd-robustness-v4-factorial-r1/graphs/variants/yelpchi/r40_s2/heterophily_rewire_nonoracle/0.15/seed_1/graph.bin,/kaggle/working/gfd-robustness-v4-factorial-r1/graphs/base/yelpchi/r40_s2/graph.bin,ok,
gfd_robustness_benchmark_v4_factorial,yelpchi,r40_s2,1,1,heterophily_rewire_nonoracle,0.15,sage,train_on_variant,0.6166964140075246,0.2114847988081981,0.5559219679696342,0.2828042507171631,0.9018464899982064,23,13,0.6217071594942986,roc_auc,early_stopping,45954,8051348,175.2045135498047,174.0,175.2045135498047,175.0,0.2294254302978515,0.1452974677085876,/kaggle/working/gfd-robustness-v4-factorial-r1/graphs/base/yelpchi/r40_s2/graph.bin,/kaggle/working/gfd-robustness-v4-factorial-r1/graphs/variants/yelpchi/r40_s2/heterophily_rewire_nonoracle/0.15/seed_1/graph.bin,/kaggle/working/gfd-robustness-v4-factorial-r1/graphs/variants/yelpchi/r40_s2/heterophily_rewire_nonoracle/0.15/seed_1/graph.bin,ok,
gfd_robustness_benchmark_v4_factorial,yelpchi,r40_s2,1,1,heterophily_rewire_nonoracle,0.15,secgfd,train_clean_eval_all,0.7920650155264827,0.4301183370013988,0.6661023546474427,0.7049526572227478,0.2773317520004639,50,49,0.789748460509659,roc_auc,max_epochs,45954,8051348,175.2045135498047,174.0,175.2045135498047,175.0,0.2294254302978515,0.1452974677085876,/kaggle/working/gfd-robustness-v4-factorial-r1/graphs/base/yelpchi/r40_s2/graph.bin,/kaggle/working/gfd-robustness-v4-factorial-r1/graphs/variants/yelpchi/r40_s2/heterophily_rewire_nonoracle/0.15/seed_1/graph.bin,/kaggle/working/gfd-robustness-v4-factorial-r1/graphs/base/yelpchi/r40_s2/graph.bin,ok,
gfd_robustness_benchmark_v4_factorial,yelpchi,r40_s2,1,1,heterophily_rewire_nonoracle,0.15,secgfd,train_on_variant,0.7965850694232716,0.4396175778093166,0.6626686942402846,0.7209349870681763,4.96907150700099,50,50,0.7949303027485535,roc_auc,max_epochs,45954,8051348,175.2045135498047,174.0,175.2045135498047,175.0,0.2294254302978515,0.1452974677085876,/kaggle/working/gfd-robustness-v4-factorial-r1/graphs/base/yelpchi/r40_s2/graph.bin,/kaggle/working/gfd-robustness-v4-factorial-r1/graphs/variants/yelpchi/r40_s2/heterophily_rewire_nonoracle/0.15/seed_1/graph.bin,/kaggle/working/gfd-robustness-v4-factorial-r1/graphs/variants/yelpchi/r40_s2/heterophily_rewire_nonoracle/0.15/seed_1/graph.bin,ok,
gfd_robustness_benchmark_v4_factorial,yelpchi,r40_s2,1,2,heterophily_rewire_nonoracle,0.15,mlp,train_clean_eval_all,0.791833978586869,0.422563545347575,0.659744675709785,0.6869957447052002,0.2017436530004488,100,100,0.7910127617371984,roc_auc,max_epochs,45954,8051348,175.2045135498047,174.0,175.2045135498047,175.0,0.2294254302978515,0.1452974677085876,/kaggle/working/gfd-robustness-v4-factorial-r1/graphs/base/yelpchi/r40_s2/graph.bin,/kaggle/working/gfd-robustness-v4-factorial-r1/graphs/variants/yelpchi/r40_s2/heterophily_rewire_nonoracle/0.15/seed_1/graph.bin,/kaggle/working/gfd-robustness-v4-factorial-r1/graphs/base/yelpchi/r40_s2/graph.bin,ok,
gfd_robustness_benchmark_v4_factorial,yelpchi,r40_s2,1,2,heterophily_rewire_nonoracle,0.15,mlp,train_on_variant,0.791833978586869,0.422563545347575,0.659744675709785,0.6869957447052002,1.7083058530006383,100,100,0.7910127617371984,roc_auc,max_epochs,45954,8051348,175.2045135498047,174.0,175.2045135498047,175.0,0.2294254302978515,0.1452974677085876,/kaggle/working/gfd-robustness-v4-factorial-r1/graphs/base/yelpchi/r40_s2/graph.bin,/kaggle/working/gfd-robustness-v4-factorial-r1/graphs/variants/yelpchi/r40_s2/heterophily_rewire_nonoracle/0.15/seed_1/graph.bin,/kaggle/working/gfd-robustness-v4-factorial-r1/graphs/variants/yelpchi/r40_s2/heterophily_rewire_nonoracle/0.15/seed_1/graph.bin,ok,
gfd_robustness_benchmark_v4_factorial,yelpchi,r40_s2,1,2,heterophily_rewire_nonoracle,0.15,pmp,train_clean_eval_all,0.8220435799099357,0.5021472487538068,0.6983774983288724,0.3158973157405853,0.4371762099999614,67,57,0.8516228361905988,roc_auc,early_stopping,45954,8051348,175.2045135498047,174.0,175.2045135498047,175.0,0.2294254302978515,0.1452974677085876,/kaggle/working/gfd-robustness-v4-factorial-r1/graphs/base/yelpchi/r40_s2/graph.bin,/kaggle/working/gfd-robustness-v4-factorial-r1/graphs/variants/yelpchi/r40_s2/heterophily_rewire_nonoracle/0.15/seed_1/graph.bin,/kaggle/working/gfd-robustness-v4-factorial-r1/graphs/base/yelpchi/r40_s2/graph.bin,ok,
gfd_robustness_benchmark_v4_factorial,yelpchi,r40_s2,1,2,heterophily_rewire_nonoracle,0.15,pmp,train_on_variant,0.8373223758376831,0.5165592380647995,0.7013346773190927,0.3190770447254181,42.49610250600017,100,100,0.8423558076274803,roc_auc,max_epochs,45954,8051348,175.2045135498047,174.0,175.2045135498047,175.0,0.2294254302978515,0.1452974677085876,/kaggle/working/gfd-robustness-v4-factorial-r1/graphs/base/yelpchi/r40_s2/graph.bin,/kaggle/working/gfd-robustness-v4-factorial-r1/graphs/variants/yelpchi/r40_s2/heterophily_rewire_nonoracle/0.15/seed_1/graph.bin,/kaggle/working/gfd-robustness-v4-factorial-r1/graphs/variants/yelpchi/r40_s2/heterophily_rewire_nonoracle/0.15/seed_1/graph.bin,ok,
gfd_robustness_benchmark_v4_factorial,yelpchi,r40_s2,1,2,heterophily_rewire_nonoracle,0.15,sage,train_clean_eval_all,0.7872726574600291,0.4254721248829577,0.6594290638533038,0.6848011612892151,0.193511629000568,100,99,0.791447800370479,roc_auc,max_epochs,45954,8051348,175.2045135498047,174.0,175.2045135498047,175.0,0.2294254302978515,0.1452974677085876,/kaggle/working/gfd-robustness-v4-factorial-r1/graphs/base/yelpchi/r40_s2/graph.bin,/kaggle/working/gfd-robustness-v4-factorial-r1/graphs/variants/yelpchi/r40_s2/heterophily_rewire_nonoracle/0.15/seed_1/graph.bin,/kaggle/working/gfd-robustness-v4-factorial-r1/graphs/base/yelpchi/r40_s2/graph.bin,ok,
gfd_robustness_benchmark_v4_factorial,yelpchi,r40_s2,1,2,heterophily_rewire_nonoracle,0.15,sage,train_on_variant,0.7792138284213141,0.4133291898851656,0.654356364359611,0.6711668968200684,3.322667492999244,100,98,0.7808682177195756,roc_auc,max_epochs,45954,8051348,175.2045135498047,174.0,175.2045135498047,175.0,0.2294254302978515,0.1452974677085876,/kaggle/working/gfd-robustness-v4-factorial-r1/graphs/base/yelpchi/r40_s2/graph.bin,/kaggle/working/gfd-robustness-v4-factorial-r1/graphs/variants/yelpchi/r40_s2/heterophily_rewire_nonoracle/0.15/seed_1/graph.bin,/kaggle/working/gfd-robustness-v4-factorial-r1/graphs/variants/yelpchi/r40_s2/heterophily_rewire_nonoracle/0.15/seed_1/graph.bin,ok,
gfd_robustness_benchmark_v4_factorial,yelpchi,r40_s2,1,2,heterophily_rewire_nonoracle,0.15,secgfd,train_clean_eval_all,0.8077796005494103,0.4836070938217678,0.681115417451646,0.6936580538749695,0.2685162520010635,50,50,0.8116419561480677,roc_auc,max_epochs,45954,8051348,175.2045135498047,174.0,175.2045135498047,175.0,0.2294254302978515,0.1452974677085876,/kaggle/working/gfd-robustness-v4-factorial-r1/graphs/base/yelpchi/r40_s2/graph.bin,/kaggle/working/gfd-robustness-v4-factorial-r1/graphs/variants/yelpchi/r40_s2/heterophily_rewire_nonoracle/0.15/seed_1/graph.bin,/kaggle/working/gfd-robustness-v4-factorial-r1/graphs/base/yelpchi/r40_s2/graph.bin,ok,
gfd_robustness_benchmark_v4_factorial,yelpchi,r40_s2,1,2,heterophily_rewire_nonoracle,0.15,secgfd,train_on_variant,0.8077326642857361,0.4789758952037767,0.6860574778439872,0.7671045660972595,5.0457775699997,50,48,0.8128538562951626,roc_auc,max_epochs,45954,8051348,175.2045135498047,174.0,175.2045135498047,175.0,0.2294254302978515,0.1452974677085876,/kaggle/working/gfd-robustness-v4-factorial-r1/graphs/base/yelpchi/r40_s2/graph.bin,/kaggle/working/gfd-robustness-v4-factorial-r1/graphs/variants/yelpchi/r40_s2/heterophily_rewire_nonoracle/0.15/seed_1/graph.bin,/kaggle/working/gfd-robustness-v4-factorial-r1/graphs/variants/yelpchi/r40_s2/heterophily_rewire_nonoracle/0.15/seed_1/graph.bin,ok,
gfd_robustness_benchmark_v4_factorial,yelpchi,r40_s2,1,3,heterophily_rewire_nonoracle,0.15,mlp,train_clean_eval_all,0.7873703172829494,0.4124587532671446,0.6562929132355262,0.6923589110374451,0.1356833019999612,100,100,0.787128406487435,roc_auc,max_epochs,45954,8051348,175.2045135498047,174.0,175.2045135498047,175.0,0.2294254302978515,0.1452974677085876,/kaggle/working/gfd-robustness-v4-factorial-r1/graphs/base/yelpchi/r40_s2/graph.bin,/kaggle/working/gfd-robustness-v4-factorial-r1/graphs/variants/yelpchi/r40_s2/heterophily_rewire_nonoracle/0.15/seed_1/graph.bin,/kaggle/working/gfd-robustness-v4-factorial-r1/graphs/base/yelpchi/r40_s2/graph.bin,ok,
gfd_robustness_benchmark_v4_factorial,yelpchi,r40_s2,1,3,heterophily_rewire_nonoracle,0.15,mlp,train_on_variant,0.7873703172829494,0.4124587532671446,0.6562929132355262,0.6923589110374451,1.6849044430000504,100,100,0.787128406487435,roc_auc,max_epochs,45954,8051348,175.2045135498047,174.0,175.2045135498047,175.0,0.2294254302978515,0.1452974677085876,/kaggle/working/gfd-robustness-v4-factorial-r1/graphs/base/yelpchi/r40_s2/graph.bin,/kaggle/working/gfd-robustness-v4-factorial-r1/graphs/variants/yelpchi/r40_s2/heterophily_rewire_nonoracle/0.15/seed_1/graph.bin,/kaggle/working/gfd-robustness-v4-factorial-r1/graphs/variants/yelpchi/r40_s2/heterophily_rewire_nonoracle/0.15/seed_1/graph.bin,ok,
gfd_robustness_benchmark_v4_factorial,yelpchi,r40_s2,1,3,heterophily_rewire_nonoracle,0.15,pmp,train_clean_eval_all,0.8229000922861507,0.5037537087796357,0.6942825104817869,0.3407284319400787,0.437816670999382,81,71,0.8504771645246115,roc_auc,early_stopping,45954,8051348,175.2045135498047,174.0,175.2045135498047,175.0,0.2294254302978515,0.1452974677085876,/kaggle/working/gfd-robustness-v4-factorial-r1/graphs/base/yelpchi/r40_s2/graph.bin,/kaggle/working/gfd-robustness-v4-factorial-r1/graphs/variants/yelpchi/r40_s2/heterophily_rewire_nonoracle/0.15/seed_1/graph.bin,/kaggle/working/gfd-robustness-v4-factorial-r1/graphs/base/yelpchi/r40_s2/graph.bin,ok,
gfd_robustness_benchmark_v4_factorial,yelpchi,r40_s2,1,3,heterophily_rewire_nonoracle,0.15,pmp,train_on_variant,0.8302431939202044,0.512640859098537,0.7045369930214497,0.2565819025039673,39.943390626998735,93,83,0.8384440836605421,roc_auc,early_stopping,45954,8051348,175.2045135498047,174.0,175.2045135498047,175.0,0.2294254302978515,0.1452974677085876,/kaggle/working/gfd-robustness-v4-factorial-r1/graphs/base/yelpchi/r40_s2/graph.bin,/kaggle/working/gfd-robustness-v4-factorial-r1/graphs/variants/yelpchi/r40_s2/heterophily_rewire_nonoracle/0.15/seed_1/graph.bin,/kaggle/working/gfd-robustness-v4-factorial-r1/graphs/variants/yelpchi/r40_s2/heterophily_rewire_nonoracle/0.15/seed_1/graph.bin,ok,
gfd_robustness_benchmark_v4_factorial,yelpchi,r40_s2,1,3,heterophily_rewire_nonoracle,0.15,sage,train_clean_eval_all,0.7787265416341451,0.4132287779218825,0.6537347815025116,0.678734302520752,0.2271938769990811,100,100,0.781263013848857,roc_auc,max_epochs,45954,8051348,175.2045135498047,174.0,175.2045135498047,175.0,0.2294254302978515,0.1452974677085876,/kaggle/working/gfd-robustness-v4-factorial-r1/graphs/base/yelpchi/r40_s2/graph.bin,/kaggle/working/gfd-robustness-v4-factorial-r1/graphs/variants/yelpchi/r40_s2/heterophily_rewire_nonoracle/0.15/seed_1/graph.bin,/kaggle/working/gfd-robustness-v4-factorial-r1/graphs/base/yelpchi/r40_s2/graph.bin,ok,
gfd_robustness_benchmark_v4_factorial,yelpchi,r40_s2,1,3,heterophily_rewire_nonoracle,0.15,sage,train_on_variant,0.7806377920076344,0.4121194762379876,0.6535619772184402,0.6422395706176758,3.426794663999317,100,100,0.7814904507494213,roc_auc,max_epochs,45954,8051348,175.2045135498047,174.0,175.2045135498047,175.0,0.2294254302978515,0.1452974677085876,/kaggle/working/gfd-robustness-v4-factorial-r1/graphs/base/yelpchi/r40_s2/graph.bin,/kaggle/working/gfd-robustness-v4-factorial-r1/graphs/variants/yelpchi/r40_s2/heterophily_rewire_nonoracle/0.15/seed_1/graph.bin,/kaggle/working/gfd-robustness-v4-factorial-r1/graphs/variants/yelpchi/r40_s2/heterophily_rewire_nonoracle/0.15/seed_1/graph.bin,ok,
gfd_robustness_benchmark_v4_factorial,yelpchi,r40_s2,1,3,heterophily_rewire_nonoracle,0.15,secgfd,train_clean_eval_all,0.7977056920718136,0.4575062209691093,0.6761494515536524,0.7292185425758362,0.2182096889991953,50,49,0.8013855055464565,roc_auc,max_epochs,45954,8051348,175.2045135498047,174.0,175.2045135498047,175.0,0.2294254302978515,0.1452974677085876,/kaggle/working/gfd-robustness-v4-factorial-r1/graphs/base/yelpchi/r40_s2/graph.bin,/kaggle/working/gfd-robustness-v4-factorial-r1/graphs/variants/yelpchi/r40_s2/heterophily_rewire_nonoracle/0.15/seed_1/graph.bin,/kaggle/working/gfd-robustness-v4-factorial-r1/graphs/base/yelpchi/r40_s2/graph.bin,ok,
gfd_robustness_benchmark_v4_factorial,yelpchi,r40_s2,1,3,heterophily_rewire_nonoracle,0.15,secgfd,train_on_variant,0.797811152770833,0.4391307133943783,0.6721321615500885,0.7370890974998474,5.002183818998674,50,50,0.8009244332553754,roc_auc,max_epochs,45954,8051348,175.2045135498047,174.0,175.2045135498047,175.0,0.2294254302978515,0.1452974677085876,/kaggle/working/gfd-robustness-v4-factorial-r1/graphs/base/yelpchi/r40_s2/graph.bin,/kaggle/working/gfd-robustness-v4-factorial-r1/graphs/variants/yelpchi/r40_s2/heterophily_rewire_nonoracle/0.15/seed_1/graph.bin,/kaggle/working/gfd-robustness-v4-factorial-r1/graphs/variants/yelpchi/r40_s2/heterophily_rewire_nonoracle/0.15/seed_1/graph.bin,ok,
gfd_robustness_benchmark_v4_factorial,yelpchi,r40_s2,1,4,heterophily_rewire_nonoracle,0.15,mlp,train_clean_eval_all,0.7906828431985317,0.4231759041474303,0.6564547082775046,0.6527314186096191,0.1436179850006738,100,100,0.7886782196983243,roc_auc,max_epochs,45954,8051348,175.2045135498047,174.0,175.2045135498047,175.0,0.2294254302978515,0.1452974677085876,/kaggle/working/gfd-robustness-v4-factorial-r1/graphs/base/yelpchi/r40_s2/graph.bin,/kaggle/working/gfd-robustness-v4-factorial-r1/graphs/variants/yelpchi/r40_s2/heterophily_rewire_nonoracle/0.15/seed_1/graph.bin,/kaggle/working/gfd-robustness-v4-factorial-r1/graphs/base/yelpchi/r40_s2/graph.bin,ok,
gfd_robustness_benchmark_v4_factorial,yelpchi,r40_s2,1,4,heterophily_rewire_nonoracle,0.15,mlp,train_on_variant,0.7906828431985317,0.4231759041474303,0.6564547082775046,0.6527314186096191,1.874249159998726,100,100,0.7886782196983243,roc_auc,max_epochs,45954,8051348,175.2045135498047,174.0,175.2045135498047,175.0,0.2294254302978515,0.1452974677085876,/kaggle/working/gfd-robustness-v4-factorial-r1/graphs/base/yelpchi/r40_s2/graph.bin,/kaggle/working/gfd-robustness-v4-factorial-r1/graphs/variants/yelpchi/r40_s2/heterophily_rewire_nonoracle/0.15/seed_1/graph.bin,/kaggle/working/gfd-robustness-v4-factorial-r1/graphs/variants/yelpchi/r40_s2/heterophily_rewire_nonoracle/0.15/seed_1/graph.bin,ok,
gfd_robustness_benchmark_v4_factorial,yelpchi,r40_s2,1,4,heterophily_rewire_nonoracle,0.15,pmp,train_clean_eval_all,0.8274225638590437,0.5142528344657621,0.6994964464081209,0.3711147308349609,0.4362222669988114,88,78,0.8543143635700441,roc_auc,early_stopping,45954,8051348,175.2045135498047,174.0,175.2045135498047,175.0,0.2294254302978515,0.1452974677085876,/kaggle/working/gfd-robustness-v4-factorial-r1/graphs/base/yelpchi/r40_s2/graph.bin,/kaggle/working/gfd-robustness-v4-factorial-r1/graphs/variants/yelpchi/r40_s2/heterophily_rewire_nonoracle/0.15/seed_1/graph.bin,/kaggle/working/gfd-robustness-v4-factorial-r1/graphs/base/yelpchi/r40_s2/graph.bin,ok,
gfd_robustness_benchmark_v4_factorial,yelpchi,r40_s2,1,4,heterophily_rewire_nonoracle,0.15,pmp,train_on_variant,0.8284491353342196,0.5077079849369809,0.700377436335945,0.2986097335815429,27.59895879100077,64,54,0.8354019124725538,roc_auc,early_stopping,45954,8051348,175.2045135498047,174.0,175.2045135498047,175.0,0.2294254302978515,0.1452974677085876,/kaggle/working/gfd-robustness-v4-factorial-r1/graphs/base/yelpchi/r40_s2/graph.bin,/kaggle/working/gfd-robustness-v4-factorial-r1/graphs/variants/yelpchi/r40_s2/heterophily_rewire_nonoracle/0.15/seed_1/graph.bin,/kaggle/working/gfd-robustness-v4-factorial-r1/graphs/variants/yelpchi/r40_s2/heterophily_rewire_nonoracle/0.15/seed_1/graph.bin,ok,
gfd_robustness_benchmark_v4_factorial,yelpchi,r40_s2,1,4,heterophily_rewire_nonoracle,0.15,sage,train_clean_eval_all,0.7854064377926936,0.419268174927607,0.6574927837928989,0.663702666759491,0.2248233210011676,100,100,0.7873061124263036,roc_auc,max_epochs,45954,8051348,175.2045135498047,174.0,175.2045135498047,175.0,0.2294254302978515,0.1452974677085876,/kaggle/working/gfd-robustness-v4-factorial-r1/graphs/base/yelpchi/r40_s2/graph.bin,/kaggle/working/gfd-robustness-v4-factorial-r1/graphs/variants/yelpchi/r40_s2/heterophily_rewire_nonoracle/0.15/seed_1/graph.bin,/kaggle/working/gfd-robustness-v4-factorial-r1/graphs/base/yelpchi/r40_s2/graph.bin,ok,
gfd_robustness_benchmark_v4_factorial,yelpchi,r40_s2,1,4,heterophily_rewire_nonoracle,0.15,sage,train_on_variant,0.7785248502803456,0.4054742763312155,0.6506116673622099,0.6640645861625671,3.4075881099997787,100,94,0.7791667322276181,roc_auc,max_epochs,45954,8051348,175.2045135498047,174.0,175.2045135498047,175.0,0.2294254302978515,0.1452974677085876,/kaggle/working/gfd-robustness-v4-factorial-r1/graphs/base/yelpchi/r40_s2/graph.bin,/kaggle/working/gfd-robustness-v4-factorial-r1/graphs/variants/yelpchi/r40_s2/heterophily_rewire_nonoracle/0.15/seed_1/graph.bin,/kaggle/working/gfd-robustness-v4-factorial-r1/graphs/variants/yelpchi/r40_s2/heterophily_rewire_nonoracle/0.15/seed_1/graph.bin,ok,
gfd_robustness_benchmark_v4_factorial,yelpchi,r40_s2,1,4,heterophily_rewire_nonoracle,0.15,secgfd,train_clean_eval_all,0.787843467215264,0.4136219012473391,0.6603288970571906,0.6979449987411499,0.2697785309992468,50,50,0.7831441601880527,roc_auc,max_epochs,45954,8051348,175.2045135498047,174.0,175.2045135498047,175.0,0.2294254302978515,0.1452974677085876,/kaggle/working/gfd-robustness-v4-factorial-r1/graphs/base/yelpchi/r40_s2/graph.bin,/kaggle/working/gfd-robustness-v4-factorial-r1/graphs/variants/yelpchi/r40_s2/heterophily_rewire_nonoracle/0.15/seed_1/graph.bin,/kaggle/working/gfd-robustness-v4-factorial-r1/graphs/base/yelpchi/r40_s2/graph.bin,ok,
gfd_robustness_benchmark_v4_factorial,yelpchi,r40_s2,1,4,heterophily_rewire_nonoracle,0.15,secgfd,train_on_variant,0.7839048346471518,0.4167844433790146,0.6563283315579151,0.6434099674224854,5.098288733999652,50,50,0.7780370335934315,roc_auc,max_epochs,45954,8051348,175.2045135498047,174.0,175.2045135498047,175.0,0.2294254302978515,0.1452974677085876,/kaggle/working/gfd-robustness-v4-factorial-r1/graphs/base/yelpchi/r40_s2/graph.bin,/kaggle/working/gfd-robustness-v4-factorial-r1/graphs/variants/yelpchi/r40_s2/heterophily_rewire_nonoracle/0.15/seed_1/graph.bin,/kaggle/working/gfd-robustness-v4-factorial-r1/graphs/variants/yelpchi/r40_s2/heterophily_rewire_nonoracle/0.15/seed_1/graph.bin,ok,
gfd_robustness_benchmark_v4_factorial,yelpchi,r40_s2,0,0,heterophily_rewire_nonoracle,0.3,mlp,train_clean_eval_all,0.7404642686051014,0.3246557322868326,0.6234842465885414,0.5026629567146301,0.1949057780002476,17,7,0.738136447836131,roc_auc,early_stopping,45954,8051348,175.2045135498047,171.0,175.2045135498047,175.0,0.2322233468294143,0.1452974677085876,/kaggle/working/gfd-robustness-v4-factorial-r1/graphs/base/yelpchi/r40_s2/graph.bin,/kaggle/working/gfd-robustness-v4-factorial-r1/graphs/variants/yelpchi/r40_s2/heterophily_rewire_nonoracle/0.30/seed_0/graph.bin,/kaggle/working/gfd-robustness-v4-factorial-r1/graphs/base/yelpchi/r40_s2/graph.bin,ok,
gfd_robustness_benchmark_v4_factorial,yelpchi,r40_s2,0,0,heterophily_rewire_nonoracle,0.3,mlp,train_on_variant,0.7404642686051014,0.3246557322868326,0.6234842465885414,0.5026629567146301,0.5171234260014899,17,7,0.738136447836131,roc_auc,early_stopping,45954,8051348,175.2045135498047,171.0,175.2045135498047,175.0,0.2322233468294143,0.1452974677085876,/kaggle/working/gfd-robustness-v4-factorial-r1/graphs/base/yelpchi/r40_s2/graph.bin,/kaggle/working/gfd-robustness-v4-factorial-r1/graphs/variants/yelpchi/r40_s2/heterophily_rewire_nonoracle/0.30/seed_0/graph.bin,/kaggle/working/gfd-robustness-v4-factorial-r1/graphs/variants/yelpchi/r40_s2/heterophily_rewire_nonoracle/0.30/seed_0/graph.bin,ok,
gfd_robustness_benchmark_v4_factorial,yelpchi,r40_s2,0,0,heterophily_rewire_nonoracle,0.3,pmp,train_clean_eval_all,0.8152491954736149,0.488235376274733,0.6817220011192795,0.3942893743515014,0.5352781919991685,71,61,0.8519974633871886,roc_auc,early_stopping,45954,8051348,175.2045135498047,171.0,175.2045135498047,175.0,0.2322233468294143,0.1452974677085876,/kaggle/working/gfd-robustness-v4-factorial-r1/graphs/base/yelpchi/r40_s2/graph.bin,/kaggle/working/gfd-robustness-v4-factorial-r1/graphs/variants/yelpchi/r40_s2/heterophily_rewire_nonoracle/0.30/seed_0/graph.bin,/kaggle/working/gfd-robustness-v4-factorial-r1/graphs/base/yelpchi/r40_s2/graph.bin,ok,
gfd_robustness_benchmark_v4_factorial,yelpchi,r40_s2,0,0,heterophily_rewire_nonoracle,0.3,pmp,train_on_variant,0.8299214167134163,0.5018678274802598,0.6942095888248341,0.334609180688858,40.13353372100028,93,83,0.8346953322986623,roc_auc,early_stopping,45954,8051348,175.2045135498047,171.0,175.2045135498047,175.0,0.2322233468294143,0.1452974677085876,/kaggle/working/gfd-robustness-v4-factorial-r1/graphs/base/yelpchi/r40_s2/graph.bin,/kaggle/working/gfd-robustness-v4-factorial-r1/graphs/variants/yelpchi/r40_s2/heterophily_rewire_nonoracle/0.30/seed_0/graph.bin,/kaggle/working/gfd-robustness-v4-factorial-r1/graphs/variants/yelpchi/r40_s2/heterophily_rewire_nonoracle/0.30/seed_0/graph.bin,ok,
gfd_robustness_benchmark_v4_factorial,yelpchi,r40_s2,0,0,heterophily_rewire_nonoracle,0.3,sage,train_clean_eval_all,0.7779404157888399,0.4110249353873557,0.651065003627471,0.648261308670044,0.2169129410012829,100,100,0.7811570196706694,roc_auc,max_epochs,45954,8051348,175.2045135498047,171.0,175.2045135498047,175.0,0.2322233468294143,0.1452974677085876,/kaggle/working/gfd-robustness-v4-factorial-r1/graphs/base/yelpchi/r40_s2/graph.bin,/kaggle/working/gfd-robustness-v4-factorial-r1/graphs/variants/yelpchi/r40_s2/heterophily_rewire_nonoracle/0.30/seed_0/graph.bin,/kaggle/working/gfd-robustness-v4-factorial-r1/graphs/base/yelpchi/r40_s2/graph.bin,ok,
gfd_robustness_benchmark_v4_factorial,yelpchi,r40_s2,0,0,heterophily_rewire_nonoracle,0.3,sage,train_on_variant,0.7755911968387563,0.4082263782066856,0.6528934706984888,0.6837081909179688,3.525094845001149,100,99,0.7776275518110319,roc_auc,max_epochs,45954,8051348,175.2045135498047,171.0,175.2045135498047,175.0,0.2322233468294143,0.1452974677085876,/kaggle/working/gfd-robustness-v4-factorial-r1/graphs/base/yelpchi/r40_s2/graph.bin,/kaggle/working/gfd-robustness-v4-factorial-r1/graphs/variants/yelpchi/r40_s2/heterophily_rewire_nonoracle/0.30/seed_0/graph.bin,/kaggle/working/gfd-robustness-v4-factorial-r1/graphs/variants/yelpchi/r40_s2/heterophily_rewire_nonoracle/0.30/seed_0/graph.bin,ok,
gfd_robustness_benchmark_v4_factorial,yelpchi,r40_s2,0,0,heterophily_rewire_nonoracle,0.3,secgfd,train_clean_eval_all,0.8128153221306877,0.470119812694153,0.687397618033613,0.7547904253005981,0.2301311730007,50,50,0.8112726691889752,roc_auc,max_epochs,45954,8051348,175.2045135498047,171.0,175.2045135498047,175.0,0.2322233468294143,0.1452974677085876,/kaggle/working/gfd-robustness-v4-factorial-r1/graphs/base/yelpchi/r40_s2/graph.bin,/kaggle/working/gfd-robustness-v4-factorial-r1/graphs/variants/yelpchi/r40_s2/heterophily_rewire_nonoracle/0.30/seed_0/graph.bin,/kaggle/working/gfd-robustness-v4-factorial-r1/graphs/base/yelpchi/r40_s2/graph.bin,ok,
gfd_robustness_benchmark_v4_factorial,yelpchi,r40_s2,0,0,heterophily_rewire_nonoracle,0.3,secgfd,train_on_variant,0.8241348340106955,0.4971465547354753,0.6983377318969014,0.7577786445617676,5.219868263000535,50,50,0.8229804723726151,roc_auc,max_epochs,45954,8051348,175.2045135498047,171.0,175.2045135498047,175.0,0.2322233468294143,0.1452974677085876,/kaggle/working/gfd-robustness-v4-factorial-r1/graphs/base/yelpchi/r40_s2/graph.bin,/kaggle/working/gfd-robustness-v4-factorial-r1/graphs/variants/yelpchi/r40_s2/heterophily_rewire_nonoracle/0.30/seed_0/graph.bin,/kaggle/working/gfd-robustness-v4-factorial-r1/graphs/variants/yelpchi/r40_s2/heterophily_rewire_nonoracle/0.30/seed_0/graph.bin,ok,
gfd_robustness_benchmark_v4_factorial,yelpchi,r40_s2,0,1,heterophily_rewire_nonoracle,0.3,mlp,train_clean_eval_all,0.789016635612431,0.4167857282436971,0.6554860094295863,0.6965858936309814,0.1781605520009179,100,100,0.7856864946824108,roc_auc,max_epochs,45954,8051348,175.2045135498047,171.0,175.2045135498047,175.0,0.2322233468294143,0.1452974677085876,/kaggle/working/gfd-robustness-v4-factorial-r1/graphs/base/yelpchi/r40_s2/graph.bin,/kaggle/working/gfd-robustness-v4-factorial-r1/graphs/variants/yelpchi/r40_s2/heterophily_rewire_nonoracle/0.30/seed_0/graph.bin,/kaggle/working/gfd-robustness-v4-factorial-r1/graphs/base/yelpchi/r40_s2/graph.bin,ok,
gfd_robustness_benchmark_v4_factorial,yelpchi,r40_s2,0,1,heterophily_rewire_nonoracle,0.3,mlp,train_on_variant,0.789016635612431,0.4167857282436971,0.6554860094295863,0.6965858936309814,2.1321537679996254,100,100,0.7856864946824108,roc_auc,max_epochs,45954,8051348,175.2045135498047,171.0,175.2045135498047,175.0,0.2322233468294143,0.1452974677085876,/kaggle/working/gfd-robustness-v4-factorial-r1/graphs/base/yelpchi/r40_s2/graph.bin,/kaggle/working/gfd-robustness-v4-factorial-r1/graphs/variants/yelpchi/r40_s2/heterophily_rewire_nonoracle/0.30/seed_0/graph.bin,/kaggle/working/gfd-robustness-v4-factorial-r1/graphs/variants/yelpchi/r40_s2/heterophily_rewire_nonoracle/0.30/seed_0/graph.bin,ok,
gfd_robustness_benchmark_v4_factorial,yelpchi,r40_s2,0,1,heterophily_rewire_nonoracle,0.3,pmp,train_clean_eval_all,0.8082427701242119,0.4793870337322506,0.6802504361902109,0.3003063797950744,0.5735900310010038,82,72,0.8499563006458349,roc_auc,early_stopping,45954,8051348,175.2045135498047,171.0,175.2045135498047,175.0,0.2322233468294143,0.1452974677085876,/kaggle/working/gfd-robustness-v4-factorial-r1/graphs/base/yelpchi/r40_s2/graph.bin,/kaggle/working/gfd-robustness-v4-factorial-r1/graphs/variants/yelpchi/r40_s2/heterophily_rewire_nonoracle/0.30/seed_0/graph.bin,/kaggle/working/gfd-robustness-v4-factorial-r1/graphs/base/yelpchi/r40_s2/graph.bin,ok,
gfd_robustness_benchmark_v4_factorial,yelpchi,r40_s2,0,1,heterophily_rewire_nonoracle,0.3,pmp,train_on_variant,0.8281303712902606,0.5212755029086302,0.7005324442678468,0.3303551375865936,27.71047138999893,64,54,0.8363951489664018,roc_auc,early_stopping,45954,8051348,175.2045135498047,171.0,175.2045135498047,175.0,0.2322233468294143,0.1452974677085876,/kaggle/working/gfd-robustness-v4-factorial-r1/graphs/base/yelpchi/r40_s2/graph.bin,/kaggle/working/gfd-robustness-v4-factorial-r1/graphs/variants/yelpchi/r40_s2/heterophily_rewire_nonoracle/0.30/seed_0/graph.bin,/kaggle/working/gfd-robustness-v4-factorial-r1/graphs/variants/yelpchi/r40_s2/heterophily_rewire_nonoracle/0.30/seed_0/graph.bin,ok,
gfd_robustness_benchmark_v4_factorial,yelpchi,r40_s2,0,1,heterophily_rewire_nonoracle,0.3,sage,train_clean_eval_all,0.6078465761323585,0.2049306252048781,0.5501160006309058,0.2710321545600891,0.2257530570004746,23,13,0.6158413377294931,roc_auc,early_stopping,45954,8051348,175.2045135498047,171.0,175.2045135498047,175.0,0.2322233468294143,0.1452974677085876,/kaggle/working/gfd-robustness-v4-factorial-r1/graphs/base/yelpchi/r40_s2/graph.bin,/kaggle/working/gfd-robustness-v4-factorial-r1/graphs/variants/yelpchi/r40_s2/heterophily_rewire_nonoracle/0.30/seed_0/graph.bin,/kaggle/working/gfd-robustness-v4-factorial-r1/graphs/base/yelpchi/r40_s2/graph.bin,ok,
gfd_robustness_benchmark_v4_factorial,yelpchi,r40_s2,0,1,heterophily_rewire_nonoracle,0.3,sage,train_on_variant,0.6082232453054685,0.2071302383587601,0.5503087244326832,0.281419962644577,0.9883271990001958,23,13,0.6200778148892496,roc_auc,early_stopping,45954,8051348,175.2045135498047,171.0,175.2045135498047,175.0,0.2322233468294143,0.1452974677085876,/kaggle/working/gfd-robustness-v4-factorial-r1/graphs/base/yelpchi/r40_s2/graph.bin,/kaggle/working/gfd-robustness-v4-factorial-r1/graphs/variants/yelpchi/r40_s2/heterophily_rewire_nonoracle/0.30/seed_0/graph.bin,/kaggle/working/gfd-robustness-v4-factorial-r1/graphs/variants/yelpchi/r40_s2/heterophily_rewire_nonoracle/0.30/seed_0/graph.bin,ok,
gfd_robustness_benchmark_v4_factorial,yelpchi,r40_s2,0,1,heterophily_rewire_nonoracle,0.3,secgfd,train_clean_eval_all,0.7877245842454602,0.4266767719404555,0.6619893176099934,0.7049526572227478,0.2755022210003517,50,49,0.789748460509659,roc_auc,max_epochs,45954,8051348,175.2045135498047,171.0,175.2045135498047,175.0,0.2322233468294143,0.1452974677085876,/kaggle/working/gfd-robustness-v4-factorial-r1/graphs/base/yelpchi/r40_s2/graph.bin,/kaggle/working/gfd-robustness-v4-factorial-r1/graphs/variants/yelpchi/r40_s2/heterophily_rewire_nonoracle/0.30/seed_0/graph.bin,/kaggle/working/gfd-robustness-v4-factorial-r1/graphs/base/yelpchi/r40_s2/graph.bin,ok,
gfd_robustness_benchmark_v4_factorial,yelpchi,r40_s2,0,1,heterophily_rewire_nonoracle,0.3,secgfd,train_on_variant,0.7952583488191641,0.4382609804541467,0.665815258146886,0.6649811267852783,4.978290912999,50,50,0.7922796377221026,roc_auc,max_epochs,45954,8051348,175.2045135498047,171.0,175.2045135498047,175.0,0.2322233468294143,0.1452974677085876,/kaggle/working/gfd-robustness-v4-factorial-r1/graphs/base/yelpchi/r40_s2/graph.bin,/kaggle/working/gfd-robustness-v4-factorial-r1/graphs/variants/yelpchi/r40_s2/heterophily_rewire_nonoracle/0.30/seed_0/graph.bin,/kaggle/working/gfd-robustness-v4-factorial-r1/graphs/variants/yelpchi/r40_s2/heterophily_rewire_nonoracle/0.30/seed_0/graph.bin,ok,
gfd_robustness_benchmark_v4_factorial,yelpchi,r40_s2,0,2,heterophily_rewire_nonoracle,0.3,mlp,train_clean_eval_all,0.791833978586869,0.422563545347575,0.659744675709785,0.6869957447052002,0.182333925000421,100,100,0.7910127617371984,roc_auc,max_epochs,45954,8051348,175.2045135498047,171.0,175.2045135498047,175.0,0.2322233468294143,0.1452974677085876,/kaggle/working/gfd-robustness-v4-factorial-r1/graphs/base/yelpchi/r40_s2/graph.bin,/kaggle/working/gfd-robustness-v4-factorial-r1/graphs/variants/yelpchi/r40_s2/heterophily_rewire_nonoracle/0.30/seed_0/graph.bin,/kaggle/working/gfd-robustness-v4-factorial-r1/graphs/base/yelpchi/r40_s2/graph.bin,ok,
gfd_robustness_benchmark_v4_factorial,yelpchi,r40_s2,0,2,heterophily_rewire_nonoracle,0.3,mlp,train_on_variant,0.791833978586869,0.422563545347575,0.659744675709785,0.6869957447052002,2.0561104860007617,100,100,0.7910127617371984,roc_auc,max_epochs,45954,8051348,175.2045135498047,171.0,175.2045135498047,175.0,0.2322233468294143,0.1452974677085876,/kaggle/working/gfd-robustness-v4-factorial-r1/graphs/base/yelpchi/r40_s2/graph.bin,/kaggle/working/gfd-robustness-v4-factorial-r1/graphs/variants/yelpchi/r40_s2/heterophily_rewire_nonoracle/0.30/seed_0/graph.bin,/kaggle/working/gfd-robustness-v4-factorial-r1/graphs/variants/yelpchi/r40_s2/heterophily_rewire_nonoracle/0.30/seed_0/graph.bin,ok,
gfd_robustness_benchmark_v4_factorial,yelpchi,r40_s2,0,2,heterophily_rewire_nonoracle,0.3,pmp,train_clean_eval_all,0.809505273439882,0.4826430335686236,0.6864465625794939,0.3158973157405853,0.4616436069991323,67,57,0.8516228361905988,roc_auc,early_stopping,45954,8051348,175.2045135498047,171.0,175.2045135498047,175.0,0.2322233468294143,0.1452974677085876,/kaggle/working/gfd-robustness-v4-factorial-r1/graphs/base/yelpchi/r40_s2/graph.bin,/kaggle/working/gfd-robustness-v4-factorial-r1/graphs/variants/yelpchi/r40_s2/heterophily_rewire_nonoracle/0.30/seed_0/graph.bin,/kaggle/working/gfd-robustness-v4-factorial-r1/graphs/base/yelpchi/r40_s2/graph.bin,ok,
gfd_robustness_benchmark_v4_factorial,yelpchi,r40_s2,0,2,heterophily_rewire_nonoracle,0.3,pmp,train_on_variant,0.8317047446286144,0.505981516967443,0.6948536288198103,0.2848659455776214,38.33680640199964,89,79,0.8337870627978553,roc_auc,early_stopping,45954,8051348,175.2045135498047,171.0,175.2045135498047,175.0,0.2322233468294143,0.1452974677085876,/kaggle/working/gfd-robustness-v4-factorial-r1/graphs/base/yelpchi/r40_s2/graph.bin,/kaggle/working/gfd-robustness-v4-factorial-r1/graphs/variants/yelpchi/r40_s2/heterophily_rewire_nonoracle/0.30/seed_0/graph.bin,/kaggle/working/gfd-robustness-v4-factorial-r1/graphs/variants/yelpchi/r40_s2/heterophily_rewire_nonoracle/0.30/seed_0/graph.bin,ok,
gfd_robustness_benchmark_v4_factorial,yelpchi,r40_s2,0,2,heterophily_rewire_nonoracle,0.3,sage,train_clean_eval_all,0.7835592617908277,0.4194079508777865,0.6562338675505284,0.6848011612892151,0.182302630999402,100,99,0.791447800370479,roc_auc,max_epochs,45954,8051348,175.2045135498047,171.0,175.2045135498047,175.0,0.2322233468294143,0.1452974677085876,/kaggle/working/gfd-robustness-v4-factorial-r1/graphs/base/yelpchi/r40_s2/graph.bin,/kaggle/working/gfd-robustness-v4-factorial-r1/graphs/variants/yelpchi/r40_s2/heterophily_rewire_nonoracle/0.30/seed_0/graph.bin,/kaggle/working/gfd-robustness-v4-factorial-r1/graphs/base/yelpchi/r40_s2/graph.bin,ok,
gfd_robustness_benchmark_v4_factorial,yelpchi,r40_s2,0,2,heterophily_rewire_nonoracle,0.3,sage,train_on_variant,0.7807163128872093,0.4168784687523376,0.6549323951336081,0.6826296448707581,3.505202450998695,100,100,0.7846125347771047,roc_auc,max_epochs,45954,8051348,175.2045135498047,171.0,175.2045135498047,175.0,0.2322233468294143,0.1452974677085876,/kaggle/working/gfd-robustness-v4-factorial-r1/graphs/base/yelpchi/r40_s2/graph.bin,/kaggle/working/gfd-robustness-v4-factorial-r1/graphs/variants/yelpchi/r40_s2/heterophily_rewire_nonoracle/0.30/seed_0/graph.bin,/kaggle/working/gfd-robustness-v4-factorial-r1/graphs/variants/yelpchi/r40_s2/heterophily_rewire_nonoracle/0.30/seed_0/graph.bin,ok,
gfd_robustness_benchmark_v4_factorial,yelpchi,r40_s2,0,2,heterophily_rewire_nonoracle,0.3,secgfd,train_clean_eval_all,0.8063941530444712,0.4826324407586601,0.6829350407513359,0.6936580538749695,0.2694646049985749,50,50,0.8116419561480677,roc_auc,max_epochs,45954,8051348,175.2045135498047,171.0,175.2045135498047,175.0,0.2322233468294143,0.1452974677085876,/kaggle/working/gfd-robustness-v4-factorial-r1/graphs/base/yelpchi/r40_s2/graph.bin,/kaggle/working/gfd-robustness-v4-factorial-r1/graphs/variants/yelpchi/r40_s2/heterophily_rewire_nonoracle/0.30/seed_0/graph.bin,/kaggle/working/gfd-robustness-v4-factorial-r1/graphs/base/yelpchi/r40_s2/graph.bin,ok,
gfd_robustness_benchmark_v4_factorial,yelpchi,r40_s2,0,2,heterophily_rewire_nonoracle,0.3,secgfd,train_on_variant,0.8051809441199068,0.4696980090766893,0.6799346671358,0.7410122156143188,4.946968865999224,50,50,0.8090623353526106,roc_auc,max_epochs,45954,8051348,175.2045135498047,171.0,175.2045135498047,175.0,0.2322233468294143,0.1452974677085876,/kaggle/working/gfd-robustness-v4-factorial-r1/graphs/base/yelpchi/r40_s2/graph.bin,/kaggle/working/gfd-robustness-v4-factorial-r1/graphs/variants/yelpchi/r40_s2/heterophily_rewire_nonoracle/0.30/seed_0/graph.bin,/kaggle/working/gfd-robustness-v4-factorial-r1/graphs/variants/yelpchi/r40_s2/heterophily_rewire_nonoracle/0.30/seed_0/graph.bin,ok,
gfd_robustness_benchmark_v4_factorial,yelpchi,r40_s2,0,3,heterophily_rewire_nonoracle,0.3,mlp,train_clean_eval_all,0.7873703172829494,0.4124587532671446,0.6562929132355262,0.6923589110374451,0.1339521350000723,100,100,0.787128406487435,roc_auc,max_epochs,45954,8051348,175.2045135498047,171.0,175.2045135498047,175.0,0.2322233468294143,0.1452974677085876,/kaggle/working/gfd-robustness-v4-factorial-r1/graphs/base/yelpchi/r40_s2/graph.bin,/kaggle/working/gfd-robustness-v4-factorial-r1/graphs/variants/yelpchi/r40_s2/heterophily_rewire_nonoracle/0.30/seed_0/graph.bin,/kaggle/working/gfd-robustness-v4-factorial-r1/graphs/base/yelpchi/r40_s2/graph.bin,ok,
gfd_robustness_benchmark_v4_factorial,yelpchi,r40_s2,0,3,heterophily_rewire_nonoracle,0.3,mlp,train_on_variant,0.7873703172829494,0.4124587532671446,0.6562929132355262,0.6923589110374451,1.929910065000513,100,100,0.787128406487435,roc_auc,max_epochs,45954,8051348,175.2045135498047,171.0,175.2045135498047,175.0,0.2322233468294143,0.1452974677085876,/kaggle/working/gfd-robustness-v4-factorial-r1/graphs/base/yelpchi/r40_s2/graph.bin,/kaggle/working/gfd-robustness-v4-factorial-r1/graphs/variants/yelpchi/r40_s2/heterophily_rewire_nonoracle/0.30/seed_0/graph.bin,/kaggle/working/gfd-robustness-v4-factorial-r1/graphs/variants/yelpchi/r40_s2/heterophily_rewire_nonoracle/0.30/seed_0/graph.bin,ok,
gfd_robustness_benchmark_v4_factorial,yelpchi,r40_s2,0,3,heterophily_rewire_nonoracle,0.3,pmp,train_clean_eval_all,0.8066039668372014,0.4721392488264241,0.6794767427899047,0.3407284319400787,0.4441899590001412,81,71,0.8504771645246115,roc_auc,early_stopping,45954,8051348,175.2045135498047,171.0,175.2045135498047,175.0,0.2322233468294143,0.1452974677085876,/kaggle/working/gfd-robustness-v4-factorial-r1/graphs/base/yelpchi/r40_s2/graph.bin,/kaggle/working/gfd-robustness-v4-factorial-r1/graphs/variants/yelpchi/r40_s2/heterophily_rewire_nonoracle/0.30/seed_0/graph.bin,/kaggle/working/gfd-robustness-v4-factorial-r1/graphs/base/yelpchi/r40_s2/graph.bin,ok,
gfd_robustness_benchmark_v4_factorial,yelpchi,r40_s2,0,3,heterophily_rewire_nonoracle,0.3,pmp,train_on_variant,0.8260835404991951,0.5081067702682809,0.6961945203427607,0.3788432478904724,43.2784382509999,100,96,0.8336939424064922,roc_auc,max_epochs,45954,8051348,175.2045135498047,171.0,175.2045135498047,175.0,0.2322233468294143,0.1452974677085876,/kaggle/working/gfd-robustness-v4-factorial-r1/graphs/base/yelpchi/r40_s2/graph.bin,/kaggle/working/gfd-robustness-v4-factorial-r1/graphs/variants/yelpchi/r40_s2/heterophily_rewire_nonoracle/0.30/seed_0/graph.bin,/kaggle/working/gfd-robustness-v4-factorial-r1/graphs/variants/yelpchi/r40_s2/heterophily_rewire_nonoracle/0.30/seed_0/graph.bin,ok,
gfd_robustness_benchmark_v4_factorial,yelpchi,r40_s2,0,3,heterophily_rewire_nonoracle,0.3,sage,train_clean_eval_all,0.776410110183147,0.4083635056876981,0.6528795767397975,0.678734302520752,0.223290702999293,100,100,0.781263013848857,roc_auc,max_epochs,45954,8051348,175.2045135498047,171.0,175.2045135498047,175.0,0.2322233468294143,0.1452974677085876,/kaggle/working/gfd-robustness-v4-factorial-r1/graphs/base/yelpchi/r40_s2/graph.bin,/kaggle/working/gfd-robustness-v4-factorial-r1/graphs/variants/yelpchi/r40_s2/heterophily_rewire_nonoracle/0.30/seed_0/graph.bin,/kaggle/working/gfd-robustness-v4-factorial-r1/graphs/base/yelpchi/r40_s2/graph.bin,ok,
gfd_robustness_benchmark_v4_factorial,yelpchi,r40_s2,0,3,heterophily_rewire_nonoracle,0.3,sage,train_on_variant,0.7775023519343696,0.411266542592001,0.6528704006058943,0.6747256517410278,3.333740473999569,100,99,0.7782759138600619,roc_auc,max_epochs,45954,8051348,175.2045135498047,171.0,175.2045135498047,175.0,0.2322233468294143,0.1452974677085876,/kaggle/working/gfd-robustness-v4-factorial-r1/graphs/base/yelpchi/r40_s2/graph.bin,/kaggle/working/gfd-robustness-v4-factorial-r1/graphs/variants/yelpchi/r40_s2/heterophily_rewire_nonoracle/0.30/seed_0/graph.bin,/kaggle/working/gfd-robustness-v4-factorial-r1/graphs/variants/yelpchi/r40_s2/heterophily_rewire_nonoracle/0.30/seed_0/graph.bin,ok,
gfd_robustness_benchmark_v4_factorial,yelpchi,r40_s2,0,3,heterophily_rewire_nonoracle,0.3,secgfd,train_clean_eval_all,0.7939028185672952,0.4543087235643906,0.6759747718567227,0.7292185425758362,0.2210903150007652,50,49,0.8013855055464565,roc_auc,max_epochs,45954,8051348,175.2045135498047,171.0,175.2045135498047,175.0,0.2322233468294143,0.1452974677085876,/kaggle/working/gfd-robustness-v4-factorial-r1/graphs/base/yelpchi/r40_s2/graph.bin,/kaggle/working/gfd-robustness-v4-factorial-r1/graphs/variants/yelpchi/r40_s2/heterophily_rewire_nonoracle/0.30/seed_0/graph.bin,/kaggle/working/gfd-robustness-v4-factorial-r1/graphs/base/yelpchi/r40_s2/graph.bin,ok,
gfd_robustness_benchmark_v4_factorial,yelpchi,r40_s2,0,3,heterophily_rewire_nonoracle,0.3,secgfd,train_on_variant,0.8010902123324634,0.4460158299594301,0.6802387044213629,0.6947155594825745,4.911468958000114,50,49,0.8016670123516833,roc_auc,max_epochs,45954,8051348,175.2045135498047,171.0,175.2045135498047,175.0,0.2322233468294143,0.1452974677085876,/kaggle/working/gfd-robustness-v4-factorial-r1/graphs/base/yelpchi/r40_s2/graph.bin,/kaggle/working/gfd-robustness-v4-factorial-r1/graphs/variants/yelpchi/r40_s2/heterophily_rewire_nonoracle/0.30/seed_0/graph.bin,/kaggle/working/gfd-robustness-v4-factorial-r1/graphs/variants/yelpchi/r40_s2/heterophily_rewire_nonoracle/0.30/seed_0/graph.bin,ok,
gfd_robustness_benchmark_v4_factorial,yelpchi,r40_s2,0,4,heterophily_rewire_nonoracle,0.3,mlp,train_clean_eval_all,0.7906828431985317,0.4231759041474303,0.6564547082775046,0.6527314186096191,0.1674315639993437,100,100,0.7886782196983243,roc_auc,max_epochs,45954,8051348,175.2045135498047,171.0,175.2045135498047,175.0,0.2322233468294143,0.1452974677085876,/kaggle/working/gfd-robustness-v4-factorial-r1/graphs/base/yelpchi/r40_s2/graph.bin,/kaggle/working/gfd-robustness-v4-factorial-r1/graphs/variants/yelpchi/r40_s2/heterophily_rewire_nonoracle/0.30/seed_0/graph.bin,/kaggle/working/gfd-robustness-v4-factorial-r1/graphs/base/yelpchi/r40_s2/graph.bin,ok,
gfd_robustness_benchmark_v4_factorial,yelpchi,r40_s2,0,4,heterophily_rewire_nonoracle,0.3,mlp,train_on_variant,0.7906828431985317,0.4231759041474303,0.6564547082775046,0.6527314186096191,2.046585037000113,100,100,0.7886782196983243,roc_auc,max_epochs,45954,8051348,175.2045135498047,171.0,175.2045135498047,175.0,0.2322233468294143,0.1452974677085876,/kaggle/working/gfd-robustness-v4-factorial-r1/graphs/base/yelpchi/r40_s2/graph.bin,/kaggle/working/gfd-robustness-v4-factorial-r1/graphs/variants/yelpchi/r40_s2/heterophily_rewire_nonoracle/0.30/seed_0/graph.bin,/kaggle/working/gfd-robustness-v4-factorial-r1/graphs/variants/yelpchi/r40_s2/heterophily_rewire_nonoracle/0.30/seed_0/graph.bin,ok,
gfd_robustness_benchmark_v4_factorial,yelpchi,r40_s2,0,4,heterophily_rewire_nonoracle,0.3,pmp,train_clean_eval_all,0.8142114764869447,0.4882936039496294,0.6834405312280283,0.3711147308349609,0.4619837999998708,88,78,0.8543143635700441,roc_auc,early_stopping,45954,8051348,175.2045135498047,171.0,175.2045135498047,175.0,0.2322233468294143,0.1452974677085876,/kaggle/working/gfd-robustness-v4-factorial-r1/graphs/base/yelpchi/r40_s2/graph.bin,/kaggle/working/gfd-robustness-v4-factorial-r1/graphs/variants/yelpchi/r40_s2/heterophily_rewire_nonoracle/0.30/seed_0/graph.bin,/kaggle/working/gfd-robustness-v4-factorial-r1/graphs/base/yelpchi/r40_s2/graph.bin,ok,
gfd_robustness_benchmark_v4_factorial,yelpchi,r40_s2,0,4,heterophily_rewire_nonoracle,0.3,pmp,train_on_variant,0.8291556803335792,0.506334996297371,0.701415504385674,0.3316774070262909,33.513295462000315,77,67,0.8340782487835463,roc_auc,early_stopping,45954,8051348,175.2045135498047,171.0,175.2045135498047,175.0,0.2322233468294143,0.1452974677085876,/kaggle/working/gfd-robustness-v4-factorial-r1/graphs/base/yelpchi/r40_s2/graph.bin,/kaggle/working/gfd-robustness-v4-factorial-r1/graphs/variants/yelpchi/r40_s2/heterophily_rewire_nonoracle/0.30/seed_0/graph.bin,/kaggle/working/gfd-robustness-v4-factorial-r1/graphs/variants/yelpchi/r40_s2/heterophily_rewire_nonoracle/0.30/seed_0/graph.bin,ok,
gfd_robustness_benchmark_v4_factorial,yelpchi,r40_s2,0,4,heterophily_rewire_nonoracle,0.3,sage,train_clean_eval_all,0.7826757857756991,0.413487415084096,0.6529363514990384,0.663702666759491,0.2278070600004866,100,100,0.7873061124263036,roc_auc,max_epochs,45954,8051348,175.2045135498047,171.0,175.2045135498047,175.0,0.2322233468294143,0.1452974677085876,/kaggle/working/gfd-robustness-v4-factorial-r1/graphs/base/yelpchi/r40_s2/graph.bin,/kaggle/working/gfd-robustness-v4-factorial-r1/graphs/variants/yelpchi/r40_s2/heterophily_rewire_nonoracle/0.30/seed_0/graph.bin,/kaggle/working/gfd-robustness-v4-factorial-r1/graphs/base/yelpchi/r40_s2/graph.bin,ok,
gfd_robustness_benchmark_v4_factorial,yelpchi,r40_s2,0,4,heterophily_rewire_nonoracle,0.3,sage,train_on_variant,0.7754346552884557,0.3922781167050216,0.6473387474228979,0.6614850163459778,3.2462988950010185,100,100,0.774003533139273,roc_auc,max_epochs,45954,8051348,175.2045135498047,171.0,175.2045135498047,175.0,0.2322233468294143,0.1452974677085876,/kaggle/working/gfd-robustness-v4-factorial-r1/graphs/base/yelpchi/r40_s2/graph.bin,/kaggle/working/gfd-robustness-v4-factorial-r1/graphs/variants/yelpchi/r40_s2/heterophily_rewire_nonoracle/0.30/seed_0/graph.bin,/kaggle/working/gfd-robustness-v4-factorial-r1/graphs/variants/yelpchi/r40_s2/heterophily_rewire_nonoracle/0.30/seed_0/graph.bin,ok,
gfd_robustness_benchmark_v4_factorial,yelpchi,r40_s2,0,4,heterophily_rewire_nonoracle,0.3,secgfd,train_clean_eval_all,0.7858459427250387,0.4122714715011911,0.6589583437013048,0.6979449987411499,0.2368319460001657,50,50,0.7831441601880527,roc_auc,max_epochs,45954,8051348,175.2045135498047,171.0,175.2045135498047,175.0,0.2322233468294143,0.1452974677085876,/kaggle/working/gfd-robustness-v4-factorial-r1/graphs/base/yelpchi/r40_s2/graph.bin,/kaggle/working/gfd-robustness-v4-factorial-r1/graphs/variants/yelpchi/r40_s2/heterophily_rewire_nonoracle/0.30/seed_0/graph.bin,/kaggle/working/gfd-robustness-v4-factorial-r1/graphs/base/yelpchi/r40_s2/graph.bin,ok,
gfd_robustness_benchmark_v4_factorial,yelpchi,r40_s2,0,4,heterophily_rewire_nonoracle,0.3,secgfd,train_on_variant,0.7966680445435503,0.4388737334577881,0.6597143941649777,0.6556751132011414,4.941196578000017,50,50,0.7950846928290624,roc_auc,max_epochs,45954,8051348,175.2045135498047,171.0,175.2045135498047,175.0,0.2322233468294143,0.1452974677085876,/kaggle/working/gfd-robustness-v4-factorial-r1/graphs/base/yelpchi/r40_s2/graph.bin,/kaggle/working/gfd-robustness-v4-factorial-r1/graphs/variants/yelpchi/r40_s2/heterophily_rewire_nonoracle/0.30/seed_0/graph.bin,/kaggle/working/gfd-robustness-v4-factorial-r1/graphs/variants/yelpchi/r40_s2/heterophily_rewire_nonoracle/0.30/seed_0/graph.bin,ok,
gfd_robustness_benchmark_v4_factorial,yelpchi,r40_s2,1,0,heterophily_rewire_nonoracle,0.3,mlp,train_clean_eval_all,0.7404642686051014,0.3246557322868326,0.6234842465885414,0.5026629567146301,0.20880085600038,17,7,0.738136447836131,roc_auc,early_stopping,45954,8051348,175.2045135498047,173.0,175.2045135498047,175.0,0.2319838851690292,0.1452974677085876,/kaggle/working/gfd-robustness-v4-factorial-r1/graphs/base/yelpchi/r40_s2/graph.bin,/kaggle/working/gfd-robustness-v4-factorial-r1/graphs/variants/yelpchi/r40_s2/heterophily_rewire_nonoracle/0.30/seed_1/graph.bin,/kaggle/working/gfd-robustness-v4-factorial-r1/graphs/base/yelpchi/r40_s2/graph.bin,ok,
gfd_robustness_benchmark_v4_factorial,yelpchi,r40_s2,1,0,heterophily_rewire_nonoracle,0.3,mlp,train_on_variant,0.7404642686051014,0.3246557322868326,0.6234842465885414,0.5026629567146301,0.5196417639999709,17,7,0.738136447836131,roc_auc,early_stopping,45954,8051348,175.2045135498047,173.0,175.2045135498047,175.0,0.2319838851690292,0.1452974677085876,/kaggle/working/gfd-robustness-v4-factorial-r1/graphs/base/yelpchi/r40_s2/graph.bin,/kaggle/working/gfd-robustness-v4-factorial-r1/graphs/variants/yelpchi/r40_s2/heterophily_rewire_nonoracle/0.30/seed_1/graph.bin,/kaggle/working/gfd-robustness-v4-factorial-r1/graphs/variants/yelpchi/r40_s2/heterophily_rewire_nonoracle/0.30/seed_1/graph.bin,ok,
gfd_robustness_benchmark_v4_factorial,yelpchi,r40_s2,1,0,heterophily_rewire_nonoracle,0.3,pmp,train_clean_eval_all,0.8170023917605217,0.4884241292286191,0.6799701603879149,0.3942893743515014,0.5256804640011978,71,61,0.8519974633871886,roc_auc,early_stopping,45954,8051348,175.2045135498047,173.0,175.2045135498047,175.0,0.2319838851690292,0.1452974677085876,/kaggle/working/gfd-robustness-v4-factorial-r1/graphs/base/yelpchi/r40_s2/graph.bin,/kaggle/working/gfd-robustness-v4-factorial-r1/graphs/variants/yelpchi/r40_s2/heterophily_rewire_nonoracle/0.30/seed_1/graph.bin,/kaggle/working/gfd-robustness-v4-factorial-r1/graphs/base/yelpchi/r40_s2/graph.bin,ok,
gfd_robustness_benchmark_v4_factorial,yelpchi,r40_s2,1,0,heterophily_rewire_nonoracle,0.3,pmp,train_on_variant,0.8296213747720953,0.5055793947040409,0.6978519544731354,0.2924963235855102,42.55881233999935,100,97,0.8339629091897381,roc_auc,max_epochs,45954,8051348,175.2045135498047,173.0,175.2045135498047,175.0,0.2319838851690292,0.1452974677085876,/kaggle/working/gfd-robustness-v4-factorial-r1/graphs/base/yelpchi/r40_s2/graph.bin,/kaggle/working/gfd-robustness-v4-factorial-r1/graphs/variants/yelpchi/r40_s2/heterophily_rewire_nonoracle/0.30/seed_1/graph.bin,/kaggle/working/gfd-robustness-v4-factorial-r1/graphs/variants/yelpchi/r40_s2/heterophily_rewire_nonoracle/0.30/seed_1/graph.bin,ok,
gfd_robustness_benchmark_v4_factorial,yelpchi,r40_s2,1,0,heterophily_rewire_nonoracle,0.3,sage,train_clean_eval_all,0.7779959866100284,0.4118153224919743,0.6500450497159158,0.648261308670044,0.1721597760006261,100,100,0.7811570196706694,roc_auc,max_epochs,45954,8051348,175.2045135498047,173.0,175.2045135498047,175.0,0.2319838851690292,0.1452974677085876,/kaggle/working/gfd-robustness-v4-factorial-r1/graphs/base/yelpchi/r40_s2/graph.bin,/kaggle/working/gfd-robustness-v4-factorial-r1/graphs/variants/yelpchi/r40_s2/heterophily_rewire_nonoracle/0.30/seed_1/graph.bin,/kaggle/working/gfd-robustness-v4-factorial-r1/graphs/base/yelpchi/r40_s2/graph.bin,ok,
gfd_robustness_benchmark_v4_factorial,yelpchi,r40_s2,1,0,heterophily_rewire_nonoracle,0.3,sage,train_on_variant,0.7762178156098699,0.4049535835840398,0.6507729733758885,0.6238956451416016,3.3108315150002454,100,100,0.7751590747084922,roc_auc,max_epochs,45954,8051348,175.2045135498047,173.0,175.2045135498047,175.0,0.2319838851690292,0.1452974677085876,/kaggle/working/gfd-robustness-v4-factorial-r1/graphs/base/yelpchi/r40_s2/graph.bin,/kaggle/working/gfd-robustness-v4-factorial-r1/graphs/variants/yelpchi/r40_s2/heterophily_rewire_nonoracle/0.30/seed_1/graph.bin,/kaggle/working/gfd-robustness-v4-factorial-r1/graphs/variants/yelpchi/r40_s2/heterophily_rewire_nonoracle/0.30/seed_1/graph.bin,ok,
gfd_robustness_benchmark_v4_factorial,yelpchi,r40_s2,1,0,heterophily_rewire_nonoracle,0.3,secgfd,train_clean_eval_all,0.813469214193812,0.4706328314029167,0.6855488731871535,0.7547904253005981,0.2694319359998189,50,50,0.8112726691889752,roc_auc,max_epochs,45954,8051348,175.2045135498047,173.0,175.2045135498047,175.0,0.2319838851690292,0.1452974677085876,/kaggle/working/gfd-robustness-v4-factorial-r1/graphs/base/yelpchi/r40_s2/graph.bin,/kaggle/working/gfd-robustness-v4-factorial-r1/graphs/variants/yelpchi/r40_s2/heterophily_rewire_nonoracle/0.30/seed_1/graph.bin,/kaggle/working/gfd-robustness-v4-factorial-r1/graphs/base/yelpchi/r40_s2/graph.bin,ok,
gfd_robustness_benchmark_v4_factorial,yelpchi,r40_s2,1,0,heterophily_rewire_nonoracle,0.3,secgfd,train_on_variant,0.8253902748538057,0.5016846028692707,0.699738731953357,0.7696930766105652,5.032672147000994,50,50,0.8277821087739625,roc_auc,max_epochs,45954,8051348,175.2045135498047,173.0,175.2045135498047,175.0,0.2319838851690292,0.1452974677085876,/kaggle/working/gfd-robustness-v4-factorial-r1/graphs/base/yelpchi/r40_s2/graph.bin,/kaggle/working/gfd-robustness-v4-factorial-r1/graphs/variants/yelpchi/r40_s2/heterophily_rewire_nonoracle/0.30/seed_1/graph.bin,/kaggle/working/gfd-robustness-v4-factorial-r1/graphs/variants/yelpchi/r40_s2/heterophily_rewire_nonoracle/0.30/seed_1/graph.bin,ok,
gfd_robustness_benchmark_v4_factorial,yelpchi,r40_s2,1,1,heterophily_rewire_nonoracle,0.3,mlp,train_clean_eval_all,0.789016635612431,0.4167857282436971,0.6554860094295863,0.6965858936309814,0.1961710120012867,100,100,0.7856864946824108,roc_auc,max_epochs,45954,8051348,175.2045135498047,173.0,175.2045135498047,175.0,0.2319838851690292,0.1452974677085876,/kaggle/working/gfd-robustness-v4-factorial-r1/graphs/base/yelpchi/r40_s2/graph.bin,/kaggle/working/gfd-robustness-v4-factorial-r1/graphs/variants/yelpchi/r40_s2/heterophily_rewire_nonoracle/0.30/seed_1/graph.bin,/kaggle/working/gfd-robustness-v4-factorial-r1/graphs/base/yelpchi/r40_s2/graph.bin,ok,
gfd_robustness_benchmark_v4_factorial,yelpchi,r40_s2,1,1,heterophily_rewire_nonoracle,0.3,mlp,train_on_variant,0.789016635612431,0.4167857282436971,0.6554860094295863,0.6965858936309814,2.0652336650000507,100,100,0.7856864946824108,roc_auc,max_epochs,45954,8051348,175.2045135498047,173.0,175.2045135498047,175.0,0.2319838851690292,0.1452974677085876,/kaggle/working/gfd-robustness-v4-factorial-r1/graphs/base/yelpchi/r40_s2/graph.bin,/kaggle/working/gfd-robustness-v4-factorial-r1/graphs/variants/yelpchi/r40_s2/heterophily_rewire_nonoracle/0.30/seed_1/graph.bin,/kaggle/working/gfd-robustness-v4-factorial-r1/graphs/variants/yelpchi/r40_s2/heterophily_rewire_nonoracle/0.30/seed_1/graph.bin,ok,
gfd_robustness_benchmark_v4_factorial,yelpchi,r40_s2,1,1,heterophily_rewire_nonoracle,0.3,pmp,train_clean_eval_all,0.8062780926817444,0.4755987886729333,0.6799981228764154,0.3003063797950744,0.5287427060011396,82,72,0.8499563006458349,roc_auc,early_stopping,45954,8051348,175.2045135498047,173.0,175.2045135498047,175.0,0.2319838851690292,0.1452974677085876,/kaggle/working/gfd-robustness-v4-factorial-r1/graphs/base/yelpchi/r40_s2/graph.bin,/kaggle/working/gfd-robustness-v4-factorial-r1/graphs/variants/yelpchi/r40_s2/heterophily_rewire_nonoracle/0.30/seed_1/graph.bin,/kaggle/working/gfd-robustness-v4-factorial-r1/graphs/base/yelpchi/r40_s2/graph.bin,ok,
gfd_robustness_benchmark_v4_factorial,yelpchi,r40_s2,1,1,heterophily_rewire_nonoracle,0.3,pmp,train_on_variant,0.8261933363415734,0.5098108648502107,0.6965628041138504,0.343712717294693,42.13875296700098,100,99,0.8381795511816468,roc_auc,max_epochs,45954,8051348,175.2045135498047,173.0,175.2045135498047,175.0,0.2319838851690292,0.1452974677085876,/kaggle/working/gfd-robustness-v4-factorial-r1/graphs/base/yelpchi/r40_s2/graph.bin,/kaggle/working/gfd-robustness-v4-factorial-r1/graphs/variants/yelpchi/r40_s2/heterophily_rewire_nonoracle/0.30/seed_1/graph.bin,/kaggle/working/gfd-robustness-v4-factorial-r1/graphs/variants/yelpchi/r40_s2/heterophily_rewire_nonoracle/0.30/seed_1/graph.bin,ok,
gfd_robustness_benchmark_v4_factorial,yelpchi,r40_s2,1,1,heterophily_rewire_nonoracle,0.3,sage,train_clean_eval_all,0.6098205788969413,0.2075927178474844,0.549178738340051,0.2710321545600891,0.2204507549995469,23,13,0.6158413377294931,roc_auc,early_stopping,45954,8051348,175.2045135498047,173.0,175.2045135498047,175.0,0.2319838851690292,0.1452974677085876,/kaggle/working/gfd-robustness-v4-factorial-r1/graphs/base/yelpchi/r40_s2/graph.bin,/kaggle/working/gfd-robustness-v4-factorial-r1/graphs/variants/yelpchi/r40_s2/heterophily_rewire_nonoracle/0.30/seed_1/graph.bin,/kaggle/working/gfd-robustness-v4-factorial-r1/graphs/base/yelpchi/r40_s2/graph.bin,ok,
gfd_robustness_benchmark_v4_factorial,yelpchi,r40_s2,1,1,heterophily_rewire_nonoracle,0.3,sage,train_on_variant,0.6093094964602364,0.2088482228281757,0.5511111509831073,0.2909245491027832,1.0279551830008131,23,13,0.6186672769795235,roc_auc,early_stopping,45954,8051348,175.2045135498047,173.0,175.2045135498047,175.0,0.2319838851690292,0.1452974677085876,/kaggle/working/gfd-robustness-v4-factorial-r1/graphs/base/yelpchi/r40_s2/graph.bin,/kaggle/working/gfd-robustness-v4-factorial-r1/graphs/variants/yelpchi/r40_s2/heterophily_rewire_nonoracle/0.30/seed_1/graph.bin,/kaggle/working/gfd-robustness-v4-factorial-r1/graphs/variants/yelpchi/r40_s2/heterophily_rewire_nonoracle/0.30/seed_1/graph.bin,ok,
gfd_robustness_benchmark_v4_factorial,yelpchi,r40_s2,1,1,heterophily_rewire_nonoracle,0.3,secgfd,train_clean_eval_all,0.7896206377977243,0.4283640408488707,0.6625266334722734,0.7049526572227478,0.2791449630003626,50,49,0.789748460509659,roc_auc,max_epochs,45954,8051348,175.2045135498047,173.0,175.2045135498047,175.0,0.2319838851690292,0.1452974677085876,/kaggle/working/gfd-robustness-v4-factorial-r1/graphs/base/yelpchi/r40_s2/graph.bin,/kaggle/working/gfd-robustness-v4-factorial-r1/graphs/variants/yelpchi/r40_s2/heterophily_rewire_nonoracle/0.30/seed_1/graph.bin,/kaggle/working/gfd-robustness-v4-factorial-r1/graphs/base/yelpchi/r40_s2/graph.bin,ok,
gfd_robustness_benchmark_v4_factorial,yelpchi,r40_s2,1,1,heterophily_rewire_nonoracle,0.3,secgfd,train_on_variant,0.8064887163364208,0.4542870458062754,0.6791830699893366,0.6341370940208435,4.943616268999904,50,50,0.8040112812517135,roc_auc,max_epochs,45954,8051348,175.2045135498047,173.0,175.2045135498047,175.0,0.2319838851690292,0.1452974677085876,/kaggle/working/gfd-robustness-v4-factorial-r1/graphs/base/yelpchi/r40_s2/graph.bin,/kaggle/working/gfd-robustness-v4-factorial-r1/graphs/variants/yelpchi/r40_s2/heterophily_rewire_nonoracle/0.30/seed_1/graph.bin,/kaggle/working/gfd-robustness-v4-factorial-r1/graphs/variants/yelpchi/r40_s2/heterophily_rewire_nonoracle/0.30/seed_1/graph.bin,ok,
gfd_robustness_benchmark_v4_factorial,yelpchi,r40_s2,1,2,heterophily_rewire_nonoracle,0.3,mlp,train_clean_eval_all,0.791833978586869,0.422563545347575,0.659744675709785,0.6869957447052002,0.1829732290007086,100,100,0.7910127617371984,roc_auc,max_epochs,45954,8051348,175.2045135498047,173.0,175.2045135498047,175.0,0.2319838851690292,0.1452974677085876,/kaggle/working/gfd-robustness-v4-factorial-r1/graphs/base/yelpchi/r40_s2/graph.bin,/kaggle/working/gfd-robustness-v4-factorial-r1/graphs/variants/yelpchi/r40_s2/heterophily_rewire_nonoracle/0.30/seed_1/graph.bin,/kaggle/working/gfd-robustness-v4-factorial-r1/graphs/base/yelpchi/r40_s2/graph.bin,ok,
gfd_robustness_benchmark_v4_factorial,yelpchi,r40_s2,1,2,heterophily_rewire_nonoracle,0.3,mlp,train_on_variant,0.791833978586869,0.422563545347575,0.659744675709785,0.6869957447052002,1.669901134999236,100,100,0.7910127617371984,roc_auc,max_epochs,45954,8051348,175.2045135498047,173.0,175.2045135498047,175.0,0.2319838851690292,0.1452974677085876,/kaggle/working/gfd-robustness-v4-factorial-r1/graphs/base/yelpchi/r40_s2/graph.bin,/kaggle/working/gfd-robustness-v4-factorial-r1/graphs/variants/yelpchi/r40_s2/heterophily_rewire_nonoracle/0.30/seed_1/graph.bin,/kaggle/working/gfd-robustness-v4-factorial-r1/graphs/variants/yelpchi/r40_s2/heterophily_rewire_nonoracle/0.30/seed_1/graph.bin,ok,
gfd_robustness_benchmark_v4_factorial,yelpchi,r40_s2,1,2,heterophily_rewire_nonoracle,0.3,pmp,train_clean_eval_all,0.8087295090635938,0.4815456986580712,0.684114767621795,0.3158973157405853,0.4556620549992658,67,57,0.8516228361905988,roc_auc,early_stopping,45954,8051348,175.2045135498047,173.0,175.2045135498047,175.0,0.2319838851690292,0.1452974677085876,/kaggle/working/gfd-robustness-v4-factorial-r1/graphs/base/yelpchi/r40_s2/graph.bin,/kaggle/working/gfd-robustness-v4-factorial-r1/graphs/variants/yelpchi/r40_s2/heterophily_rewire_nonoracle/0.30/seed_1/graph.bin,/kaggle/working/gfd-robustness-v4-factorial-r1/graphs/base/yelpchi/r40_s2/graph.bin,ok,
gfd_robustness_benchmark_v4_factorial,yelpchi,r40_s2,1,2,heterophily_rewire_nonoracle,0.3,pmp,train_on_variant,0.8280653084106736,0.4975463864160706,0.6906039551484148,0.2607539892196655,42.76436895799998,100,93,0.8347716690864618,roc_auc,max_epochs,45954,8051348,175.2045135498047,173.0,175.2045135498047,175.0,0.2319838851690292,0.1452974677085876,/kaggle/working/gfd-robustness-v4-factorial-r1/graphs/base/yelpchi/r40_s2/graph.bin,/kaggle/working/gfd-robustness-v4-factorial-r1/graphs/variants/yelpchi/r40_s2/heterophily_rewire_nonoracle/0.30/seed_1/graph.bin,/kaggle/working/gfd-robustness-v4-factorial-r1/graphs/variants/yelpchi/r40_s2/heterophily_rewire_nonoracle/0.30/seed_1/graph.bin,ok,
gfd_robustness_benchmark_v4_factorial,yelpchi,r40_s2,1,2,heterophily_rewire_nonoracle,0.3,sage,train_clean_eval_all,0.7834942465501786,0.4181425819007088,0.6566946402180756,0.6848011612892151,0.2113389839996671,100,99,0.791447800370479,roc_auc,max_epochs,45954,8051348,175.2045135498047,173.0,175.2045135498047,175.0,0.2319838851690292,0.1452974677085876,/kaggle/working/gfd-robustness-v4-factorial-r1/graphs/base/yelpchi/r40_s2/graph.bin,/kaggle/working/gfd-robustness-v4-factorial-r1/graphs/variants/yelpchi/r40_s2/heterophily_rewire_nonoracle/0.30/seed_1/graph.bin,/kaggle/working/gfd-robustness-v4-factorial-r1/graphs/base/yelpchi/r40_s2/graph.bin,ok,
gfd_robustness_benchmark_v4_factorial,yelpchi,r40_s2,1,2,heterophily_rewire_nonoracle,0.3,sage,train_on_variant,0.7801912841514019,0.4136323339573544,0.6529223910888822,0.6366544961929321,3.52665420700032,100,100,0.7806472653931154,roc_auc,max_epochs,45954,8051348,175.2045135498047,173.0,175.2045135498047,175.0,0.2319838851690292,0.1452974677085876,/kaggle/working/gfd-robustness-v4-factorial-r1/graphs/base/yelpchi/r40_s2/graph.bin,/kaggle/working/gfd-robustness-v4-factorial-r1/graphs/variants/yelpchi/r40_s2/heterophily_rewire_nonoracle/0.30/seed_1/graph.bin,/kaggle/working/gfd-robustness-v4-factorial-r1/graphs/variants/yelpchi/r40_s2/heterophily_rewire_nonoracle/0.30/seed_1/graph.bin,ok,
gfd_robustness_benchmark_v4_factorial,yelpchi,r40_s2,1,2,heterophily_rewire_nonoracle,0.3,secgfd,train_clean_eval_all,0.8068925397041965,0.4827207655170669,0.6813971699120054,0.6936580538749695,0.2867442979986663,50,50,0.8116419561480677,roc_auc,max_epochs,45954,8051348,175.2045135498047,173.0,175.2045135498047,175.0,0.2319838851690292,0.1452974677085876,/kaggle/working/gfd-robustness-v4-factorial-r1/graphs/base/yelpchi/r40_s2/graph.bin,/kaggle/working/gfd-robustness-v4-factorial-r1/graphs/variants/yelpchi/r40_s2/heterophily_rewire_nonoracle/0.30/seed_1/graph.bin,/kaggle/working/gfd-robustness-v4-factorial-r1/graphs/base/yelpchi/r40_s2/graph.bin,ok,
gfd_robustness_benchmark_v4_factorial,yelpchi,r40_s2,1,2,heterophily_rewire_nonoracle,0.3,secgfd,train_on_variant,0.807315251910893,0.4729924172818406,0.6788233821428947,0.6204075217247009,4.949724231999426,50,50,0.8104910872866588,roc_auc,max_epochs,45954,8051348,175.2045135498047,173.0,175.2045135498047,175.0,0.2319838851690292,0.1452974677085876,/kaggle/working/gfd-robustness-v4-factorial-r1/graphs/base/yelpchi/r40_s2/graph.bin,/kaggle/working/gfd-robustness-v4-factorial-r1/graphs/variants/yelpchi/r40_s2/heterophily_rewire_nonoracle/0.30/seed_1/graph.bin,/kaggle/working/gfd-robustness-v4-factorial-r1/graphs/variants/yelpchi/r40_s2/heterophily_rewire_nonoracle/0.30/seed_1/graph.bin,ok,
gfd_robustness_benchmark_v4_factorial,yelpchi,r40_s2,1,3,heterophily_rewire_nonoracle,0.3,mlp,train_clean_eval_all,0.7873703172829494,0.4124587532671446,0.6562929132355262,0.6923589110374451,0.1429995550006424,100,100,0.787128406487435,roc_auc,max_epochs,45954,8051348,175.2045135498047,173.0,175.2045135498047,175.0,0.2319838851690292,0.1452974677085876,/kaggle/working/gfd-robustness-v4-factorial-r1/graphs/base/yelpchi/r40_s2/graph.bin,/kaggle/working/gfd-robustness-v4-factorial-r1/graphs/variants/yelpchi/r40_s2/heterophily_rewire_nonoracle/0.30/seed_1/graph.bin,/kaggle/working/gfd-robustness-v4-factorial-r1/graphs/base/yelpchi/r40_s2/graph.bin,ok,
gfd_robustness_benchmark_v4_factorial,yelpchi,r40_s2,1,3,heterophily_rewire_nonoracle,0.3,mlp,train_on_variant,0.7873703172829494,0.4124587532671446,0.6562929132355262,0.6923589110374451,1.948503509000148,100,100,0.787128406487435,roc_auc,max_epochs,45954,8051348,175.2045135498047,173.0,175.2045135498047,175.0,0.2319838851690292,0.1452974677085876,/kaggle/working/gfd-robustness-v4-factorial-r1/graphs/base/yelpchi/r40_s2/graph.bin,/kaggle/working/gfd-robustness-v4-factorial-r1/graphs/variants/yelpchi/r40_s2/heterophily_rewire_nonoracle/0.30/seed_1/graph.bin,/kaggle/working/gfd-robustness-v4-factorial-r1/graphs/variants/yelpchi/r40_s2/heterophily_rewire_nonoracle/0.30/seed_1/graph.bin,ok,
gfd_robustness_benchmark_v4_factorial,yelpchi,r40_s2,1,3,heterophily_rewire_nonoracle,0.3,pmp,train_clean_eval_all,0.803478161739149,0.4694556145262584,0.6769430608981366,0.3407284319400787,0.4625968450000073,81,71,0.8504771645246115,roc_auc,early_stopping,45954,8051348,175.2045135498047,173.0,175.2045135498047,175.0,0.2319838851690292,0.1452974677085876,/kaggle/working/gfd-robustness-v4-factorial-r1/graphs/base/yelpchi/r40_s2/graph.bin,/kaggle/working/gfd-robustness-v4-factorial-r1/graphs/variants/yelpchi/r40_s2/heterophily_rewire_nonoracle/0.30/seed_1/graph.bin,/kaggle/working/gfd-robustness-v4-factorial-r1/graphs/base/yelpchi/r40_s2/graph.bin,ok,
gfd_robustness_benchmark_v4_factorial,yelpchi,r40_s2,1,3,heterophily_rewire_nonoracle,0.3,pmp,train_on_variant,0.8322657050334159,0.5110919060840834,0.7018742359195711,0.2884816527366638,42.77458560899868,100,100,0.8387845714817014,roc_auc,max_epochs,45954,8051348,175.2045135498047,173.0,175.2045135498047,175.0,0.2319838851690292,0.1452974677085876,/kaggle/working/gfd-robustness-v4-factorial-r1/graphs/base/yelpchi/r40_s2/graph.bin,/kaggle/working/gfd-robustness-v4-factorial-r1/graphs/variants/yelpchi/r40_s2/heterophily_rewire_nonoracle/0.30/seed_1/graph.bin,/kaggle/working/gfd-robustness-v4-factorial-r1/graphs/variants/yelpchi/r40_s2/heterophily_rewire_nonoracle/0.30/seed_1/graph.bin,ok,
gfd_robustness_benchmark_v4_factorial,yelpchi,r40_s2,1,3,heterophily_rewire_nonoracle,0.3,sage,train_clean_eval_all,0.7761985694789139,0.4068987746209599,0.6541903619247147,0.678734302520752,0.2237084369990043,100,100,0.781263013848857,roc_auc,max_epochs,45954,8051348,175.2045135498047,173.0,175.2045135498047,175.0,0.2319838851690292,0.1452974677085876,/kaggle/working/gfd-robustness-v4-factorial-r1/graphs/base/yelpchi/r40_s2/graph.bin,/kaggle/working/gfd-robustness-v4-factorial-r1/graphs/variants/yelpchi/r40_s2/heterophily_rewire_nonoracle/0.30/seed_1/graph.bin,/kaggle/working/gfd-robustness-v4-factorial-r1/graphs/base/yelpchi/r40_s2/graph.bin,ok,
gfd_robustness_benchmark_v4_factorial,yelpchi,r40_s2,1,3,heterophily_rewire_nonoracle,0.3,sage,train_on_variant,0.7761222161710184,0.4108490319339022,0.6548771982380504,0.6995298862457275,3.5633648250004626,100,98,0.7781458886131356,roc_auc,max_epochs,45954,8051348,175.2045135498047,173.0,175.2045135498047,175.0,0.2319838851690292,0.1452974677085876,/kaggle/working/gfd-robustness-v4-factorial-r1/graphs/base/yelpchi/r40_s2/graph.bin,/kaggle/working/gfd-robustness-v4-factorial-r1/graphs/variants/yelpchi/r40_s2/heterophily_rewire_nonoracle/0.30/seed_1/graph.bin,/kaggle/working/gfd-robustness-v4-factorial-r1/graphs/variants/yelpchi/r40_s2/heterophily_rewire_nonoracle/0.30/seed_1/graph.bin,ok,
gfd_robustness_benchmark_v4_factorial,yelpchi,r40_s2,1,3,heterophily_rewire_nonoracle,0.3,secgfd,train_clean_eval_all,0.7954389718526288,0.4559499139038055,0.6752193675470879,0.7292185425758362,0.2361158940002496,50,49,0.8013855055464565,roc_auc,max_epochs,45954,8051348,175.2045135498047,173.0,175.2045135498047,175.0,0.2319838851690292,0.1452974677085876,/kaggle/working/gfd-robustness-v4-factorial-r1/graphs/base/yelpchi/r40_s2/graph.bin,/kaggle/working/gfd-robustness-v4-factorial-r1/graphs/variants/yelpchi/r40_s2/heterophily_rewire_nonoracle/0.30/seed_1/graph.bin,/kaggle/working/gfd-robustness-v4-factorial-r1/graphs/base/yelpchi/r40_s2/graph.bin,ok,
gfd_robustness_benchmark_v4_factorial,yelpchi,r40_s2,1,3,heterophily_rewire_nonoracle,0.3,secgfd,train_on_variant,0.7909412606177665,0.4245560700941068,0.6631160728105697,0.6863396763801575,5.046940439000537,50,50,0.7904959507172368,roc_auc,max_epochs,45954,8051348,175.2045135498047,173.0,175.2045135498047,175.0,0.2319838851690292,0.1452974677085876,/kaggle/working/gfd-robustness-v4-factorial-r1/graphs/base/yelpchi/r40_s2/graph.bin,/kaggle/working/gfd-robustness-v4-factorial-r1/graphs/variants/yelpchi/r40_s2/heterophily_rewire_nonoracle/0.30/seed_1/graph.bin,/kaggle/working/gfd-robustness-v4-factorial-r1/graphs/variants/yelpchi/r40_s2/heterophily_rewire_nonoracle/0.30/seed_1/graph.bin,ok,
gfd_robustness_benchmark_v4_factorial,yelpchi,r40_s2,1,4,heterophily_rewire_nonoracle,0.3,mlp,train_clean_eval_all,0.7906828431985317,0.4231759041474303,0.6564547082775046,0.6527314186096191,0.1291701539994392,100,100,0.7886782196983243,roc_auc,max_epochs,45954,8051348,175.2045135498047,173.0,175.2045135498047,175.0,0.2319838851690292,0.1452974677085876,/kaggle/working/gfd-robustness-v4-factorial-r1/graphs/base/yelpchi/r40_s2/graph.bin,/kaggle/working/gfd-robustness-v4-factorial-r1/graphs/variants/yelpchi/r40_s2/heterophily_rewire_nonoracle/0.30/seed_1/graph.bin,/kaggle/working/gfd-robustness-v4-factorial-r1/graphs/base/yelpchi/r40_s2/graph.bin,ok,
gfd_robustness_benchmark_v4_factorial,yelpchi,r40_s2,1,4,heterophily_rewire_nonoracle,0.3,mlp,train_on_variant,0.7906828431985317,0.4231759041474303,0.6564547082775046,0.6527314186096191,2.0157489289995283,100,100,0.7886782196983243,roc_auc,max_epochs,45954,8051348,175.2045135498047,173.0,175.2045135498047,175.0,0.2319838851690292,0.1452974677085876,/kaggle/working/gfd-robustness-v4-factorial-r1/graphs/base/yelpchi/r40_s2/graph.bin,/kaggle/working/gfd-robustness-v4-factorial-r1/graphs/variants/yelpchi/r40_s2/heterophily_rewire_nonoracle/0.30/seed_1/graph.bin,/kaggle/working/gfd-robustness-v4-factorial-r1/graphs/variants/yelpchi/r40_s2/heterophily_rewire_nonoracle/0.30/seed_1/graph.bin,ok,
gfd_robustness_benchmark_v4_factorial,yelpchi,r40_s2,1,4,heterophily_rewire_nonoracle,0.3,pmp,train_clean_eval_all,0.80985577692629,0.4816837490453037,0.6847407932469634,0.3711147308349609,0.4616425269996398,88,78,0.8543143635700441,roc_auc,early_stopping,45954,8051348,175.2045135498047,173.0,175.2045135498047,175.0,0.2319838851690292,0.1452974677085876,/kaggle/working/gfd-robustness-v4-factorial-r1/graphs/base/yelpchi/r40_s2/graph.bin,/kaggle/working/gfd-robustness-v4-factorial-r1/graphs/variants/yelpchi/r40_s2/heterophily_rewire_nonoracle/0.30/seed_1/graph.bin,/kaggle/working/gfd-robustness-v4-factorial-r1/graphs/base/yelpchi/r40_s2/graph.bin,ok,
gfd_robustness_benchmark_v4_factorial,yelpchi,r40_s2,1,4,heterophily_rewire_nonoracle,0.3,pmp,train_on_variant,0.8316899050994244,0.5097946752322674,0.705000134538801,0.291244775056839,42.138997605999975,100,96,0.8392903682618242,roc_auc,max_epochs,45954,8051348,175.2045135498047,173.0,175.2045135498047,175.0,0.2319838851690292,0.1452974677085876,/kaggle/working/gfd-robustness-v4-factorial-r1/graphs/base/yelpchi/r40_s2/graph.bin,/kaggle/working/gfd-robustness-v4-factorial-r1/graphs/variants/yelpchi/r40_s2/heterophily_rewire_nonoracle/0.30/seed_1/graph.bin,/kaggle/working/gfd-robustness-v4-factorial-r1/graphs/variants/yelpchi/r40_s2/heterophily_rewire_nonoracle/0.30/seed_1/graph.bin,ok,
gfd_robustness_benchmark_v4_factorial,yelpchi,r40_s2,1,4,heterophily_rewire_nonoracle,0.3,sage,train_clean_eval_all,0.7830644123222495,0.4134925043682503,0.6555759243309304,0.663702666759491,0.2230345380012295,100,100,0.7873061124263036,roc_auc,max_epochs,45954,8051348,175.2045135498047,173.0,175.2045135498047,175.0,0.2319838851690292,0.1452974677085876,/kaggle/working/gfd-robustness-v4-factorial-r1/graphs/base/yelpchi/r40_s2/graph.bin,/kaggle/working/gfd-robustness-v4-factorial-r1/graphs/variants/yelpchi/r40_s2/heterophily_rewire_nonoracle/0.30/seed_1/graph.bin,/kaggle/working/gfd-robustness-v4-factorial-r1/graphs/base/yelpchi/r40_s2/graph.bin,ok,
gfd_robustness_benchmark_v4_factorial,yelpchi,r40_s2,1,4,heterophily_rewire_nonoracle,0.3,sage,train_on_variant,0.7784234508007914,0.4035694352265735,0.6517505566108074,0.6452862024307251,3.411003872999572,100,100,0.7789405827057362,roc_auc,max_epochs,45954,8051348,175.2045135498047,173.0,175.2045135498047,175.0,0.2319838851690292,0.1452974677085876,/kaggle/working/gfd-robustness-v4-factorial-r1/graphs/base/yelpchi/r40_s2/graph.bin,/kaggle/working/gfd-robustness-v4-factorial-r1/graphs/variants/yelpchi/r40_s2/heterophily_rewire_nonoracle/0.30/seed_1/graph.bin,/kaggle/working/gfd-robustness-v4-factorial-r1/graphs/variants/yelpchi/r40_s2/heterophily_rewire_nonoracle/0.30/seed_1/graph.bin,ok,
gfd_robustness_benchmark_v4_factorial,yelpchi,r40_s2,1,4,heterophily_rewire_nonoracle,0.3,secgfd,train_clean_eval_all,0.7868630340515507,0.4136004753963635,0.6592963687238866,0.6979449987411499,0.2399122280003212,50,50,0.7831441601880527,roc_auc,max_epochs,45954,8051348,175.2045135498047,173.0,175.2045135498047,175.0,0.2319838851690292,0.1452974677085876,/kaggle/working/gfd-robustness-v4-factorial-r1/graphs/base/yelpchi/r40_s2/graph.bin,/kaggle/working/gfd-robustness-v4-factorial-r1/graphs/variants/yelpchi/r40_s2/heterophily_rewire_nonoracle/0.30/seed_1/graph.bin,/kaggle/working/gfd-robustness-v4-factorial-r1/graphs/base/yelpchi/r40_s2/graph.bin,ok,
gfd_robustness_benchmark_v4_factorial,yelpchi,r40_s2,1,4,heterophily_rewire_nonoracle,0.3,secgfd,train_on_variant,0.7938853827159835,0.4303408282361372,0.6634387915947821,0.6681702733039856,5.024289050999869,50,50,0.7894083541340352,roc_auc,max_epochs,45954,8051348,175.2045135498047,173.0,175.2045135498047,175.0,0.2319838851690292,0.1452974677085876,/kaggle/working/gfd-robustness-v4-factorial-r1/graphs/base/yelpchi/r40_s2/graph.bin,/kaggle/working/gfd-robustness-v4-factorial-r1/graphs/variants/yelpchi/r40_s2/heterophily_rewire_nonoracle/0.30/seed_1/graph.bin,/kaggle/working/gfd-robustness-v4-factorial-r1/graphs/variants/yelpchi/r40_s2/heterophily_rewire_nonoracle/0.30/seed_1/graph.bin,ok,
gfd_robustness_benchmark_v4_factorial,yelpchi,r40_s2,0,0,heterophily_rewire_oracle,0.15,mlp,train_clean_eval_all,0.7404642686051014,0.3246557322868326,0.6234842465885414,0.5026629567146301,0.1749063650004245,17,7,0.738136447836131,roc_auc,early_stopping,45954,8051348,175.2045135498047,173.0,175.2045135498047,175.0,0.3428902924060821,0.1452974677085876,/kaggle/working/gfd-robustness-v4-factorial-r1/graphs/base/yelpchi/r40_s2/graph.bin,/kaggle/working/gfd-robustness-v4-factorial-r1/graphs/variants/yelpchi/r40_s2/heterophily_rewire_oracle/0.15/seed_0/graph.bin,/kaggle/working/gfd-robustness-v4-factorial-r1/graphs/base/yelpchi/r40_s2/graph.bin,ok,
gfd_robustness_benchmark_v4_factorial,yelpchi,r40_s2,0,0,heterophily_rewire_oracle,0.15,mlp,train_on_variant,0.7404642686051014,0.3246557322868326,0.6234842465885414,0.5026629567146301,0.4983097650001582,17,7,0.738136447836131,roc_auc,early_stopping,45954,8051348,175.2045135498047,173.0,175.2045135498047,175.0,0.3428902924060821,0.1452974677085876,/kaggle/working/gfd-robustness-v4-factorial-r1/graphs/base/yelpchi/r40_s2/graph.bin,/kaggle/working/gfd-robustness-v4-factorial-r1/graphs/variants/yelpchi/r40_s2/heterophily_rewire_oracle/0.15/seed_0/graph.bin,/kaggle/working/gfd-robustness-v4-factorial-r1/graphs/variants/yelpchi/r40_s2/heterophily_rewire_oracle/0.15/seed_0/graph.bin,ok,
gfd_robustness_benchmark_v4_factorial,yelpchi,r40_s2,0,0,heterophily_rewire_oracle,0.15,pmp,train_clean_eval_all,0.7917915442028367,0.4330136248702034,0.6554399775091369,0.3942893743515014,0.645275502000004,71,61,0.8519974633871886,roc_auc,early_stopping,45954,8051348,175.2045135498047,173.0,175.2045135498047,175.0,0.3428902924060821,0.1452974677085876,/kaggle/working/gfd-robustness-v4-factorial-r1/graphs/base/yelpchi/r40_s2/graph.bin,/kaggle/working/gfd-robustness-v4-factorial-r1/graphs/variants/yelpchi/r40_s2/heterophily_rewire_oracle/0.15/seed_0/graph.bin,/kaggle/working/gfd-robustness-v4-factorial-r1/graphs/base/yelpchi/r40_s2/graph.bin,ok,
gfd_robustness_benchmark_v4_factorial,yelpchi,r40_s2,0,0,heterophily_rewire_oracle,0.15,pmp,train_on_variant,0.8106221921609937,0.4453209220514432,0.6777510551664521,0.3454488515853882,13.580220339999869,22,12,0.8165292747528352,roc_auc,early_stopping,45954,8051348,175.2045135498047,173.0,175.2045135498047,175.0,0.3428902924060821,0.1452974677085876,/kaggle/working/gfd-robustness-v4-factorial-r1/graphs/base/yelpchi/r40_s2/graph.bin,/kaggle/working/gfd-robustness-v4-factorial-r1/graphs/variants/yelpchi/r40_s2/heterophily_rewire_oracle/0.15/seed_0/graph.bin,/kaggle/working/gfd-robustness-v4-factorial-r1/graphs/variants/yelpchi/r40_s2/heterophily_rewire_oracle/0.15/seed_0/graph.bin,ok,
gfd_robustness_benchmark_v4_factorial,yelpchi,r40_s2,0,0,heterophily_rewire_oracle,0.15,sage,train_clean_eval_all,0.7753239781257241,0.4074723968315932,0.6509882086115322,0.648261308670044,0.1891954120001173,100,100,0.7811570196706694,roc_auc,max_epochs,45954,8051348,175.2045135498047,173.0,175.2045135498047,175.0,0.3428902924060821,0.1452974677085876,/kaggle/working/gfd-robustness-v4-factorial-r1/graphs/base/yelpchi/r40_s2/graph.bin,/kaggle/working/gfd-robustness-v4-factorial-r1/graphs/variants/yelpchi/r40_s2/heterophily_rewire_oracle/0.15/seed_0/graph.bin,/kaggle/working/gfd-robustness-v4-factorial-r1/graphs/base/yelpchi/r40_s2/graph.bin,ok,
gfd_robustness_benchmark_v4_factorial,yelpchi,r40_s2,0,0,heterophily_rewire_oracle,0.15,sage,train_on_variant,0.8438923213273046,0.5138213852213326,0.7070879849572247,0.6699756383895874,3.267061487000319,100,100,0.842436101912711,roc_auc,max_epochs,45954,8051348,175.2045135498047,173.0,175.2045135498047,175.0,0.3428902924060821,0.1452974677085876,/kaggle/working/gfd-robustness-v4-factorial-r1/graphs/base/yelpchi/r40_s2/graph.bin,/kaggle/working/gfd-robustness-v4-factorial-r1/graphs/variants/yelpchi/r40_s2/heterophily_rewire_oracle/0.15/seed_0/graph.bin,/kaggle/working/gfd-robustness-v4-factorial-r1/graphs/variants/yelpchi/r40_s2/heterophily_rewire_oracle/0.15/seed_0/graph.bin,ok,
gfd_robustness_benchmark_v4_factorial,yelpchi,r40_s2,0,0,heterophily_rewire_oracle,0.15,secgfd,train_clean_eval_all,0.6854839320531544,0.2781566244510881,0.5762921244576303,0.7547904253005981,0.2723749729993869,50,50,0.8112726691889752,roc_auc,max_epochs,45954,8051348,175.2045135498047,173.0,175.2045135498047,175.0,0.3428902924060821,0.1452974677085876,/kaggle/working/gfd-robustness-v4-factorial-r1/graphs/base/yelpchi/r40_s2/graph.bin,/kaggle/working/gfd-robustness-v4-factorial-r1/graphs/variants/yelpchi/r40_s2/heterophily_rewire_oracle/0.15/seed_0/graph.bin,/kaggle/working/gfd-robustness-v4-factorial-r1/graphs/base/yelpchi/r40_s2/graph.bin,ok,
gfd_robustness_benchmark_v4_factorial,yelpchi,r40_s2,0,0,heterophily_rewire_oracle,0.15,secgfd,train_on_variant,0.9995126298446896,0.9977563829795256,0.989998973620026,0.7981052398681641,3.9932817809985854,43,33,0.9996579387160066,roc_auc,early_stopping,45954,8051348,175.2045135498047,173.0,175.2045135498047,175.0,0.3428902924060821,0.1452974677085876,/kaggle/working/gfd-robustness-v4-factorial-r1/graphs/base/yelpchi/r40_s2/graph.bin,/kaggle/working/gfd-robustness-v4-factorial-r1/graphs/variants/yelpchi/r40_s2/heterophily_rewire_oracle/0.15/seed_0/graph.bin,/kaggle/working/gfd-robustness-v4-factorial-r1/graphs/variants/yelpchi/r40_s2/heterophily_rewire_oracle/0.15/seed_0/graph.bin,ok,
gfd_robustness_benchmark_v4_factorial,yelpchi,r40_s2,0,1,heterophily_rewire_oracle,0.15,mlp,train_clean_eval_all,0.789016635612431,0.4167857282436971,0.6554860094295863,0.6965858936309814,0.1772606649992667,100,100,0.7856864946824108,roc_auc,max_epochs,45954,8051348,175.2045135498047,173.0,175.2045135498047,175.0,0.3428902924060821,0.1452974677085876,/kaggle/working/gfd-robustness-v4-factorial-r1/graphs/base/yelpchi/r40_s2/graph.bin,/kaggle/working/gfd-robustness-v4-factorial-r1/graphs/variants/yelpchi/r40_s2/heterophily_rewire_oracle/0.15/seed_0/graph.bin,/kaggle/working/gfd-robustness-v4-factorial-r1/graphs/base/yelpchi/r40_s2/graph.bin,ok,
gfd_robustness_benchmark_v4_factorial,yelpchi,r40_s2,0,1,heterophily_rewire_oracle,0.15,mlp,train_on_variant,0.789016635612431,0.4167857282436971,0.6554860094295863,0.6965858936309814,1.9901565820000544,100,100,0.7856864946824108,roc_auc,max_epochs,45954,8051348,175.2045135498047,173.0,175.2045135498047,175.0,0.3428902924060821,0.1452974677085876,/kaggle/working/gfd-robustness-v4-factorial-r1/graphs/base/yelpchi/r40_s2/graph.bin,/kaggle/working/gfd-robustness-v4-factorial-r1/graphs/variants/yelpchi/r40_s2/heterophily_rewire_oracle/0.15/seed_0/graph.bin,/kaggle/working/gfd-robustness-v4-factorial-r1/graphs/variants/yelpchi/r40_s2/heterophily_rewire_oracle/0.15/seed_0/graph.bin,ok,
gfd_robustness_benchmark_v4_factorial,yelpchi,r40_s2,0,1,heterophily_rewire_oracle,0.15,pmp,train_clean_eval_all,0.7810618142851263,0.4186120973605687,0.65367690647125,0.3003063797950744,0.5414618249997147,82,72,0.8499563006458349,roc_auc,early_stopping,45954,8051348,175.2045135498047,173.0,175.2045135498047,175.0,0.3428902924060821,0.1452974677085876,/kaggle/working/gfd-robustness-v4-factorial-r1/graphs/base/yelpchi/r40_s2/graph.bin,/kaggle/working/gfd-robustness-v4-factorial-r1/graphs/variants/yelpchi/r40_s2/heterophily_rewire_oracle/0.15/seed_0/graph.bin,/kaggle/working/gfd-robustness-v4-factorial-r1/graphs/base/yelpchi/r40_s2/graph.bin,ok,
gfd_robustness_benchmark_v4_factorial,yelpchi,r40_s2,0,1,heterophily_rewire_oracle,0.15,pmp,train_on_variant,0.8105850099698769,0.4474705898107874,0.6804300603710917,0.1640647202730178,12.965565542999684,22,12,0.8188193307061272,roc_auc,early_stopping,45954,8051348,175.2045135498047,173.0,175.2045135498047,175.0,0.3428902924060821,0.1452974677085876,/kaggle/working/gfd-robustness-v4-factorial-r1/graphs/base/yelpchi/r40_s2/graph.bin,/kaggle/working/gfd-robustness-v4-factorial-r1/graphs/variants/yelpchi/r40_s2/heterophily_rewire_oracle/0.15/seed_0/graph.bin,/kaggle/working/gfd-robustness-v4-factorial-r1/graphs/variants/yelpchi/r40_s2/heterophily_rewire_oracle/0.15/seed_0/graph.bin,ok,
gfd_robustness_benchmark_v4_factorial,yelpchi,r40_s2,0,1,heterophily_rewire_oracle,0.15,sage,train_clean_eval_all,0.6202632723034074,0.2023381641314915,0.5468588915897769,0.2710321545600891,0.2216112659989448,23,13,0.6158413377294931,roc_auc,early_stopping,45954,8051348,175.2045135498047,173.0,175.2045135498047,175.0,0.3428902924060821,0.1452974677085876,/kaggle/working/gfd-robustness-v4-factorial-r1/graphs/base/yelpchi/r40_s2/graph.bin,/kaggle/working/gfd-robustness-v4-factorial-r1/graphs/variants/yelpchi/r40_s2/heterophily_rewire_oracle/0.15/seed_0/graph.bin,/kaggle/working/gfd-robustness-v4-factorial-r1/graphs/base/yelpchi/r40_s2/graph.bin,ok,
gfd_robustness_benchmark_v4_factorial,yelpchi,r40_s2,0,1,heterophily_rewire_oracle,0.15,sage,train_on_variant,0.7068798772744734,0.2609049065015864,0.5937423213499927,0.5165198445320129,1.3244396629997937,33,23,0.7045409183778075,roc_auc,early_stopping,45954,8051348,175.2045135498047,173.0,175.2045135498047,175.0,0.3428902924060821,0.1452974677085876,/kaggle/working/gfd-robustness-v4-factorial-r1/graphs/base/yelpchi/r40_s2/graph.bin,/kaggle/working/gfd-robustness-v4-factorial-r1/graphs/variants/yelpchi/r40_s2/heterophily_rewire_oracle/0.15/seed_0/graph.bin,/kaggle/working/gfd-robustness-v4-factorial-r1/graphs/variants/yelpchi/r40_s2/heterophily_rewire_oracle/0.15/seed_0/graph.bin,ok,
gfd_robustness_benchmark_v4_factorial,yelpchi,r40_s2,0,1,heterophily_rewire_oracle,0.15,secgfd,train_clean_eval_all,0.6152120799770113,0.2242038143042798,0.5516630644527023,0.7049526572227478,0.2501970680004888,50,49,0.789748460509659,roc_auc,max_epochs,45954,8051348,175.2045135498047,173.0,175.2045135498047,175.0,0.3428902924060821,0.1452974677085876,/kaggle/working/gfd-robustness-v4-factorial-r1/graphs/base/yelpchi/r40_s2/graph.bin,/kaggle/working/gfd-robustness-v4-factorial-r1/graphs/variants/yelpchi/r40_s2/heterophily_rewire_oracle/0.15/seed_0/graph.bin,/kaggle/working/gfd-robustness-v4-factorial-r1/graphs/base/yelpchi/r40_s2/graph.bin,ok,
gfd_robustness_benchmark_v4_factorial,yelpchi,r40_s2,0,1,heterophily_rewire_oracle,0.15,secgfd,train_on_variant,0.9996183168286644,0.9983555621581298,0.9921847887581388,0.7923603653907776,4.609554904000106,50,50,0.999693031705276,roc_auc,max_epochs,45954,8051348,175.2045135498047,173.0,175.2045135498047,175.0,0.3428902924060821,0.1452974677085876,/kaggle/working/gfd-robustness-v4-factorial-r1/graphs/base/yelpchi/r40_s2/graph.bin,/kaggle/working/gfd-robustness-v4-factorial-r1/graphs/variants/yelpchi/r40_s2/heterophily_rewire_oracle/0.15/seed_0/graph.bin,/kaggle/working/gfd-robustness-v4-factorial-r1/graphs/variants/yelpchi/r40_s2/heterophily_rewire_oracle/0.15/seed_0/graph.bin,ok,
gfd_robustness_benchmark_v4_factorial,yelpchi,r40_s2,0,2,heterophily_rewire_oracle,0.15,mlp,train_clean_eval_all,0.791833978586869,0.422563545347575,0.659744675709785,0.6869957447052002,0.180259583001316,100,100,0.7910127617371984,roc_auc,max_epochs,45954,8051348,175.2045135498047,173.0,175.2045135498047,175.0,0.3428902924060821,0.1452974677085876,/kaggle/working/gfd-robustness-v4-factorial-r1/graphs/base/yelpchi/r40_s2/graph.bin,/kaggle/working/gfd-robustness-v4-factorial-r1/graphs/variants/yelpchi/r40_s2/heterophily_rewire_oracle/0.15/seed_0/graph.bin,/kaggle/working/gfd-robustness-v4-factorial-r1/graphs/base/yelpchi/r40_s2/graph.bin,ok,
gfd_robustness_benchmark_v4_factorial,yelpchi,r40_s2,0,2,heterophily_rewire_oracle,0.15,mlp,train_on_variant,0.791833978586869,0.422563545347575,0.659744675709785,0.6869957447052002,2.1036504339990643,100,100,0.7910127617371984,roc_auc,max_epochs,45954,8051348,175.2045135498047,173.0,175.2045135498047,175.0,0.3428902924060821,0.1452974677085876,/kaggle/working/gfd-robustness-v4-factorial-r1/graphs/base/yelpchi/r40_s2/graph.bin,/kaggle/working/gfd-robustness-v4-factorial-r1/graphs/variants/yelpchi/r40_s2/heterophily_rewire_oracle/0.15/seed_0/graph.bin,/kaggle/working/gfd-robustness-v4-factorial-r1/graphs/variants/yelpchi/r40_s2/heterophily_rewire_oracle/0.15/seed_0/graph.bin,ok,
gfd_robustness_benchmark_v4_factorial,yelpchi,r40_s2,0,2,heterophily_rewire_oracle,0.15,pmp,train_clean_eval_all,0.7812642559521995,0.4126395780278974,0.6528381387416424,0.3158973157405853,0.529857847999665,67,57,0.8516228361905988,roc_auc,early_stopping,45954,8051348,175.2045135498047,173.0,175.2045135498047,175.0,0.3428902924060821,0.1452974677085876,/kaggle/working/gfd-robustness-v4-factorial-r1/graphs/base/yelpchi/r40_s2/graph.bin,/kaggle/working/gfd-robustness-v4-factorial-r1/graphs/variants/yelpchi/r40_s2/heterophily_rewire_oracle/0.15/seed_0/graph.bin,/kaggle/working/gfd-robustness-v4-factorial-r1/graphs/base/yelpchi/r40_s2/graph.bin,ok,
gfd_robustness_benchmark_v4_factorial,yelpchi,r40_s2,0,2,heterophily_rewire_oracle,0.15,pmp,train_on_variant,0.8762378858944535,0.5886091132135621,0.7398621877944902,0.245622381567955,40.562768695999694,70,60,0.8766316451984352,roc_auc,early_stopping,45954,8051348,175.2045135498047,173.0,175.2045135498047,175.0,0.3428902924060821,0.1452974677085876,/kaggle/working/gfd-robustness-v4-factorial-r1/graphs/base/yelpchi/r40_s2/graph.bin,/kaggle/working/gfd-robustness-v4-factorial-r1/graphs/variants/yelpchi/r40_s2/heterophily_rewire_oracle/0.15/seed_0/graph.bin,/kaggle/working/gfd-robustness-v4-factorial-r1/graphs/variants/yelpchi/r40_s2/heterophily_rewire_oracle/0.15/seed_0/graph.bin,ok,
gfd_robustness_benchmark_v4_factorial,yelpchi,r40_s2,0,2,heterophily_rewire_oracle,0.15,sage,train_clean_eval_all,0.7757639237182458,0.4029946270818948,0.6510728684179978,0.6848011612892151,0.2126676340012636,100,99,0.791447800370479,roc_auc,max_epochs,45954,8051348,175.2045135498047,173.0,175.2045135498047,175.0,0.3428902924060821,0.1452974677085876,/kaggle/working/gfd-robustness-v4-factorial-r1/graphs/base/yelpchi/r40_s2/graph.bin,/kaggle/working/gfd-robustness-v4-factorial-r1/graphs/variants/yelpchi/r40_s2/heterophily_rewire_oracle/0.15/seed_0/graph.bin,/kaggle/working/gfd-robustness-v4-factorial-r1/graphs/base/yelpchi/r40_s2/graph.bin,ok,
gfd_robustness_benchmark_v4_factorial,yelpchi,r40_s2,0,2,heterophily_rewire_oracle,0.15,sage,train_on_variant,0.8500038611359257,0.5259990797007075,0.7092874675118033,0.6822354793548584,3.5214911610000854,100,100,0.8494801135754082,roc_auc,max_epochs,45954,8051348,175.2045135498047,173.0,175.2045135498047,175.0,0.3428902924060821,0.1452974677085876,/kaggle/working/gfd-robustness-v4-factorial-r1/graphs/base/yelpchi/r40_s2/graph.bin,/kaggle/working/gfd-robustness-v4-factorial-r1/graphs/variants/yelpchi/r40_s2/heterophily_rewire_oracle/0.15/seed_0/graph.bin,/kaggle/working/gfd-robustness-v4-factorial-r1/graphs/variants/yelpchi/r40_s2/heterophily_rewire_oracle/0.15/seed_0/graph.bin,ok,
gfd_robustness_benchmark_v4_factorial,yelpchi,r40_s2,0,2,heterophily_rewire_oracle,0.15,secgfd,train_clean_eval_all,0.684424191967389,0.3067878096873149,0.5917303914606082,0.6936580538749695,0.2778595119998499,50,50,0.8116419561480677,roc_auc,max_epochs,45954,8051348,175.2045135498047,173.0,175.2045135498047,175.0,0.3428902924060821,0.1452974677085876,/kaggle/working/gfd-robustness-v4-factorial-r1/graphs/base/yelpchi/r40_s2/graph.bin,/kaggle/working/gfd-robustness-v4-factorial-r1/graphs/variants/yelpchi/r40_s2/heterophily_rewire_oracle/0.15/seed_0/graph.bin,/kaggle/working/gfd-robustness-v4-factorial-r1/graphs/base/yelpchi/r40_s2/graph.bin,ok,
gfd_robustness_benchmark_v4_factorial,yelpchi,r40_s2,0,2,heterophily_rewire_oracle,0.15,secgfd,train_on_variant,0.9901224830443492,0.9727868571739792,0.9612181494041182,0.5431206822395325,1.3275976109998735,12,2,0.9920056167855108,roc_auc,early_stopping,45954,8051348,175.2045135498047,173.0,175.2045135498047,175.0,0.3428902924060821,0.1452974677085876,/kaggle/working/gfd-robustness-v4-factorial-r1/graphs/base/yelpchi/r40_s2/graph.bin,/kaggle/working/gfd-robustness-v4-factorial-r1/graphs/variants/yelpchi/r40_s2/heterophily_rewire_oracle/0.15/seed_0/graph.bin,/kaggle/working/gfd-robustness-v4-factorial-r1/graphs/variants/yelpchi/r40_s2/heterophily_rewire_oracle/0.15/seed_0/graph.bin,ok,
gfd_robustness_benchmark_v4_factorial,yelpchi,r40_s2,0,3,heterophily_rewire_oracle,0.15,mlp,train_clean_eval_all,0.7873703172829494,0.4124587532671446,0.6562929132355262,0.6923589110374451,0.1739009480006643,100,100,0.787128406487435,roc_auc,max_epochs,45954,8051348,175.2045135498047,173.0,175.2045135498047,175.0,0.3428902924060821,0.1452974677085876,/kaggle/working/gfd-robustness-v4-factorial-r1/graphs/base/yelpchi/r40_s2/graph.bin,/kaggle/working/gfd-robustness-v4-factorial-r1/graphs/variants/yelpchi/r40_s2/heterophily_rewire_oracle/0.15/seed_0/graph.bin,/kaggle/working/gfd-robustness-v4-factorial-r1/graphs/base/yelpchi/r40_s2/graph.bin,ok,
gfd_robustness_benchmark_v4_factorial,yelpchi,r40_s2,0,3,heterophily_rewire_oracle,0.15,mlp,train_on_variant,0.7873703172829494,0.4124587532671446,0.6562929132355262,0.6923589110374451,2.076832603999719,100,100,0.787128406487435,roc_auc,max_epochs,45954,8051348,175.2045135498047,173.0,175.2045135498047,175.0,0.3428902924060821,0.1452974677085876,/kaggle/working/gfd-robustness-v4-factorial-r1/graphs/base/yelpchi/r40_s2/graph.bin,/kaggle/working/gfd-robustness-v4-factorial-r1/graphs/variants/yelpchi/r40_s2/heterophily_rewire_oracle/0.15/seed_0/graph.bin,/kaggle/working/gfd-robustness-v4-factorial-r1/graphs/variants/yelpchi/r40_s2/heterophily_rewire_oracle/0.15/seed_0/graph.bin,ok,
gfd_robustness_benchmark_v4_factorial,yelpchi,r40_s2,0,3,heterophily_rewire_oracle,0.15,pmp,train_clean_eval_all,0.7816076255076405,0.4086187728750687,0.6521985101249675,0.3407284319400787,0.4727946020011586,81,71,0.8504771645246115,roc_auc,early_stopping,45954,8051348,175.2045135498047,173.0,175.2045135498047,175.0,0.3428902924060821,0.1452974677085876,/kaggle/working/gfd-robustness-v4-factorial-r1/graphs/base/yelpchi/r40_s2/graph.bin,/kaggle/working/gfd-robustness-v4-factorial-r1/graphs/variants/yelpchi/r40_s2/heterophily_rewire_oracle/0.15/seed_0/graph.bin,/kaggle/working/gfd-robustness-v4-factorial-r1/graphs/base/yelpchi/r40_s2/graph.bin,ok,
gfd_robustness_benchmark_v4_factorial,yelpchi,r40_s2,0,3,heterophily_rewire_oracle,0.15,pmp,train_on_variant,0.8810535036723904,0.6066110011328332,0.7414577004784879,0.263077974319458,56.024246450000646,97,87,0.881810721957197,roc_auc,early_stopping,45954,8051348,175.2045135498047,173.0,175.2045135498047,175.0,0.3428902924060821,0.1452974677085876,/kaggle/working/gfd-robustness-v4-factorial-r1/graphs/base/yelpchi/r40_s2/graph.bin,/kaggle/working/gfd-robustness-v4-factorial-r1/graphs/variants/yelpchi/r40_s2/heterophily_rewire_oracle/0.15/seed_0/graph.bin,/kaggle/working/gfd-robustness-v4-factorial-r1/graphs/variants/yelpchi/r40_s2/heterophily_rewire_oracle/0.15/seed_0/graph.bin,ok,
gfd_robustness_benchmark_v4_factorial,yelpchi,r40_s2,0,3,heterophily_rewire_oracle,0.15,sage,train_clean_eval_all,0.7637794437220264,0.3880850921532511,0.645737916336867,0.678734302520752,0.2218803499999921,100,100,0.781263013848857,roc_auc,max_epochs,45954,8051348,175.2045135498047,173.0,175.2045135498047,175.0,0.3428902924060821,0.1452974677085876,/kaggle/working/gfd-robustness-v4-factorial-r1/graphs/base/yelpchi/r40_s2/graph.bin,/kaggle/working/gfd-robustness-v4-factorial-r1/graphs/variants/yelpchi/r40_s2/heterophily_rewire_oracle/0.15/seed_0/graph.bin,/kaggle/working/gfd-robustness-v4-factorial-r1/graphs/base/yelpchi/r40_s2/graph.bin,ok,
gfd_robustness_benchmark_v4_factorial,yelpchi,r40_s2,0,3,heterophily_rewire_oracle,0.15,sage,train_on_variant,0.8460925614084966,0.5132486197737925,0.7056086624147956,0.676033079624176,3.4643295160003618,100,99,0.844943057333648,roc_auc,max_epochs,45954,8051348,175.2045135498047,173.0,175.2045135498047,175.0,0.3428902924060821,0.1452974677085876,/kaggle/working/gfd-robustness-v4-factorial-r1/graphs/base/yelpchi/r40_s2/graph.bin,/kaggle/working/gfd-robustness-v4-factorial-r1/graphs/variants/yelpchi/r40_s2/heterophily_rewire_oracle/0.15/seed_0/graph.bin,/kaggle/working/gfd-robustness-v4-factorial-r1/graphs/variants/yelpchi/r40_s2/heterophily_rewire_oracle/0.15/seed_0/graph.bin,ok,
gfd_robustness_benchmark_v4_factorial,yelpchi,r40_s2,0,3,heterophily_rewire_oracle,0.15,secgfd,train_clean_eval_all,0.6284524891154555,0.2614565976948594,0.5736176307914853,0.7292185425758362,0.3025270549987908,50,49,0.8013855055464565,roc_auc,max_epochs,45954,8051348,175.2045135498047,173.0,175.2045135498047,175.0,0.3428902924060821,0.1452974677085876,/kaggle/working/gfd-robustness-v4-factorial-r1/graphs/base/yelpchi/r40_s2/graph.bin,/kaggle/working/gfd-robustness-v4-factorial-r1/graphs/variants/yelpchi/r40_s2/heterophily_rewire_oracle/0.15/seed_0/graph.bin,/kaggle/working/gfd-robustness-v4-factorial-r1/graphs/base/yelpchi/r40_s2/graph.bin,ok,
gfd_robustness_benchmark_v4_factorial,yelpchi,r40_s2,0,3,heterophily_rewire_oracle,0.15,secgfd,train_on_variant,0.999530613543788,0.9978064729130728,0.9894047338086334,0.7328839898109436,3.534538889000032,37,27,0.9997551119661848,roc_auc,early_stopping,45954,8051348,175.2045135498047,173.0,175.2045135498047,175.0,0.3428902924060821,0.1452974677085876,/kaggle/working/gfd-robustness-v4-factorial-r1/graphs/base/yelpchi/r40_s2/graph.bin,/kaggle/working/gfd-robustness-v4-factorial-r1/graphs/variants/yelpchi/r40_s2/heterophily_rewire_oracle/0.15/seed_0/graph.bin,/kaggle/working/gfd-robustness-v4-factorial-r1/graphs/variants/yelpchi/r40_s2/heterophily_rewire_oracle/0.15/seed_0/graph.bin,ok,
gfd_robustness_benchmark_v4_factorial,yelpchi,r40_s2,0,4,heterophily_rewire_oracle,0.15,mlp,train_clean_eval_all,0.7906828431985317,0.4231759041474303,0.6564547082775046,0.6527314186096191,0.1806999479995283,100,100,0.7886782196983243,roc_auc,max_epochs,45954,8051348,175.2045135498047,173.0,175.2045135498047,175.0,0.3428902924060821,0.1452974677085876,/kaggle/working/gfd-robustness-v4-factorial-r1/graphs/base/yelpchi/r40_s2/graph.bin,/kaggle/working/gfd-robustness-v4-factorial-r1/graphs/variants/yelpchi/r40_s2/heterophily_rewire_oracle/0.15/seed_0/graph.bin,/kaggle/working/gfd-robustness-v4-factorial-r1/graphs/base/yelpchi/r40_s2/graph.bin,ok,
gfd_robustness_benchmark_v4_factorial,yelpchi,r40_s2,0,4,heterophily_rewire_oracle,0.15,mlp,train_on_variant,0.7906828431985317,0.4231759041474303,0.6564547082775046,0.6527314186096191,2.0244526759997825,100,100,0.7886782196983243,roc_auc,max_epochs,45954,8051348,175.2045135498047,173.0,175.2045135498047,175.0,0.3428902924060821,0.1452974677085876,/kaggle/working/gfd-robustness-v4-factorial-r1/graphs/base/yelpchi/r40_s2/graph.bin,/kaggle/working/gfd-robustness-v4-factorial-r1/graphs/variants/yelpchi/r40_s2/heterophily_rewire_oracle/0.15/seed_0/graph.bin,/kaggle/working/gfd-robustness-v4-factorial-r1/graphs/variants/yelpchi/r40_s2/heterophily_rewire_oracle/0.15/seed_0/graph.bin,ok,
gfd_robustness_benchmark_v4_factorial,yelpchi,r40_s2,0,4,heterophily_rewire_oracle,0.15,pmp,train_clean_eval_all,0.7857325977817786,0.429802696576905,0.6550275053595682,0.3711147308349609,0.5536351210012072,88,78,0.8543143635700441,roc_auc,early_stopping,45954,8051348,175.2045135498047,173.0,175.2045135498047,175.0,0.3428902924060821,0.1452974677085876,/kaggle/working/gfd-robustness-v4-factorial-r1/graphs/base/yelpchi/r40_s2/graph.bin,/kaggle/working/gfd-robustness-v4-factorial-r1/graphs/variants/yelpchi/r40_s2/heterophily_rewire_oracle/0.15/seed_0/graph.bin,/kaggle/working/gfd-robustness-v4-factorial-r1/graphs/base/yelpchi/r40_s2/graph.bin,ok,
gfd_robustness_benchmark_v4_factorial,yelpchi,r40_s2,0,4,heterophily_rewire_oracle,0.15,pmp,train_on_variant,0.8870842240226776,0.633887731668407,0.7563437355534752,0.4345379173755646,57.03337498300061,100,94,0.8887656660873463,roc_auc,max_epochs,45954,8051348,175.2045135498047,173.0,175.2045135498047,175.0,0.3428902924060821,0.1452974677085876,/kaggle/working/gfd-robustness-v4-factorial-r1/graphs/base/yelpchi/r40_s2/graph.bin,/kaggle/working/gfd-robustness-v4-factorial-r1/graphs/variants/yelpchi/r40_s2/heterophily_rewire_oracle/0.15/seed_0/graph.bin,/kaggle/working/gfd-robustness-v4-factorial-r1/graphs/variants/yelpchi/r40_s2/heterophily_rewire_oracle/0.15/seed_0/graph.bin,ok,
gfd_robustness_benchmark_v4_factorial,yelpchi,r40_s2,0,4,heterophily_rewire_oracle,0.15,sage,train_clean_eval_all,0.7702033401374441,0.3896339243845598,0.6448299188799045,0.663702666759491,0.1860161360000347,100,100,0.7873061124263036,roc_auc,max_epochs,45954,8051348,175.2045135498047,173.0,175.2045135498047,175.0,0.3428902924060821,0.1452974677085876,/kaggle/working/gfd-robustness-v4-factorial-r1/graphs/base/yelpchi/r40_s2/graph.bin,/kaggle/working/gfd-robustness-v4-factorial-r1/graphs/variants/yelpchi/r40_s2/heterophily_rewire_oracle/0.15/seed_0/graph.bin,/kaggle/working/gfd-robustness-v4-factorial-r1/graphs/base/yelpchi/r40_s2/graph.bin,ok,
gfd_robustness_benchmark_v4_factorial,yelpchi,r40_s2,0,4,heterophily_rewire_oracle,0.15,sage,train_on_variant,0.8547634674324975,0.5289468827118462,0.7118267200001736,0.7036905288696289,3.3271978749999107,100,100,0.8539579503977762,roc_auc,max_epochs,45954,8051348,175.2045135498047,173.0,175.2045135498047,175.0,0.3428902924060821,0.1452974677085876,/kaggle/working/gfd-robustness-v4-factorial-r1/graphs/base/yelpchi/r40_s2/graph.bin,/kaggle/working/gfd-robustness-v4-factorial-r1/graphs/variants/yelpchi/r40_s2/heterophily_rewire_oracle/0.15/seed_0/graph.bin,/kaggle/working/gfd-robustness-v4-factorial-r1/graphs/variants/yelpchi/r40_s2/heterophily_rewire_oracle/0.15/seed_0/graph.bin,ok,
gfd_robustness_benchmark_v4_factorial,yelpchi,r40_s2,0,4,heterophily_rewire_oracle,0.15,secgfd,train_clean_eval_all,0.6516726602802542,0.223976152845347,0.5512748923458499,0.6979449987411499,0.2033467780001956,50,50,0.7831441601880527,roc_auc,max_epochs,45954,8051348,175.2045135498047,173.0,175.2045135498047,175.0,0.3428902924060821,0.1452974677085876,/kaggle/working/gfd-robustness-v4-factorial-r1/graphs/base/yelpchi/r40_s2/graph.bin,/kaggle/working/gfd-robustness-v4-factorial-r1/graphs/variants/yelpchi/r40_s2/heterophily_rewire_oracle/0.15/seed_0/graph.bin,/kaggle/working/gfd-robustness-v4-factorial-r1/graphs/base/yelpchi/r40_s2/graph.bin,ok,
gfd_robustness_benchmark_v4_factorial,yelpchi,r40_s2,0,4,heterophily_rewire_oracle,0.15,secgfd,train_on_variant,0.999587160963206,0.998028045286247,0.9902907249089378,0.8499583601951599,3.8907509799992113,42,32,0.9996840677351908,roc_auc,early_stopping,45954,8051348,175.2045135498047,173.0,175.2045135498047,175.0,0.3428902924060821,0.1452974677085876,/kaggle/working/gfd-robustness-v4-factorial-r1/graphs/base/yelpchi/r40_s2/graph.bin,/kaggle/working/gfd-robustness-v4-factorial-r1/graphs/variants/yelpchi/r40_s2/heterophily_rewire_oracle/0.15/seed_0/graph.bin,/kaggle/working/gfd-robustness-v4-factorial-r1/graphs/variants/yelpchi/r40_s2/heterophily_rewire_oracle/0.15/seed_0/graph.bin,ok,
gfd_robustness_benchmark_v4_factorial,yelpchi,r40_s2,1,0,heterophily_rewire_oracle,0.15,mlp,train_clean_eval_all,0.7404642686051014,0.3246557322868326,0.6234842465885414,0.5026629567146301,0.176526085999285,17,7,0.738136447836131,roc_auc,early_stopping,45954,8051348,175.2045135498047,173.0,175.2045135498047,175.0,0.3429500162601471,0.1452974677085876,/kaggle/working/gfd-robustness-v4-factorial-r1/graphs/base/yelpchi/r40_s2/graph.bin,/kaggle/working/gfd-robustness-v4-factorial-r1/graphs/variants/yelpchi/r40_s2/heterophily_rewire_oracle/0.15/seed_1/graph.bin,/kaggle/working/gfd-robustness-v4-factorial-r1/graphs/base/yelpchi/r40_s2/graph.bin,ok,
gfd_robustness_benchmark_v4_factorial,yelpchi,r40_s2,1,0,heterophily_rewire_oracle,0.15,mlp,train_on_variant,0.7404642686051014,0.3246557322868326,0.6234842465885414,0.5026629567146301,0.5548537750000833,17,7,0.738136447836131,roc_auc,early_stopping,45954,8051348,175.2045135498047,173.0,175.2045135498047,175.0,0.3429500162601471,0.1452974677085876,/kaggle/working/gfd-robustness-v4-factorial-r1/graphs/base/yelpchi/r40_s2/graph.bin,/kaggle/working/gfd-robustness-v4-factorial-r1/graphs/variants/yelpchi/r40_s2/heterophily_rewire_oracle/0.15/seed_1/graph.bin,/kaggle/working/gfd-robustness-v4-factorial-r1/graphs/variants/yelpchi/r40_s2/heterophily_rewire_oracle/0.15/seed_1/graph.bin,ok,
gfd_robustness_benchmark_v4_factorial,yelpchi,r40_s2,1,0,heterophily_rewire_oracle,0.15,pmp,train_clean_eval_all,0.789957290262906,0.4275397760169985,0.6538856486401672,0.3942893743515014,0.5529889139997977,71,61,0.8519974633871886,roc_auc,early_stopping,45954,8051348,175.2045135498047,173.0,175.2045135498047,175.0,0.3429500162601471,0.1452974677085876,/kaggle/working/gfd-robustness-v4-factorial-r1/graphs/base/yelpchi/r40_s2/graph.bin,/kaggle/working/gfd-robustness-v4-factorial-r1/graphs/variants/yelpchi/r40_s2/heterophily_rewire_oracle/0.15/seed_1/graph.bin,/kaggle/working/gfd-robustness-v4-factorial-r1/graphs/base/yelpchi/r40_s2/graph.bin,ok,
gfd_robustness_benchmark_v4_factorial,yelpchi,r40_s2,1,0,heterophily_rewire_oracle,0.15,pmp,train_on_variant,0.876300543007671,0.5857432713475298,0.7395120255877605,0.2793669402599334,44.0332761769987,77,67,0.8757197996457324,roc_auc,early_stopping,45954,8051348,175.2045135498047,173.0,175.2045135498047,175.0,0.3429500162601471,0.1452974677085876,/kaggle/working/gfd-robustness-v4-factorial-r1/graphs/base/yelpchi/r40_s2/graph.bin,/kaggle/working/gfd-robustness-v4-factorial-r1/graphs/variants/yelpchi/r40_s2/heterophily_rewire_oracle/0.15/seed_1/graph.bin,/kaggle/working/gfd-robustness-v4-factorial-r1/graphs/variants/yelpchi/r40_s2/heterophily_rewire_oracle/0.15/seed_1/graph.bin,ok,
gfd_robustness_benchmark_v4_factorial,yelpchi,r40_s2,1,0,heterophily_rewire_oracle,0.15,sage,train_clean_eval_all,0.7752500186744637,0.4075127002314892,0.6507116647367541,0.648261308670044,0.1665381729999353,100,100,0.7811570196706694,roc_auc,max_epochs,45954,8051348,175.2045135498047,173.0,175.2045135498047,175.0,0.3429500162601471,0.1452974677085876,/kaggle/working/gfd-robustness-v4-factorial-r1/graphs/base/yelpchi/r40_s2/graph.bin,/kaggle/working/gfd-robustness-v4-factorial-r1/graphs/variants/yelpchi/r40_s2/heterophily_rewire_oracle/0.15/seed_1/graph.bin,/kaggle/working/gfd-robustness-v4-factorial-r1/graphs/base/yelpchi/r40_s2/graph.bin,ok,
gfd_robustness_benchmark_v4_factorial,yelpchi,r40_s2,1,0,heterophily_rewire_oracle,0.15,sage,train_on_variant,0.8430709307581374,0.5073431714357091,0.7001069443798871,0.6293482780456543,3.3020008469993627,100,99,0.8406701044445557,roc_auc,max_epochs,45954,8051348,175.2045135498047,173.0,175.2045135498047,175.0,0.3429500162601471,0.1452974677085876,/kaggle/working/gfd-robustness-v4-factorial-r1/graphs/base/yelpchi/r40_s2/graph.bin,/kaggle/working/gfd-robustness-v4-factorial-r1/graphs/variants/yelpchi/r40_s2/heterophily_rewire_oracle/0.15/seed_1/graph.bin,/kaggle/working/gfd-robustness-v4-factorial-r1/graphs/variants/yelpchi/r40_s2/heterophily_rewire_oracle/0.15/seed_1/graph.bin,ok,
gfd_robustness_benchmark_v4_factorial,yelpchi,r40_s2,1,0,heterophily_rewire_oracle,0.15,secgfd,train_clean_eval_all,0.6854357333576229,0.2774464033576616,0.5748958517073783,0.7547904253005981,0.2073921139999583,50,50,0.8112726691889752,roc_auc,max_epochs,45954,8051348,175.2045135498047,173.0,175.2045135498047,175.0,0.3429500162601471,0.1452974677085876,/kaggle/working/gfd-robustness-v4-factorial-r1/graphs/base/yelpchi/r40_s2/graph.bin,/kaggle/working/gfd-robustness-v4-factorial-r1/graphs/variants/yelpchi/r40_s2/heterophily_rewire_oracle/0.15/seed_1/graph.bin,/kaggle/working/gfd-robustness-v4-factorial-r1/graphs/base/yelpchi/r40_s2/graph.bin,ok,
gfd_robustness_benchmark_v4_factorial,yelpchi,r40_s2,1,0,heterophily_rewire_oracle,0.15,secgfd,train_on_variant,0.9993572316289012,0.9979514488836808,0.9908581816985756,0.7050861120223999,3.869325480000043,42,32,0.9997097199474558,roc_auc,early_stopping,45954,8051348,175.2045135498047,173.0,175.2045135498047,175.0,0.3429500162601471,0.1452974677085876,/kaggle/working/gfd-robustness-v4-factorial-r1/graphs/base/yelpchi/r40_s2/graph.bin,/kaggle/working/gfd-robustness-v4-factorial-r1/graphs/variants/yelpchi/r40_s2/heterophily_rewire_oracle/0.15/seed_1/graph.bin,/kaggle/working/gfd-robustness-v4-factorial-r1/graphs/variants/yelpchi/r40_s2/heterophily_rewire_oracle/0.15/seed_1/graph.bin,ok,
gfd_robustness_benchmark_v4_factorial,yelpchi,r40_s2,1,1,heterophily_rewire_oracle,0.15,mlp,train_clean_eval_all,0.789016635612431,0.4167857282436971,0.6554860094295863,0.6965858936309814,0.1772100100006355,100,100,0.7856864946824108,roc_auc,max_epochs,45954,8051348,175.2045135498047,173.0,175.2045135498047,175.0,0.3429500162601471,0.1452974677085876,/kaggle/working/gfd-robustness-v4-factorial-r1/graphs/base/yelpchi/r40_s2/graph.bin,/kaggle/working/gfd-robustness-v4-factorial-r1/graphs/variants/yelpchi/r40_s2/heterophily_rewire_oracle/0.15/seed_1/graph.bin,/kaggle/working/gfd-robustness-v4-factorial-r1/graphs/base/yelpchi/r40_s2/graph.bin,ok,
gfd_robustness_benchmark_v4_factorial,yelpchi,r40_s2,1,1,heterophily_rewire_oracle,0.15,mlp,train_on_variant,0.789016635612431,0.4167857282436971,0.6554860094295863,0.6965858936309814,2.034855009000239,100,100,0.7856864946824108,roc_auc,max_epochs,45954,8051348,175.2045135498047,173.0,175.2045135498047,175.0,0.3429500162601471,0.1452974677085876,/kaggle/working/gfd-robustness-v4-factorial-r1/graphs/base/yelpchi/r40_s2/graph.bin,/kaggle/working/gfd-robustness-v4-factorial-r1/graphs/variants/yelpchi/r40_s2/heterophily_rewire_oracle/0.15/seed_1/graph.bin,/kaggle/working/gfd-robustness-v4-factorial-r1/graphs/variants/yelpchi/r40_s2/heterophily_rewire_oracle/0.15/seed_1/graph.bin,ok,
gfd_robustness_benchmark_v4_factorial,yelpchi,r40_s2,1,1,heterophily_rewire_oracle,0.15,pmp,train_clean_eval_all,0.7804358029104723,0.4255602205059369,0.6565289420973517,0.3003063797950744,0.5480180409995228,82,72,0.8499563006458349,roc_auc,early_stopping,45954,8051348,175.2045135498047,173.0,175.2045135498047,175.0,0.3429500162601471,0.1452974677085876,/kaggle/working/gfd-robustness-v4-factorial-r1/graphs/base/yelpchi/r40_s2/graph.bin,/kaggle/working/gfd-robustness-v4-factorial-r1/graphs/variants/yelpchi/r40_s2/heterophily_rewire_oracle/0.15/seed_1/graph.bin,/kaggle/working/gfd-robustness-v4-factorial-r1/graphs/base/yelpchi/r40_s2/graph.bin,ok,
gfd_robustness_benchmark_v4_factorial,yelpchi,r40_s2,1,1,heterophily_rewire_oracle,0.15,pmp,train_on_variant,0.8744723273031331,0.576507990398874,0.7337219132836581,0.2043256014585495,51.797916551000526,88,78,0.8764658117518601,roc_auc,early_stopping,45954,8051348,175.2045135498047,173.0,175.2045135498047,175.0,0.3429500162601471,0.1452974677085876,/kaggle/working/gfd-robustness-v4-factorial-r1/graphs/base/yelpchi/r40_s2/graph.bin,/kaggle/working/gfd-robustness-v4-factorial-r1/graphs/variants/yelpchi/r40_s2/heterophily_rewire_oracle/0.15/seed_1/graph.bin,/kaggle/working/gfd-robustness-v4-factorial-r1/graphs/variants/yelpchi/r40_s2/heterophily_rewire_oracle/0.15/seed_1/graph.bin,ok,
gfd_robustness_benchmark_v4_factorial,yelpchi,r40_s2,1,1,heterophily_rewire_oracle,0.15,sage,train_clean_eval_all,0.6201607890380136,0.2022495120212479,0.547178772768419,0.2710321545600891,0.2430894480003189,23,13,0.6158413377294931,roc_auc,early_stopping,45954,8051348,175.2045135498047,173.0,175.2045135498047,175.0,0.3429500162601471,0.1452974677085876,/kaggle/working/gfd-robustness-v4-factorial-r1/graphs/base/yelpchi/r40_s2/graph.bin,/kaggle/working/gfd-robustness-v4-factorial-r1/graphs/variants/yelpchi/r40_s2/heterophily_rewire_oracle/0.15/seed_1/graph.bin,/kaggle/working/gfd-robustness-v4-factorial-r1/graphs/base/yelpchi/r40_s2/graph.bin,ok,
gfd_robustness_benchmark_v4_factorial,yelpchi,r40_s2,1,1,heterophily_rewire_oracle,0.15,sage,train_on_variant,0.702717401246387,0.2574703318204898,0.5935650486247339,0.588995099067688,1.315165177999006,32,22,0.7034719649451553,roc_auc,early_stopping,45954,8051348,175.2045135498047,173.0,175.2045135498047,175.0,0.3429500162601471,0.1452974677085876,/kaggle/working/gfd-robustness-v4-factorial-r1/graphs/base/yelpchi/r40_s2/graph.bin,/kaggle/working/gfd-robustness-v4-factorial-r1/graphs/variants/yelpchi/r40_s2/heterophily_rewire_oracle/0.15/seed_1/graph.bin,/kaggle/working/gfd-robustness-v4-factorial-r1/graphs/variants/yelpchi/r40_s2/heterophily_rewire_oracle/0.15/seed_1/graph.bin,ok,
gfd_robustness_benchmark_v4_factorial,yelpchi,r40_s2,1,1,heterophily_rewire_oracle,0.15,secgfd,train_clean_eval_all,0.6153309510370806,0.2238700512696932,0.5521513122417523,0.7049526572227478,0.2485764990015013,50,49,0.789748460509659,roc_auc,max_epochs,45954,8051348,175.2045135498047,173.0,175.2045135498047,175.0,0.3429500162601471,0.1452974677085876,/kaggle/working/gfd-robustness-v4-factorial-r1/graphs/base/yelpchi/r40_s2/graph.bin,/kaggle/working/gfd-robustness-v4-factorial-r1/graphs/variants/yelpchi/r40_s2/heterophily_rewire_oracle/0.15/seed_1/graph.bin,/kaggle/working/gfd-robustness-v4-factorial-r1/graphs/base/yelpchi/r40_s2/graph.bin,ok,
gfd_robustness_benchmark_v4_factorial,yelpchi,r40_s2,1,1,heterophily_rewire_oracle,0.15,secgfd,train_on_variant,0.9994128024500896,0.9985011043989496,0.992969605345532,0.7525912523269653,4.584039765999478,50,50,0.9997330834865076,roc_auc,max_epochs,45954,8051348,175.2045135498047,173.0,175.2045135498047,175.0,0.3429500162601471,0.1452974677085876,/kaggle/working/gfd-robustness-v4-factorial-r1/graphs/base/yelpchi/r40_s2/graph.bin,/kaggle/working/gfd-robustness-v4-factorial-r1/graphs/variants/yelpchi/r40_s2/heterophily_rewire_oracle/0.15/seed_1/graph.bin,/kaggle/working/gfd-robustness-v4-factorial-r1/graphs/variants/yelpchi/r40_s2/heterophily_rewire_oracle/0.15/seed_1/graph.bin,ok,
gfd_robustness_benchmark_v4_factorial,yelpchi,r40_s2,1,2,heterophily_rewire_oracle,0.15,mlp,train_clean_eval_all,0.791833978586869,0.422563545347575,0.659744675709785,0.6869957447052002,0.1948487620011292,100,100,0.7910127617371984,roc_auc,max_epochs,45954,8051348,175.2045135498047,173.0,175.2045135498047,175.0,0.3429500162601471,0.1452974677085876,/kaggle/working/gfd-robustness-v4-factorial-r1/graphs/base/yelpchi/r40_s2/graph.bin,/kaggle/working/gfd-robustness-v4-factorial-r1/graphs/variants/yelpchi/r40_s2/heterophily_rewire_oracle/0.15/seed_1/graph.bin,/kaggle/working/gfd-robustness-v4-factorial-r1/graphs/base/yelpchi/r40_s2/graph.bin,ok,
gfd_robustness_benchmark_v4_factorial,yelpchi,r40_s2,1,2,heterophily_rewire_oracle,0.15,mlp,train_on_variant,0.791833978586869,0.422563545347575,0.659744675709785,0.6869957447052002,2.028449307999836,100,100,0.7910127617371984,roc_auc,max_epochs,45954,8051348,175.2045135498047,173.0,175.2045135498047,175.0,0.3429500162601471,0.1452974677085876,/kaggle/working/gfd-robustness-v4-factorial-r1/graphs/base/yelpchi/r40_s2/graph.bin,/kaggle/working/gfd-robustness-v4-factorial-r1/graphs/variants/yelpchi/r40_s2/heterophily_rewire_oracle/0.15/seed_1/graph.bin,/kaggle/working/gfd-robustness-v4-factorial-r1/graphs/variants/yelpchi/r40_s2/heterophily_rewire_oracle/0.15/seed_1/graph.bin,ok,
gfd_robustness_benchmark_v4_factorial,yelpchi,r40_s2,1,2,heterophily_rewire_oracle,0.15,pmp,train_clean_eval_all,0.7802754502451309,0.4179213846454022,0.6583406951540143,0.3158973157405853,0.4762328220003837,67,57,0.8516228361905988,roc_auc,early_stopping,45954,8051348,175.2045135498047,173.0,175.2045135498047,175.0,0.3429500162601471,0.1452974677085876,/kaggle/working/gfd-robustness-v4-factorial-r1/graphs/base/yelpchi/r40_s2/graph.bin,/kaggle/working/gfd-robustness-v4-factorial-r1/graphs/variants/yelpchi/r40_s2/heterophily_rewire_oracle/0.15/seed_1/graph.bin,/kaggle/working/gfd-robustness-v4-factorial-r1/graphs/base/yelpchi/r40_s2/graph.bin,ok,
gfd_robustness_benchmark_v4_factorial,yelpchi,r40_s2,1,2,heterophily_rewire_oracle,0.15,pmp,train_on_variant,0.8707756767206423,0.5717056922922867,0.7298910057145482,0.2609551548957824,42.23310332700021,73,63,0.8761141189680944,roc_auc,early_stopping,45954,8051348,175.2045135498047,173.0,175.2045135498047,175.0,0.3429500162601471,0.1452974677085876,/kaggle/working/gfd-robustness-v4-factorial-r1/graphs/base/yelpchi/r40_s2/graph.bin,/kaggle/working/gfd-robustness-v4-factorial-r1/graphs/variants/yelpchi/r40_s2/heterophily_rewire_oracle/0.15/seed_1/graph.bin,/kaggle/working/gfd-robustness-v4-factorial-r1/graphs/variants/yelpchi/r40_s2/heterophily_rewire_oracle/0.15/seed_1/graph.bin,ok,
gfd_robustness_benchmark_v4_factorial,yelpchi,r40_s2,1,2,heterophily_rewire_oracle,0.15,sage,train_clean_eval_all,0.7754384425840275,0.4020702297083131,0.6508216709703402,0.6848011612892151,0.2473779819993069,100,99,0.791447800370479,roc_auc,max_epochs,45954,8051348,175.2045135498047,173.0,175.2045135498047,175.0,0.3429500162601471,0.1452974677085876,/kaggle/working/gfd-robustness-v4-factorial-r1/graphs/base/yelpchi/r40_s2/graph.bin,/kaggle/working/gfd-robustness-v4-factorial-r1/graphs/variants/yelpchi/r40_s2/heterophily_rewire_oracle/0.15/seed_1/graph.bin,/kaggle/working/gfd-robustness-v4-factorial-r1/graphs/base/yelpchi/r40_s2/graph.bin,ok,
gfd_robustness_benchmark_v4_factorial,yelpchi,r40_s2,1,2,heterophily_rewire_oracle,0.15,sage,train_on_variant,0.8531262362304414,0.5323351036520294,0.7135062853938143,0.7014868259429932,3.492168702001436,100,100,0.8504779274156826,roc_auc,max_epochs,45954,8051348,175.2045135498047,173.0,175.2045135498047,175.0,0.3429500162601471,0.1452974677085876,/kaggle/working/gfd-robustness-v4-factorial-r1/graphs/base/yelpchi/r40_s2/graph.bin,/kaggle/working/gfd-robustness-v4-factorial-r1/graphs/variants/yelpchi/r40_s2/heterophily_rewire_oracle/0.15/seed_1/graph.bin,/kaggle/working/gfd-robustness-v4-factorial-r1/graphs/variants/yelpchi/r40_s2/heterophily_rewire_oracle/0.15/seed_1/graph.bin,ok,
gfd_robustness_benchmark_v4_factorial,yelpchi,r40_s2,1,2,heterophily_rewire_oracle,0.15,secgfd,train_clean_eval_all,0.6846186779318145,0.3055683636668632,0.5917515860618585,0.6936580538749695,0.2647442079996835,50,50,0.8116419561480677,roc_auc,max_epochs,45954,8051348,175.2045135498047,173.0,175.2045135498047,175.0,0.3429500162601471,0.1452974677085876,/kaggle/working/gfd-robustness-v4-factorial-r1/graphs/base/yelpchi/r40_s2/graph.bin,/kaggle/working/gfd-robustness-v4-factorial-r1/graphs/variants/yelpchi/r40_s2/heterophily_rewire_oracle/0.15/seed_1/graph.bin,/kaggle/working/gfd-robustness-v4-factorial-r1/graphs/base/yelpchi/r40_s2/graph.bin,ok,
gfd_robustness_benchmark_v4_factorial,yelpchi,r40_s2,1,2,heterophily_rewire_oracle,0.15,secgfd,train_on_variant,0.9904948170741004,0.9731428699117992,0.9593836340056762,0.5436133146286011,1.3819646920001103,12,2,0.9918152277825856,roc_auc,early_stopping,45954,8051348,175.2045135498047,173.0,175.2045135498047,175.0,0.3429500162601471,0.1452974677085876,/kaggle/working/gfd-robustness-v4-factorial-r1/graphs/base/yelpchi/r40_s2/graph.bin,/kaggle/working/gfd-robustness-v4-factorial-r1/graphs/variants/yelpchi/r40_s2/heterophily_rewire_oracle/0.15/seed_1/graph.bin,/kaggle/working/gfd-robustness-v4-factorial-r1/graphs/variants/yelpchi/r40_s2/heterophily_rewire_oracle/0.15/seed_1/graph.bin,ok,
gfd_robustness_benchmark_v4_factorial,yelpchi,r40_s2,1,3,heterophily_rewire_oracle,0.15,mlp,train_clean_eval_all,0.7873703172829494,0.4124587532671446,0.6562929132355262,0.6923589110374451,0.1734564620001037,100,100,0.787128406487435,roc_auc,max_epochs,45954,8051348,175.2045135498047,173.0,175.2045135498047,175.0,0.3429500162601471,0.1452974677085876,/kaggle/working/gfd-robustness-v4-factorial-r1/graphs/base/yelpchi/r40_s2/graph.bin,/kaggle/working/gfd-robustness-v4-factorial-r1/graphs/variants/yelpchi/r40_s2/heterophily_rewire_oracle/0.15/seed_1/graph.bin,/kaggle/working/gfd-robustness-v4-factorial-r1/graphs/base/yelpchi/r40_s2/graph.bin,ok,
gfd_robustness_benchmark_v4_factorial,yelpchi,r40_s2,1,3,heterophily_rewire_oracle,0.15,mlp,train_on_variant,0.7873703172829494,0.4124587532671446,0.6562929132355262,0.6923589110374451,1.868343267000455,100,100,0.787128406487435,roc_auc,max_epochs,45954,8051348,175.2045135498047,173.0,175.2045135498047,175.0,0.3429500162601471,0.1452974677085876,/kaggle/working/gfd-robustness-v4-factorial-r1/graphs/base/yelpchi/r40_s2/graph.bin,/kaggle/working/gfd-robustness-v4-factorial-r1/graphs/variants/yelpchi/r40_s2/heterophily_rewire_oracle/0.15/seed_1/graph.bin,/kaggle/working/gfd-robustness-v4-factorial-r1/graphs/variants/yelpchi/r40_s2/heterophily_rewire_oracle/0.15/seed_1/graph.bin,ok,
gfd_robustness_benchmark_v4_factorial,yelpchi,r40_s2,1,3,heterophily_rewire_oracle,0.15,pmp,train_clean_eval_all,0.7792855607522227,0.4124008834890867,0.6555051310356106,0.3407284319400787,0.4879040399991936,81,71,0.8504771645246115,roc_auc,early_stopping,45954,8051348,175.2045135498047,173.0,175.2045135498047,175.0,0.3429500162601471,0.1452974677085876,/kaggle/working/gfd-robustness-v4-factorial-r1/graphs/base/yelpchi/r40_s2/graph.bin,/kaggle/working/gfd-robustness-v4-factorial-r1/graphs/variants/yelpchi/r40_s2/heterophily_rewire_oracle/0.15/seed_1/graph.bin,/kaggle/working/gfd-robustness-v4-factorial-r1/graphs/base/yelpchi/r40_s2/graph.bin,ok,
gfd_robustness_benchmark_v4_factorial,yelpchi,r40_s2,1,3,heterophily_rewire_oracle,0.15,pmp,train_on_variant,0.8773241251394868,0.5924836558376186,0.737402013795471,0.3433868288993835,44.59746348999943,79,69,0.8766587278314583,roc_auc,early_stopping,45954,8051348,175.2045135498047,173.0,175.2045135498047,175.0,0.3429500162601471,0.1452974677085876,/kaggle/working/gfd-robustness-v4-factorial-r1/graphs/base/yelpchi/r40_s2/graph.bin,/kaggle/working/gfd-robustness-v4-factorial-r1/graphs/variants/yelpchi/r40_s2/heterophily_rewire_oracle/0.15/seed_1/graph.bin,/kaggle/working/gfd-robustness-v4-factorial-r1/graphs/variants/yelpchi/r40_s2/heterophily_rewire_oracle/0.15/seed_1/graph.bin,ok,
gfd_robustness_benchmark_v4_factorial,yelpchi,r40_s2,1,3,heterophily_rewire_oracle,0.15,sage,train_clean_eval_all,0.763448769943565,0.3874334758531753,0.6461591171200807,0.678734302520752,0.2123553009987517,100,100,0.781263013848857,roc_auc,max_epochs,45954,8051348,175.2045135498047,173.0,175.2045135498047,175.0,0.3429500162601471,0.1452974677085876,/kaggle/working/gfd-robustness-v4-factorial-r1/graphs/base/yelpchi/r40_s2/graph.bin,/kaggle/working/gfd-robustness-v4-factorial-r1/graphs/variants/yelpchi/r40_s2/heterophily_rewire_oracle/0.15/seed_1/graph.bin,/kaggle/working/gfd-robustness-v4-factorial-r1/graphs/base/yelpchi/r40_s2/graph.bin,ok,
gfd_robustness_benchmark_v4_factorial,yelpchi,r40_s2,1,3,heterophily_rewire_oracle,0.15,sage,train_on_variant,0.8559268460279035,0.5393446248454951,0.7142781435355985,0.6642131209373474,3.216677140000684,100,100,0.8538289264453806,roc_auc,max_epochs,45954,8051348,175.2045135498047,173.0,175.2045135498047,175.0,0.3429500162601471,0.1452974677085876,/kaggle/working/gfd-robustness-v4-factorial-r1/graphs/base/yelpchi/r40_s2/graph.bin,/kaggle/working/gfd-robustness-v4-factorial-r1/graphs/variants/yelpchi/r40_s2/heterophily_rewire_oracle/0.15/seed_1/graph.bin,/kaggle/working/gfd-robustness-v4-factorial-r1/graphs/variants/yelpchi/r40_s2/heterophily_rewire_oracle/0.15/seed_1/graph.bin,ok,
gfd_robustness_benchmark_v4_factorial,yelpchi,r40_s2,1,3,heterophily_rewire_oracle,0.15,secgfd,train_clean_eval_all,0.6288035761788541,0.2604041323396127,0.5735221024956175,0.7292185425758362,0.2079544870011886,50,49,0.8013855055464565,roc_auc,max_epochs,45954,8051348,175.2045135498047,173.0,175.2045135498047,175.0,0.3429500162601471,0.1452974677085876,/kaggle/working/gfd-robustness-v4-factorial-r1/graphs/base/yelpchi/r40_s2/graph.bin,/kaggle/working/gfd-robustness-v4-factorial-r1/graphs/variants/yelpchi/r40_s2/heterophily_rewire_oracle/0.15/seed_1/graph.bin,/kaggle/working/gfd-robustness-v4-factorial-r1/graphs/base/yelpchi/r40_s2/graph.bin,ok,
gfd_robustness_benchmark_v4_factorial,yelpchi,r40_s2,1,3,heterophily_rewire_oracle,0.15,secgfd,train_on_variant,0.9993911267332952,0.9979056825215364,0.9897438953405489,0.6569606065750122,3.5852299880007195,38,28,0.9997328927637398,roc_auc,early_stopping,45954,8051348,175.2045135498047,173.0,175.2045135498047,175.0,0.3429500162601471,0.1452974677085876,/kaggle/working/gfd-robustness-v4-factorial-r1/graphs/base/yelpchi/r40_s2/graph.bin,/kaggle/working/gfd-robustness-v4-factorial-r1/graphs/variants/yelpchi/r40_s2/heterophily_rewire_oracle/0.15/seed_1/graph.bin,/kaggle/working/gfd-robustness-v4-factorial-r1/graphs/variants/yelpchi/r40_s2/heterophily_rewire_oracle/0.15/seed_1/graph.bin,ok,
gfd_robustness_benchmark_v4_factorial,yelpchi,r40_s2,1,4,heterophily_rewire_oracle,0.15,mlp,train_clean_eval_all,0.7906828431985317,0.4231759041474303,0.6564547082775046,0.6527314186096191,0.171692437999809,100,100,0.7886782196983243,roc_auc,max_epochs,45954,8051348,175.2045135498047,173.0,175.2045135498047,175.0,0.3429500162601471,0.1452974677085876,/kaggle/working/gfd-robustness-v4-factorial-r1/graphs/base/yelpchi/r40_s2/graph.bin,/kaggle/working/gfd-robustness-v4-factorial-r1/graphs/variants/yelpchi/r40_s2/heterophily_rewire_oracle/0.15/seed_1/graph.bin,/kaggle/working/gfd-robustness-v4-factorial-r1/graphs/base/yelpchi/r40_s2/graph.bin,ok,
gfd_robustness_benchmark_v4_factorial,yelpchi,r40_s2,1,4,heterophily_rewire_oracle,0.15,mlp,train_on_variant,0.7906828431985317,0.4231759041474303,0.6564547082775046,0.6527314186096191,2.0794301199985057,100,100,0.7886782196983243,roc_auc,max_epochs,45954,8051348,175.2045135498047,173.0,175.2045135498047,175.0,0.3429500162601471,0.1452974677085876,/kaggle/working/gfd-robustness-v4-factorial-r1/graphs/base/yelpchi/r40_s2/graph.bin,/kaggle/working/gfd-robustness-v4-factorial-r1/graphs/variants/yelpchi/r40_s2/heterophily_rewire_oracle/0.15/seed_1/graph.bin,/kaggle/working/gfd-robustness-v4-factorial-r1/graphs/variants/yelpchi/r40_s2/heterophily_rewire_oracle/0.15/seed_1/graph.bin,ok,
gfd_robustness_benchmark_v4_factorial,yelpchi,r40_s2,1,4,heterophily_rewire_oracle,0.15,pmp,train_clean_eval_all,0.7840858149726514,0.4260854790923926,0.6571425582220537,0.3711147308349609,0.5219554769992101,88,78,0.8543143635700441,roc_auc,early_stopping,45954,8051348,175.2045135498047,173.0,175.2045135498047,175.0,0.3429500162601471,0.1452974677085876,/kaggle/working/gfd-robustness-v4-factorial-r1/graphs/base/yelpchi/r40_s2/graph.bin,/kaggle/working/gfd-robustness-v4-factorial-r1/graphs/variants/yelpchi/r40_s2/heterophily_rewire_oracle/0.15/seed_1/graph.bin,/kaggle/working/gfd-robustness-v4-factorial-r1/graphs/base/yelpchi/r40_s2/graph.bin,ok,
gfd_robustness_benchmark_v4_factorial,yelpchi,r40_s2,1,4,heterophily_rewire_oracle,0.15,pmp,train_on_variant,0.8734095859642731,0.5736388740378563,0.7337335298380409,0.3925617933273315,40.98610539299989,71,61,0.8775249906426642,roc_auc,early_stopping,45954,8051348,175.2045135498047,173.0,175.2045135498047,175.0,0.3429500162601471,0.1452974677085876,/kaggle/working/gfd-robustness-v4-factorial-r1/graphs/base/yelpchi/r40_s2/graph.bin,/kaggle/working/gfd-robustness-v4-factorial-r1/graphs/variants/yelpchi/r40_s2/heterophily_rewire_oracle/0.15/seed_1/graph.bin,/kaggle/working/gfd-robustness-v4-factorial-r1/graphs/variants/yelpchi/r40_s2/heterophily_rewire_oracle/0.15/seed_1/graph.bin,ok,
gfd_robustness_benchmark_v4_factorial,yelpchi,r40_s2,1,4,heterophily_rewire_oracle,0.15,sage,train_clean_eval_all,0.7699706596544691,0.3893014585455989,0.6471425336883818,0.663702666759491,0.2282029750003857,100,100,0.7873061124263036,roc_auc,max_epochs,45954,8051348,175.2045135498047,173.0,175.2045135498047,175.0,0.3429500162601471,0.1452974677085876,/kaggle/working/gfd-robustness-v4-factorial-r1/graphs/base/yelpchi/r40_s2/graph.bin,/kaggle/working/gfd-robustness-v4-factorial-r1/graphs/variants/yelpchi/r40_s2/heterophily_rewire_oracle/0.15/seed_1/graph.bin,/kaggle/working/gfd-robustness-v4-factorial-r1/graphs/base/yelpchi/r40_s2/graph.bin,ok,
gfd_robustness_benchmark_v4_factorial,yelpchi,r40_s2,1,4,heterophily_rewire_oracle,0.15,sage,train_on_variant,0.8490912777296731,0.5064612357283266,0.7033178262512093,0.6639200448989868,3.340974376000304,100,100,0.8458796968461606,roc_auc,max_epochs,45954,8051348,175.2045135498047,173.0,175.2045135498047,175.0,0.3429500162601471,0.1452974677085876,/kaggle/working/gfd-robustness-v4-factorial-r1/graphs/base/yelpchi/r40_s2/graph.bin,/kaggle/working/gfd-robustness-v4-factorial-r1/graphs/variants/yelpchi/r40_s2/heterophily_rewire_oracle/0.15/seed_1/graph.bin,/kaggle/working/gfd-robustness-v4-factorial-r1/graphs/variants/yelpchi/r40_s2/heterophily_rewire_oracle/0.15/seed_1/graph.bin,ok,
gfd_robustness_benchmark_v4_factorial,yelpchi,r40_s2,1,4,heterophily_rewire_oracle,0.15,secgfd,train_clean_eval_all,0.6517914122429784,0.2232580401662716,0.5517109617000776,0.6979449987411499,0.2161069190005946,50,50,0.7831441601880527,roc_auc,max_epochs,45954,8051348,175.2045135498047,173.0,175.2045135498047,175.0,0.3429500162601471,0.1452974677085876,/kaggle/working/gfd-robustness-v4-factorial-r1/graphs/base/yelpchi/r40_s2/graph.bin,/kaggle/working/gfd-robustness-v4-factorial-r1/graphs/variants/yelpchi/r40_s2/heterophily_rewire_oracle/0.15/seed_1/graph.bin,/kaggle/working/gfd-robustness-v4-factorial-r1/graphs/base/yelpchi/r40_s2/graph.bin,ok,
gfd_robustness_benchmark_v4_factorial,yelpchi,r40_s2,1,4,heterophily_rewire_oracle,0.15,secgfd,train_on_variant,0.9993245751368952,0.997883909676733,0.9908041605180676,0.6447327136993408,4.087849091998578,44,34,0.9996721475622056,roc_auc,early_stopping,45954,8051348,175.2045135498047,173.0,175.2045135498047,175.0,0.3429500162601471,0.1452974677085876,/kaggle/working/gfd-robustness-v4-factorial-r1/graphs/base/yelpchi/r40_s2/graph.bin,/kaggle/working/gfd-robustness-v4-factorial-r1/graphs/variants/yelpchi/r40_s2/heterophily_rewire_oracle/0.15/seed_1/graph.bin,/kaggle/working/gfd-robustness-v4-factorial-r1/graphs/variants/yelpchi/r40_s2/heterophily_rewire_oracle/0.15/seed_1/graph.bin,ok,
gfd_robustness_benchmark_v4_factorial,yelpchi,r40_s2,0,0,heterophily_rewire_oracle,0.3,mlp,train_clean_eval_all,0.7404642686051014,0.3246557322868326,0.6234842465885414,0.5026629567146301,0.179905917000724,17,7,0.738136447836131,roc_auc,early_stopping,45954,8051348,175.2045135498047,149.0,175.2045135498047,175.0,0.4587487578392029,0.1452974677085876,/kaggle/working/gfd-robustness-v4-factorial-r1/graphs/base/yelpchi/r40_s2/graph.bin,/kaggle/working/gfd-robustness-v4-factorial-r1/graphs/variants/yelpchi/r40_s2/heterophily_rewire_oracle/0.30/seed_0/graph.bin,/kaggle/working/gfd-robustness-v4-factorial-r1/graphs/base/yelpchi/r40_s2/graph.bin,ok,
gfd_robustness_benchmark_v4_factorial,yelpchi,r40_s2,0,0,heterophily_rewire_oracle,0.3,mlp,train_on_variant,0.7404642686051014,0.3246557322868326,0.6234842465885414,0.5026629567146301,0.4923309280002286,17,7,0.738136447836131,roc_auc,early_stopping,45954,8051348,175.2045135498047,149.0,175.2045135498047,175.0,0.4587487578392029,0.1452974677085876,/kaggle/working/gfd-robustness-v4-factorial-r1/graphs/base/yelpchi/r40_s2/graph.bin,/kaggle/working/gfd-robustness-v4-factorial-r1/graphs/variants/yelpchi/r40_s2/heterophily_rewire_oracle/0.30/seed_0/graph.bin,/kaggle/working/gfd-robustness-v4-factorial-r1/graphs/variants/yelpchi/r40_s2/heterophily_rewire_oracle/0.30/seed_0/graph.bin,ok,
gfd_robustness_benchmark_v4_factorial,yelpchi,r40_s2,0,0,heterophily_rewire_oracle,0.3,pmp,train_clean_eval_all,0.7736557339750235,0.4001962699553965,0.6424654896946975,0.3942893743515014,0.5499072200000228,71,61,0.8519974633871886,roc_auc,early_stopping,45954,8051348,175.2045135498047,149.0,175.2045135498047,175.0,0.4587487578392029,0.1452974677085876,/kaggle/working/gfd-robustness-v4-factorial-r1/graphs/base/yelpchi/r40_s2/graph.bin,/kaggle/working/gfd-robustness-v4-factorial-r1/graphs/variants/yelpchi/r40_s2/heterophily_rewire_oracle/0.30/seed_0/graph.bin,/kaggle/working/gfd-robustness-v4-factorial-r1/graphs/base/yelpchi/r40_s2/graph.bin,ok,
gfd_robustness_benchmark_v4_factorial,yelpchi,r40_s2,0,0,heterophily_rewire_oracle,0.3,pmp,train_on_variant,0.9081740771575484,0.6593234984841613,0.7632438335301054,0.3278688192367553,53.9039060289997,100,100,0.9130972185468356,roc_auc,max_epochs,45954,8051348,175.2045135498047,149.0,175.2045135498047,175.0,0.4587487578392029,0.1452974677085876,/kaggle/working/gfd-robustness-v4-factorial-r1/graphs/base/yelpchi/r40_s2/graph.bin,/kaggle/working/gfd-robustness-v4-factorial-r1/graphs/variants/yelpchi/r40_s2/heterophily_rewire_oracle/0.30/seed_0/graph.bin,/kaggle/working/gfd-robustness-v4-factorial-r1/graphs/variants/yelpchi/r40_s2/heterophily_rewire_oracle/0.30/seed_0/graph.bin,ok,
gfd_robustness_benchmark_v4_factorial,yelpchi,r40_s2,0,0,heterophily_rewire_oracle,0.3,sage,train_clean_eval_all,0.77095629737216,0.4003919237149491,0.6478580809949015,0.648261308670044,0.1658821529999841,100,100,0.7811570196706694,roc_auc,max_epochs,45954,8051348,175.2045135498047,149.0,175.2045135498047,175.0,0.4587487578392029,0.1452974677085876,/kaggle/working/gfd-robustness-v4-factorial-r1/graphs/base/yelpchi/r40_s2/graph.bin,/kaggle/working/gfd-robustness-v4-factorial-r1/graphs/variants/yelpchi/r40_s2/heterophily_rewire_oracle/0.30/seed_0/graph.bin,/kaggle/working/gfd-robustness-v4-factorial-r1/graphs/base/yelpchi/r40_s2/graph.bin,ok,
gfd_robustness_benchmark_v4_factorial,yelpchi,r40_s2,0,0,heterophily_rewire_oracle,0.3,sage,train_on_variant,0.8819897874503031,0.608782155614249,0.7401774806145556,0.6899142265319824,3.405484732000332,100,100,0.8808798041277175,roc_auc,max_epochs,45954,8051348,175.2045135498047,149.0,175.2045135498047,175.0,0.4587487578392029,0.1452974677085876,/kaggle/working/gfd-robustness-v4-factorial-r1/graphs/base/yelpchi/r40_s2/graph.bin,/kaggle/working/gfd-robustness-v4-factorial-r1/graphs/variants/yelpchi/r40_s2/heterophily_rewire_oracle/0.30/seed_0/graph.bin,/kaggle/working/gfd-robustness-v4-factorial-r1/graphs/variants/yelpchi/r40_s2/heterophily_rewire_oracle/0.30/seed_0/graph.bin,ok,
gfd_robustness_benchmark_v4_factorial,yelpchi,r40_s2,0,0,heterophily_rewire_oracle,0.3,secgfd,train_clean_eval_all,0.5353024777202214,0.1590763935333957,0.5018842209898171,0.7547904253005981,0.2149764519999735,50,50,0.8112726691889752,roc_auc,max_epochs,45954,8051348,175.2045135498047,149.0,175.2045135498047,175.0,0.4587487578392029,0.1452974677085876,/kaggle/working/gfd-robustness-v4-factorial-r1/graphs/base/yelpchi/r40_s2/graph.bin,/kaggle/working/gfd-robustness-v4-factorial-r1/graphs/variants/yelpchi/r40_s2/heterophily_rewire_oracle/0.30/seed_0/graph.bin,/kaggle/working/gfd-robustness-v4-factorial-r1/graphs/base/yelpchi/r40_s2/graph.bin,ok,
gfd_robustness_benchmark_v4_factorial,yelpchi,r40_s2,0,0,heterophily_rewire_oracle,0.3,secgfd,train_on_variant,1.0,1.0,0.999890508715483,0.5624138116836548,1.3372136859998136,12,2,1.0,roc_auc,early_stopping,45954,8051348,175.2045135498047,149.0,175.2045135498047,175.0,0.4587487578392029,0.1452974677085876,/kaggle/working/gfd-robustness-v4-factorial-r1/graphs/base/yelpchi/r40_s2/graph.bin,/kaggle/working/gfd-robustness-v4-factorial-r1/graphs/variants/yelpchi/r40_s2/heterophily_rewire_oracle/0.30/seed_0/graph.bin,/kaggle/working/gfd-robustness-v4-factorial-r1/graphs/variants/yelpchi/r40_s2/heterophily_rewire_oracle/0.30/seed_0/graph.bin,ok,
gfd_robustness_benchmark_v4_factorial,yelpchi,r40_s2,0,1,heterophily_rewire_oracle,0.3,mlp,train_clean_eval_all,0.789016635612431,0.4167857282436971,0.6554860094295863,0.6965858936309814,0.1787072719998832,100,100,0.7856864946824108,roc_auc,max_epochs,45954,8051348,175.2045135498047,149.0,175.2045135498047,175.0,0.4587487578392029,0.1452974677085876,/kaggle/working/gfd-robustness-v4-factorial-r1/graphs/base/yelpchi/r40_s2/graph.bin,/kaggle/working/gfd-robustness-v4-factorial-r1/graphs/variants/yelpchi/r40_s2/heterophily_rewire_oracle/0.30/seed_0/graph.bin,/kaggle/working/gfd-robustness-v4-factorial-r1/graphs/base/yelpchi/r40_s2/graph.bin,ok,
gfd_robustness_benchmark_v4_factorial,yelpchi,r40_s2,0,1,heterophily_rewire_oracle,0.3,mlp,train_on_variant,0.789016635612431,0.4167857282436971,0.6554860094295863,0.6965858936309814,1.8261498949996169,100,100,0.7856864946824108,roc_auc,max_epochs,45954,8051348,175.2045135498047,149.0,175.2045135498047,175.0,0.4587487578392029,0.1452974677085876,/kaggle/working/gfd-robustness-v4-factorial-r1/graphs/base/yelpchi/r40_s2/graph.bin,/kaggle/working/gfd-robustness-v4-factorial-r1/graphs/variants/yelpchi/r40_s2/heterophily_rewire_oracle/0.30/seed_0/graph.bin,/kaggle/working/gfd-robustness-v4-factorial-r1/graphs/variants/yelpchi/r40_s2/heterophily_rewire_oracle/0.30/seed_0/graph.bin,ok,
gfd_robustness_benchmark_v4_factorial,yelpchi,r40_s2,0,1,heterophily_rewire_oracle,0.3,pmp,train_clean_eval_all,0.7600189926918058,0.3893983063022214,0.6424816461582414,0.3003063797950744,0.5488679379996029,82,72,0.8499563006458349,roc_auc,early_stopping,45954,8051348,175.2045135498047,149.0,175.2045135498047,175.0,0.4587487578392029,0.1452974677085876,/kaggle/working/gfd-robustness-v4-factorial-r1/graphs/base/yelpchi/r40_s2/graph.bin,/kaggle/working/gfd-robustness-v4-factorial-r1/graphs/variants/yelpchi/r40_s2/heterophily_rewire_oracle/0.30/seed_0/graph.bin,/kaggle/working/gfd-robustness-v4-factorial-r1/graphs/base/yelpchi/r40_s2/graph.bin,ok,
gfd_robustness_benchmark_v4_factorial,yelpchi,r40_s2,0,1,heterophily_rewire_oracle,0.3,pmp,train_on_variant,0.9052883484875972,0.6511163280995815,0.7697153097407348,0.4075664281845093,51.05534818999877,100,92,0.9104246680827832,roc_auc,max_epochs,45954,8051348,175.2045135498047,149.0,175.2045135498047,175.0,0.4587487578392029,0.1452974677085876,/kaggle/working/gfd-robustness-v4-factorial-r1/graphs/base/yelpchi/r40_s2/graph.bin,/kaggle/working/gfd-robustness-v4-factorial-r1/graphs/variants/yelpchi/r40_s2/heterophily_rewire_oracle/0.30/seed_0/graph.bin,/kaggle/working/gfd-robustness-v4-factorial-r1/graphs/variants/yelpchi/r40_s2/heterophily_rewire_oracle/0.30/seed_0/graph.bin,ok,
gfd_robustness_benchmark_v4_factorial,yelpchi,r40_s2,0,1,heterophily_rewire_oracle,0.3,sage,train_clean_eval_all,0.6302901492394539,0.2122302509006957,0.5539601526251907,0.2710321545600891,0.245715345001372,23,13,0.6158413377294931,roc_auc,early_stopping,45954,8051348,175.2045135498047,149.0,175.2045135498047,175.0,0.4587487578392029,0.1452974677085876,/kaggle/working/gfd-robustness-v4-factorial-r1/graphs/base/yelpchi/r40_s2/graph.bin,/kaggle/working/gfd-robustness-v4-factorial-r1/graphs/variants/yelpchi/r40_s2/heterophily_rewire_oracle/0.30/seed_0/graph.bin,/kaggle/working/gfd-robustness-v4-factorial-r1/graphs/base/yelpchi/r40_s2/graph.bin,ok,
gfd_robustness_benchmark_v4_factorial,yelpchi,r40_s2,0,1,heterophily_rewire_oracle,0.3,sage,train_on_variant,0.7414113426024732,0.3018598099870014,0.6201094168125433,0.4947831332683563,1.4509478960007982,36,26,0.7456400536884591,roc_auc,early_stopping,45954,8051348,175.2045135498047,149.0,175.2045135498047,175.0,0.4587487578392029,0.1452974677085876,/kaggle/working/gfd-robustness-v4-factorial-r1/graphs/base/yelpchi/r40_s2/graph.bin,/kaggle/working/gfd-robustness-v4-factorial-r1/graphs/variants/yelpchi/r40_s2/heterophily_rewire_oracle/0.30/seed_0/graph.bin,/kaggle/working/gfd-robustness-v4-factorial-r1/graphs/variants/yelpchi/r40_s2/heterophily_rewire_oracle/0.30/seed_0/graph.bin,ok,
gfd_robustness_benchmark_v4_factorial,yelpchi,r40_s2,0,1,heterophily_rewire_oracle,0.3,secgfd,train_clean_eval_all,0.4081397890319158,0.1221403796627428,0.4690395333173182,0.7049526572227478,0.2458287619992916,50,49,0.789748460509659,roc_auc,max_epochs,45954,8051348,175.2045135498047,149.0,175.2045135498047,175.0,0.4587487578392029,0.1452974677085876,/kaggle/working/gfd-robustness-v4-factorial-r1/graphs/base/yelpchi/r40_s2/graph.bin,/kaggle/working/gfd-robustness-v4-factorial-r1/graphs/variants/yelpchi/r40_s2/heterophily_rewire_oracle/0.30/seed_0/graph.bin,/kaggle/working/gfd-robustness-v4-factorial-r1/graphs/base/yelpchi/r40_s2/graph.bin,ok,
gfd_robustness_benchmark_v4_factorial,yelpchi,r40_s2,0,1,heterophily_rewire_oracle,0.3,secgfd,train_on_variant,0.9999995950690268,0.9999976322483348,0.9997810514409065,0.5801595449447632,1.4780827129998215,13,3,1.0,roc_auc,early_stopping,45954,8051348,175.2045135498047,149.0,175.2045135498047,175.0,0.4587487578392029,0.1452974677085876,/kaggle/working/gfd-robustness-v4-factorial-r1/graphs/base/yelpchi/r40_s2/graph.bin,/kaggle/working/gfd-robustness-v4-factorial-r1/graphs/variants/yelpchi/r40_s2/heterophily_rewire_oracle/0.30/seed_0/graph.bin,/kaggle/working/gfd-robustness-v4-factorial-r1/graphs/variants/yelpchi/r40_s2/heterophily_rewire_oracle/0.30/seed_0/graph.bin,ok,
gfd_robustness_benchmark_v4_factorial,yelpchi,r40_s2,0,2,heterophily_rewire_oracle,0.3,mlp,train_clean_eval_all,0.791833978586869,0.422563545347575,0.659744675709785,0.6869957447052002,0.1809173149995331,100,100,0.7910127617371984,roc_auc,max_epochs,45954,8051348,175.2045135498047,149.0,175.2045135498047,175.0,0.4587487578392029,0.1452974677085876,/kaggle/working/gfd-robustness-v4-factorial-r1/graphs/base/yelpchi/r40_s2/graph.bin,/kaggle/working/gfd-robustness-v4-factorial-r1/graphs/variants/yelpchi/r40_s2/heterophily_rewire_oracle/0.30/seed_0/graph.bin,/kaggle/working/gfd-robustness-v4-factorial-r1/graphs/base/yelpchi/r40_s2/graph.bin,ok,
gfd_robustness_benchmark_v4_factorial,yelpchi,r40_s2,0,2,heterophily_rewire_oracle,0.3,mlp,train_on_variant,0.791833978586869,0.422563545347575,0.659744675709785,0.6869957447052002,1.6791510359998938,100,100,0.7910127617371984,roc_auc,max_epochs,45954,8051348,175.2045135498047,149.0,175.2045135498047,175.0,0.4587487578392029,0.1452974677085876,/kaggle/working/gfd-robustness-v4-factorial-r1/graphs/base/yelpchi/r40_s2/graph.bin,/kaggle/working/gfd-robustness-v4-factorial-r1/graphs/variants/yelpchi/r40_s2/heterophily_rewire_oracle/0.30/seed_0/graph.bin,/kaggle/working/gfd-robustness-v4-factorial-r1/graphs/variants/yelpchi/r40_s2/heterophily_rewire_oracle/0.30/seed_0/graph.bin,ok,
gfd_robustness_benchmark_v4_factorial,yelpchi,r40_s2,0,2,heterophily_rewire_oracle,0.3,pmp,train_clean_eval_all,0.7555321669542788,0.3749019062546948,0.6387440056715625,0.3158973157405853,0.4971368919996166,67,57,0.8516228361905988,roc_auc,early_stopping,45954,8051348,175.2045135498047,149.0,175.2045135498047,175.0,0.4587487578392029,0.1452974677085876,/kaggle/working/gfd-robustness-v4-factorial-r1/graphs/base/yelpchi/r40_s2/graph.bin,/kaggle/working/gfd-robustness-v4-factorial-r1/graphs/variants/yelpchi/r40_s2/heterophily_rewire_oracle/0.30/seed_0/graph.bin,/kaggle/working/gfd-robustness-v4-factorial-r1/graphs/base/yelpchi/r40_s2/graph.bin,ok,
gfd_robustness_benchmark_v4_factorial,yelpchi,r40_s2,0,2,heterophily_rewire_oracle,0.3,pmp,train_on_variant,0.8676101526580241,0.5451864633770547,0.7227493109866772,0.3563491702079773,22.69862147099957,40,30,0.8754909800051018,roc_auc,early_stopping,45954,8051348,175.2045135498047,149.0,175.2045135498047,175.0,0.4587487578392029,0.1452974677085876,/kaggle/working/gfd-robustness-v4-factorial-r1/graphs/base/yelpchi/r40_s2/graph.bin,/kaggle/working/gfd-robustness-v4-factorial-r1/graphs/variants/yelpchi/r40_s2/heterophily_rewire_oracle/0.30/seed_0/graph.bin,/kaggle/working/gfd-robustness-v4-factorial-r1/graphs/variants/yelpchi/r40_s2/heterophily_rewire_oracle/0.30/seed_0/graph.bin,ok,
gfd_robustness_benchmark_v4_factorial,yelpchi,r40_s2,0,2,heterophily_rewire_oracle,0.3,sage,train_clean_eval_all,0.767023500573954,0.3865190047986449,0.6440364147660732,0.6848011612892151,0.2432575130005716,100,99,0.791447800370479,roc_auc,max_epochs,45954,8051348,175.2045135498047,149.0,175.2045135498047,175.0,0.4587487578392029,0.1452974677085876,/kaggle/working/gfd-robustness-v4-factorial-r1/graphs/base/yelpchi/r40_s2/graph.bin,/kaggle/working/gfd-robustness-v4-factorial-r1/graphs/variants/yelpchi/r40_s2/heterophily_rewire_oracle/0.30/seed_0/graph.bin,/kaggle/working/gfd-robustness-v4-factorial-r1/graphs/base/yelpchi/r40_s2/graph.bin,ok,
gfd_robustness_benchmark_v4_factorial,yelpchi,r40_s2,0,2,heterophily_rewire_oracle,0.3,sage,train_on_variant,0.8957889417829311,0.6475577385531756,0.7642507995019991,0.6551191210746765,3.2235398170014378,100,100,0.8963300171412087,roc_auc,max_epochs,45954,8051348,175.2045135498047,149.0,175.2045135498047,175.0,0.4587487578392029,0.1452974677085876,/kaggle/working/gfd-robustness-v4-factorial-r1/graphs/base/yelpchi/r40_s2/graph.bin,/kaggle/working/gfd-robustness-v4-factorial-r1/graphs/variants/yelpchi/r40_s2/heterophily_rewire_oracle/0.30/seed_0/graph.bin,/kaggle/working/gfd-robustness-v4-factorial-r1/graphs/variants/yelpchi/r40_s2/heterophily_rewire_oracle/0.30/seed_0/graph.bin,ok,
gfd_robustness_benchmark_v4_factorial,yelpchi,r40_s2,0,2,heterophily_rewire_oracle,0.3,secgfd,train_clean_eval_all,0.5242473381266998,0.1667296692402548,0.510726532679769,0.6936580538749695,0.254897165001239,50,50,0.8116419561480677,roc_auc,max_epochs,45954,8051348,175.2045135498047,149.0,175.2045135498047,175.0,0.4587487578392029,0.1452974677085876,/kaggle/working/gfd-robustness-v4-factorial-r1/graphs/base/yelpchi/r40_s2/graph.bin,/kaggle/working/gfd-robustness-v4-factorial-r1/graphs/variants/yelpchi/r40_s2/heterophily_rewire_oracle/0.30/seed_0/graph.bin,/kaggle/working/gfd-robustness-v4-factorial-r1/graphs/base/yelpchi/r40_s2/graph.bin,ok,
gfd_robustness_benchmark_v4_factorial,yelpchi,r40_s2,0,2,heterophily_rewire_oracle,0.3,secgfd,train_on_variant,1.0,1.0,0.9994522031484124,0.5470517873764038,1.4444674770002166,12,2,1.0,roc_auc,early_stopping,45954,8051348,175.2045135498047,149.0,175.2045135498047,175.0,0.4587487578392029,0.1452974677085876,/kaggle/working/gfd-robustness-v4-factorial-r1/graphs/base/yelpchi/r40_s2/graph.bin,/kaggle/working/gfd-robustness-v4-factorial-r1/graphs/variants/yelpchi/r40_s2/heterophily_rewire_oracle/0.30/seed_0/graph.bin,/kaggle/working/gfd-robustness-v4-factorial-r1/graphs/variants/yelpchi/r40_s2/heterophily_rewire_oracle/0.30/seed_0/graph.bin,ok,
gfd_robustness_benchmark_v4_factorial,yelpchi,r40_s2,0,3,heterophily_rewire_oracle,0.3,mlp,train_clean_eval_all,0.7873703172829494,0.4124587532671446,0.6562929132355262,0.6923589110374451,0.1676314519991137,100,100,0.787128406487435,roc_auc,max_epochs,45954,8051348,175.2045135498047,149.0,175.2045135498047,175.0,0.4587487578392029,0.1452974677085876,/kaggle/working/gfd-robustness-v4-factorial-r1/graphs/base/yelpchi/r40_s2/graph.bin,/kaggle/working/gfd-robustness-v4-factorial-r1/graphs/variants/yelpchi/r40_s2/heterophily_rewire_oracle/0.30/seed_0/graph.bin,/kaggle/working/gfd-robustness-v4-factorial-r1/graphs/base/yelpchi/r40_s2/graph.bin,ok,
gfd_robustness_benchmark_v4_factorial,yelpchi,r40_s2,0,3,heterophily_rewire_oracle,0.3,mlp,train_on_variant,0.7873703172829494,0.4124587532671446,0.6562929132355262,0.6923589110374451,2.0296632749996206,100,100,0.787128406487435,roc_auc,max_epochs,45954,8051348,175.2045135498047,149.0,175.2045135498047,175.0,0.4587487578392029,0.1452974677085876,/kaggle/working/gfd-robustness-v4-factorial-r1/graphs/base/yelpchi/r40_s2/graph.bin,/kaggle/working/gfd-robustness-v4-factorial-r1/graphs/variants/yelpchi/r40_s2/heterophily_rewire_oracle/0.30/seed_0/graph.bin,/kaggle/working/gfd-robustness-v4-factorial-r1/graphs/variants/yelpchi/r40_s2/heterophily_rewire_oracle/0.30/seed_0/graph.bin,ok,
gfd_robustness_benchmark_v4_factorial,yelpchi,r40_s2,0,3,heterophily_rewire_oracle,0.3,pmp,train_clean_eval_all,0.7587778554398331,0.3772890004055785,0.6347250217465567,0.3407284319400787,0.4785123729998304,81,71,0.8504771645246115,roc_auc,early_stopping,45954,8051348,175.2045135498047,149.0,175.2045135498047,175.0,0.4587487578392029,0.1452974677085876,/kaggle/working/gfd-robustness-v4-factorial-r1/graphs/base/yelpchi/r40_s2/graph.bin,/kaggle/working/gfd-robustness-v4-factorial-r1/graphs/variants/yelpchi/r40_s2/heterophily_rewire_oracle/0.30/seed_0/graph.bin,/kaggle/working/gfd-robustness-v4-factorial-r1/graphs/base/yelpchi/r40_s2/graph.bin,ok,
gfd_robustness_benchmark_v4_factorial,yelpchi,r40_s2,0,3,heterophily_rewire_oracle,0.3,pmp,train_on_variant,0.8670848499983231,0.5477981722730698,0.7264072454627274,0.2838989198207855,20.21650374900128,39,29,0.8678222559165779,roc_auc,early_stopping,45954,8051348,175.2045135498047,149.0,175.2045135498047,175.0,0.4587487578392029,0.1452974677085876,/kaggle/working/gfd-robustness-v4-factorial-r1/graphs/base/yelpchi/r40_s2/graph.bin,/kaggle/working/gfd-robustness-v4-factorial-r1/graphs/variants/yelpchi/r40_s2/heterophily_rewire_oracle/0.30/seed_0/graph.bin,/kaggle/working/gfd-robustness-v4-factorial-r1/graphs/variants/yelpchi/r40_s2/heterophily_rewire_oracle/0.30/seed_0/graph.bin,ok,
gfd_robustness_benchmark_v4_factorial,yelpchi,r40_s2,0,3,heterophily_rewire_oracle,0.3,sage,train_clean_eval_all,0.7553124442624425,0.3729483317406559,0.6375109221288061,0.678734302520752,0.2117099690003669,100,100,0.781263013848857,roc_auc,max_epochs,45954,8051348,175.2045135498047,149.0,175.2045135498047,175.0,0.4587487578392029,0.1452974677085876,/kaggle/working/gfd-robustness-v4-factorial-r1/graphs/base/yelpchi/r40_s2/graph.bin,/kaggle/working/gfd-robustness-v4-factorial-r1/graphs/variants/yelpchi/r40_s2/heterophily_rewire_oracle/0.30/seed_0/graph.bin,/kaggle/working/gfd-robustness-v4-factorial-r1/graphs/base/yelpchi/r40_s2/graph.bin,ok,
gfd_robustness_benchmark_v4_factorial,yelpchi,r40_s2,0,3,heterophily_rewire_oracle,0.3,sage,train_on_variant,0.9185876393534216,0.7040074432710319,0.7843723447986612,0.6748098731040955,3.243144058000325,100,100,0.9178035412449904,roc_auc,max_epochs,45954,8051348,175.2045135498047,149.0,175.2045135498047,175.0,0.4587487578392029,0.1452974677085876,/kaggle/working/gfd-robustness-v4-factorial-r1/graphs/base/yelpchi/r40_s2/graph.bin,/kaggle/working/gfd-robustness-v4-factorial-r1/graphs/variants/yelpchi/r40_s2/heterophily_rewire_oracle/0.30/seed_0/graph.bin,/kaggle/working/gfd-robustness-v4-factorial-r1/graphs/variants/yelpchi/r40_s2/heterophily_rewire_oracle/0.30/seed_0/graph.bin,ok,
gfd_robustness_benchmark_v4_factorial,yelpchi,r40_s2,0,3,heterophily_rewire_oracle,0.3,secgfd,train_clean_eval_all,0.4025597092157335,0.1262440680761686,0.4832290688902223,0.7292185425758362,0.1995792449997679,50,49,0.8013855055464565,roc_auc,max_epochs,45954,8051348,175.2045135498047,149.0,175.2045135498047,175.0,0.4587487578392029,0.1452974677085876,/kaggle/working/gfd-robustness-v4-factorial-r1/graphs/base/yelpchi/r40_s2/graph.bin,/kaggle/working/gfd-robustness-v4-factorial-r1/graphs/variants/yelpchi/r40_s2/heterophily_rewire_oracle/0.30/seed_0/graph.bin,/kaggle/working/gfd-robustness-v4-factorial-r1/graphs/base/yelpchi/r40_s2/graph.bin,ok,
gfd_robustness_benchmark_v4_factorial,yelpchi,r40_s2,0,3,heterophily_rewire_oracle,0.3,secgfd,train_on_variant,1.0,1.0,1.0,0.642479419708252,1.3372962859994004,12,2,1.0,roc_auc,early_stopping,45954,8051348,175.2045135498047,149.0,175.2045135498047,175.0,0.4587487578392029,0.1452974677085876,/kaggle/working/gfd-robustness-v4-factorial-r1/graphs/base/yelpchi/r40_s2/graph.bin,/kaggle/working/gfd-robustness-v4-factorial-r1/graphs/variants/yelpchi/r40_s2/heterophily_rewire_oracle/0.30/seed_0/graph.bin,/kaggle/working/gfd-robustness-v4-factorial-r1/graphs/variants/yelpchi/r40_s2/heterophily_rewire_oracle/0.30/seed_0/graph.bin,ok,
gfd_robustness_benchmark_v4_factorial,yelpchi,r40_s2,0,4,heterophily_rewire_oracle,0.3,mlp,train_clean_eval_all,0.7906828431985317,0.4231759041474303,0.6564547082775046,0.6527314186096191,0.1750943990009545,100,100,0.7886782196983243,roc_auc,max_epochs,45954,8051348,175.2045135498047,149.0,175.2045135498047,175.0,0.4587487578392029,0.1452974677085876,/kaggle/working/gfd-robustness-v4-factorial-r1/graphs/base/yelpchi/r40_s2/graph.bin,/kaggle/working/gfd-robustness-v4-factorial-r1/graphs/variants/yelpchi/r40_s2/heterophily_rewire_oracle/0.30/seed_0/graph.bin,/kaggle/working/gfd-robustness-v4-factorial-r1/graphs/base/yelpchi/r40_s2/graph.bin,ok,
gfd_robustness_benchmark_v4_factorial,yelpchi,r40_s2,0,4,heterophily_rewire_oracle,0.3,mlp,train_on_variant,0.7906828431985317,0.4231759041474303,0.6564547082775046,0.6527314186096191,1.946570856000108,100,100,0.7886782196983243,roc_auc,max_epochs,45954,8051348,175.2045135498047,149.0,175.2045135498047,175.0,0.4587487578392029,0.1452974677085876,/kaggle/working/gfd-robustness-v4-factorial-r1/graphs/base/yelpchi/r40_s2/graph.bin,/kaggle/working/gfd-robustness-v4-factorial-r1/graphs/variants/yelpchi/r40_s2/heterophily_rewire_oracle/0.30/seed_0/graph.bin,/kaggle/working/gfd-robustness-v4-factorial-r1/graphs/variants/yelpchi/r40_s2/heterophily_rewire_oracle/0.30/seed_0/graph.bin,ok,
gfd_robustness_benchmark_v4_factorial,yelpchi,r40_s2,0,4,heterophily_rewire_oracle,0.3,pmp,train_clean_eval_all,0.7617953653220545,0.3907936232639519,0.6405524412671116,0.3711147308349609,0.4719954669999424,88,78,0.8543143635700441,roc_auc,early_stopping,45954,8051348,175.2045135498047,149.0,175.2045135498047,175.0,0.4587487578392029,0.1452974677085876,/kaggle/working/gfd-robustness-v4-factorial-r1/graphs/base/yelpchi/r40_s2/graph.bin,/kaggle/working/gfd-robustness-v4-factorial-r1/graphs/variants/yelpchi/r40_s2/heterophily_rewire_oracle/0.30/seed_0/graph.bin,/kaggle/working/gfd-robustness-v4-factorial-r1/graphs/base/yelpchi/r40_s2/graph.bin,ok,
gfd_robustness_benchmark_v4_factorial,yelpchi,r40_s2,0,4,heterophily_rewire_oracle,0.3,pmp,train_on_variant,0.902914774130456,0.6361826239144522,0.7644842470039759,0.3139332234859466,43.2534334789998,79,69,0.9071508164126478,roc_auc,early_stopping,45954,8051348,175.2045135498047,149.0,175.2045135498047,175.0,0.4587487578392029,0.1452974677085876,/kaggle/working/gfd-robustness-v4-factorial-r1/graphs/base/yelpchi/r40_s2/graph.bin,/kaggle/working/gfd-robustness-v4-factorial-r1/graphs/variants/yelpchi/r40_s2/heterophily_rewire_oracle/0.30/seed_0/graph.bin,/kaggle/working/gfd-robustness-v4-factorial-r1/graphs/variants/yelpchi/r40_s2/heterophily_rewire_oracle/0.30/seed_0/graph.bin,ok,
gfd_robustness_benchmark_v4_factorial,yelpchi,r40_s2,0,4,heterophily_rewire_oracle,0.3,sage,train_clean_eval_all,0.7597042541381087,0.3712954999666854,0.6362702451156754,0.663702666759491,0.2199979180004447,100,100,0.7873061124263036,roc_auc,max_epochs,45954,8051348,175.2045135498047,149.0,175.2045135498047,175.0,0.4587487578392029,0.1452974677085876,/kaggle/working/gfd-robustness-v4-factorial-r1/graphs/base/yelpchi/r40_s2/graph.bin,/kaggle/working/gfd-robustness-v4-factorial-r1/graphs/variants/yelpchi/r40_s2/heterophily_rewire_oracle/0.30/seed_0/graph.bin,/kaggle/working/gfd-robustness-v4-factorial-r1/graphs/base/yelpchi/r40_s2/graph.bin,ok,
gfd_robustness_benchmark_v4_factorial,yelpchi,r40_s2,0,4,heterophily_rewire_oracle,0.3,sage,train_on_variant,0.9077198756128272,0.6729610292154664,0.7758037802131337,0.6463227868080139,3.478114939000079,100,100,0.908384888081496,roc_auc,max_epochs,45954,8051348,175.2045135498047,149.0,175.2045135498047,175.0,0.4587487578392029,0.1452974677085876,/kaggle/working/gfd-robustness-v4-factorial-r1/graphs/base/yelpchi/r40_s2/graph.bin,/kaggle/working/gfd-robustness-v4-factorial-r1/graphs/variants/yelpchi/r40_s2/heterophily_rewire_oracle/0.30/seed_0/graph.bin,/kaggle/working/gfd-robustness-v4-factorial-r1/graphs/variants/yelpchi/r40_s2/heterophily_rewire_oracle/0.30/seed_0/graph.bin,ok,
gfd_robustness_benchmark_v4_factorial,yelpchi,r40_s2,0,4,heterophily_rewire_oracle,0.3,secgfd,train_clean_eval_all,0.4850559390701794,0.1318401036461138,0.4712628736586927,0.6979449987411499,0.2012815780017263,50,50,0.7831441601880527,roc_auc,max_epochs,45954,8051348,175.2045135498047,149.0,175.2045135498047,175.0,0.4587487578392029,0.1452974677085876,/kaggle/working/gfd-robustness-v4-factorial-r1/graphs/base/yelpchi/r40_s2/graph.bin,/kaggle/working/gfd-robustness-v4-factorial-r1/graphs/variants/yelpchi/r40_s2/heterophily_rewire_oracle/0.30/seed_0/graph.bin,/kaggle/working/gfd-robustness-v4-factorial-r1/graphs/base/yelpchi/r40_s2/graph.bin,ok,
gfd_robustness_benchmark_v4_factorial,yelpchi,r40_s2,0,4,heterophily_rewire_oracle,0.3,secgfd,train_on_variant,1.0,1.0,1.0,0.667726457118988,1.4169047859995771,12,2,1.0,roc_auc,early_stopping,45954,8051348,175.2045135498047,149.0,175.2045135498047,175.0,0.4587487578392029,0.1452974677085876,/kaggle/working/gfd-robustness-v4-factorial-r1/graphs/base/yelpchi/r40_s2/graph.bin,/kaggle/working/gfd-robustness-v4-factorial-r1/graphs/variants/yelpchi/r40_s2/heterophily_rewire_oracle/0.30/seed_0/graph.bin,/kaggle/working/gfd-robustness-v4-factorial-r1/graphs/variants/yelpchi/r40_s2/heterophily_rewire_oracle/0.30/seed_0/graph.bin,ok,
gfd_robustness_benchmark_v4_factorial,yelpchi,r40_s2,1,0,heterophily_rewire_oracle,0.3,mlp,train_clean_eval_all,0.7404642686051014,0.3246557322868326,0.6234842465885414,0.5026629567146301,0.1844483919994672,17,7,0.738136447836131,roc_auc,early_stopping,45954,8051348,175.2045135498047,149.0,175.2045135498047,175.0,0.4587411880493164,0.1452974677085876,/kaggle/working/gfd-robustness-v4-factorial-r1/graphs/base/yelpchi/r40_s2/graph.bin,/kaggle/working/gfd-robustness-v4-factorial-r1/graphs/variants/yelpchi/r40_s2/heterophily_rewire_oracle/0.30/seed_1/graph.bin,/kaggle/working/gfd-robustness-v4-factorial-r1/graphs/base/yelpchi/r40_s2/graph.bin,ok,
gfd_robustness_benchmark_v4_factorial,yelpchi,r40_s2,1,0,heterophily_rewire_oracle,0.3,mlp,train_on_variant,0.7404642686051014,0.3246557322868326,0.6234842465885414,0.5026629567146301,0.5580582979982864,17,7,0.738136447836131,roc_auc,early_stopping,45954,8051348,175.2045135498047,149.0,175.2045135498047,175.0,0.4587411880493164,0.1452974677085876,/kaggle/working/gfd-robustness-v4-factorial-r1/graphs/base/yelpchi/r40_s2/graph.bin,/kaggle/working/gfd-robustness-v4-factorial-r1/graphs/variants/yelpchi/r40_s2/heterophily_rewire_oracle/0.30/seed_1/graph.bin,/kaggle/working/gfd-robustness-v4-factorial-r1/graphs/variants/yelpchi/r40_s2/heterophily_rewire_oracle/0.30/seed_1/graph.bin,ok,
gfd_robustness_benchmark_v4_factorial,yelpchi,r40_s2,1,0,heterophily_rewire_oracle,0.3,pmp,train_clean_eval_all,0.7706850055299279,0.396715691588709,0.6405890856689266,0.3942893743515014,0.542432991998794,71,61,0.8519974633871886,roc_auc,early_stopping,45954,8051348,175.2045135498047,149.0,175.2045135498047,175.0,0.4587411880493164,0.1452974677085876,/kaggle/working/gfd-robustness-v4-factorial-r1/graphs/base/yelpchi/r40_s2/graph.bin,/kaggle/working/gfd-robustness-v4-factorial-r1/graphs/variants/yelpchi/r40_s2/heterophily_rewire_oracle/0.30/seed_1/graph.bin,/kaggle/working/gfd-robustness-v4-factorial-r1/graphs/base/yelpchi/r40_s2/graph.bin,ok,
gfd_robustness_benchmark_v4_factorial,yelpchi,r40_s2,1,0,heterophily_rewire_oracle,0.3,pmp,train_on_variant,0.8498262750847592,0.5129763635593815,0.7143785974465191,0.1786951720714569,10.994962966999084,20,10,0.8622303120462884,roc_auc,early_stopping,45954,8051348,175.2045135498047,149.0,175.2045135498047,175.0,0.4587411880493164,0.1452974677085876,/kaggle/working/gfd-robustness-v4-factorial-r1/graphs/base/yelpchi/r40_s2/graph.bin,/kaggle/working/gfd-robustness-v4-factorial-r1/graphs/variants/yelpchi/r40_s2/heterophily_rewire_oracle/0.30/seed_1/graph.bin,/kaggle/working/gfd-robustness-v4-factorial-r1/graphs/variants/yelpchi/r40_s2/heterophily_rewire_oracle/0.30/seed_1/graph.bin,ok,
gfd_robustness_benchmark_v4_factorial,yelpchi,r40_s2,1,0,heterophily_rewire_oracle,0.3,sage,train_clean_eval_all,0.7709092777403441,0.4004627343807091,0.6459998122930277,0.648261308670044,0.1942336259999137,100,100,0.7811570196706694,roc_auc,max_epochs,45954,8051348,175.2045135498047,149.0,175.2045135498047,175.0,0.4587411880493164,0.1452974677085876,/kaggle/working/gfd-robustness-v4-factorial-r1/graphs/base/yelpchi/r40_s2/graph.bin,/kaggle/working/gfd-robustness-v4-factorial-r1/graphs/variants/yelpchi/r40_s2/heterophily_rewire_oracle/0.30/seed_1/graph.bin,/kaggle/working/gfd-robustness-v4-factorial-r1/graphs/base/yelpchi/r40_s2/graph.bin,ok,
gfd_robustness_benchmark_v4_factorial,yelpchi,r40_s2,1,0,heterophily_rewire_oracle,0.3,sage,train_on_variant,0.8951051324667366,0.6368680952897067,0.7599595661368599,0.6918429732322693,3.1985775110006216,100,100,0.8938238722920347,roc_auc,max_epochs,45954,8051348,175.2045135498047,149.0,175.2045135498047,175.0,0.4587411880493164,0.1452974677085876,/kaggle/working/gfd-robustness-v4-factorial-r1/graphs/base/yelpchi/r40_s2/graph.bin,/kaggle/working/gfd-robustness-v4-factorial-r1/graphs/variants/yelpchi/r40_s2/heterophily_rewire_oracle/0.30/seed_1/graph.bin,/kaggle/working/gfd-robustness-v4-factorial-r1/graphs/variants/yelpchi/r40_s2/heterophily_rewire_oracle/0.30/seed_1/graph.bin,ok,
gfd_robustness_benchmark_v4_factorial,yelpchi,r40_s2,1,0,heterophily_rewire_oracle,0.3,secgfd,train_clean_eval_all,0.5352126306831347,0.1589825785331904,0.5009923109376002,0.7547904253005981,0.2186059350005962,50,50,0.8112726691889752,roc_auc,max_epochs,45954,8051348,175.2045135498047,149.0,175.2045135498047,175.0,0.4587411880493164,0.1452974677085876,/kaggle/working/gfd-robustness-v4-factorial-r1/graphs/base/yelpchi/r40_s2/graph.bin,/kaggle/working/gfd-robustness-v4-factorial-r1/graphs/variants/yelpchi/r40_s2/heterophily_rewire_oracle/0.30/seed_1/graph.bin,/kaggle/working/gfd-robustness-v4-factorial-r1/graphs/base/yelpchi/r40_s2/graph.bin,ok,
gfd_robustness_benchmark_v4_factorial,yelpchi,r40_s2,1,0,heterophily_rewire_oracle,0.3,secgfd,train_on_variant,1.0,1.0,0.9998905427188388,0.5589162707328796,1.3455746469990115,12,2,1.0,roc_auc,early_stopping,45954,8051348,175.2045135498047,149.0,175.2045135498047,175.0,0.4587411880493164,0.1452974677085876,/kaggle/working/gfd-robustness-v4-factorial-r1/graphs/base/yelpchi/r40_s2/graph.bin,/kaggle/working/gfd-robustness-v4-factorial-r1/graphs/variants/yelpchi/r40_s2/heterophily_rewire_oracle/0.30/seed_1/graph.bin,/kaggle/working/gfd-robustness-v4-factorial-r1/graphs/variants/yelpchi/r40_s2/heterophily_rewire_oracle/0.30/seed_1/graph.bin,ok,
gfd_robustness_benchmark_v4_factorial,yelpchi,r40_s2,1,1,heterophily_rewire_oracle,0.3,mlp,train_clean_eval_all,0.789016635612431,0.4167857282436971,0.6554860094295863,0.6965858936309814,0.1421799950003333,100,100,0.7856864946824108,roc_auc,max_epochs,45954,8051348,175.2045135498047,149.0,175.2045135498047,175.0,0.4587411880493164,0.1452974677085876,/kaggle/working/gfd-robustness-v4-factorial-r1/graphs/base/yelpchi/r40_s2/graph.bin,/kaggle/working/gfd-robustness-v4-factorial-r1/graphs/variants/yelpchi/r40_s2/heterophily_rewire_oracle/0.30/seed_1/graph.bin,/kaggle/working/gfd-robustness-v4-factorial-r1/graphs/base/yelpchi/r40_s2/graph.bin,ok,
gfd_robustness_benchmark_v4_factorial,yelpchi,r40_s2,1,1,heterophily_rewire_oracle,0.3,mlp,train_on_variant,0.789016635612431,0.4167857282436971,0.6554860094295863,0.6965858936309814,2.041158144000292,100,100,0.7856864946824108,roc_auc,max_epochs,45954,8051348,175.2045135498047,149.0,175.2045135498047,175.0,0.4587411880493164,0.1452974677085876,/kaggle/working/gfd-robustness-v4-factorial-r1/graphs/base/yelpchi/r40_s2/graph.bin,/kaggle/working/gfd-robustness-v4-factorial-r1/graphs/variants/yelpchi/r40_s2/heterophily_rewire_oracle/0.30/seed_1/graph.bin,/kaggle/working/gfd-robustness-v4-factorial-r1/graphs/variants/yelpchi/r40_s2/heterophily_rewire_oracle/0.30/seed_1/graph.bin,ok,
gfd_robustness_benchmark_v4_factorial,yelpchi,r40_s2,1,1,heterophily_rewire_oracle,0.3,pmp,train_clean_eval_all,0.757881874203477,0.3915351674788559,0.642585192661956,0.3003063797950744,0.5473935569989408,82,72,0.8499563006458349,roc_auc,early_stopping,45954,8051348,175.2045135498047,149.0,175.2045135498047,175.0,0.4587411880493164,0.1452974677085876,/kaggle/working/gfd-robustness-v4-factorial-r1/graphs/base/yelpchi/r40_s2/graph.bin,/kaggle/working/gfd-robustness-v4-factorial-r1/graphs/variants/yelpchi/r40_s2/heterophily_rewire_oracle/0.30/seed_1/graph.bin,/kaggle/working/gfd-robustness-v4-factorial-r1/graphs/base/yelpchi/r40_s2/graph.bin,ok,
gfd_robustness_benchmark_v4_factorial,yelpchi,r40_s2,1,1,heterophily_rewire_oracle,0.3,pmp,train_on_variant,0.9015513119954084,0.6249192680838114,0.7553426004985455,0.3290244042873382,32.90224740699887,63,53,0.9015076157985203,roc_auc,early_stopping,45954,8051348,175.2045135498047,149.0,175.2045135498047,175.0,0.4587411880493164,0.1452974677085876,/kaggle/working/gfd-robustness-v4-factorial-r1/graphs/base/yelpchi/r40_s2/graph.bin,/kaggle/working/gfd-robustness-v4-factorial-r1/graphs/variants/yelpchi/r40_s2/heterophily_rewire_oracle/0.30/seed_1/graph.bin,/kaggle/working/gfd-robustness-v4-factorial-r1/graphs/variants/yelpchi/r40_s2/heterophily_rewire_oracle/0.30/seed_1/graph.bin,ok,
gfd_robustness_benchmark_v4_factorial,yelpchi,r40_s2,1,1,heterophily_rewire_oracle,0.3,sage,train_clean_eval_all,0.6308261944796761,0.2138532685136815,0.5553008207485974,0.2710321545600891,0.1785178360005375,23,13,0.6158413377294931,roc_auc,early_stopping,45954,8051348,175.2045135498047,149.0,175.2045135498047,175.0,0.4587411880493164,0.1452974677085876,/kaggle/working/gfd-robustness-v4-factorial-r1/graphs/base/yelpchi/r40_s2/graph.bin,/kaggle/working/gfd-robustness-v4-factorial-r1/graphs/variants/yelpchi/r40_s2/heterophily_rewire_oracle/0.30/seed_1/graph.bin,/kaggle/working/gfd-robustness-v4-factorial-r1/graphs/base/yelpchi/r40_s2/graph.bin,ok,
gfd_robustness_benchmark_v4_factorial,yelpchi,r40_s2,1,1,heterophily_rewire_oracle,0.3,sage,train_on_variant,0.7450920698699343,0.3005323830182949,0.6191270833719484,0.4777768850326538,1.3691081020006095,34,24,0.7493179515421128,roc_auc,early_stopping,45954,8051348,175.2045135498047,149.0,175.2045135498047,175.0,0.4587411880493164,0.1452974677085876,/kaggle/working/gfd-robustness-v4-factorial-r1/graphs/base/yelpchi/r40_s2/graph.bin,/kaggle/working/gfd-robustness-v4-factorial-r1/graphs/variants/yelpchi/r40_s2/heterophily_rewire_oracle/0.30/seed_1/graph.bin,/kaggle/working/gfd-robustness-v4-factorial-r1/graphs/variants/yelpchi/r40_s2/heterophily_rewire_oracle/0.30/seed_1/graph.bin,ok,
gfd_robustness_benchmark_v4_factorial,yelpchi,r40_s2,1,1,heterophily_rewire_oracle,0.3,secgfd,train_clean_eval_all,0.408579817992579,0.1221645135971778,0.4696707599152181,0.7049526572227478,0.263778126998659,50,49,0.789748460509659,roc_auc,max_epochs,45954,8051348,175.2045135498047,149.0,175.2045135498047,175.0,0.4587411880493164,0.1452974677085876,/kaggle/working/gfd-robustness-v4-factorial-r1/graphs/base/yelpchi/r40_s2/graph.bin,/kaggle/working/gfd-robustness-v4-factorial-r1/graphs/variants/yelpchi/r40_s2/heterophily_rewire_oracle/0.30/seed_1/graph.bin,/kaggle/working/gfd-robustness-v4-factorial-r1/graphs/base/yelpchi/r40_s2/graph.bin,ok,
gfd_robustness_benchmark_v4_factorial,yelpchi,r40_s2,1,1,heterophily_rewire_oracle,0.3,secgfd,train_on_variant,1.0,1.0,1.0,0.5806064009666443,1.415580217999377,13,3,1.0,roc_auc,early_stopping,45954,8051348,175.2045135498047,149.0,175.2045135498047,175.0,0.4587411880493164,0.1452974677085876,/kaggle/working/gfd-robustness-v4-factorial-r1/graphs/base/yelpchi/r40_s2/graph.bin,/kaggle/working/gfd-robustness-v4-factorial-r1/graphs/variants/yelpchi/r40_s2/heterophily_rewire_oracle/0.30/seed_1/graph.bin,/kaggle/working/gfd-robustness-v4-factorial-r1/graphs/variants/yelpchi/r40_s2/heterophily_rewire_oracle/0.30/seed_1/graph.bin,ok,
gfd_robustness_benchmark_v4_factorial,yelpchi,r40_s2,1,2,heterophily_rewire_oracle,0.3,mlp,train_clean_eval_all,0.791833978586869,0.422563545347575,0.659744675709785,0.6869957447052002,0.2215195770004356,100,100,0.7910127617371984,roc_auc,max_epochs,45954,8051348,175.2045135498047,149.0,175.2045135498047,175.0,0.4587411880493164,0.1452974677085876,/kaggle/working/gfd-robustness-v4-factorial-r1/graphs/base/yelpchi/r40_s2/graph.bin,/kaggle/working/gfd-robustness-v4-factorial-r1/graphs/variants/yelpchi/r40_s2/heterophily_rewire_oracle/0.30/seed_1/graph.bin,/kaggle/working/gfd-robustness-v4-factorial-r1/graphs/base/yelpchi/r40_s2/graph.bin,ok,
gfd_robustness_benchmark_v4_factorial,yelpchi,r40_s2,1,2,heterophily_rewire_oracle,0.3,mlp,train_on_variant,0.791833978586869,0.422563545347575,0.659744675709785,0.6869957447052002,2.021485961000508,100,100,0.7910127617371984,roc_auc,max_epochs,45954,8051348,175.2045135498047,149.0,175.2045135498047,175.0,0.4587411880493164,0.1452974677085876,/kaggle/working/gfd-robustness-v4-factorial-r1/graphs/base/yelpchi/r40_s2/graph.bin,/kaggle/working/gfd-robustness-v4-factorial-r1/graphs/variants/yelpchi/r40_s2/heterophily_rewire_oracle/0.30/seed_1/graph.bin,/kaggle/working/gfd-robustness-v4-factorial-r1/graphs/variants/yelpchi/r40_s2/heterophily_rewire_oracle/0.30/seed_1/graph.bin,ok,
gfd_robustness_benchmark_v4_factorial,yelpchi,r40_s2,1,2,heterophily_rewire_oracle,0.3,pmp,train_clean_eval_all,0.7562013987554422,0.3708265655058803,0.6405084562895985,0.3158973157405853,0.4700395989984827,67,57,0.8516228361905988,roc_auc,early_stopping,45954,8051348,175.2045135498047,149.0,175.2045135498047,175.0,0.4587411880493164,0.1452974677085876,/kaggle/working/gfd-robustness-v4-factorial-r1/graphs/base/yelpchi/r40_s2/graph.bin,/kaggle/working/gfd-robustness-v4-factorial-r1/graphs/variants/yelpchi/r40_s2/heterophily_rewire_oracle/0.30/seed_1/graph.bin,/kaggle/working/gfd-robustness-v4-factorial-r1/graphs/base/yelpchi/r40_s2/graph.bin,ok,
gfd_robustness_benchmark_v4_factorial,yelpchi,r40_s2,1,2,heterophily_rewire_oracle,0.3,pmp,train_on_variant,0.9030536892736928,0.6505340726478891,0.7659835542665687,0.3227702677249908,47.37483775099827,92,82,0.9078593514949088,roc_auc,early_stopping,45954,8051348,175.2045135498047,149.0,175.2045135498047,175.0,0.4587411880493164,0.1452974677085876,/kaggle/working/gfd-robustness-v4-factorial-r1/graphs/base/yelpchi/r40_s2/graph.bin,/kaggle/working/gfd-robustness-v4-factorial-r1/graphs/variants/yelpchi/r40_s2/heterophily_rewire_oracle/0.30/seed_1/graph.bin,/kaggle/working/gfd-robustness-v4-factorial-r1/graphs/variants/yelpchi/r40_s2/heterophily_rewire_oracle/0.30/seed_1/graph.bin,ok,
gfd_robustness_benchmark_v4_factorial,yelpchi,r40_s2,1,2,heterophily_rewire_oracle,0.3,sage,train_clean_eval_all,0.7671636781490482,0.3874917582910601,0.6437868556418203,0.6848011612892151,0.251746998001181,100,99,0.791447800370479,roc_auc,max_epochs,45954,8051348,175.2045135498047,149.0,175.2045135498047,175.0,0.4587411880493164,0.1452974677085876,/kaggle/working/gfd-robustness-v4-factorial-r1/graphs/base/yelpchi/r40_s2/graph.bin,/kaggle/working/gfd-robustness-v4-factorial-r1/graphs/variants/yelpchi/r40_s2/heterophily_rewire_oracle/0.30/seed_1/graph.bin,/kaggle/working/gfd-robustness-v4-factorial-r1/graphs/base/yelpchi/r40_s2/graph.bin,ok,
gfd_robustness_benchmark_v4_factorial,yelpchi,r40_s2,1,2,heterophily_rewire_oracle,0.3,sage,train_on_variant,0.902653677020958,0.6669988345296668,0.7771393690143626,0.6008499264717102,3.462953453999944,100,98,0.9026910982532178,roc_auc,max_epochs,45954,8051348,175.2045135498047,149.0,175.2045135498047,175.0,0.4587411880493164,0.1452974677085876,/kaggle/working/gfd-robustness-v4-factorial-r1/graphs/base/yelpchi/r40_s2/graph.bin,/kaggle/working/gfd-robustness-v4-factorial-r1/graphs/variants/yelpchi/r40_s2/heterophily_rewire_oracle/0.30/seed_1/graph.bin,/kaggle/working/gfd-robustness-v4-factorial-r1/graphs/variants/yelpchi/r40_s2/heterophily_rewire_oracle/0.30/seed_1/graph.bin,ok,
gfd_robustness_benchmark_v4_factorial,yelpchi,r40_s2,1,2,heterophily_rewire_oracle,0.3,secgfd,train_clean_eval_all,0.524265476652347,0.1665200293848019,0.5119093580108699,0.6936580538749695,0.2783666889990854,50,50,0.8116419561480677,roc_auc,max_epochs,45954,8051348,175.2045135498047,149.0,175.2045135498047,175.0,0.4587411880493164,0.1452974677085876,/kaggle/working/gfd-robustness-v4-factorial-r1/graphs/base/yelpchi/r40_s2/graph.bin,/kaggle/working/gfd-robustness-v4-factorial-r1/graphs/variants/yelpchi/r40_s2/heterophily_rewire_oracle/0.30/seed_1/graph.bin,/kaggle/working/gfd-robustness-v4-factorial-r1/graphs/base/yelpchi/r40_s2/graph.bin,ok,
gfd_robustness_benchmark_v4_factorial,yelpchi,r40_s2,1,2,heterophily_rewire_oracle,0.3,secgfd,train_on_variant,1.0,1.0,0.999890508715483,0.5443884134292603,1.3266051480004537,12,2,1.0,roc_auc,early_stopping,45954,8051348,175.2045135498047,149.0,175.2045135498047,175.0,0.4587411880493164,0.1452974677085876,/kaggle/working/gfd-robustness-v4-factorial-r1/graphs/base/yelpchi/r40_s2/graph.bin,/kaggle/working/gfd-robustness-v4-factorial-r1/graphs/variants/yelpchi/r40_s2/heterophily_rewire_oracle/0.30/seed_1/graph.bin,/kaggle/working/gfd-robustness-v4-factorial-r1/graphs/variants/yelpchi/r40_s2/heterophily_rewire_oracle/0.30/seed_1/graph.bin,ok,
gfd_robustness_benchmark_v4_factorial,yelpchi,r40_s2,1,3,heterophily_rewire_oracle,0.3,mlp,train_clean_eval_all,0.7873703172829494,0.4124587532671446,0.6562929132355262,0.6923589110374451,0.213250393000635,100,100,0.787128406487435,roc_auc,max_epochs,45954,8051348,175.2045135498047,149.0,175.2045135498047,175.0,0.4587411880493164,0.1452974677085876,/kaggle/working/gfd-robustness-v4-factorial-r1/graphs/base/yelpchi/r40_s2/graph.bin,/kaggle/working/gfd-robustness-v4-factorial-r1/graphs/variants/yelpchi/r40_s2/heterophily_rewire_oracle/0.30/seed_1/graph.bin,/kaggle/working/gfd-robustness-v4-factorial-r1/graphs/base/yelpchi/r40_s2/graph.bin,ok,
gfd_robustness_benchmark_v4_factorial,yelpchi,r40_s2,1,3,heterophily_rewire_oracle,0.3,mlp,train_on_variant,0.7873703172829494,0.4124587532671446,0.6562929132355262,0.6923589110374451,2.038280296999801,100,100,0.787128406487435,roc_auc,max_epochs,45954,8051348,175.2045135498047,149.0,175.2045135498047,175.0,0.4587411880493164,0.1452974677085876,/kaggle/working/gfd-robustness-v4-factorial-r1/graphs/base/yelpchi/r40_s2/graph.bin,/kaggle/working/gfd-robustness-v4-factorial-r1/graphs/variants/yelpchi/r40_s2/heterophily_rewire_oracle/0.30/seed_1/graph.bin,/kaggle/working/gfd-robustness-v4-factorial-r1/graphs/variants/yelpchi/r40_s2/heterophily_rewire_oracle/0.30/seed_1/graph.bin,ok,
gfd_robustness_benchmark_v4_factorial,yelpchi,r40_s2,1,3,heterophily_rewire_oracle,0.3,pmp,train_clean_eval_all,0.7586416676257973,0.3777238277500019,0.6412213961500948,0.3407284319400787,0.4683316869995906,81,71,0.8504771645246115,roc_auc,early_stopping,45954,8051348,175.2045135498047,149.0,175.2045135498047,175.0,0.4587411880493164,0.1452974677085876,/kaggle/working/gfd-robustness-v4-factorial-r1/graphs/base/yelpchi/r40_s2/graph.bin,/kaggle/working/gfd-robustness-v4-factorial-r1/graphs/variants/yelpchi/r40_s2/heterophily_rewire_oracle/0.30/seed_1/graph.bin,/kaggle/working/gfd-robustness-v4-factorial-r1/graphs/base/yelpchi/r40_s2/graph.bin,ok,
gfd_robustness_benchmark_v4_factorial,yelpchi,r40_s2,1,3,heterophily_rewire_oracle,0.3,pmp,train_on_variant,0.9034247608715869,0.6492556633577313,0.7678372715080568,0.2310309708118438,49.74832942300054,99,89,0.907594437570478,roc_auc,early_stopping,45954,8051348,175.2045135498047,149.0,175.2045135498047,175.0,0.4587411880493164,0.1452974677085876,/kaggle/working/gfd-robustness-v4-factorial-r1/graphs/base/yelpchi/r40_s2/graph.bin,/kaggle/working/gfd-robustness-v4-factorial-r1/graphs/variants/yelpchi/r40_s2/heterophily_rewire_oracle/0.30/seed_1/graph.bin,/kaggle/working/gfd-robustness-v4-factorial-r1/graphs/variants/yelpchi/r40_s2/heterophily_rewire_oracle/0.30/seed_1/graph.bin,ok,
gfd_robustness_benchmark_v4_factorial,yelpchi,r40_s2,1,3,heterophily_rewire_oracle,0.3,sage,train_clean_eval_all,0.7553534971172726,0.3736008220475256,0.6393139128911429,0.678734302520752,0.2231316910001624,100,100,0.781263013848857,roc_auc,max_epochs,45954,8051348,175.2045135498047,149.0,175.2045135498047,175.0,0.4587411880493164,0.1452974677085876,/kaggle/working/gfd-robustness-v4-factorial-r1/graphs/base/yelpchi/r40_s2/graph.bin,/kaggle/working/gfd-robustness-v4-factorial-r1/graphs/variants/yelpchi/r40_s2/heterophily_rewire_oracle/0.30/seed_1/graph.bin,/kaggle/working/gfd-robustness-v4-factorial-r1/graphs/base/yelpchi/r40_s2/graph.bin,ok,
gfd_robustness_benchmark_v4_factorial,yelpchi,r40_s2,1,3,heterophily_rewire_oracle,0.3,sage,train_on_variant,0.9100107725930522,0.6727764525707394,0.7730945155556199,0.6543822288513184,3.458041128000332,100,99,0.9080864069499376,roc_auc,max_epochs,45954,8051348,175.2045135498047,149.0,175.2045135498047,175.0,0.4587411880493164,0.1452974677085876,/kaggle/working/gfd-robustness-v4-factorial-r1/graphs/base/yelpchi/r40_s2/graph.bin,/kaggle/working/gfd-robustness-v4-factorial-r1/graphs/variants/yelpchi/r40_s2/heterophily_rewire_oracle/0.30/seed_1/graph.bin,/kaggle/working/gfd-robustness-v4-factorial-r1/graphs/variants/yelpchi/r40_s2/heterophily_rewire_oracle/0.30/seed_1/graph.bin,ok,
gfd_robustness_benchmark_v4_factorial,yelpchi,r40_s2,1,3,heterophily_rewire_oracle,0.3,secgfd,train_clean_eval_all,0.4028996130384343,0.1262048824392988,0.4869848864379644,0.7292185425758362,0.2276924899997539,50,49,0.8013855055464565,roc_auc,max_epochs,45954,8051348,175.2045135498047,149.0,175.2045135498047,175.0,0.4587411880493164,0.1452974677085876,/kaggle/working/gfd-robustness-v4-factorial-r1/graphs/base/yelpchi/r40_s2/graph.bin,/kaggle/working/gfd-robustness-v4-factorial-r1/graphs/variants/yelpchi/r40_s2/heterophily_rewire_oracle/0.30/seed_1/graph.bin,/kaggle/working/gfd-robustness-v4-factorial-r1/graphs/base/yelpchi/r40_s2/graph.bin,ok,
gfd_robustness_benchmark_v4_factorial,yelpchi,r40_s2,1,3,heterophily_rewire_oracle,0.3,secgfd,train_on_variant,1.0,1.0,0.999780983407849,0.6448712944984436,1.4109343079999237,12,2,1.0,roc_auc,early_stopping,45954,8051348,175.2045135498047,149.0,175.2045135498047,175.0,0.4587411880493164,0.1452974677085876,/kaggle/working/gfd-robustness-v4-factorial-r1/graphs/base/yelpchi/r40_s2/graph.bin,/kaggle/working/gfd-robustness-v4-factorial-r1/graphs/variants/yelpchi/r40_s2/heterophily_rewire_oracle/0.30/seed_1/graph.bin,/kaggle/working/gfd-robustness-v4-factorial-r1/graphs/variants/yelpchi/r40_s2/heterophily_rewire_oracle/0.30/seed_1/graph.bin,ok,
gfd_robustness_benchmark_v4_factorial,yelpchi,r40_s2,1,4,heterophily_rewire_oracle,0.3,mlp,train_clean_eval_all,0.7906828431985317,0.4231759041474303,0.6564547082775046,0.6527314186096191,0.1796615240000392,100,100,0.7886782196983243,roc_auc,max_epochs,45954,8051348,175.2045135498047,149.0,175.2045135498047,175.0,0.4587411880493164,0.1452974677085876,/kaggle/working/gfd-robustness-v4-factorial-r1/graphs/base/yelpchi/r40_s2/graph.bin,/kaggle/working/gfd-robustness-v4-factorial-r1/graphs/variants/yelpchi/r40_s2/heterophily_rewire_oracle/0.30/seed_1/graph.bin,/kaggle/working/gfd-robustness-v4-factorial-r1/graphs/base/yelpchi/r40_s2/graph.bin,ok,
gfd_robustness_benchmark_v4_factorial,yelpchi,r40_s2,1,4,heterophily_rewire_oracle,0.3,mlp,train_on_variant,0.7906828431985317,0.4231759041474303,0.6564547082775046,0.6527314186096191,1.8680374569994456,100,100,0.7886782196983243,roc_auc,max_epochs,45954,8051348,175.2045135498047,149.0,175.2045135498047,175.0,0.4587411880493164,0.1452974677085876,/kaggle/working/gfd-robustness-v4-factorial-r1/graphs/base/yelpchi/r40_s2/graph.bin,/kaggle/working/gfd-robustness-v4-factorial-r1/graphs/variants/yelpchi/r40_s2/heterophily_rewire_oracle/0.30/seed_1/graph.bin,/kaggle/working/gfd-robustness-v4-factorial-r1/graphs/variants/yelpchi/r40_s2/heterophily_rewire_oracle/0.30/seed_1/graph.bin,ok,
gfd_robustness_benchmark_v4_factorial,yelpchi,r40_s2,1,4,heterophily_rewire_oracle,0.3,pmp,train_clean_eval_all,0.7584778611374502,0.3884007708211069,0.6414293870810621,0.3711147308349609,0.4756008559998008,88,78,0.8543143635700441,roc_auc,early_stopping,45954,8051348,175.2045135498047,149.0,175.2045135498047,175.0,0.4587411880493164,0.1452974677085876,/kaggle/working/gfd-robustness-v4-factorial-r1/graphs/base/yelpchi/r40_s2/graph.bin,/kaggle/working/gfd-robustness-v4-factorial-r1/graphs/variants/yelpchi/r40_s2/heterophily_rewire_oracle/0.30/seed_1/graph.bin,/kaggle/working/gfd-robustness-v4-factorial-r1/graphs/base/yelpchi/r40_s2/graph.bin,ok,
gfd_robustness_benchmark_v4_factorial,yelpchi,r40_s2,1,4,heterophily_rewire_oracle,0.3,pmp,train_on_variant,0.8628055990234399,0.5434676086176777,0.71820158412952,0.215963676571846,14.551985756999784,31,21,0.8700023601942511,roc_auc,early_stopping,45954,8051348,175.2045135498047,149.0,175.2045135498047,175.0,0.4587411880493164,0.1452974677085876,/kaggle/working/gfd-robustness-v4-factorial-r1/graphs/base/yelpchi/r40_s2/graph.bin,/kaggle/working/gfd-robustness-v4-factorial-r1/graphs/variants/yelpchi/r40_s2/heterophily_rewire_oracle/0.30/seed_1/graph.bin,/kaggle/working/gfd-robustness-v4-factorial-r1/graphs/variants/yelpchi/r40_s2/heterophily_rewire_oracle/0.30/seed_1/graph.bin,ok,
gfd_robustness_benchmark_v4_factorial,yelpchi,r40_s2,1,4,heterophily_rewire_oracle,0.3,sage,train_clean_eval_all,0.7599010744104967,0.3723300366734486,0.6382676132760285,0.663702666759491,0.2309699840006942,100,100,0.7873061124263036,roc_auc,max_epochs,45954,8051348,175.2045135498047,149.0,175.2045135498047,175.0,0.4587411880493164,0.1452974677085876,/kaggle/working/gfd-robustness-v4-factorial-r1/graphs/base/yelpchi/r40_s2/graph.bin,/kaggle/working/gfd-robustness-v4-factorial-r1/graphs/variants/yelpchi/r40_s2/heterophily_rewire_oracle/0.30/seed_1/graph.bin,/kaggle/working/gfd-robustness-v4-factorial-r1/graphs/base/yelpchi/r40_s2/graph.bin,ok,
gfd_robustness_benchmark_v4_factorial,yelpchi,r40_s2,1,4,heterophily_rewire_oracle,0.3,sage,train_on_variant,0.9024543557043244,0.6569490639634649,0.7676516036325218,0.6862348914146423,3.298677704000511,100,100,0.9024860235971744,roc_auc,max_epochs,45954,8051348,175.2045135498047,149.0,175.2045135498047,175.0,0.4587411880493164,0.1452974677085876,/kaggle/working/gfd-robustness-v4-factorial-r1/graphs/base/yelpchi/r40_s2/graph.bin,/kaggle/working/gfd-robustness-v4-factorial-r1/graphs/variants/yelpchi/r40_s2/heterophily_rewire_oracle/0.30/seed_1/graph.bin,/kaggle/working/gfd-robustness-v4-factorial-r1/graphs/variants/yelpchi/r40_s2/heterophily_rewire_oracle/0.30/seed_1/graph.bin,ok,
gfd_robustness_benchmark_v4_factorial,yelpchi,r40_s2,1,4,heterophily_rewire_oracle,0.3,secgfd,train_clean_eval_all,0.4850708738772455,0.1319642037086726,0.4732983889980098,0.6979449987411499,0.2379761510001117,50,50,0.7831441601880527,roc_auc,max_epochs,45954,8051348,175.2045135498047,149.0,175.2045135498047,175.0,0.4587411880493164,0.1452974677085876,/kaggle/working/gfd-robustness-v4-factorial-r1/graphs/base/yelpchi/r40_s2/graph.bin,/kaggle/working/gfd-robustness-v4-factorial-r1/graphs/variants/yelpchi/r40_s2/heterophily_rewire_oracle/0.30/seed_1/graph.bin,/kaggle/working/gfd-robustness-v4-factorial-r1/graphs/base/yelpchi/r40_s2/graph.bin,ok,
gfd_robustness_benchmark_v4_factorial,yelpchi,r40_s2,1,4,heterophily_rewire_oracle,0.3,secgfd,train_on_variant,1.0,1.0,1.0,0.6768367886543274,1.4192215990005934,12,2,1.0,roc_auc,early_stopping,45954,8051348,175.2045135498047,149.0,175.2045135498047,175.0,0.4587411880493164,0.1452974677085876,/kaggle/working/gfd-robustness-v4-factorial-r1/graphs/base/yelpchi/r40_s2/graph.bin,/kaggle/working/gfd-robustness-v4-factorial-r1/graphs/variants/yelpchi/r40_s2/heterophily_rewire_oracle/0.30/seed_1/graph.bin,/kaggle/working/gfd-robustness-v4-factorial-r1/graphs/variants/yelpchi/r40_s2/heterophily_rewire_oracle/0.30/seed_1/graph.bin,ok,
gfd_robustness_benchmark_v4_factorial,yelpchi,r40_s2,0,0,noise_edges_uniform,0.1,mlp,train_clean_eval_all,0.7404642686051014,0.3246557322868326,0.6234842465885414,0.5026629567146301,0.2013269490016682,17,7,0.738136447836131,roc_auc,early_stopping,45954,8856482,192.7249450683593,193.0,192.7249450683593,192.0,0.2288910001516342,0.1452974677085876,/kaggle/working/gfd-robustness-v4-factorial-r1/graphs/base/yelpchi/r40_s2/graph.bin,/kaggle/working/gfd-robustness-v4-factorial-r1/graphs/variants/yelpchi/r40_s2/noise_edges_uniform/0.10/seed_0/graph.bin,/kaggle/working/gfd-robustness-v4-factorial-r1/graphs/base/yelpchi/r40_s2/graph.bin,ok,
gfd_robustness_benchmark_v4_factorial,yelpchi,r40_s2,0,0,noise_edges_uniform,0.1,mlp,train_on_variant,0.7404642686051014,0.3246557322868326,0.6234842465885414,0.5026629567146301,0.4066224599991983,17,7,0.738136447836131,roc_auc,early_stopping,45954,8856482,192.7249450683593,193.0,192.7249450683593,192.0,0.2288910001516342,0.1452974677085876,/kaggle/working/gfd-robustness-v4-factorial-r1/graphs/base/yelpchi/r40_s2/graph.bin,/kaggle/working/gfd-robustness-v4-factorial-r1/graphs/variants/yelpchi/r40_s2/noise_edges_uniform/0.10/seed_0/graph.bin,/kaggle/working/gfd-robustness-v4-factorial-r1/graphs/variants/yelpchi/r40_s2/noise_edges_uniform/0.10/seed_0/graph.bin,ok,
gfd_robustness_benchmark_v4_factorial,yelpchi,r40_s2,0,0,noise_edges_uniform,0.1,pmp,train_clean_eval_all,0.8347534818347012,0.5173989162128969,0.7008611059399,0.3942893743515014,0.5239692400009517,71,61,0.8519974633871886,roc_auc,early_stopping,45954,8856482,192.72494506835932,193.0,192.72494506835932,192.0,0.2288910001516342,0.1452974677085876,/kaggle/working/gfd-robustness-v4-factorial-r1/graphs/base/yelpchi/r40_s2/graph.bin,/kaggle/working/gfd-robustness-v4-factorial-r1/graphs/variants/yelpchi/r40_s2/noise_edges_uniform/0.10/seed_0/graph.bin,/kaggle/working/gfd-robustness-v4-factorial-r1/graphs/base/yelpchi/r40_s2/graph.bin,ok,
gfd_robustness_benchmark_v4_factorial,yelpchi,r40_s2,0,0,noise_edges_uniform,0.1,pmp,train_on_variant,0.8350325030946254,0.5138147692051832,0.7055988411742222,0.2491871267557144,28.380832990000272,65,55,0.8397931611583548,roc_auc,early_stopping,45954,8856482,192.7249450683593,193.0,192.7249450683593,192.0,0.2288910001516342,0.1452974677085876,/kaggle/working/gfd-robustness-v4-factorial-r1/graphs/base/yelpchi/r40_s2/graph.bin,/kaggle/working/gfd-robustness-v4-factorial-r1/graphs/variants/yelpchi/r40_s2/noise_edges_uniform/0.10/seed_0/graph.bin,/kaggle/working/gfd-robustness-v4-factorial-r1/graphs/variants/yelpchi/r40_s2/noise_edges_uniform/0.10/seed_0/graph.bin,ok,
gfd_robustness_benchmark_v4_factorial,yelpchi,r40_s2,0,0,noise_edges_uniform,0.1,sage,train_clean_eval_all,0.7816927443801298,0.4198461344998145,0.6549646726932112,0.648261308670044,0.2412480450002476,100,100,0.7811570196706694,roc_auc,max_epochs,45954,8856482,192.7249450683593,193.0,192.7249450683593,192.0,0.2288910001516342,0.1452974677085876,/kaggle/working/gfd-robustness-v4-factorial-r1/graphs/base/yelpchi/r40_s2/graph.bin,/kaggle/working/gfd-robustness-v4-factorial-r1/graphs/variants/yelpchi/r40_s2/noise_edges_uniform/0.10/seed_0/graph.bin,/kaggle/working/gfd-robustness-v4-factorial-r1/graphs/base/yelpchi/r40_s2/graph.bin,ok,
gfd_robustness_benchmark_v4_factorial,yelpchi,r40_s2,0,0,noise_edges_uniform,0.1,sage,train_on_variant,0.7747847887155933,0.4023326062179018,0.6477675882868741,0.6592458486557007,3.45195923600113,100,97,0.7738336945145748,roc_auc,max_epochs,45954,8856482,192.7249450683593,193.0,192.7249450683593,192.0,0.2288910001516342,0.1452974677085876,/kaggle/working/gfd-robustness-v4-factorial-r1/graphs/base/yelpchi/r40_s2/graph.bin,/kaggle/working/gfd-robustness-v4-factorial-r1/graphs/variants/yelpchi/r40_s2/noise_edges_uniform/0.10/seed_0/graph.bin,/kaggle/working/gfd-robustness-v4-factorial-r1/graphs/variants/yelpchi/r40_s2/noise_edges_uniform/0.10/seed_0/graph.bin,ok,
gfd_robustness_benchmark_v4_factorial,yelpchi,r40_s2,0,0,noise_edges_uniform,0.1,secgfd,train_clean_eval_all,0.8156578303741295,0.4735343549907189,0.6912101780962219,0.7547904253005981,0.2663492930005304,50,50,0.8112726691889752,roc_auc,max_epochs,45954,8856482,192.7249450683593,193.0,192.7249450683593,192.0,0.2288910001516342,0.1452974677085876,/kaggle/working/gfd-robustness-v4-factorial-r1/graphs/base/yelpchi/r40_s2/graph.bin,/kaggle/working/gfd-robustness-v4-factorial-r1/graphs/variants/yelpchi/r40_s2/noise_edges_uniform/0.10/seed_0/graph.bin,/kaggle/working/gfd-robustness-v4-factorial-r1/graphs/base/yelpchi/r40_s2/graph.bin,ok,
gfd_robustness_benchmark_v4_factorial,yelpchi,r40_s2,0,0,noise_edges_uniform,0.1,secgfd,train_on_variant,0.8133957430416662,0.4774225328566298,0.6883795395287249,0.7628217935562134,5.339496491000318,50,50,0.8154987996385804,roc_auc,max_epochs,45954,8856482,192.7249450683593,193.0,192.7249450683593,192.0,0.2288910001516342,0.1452974677085876,/kaggle/working/gfd-robustness-v4-factorial-r1/graphs/base/yelpchi/r40_s2/graph.bin,/kaggle/working/gfd-robustness-v4-factorial-r1/graphs/variants/yelpchi/r40_s2/noise_edges_uniform/0.10/seed_0/graph.bin,/kaggle/working/gfd-robustness-v4-factorial-r1/graphs/variants/yelpchi/r40_s2/noise_edges_uniform/0.10/seed_0/graph.bin,ok,
gfd_robustness_benchmark_v4_factorial,yelpchi,r40_s2,0,1,noise_edges_uniform,0.1,mlp,train_clean_eval_all,0.789016635612431,0.4167857282436971,0.6554860094295863,0.6965858936309814,0.1429434010005934,100,100,0.7856864946824108,roc_auc,max_epochs,45954,8856482,192.7249450683593,193.0,192.7249450683593,192.0,0.2288910001516342,0.1452974677085876,/kaggle/working/gfd-robustness-v4-factorial-r1/graphs/base/yelpchi/r40_s2/graph.bin,/kaggle/working/gfd-robustness-v4-factorial-r1/graphs/variants/yelpchi/r40_s2/noise_edges_uniform/0.10/seed_0/graph.bin,/kaggle/working/gfd-robustness-v4-factorial-r1/graphs/base/yelpchi/r40_s2/graph.bin,ok,
gfd_robustness_benchmark_v4_factorial,yelpchi,r40_s2,0,1,noise_edges_uniform,0.1,mlp,train_on_variant,0.789016635612431,0.4167857282436971,0.6554860094295863,0.6965858936309814,1.851954957999624,100,100,0.7856864946824108,roc_auc,max_epochs,45954,8856482,192.7249450683593,193.0,192.7249450683593,192.0,0.2288910001516342,0.1452974677085876,/kaggle/working/gfd-robustness-v4-factorial-r1/graphs/base/yelpchi/r40_s2/graph.bin,/kaggle/working/gfd-robustness-v4-factorial-r1/graphs/variants/yelpchi/r40_s2/noise_edges_uniform/0.10/seed_0/graph.bin,/kaggle/working/gfd-robustness-v4-factorial-r1/graphs/variants/yelpchi/r40_s2/noise_edges_uniform/0.10/seed_0/graph.bin,ok,
gfd_robustness_benchmark_v4_factorial,yelpchi,r40_s2,0,1,noise_edges_uniform,0.1,pmp,train_clean_eval_all,0.8303072206528898,0.5240958570752234,0.7019275539193451,0.3003063797950744,0.4950145319999137,82,72,0.8499563006458349,roc_auc,early_stopping,45954,8856482,192.72494506835932,193.0,192.72494506835932,192.0,0.2288910001516342,0.1452974677085876,/kaggle/working/gfd-robustness-v4-factorial-r1/graphs/base/yelpchi/r40_s2/graph.bin,/kaggle/working/gfd-robustness-v4-factorial-r1/graphs/variants/yelpchi/r40_s2/noise_edges_uniform/0.10/seed_0/graph.bin,/kaggle/working/gfd-robustness-v4-factorial-r1/graphs/base/yelpchi/r40_s2/graph.bin,ok,
gfd_robustness_benchmark_v4_factorial,yelpchi,r40_s2,0,1,noise_edges_uniform,0.1,pmp,train_on_variant,0.8324991596491335,0.5261898358598763,0.7057096586179066,0.3451267182826996,32.24616146600056,74,64,0.8373380346495588,roc_auc,early_stopping,45954,8856482,192.7249450683593,193.0,192.7249450683593,192.0,0.2288910001516342,0.1452974677085876,/kaggle/working/gfd-robustness-v4-factorial-r1/graphs/base/yelpchi/r40_s2/graph.bin,/kaggle/working/gfd-robustness-v4-factorial-r1/graphs/variants/yelpchi/r40_s2/noise_edges_uniform/0.10/seed_0/graph.bin,/kaggle/working/gfd-robustness-v4-factorial-r1/graphs/variants/yelpchi/r40_s2/noise_edges_uniform/0.10/seed_0/graph.bin,ok,
gfd_robustness_benchmark_v4_factorial,yelpchi,r40_s2,0,1,noise_edges_uniform,0.1,sage,train_clean_eval_all,0.6116388618829043,0.2019816428324166,0.544636895586027,0.2710321545600891,0.218773719998353,23,13,0.6158413377294931,roc_auc,early_stopping,45954,8856482,192.7249450683593,193.0,192.7249450683593,192.0,0.2288910001516342,0.1452974677085876,/kaggle/working/gfd-robustness-v4-factorial-r1/graphs/base/yelpchi/r40_s2/graph.bin,/kaggle/working/gfd-robustness-v4-factorial-r1/graphs/variants/yelpchi/r40_s2/noise_edges_uniform/0.10/seed_0/graph.bin,/kaggle/working/gfd-robustness-v4-factorial-r1/graphs/base/yelpchi/r40_s2/graph.bin,ok,
gfd_robustness_benchmark_v4_factorial,yelpchi,r40_s2,0,1,noise_edges_uniform,0.1,sage,train_on_variant,0.6134808690599961,0.2049693012374459,0.5458030557538534,0.2730450332164764,1.12418066400096,23,13,0.6196524077557414,roc_auc,early_stopping,45954,8856482,192.7249450683593,193.0,192.7249450683593,192.0,0.2288910001516342,0.1452974677085876,/kaggle/working/gfd-robustness-v4-factorial-r1/graphs/base/yelpchi/r40_s2/graph.bin,/kaggle/working/gfd-robustness-v4-factorial-r1/graphs/variants/yelpchi/r40_s2/noise_edges_uniform/0.10/seed_0/graph.bin,/kaggle/working/gfd-robustness-v4-factorial-r1/graphs/variants/yelpchi/r40_s2/noise_edges_uniform/0.10/seed_0/graph.bin,ok,
gfd_robustness_benchmark_v4_factorial,yelpchi,r40_s2,0,1,noise_edges_uniform,0.1,secgfd,train_clean_eval_all,0.7934750804526385,0.4305875510179457,0.6645819529493231,0.7049526572227478,0.2786324560001958,50,49,0.789748460509659,roc_auc,max_epochs,45954,8856482,192.7249450683593,193.0,192.7249450683593,192.0,0.2288910001516342,0.1452974677085876,/kaggle/working/gfd-robustness-v4-factorial-r1/graphs/base/yelpchi/r40_s2/graph.bin,/kaggle/working/gfd-robustness-v4-factorial-r1/graphs/variants/yelpchi/r40_s2/noise_edges_uniform/0.10/seed_0/graph.bin,/kaggle/working/gfd-robustness-v4-factorial-r1/graphs/base/yelpchi/r40_s2/graph.bin,ok,
gfd_robustness_benchmark_v4_factorial,yelpchi,r40_s2,0,1,noise_edges_uniform,0.1,secgfd,train_on_variant,0.7916112546419382,0.4359282538578725,0.6596197326546207,0.733016848564148,5.2099447429991415,50,50,0.792592041615708,roc_auc,max_epochs,45954,8856482,192.7249450683593,193.0,192.7249450683593,192.0,0.2288910001516342,0.1452974677085876,/kaggle/working/gfd-robustness-v4-factorial-r1/graphs/base/yelpchi/r40_s2/graph.bin,/kaggle/working/gfd-robustness-v4-factorial-r1/graphs/variants/yelpchi/r40_s2/noise_edges_uniform/0.10/seed_0/graph.bin,/kaggle/working/gfd-robustness-v4-factorial-r1/graphs/variants/yelpchi/r40_s2/noise_edges_uniform/0.10/seed_0/graph.bin,ok,
gfd_robustness_benchmark_v4_factorial,yelpchi,r40_s2,0,2,noise_edges_uniform,0.1,mlp,train_clean_eval_all,0.791833978586869,0.422563545347575,0.659744675709785,0.6869957447052002,0.1734932449999178,100,100,0.7910127617371984,roc_auc,max_epochs,45954,8856482,192.7249450683593,193.0,192.7249450683593,192.0,0.2288910001516342,0.1452974677085876,/kaggle/working/gfd-robustness-v4-factorial-r1/graphs/base/yelpchi/r40_s2/graph.bin,/kaggle/working/gfd-robustness-v4-factorial-r1/graphs/variants/yelpchi/r40_s2/noise_edges_uniform/0.10/seed_0/graph.bin,/kaggle/working/gfd-robustness-v4-factorial-r1/graphs/base/yelpchi/r40_s2/graph.bin,ok,
gfd_robustness_benchmark_v4_factorial,yelpchi,r40_s2,0,2,noise_edges_uniform,0.1,mlp,train_on_variant,0.791833978586869,0.422563545347575,0.659744675709785,0.6869957447052002,2.073262330999569,100,100,0.7910127617371984,roc_auc,max_epochs,45954,8856482,192.7249450683593,193.0,192.7249450683593,192.0,0.2288910001516342,0.1452974677085876,/kaggle/working/gfd-robustness-v4-factorial-r1/graphs/base/yelpchi/r40_s2/graph.bin,/kaggle/working/gfd-robustness-v4-factorial-r1/graphs/variants/yelpchi/r40_s2/noise_edges_uniform/0.10/seed_0/graph.bin,/kaggle/working/gfd-robustness-v4-factorial-r1/graphs/variants/yelpchi/r40_s2/noise_edges_uniform/0.10/seed_0/graph.bin,ok,
gfd_robustness_benchmark_v4_factorial,yelpchi,r40_s2,0,2,noise_edges_uniform,0.1,pmp,train_clean_eval_all,0.831767330283425,0.5157966666827176,0.7016341294709622,0.3158973157405853,0.4458511559987528,67,57,0.8516228361905988,roc_auc,early_stopping,45954,8856482,192.72494506835932,193.0,192.72494506835932,192.0,0.2288910001516342,0.1452974677085876,/kaggle/working/gfd-robustness-v4-factorial-r1/graphs/base/yelpchi/r40_s2/graph.bin,/kaggle/working/gfd-robustness-v4-factorial-r1/graphs/variants/yelpchi/r40_s2/noise_edges_uniform/0.10/seed_0/graph.bin,/kaggle/working/gfd-robustness-v4-factorial-r1/graphs/base/yelpchi/r40_s2/graph.bin,ok,
gfd_robustness_benchmark_v4_factorial,yelpchi,r40_s2,0,2,noise_edges_uniform,0.1,pmp,train_on_variant,0.8363245782810652,0.5337404969099383,0.7051637987982942,0.3930967152118683,42.25731317999998,100,94,0.8438978012048911,roc_auc,max_epochs,45954,8856482,192.7249450683593,193.0,192.7249450683593,192.0,0.2288910001516342,0.1452974677085876,/kaggle/working/gfd-robustness-v4-factorial-r1/graphs/base/yelpchi/r40_s2/graph.bin,/kaggle/working/gfd-robustness-v4-factorial-r1/graphs/variants/yelpchi/r40_s2/noise_edges_uniform/0.10/seed_0/graph.bin,/kaggle/working/gfd-robustness-v4-factorial-r1/graphs/variants/yelpchi/r40_s2/noise_edges_uniform/0.10/seed_0/graph.bin,ok,
gfd_robustness_benchmark_v4_factorial,yelpchi,r40_s2,0,2,noise_edges_uniform,0.1,sage,train_clean_eval_all,0.7894290101695793,0.4290504697048635,0.6616205463244298,0.6848011612892151,0.1820308260012098,100,99,0.791447800370479,roc_auc,max_epochs,45954,8856482,192.7249450683593,193.0,192.7249450683593,192.0,0.2288910001516342,0.1452974677085876,/kaggle/working/gfd-robustness-v4-factorial-r1/graphs/base/yelpchi/r40_s2/graph.bin,/kaggle/working/gfd-robustness-v4-factorial-r1/graphs/variants/yelpchi/r40_s2/noise_edges_uniform/0.10/seed_0/graph.bin,/kaggle/working/gfd-robustness-v4-factorial-r1/graphs/base/yelpchi/r40_s2/graph.bin,ok,
gfd_robustness_benchmark_v4_factorial,yelpchi,r40_s2,0,2,noise_edges_uniform,0.1,sage,train_on_variant,0.778533889768833,0.4072656853521389,0.6488559328060837,0.6434360146522522,3.557275377001133,100,95,0.7786624135489454,roc_auc,max_epochs,45954,8856482,192.7249450683593,193.0,192.7249450683593,192.0,0.2288910001516342,0.1452974677085876,/kaggle/working/gfd-robustness-v4-factorial-r1/graphs/base/yelpchi/r40_s2/graph.bin,/kaggle/working/gfd-robustness-v4-factorial-r1/graphs/variants/yelpchi/r40_s2/noise_edges_uniform/0.10/seed_0/graph.bin,/kaggle/working/gfd-robustness-v4-factorial-r1/graphs/variants/yelpchi/r40_s2/noise_edges_uniform/0.10/seed_0/graph.bin,ok,
gfd_robustness_benchmark_v4_factorial,yelpchi,r40_s2,0,2,noise_edges_uniform,0.1,secgfd,train_clean_eval_all,0.808769144660018,0.4830927973588709,0.6816650709727682,0.6936580538749695,0.2905459569992672,50,50,0.8116419561480677,roc_auc,max_epochs,45954,8856482,192.7249450683593,193.0,192.7249450683593,192.0,0.2288910001516342,0.1452974677085876,/kaggle/working/gfd-robustness-v4-factorial-r1/graphs/base/yelpchi/r40_s2/graph.bin,/kaggle/working/gfd-robustness-v4-factorial-r1/graphs/variants/yelpchi/r40_s2/noise_edges_uniform/0.10/seed_0/graph.bin,/kaggle/working/gfd-robustness-v4-factorial-r1/graphs/base/yelpchi/r40_s2/graph.bin,ok,
gfd_robustness_benchmark_v4_factorial,yelpchi,r40_s2,0,2,noise_edges_uniform,0.1,secgfd,train_on_variant,0.8094474754983414,0.4822650690808923,0.6867430813197903,0.7697420716285706,5.293628849000015,50,50,0.8142100858967666,roc_auc,max_epochs,45954,8856482,192.7249450683593,193.0,192.7249450683593,192.0,0.2288910001516342,0.1452974677085876,/kaggle/working/gfd-robustness-v4-factorial-r1/graphs/base/yelpchi/r40_s2/graph.bin,/kaggle/working/gfd-robustness-v4-factorial-r1/graphs/variants/yelpchi/r40_s2/noise_edges_uniform/0.10/seed_0/graph.bin,/kaggle/working/gfd-robustness-v4-factorial-r1/graphs/variants/yelpchi/r40_s2/noise_edges_uniform/0.10/seed_0/graph.bin,ok,
gfd_robustness_benchmark_v4_factorial,yelpchi,r40_s2,0,3,noise_edges_uniform,0.1,mlp,train_clean_eval_all,0.7873703172829494,0.4124587532671446,0.6562929132355262,0.6923589110374451,0.2089093960003083,100,100,0.787128406487435,roc_auc,max_epochs,45954,8856482,192.7249450683593,193.0,192.7249450683593,192.0,0.2288910001516342,0.1452974677085876,/kaggle/working/gfd-robustness-v4-factorial-r1/graphs/base/yelpchi/r40_s2/graph.bin,/kaggle/working/gfd-robustness-v4-factorial-r1/graphs/variants/yelpchi/r40_s2/noise_edges_uniform/0.10/seed_0/graph.bin,/kaggle/working/gfd-robustness-v4-factorial-r1/graphs/base/yelpchi/r40_s2/graph.bin,ok,
gfd_robustness_benchmark_v4_factorial,yelpchi,r40_s2,0,3,noise_edges_uniform,0.1,mlp,train_on_variant,0.7873703172829494,0.4124587532671446,0.6562929132355262,0.6923589110374451,1.6231988869985798,100,100,0.787128406487435,roc_auc,max_epochs,45954,8856482,192.7249450683593,193.0,192.7249450683593,192.0,0.2288910001516342,0.1452974677085876,/kaggle/working/gfd-robustness-v4-factorial-r1/graphs/base/yelpchi/r40_s2/graph.bin,/kaggle/working/gfd-robustness-v4-factorial-r1/graphs/variants/yelpchi/r40_s2/noise_edges_uniform/0.10/seed_0/graph.bin,/kaggle/working/gfd-robustness-v4-factorial-r1/graphs/variants/yelpchi/r40_s2/noise_edges_uniform/0.10/seed_0/graph.bin,ok,
gfd_robustness_benchmark_v4_factorial,yelpchi,r40_s2,0,3,noise_edges_uniform,0.1,pmp,train_clean_eval_all,0.828386597318347,0.5171280260408702,0.6980677829398474,0.3407284319400787,0.4491535870001826,81,71,0.8504771645246115,roc_auc,early_stopping,45954,8856482,192.72494506835932,193.0,192.72494506835932,192.0,0.2288910001516342,0.1452974677085876,/kaggle/working/gfd-robustness-v4-factorial-r1/graphs/base/yelpchi/r40_s2/graph.bin,/kaggle/working/gfd-robustness-v4-factorial-r1/graphs/variants/yelpchi/r40_s2/noise_edges_uniform/0.10/seed_0/graph.bin,/kaggle/working/gfd-robustness-v4-factorial-r1/graphs/base/yelpchi/r40_s2/graph.bin,ok,
gfd_robustness_benchmark_v4_factorial,yelpchi,r40_s2,0,3,noise_edges_uniform,0.1,pmp,train_on_variant,0.832556790854391,0.5238737063788629,0.7073119743751145,0.3550558388233185,37.61941156099965,92,82,0.8391718817423478,roc_auc,early_stopping,45954,8856482,192.7249450683593,193.0,192.7249450683593,192.0,0.2288910001516342,0.1452974677085876,/kaggle/working/gfd-robustness-v4-factorial-r1/graphs/base/yelpchi/r40_s2/graph.bin,/kaggle/working/gfd-robustness-v4-factorial-r1/graphs/variants/yelpchi/r40_s2/noise_edges_uniform/0.10/seed_0/graph.bin,/kaggle/working/gfd-robustness-v4-factorial-r1/graphs/variants/yelpchi/r40_s2/noise_edges_uniform/0.10/seed_0/graph.bin,ok,
gfd_robustness_benchmark_v4_factorial,yelpchi,r40_s2,0,3,noise_edges_uniform,0.1,sage,train_clean_eval_all,0.7800442346594998,0.4162733099237633,0.6567379700020725,0.678734302520752,0.1880457859988382,100,100,0.781263013848857,roc_auc,max_epochs,45954,8856482,192.7249450683593,193.0,192.7249450683593,192.0,0.2288910001516342,0.1452974677085876,/kaggle/working/gfd-robustness-v4-factorial-r1/graphs/base/yelpchi/r40_s2/graph.bin,/kaggle/working/gfd-robustness-v4-factorial-r1/graphs/variants/yelpchi/r40_s2/noise_edges_uniform/0.10/seed_0/graph.bin,/kaggle/working/gfd-robustness-v4-factorial-r1/graphs/base/yelpchi/r40_s2/graph.bin,ok,
gfd_robustness_benchmark_v4_factorial,yelpchi,r40_s2,0,3,noise_edges_uniform,0.1,sage,train_on_variant,0.7815082149537483,0.416861124823539,0.6566284877660824,0.6274091005325317,3.5407311670005583,100,100,0.7809636267841519,roc_auc,max_epochs,45954,8856482,192.7249450683593,193.0,192.7249450683593,192.0,0.2288910001516342,0.1452974677085876,/kaggle/working/gfd-robustness-v4-factorial-r1/graphs/base/yelpchi/r40_s2/graph.bin,/kaggle/working/gfd-robustness-v4-factorial-r1/graphs/variants/yelpchi/r40_s2/noise_edges_uniform/0.10/seed_0/graph.bin,/kaggle/working/gfd-robustness-v4-factorial-r1/graphs/variants/yelpchi/r40_s2/noise_edges_uniform/0.10/seed_0/graph.bin,ok,
gfd_robustness_benchmark_v4_factorial,yelpchi,r40_s2,0,3,noise_edges_uniform,0.1,secgfd,train_clean_eval_all,0.8004412628091576,0.4592142222912437,0.6776495277464976,0.7292185425758362,0.2954401370006962,50,49,0.8013855055464565,roc_auc,max_epochs,45954,8856482,192.7249450683593,193.0,192.7249450683593,192.0,0.2288910001516342,0.1452974677085876,/kaggle/working/gfd-robustness-v4-factorial-r1/graphs/base/yelpchi/r40_s2/graph.bin,/kaggle/working/gfd-robustness-v4-factorial-r1/graphs/variants/yelpchi/r40_s2/noise_edges_uniform/0.10/seed_0/graph.bin,/kaggle/working/gfd-robustness-v4-factorial-r1/graphs/base/yelpchi/r40_s2/graph.bin,ok,
gfd_robustness_benchmark_v4_factorial,yelpchi,r40_s2,0,3,noise_edges_uniform,0.1,secgfd,train_on_variant,0.7985671708073161,0.4386044761307768,0.6679435948198944,0.7331989407539368,5.369205376999162,50,49,0.8010577484700458,roc_auc,max_epochs,45954,8856482,192.7249450683593,193.0,192.7249450683593,192.0,0.2288910001516342,0.1452974677085876,/kaggle/working/gfd-robustness-v4-factorial-r1/graphs/base/yelpchi/r40_s2/graph.bin,/kaggle/working/gfd-robustness-v4-factorial-r1/graphs/variants/yelpchi/r40_s2/noise_edges_uniform/0.10/seed_0/graph.bin,/kaggle/working/gfd-robustness-v4-factorial-r1/graphs/variants/yelpchi/r40_s2/noise_edges_uniform/0.10/seed_0/graph.bin,ok,
gfd_robustness_benchmark_v4_factorial,yelpchi,r40_s2,0,4,noise_edges_uniform,0.1,mlp,train_clean_eval_all,0.7906828431985317,0.4231759041474303,0.6564547082775046,0.6527314186096191,0.127421848999802,100,100,0.7886782196983243,roc_auc,max_epochs,45954,8856482,192.7249450683593,193.0,192.7249450683593,192.0,0.2288910001516342,0.1452974677085876,/kaggle/working/gfd-robustness-v4-factorial-r1/graphs/base/yelpchi/r40_s2/graph.bin,/kaggle/working/gfd-robustness-v4-factorial-r1/graphs/variants/yelpchi/r40_s2/noise_edges_uniform/0.10/seed_0/graph.bin,/kaggle/working/gfd-robustness-v4-factorial-r1/graphs/base/yelpchi/r40_s2/graph.bin,ok,
gfd_robustness_benchmark_v4_factorial,yelpchi,r40_s2,0,4,noise_edges_uniform,0.1,mlp,train_on_variant,0.7906828431985317,0.4231759041474303,0.6564547082775046,0.6527314186096191,1.9365983640000195,100,100,0.7886782196983243,roc_auc,max_epochs,45954,8856482,192.7249450683593,193.0,192.7249450683593,192.0,0.2288910001516342,0.1452974677085876,/kaggle/working/gfd-robustness-v4-factorial-r1/graphs/base/yelpchi/r40_s2/graph.bin,/kaggle/working/gfd-robustness-v4-factorial-r1/graphs/variants/yelpchi/r40_s2/noise_edges_uniform/0.10/seed_0/graph.bin,/kaggle/working/gfd-robustness-v4-factorial-r1/graphs/variants/yelpchi/r40_s2/noise_edges_uniform/0.10/seed_0/graph.bin,ok,
gfd_robustness_benchmark_v4_factorial,yelpchi,r40_s2,0,4,noise_edges_uniform,0.1,pmp,train_clean_eval_all,0.8386214301285413,0.5336545114858462,0.7073539951111327,0.3711147308349609,0.4622111030002998,88,78,0.8543143635700441,roc_auc,early_stopping,45954,8856482,192.72494506835932,193.0,192.72494506835932,192.0,0.2288910001516342,0.1452974677085876,/kaggle/working/gfd-robustness-v4-factorial-r1/graphs/base/yelpchi/r40_s2/graph.bin,/kaggle/working/gfd-robustness-v4-factorial-r1/graphs/variants/yelpchi/r40_s2/noise_edges_uniform/0.10/seed_0/graph.bin,/kaggle/working/gfd-robustness-v4-factorial-r1/graphs/base/yelpchi/r40_s2/graph.bin,ok,
gfd_robustness_benchmark_v4_factorial,yelpchi,r40_s2,0,4,noise_edges_uniform,0.1,pmp,train_on_variant,0.8350664458379575,0.5227840550116722,0.7061558757715898,0.3330910503864288,26.21843750100016,64,54,0.8407577415563454,roc_auc,early_stopping,45954,8856482,192.7249450683593,193.0,192.7249450683593,192.0,0.2288910001516342,0.1452974677085876,/kaggle/working/gfd-robustness-v4-factorial-r1/graphs/base/yelpchi/r40_s2/graph.bin,/kaggle/working/gfd-robustness-v4-factorial-r1/graphs/variants/yelpchi/r40_s2/noise_edges_uniform/0.10/seed_0/graph.bin,/kaggle/working/gfd-robustness-v4-factorial-r1/graphs/variants/yelpchi/r40_s2/noise_edges_uniform/0.10/seed_0/graph.bin,ok,
gfd_robustness_benchmark_v4_factorial,yelpchi,r40_s2,0,4,noise_edges_uniform,0.1,sage,train_clean_eval_all,0.7863959699935669,0.4218593649967232,0.6583176989464181,0.663702666759491,0.223129436999443,100,100,0.7873061124263036,roc_auc,max_epochs,45954,8856482,192.7249450683593,193.0,192.7249450683593,192.0,0.2288910001516342,0.1452974677085876,/kaggle/working/gfd-robustness-v4-factorial-r1/graphs/base/yelpchi/r40_s2/graph.bin,/kaggle/working/gfd-robustness-v4-factorial-r1/graphs/variants/yelpchi/r40_s2/noise_edges_uniform/0.10/seed_0/graph.bin,/kaggle/working/gfd-robustness-v4-factorial-r1/graphs/base/yelpchi/r40_s2/graph.bin,ok,
gfd_robustness_benchmark_v4_factorial,yelpchi,r40_s2,0,4,noise_edges_uniform,0.1,sage,train_on_variant,0.7798331703446467,0.4037237866067288,0.6490333284115266,0.60760498046875,3.612739688000147,100,100,0.7786499212076565,roc_auc,max_epochs,45954,8856482,192.7249450683593,193.0,192.7249450683593,192.0,0.2288910001516342,0.1452974677085876,/kaggle/working/gfd-robustness-v4-factorial-r1/graphs/base/yelpchi/r40_s2/graph.bin,/kaggle/working/gfd-robustness-v4-factorial-r1/graphs/variants/yelpchi/r40_s2/noise_edges_uniform/0.10/seed_0/graph.bin,/kaggle/working/gfd-robustness-v4-factorial-r1/graphs/variants/yelpchi/r40_s2/noise_edges_uniform/0.10/seed_0/graph.bin,ok,
gfd_robustness_benchmark_v4_factorial,yelpchi,r40_s2,0,4,noise_edges_uniform,0.1,secgfd,train_clean_eval_all,0.7888235311772077,0.4153882148503631,0.6581072341222242,0.6979449987411499,0.33104085100058,50,50,0.7831441601880527,roc_auc,max_epochs,45954,8856482,192.7249450683593,193.0,192.7249450683593,192.0,0.2288910001516342,0.1452974677085876,/kaggle/working/gfd-robustness-v4-factorial-r1/graphs/base/yelpchi/r40_s2/graph.bin,/kaggle/working/gfd-robustness-v4-factorial-r1/graphs/variants/yelpchi/r40_s2/noise_edges_uniform/0.10/seed_0/graph.bin,/kaggle/working/gfd-robustness-v4-factorial-r1/graphs/base/yelpchi/r40_s2/graph.bin,ok,
gfd_robustness_benchmark_v4_factorial,yelpchi,r40_s2,0,4,noise_edges_uniform,0.1,secgfd,train_on_variant,0.7843390159281742,0.4192628370601597,0.6540179753885522,0.7324175238609314,5.39173862700045,50,49,0.7796080647122351,roc_auc,max_epochs,45954,8856482,192.7249450683593,193.0,192.7249450683593,192.0,0.2288910001516342,0.1452974677085876,/kaggle/working/gfd-robustness-v4-factorial-r1/graphs/base/yelpchi/r40_s2/graph.bin,/kaggle/working/gfd-robustness-v4-factorial-r1/graphs/variants/yelpchi/r40_s2/noise_edges_uniform/0.10/seed_0/graph.bin,/kaggle/working/gfd-robustness-v4-factorial-r1/graphs/variants/yelpchi/r40_s2/noise_edges_uniform/0.10/seed_0/graph.bin,ok,
gfd_robustness_benchmark_v4_factorial,yelpchi,r40_s2,1,0,noise_edges_uniform,0.1,mlp,train_clean_eval_all,0.7404642686051014,0.3246557322868326,0.6234842465885414,0.5026629567146301,0.2136836610006867,17,7,0.738136447836131,roc_auc,early_stopping,45954,8856482,192.7249450683593,193.0,192.7249450683593,193.0,0.2289074808359146,0.1452974677085876,/kaggle/working/gfd-robustness-v4-factorial-r1/graphs/base/yelpchi/r40_s2/graph.bin,/kaggle/working/gfd-robustness-v4-factorial-r1/graphs/variants/yelpchi/r40_s2/noise_edges_uniform/0.10/seed_1/graph.bin,/kaggle/working/gfd-robustness-v4-factorial-r1/graphs/base/yelpchi/r40_s2/graph.bin,ok,
gfd_robustness_benchmark_v4_factorial,yelpchi,r40_s2,1,0,noise_edges_uniform,0.1,mlp,train_on_variant,0.7404642686051014,0.3246557322868326,0.6234842465885414,0.5026629567146301,0.4240454789996875,17,7,0.738136447836131,roc_auc,early_stopping,45954,8856482,192.7249450683593,193.0,192.7249450683593,193.0,0.2289074808359146,0.1452974677085876,/kaggle/working/gfd-robustness-v4-factorial-r1/graphs/base/yelpchi/r40_s2/graph.bin,/kaggle/working/gfd-robustness-v4-factorial-r1/graphs/variants/yelpchi/r40_s2/noise_edges_uniform/0.10/seed_1/graph.bin,/kaggle/working/gfd-robustness-v4-factorial-r1/graphs/variants/yelpchi/r40_s2/noise_edges_uniform/0.10/seed_1/graph.bin,ok,
gfd_robustness_benchmark_v4_factorial,yelpchi,r40_s2,1,0,noise_edges_uniform,0.1,pmp,train_clean_eval_all,0.8357534231435296,0.5190895634376768,0.701318353283039,0.3942893743515014,0.4870707829995808,71,61,0.8519974633871886,roc_auc,early_stopping,45954,8856482,192.72494506835932,193.0,192.72494506835932,193.0,0.2289074808359146,0.1452974677085876,/kaggle/working/gfd-robustness-v4-factorial-r1/graphs/base/yelpchi/r40_s2/graph.bin,/kaggle/working/gfd-robustness-v4-factorial-r1/graphs/variants/yelpchi/r40_s2/noise_edges_uniform/0.10/seed_1/graph.bin,/kaggle/working/gfd-robustness-v4-factorial-r1/graphs/base/yelpchi/r40_s2/graph.bin,ok,
gfd_robustness_benchmark_v4_factorial,yelpchi,r40_s2,1,0,noise_edges_uniform,0.1,pmp,train_on_variant,0.831522275586302,0.5153841492198503,0.7011019188003201,0.3483399152755737,23.9586448830014,57,47,0.8396036304078844,roc_auc,early_stopping,45954,8856482,192.7249450683593,193.0,192.7249450683593,193.0,0.2289074808359146,0.1452974677085876,/kaggle/working/gfd-robustness-v4-factorial-r1/graphs/base/yelpchi/r40_s2/graph.bin,/kaggle/working/gfd-robustness-v4-factorial-r1/graphs/variants/yelpchi/r40_s2/noise_edges_uniform/0.10/seed_1/graph.bin,/kaggle/working/gfd-robustness-v4-factorial-r1/graphs/variants/yelpchi/r40_s2/noise_edges_uniform/0.10/seed_1/graph.bin,ok,
gfd_robustness_benchmark_v4_factorial,yelpchi,r40_s2,1,0,noise_edges_uniform,0.1,sage,train_clean_eval_all,0.7817805310331476,0.4202597537650139,0.6524215614046847,0.648261308670044,0.1835558639995724,100,100,0.7811570196706694,roc_auc,max_epochs,45954,8856482,192.7249450683593,193.0,192.7249450683593,193.0,0.2289074808359146,0.1452974677085876,/kaggle/working/gfd-robustness-v4-factorial-r1/graphs/base/yelpchi/r40_s2/graph.bin,/kaggle/working/gfd-robustness-v4-factorial-r1/graphs/variants/yelpchi/r40_s2/noise_edges_uniform/0.10/seed_1/graph.bin,/kaggle/working/gfd-robustness-v4-factorial-r1/graphs/base/yelpchi/r40_s2/graph.bin,ok,
gfd_robustness_benchmark_v4_factorial,yelpchi,r40_s2,1,0,noise_edges_uniform,0.1,sage,train_on_variant,0.7726519220024818,0.3945858056328566,0.6438691744516059,0.6475983262062073,3.576799624999694,100,99,0.7711867485820955,roc_auc,max_epochs,45954,8856482,192.7249450683593,193.0,192.7249450683593,193.0,0.2289074808359146,0.1452974677085876,/kaggle/working/gfd-robustness-v4-factorial-r1/graphs/base/yelpchi/r40_s2/graph.bin,/kaggle/working/gfd-robustness-v4-factorial-r1/graphs/variants/yelpchi/r40_s2/noise_edges_uniform/0.10/seed_1/graph.bin,/kaggle/working/gfd-robustness-v4-factorial-r1/graphs/variants/yelpchi/r40_s2/noise_edges_uniform/0.10/seed_1/graph.bin,ok,
gfd_robustness_benchmark_v4_factorial,yelpchi,r40_s2,1,0,noise_edges_uniform,0.1,secgfd,train_clean_eval_all,0.8155886586361392,0.4733710521408419,0.6897681211706678,0.7547904253005981,0.2290191720003349,50,50,0.8112726691889752,roc_auc,max_epochs,45954,8856482,192.7249450683593,193.0,192.7249450683593,193.0,0.2289074808359146,0.1452974677085876,/kaggle/working/gfd-robustness-v4-factorial-r1/graphs/base/yelpchi/r40_s2/graph.bin,/kaggle/working/gfd-robustness-v4-factorial-r1/graphs/variants/yelpchi/r40_s2/noise_edges_uniform/0.10/seed_1/graph.bin,/kaggle/working/gfd-robustness-v4-factorial-r1/graphs/base/yelpchi/r40_s2/graph.bin,ok,
gfd_robustness_benchmark_v4_factorial,yelpchi,r40_s2,1,0,noise_edges_uniform,0.1,secgfd,train_on_variant,0.8088198920387332,0.4730305854594253,0.6847362991244087,0.7425549626350403,5.439406519999466,50,47,0.8080766800887814,roc_auc,max_epochs,45954,8856482,192.7249450683593,193.0,192.7249450683593,193.0,0.2289074808359146,0.1452974677085876,/kaggle/working/gfd-robustness-v4-factorial-r1/graphs/base/yelpchi/r40_s2/graph.bin,/kaggle/working/gfd-robustness-v4-factorial-r1/graphs/variants/yelpchi/r40_s2/noise_edges_uniform/0.10/seed_1/graph.bin,/kaggle/working/gfd-robustness-v4-factorial-r1/graphs/variants/yelpchi/r40_s2/noise_edges_uniform/0.10/seed_1/graph.bin,ok,
gfd_robustness_benchmark_v4_factorial,yelpchi,r40_s2,1,1,noise_edges_uniform,0.1,mlp,train_clean_eval_all,0.789016635612431,0.4167857282436971,0.6554860094295863,0.6965858936309814,0.1652728909994039,100,100,0.7856864946824108,roc_auc,max_epochs,45954,8856482,192.7249450683593,193.0,192.7249450683593,193.0,0.2289074808359146,0.1452974677085876,/kaggle/working/gfd-robustness-v4-factorial-r1/graphs/base/yelpchi/r40_s2/graph.bin,/kaggle/working/gfd-robustness-v4-factorial-r1/graphs/variants/yelpchi/r40_s2/noise_edges_uniform/0.10/seed_1/graph.bin,/kaggle/working/gfd-robustness-v4-factorial-r1/graphs/base/yelpchi/r40_s2/graph.bin,ok,
gfd_robustness_benchmark_v4_factorial,yelpchi,r40_s2,1,1,noise_edges_uniform,0.1,mlp,train_on_variant,0.789016635612431,0.4167857282436971,0.6554860094295863,0.6965858936309814,1.8559227530004136,100,100,0.7856864946824108,roc_auc,max_epochs,45954,8856482,192.7249450683593,193.0,192.7249450683593,193.0,0.2289074808359146,0.1452974677085876,/kaggle/working/gfd-robustness-v4-factorial-r1/graphs/base/yelpchi/r40_s2/graph.bin,/kaggle/working/gfd-robustness-v4-factorial-r1/graphs/variants/yelpchi/r40_s2/noise_edges_uniform/0.10/seed_1/graph.bin,/kaggle/working/gfd-robustness-v4-factorial-r1/graphs/variants/yelpchi/r40_s2/noise_edges_uniform/0.10/seed_1/graph.bin,ok,
gfd_robustness_benchmark_v4_factorial,yelpchi,r40_s2,1,1,noise_edges_uniform,0.1,pmp,train_clean_eval_all,0.8298282468604035,0.5235760629807718,0.7055604522344857,0.3003063797950744,0.4943614029998571,82,72,0.8499563006458349,roc_auc,early_stopping,45954,8856482,192.72494506835932,193.0,192.72494506835932,193.0,0.2289074808359146,0.1452974677085876,/kaggle/working/gfd-robustness-v4-factorial-r1/graphs/base/yelpchi/r40_s2/graph.bin,/kaggle/working/gfd-robustness-v4-factorial-r1/graphs/variants/yelpchi/r40_s2/noise_edges_uniform/0.10/seed_1/graph.bin,/kaggle/working/gfd-robustness-v4-factorial-r1/graphs/base/yelpchi/r40_s2/graph.bin,ok,
gfd_robustness_benchmark_v4_factorial,yelpchi,r40_s2,1,1,noise_edges_uniform,0.1,pmp,train_on_variant,0.8406257788966365,0.5535046536711541,0.7121521032090747,0.3906629383563995,33.38080400800027,80,70,0.8451063637035501,roc_auc,early_stopping,45954,8856482,192.7249450683593,193.0,192.7249450683593,193.0,0.2289074808359146,0.1452974677085876,/kaggle/working/gfd-robustness-v4-factorial-r1/graphs/base/yelpchi/r40_s2/graph.bin,/kaggle/working/gfd-robustness-v4-factorial-r1/graphs/variants/yelpchi/r40_s2/noise_edges_uniform/0.10/seed_1/graph.bin,/kaggle/working/gfd-robustness-v4-factorial-r1/graphs/variants/yelpchi/r40_s2/noise_edges_uniform/0.10/seed_1/graph.bin,ok,
gfd_robustness_benchmark_v4_factorial,yelpchi,r40_s2,1,1,noise_edges_uniform,0.1,sage,train_clean_eval_all,0.6114521767945779,0.2026211439725668,0.5438453287046857,0.2710321545600891,0.2207890900008351,23,13,0.6158413377294931,roc_auc,early_stopping,45954,8856482,192.7249450683593,193.0,192.7249450683593,193.0,0.2289074808359146,0.1452974677085876,/kaggle/working/gfd-robustness-v4-factorial-r1/graphs/base/yelpchi/r40_s2/graph.bin,/kaggle/working/gfd-robustness-v4-factorial-r1/graphs/variants/yelpchi/r40_s2/noise_edges_uniform/0.10/seed_1/graph.bin,/kaggle/working/gfd-robustness-v4-factorial-r1/graphs/base/yelpchi/r40_s2/graph.bin,ok,
gfd_robustness_benchmark_v4_factorial,yelpchi,r40_s2,1,1,noise_edges_uniform,0.1,sage,train_on_variant,0.6133094998902399,0.205255799671182,0.5471406473842104,0.2745694816112518,0.9537644240008376,23,13,0.6201018936386805,roc_auc,early_stopping,45954,8856482,192.7249450683593,193.0,192.7249450683593,193.0,0.2289074808359146,0.1452974677085876,/kaggle/working/gfd-robustness-v4-factorial-r1/graphs/base/yelpchi/r40_s2/graph.bin,/kaggle/working/gfd-robustness-v4-factorial-r1/graphs/variants/yelpchi/r40_s2/noise_edges_uniform/0.10/seed_1/graph.bin,/kaggle/working/gfd-robustness-v4-factorial-r1/graphs/variants/yelpchi/r40_s2/noise_edges_uniform/0.10/seed_1/graph.bin,ok,
gfd_robustness_benchmark_v4_factorial,yelpchi,r40_s2,1,1,noise_edges_uniform,0.1,secgfd,train_clean_eval_all,0.7936878954984634,0.4308369476851245,0.6657414119780808,0.7049526572227478,0.273245300999406,50,49,0.789748460509659,roc_auc,max_epochs,45954,8856482,192.7249450683593,193.0,192.7249450683593,193.0,0.2289074808359146,0.1452974677085876,/kaggle/working/gfd-robustness-v4-factorial-r1/graphs/base/yelpchi/r40_s2/graph.bin,/kaggle/working/gfd-robustness-v4-factorial-r1/graphs/variants/yelpchi/r40_s2/noise_edges_uniform/0.10/seed_1/graph.bin,/kaggle/working/gfd-robustness-v4-factorial-r1/graphs/base/yelpchi/r40_s2/graph.bin,ok,
gfd_robustness_benchmark_v4_factorial,yelpchi,r40_s2,1,1,noise_edges_uniform,0.1,secgfd,train_on_variant,0.7948446522814859,0.4372982249582539,0.6583651478017878,0.6969038844108582,5.408130359999632,50,50,0.7911695358523043,roc_auc,max_epochs,45954,8856482,192.7249450683593,193.0,192.7249450683593,193.0,0.2289074808359146,0.1452974677085876,/kaggle/working/gfd-robustness-v4-factorial-r1/graphs/base/yelpchi/r40_s2/graph.bin,/kaggle/working/gfd-robustness-v4-factorial-r1/graphs/variants/yelpchi/r40_s2/noise_edges_uniform/0.10/seed_1/graph.bin,/kaggle/working/gfd-robustness-v4-factorial-r1/graphs/variants/yelpchi/r40_s2/noise_edges_uniform/0.10/seed_1/graph.bin,ok,
gfd_robustness_benchmark_v4_factorial,yelpchi,r40_s2,1,2,noise_edges_uniform,0.1,mlp,train_clean_eval_all,0.791833978586869,0.422563545347575,0.659744675709785,0.6869957447052002,0.1731333339994307,100,100,0.7910127617371984,roc_auc,max_epochs,45954,8856482,192.7249450683593,193.0,192.7249450683593,193.0,0.2289074808359146,0.1452974677085876,/kaggle/working/gfd-robustness-v4-factorial-r1/graphs/base/yelpchi/r40_s2/graph.bin,/kaggle/working/gfd-robustness-v4-factorial-r1/graphs/variants/yelpchi/r40_s2/noise_edges_uniform/0.10/seed_1/graph.bin,/kaggle/working/gfd-robustness-v4-factorial-r1/graphs/base/yelpchi/r40_s2/graph.bin,ok,
gfd_robustness_benchmark_v4_factorial,yelpchi,r40_s2,1,2,noise_edges_uniform,0.1,mlp,train_on_variant,0.791833978586869,0.422563545347575,0.659744675709785,0.6869957447052002,1.944969293999748,100,100,0.7910127617371984,roc_auc,max_epochs,45954,8856482,192.7249450683593,193.0,192.7249450683593,193.0,0.2289074808359146,0.1452974677085876,/kaggle/working/gfd-robustness-v4-factorial-r1/graphs/base/yelpchi/r40_s2/graph.bin,/kaggle/working/gfd-robustness-v4-factorial-r1/graphs/variants/yelpchi/r40_s2/noise_edges_uniform/0.10/seed_1/graph.bin,/kaggle/working/gfd-robustness-v4-factorial-r1/graphs/variants/yelpchi/r40_s2/noise_edges_uniform/0.10/seed_1/graph.bin,ok,
gfd_robustness_benchmark_v4_factorial,yelpchi,r40_s2,1,2,noise_edges_uniform,0.1,pmp,train_clean_eval_all,0.8297379948923437,0.5089943820124478,0.6980145996625766,0.3158973157405853,0.4409572900003695,67,57,0.8516228361905988,roc_auc,early_stopping,45954,8856482,192.72494506835932,193.0,192.72494506835932,193.0,0.2289074808359146,0.1452974677085876,/kaggle/working/gfd-robustness-v4-factorial-r1/graphs/base/yelpchi/r40_s2/graph.bin,/kaggle/working/gfd-robustness-v4-factorial-r1/graphs/variants/yelpchi/r40_s2/noise_edges_uniform/0.10/seed_1/graph.bin,/kaggle/working/gfd-robustness-v4-factorial-r1/graphs/base/yelpchi/r40_s2/graph.bin,ok,
gfd_robustness_benchmark_v4_factorial,yelpchi,r40_s2,1,2,noise_edges_uniform,0.1,pmp,train_on_variant,0.8389783767813151,0.5312615918699067,0.7144889374982392,0.3264199197292328,37.12533677200008,89,79,0.8464179164968042,roc_auc,early_stopping,45954,8856482,192.7249450683593,193.0,192.7249450683593,193.0,0.2289074808359146,0.1452974677085876,/kaggle/working/gfd-robustness-v4-factorial-r1/graphs/base/yelpchi/r40_s2/graph.bin,/kaggle/working/gfd-robustness-v4-factorial-r1/graphs/variants/yelpchi/r40_s2/noise_edges_uniform/0.10/seed_1/graph.bin,/kaggle/working/gfd-robustness-v4-factorial-r1/graphs/variants/yelpchi/r40_s2/noise_edges_uniform/0.10/seed_1/graph.bin,ok,
gfd_robustness_benchmark_v4_factorial,yelpchi,r40_s2,1,2,noise_edges_uniform,0.1,sage,train_clean_eval_all,0.7895355308349695,0.4295678973289799,0.6611744771493454,0.6848011612892151,0.2028061919991159,100,99,0.791447800370479,roc_auc,max_epochs,45954,8856482,192.7249450683593,193.0,192.7249450683593,193.0,0.2289074808359146,0.1452974677085876,/kaggle/working/gfd-robustness-v4-factorial-r1/graphs/base/yelpchi/r40_s2/graph.bin,/kaggle/working/gfd-robustness-v4-factorial-r1/graphs/variants/yelpchi/r40_s2/noise_edges_uniform/0.10/seed_1/graph.bin,/kaggle/working/gfd-robustness-v4-factorial-r1/graphs/base/yelpchi/r40_s2/graph.bin,ok,
gfd_robustness_benchmark_v4_factorial,yelpchi,r40_s2,1,2,noise_edges_uniform,0.1,sage,train_on_variant,0.7844256949758832,0.4268630711857646,0.6594752073789774,0.6514379382133484,3.645188512000459,100,100,0.7835785789723381,roc_auc,max_epochs,45954,8856482,192.7249450683593,193.0,192.7249450683593,193.0,0.2289074808359146,0.1452974677085876,/kaggle/working/gfd-robustness-v4-factorial-r1/graphs/base/yelpchi/r40_s2/graph.bin,/kaggle/working/gfd-robustness-v4-factorial-r1/graphs/variants/yelpchi/r40_s2/noise_edges_uniform/0.10/seed_1/graph.bin,/kaggle/working/gfd-robustness-v4-factorial-r1/graphs/variants/yelpchi/r40_s2/noise_edges_uniform/0.10/seed_1/graph.bin,ok,
gfd_robustness_benchmark_v4_factorial,yelpchi,r40_s2,1,2,noise_edges_uniform,0.1,secgfd,train_clean_eval_all,0.8086618141326817,0.4830039615882286,0.6831151979070799,0.6936580538749695,0.2789502249997895,50,50,0.8116419561480677,roc_auc,max_epochs,45954,8856482,192.7249450683593,193.0,192.7249450683593,193.0,0.2289074808359146,0.1452974677085876,/kaggle/working/gfd-robustness-v4-factorial-r1/graphs/base/yelpchi/r40_s2/graph.bin,/kaggle/working/gfd-robustness-v4-factorial-r1/graphs/variants/yelpchi/r40_s2/noise_edges_uniform/0.10/seed_1/graph.bin,/kaggle/working/gfd-robustness-v4-factorial-r1/graphs/base/yelpchi/r40_s2/graph.bin,ok,
gfd_robustness_benchmark_v4_factorial,yelpchi,r40_s2,1,2,noise_edges_uniform,0.1,secgfd,train_on_variant,0.8090753082048734,0.477146135137294,0.685065894415897,0.7428537011146545,5.314305865998904,50,49,0.8144931184841354,roc_auc,max_epochs,45954,8856482,192.7249450683593,193.0,192.7249450683593,193.0,0.2289074808359146,0.1452974677085876,/kaggle/working/gfd-robustness-v4-factorial-r1/graphs/base/yelpchi/r40_s2/graph.bin,/kaggle/working/gfd-robustness-v4-factorial-r1/graphs/variants/yelpchi/r40_s2/noise_edges_uniform/0.10/seed_1/graph.bin,/kaggle/working/gfd-robustness-v4-factorial-r1/graphs/variants/yelpchi/r40_s2/noise_edges_uniform/0.10/seed_1/graph.bin,ok,
gfd_robustness_benchmark_v4_factorial,yelpchi,r40_s2,1,3,noise_edges_uniform,0.1,mlp,train_clean_eval_all,0.7873703172829494,0.4124587532671446,0.6562929132355262,0.6923589110374451,0.2046770379984082,100,100,0.787128406487435,roc_auc,max_epochs,45954,8856482,192.7249450683593,193.0,192.7249450683593,193.0,0.2289074808359146,0.1452974677085876,/kaggle/working/gfd-robustness-v4-factorial-r1/graphs/base/yelpchi/r40_s2/graph.bin,/kaggle/working/gfd-robustness-v4-factorial-r1/graphs/variants/yelpchi/r40_s2/noise_edges_uniform/0.10/seed_1/graph.bin,/kaggle/working/gfd-robustness-v4-factorial-r1/graphs/base/yelpchi/r40_s2/graph.bin,ok,
gfd_robustness_benchmark_v4_factorial,yelpchi,r40_s2,1,3,noise_edges_uniform,0.1,mlp,train_on_variant,0.7873703172829494,0.4124587532671446,0.6562929132355262,0.6923589110374451,2.073953753000751,100,100,0.787128406487435,roc_auc,max_epochs,45954,8856482,192.7249450683593,193.0,192.7249450683593,193.0,0.2289074808359146,0.1452974677085876,/kaggle/working/gfd-robustness-v4-factorial-r1/graphs/base/yelpchi/r40_s2/graph.bin,/kaggle/working/gfd-robustness-v4-factorial-r1/graphs/variants/yelpchi/r40_s2/noise_edges_uniform/0.10/seed_1/graph.bin,/kaggle/working/gfd-robustness-v4-factorial-r1/graphs/variants/yelpchi/r40_s2/noise_edges_uniform/0.10/seed_1/graph.bin,ok,
gfd_robustness_benchmark_v4_factorial,yelpchi,r40_s2,1,3,noise_edges_uniform,0.1,pmp,train_clean_eval_all,0.830869955608132,0.512057261225334,0.7019866054084793,0.3407284319400787,0.445808009000757,81,71,0.8504771645246115,roc_auc,early_stopping,45954,8856482,192.72494506835932,193.0,192.72494506835932,193.0,0.2289074808359146,0.1452974677085876,/kaggle/working/gfd-robustness-v4-factorial-r1/graphs/base/yelpchi/r40_s2/graph.bin,/kaggle/working/gfd-robustness-v4-factorial-r1/graphs/variants/yelpchi/r40_s2/noise_edges_uniform/0.10/seed_1/graph.bin,/kaggle/working/gfd-robustness-v4-factorial-r1/graphs/base/yelpchi/r40_s2/graph.bin,ok,
gfd_robustness_benchmark_v4_factorial,yelpchi,r40_s2,1,3,noise_edges_uniform,0.1,pmp,train_on_variant,0.8349852571778541,0.5198415016803366,0.7023752479915181,0.3540123105049133,35.997141308998835,87,77,0.8442216961452544,roc_auc,early_stopping,45954,8856482,192.7249450683593,193.0,192.7249450683593,193.0,0.2289074808359146,0.1452974677085876,/kaggle/working/gfd-robustness-v4-factorial-r1/graphs/base/yelpchi/r40_s2/graph.bin,/kaggle/working/gfd-robustness-v4-factorial-r1/graphs/variants/yelpchi/r40_s2/noise_edges_uniform/0.10/seed_1/graph.bin,/kaggle/working/gfd-robustness-v4-factorial-r1/graphs/variants/yelpchi/r40_s2/noise_edges_uniform/0.10/seed_1/graph.bin,ok,
gfd_robustness_benchmark_v4_factorial,yelpchi,r40_s2,1,3,noise_edges_uniform,0.1,sage,train_clean_eval_all,0.780093374224057,0.4165062225573404,0.6569183835099934,0.678734302520752,0.1882126529999368,100,100,0.781263013848857,roc_auc,max_epochs,45954,8856482,192.7249450683593,193.0,192.7249450683593,193.0,0.2289074808359146,0.1452974677085876,/kaggle/working/gfd-robustness-v4-factorial-r1/graphs/base/yelpchi/r40_s2/graph.bin,/kaggle/working/gfd-robustness-v4-factorial-r1/graphs/variants/yelpchi/r40_s2/noise_edges_uniform/0.10/seed_1/graph.bin,/kaggle/working/gfd-robustness-v4-factorial-r1/graphs/base/yelpchi/r40_s2/graph.bin,ok,
gfd_robustness_benchmark_v4_factorial,yelpchi,r40_s2,1,3,noise_edges_uniform,0.1,sage,train_on_variant,0.7815276159112529,0.4221537346625947,0.6590114989210825,0.6490190029144287,3.6760364759993536,100,100,0.7812343100723078,roc_auc,max_epochs,45954,8856482,192.7249450683593,193.0,192.7249450683593,193.0,0.2289074808359146,0.1452974677085876,/kaggle/working/gfd-robustness-v4-factorial-r1/graphs/base/yelpchi/r40_s2/graph.bin,/kaggle/working/gfd-robustness-v4-factorial-r1/graphs/variants/yelpchi/r40_s2/noise_edges_uniform/0.10/seed_1/graph.bin,/kaggle/working/gfd-robustness-v4-factorial-r1/graphs/variants/yelpchi/r40_s2/noise_edges_uniform/0.10/seed_1/graph.bin,ok,
gfd_robustness_benchmark_v4_factorial,yelpchi,r40_s2,1,3,noise_edges_uniform,0.1,secgfd,train_clean_eval_all,0.800178510246564,0.4583565901663634,0.6764969290354187,0.7292185425758362,0.2646815450007125,50,49,0.8013855055464565,roc_auc,max_epochs,45954,8856482,192.7249450683593,193.0,192.7249450683593,193.0,0.2289074808359146,0.1452974677085876,/kaggle/working/gfd-robustness-v4-factorial-r1/graphs/base/yelpchi/r40_s2/graph.bin,/kaggle/working/gfd-robustness-v4-factorial-r1/graphs/variants/yelpchi/r40_s2/noise_edges_uniform/0.10/seed_1/graph.bin,/kaggle/working/gfd-robustness-v4-factorial-r1/graphs/base/yelpchi/r40_s2/graph.bin,ok,
gfd_robustness_benchmark_v4_factorial,yelpchi,r40_s2,1,3,noise_edges_uniform,0.1,secgfd,train_on_variant,0.8035270273798126,0.4538373500722297,0.6749958146246448,0.7264332175254822,5.290050744000837,50,50,0.803544773361751,roc_auc,max_epochs,45954,8856482,192.7249450683593,193.0,192.7249450683593,193.0,0.2289074808359146,0.1452974677085876,/kaggle/working/gfd-robustness-v4-factorial-r1/graphs/base/yelpchi/r40_s2/graph.bin,/kaggle/working/gfd-robustness-v4-factorial-r1/graphs/variants/yelpchi/r40_s2/noise_edges_uniform/0.10/seed_1/graph.bin,/kaggle/working/gfd-robustness-v4-factorial-r1/graphs/variants/yelpchi/r40_s2/noise_edges_uniform/0.10/seed_1/graph.bin,ok,
gfd_robustness_benchmark_v4_factorial,yelpchi,r40_s2,1,4,noise_edges_uniform,0.1,mlp,train_clean_eval_all,0.7906828431985317,0.4231759041474303,0.6564547082775046,0.6527314186096191,0.1327915270012454,100,100,0.7886782196983243,roc_auc,max_epochs,45954,8856482,192.7249450683593,193.0,192.7249450683593,193.0,0.2289074808359146,0.1452974677085876,/kaggle/working/gfd-robustness-v4-factorial-r1/graphs/base/yelpchi/r40_s2/graph.bin,/kaggle/working/gfd-robustness-v4-factorial-r1/graphs/variants/yelpchi/r40_s2/noise_edges_uniform/0.10/seed_1/graph.bin,/kaggle/working/gfd-robustness-v4-factorial-r1/graphs/base/yelpchi/r40_s2/graph.bin,ok,
gfd_robustness_benchmark_v4_factorial,yelpchi,r40_s2,1,4,noise_edges_uniform,0.1,mlp,train_on_variant,0.7906828431985317,0.4231759041474303,0.6564547082775046,0.6527314186096191,2.159354306999376,100,100,0.7886782196983243,roc_auc,max_epochs,45954,8856482,192.7249450683593,193.0,192.7249450683593,193.0,0.2289074808359146,0.1452974677085876,/kaggle/working/gfd-robustness-v4-factorial-r1/graphs/base/yelpchi/r40_s2/graph.bin,/kaggle/working/gfd-robustness-v4-factorial-r1/graphs/variants/yelpchi/r40_s2/noise_edges_uniform/0.10/seed_1/graph.bin,/kaggle/working/gfd-robustness-v4-factorial-r1/graphs/variants/yelpchi/r40_s2/noise_edges_uniform/0.10/seed_1/graph.bin,ok,
gfd_robustness_benchmark_v4_factorial,yelpchi,r40_s2,1,4,noise_edges_uniform,0.1,pmp,train_clean_eval_all,0.8420000312511433,0.5391694892912143,0.709598870626421,0.3711147308349609,0.438415618998988,88,78,0.8543143635700441,roc_auc,early_stopping,45954,8856482,192.72494506835932,193.0,192.72494506835932,193.0,0.2289074808359146,0.1452974677085876,/kaggle/working/gfd-robustness-v4-factorial-r1/graphs/base/yelpchi/r40_s2/graph.bin,/kaggle/working/gfd-robustness-v4-factorial-r1/graphs/variants/yelpchi/r40_s2/noise_edges_uniform/0.10/seed_1/graph.bin,/kaggle/working/gfd-robustness-v4-factorial-r1/graphs/base/yelpchi/r40_s2/graph.bin,ok,
gfd_robustness_benchmark_v4_factorial,yelpchi,r40_s2,1,4,noise_edges_uniform,0.1,pmp,train_on_variant,0.8375558661826042,0.5253081398743928,0.7083528142243054,0.2531684935092926,29.35192371700032,70,60,0.8435933123061482,roc_auc,early_stopping,45954,8856482,192.7249450683593,193.0,192.7249450683593,193.0,0.2289074808359146,0.1452974677085876,/kaggle/working/gfd-robustness-v4-factorial-r1/graphs/base/yelpchi/r40_s2/graph.bin,/kaggle/working/gfd-robustness-v4-factorial-r1/graphs/variants/yelpchi/r40_s2/noise_edges_uniform/0.10/seed_1/graph.bin,/kaggle/working/gfd-robustness-v4-factorial-r1/graphs/variants/yelpchi/r40_s2/noise_edges_uniform/0.10/seed_1/graph.bin,ok,
gfd_robustness_benchmark_v4_factorial,yelpchi,r40_s2,1,4,noise_edges_uniform,0.1,sage,train_clean_eval_all,0.7867578353666902,0.4225972329097583,0.6578703239480217,0.663702666759491,0.2444001769999886,100,100,0.7873061124263036,roc_auc,max_epochs,45954,8856482,192.7249450683593,193.0,192.7249450683593,193.0,0.2289074808359146,0.1452974677085876,/kaggle/working/gfd-robustness-v4-factorial-r1/graphs/base/yelpchi/r40_s2/graph.bin,/kaggle/working/gfd-robustness-v4-factorial-r1/graphs/variants/yelpchi/r40_s2/noise_edges_uniform/0.10/seed_1/graph.bin,/kaggle/working/gfd-robustness-v4-factorial-r1/graphs/base/yelpchi/r40_s2/graph.bin,ok,
gfd_robustness_benchmark_v4_factorial,yelpchi,r40_s2,1,4,noise_edges_uniform,0.1,sage,train_on_variant,0.7804638503352257,0.4158860086109198,0.6535343427738154,0.6910706162452698,3.6749756740009616,100,99,0.7832516801483823,roc_auc,max_epochs,45954,8856482,192.7249450683593,193.0,192.7249450683593,193.0,0.2289074808359146,0.1452974677085876,/kaggle/working/gfd-robustness-v4-factorial-r1/graphs/base/yelpchi/r40_s2/graph.bin,/kaggle/working/gfd-robustness-v4-factorial-r1/graphs/variants/yelpchi/r40_s2/noise_edges_uniform/0.10/seed_1/graph.bin,/kaggle/working/gfd-robustness-v4-factorial-r1/graphs/variants/yelpchi/r40_s2/noise_edges_uniform/0.10/seed_1/graph.bin,ok,
gfd_robustness_benchmark_v4_factorial,yelpchi,r40_s2,1,4,noise_edges_uniform,0.1,secgfd,train_clean_eval_all,0.7887888023913985,0.4146900110625163,0.6581167995501026,0.6979449987411499,0.2807442949997494,50,50,0.7831441601880527,roc_auc,max_epochs,45954,8856482,192.7249450683593,193.0,192.7249450683593,193.0,0.2289074808359146,0.1452974677085876,/kaggle/working/gfd-robustness-v4-factorial-r1/graphs/base/yelpchi/r40_s2/graph.bin,/kaggle/working/gfd-robustness-v4-factorial-r1/graphs/variants/yelpchi/r40_s2/noise_edges_uniform/0.10/seed_1/graph.bin,/kaggle/working/gfd-robustness-v4-factorial-r1/graphs/base/yelpchi/r40_s2/graph.bin,ok,
gfd_robustness_benchmark_v4_factorial,yelpchi,r40_s2,1,4,noise_edges_uniform,0.1,secgfd,train_on_variant,0.7842534087565703,0.4214018357961263,0.6538527545978601,0.7625740170478821,5.33808766599941,50,50,0.7795448877954116,roc_auc,max_epochs,45954,8856482,192.7249450683593,193.0,192.7249450683593,193.0,0.2289074808359146,0.1452974677085876,/kaggle/working/gfd-robustness-v4-factorial-r1/graphs/base/yelpchi/r40_s2/graph.bin,/kaggle/working/gfd-robustness-v4-factorial-r1/graphs/variants/yelpchi/r40_s2/noise_edges_uniform/0.10/seed_1/graph.bin,/kaggle/working/gfd-robustness-v4-factorial-r1/graphs/variants/yelpchi/r40_s2/noise_edges_uniform/0.10/seed_1/graph.bin,ok,
gfd_robustness_benchmark_v4_factorial,yelpchi,r40_s2,0,0,noise_edges_uniform,0.2,mlp,train_clean_eval_all,0.7404642686051014,0.3246557322868326,0.6234842465885414,0.5026629567146301,0.176098252999509,17,7,0.738136447836131,roc_auc,early_stopping,45954,9661617,210.24539184570312,210.0,210.24539184570312,210.0,0.2304346114397049,0.1452974677085876,/kaggle/working/gfd-robustness-v4-factorial-r1/graphs/base/yelpchi/r40_s2/graph.bin,/kaggle/working/gfd-robustness-v4-factorial-r1/graphs/variants/yelpchi/r40_s2/noise_edges_uniform/0.20/seed_0/graph.bin,/kaggle/working/gfd-robustness-v4-factorial-r1/graphs/base/yelpchi/r40_s2/graph.bin,ok,
gfd_robustness_benchmark_v4_factorial,yelpchi,r40_s2,0,0,noise_edges_uniform,0.2,mlp,train_on_variant,0.7404642686051014,0.3246557322868326,0.6234842465885414,0.5026629567146301,0.5033726430010574,17,7,0.738136447836131,roc_auc,early_stopping,45954,9661617,210.24539184570312,210.0,210.24539184570312,210.0,0.2304346114397049,0.1452974677085876,/kaggle/working/gfd-robustness-v4-factorial-r1/graphs/base/yelpchi/r40_s2/graph.bin,/kaggle/working/gfd-robustness-v4-factorial-r1/graphs/variants/yelpchi/r40_s2/noise_edges_uniform/0.20/seed_0/graph.bin,/kaggle/working/gfd-robustness-v4-factorial-r1/graphs/variants/yelpchi/r40_s2/noise_edges_uniform/0.20/seed_0/graph.bin,ok,
gfd_robustness_benchmark_v4_factorial,yelpchi,r40_s2,0,0,noise_edges_uniform,0.2,pmp,train_clean_eval_all,0.8258509552940961,0.4994770452718552,0.6868173637201582,0.3942893743515014,0.5340577870010748,71,61,0.8519974633871886,roc_auc,early_stopping,45954,9661617,210.24539184570312,210.0,210.24539184570312,210.0,0.2304346114397049,0.1452974677085876,/kaggle/working/gfd-robustness-v4-factorial-r1/graphs/base/yelpchi/r40_s2/graph.bin,/kaggle/working/gfd-robustness-v4-factorial-r1/graphs/variants/yelpchi/r40_s2/noise_edges_uniform/0.20/seed_0/graph.bin,/kaggle/working/gfd-robustness-v4-factorial-r1/graphs/base/yelpchi/r40_s2/graph.bin,ok,
gfd_robustness_benchmark_v4_factorial,yelpchi,r40_s2,0,0,noise_edges_uniform,0.2,pmp,train_on_variant,0.8319490132832603,0.5191071937374825,0.7051286075850398,0.3183999359607696,42.48017355400043,100,99,0.8373000331380809,roc_auc,max_epochs,45954,9661617,210.24539184570312,210.0,210.24539184570312,210.0,0.2304346114397049,0.1452974677085876,/kaggle/working/gfd-robustness-v4-factorial-r1/graphs/base/yelpchi/r40_s2/graph.bin,/kaggle/working/gfd-robustness-v4-factorial-r1/graphs/variants/yelpchi/r40_s2/noise_edges_uniform/0.20/seed_0/graph.bin,/kaggle/working/gfd-robustness-v4-factorial-r1/graphs/variants/yelpchi/r40_s2/noise_edges_uniform/0.20/seed_0/graph.bin,ok,
gfd_robustness_benchmark_v4_factorial,yelpchi,r40_s2,0,0,noise_edges_uniform,0.2,sage,train_clean_eval_all,0.7803530898043526,0.417021184992678,0.6531424772966948,0.648261308670044,0.2375738989994715,100,100,0.7811570196706694,roc_auc,max_epochs,45954,9661617,210.24539184570312,210.0,210.24539184570312,210.0,0.2304346114397049,0.1452974677085876,/kaggle/working/gfd-robustness-v4-factorial-r1/graphs/base/yelpchi/r40_s2/graph.bin,/kaggle/working/gfd-robustness-v4-factorial-r1/graphs/variants/yelpchi/r40_s2/noise_edges_uniform/0.20/seed_0/graph.bin,/kaggle/working/gfd-robustness-v4-factorial-r1/graphs/base/yelpchi/r40_s2/graph.bin,ok,
gfd_robustness_benchmark_v4_factorial,yelpchi,r40_s2,0,0,noise_edges_uniform,0.2,sage,train_on_variant,0.7763617923902704,0.4057487424022298,0.6486557414300691,0.6423139572143555,3.779192334999607,100,100,0.7751075318805026,roc_auc,max_epochs,45954,9661617,210.24539184570312,210.0,210.24539184570312,210.0,0.2304346114397049,0.1452974677085876,/kaggle/working/gfd-robustness-v4-factorial-r1/graphs/base/yelpchi/r40_s2/graph.bin,/kaggle/working/gfd-robustness-v4-factorial-r1/graphs/variants/yelpchi/r40_s2/noise_edges_uniform/0.20/seed_0/graph.bin,/kaggle/working/gfd-robustness-v4-factorial-r1/graphs/variants/yelpchi/r40_s2/noise_edges_uniform/0.20/seed_0/graph.bin,ok,
gfd_robustness_benchmark_v4_factorial,yelpchi,r40_s2,0,0,noise_edges_uniform,0.2,secgfd,train_clean_eval_all,0.8153063264700233,0.4720449188972478,0.6894361438546438,0.7547904253005981,0.246367965999525,50,50,0.8112726691889752,roc_auc,max_epochs,45954,9661617,210.24539184570312,210.0,210.24539184570312,210.0,0.2304346114397049,0.1452974677085876,/kaggle/working/gfd-robustness-v4-factorial-r1/graphs/base/yelpchi/r40_s2/graph.bin,/kaggle/working/gfd-robustness-v4-factorial-r1/graphs/variants/yelpchi/r40_s2/noise_edges_uniform/0.20/seed_0/graph.bin,/kaggle/working/gfd-robustness-v4-factorial-r1/graphs/base/yelpchi/r40_s2/graph.bin,ok,
gfd_robustness_benchmark_v4_factorial,yelpchi,r40_s2,0,0,noise_edges_uniform,0.2,secgfd,train_on_variant,0.8071312346030952,0.4641951805326296,0.6824121758146084,0.702451765537262,5.813539116999891,50,49,0.806673771089766,roc_auc,max_epochs,45954,9661617,210.24539184570312,210.0,210.24539184570312,210.0,0.2304346114397049,0.1452974677085876,/kaggle/working/gfd-robustness-v4-factorial-r1/graphs/base/yelpchi/r40_s2/graph.bin,/kaggle/working/gfd-robustness-v4-factorial-r1/graphs/variants/yelpchi/r40_s2/noise_edges_uniform/0.20/seed_0/graph.bin,/kaggle/working/gfd-robustness-v4-factorial-r1/graphs/variants/yelpchi/r40_s2/noise_edges_uniform/0.20/seed_0/graph.bin,ok,
gfd_robustness_benchmark_v4_factorial,yelpchi,r40_s2,0,1,noise_edges_uniform,0.2,mlp,train_clean_eval_all,0.789016635612431,0.4167857282436971,0.6554860094295863,0.6965858936309814,0.1462980790001893,100,100,0.7856864946824108,roc_auc,max_epochs,45954,9661617,210.24539184570312,210.0,210.24539184570312,210.0,0.2304346114397049,0.1452974677085876,/kaggle/working/gfd-robustness-v4-factorial-r1/graphs/base/yelpchi/r40_s2/graph.bin,/kaggle/working/gfd-robustness-v4-factorial-r1/graphs/variants/yelpchi/r40_s2/noise_edges_uniform/0.20/seed_0/graph.bin,/kaggle/working/gfd-robustness-v4-factorial-r1/graphs/base/yelpchi/r40_s2/graph.bin,ok,
gfd_robustness_benchmark_v4_factorial,yelpchi,r40_s2,0,1,noise_edges_uniform,0.2,mlp,train_on_variant,0.789016635612431,0.4167857282436971,0.6554860094295863,0.6965858936309814,1.6186300629997277,100,100,0.7856864946824108,roc_auc,max_epochs,45954,9661617,210.24539184570312,210.0,210.24539184570312,210.0,0.2304346114397049,0.1452974677085876,/kaggle/working/gfd-robustness-v4-factorial-r1/graphs/base/yelpchi/r40_s2/graph.bin,/kaggle/working/gfd-robustness-v4-factorial-r1/graphs/variants/yelpchi/r40_s2/noise_edges_uniform/0.20/seed_0/graph.bin,/kaggle/working/gfd-robustness-v4-factorial-r1/graphs/variants/yelpchi/r40_s2/noise_edges_uniform/0.20/seed_0/graph.bin,ok,
gfd_robustness_benchmark_v4_factorial,yelpchi,r40_s2,0,1,noise_edges_uniform,0.2,pmp,train_clean_eval_all,0.8200509145913875,0.5000871514705225,0.6927568333145675,0.3003063797950744,0.5291260769990913,82,72,0.8499563006458349,roc_auc,early_stopping,45954,9661617,210.24539184570312,210.0,210.24539184570312,210.0,0.2304346114397049,0.1452974677085876,/kaggle/working/gfd-robustness-v4-factorial-r1/graphs/base/yelpchi/r40_s2/graph.bin,/kaggle/working/gfd-robustness-v4-factorial-r1/graphs/variants/yelpchi/r40_s2/noise_edges_uniform/0.20/seed_0/graph.bin,/kaggle/working/gfd-robustness-v4-factorial-r1/graphs/base/yelpchi/r40_s2/graph.bin,ok,
gfd_robustness_benchmark_v4_factorial,yelpchi,r40_s2,0,1,noise_edges_uniform,0.2,pmp,train_on_variant,0.8291095420221166,0.5176253813484609,0.6994983707768822,0.2337262034416198,29.652758894000726,69,59,0.8344638902199749,roc_auc,early_stopping,45954,9661617,210.24539184570312,210.0,210.24539184570312,210.0,0.2304346114397049,0.1452974677085876,/kaggle/working/gfd-robustness-v4-factorial-r1/graphs/base/yelpchi/r40_s2/graph.bin,/kaggle/working/gfd-robustness-v4-factorial-r1/graphs/variants/yelpchi/r40_s2/noise_edges_uniform/0.20/seed_0/graph.bin,/kaggle/working/gfd-robustness-v4-factorial-r1/graphs/variants/yelpchi/r40_s2/noise_edges_uniform/0.20/seed_0/graph.bin,ok,
gfd_robustness_benchmark_v4_factorial,yelpchi,r40_s2,0,1,noise_edges_uniform,0.2,sage,train_clean_eval_all,0.6126227369598888,0.2058854498361993,0.546540992969747,0.2710321545600891,0.2339427959996101,23,13,0.6158413377294931,roc_auc,early_stopping,45954,9661617,210.24539184570312,210.0,210.24539184570312,210.0,0.2304346114397049,0.1452974677085876,/kaggle/working/gfd-robustness-v4-factorial-r1/graphs/base/yelpchi/r40_s2/graph.bin,/kaggle/working/gfd-robustness-v4-factorial-r1/graphs/variants/yelpchi/r40_s2/noise_edges_uniform/0.20/seed_0/graph.bin,/kaggle/working/gfd-robustness-v4-factorial-r1/graphs/base/yelpchi/r40_s2/graph.bin,ok,
gfd_robustness_benchmark_v4_factorial,yelpchi,r40_s2,0,1,noise_edges_uniform,0.2,sage,train_on_variant,0.6142885277052819,0.2090970375317723,0.5472419234596586,0.2690386176109314,1.094918572000097,23,13,0.6205436552495249,roc_auc,early_stopping,45954,9661617,210.24539184570312,210.0,210.24539184570312,210.0,0.2304346114397049,0.1452974677085876,/kaggle/working/gfd-robustness-v4-factorial-r1/graphs/base/yelpchi/r40_s2/graph.bin,/kaggle/working/gfd-robustness-v4-factorial-r1/graphs/variants/yelpchi/r40_s2/noise_edges_uniform/0.20/seed_0/graph.bin,/kaggle/working/gfd-robustness-v4-factorial-r1/graphs/variants/yelpchi/r40_s2/noise_edges_uniform/0.20/seed_0/graph.bin,ok,
gfd_robustness_benchmark_v4_factorial,yelpchi,r40_s2,0,1,noise_edges_uniform,0.2,secgfd,train_clean_eval_all,0.7929317940938388,0.4287895189923023,0.6667034388322067,0.7049526572227478,0.3200955739994242,50,49,0.789748460509659,roc_auc,max_epochs,45954,9661617,210.24539184570312,210.0,210.24539184570312,210.0,0.2304346114397049,0.1452974677085876,/kaggle/working/gfd-robustness-v4-factorial-r1/graphs/base/yelpchi/r40_s2/graph.bin,/kaggle/working/gfd-robustness-v4-factorial-r1/graphs/variants/yelpchi/r40_s2/noise_edges_uniform/0.20/seed_0/graph.bin,/kaggle/working/gfd-robustness-v4-factorial-r1/graphs/base/yelpchi/r40_s2/graph.bin,ok,
gfd_robustness_benchmark_v4_factorial,yelpchi,r40_s2,0,1,noise_edges_uniform,0.2,secgfd,train_on_variant,0.7936808925745759,0.434202559686716,0.6612241330524585,0.7477256059646606,5.802992134998931,50,50,0.791450232085768,roc_auc,max_epochs,45954,9661617,210.24539184570312,210.0,210.24539184570312,210.0,0.2304346114397049,0.1452974677085876,/kaggle/working/gfd-robustness-v4-factorial-r1/graphs/base/yelpchi/r40_s2/graph.bin,/kaggle/working/gfd-robustness-v4-factorial-r1/graphs/variants/yelpchi/r40_s2/noise_edges_uniform/0.20/seed_0/graph.bin,/kaggle/working/gfd-robustness-v4-factorial-r1/graphs/variants/yelpchi/r40_s2/noise_edges_uniform/0.20/seed_0/graph.bin,ok,
gfd_robustness_benchmark_v4_factorial,yelpchi,r40_s2,0,2,noise_edges_uniform,0.2,mlp,train_clean_eval_all,0.791833978586869,0.422563545347575,0.659744675709785,0.6869957447052002,0.1737481279997155,100,100,0.7910127617371984,roc_auc,max_epochs,45954,9661617,210.24539184570312,210.0,210.24539184570312,210.0,0.2304346114397049,0.1452974677085876,/kaggle/working/gfd-robustness-v4-factorial-r1/graphs/base/yelpchi/r40_s2/graph.bin,/kaggle/working/gfd-robustness-v4-factorial-r1/graphs/variants/yelpchi/r40_s2/noise_edges_uniform/0.20/seed_0/graph.bin,/kaggle/working/gfd-robustness-v4-factorial-r1/graphs/base/yelpchi/r40_s2/graph.bin,ok,
gfd_robustness_benchmark_v4_factorial,yelpchi,r40_s2,0,2,noise_edges_uniform,0.2,mlp,train_on_variant,0.791833978586869,0.422563545347575,0.659744675709785,0.6869957447052002,1.991913265999756,100,100,0.7910127617371984,roc_auc,max_epochs,45954,9661617,210.24539184570312,210.0,210.24539184570312,210.0,0.2304346114397049,0.1452974677085876,/kaggle/working/gfd-robustness-v4-factorial-r1/graphs/base/yelpchi/r40_s2/graph.bin,/kaggle/working/gfd-robustness-v4-factorial-r1/graphs/variants/yelpchi/r40_s2/noise_edges_uniform/0.20/seed_0/graph.bin,/kaggle/working/gfd-robustness-v4-factorial-r1/graphs/variants/yelpchi/r40_s2/noise_edges_uniform/0.20/seed_0/graph.bin,ok,
gfd_robustness_benchmark_v4_factorial,yelpchi,r40_s2,0,2,noise_edges_uniform,0.2,pmp,train_clean_eval_all,0.8223002585079332,0.4974116907688102,0.6910820148333392,0.3158973157405853,0.4914905579989863,67,57,0.8516228361905988,roc_auc,early_stopping,45954,9661617,210.24539184570312,210.0,210.24539184570312,210.0,0.2304346114397049,0.1452974677085876,/kaggle/working/gfd-robustness-v4-factorial-r1/graphs/base/yelpchi/r40_s2/graph.bin,/kaggle/working/gfd-robustness-v4-factorial-r1/graphs/variants/yelpchi/r40_s2/noise_edges_uniform/0.20/seed_0/graph.bin,/kaggle/working/gfd-robustness-v4-factorial-r1/graphs/base/yelpchi/r40_s2/graph.bin,ok,
gfd_robustness_benchmark_v4_factorial,yelpchi,r40_s2,0,2,noise_edges_uniform,0.2,pmp,train_on_variant,0.8323404505271534,0.5116223116709605,0.6936063231974359,0.4494107365608215,37.75928553299855,90,80,0.8386417678093344,roc_auc,early_stopping,45954,9661617,210.24539184570312,210.0,210.24539184570312,210.0,0.2304346114397049,0.1452974677085876,/kaggle/working/gfd-robustness-v4-factorial-r1/graphs/base/yelpchi/r40_s2/graph.bin,/kaggle/working/gfd-robustness-v4-factorial-r1/graphs/variants/yelpchi/r40_s2/noise_edges_uniform/0.20/seed_0/graph.bin,/kaggle/working/gfd-robustness-v4-factorial-r1/graphs/variants/yelpchi/r40_s2/noise_edges_uniform/0.20/seed_0/graph.bin,ok,
gfd_robustness_benchmark_v4_factorial,yelpchi,r40_s2,0,2,noise_edges_uniform,0.2,sage,train_clean_eval_all,0.7874770165943571,0.4255074172693449,0.6608053773827894,0.6848011612892151,0.1879014740006823,100,99,0.791447800370479,roc_auc,max_epochs,45954,9661617,210.24539184570312,210.0,210.24539184570312,210.0,0.2304346114397049,0.1452974677085876,/kaggle/working/gfd-robustness-v4-factorial-r1/graphs/base/yelpchi/r40_s2/graph.bin,/kaggle/working/gfd-robustness-v4-factorial-r1/graphs/variants/yelpchi/r40_s2/noise_edges_uniform/0.20/seed_0/graph.bin,/kaggle/working/gfd-robustness-v4-factorial-r1/graphs/base/yelpchi/r40_s2/graph.bin,ok,
gfd_robustness_benchmark_v4_factorial,yelpchi,r40_s2,0,2,noise_edges_uniform,0.2,sage,train_on_variant,0.7828715699011854,0.4198323140639468,0.6556884274771747,0.6674196720123291,3.8271322839991626,100,99,0.7820346781672496,roc_auc,max_epochs,45954,9661617,210.24539184570312,210.0,210.24539184570312,210.0,0.2304346114397049,0.1452974677085876,/kaggle/working/gfd-robustness-v4-factorial-r1/graphs/base/yelpchi/r40_s2/graph.bin,/kaggle/working/gfd-robustness-v4-factorial-r1/graphs/variants/yelpchi/r40_s2/noise_edges_uniform/0.20/seed_0/graph.bin,/kaggle/working/gfd-robustness-v4-factorial-r1/graphs/variants/yelpchi/r40_s2/noise_edges_uniform/0.20/seed_0/graph.bin,ok,
gfd_robustness_benchmark_v4_factorial,yelpchi,r40_s2,0,2,noise_edges_uniform,0.2,secgfd,train_clean_eval_all,0.8078321701175043,0.4811946880356845,0.6809064547059023,0.6936580538749695,0.2951254820000031,50,50,0.8116419561480677,roc_auc,max_epochs,45954,9661617,210.24539184570312,210.0,210.24539184570312,210.0,0.2304346114397049,0.1452974677085876,/kaggle/working/gfd-robustness-v4-factorial-r1/graphs/base/yelpchi/r40_s2/graph.bin,/kaggle/working/gfd-robustness-v4-factorial-r1/graphs/variants/yelpchi/r40_s2/noise_edges_uniform/0.20/seed_0/graph.bin,/kaggle/working/gfd-robustness-v4-factorial-r1/graphs/base/yelpchi/r40_s2/graph.bin,ok,
gfd_robustness_benchmark_v4_factorial,yelpchi,r40_s2,0,2,noise_edges_uniform,0.2,secgfd,train_on_variant,0.8149154489836519,0.4903569731677853,0.6888691466619886,0.8021589517593384,5.755293456999425,50,50,0.8164639522048744,roc_auc,max_epochs,45954,9661617,210.24539184570312,210.0,210.24539184570312,210.0,0.2304346114397049,0.1452974677085876,/kaggle/working/gfd-robustness-v4-factorial-r1/graphs/base/yelpchi/r40_s2/graph.bin,/kaggle/working/gfd-robustness-v4-factorial-r1/graphs/variants/yelpchi/r40_s2/noise_edges_uniform/0.20/seed_0/graph.bin,/kaggle/working/gfd-robustness-v4-factorial-r1/graphs/variants/yelpchi/r40_s2/noise_edges_uniform/0.20/seed_0/graph.bin,ok,
gfd_robustness_benchmark_v4_factorial,yelpchi,r40_s2,0,3,noise_edges_uniform,0.2,mlp,train_clean_eval_all,0.7873703172829494,0.4124587532671446,0.6562929132355262,0.6923589110374451,0.1792833840008825,100,100,0.787128406487435,roc_auc,max_epochs,45954,9661617,210.24539184570312,210.0,210.24539184570312,210.0,0.2304346114397049,0.1452974677085876,/kaggle/working/gfd-robustness-v4-factorial-r1/graphs/base/yelpchi/r40_s2/graph.bin,/kaggle/working/gfd-robustness-v4-factorial-r1/graphs/variants/yelpchi/r40_s2/noise_edges_uniform/0.20/seed_0/graph.bin,/kaggle/working/gfd-robustness-v4-factorial-r1/graphs/base/yelpchi/r40_s2/graph.bin,ok,
gfd_robustness_benchmark_v4_factorial,yelpchi,r40_s2,0,3,noise_edges_uniform,0.2,mlp,train_on_variant,0.7873703172829494,0.4124587532671446,0.6562929132355262,0.6923589110374451,2.2253967140004534,100,100,0.787128406487435,roc_auc,max_epochs,45954,9661617,210.24539184570312,210.0,210.24539184570312,210.0,0.2304346114397049,0.1452974677085876,/kaggle/working/gfd-robustness-v4-factorial-r1/graphs/base/yelpchi/r40_s2/graph.bin,/kaggle/working/gfd-robustness-v4-factorial-r1/graphs/variants/yelpchi/r40_s2/noise_edges_uniform/0.20/seed_0/graph.bin,/kaggle/working/gfd-robustness-v4-factorial-r1/graphs/variants/yelpchi/r40_s2/noise_edges_uniform/0.20/seed_0/graph.bin,ok,
gfd_robustness_benchmark_v4_factorial,yelpchi,r40_s2,0,3,noise_edges_uniform,0.2,pmp,train_clean_eval_all,0.8211912002115931,0.4955259070520709,0.6892573726981589,0.3407284319400787,0.4777512640011991,81,71,0.8504771645246115,roc_auc,early_stopping,45954,9661617,210.24539184570312,210.0,210.24539184570312,210.0,0.2304346114397049,0.1452974677085876,/kaggle/working/gfd-robustness-v4-factorial-r1/graphs/base/yelpchi/r40_s2/graph.bin,/kaggle/working/gfd-robustness-v4-factorial-r1/graphs/variants/yelpchi/r40_s2/noise_edges_uniform/0.20/seed_0/graph.bin,/kaggle/working/gfd-robustness-v4-factorial-r1/graphs/base/yelpchi/r40_s2/graph.bin,ok,
gfd_robustness_benchmark_v4_factorial,yelpchi,r40_s2,0,3,noise_edges_uniform,0.2,pmp,train_on_variant,0.8351060576149127,0.5220728429696639,0.7075421358651652,0.299198567867279,38.87780154300162,92,82,0.8378828819163824,roc_auc,early_stopping,45954,9661617,210.24539184570312,210.0,210.24539184570312,210.0,0.2304346114397049,0.1452974677085876,/kaggle/working/gfd-robustness-v4-factorial-r1/graphs/base/yelpchi/r40_s2/graph.bin,/kaggle/working/gfd-robustness-v4-factorial-r1/graphs/variants/yelpchi/r40_s2/noise_edges_uniform/0.20/seed_0/graph.bin,/kaggle/working/gfd-robustness-v4-factorial-r1/graphs/variants/yelpchi/r40_s2/noise_edges_uniform/0.20/seed_0/graph.bin,ok,
gfd_robustness_benchmark_v4_factorial,yelpchi,r40_s2,0,3,noise_edges_uniform,0.2,sage,train_clean_eval_all,0.778843245122535,0.4131739004799585,0.6547559031291669,0.678734302520752,0.194598310999936,100,100,0.781263013848857,roc_auc,max_epochs,45954,9661617,210.24539184570312,210.0,210.24539184570312,210.0,0.2304346114397049,0.1452974677085876,/kaggle/working/gfd-robustness-v4-factorial-r1/graphs/base/yelpchi/r40_s2/graph.bin,/kaggle/working/gfd-robustness-v4-factorial-r1/graphs/variants/yelpchi/r40_s2/noise_edges_uniform/0.20/seed_0/graph.bin,/kaggle/working/gfd-robustness-v4-factorial-r1/graphs/base/yelpchi/r40_s2/graph.bin,ok,
gfd_robustness_benchmark_v4_factorial,yelpchi,r40_s2,0,3,noise_edges_uniform,0.2,sage,train_on_variant,0.7795618546829457,0.4135089697406541,0.6553555073368491,0.6737551689147949,3.872766585000136,100,100,0.7798470880209414,roc_auc,max_epochs,45954,9661617,210.24539184570312,210.0,210.24539184570312,210.0,0.2304346114397049,0.1452974677085876,/kaggle/working/gfd-robustness-v4-factorial-r1/graphs/base/yelpchi/r40_s2/graph.bin,/kaggle/working/gfd-robustness-v4-factorial-r1/graphs/variants/yelpchi/r40_s2/noise_edges_uniform/0.20/seed_0/graph.bin,/kaggle/working/gfd-robustness-v4-factorial-r1/graphs/variants/yelpchi/r40_s2/noise_edges_uniform/0.20/seed_0/graph.bin,ok,
gfd_robustness_benchmark_v4_factorial,yelpchi,r40_s2,0,3,noise_edges_uniform,0.2,secgfd,train_clean_eval_all,0.798559155555996,0.4563879141626031,0.6768023166170238,0.7292185425758362,0.2428212289996736,50,49,0.8013855055464565,roc_auc,max_epochs,45954,9661617,210.24539184570312,210.0,210.24539184570312,210.0,0.2304346114397049,0.1452974677085876,/kaggle/working/gfd-robustness-v4-factorial-r1/graphs/base/yelpchi/r40_s2/graph.bin,/kaggle/working/gfd-robustness-v4-factorial-r1/graphs/variants/yelpchi/r40_s2/noise_edges_uniform/0.20/seed_0/graph.bin,/kaggle/working/gfd-robustness-v4-factorial-r1/graphs/base/yelpchi/r40_s2/graph.bin,ok,
gfd_robustness_benchmark_v4_factorial,yelpchi,r40_s2,0,3,noise_edges_uniform,0.2,secgfd,train_on_variant,0.8021138897421553,0.4494366729516506,0.67370682125323,0.7077052593231201,5.7865331930006505,50,50,0.8027488872518518,roc_auc,max_epochs,45954,9661617,210.24539184570312,210.0,210.24539184570312,210.0,0.2304346114397049,0.1452974677085876,/kaggle/working/gfd-robustness-v4-factorial-r1/graphs/base/yelpchi/r40_s2/graph.bin,/kaggle/working/gfd-robustness-v4-factorial-r1/graphs/variants/yelpchi/r40_s2/noise_edges_uniform/0.20/seed_0/graph.bin,/kaggle/working/gfd-robustness-v4-factorial-r1/graphs/variants/yelpchi/r40_s2/noise_edges_uniform/0.20/seed_0/graph.bin,ok,
gfd_robustness_benchmark_v4_factorial,yelpchi,r40_s2,0,4,noise_edges_uniform,0.2,mlp,train_clean_eval_all,0.7906828431985317,0.4231759041474303,0.6564547082775046,0.6527314186096191,0.134880924000754,100,100,0.7886782196983243,roc_auc,max_epochs,45954,9661617,210.24539184570312,210.0,210.24539184570312,210.0,0.2304346114397049,0.1452974677085876,/kaggle/working/gfd-robustness-v4-factorial-r1/graphs/base/yelpchi/r40_s2/graph.bin,/kaggle/working/gfd-robustness-v4-factorial-r1/graphs/variants/yelpchi/r40_s2/noise_edges_uniform/0.20/seed_0/graph.bin,/kaggle/working/gfd-robustness-v4-factorial-r1/graphs/base/yelpchi/r40_s2/graph.bin,ok,
gfd_robustness_benchmark_v4_factorial,yelpchi,r40_s2,0,4,noise_edges_uniform,0.2,mlp,train_on_variant,0.7906828431985317,0.4231759041474303,0.6564547082775046,0.6527314186096191,1.8807991430003312,100,100,0.7886782196983243,roc_auc,max_epochs,45954,9661617,210.24539184570312,210.0,210.24539184570312,210.0,0.2304346114397049,0.1452974677085876,/kaggle/working/gfd-robustness-v4-factorial-r1/graphs/base/yelpchi/r40_s2/graph.bin,/kaggle/working/gfd-robustness-v4-factorial-r1/graphs/variants/yelpchi/r40_s2/noise_edges_uniform/0.20/seed_0/graph.bin,/kaggle/working/gfd-robustness-v4-factorial-r1/graphs/variants/yelpchi/r40_s2/noise_edges_uniform/0.20/seed_0/graph.bin,ok,
gfd_robustness_benchmark_v4_factorial,yelpchi,r40_s2,0,4,noise_edges_uniform,0.2,pmp,train_clean_eval_all,0.8298847109116797,0.5174828791323968,0.6985279441525954,0.3711147308349609,0.4818647370011604,88,78,0.8543143635700441,roc_auc,early_stopping,45954,9661617,210.24539184570312,210.0,210.24539184570312,210.0,0.2304346114397049,0.1452974677085876,/kaggle/working/gfd-robustness-v4-factorial-r1/graphs/base/yelpchi/r40_s2/graph.bin,/kaggle/working/gfd-robustness-v4-factorial-r1/graphs/variants/yelpchi/r40_s2/noise_edges_uniform/0.20/seed_0/graph.bin,/kaggle/working/gfd-robustness-v4-factorial-r1/graphs/base/yelpchi/r40_s2/graph.bin,ok,
gfd_robustness_benchmark_v4_factorial,yelpchi,r40_s2,0,4,noise_edges_uniform,0.2,pmp,train_on_variant,0.8389832716821957,0.5408408840691787,0.7111957624048227,0.2675598263740539,42.24631608500022,100,97,0.8474695618382814,roc_auc,max_epochs,45954,9661617,210.24539184570312,210.0,210.24539184570312,210.0,0.2304346114397049,0.1452974677085876,/kaggle/working/gfd-robustness-v4-factorial-r1/graphs/base/yelpchi/r40_s2/graph.bin,/kaggle/working/gfd-robustness-v4-factorial-r1/graphs/variants/yelpchi/r40_s2/noise_edges_uniform/0.20/seed_0/graph.bin,/kaggle/working/gfd-robustness-v4-factorial-r1/graphs/variants/yelpchi/r40_s2/noise_edges_uniform/0.20/seed_0/graph.bin,ok,
gfd_robustness_benchmark_v4_factorial,yelpchi,r40_s2,0,4,noise_edges_uniform,0.2,sage,train_clean_eval_all,0.7848488240232875,0.4183353309938844,0.6577586097128225,0.663702666759491,0.179845168000611,100,100,0.7873061124263036,roc_auc,max_epochs,45954,9661617,210.24539184570312,210.0,210.24539184570312,210.0,0.2304346114397049,0.1452974677085876,/kaggle/working/gfd-robustness-v4-factorial-r1/graphs/base/yelpchi/r40_s2/graph.bin,/kaggle/working/gfd-robustness-v4-factorial-r1/graphs/variants/yelpchi/r40_s2/noise_edges_uniform/0.20/seed_0/graph.bin,/kaggle/working/gfd-robustness-v4-factorial-r1/graphs/base/yelpchi/r40_s2/graph.bin,ok,
gfd_robustness_benchmark_v4_factorial,yelpchi,r40_s2,0,4,noise_edges_uniform,0.2,sage,train_on_variant,0.7799706325002744,0.4101765667660274,0.6541549290832546,0.6485093832015991,3.688383664999492,100,99,0.7800822491936003,roc_auc,max_epochs,45954,9661617,210.24539184570312,210.0,210.24539184570312,210.0,0.2304346114397049,0.1452974677085876,/kaggle/working/gfd-robustness-v4-factorial-r1/graphs/base/yelpchi/r40_s2/graph.bin,/kaggle/working/gfd-robustness-v4-factorial-r1/graphs/variants/yelpchi/r40_s2/noise_edges_uniform/0.20/seed_0/graph.bin,/kaggle/working/gfd-robustness-v4-factorial-r1/graphs/variants/yelpchi/r40_s2/noise_edges_uniform/0.20/seed_0/graph.bin,ok,
gfd_robustness_benchmark_v4_factorial,yelpchi,r40_s2,0,4,noise_edges_uniform,0.2,secgfd,train_clean_eval_all,0.7883770590501786,0.4128673369076379,0.657959500571185,0.6979449987411499,0.2920955779991345,50,50,0.7831441601880527,roc_auc,max_epochs,45954,9661617,210.24539184570312,210.0,210.24539184570312,210.0,0.2304346114397049,0.1452974677085876,/kaggle/working/gfd-robustness-v4-factorial-r1/graphs/base/yelpchi/r40_s2/graph.bin,/kaggle/working/gfd-robustness-v4-factorial-r1/graphs/variants/yelpchi/r40_s2/noise_edges_uniform/0.20/seed_0/graph.bin,/kaggle/working/gfd-robustness-v4-factorial-r1/graphs/base/yelpchi/r40_s2/graph.bin,ok,
gfd_robustness_benchmark_v4_factorial,yelpchi,r40_s2,0,4,noise_edges_uniform,0.2,secgfd,train_on_variant,0.7831306899947559,0.4132103664697609,0.652152595593925,0.6279959678649902,5.718609724999624,50,50,0.7775208424224652,roc_auc,max_epochs,45954,9661617,210.24539184570312,210.0,210.24539184570312,210.0,0.2304346114397049,0.1452974677085876,/kaggle/working/gfd-robustness-v4-factorial-r1/graphs/base/yelpchi/r40_s2/graph.bin,/kaggle/working/gfd-robustness-v4-factorial-r1/graphs/variants/yelpchi/r40_s2/noise_edges_uniform/0.20/seed_0/graph.bin,/kaggle/working/gfd-robustness-v4-factorial-r1/graphs/variants/yelpchi/r40_s2/noise_edges_uniform/0.20/seed_0/graph.bin,ok,
gfd_robustness_benchmark_v4_factorial,yelpchi,r40_s2,1,0,noise_edges_uniform,0.2,mlp,train_clean_eval_all,0.7404642686051014,0.3246557322868326,0.6234842465885414,0.5026629567146301,0.1792790519994014,17,7,0.738136447836131,roc_auc,early_stopping,45954,9661617,210.24539184570312,210.0,210.24539184570312,210.0,0.2304567694664001,0.1452974677085876,/kaggle/working/gfd-robustness-v4-factorial-r1/graphs/base/yelpchi/r40_s2/graph.bin,/kaggle/working/gfd-robustness-v4-factorial-r1/graphs/variants/yelpchi/r40_s2/noise_edges_uniform/0.20/seed_1/graph.bin,/kaggle/working/gfd-robustness-v4-factorial-r1/graphs/base/yelpchi/r40_s2/graph.bin,ok,
gfd_robustness_benchmark_v4_factorial,yelpchi,r40_s2,1,0,noise_edges_uniform,0.2,mlp,train_on_variant,0.7404642686051014,0.3246557322868326,0.6234842465885414,0.5026629567146301,0.4949911220010108,17,7,0.738136447836131,roc_auc,early_stopping,45954,9661617,210.24539184570312,210.0,210.24539184570312,210.0,0.2304567694664001,0.1452974677085876,/kaggle/working/gfd-robustness-v4-factorial-r1/graphs/base/yelpchi/r40_s2/graph.bin,/kaggle/working/gfd-robustness-v4-factorial-r1/graphs/variants/yelpchi/r40_s2/noise_edges_uniform/0.20/seed_1/graph.bin,/kaggle/working/gfd-robustness-v4-factorial-r1/graphs/variants/yelpchi/r40_s2/noise_edges_uniform/0.20/seed_1/graph.bin,ok,
gfd_robustness_benchmark_v4_factorial,yelpchi,r40_s2,1,0,noise_edges_uniform,0.2,pmp,train_clean_eval_all,0.8280536249611267,0.5000650620761792,0.6911642103824513,0.3942893743515014,0.5458699999999226,71,61,0.8519974633871886,roc_auc,early_stopping,45954,9661617,210.24539184570312,210.0,210.24539184570312,210.0,0.2304567694664001,0.1452974677085876,/kaggle/working/gfd-robustness-v4-factorial-r1/graphs/base/yelpchi/r40_s2/graph.bin,/kaggle/working/gfd-robustness-v4-factorial-r1/graphs/variants/yelpchi/r40_s2/noise_edges_uniform/0.20/seed_1/graph.bin,/kaggle/working/gfd-robustness-v4-factorial-r1/graphs/base/yelpchi/r40_s2/graph.bin,ok,
gfd_robustness_benchmark_v4_factorial,yelpchi,r40_s2,1,0,noise_edges_uniform,0.2,pmp,train_on_variant,0.8340773781167299,0.5221294671709895,0.7063271282311745,0.2956344783306122,36.44081705000099,86,76,0.8387977790333694,roc_auc,early_stopping,45954,9661617,210.24539184570312,210.0,210.24539184570312,210.0,0.2304567694664001,0.1452974677085876,/kaggle/working/gfd-robustness-v4-factorial-r1/graphs/base/yelpchi/r40_s2/graph.bin,/kaggle/working/gfd-robustness-v4-factorial-r1/graphs/variants/yelpchi/r40_s2/noise_edges_uniform/0.20/seed_1/graph.bin,/kaggle/working/gfd-robustness-v4-factorial-r1/graphs/variants/yelpchi/r40_s2/noise_edges_uniform/0.20/seed_1/graph.bin,ok,
gfd_robustness_benchmark_v4_factorial,yelpchi,r40_s2,1,0,noise_edges_uniform,0.2,sage,train_clean_eval_all,0.7805139426785431,0.4171282443032986,0.6541322593583335,0.648261308670044,0.2134112720013945,100,100,0.7811570196706694,roc_auc,max_epochs,45954,9661617,210.24539184570312,210.0,210.24539184570312,210.0,0.2304567694664001,0.1452974677085876,/kaggle/working/gfd-robustness-v4-factorial-r1/graphs/base/yelpchi/r40_s2/graph.bin,/kaggle/working/gfd-robustness-v4-factorial-r1/graphs/variants/yelpchi/r40_s2/noise_edges_uniform/0.20/seed_1/graph.bin,/kaggle/working/gfd-robustness-v4-factorial-r1/graphs/base/yelpchi/r40_s2/graph.bin,ok,
gfd_robustness_benchmark_v4_factorial,yelpchi,r40_s2,1,0,noise_edges_uniform,0.2,sage,train_on_variant,0.777077579343604,0.4094931685117154,0.6528413523357934,0.6497072577476501,3.891350481999325,100,100,0.778370798437027,roc_auc,max_epochs,45954,9661617,210.24539184570312,210.0,210.24539184570312,210.0,0.2304567694664001,0.1452974677085876,/kaggle/working/gfd-robustness-v4-factorial-r1/graphs/base/yelpchi/r40_s2/graph.bin,/kaggle/working/gfd-robustness-v4-factorial-r1/graphs/variants/yelpchi/r40_s2/noise_edges_uniform/0.20/seed_1/graph.bin,/kaggle/working/gfd-robustness-v4-factorial-r1/graphs/variants/yelpchi/r40_s2/noise_edges_uniform/0.20/seed_1/graph.bin,ok,
gfd_robustness_benchmark_v4_factorial,yelpchi,r40_s2,1,0,noise_edges_uniform,0.2,secgfd,train_clean_eval_all,0.8153990913920631,0.472917717930148,0.6901007781309871,0.7547904253005981,0.2465973820017097,50,50,0.8112726691889752,roc_auc,max_epochs,45954,9661617,210.24539184570312,210.0,210.24539184570312,210.0,0.2304567694664001,0.1452974677085876,/kaggle/working/gfd-robustness-v4-factorial-r1/graphs/base/yelpchi/r40_s2/graph.bin,/kaggle/working/gfd-robustness-v4-factorial-r1/graphs/variants/yelpchi/r40_s2/noise_edges_uniform/0.20/seed_1/graph.bin,/kaggle/working/gfd-robustness-v4-factorial-r1/graphs/base/yelpchi/r40_s2/graph.bin,ok,
gfd_robustness_benchmark_v4_factorial,yelpchi,r40_s2,1,0,noise_edges_uniform,0.2,secgfd,train_on_variant,0.8149056353624218,0.4755340396490408,0.6903512268022326,0.7222464680671692,5.797721273000207,50,50,0.8131368888825314,roc_auc,max_epochs,45954,9661617,210.24539184570312,210.0,210.24539184570312,210.0,0.2304567694664001,0.1452974677085876,/kaggle/working/gfd-robustness-v4-factorial-r1/graphs/base/yelpchi/r40_s2/graph.bin,/kaggle/working/gfd-robustness-v4-factorial-r1/graphs/variants/yelpchi/r40_s2/noise_edges_uniform/0.20/seed_1/graph.bin,/kaggle/working/gfd-robustness-v4-factorial-r1/graphs/variants/yelpchi/r40_s2/noise_edges_uniform/0.20/seed_1/graph.bin,ok,
gfd_robustness_benchmark_v4_factorial,yelpchi,r40_s2,1,1,noise_edges_uniform,0.2,mlp,train_clean_eval_all,0.789016635612431,0.4167857282436971,0.6554860094295863,0.6965858936309814,0.1815268419995845,100,100,0.7856864946824108,roc_auc,max_epochs,45954,9661617,210.24539184570312,210.0,210.24539184570312,210.0,0.2304567694664001,0.1452974677085876,/kaggle/working/gfd-robustness-v4-factorial-r1/graphs/base/yelpchi/r40_s2/graph.bin,/kaggle/working/gfd-robustness-v4-factorial-r1/graphs/variants/yelpchi/r40_s2/noise_edges_uniform/0.20/seed_1/graph.bin,/kaggle/working/gfd-robustness-v4-factorial-r1/graphs/base/yelpchi/r40_s2/graph.bin,ok,
gfd_robustness_benchmark_v4_factorial,yelpchi,r40_s2,1,1,noise_edges_uniform,0.2,mlp,train_on_variant,0.789016635612431,0.4167857282436971,0.6554860094295863,0.6965858936309814,1.6088954669994564,100,100,0.7856864946824108,roc_auc,max_epochs,45954,9661617,210.24539184570312,210.0,210.24539184570312,210.0,0.2304567694664001,0.1452974677085876,/kaggle/working/gfd-robustness-v4-factorial-r1/graphs/base/yelpchi/r40_s2/graph.bin,/kaggle/working/gfd-robustness-v4-factorial-r1/graphs/variants/yelpchi/r40_s2/noise_edges_uniform/0.20/seed_1/graph.bin,/kaggle/working/gfd-robustness-v4-factorial-r1/graphs/variants/yelpchi/r40_s2/noise_edges_uniform/0.20/seed_1/graph.bin,ok,
gfd_robustness_benchmark_v4_factorial,yelpchi,r40_s2,1,1,noise_edges_uniform,0.2,pmp,train_clean_eval_all,0.8224866934918351,0.5032897196021344,0.693370557950967,0.3003063797950744,0.5464925479991507,82,72,0.8499563006458349,roc_auc,early_stopping,45954,9661617,210.24539184570312,210.0,210.24539184570312,210.0,0.2304567694664001,0.1452974677085876,/kaggle/working/gfd-robustness-v4-factorial-r1/graphs/base/yelpchi/r40_s2/graph.bin,/kaggle/working/gfd-robustness-v4-factorial-r1/graphs/variants/yelpchi/r40_s2/noise_edges_uniform/0.20/seed_1/graph.bin,/kaggle/working/gfd-robustness-v4-factorial-r1/graphs/base/yelpchi/r40_s2/graph.bin,ok,
gfd_robustness_benchmark_v4_factorial,yelpchi,r40_s2,1,1,noise_edges_uniform,0.2,pmp,train_on_variant,0.8341105586370537,0.532435200777792,0.7066132053896841,0.3111501038074493,32.53810146599972,77,67,0.8398677814412443,roc_auc,early_stopping,45954,9661617,210.24539184570312,210.0,210.24539184570312,210.0,0.2304567694664001,0.1452974677085876,/kaggle/working/gfd-robustness-v4-factorial-r1/graphs/base/yelpchi/r40_s2/graph.bin,/kaggle/working/gfd-robustness-v4-factorial-r1/graphs/variants/yelpchi/r40_s2/noise_edges_uniform/0.20/seed_1/graph.bin,/kaggle/working/gfd-robustness-v4-factorial-r1/graphs/variants/yelpchi/r40_s2/noise_edges_uniform/0.20/seed_1/graph.bin,ok,
gfd_robustness_benchmark_v4_factorial,yelpchi,r40_s2,1,1,noise_edges_uniform,0.2,sage,train_clean_eval_all,0.6123483009477481,0.2057369466321915,0.546873600241434,0.2710321545600891,0.230667715999516,23,13,0.6158413377294931,roc_auc,early_stopping,45954,9661617,210.24539184570312,210.0,210.24539184570312,210.0,0.2304567694664001,0.1452974677085876,/kaggle/working/gfd-robustness-v4-factorial-r1/graphs/base/yelpchi/r40_s2/graph.bin,/kaggle/working/gfd-robustness-v4-factorial-r1/graphs/variants/yelpchi/r40_s2/noise_edges_uniform/0.20/seed_1/graph.bin,/kaggle/working/gfd-robustness-v4-factorial-r1/graphs/base/yelpchi/r40_s2/graph.bin,ok,
gfd_robustness_benchmark_v4_factorial,yelpchi,r40_s2,1,1,noise_edges_uniform,0.2,sage,train_on_variant,0.612820819664134,0.2074581331108401,0.5462490826125769,0.2696989774703979,1.093239044001166,23,13,0.6187124782754847,roc_auc,early_stopping,45954,9661617,210.24539184570312,210.0,210.24539184570312,210.0,0.2304567694664001,0.1452974677085876,/kaggle/working/gfd-robustness-v4-factorial-r1/graphs/base/yelpchi/r40_s2/graph.bin,/kaggle/working/gfd-robustness-v4-factorial-r1/graphs/variants/yelpchi/r40_s2/noise_edges_uniform/0.20/seed_1/graph.bin,/kaggle/working/gfd-robustness-v4-factorial-r1/graphs/variants/yelpchi/r40_s2/noise_edges_uniform/0.20/seed_1/graph.bin,ok,
gfd_robustness_benchmark_v4_factorial,yelpchi,r40_s2,1,1,noise_edges_uniform,0.2,secgfd,train_clean_eval_all,0.7931214208865873,0.4302292206327148,0.6665581824092639,0.7049526572227478,0.286244496001018,50,49,0.789748460509659,roc_auc,max_epochs,45954,9661617,210.24539184570312,210.0,210.24539184570312,210.0,0.2304567694664001,0.1452974677085876,/kaggle/working/gfd-robustness-v4-factorial-r1/graphs/base/yelpchi/r40_s2/graph.bin,/kaggle/working/gfd-robustness-v4-factorial-r1/graphs/variants/yelpchi/r40_s2/noise_edges_uniform/0.20/seed_1/graph.bin,/kaggle/working/gfd-robustness-v4-factorial-r1/graphs/base/yelpchi/r40_s2/graph.bin,ok,
gfd_robustness_benchmark_v4_factorial,yelpchi,r40_s2,1,1,noise_edges_uniform,0.2,secgfd,train_on_variant,0.794744062663878,0.4357172805067807,0.6659266758126288,0.7086288332939148,5.753146703000311,50,50,0.7919698562665541,roc_auc,max_epochs,45954,9661617,210.24539184570312,210.0,210.24539184570312,210.0,0.2304567694664001,0.1452974677085876,/kaggle/working/gfd-robustness-v4-factorial-r1/graphs/base/yelpchi/r40_s2/graph.bin,/kaggle/working/gfd-robustness-v4-factorial-r1/graphs/variants/yelpchi/r40_s2/noise_edges_uniform/0.20/seed_1/graph.bin,/kaggle/working/gfd-robustness-v4-factorial-r1/graphs/variants/yelpchi/r40_s2/noise_edges_uniform/0.20/seed_1/graph.bin,ok,
gfd_robustness_benchmark_v4_factorial,yelpchi,r40_s2,1,2,noise_edges_uniform,0.2,mlp,train_clean_eval_all,0.791833978586869,0.422563545347575,0.659744675709785,0.6869957447052002,0.1962199049994524,100,100,0.7910127617371984,roc_auc,max_epochs,45954,9661617,210.24539184570312,210.0,210.24539184570312,210.0,0.2304567694664001,0.1452974677085876,/kaggle/working/gfd-robustness-v4-factorial-r1/graphs/base/yelpchi/r40_s2/graph.bin,/kaggle/working/gfd-robustness-v4-factorial-r1/graphs/variants/yelpchi/r40_s2/noise_edges_uniform/0.20/seed_1/graph.bin,/kaggle/working/gfd-robustness-v4-factorial-r1/graphs/base/yelpchi/r40_s2/graph.bin,ok,
gfd_robustness_benchmark_v4_factorial,yelpchi,r40_s2,1,2,noise_edges_uniform,0.2,mlp,train_on_variant,0.791833978586869,0.422563545347575,0.659744675709785,0.6869957447052002,1.675369711001622,100,100,0.7910127617371984,roc_auc,max_epochs,45954,9661617,210.24539184570312,210.0,210.24539184570312,210.0,0.2304567694664001,0.1452974677085876,/kaggle/working/gfd-robustness-v4-factorial-r1/graphs/base/yelpchi/r40_s2/graph.bin,/kaggle/working/gfd-robustness-v4-factorial-r1/graphs/variants/yelpchi/r40_s2/noise_edges_uniform/0.20/seed_1/graph.bin,/kaggle/working/gfd-robustness-v4-factorial-r1/graphs/variants/yelpchi/r40_s2/noise_edges_uniform/0.20/seed_1/graph.bin,ok,
gfd_robustness_benchmark_v4_factorial,yelpchi,r40_s2,1,2,noise_edges_uniform,0.2,pmp,train_clean_eval_all,0.8237917979278205,0.4969122395553086,0.6970925935362734,0.3158973157405853,0.4953222629992524,67,57,0.8516228361905988,roc_auc,early_stopping,45954,9661617,210.24539184570312,210.0,210.24539184570312,210.0,0.2304567694664001,0.1452974677085876,/kaggle/working/gfd-robustness-v4-factorial-r1/graphs/base/yelpchi/r40_s2/graph.bin,/kaggle/working/gfd-robustness-v4-factorial-r1/graphs/variants/yelpchi/r40_s2/noise_edges_uniform/0.20/seed_1/graph.bin,/kaggle/working/gfd-robustness-v4-factorial-r1/graphs/base/yelpchi/r40_s2/graph.bin,ok,
gfd_robustness_benchmark_v4_factorial,yelpchi,r40_s2,1,2,noise_edges_uniform,0.2,pmp,train_on_variant,0.837638484010848,0.5205180705009762,0.7064501767288138,0.3571863770484924,41.10860709799999,98,88,0.8399828349509008,roc_auc,early_stopping,45954,9661617,210.24539184570312,210.0,210.24539184570312,210.0,0.2304567694664001,0.1452974677085876,/kaggle/working/gfd-robustness-v4-factorial-r1/graphs/base/yelpchi/r40_s2/graph.bin,/kaggle/working/gfd-robustness-v4-factorial-r1/graphs/variants/yelpchi/r40_s2/noise_edges_uniform/0.20/seed_1/graph.bin,/kaggle/working/gfd-robustness-v4-factorial-r1/graphs/variants/yelpchi/r40_s2/noise_edges_uniform/0.20/seed_1/graph.bin,ok,
gfd_robustness_benchmark_v4_factorial,yelpchi,r40_s2,1,2,noise_edges_uniform,0.2,sage,train_clean_eval_all,0.7876333199499677,0.4262368016034298,0.6599552655466561,0.6848011612892151,0.2006884259990329,100,99,0.791447800370479,roc_auc,max_epochs,45954,9661617,210.24539184570312,210.0,210.24539184570312,210.0,0.2304567694664001,0.1452974677085876,/kaggle/working/gfd-robustness-v4-factorial-r1/graphs/base/yelpchi/r40_s2/graph.bin,/kaggle/working/gfd-robustness-v4-factorial-r1/graphs/variants/yelpchi/r40_s2/noise_edges_uniform/0.20/seed_1/graph.bin,/kaggle/working/gfd-robustness-v4-factorial-r1/graphs/base/yelpchi/r40_s2/graph.bin,ok,
gfd_robustness_benchmark_v4_factorial,yelpchi,r40_s2,1,2,noise_edges_uniform,0.2,sage,train_on_variant,0.7814630056015769,0.4174818229630059,0.6551160668575529,0.6306495666503906,3.805432336001104,100,100,0.7820857918690116,roc_auc,max_epochs,45954,9661617,210.24539184570312,210.0,210.24539184570312,210.0,0.2304567694664001,0.1452974677085876,/kaggle/working/gfd-robustness-v4-factorial-r1/graphs/base/yelpchi/r40_s2/graph.bin,/kaggle/working/gfd-robustness-v4-factorial-r1/graphs/variants/yelpchi/r40_s2/noise_edges_uniform/0.20/seed_1/graph.bin,/kaggle/working/gfd-robustness-v4-factorial-r1/graphs/variants/yelpchi/r40_s2/noise_edges_uniform/0.20/seed_1/graph.bin,ok,
gfd_robustness_benchmark_v4_factorial,yelpchi,r40_s2,1,2,noise_edges_uniform,0.2,secgfd,train_clean_eval_all,0.8082086130056587,0.4821892836387369,0.6827646463048617,0.6936580538749695,0.2829574320003303,50,50,0.8116419561480677,roc_auc,max_epochs,45954,9661617,210.24539184570312,210.0,210.24539184570312,210.0,0.2304567694664001,0.1452974677085876,/kaggle/working/gfd-robustness-v4-factorial-r1/graphs/base/yelpchi/r40_s2/graph.bin,/kaggle/working/gfd-robustness-v4-factorial-r1/graphs/variants/yelpchi/r40_s2/noise_edges_uniform/0.20/seed_1/graph.bin,/kaggle/working/gfd-robustness-v4-factorial-r1/graphs/base/yelpchi/r40_s2/graph.bin,ok,
gfd_robustness_benchmark_v4_factorial,yelpchi,r40_s2,1,2,noise_edges_uniform,0.2,secgfd,train_on_variant,0.8076113517300938,0.4762286766272222,0.687585767425021,0.7028735876083374,5.857695106999017,50,50,0.8112473984222459,roc_auc,max_epochs,45954,9661617,210.24539184570312,210.0,210.24539184570312,210.0,0.2304567694664001,0.1452974677085876,/kaggle/working/gfd-robustness-v4-factorial-r1/graphs/base/yelpchi/r40_s2/graph.bin,/kaggle/working/gfd-robustness-v4-factorial-r1/graphs/variants/yelpchi/r40_s2/noise_edges_uniform/0.20/seed_1/graph.bin,/kaggle/working/gfd-robustness-v4-factorial-r1/graphs/variants/yelpchi/r40_s2/noise_edges_uniform/0.20/seed_1/graph.bin,ok,
gfd_robustness_benchmark_v4_factorial,yelpchi,r40_s2,1,3,noise_edges_uniform,0.2,mlp,train_clean_eval_all,0.7873703172829494,0.4124587532671446,0.6562929132355262,0.6923589110374451,0.1868107039990718,100,100,0.787128406487435,roc_auc,max_epochs,45954,9661617,210.24539184570312,210.0,210.24539184570312,210.0,0.2304567694664001,0.1452974677085876,/kaggle/working/gfd-robustness-v4-factorial-r1/graphs/base/yelpchi/r40_s2/graph.bin,/kaggle/working/gfd-robustness-v4-factorial-r1/graphs/variants/yelpchi/r40_s2/noise_edges_uniform/0.20/seed_1/graph.bin,/kaggle/working/gfd-robustness-v4-factorial-r1/graphs/base/yelpchi/r40_s2/graph.bin,ok,
gfd_robustness_benchmark_v4_factorial,yelpchi,r40_s2,1,3,noise_edges_uniform,0.2,mlp,train_on_variant,0.7873703172829494,0.4124587532671446,0.6562929132355262,0.6923589110374451,2.0046198629988794,100,100,0.787128406487435,roc_auc,max_epochs,45954,9661617,210.24539184570312,210.0,210.24539184570312,210.0,0.2304567694664001,0.1452974677085876,/kaggle/working/gfd-robustness-v4-factorial-r1/graphs/base/yelpchi/r40_s2/graph.bin,/kaggle/working/gfd-robustness-v4-factorial-r1/graphs/variants/yelpchi/r40_s2/noise_edges_uniform/0.20/seed_1/graph.bin,/kaggle/working/gfd-robustness-v4-factorial-r1/graphs/variants/yelpchi/r40_s2/noise_edges_uniform/0.20/seed_1/graph.bin,ok,
gfd_robustness_benchmark_v4_factorial,yelpchi,r40_s2,1,3,noise_edges_uniform,0.2,pmp,train_clean_eval_all,0.8237745764517299,0.5016783257889903,0.6964154013427514,0.3407284319400787,0.4875118720010505,81,71,0.8504771645246115,roc_auc,early_stopping,45954,9661617,210.24539184570312,210.0,210.24539184570312,210.0,0.2304567694664001,0.1452974677085876,/kaggle/working/gfd-robustness-v4-factorial-r1/graphs/base/yelpchi/r40_s2/graph.bin,/kaggle/working/gfd-robustness-v4-factorial-r1/graphs/variants/yelpchi/r40_s2/noise_edges_uniform/0.20/seed_1/graph.bin,/kaggle/working/gfd-robustness-v4-factorial-r1/graphs/base/yelpchi/r40_s2/graph.bin,ok,
gfd_robustness_benchmark_v4_factorial,yelpchi,r40_s2,1,3,noise_edges_uniform,0.2,pmp,train_on_variant,0.8289392328187312,0.5045903608605445,0.6969792898912277,0.369659274816513,30.85855778000041,73,63,0.8341191111365408,roc_auc,early_stopping,45954,9661617,210.24539184570312,210.0,210.24539184570312,210.0,0.2304567694664001,0.1452974677085876,/kaggle/working/gfd-robustness-v4-factorial-r1/graphs/base/yelpchi/r40_s2/graph.bin,/kaggle/working/gfd-robustness-v4-factorial-r1/graphs/variants/yelpchi/r40_s2/noise_edges_uniform/0.20/seed_1/graph.bin,/kaggle/working/gfd-robustness-v4-factorial-r1/graphs/variants/yelpchi/r40_s2/noise_edges_uniform/0.20/seed_1/graph.bin,ok,
gfd_robustness_benchmark_v4_factorial,yelpchi,r40_s2,1,3,noise_edges_uniform,0.2,sage,train_clean_eval_all,0.7790508556143823,0.4137478546158332,0.6554959664851872,0.678734302520752,0.184928694001428,100,100,0.781263013848857,roc_auc,max_epochs,45954,9661617,210.24539184570312,210.0,210.24539184570312,210.0,0.2304567694664001,0.1452974677085876,/kaggle/working/gfd-robustness-v4-factorial-r1/graphs/base/yelpchi/r40_s2/graph.bin,/kaggle/working/gfd-robustness-v4-factorial-r1/graphs/variants/yelpchi/r40_s2/noise_edges_uniform/0.20/seed_1/graph.bin,/kaggle/working/gfd-robustness-v4-factorial-r1/graphs/base/yelpchi/r40_s2/graph.bin,ok,
gfd_robustness_benchmark_v4_factorial,yelpchi,r40_s2,1,3,noise_edges_uniform,0.2,sage,train_on_variant,0.7799334264896887,0.4151976728137316,0.6570590017622474,0.6652633547782898,3.6625580270010687,100,100,0.7797312716202137,roc_auc,max_epochs,45954,9661617,210.24539184570312,210.0,210.24539184570312,210.0,0.2304567694664001,0.1452974677085876,/kaggle/working/gfd-robustness-v4-factorial-r1/graphs/base/yelpchi/r40_s2/graph.bin,/kaggle/working/gfd-robustness-v4-factorial-r1/graphs/variants/yelpchi/r40_s2/noise_edges_uniform/0.20/seed_1/graph.bin,/kaggle/working/gfd-robustness-v4-factorial-r1/graphs/variants/yelpchi/r40_s2/noise_edges_uniform/0.20/seed_1/graph.bin,ok,
gfd_robustness_benchmark_v4_factorial,yelpchi,r40_s2,1,3,noise_edges_uniform,0.2,secgfd,train_clean_eval_all,0.7988616270831554,0.4571725678229269,0.6774469194930827,0.7292185425758362,0.2341556079991278,50,49,0.8013855055464565,roc_auc,max_epochs,45954,9661617,210.24539184570312,210.0,210.24539184570312,210.0,0.2304567694664001,0.1452974677085876,/kaggle/working/gfd-robustness-v4-factorial-r1/graphs/base/yelpchi/r40_s2/graph.bin,/kaggle/working/gfd-robustness-v4-factorial-r1/graphs/variants/yelpchi/r40_s2/noise_edges_uniform/0.20/seed_1/graph.bin,/kaggle/working/gfd-robustness-v4-factorial-r1/graphs/base/yelpchi/r40_s2/graph.bin,ok,
gfd_robustness_benchmark_v4_factorial,yelpchi,r40_s2,1,3,noise_edges_uniform,0.2,secgfd,train_on_variant,0.8037615776911046,0.4514262656931608,0.6784400178738497,0.6891834139823914,5.77473622800062,50,49,0.8036087608503375,roc_auc,max_epochs,45954,9661617,210.24539184570312,210.0,210.24539184570312,210.0,0.2304567694664001,0.1452974677085876,/kaggle/working/gfd-robustness-v4-factorial-r1/graphs/base/yelpchi/r40_s2/graph.bin,/kaggle/working/gfd-robustness-v4-factorial-r1/graphs/variants/yelpchi/r40_s2/noise_edges_uniform/0.20/seed_1/graph.bin,/kaggle/working/gfd-robustness-v4-factorial-r1/graphs/variants/yelpchi/r40_s2/noise_edges_uniform/0.20/seed_1/graph.bin,ok,
gfd_robustness_benchmark_v4_factorial,yelpchi,r40_s2,1,4,noise_edges_uniform,0.2,mlp,train_clean_eval_all,0.7906828431985317,0.4231759041474303,0.6564547082775046,0.6527314186096191,0.1366358699997363,100,100,0.7886782196983243,roc_auc,max_epochs,45954,9661617,210.24539184570312,210.0,210.24539184570312,210.0,0.2304567694664001,0.1452974677085876,/kaggle/working/gfd-robustness-v4-factorial-r1/graphs/base/yelpchi/r40_s2/graph.bin,/kaggle/working/gfd-robustness-v4-factorial-r1/graphs/variants/yelpchi/r40_s2/noise_edges_uniform/0.20/seed_1/graph.bin,/kaggle/working/gfd-robustness-v4-factorial-r1/graphs/base/yelpchi/r40_s2/graph.bin,ok,
gfd_robustness_benchmark_v4_factorial,yelpchi,r40_s2,1,4,noise_edges_uniform,0.2,mlp,train_on_variant,0.7906828431985317,0.4231759041474303,0.6564547082775046,0.6527314186096191,2.0702507400001195,100,100,0.7886782196983243,roc_auc,max_epochs,45954,9661617,210.24539184570312,210.0,210.24539184570312,210.0,0.2304567694664001,0.1452974677085876,/kaggle/working/gfd-robustness-v4-factorial-r1/graphs/base/yelpchi/r40_s2/graph.bin,/kaggle/working/gfd-robustness-v4-factorial-r1/graphs/variants/yelpchi/r40_s2/noise_edges_uniform/0.20/seed_1/graph.bin,/kaggle/working/gfd-robustness-v4-factorial-r1/graphs/variants/yelpchi/r40_s2/noise_edges_uniform/0.20/seed_1/graph.bin,ok,
gfd_robustness_benchmark_v4_factorial,yelpchi,r40_s2,1,4,noise_edges_uniform,0.2,pmp,train_clean_eval_all,0.8310233529885239,0.5170147617128592,0.7016708207068443,0.3711147308349609,0.4882319459993596,88,78,0.8543143635700441,roc_auc,early_stopping,45954,9661617,210.24539184570312,210.0,210.24539184570312,210.0,0.2304567694664001,0.1452974677085876,/kaggle/working/gfd-robustness-v4-factorial-r1/graphs/base/yelpchi/r40_s2/graph.bin,/kaggle/working/gfd-robustness-v4-factorial-r1/graphs/variants/yelpchi/r40_s2/noise_edges_uniform/0.20/seed_1/graph.bin,/kaggle/working/gfd-robustness-v4-factorial-r1/graphs/base/yelpchi/r40_s2/graph.bin,ok,
gfd_robustness_benchmark_v4_factorial,yelpchi,r40_s2,1,4,noise_edges_uniform,0.2,pmp,train_on_variant,0.8341656887980657,0.5164968044478377,0.7025710562294453,0.454042375087738,39.11749190499904,92,82,0.8410010084466346,roc_auc,early_stopping,45954,9661617,210.24539184570312,210.0,210.24539184570312,210.0,0.2304567694664001,0.1452974677085876,/kaggle/working/gfd-robustness-v4-factorial-r1/graphs/base/yelpchi/r40_s2/graph.bin,/kaggle/working/gfd-robustness-v4-factorial-r1/graphs/variants/yelpchi/r40_s2/noise_edges_uniform/0.20/seed_1/graph.bin,/kaggle/working/gfd-robustness-v4-factorial-r1/graphs/variants/yelpchi/r40_s2/noise_edges_uniform/0.20/seed_1/graph.bin,ok,
gfd_robustness_benchmark_v4_factorial,yelpchi,r40_s2,1,4,noise_edges_uniform,0.2,sage,train_clean_eval_all,0.7849491516267364,0.4188454730427916,0.6578223794709528,0.663702666759491,0.1884390849991177,100,100,0.7873061124263036,roc_auc,max_epochs,45954,9661617,210.24539184570312,210.0,210.24539184570312,210.0,0.2304567694664001,0.1452974677085876,/kaggle/working/gfd-robustness-v4-factorial-r1/graphs/base/yelpchi/r40_s2/graph.bin,/kaggle/working/gfd-robustness-v4-factorial-r1/graphs/variants/yelpchi/r40_s2/noise_edges_uniform/0.20/seed_1/graph.bin,/kaggle/working/gfd-robustness-v4-factorial-r1/graphs/base/yelpchi/r40_s2/graph.bin,ok,
gfd_robustness_benchmark_v4_factorial,yelpchi,r40_s2,1,4,noise_edges_uniform,0.2,sage,train_on_variant,0.7813208152813518,0.4167992530965634,0.6582358285294907,0.6596596240997314,3.873963017998904,100,100,0.7827357750615677,roc_auc,max_epochs,45954,9661617,210.24539184570312,210.0,210.24539184570312,210.0,0.2304567694664001,0.1452974677085876,/kaggle/working/gfd-robustness-v4-factorial-r1/graphs/base/yelpchi/r40_s2/graph.bin,/kaggle/working/gfd-robustness-v4-factorial-r1/graphs/variants/yelpchi/r40_s2/noise_edges_uniform/0.20/seed_1/graph.bin,/kaggle/working/gfd-robustness-v4-factorial-r1/graphs/variants/yelpchi/r40_s2/noise_edges_uniform/0.20/seed_1/graph.bin,ok,
gfd_robustness_benchmark_v4_factorial,yelpchi,r40_s2,1,4,noise_edges_uniform,0.2,secgfd,train_clean_eval_all,0.7886118594658951,0.4139193146355067,0.6595811349317661,0.6979449987411499,0.2832879180004966,50,50,0.7831441601880527,roc_auc,max_epochs,45954,9661617,210.24539184570312,210.0,210.24539184570312,210.0,0.2304567694664001,0.1452974677085876,/kaggle/working/gfd-robustness-v4-factorial-r1/graphs/base/yelpchi/r40_s2/graph.bin,/kaggle/working/gfd-robustness-v4-factorial-r1/graphs/variants/yelpchi/r40_s2/noise_edges_uniform/0.20/seed_1/graph.bin,/kaggle/working/gfd-robustness-v4-factorial-r1/graphs/base/yelpchi/r40_s2/graph.bin,ok,
gfd_robustness_benchmark_v4_factorial,yelpchi,r40_s2,1,4,noise_edges_uniform,0.2,secgfd,train_on_variant,0.7857311090649658,0.4112633617547791,0.6546384139467596,0.6565253138542175,5.780320907000714,50,50,0.7783369451457479,roc_auc,max_epochs,45954,9661617,210.24539184570312,210.0,210.24539184570312,210.0,0.2304567694664001,0.1452974677085876,/kaggle/working/gfd-robustness-v4-factorial-r1/graphs/base/yelpchi/r40_s2/graph.bin,/kaggle/working/gfd-robustness-v4-factorial-r1/graphs/variants/yelpchi/r40_s2/noise_edges_uniform/0.20/seed_1/graph.bin,/kaggle/working/gfd-robustness-v4-factorial-r1/graphs/variants/yelpchi/r40_s2/noise_edges_uniform/0.20/seed_1/graph.bin,ok,
