experiment_name,dataset_id,split_id,graph_seed,training_seed,scenario_id,severity,model_id,protocol,roc_auc,average_precision,f1_macro,threshold,duration_sec,epochs_trained,best_epoch,best_validation_monitor,validation_monitor,stopping_reason,n_nodes,n_edges,mean_in_degree,median_in_degree,mean_out_degree,median_out_degree,heterophily_ratio,pos_rate,base_graph_path,graph_path,train_graph_ref,status,error
gfd_robustness_benchmark_v4_factorial,yelpchi,r60_s2,0,0,camouflage_feature_oracle,0.15,mlp,train_clean_eval_all,0.7738390009695477,0.4223110122277657,0.6587963492805885,0.6971318125724792,0.067530729000282,100,100,0.7956221495886349,roc_auc,max_epochs,45954,8051348,175.2045135498047,175.0,175.2045135498047,175.0,0.2268800139427185,0.1452974677085876,/kaggle/working/gfd-robustness-v4-factorial-r1/graphs/base/yelpchi/r60_s2/graph.bin,/kaggle/working/gfd-robustness-v4-factorial-r1/graphs/variants/yelpchi/r60_s2/camouflage_feature_oracle/0.15/seed_0/graph.bin,/kaggle/working/gfd-robustness-v4-factorial-r1/graphs/base/yelpchi/r60_s2/graph.bin,ok,
gfd_robustness_benchmark_v4_factorial,yelpchi,r60_s2,0,0,camouflage_feature_oracle,0.15,mlp,train_on_variant,0.7217215263973072,0.3131993031792742,0.6163043734604674,0.5062854886054993,0.3729243240013602,17,7,0.6943115980899115,roc_auc,early_stopping,45954,8051348,175.2045135498047,175.0,175.2045135498047,175.0,0.2268800139427185,0.1452974677085876,/kaggle/working/gfd-robustness-v4-factorial-r1/graphs/base/yelpchi/r60_s2/graph.bin,/kaggle/working/gfd-robustness-v4-factorial-r1/graphs/variants/yelpchi/r60_s2/camouflage_feature_oracle/0.15/seed_0/graph.bin,/kaggle/working/gfd-robustness-v4-factorial-r1/graphs/variants/yelpchi/r60_s2/camouflage_feature_oracle/0.15/seed_0/graph.bin,ok,
gfd_robustness_benchmark_v4_factorial,yelpchi,r60_s2,0,0,camouflage_feature_oracle,0.15,pmp,train_clean_eval_all,0.8259779607028306,0.5510133671406618,0.7076543084508279,0.2557673752307892,0.3421440479978628,55,45,0.8496737448653855,roc_auc,early_stopping,45954,8051348,175.2045135498047,175.0,175.2045135498047,175.0,0.2268800139427185,0.1452974677085876,/kaggle/working/gfd-robustness-v4-factorial-r1/graphs/base/yelpchi/r60_s2/graph.bin,/kaggle/working/gfd-robustness-v4-factorial-r1/graphs/variants/yelpchi/r60_s2/camouflage_feature_oracle/0.15/seed_0/graph.bin,/kaggle/working/gfd-robustness-v4-factorial-r1/graphs/base/yelpchi/r60_s2/graph.bin,ok,
gfd_robustness_benchmark_v4_factorial,yelpchi,r60_s2,0,0,camouflage_feature_oracle,0.15,pmp,train_on_variant,0.8274366173457566,0.5499198177123492,0.705511859114495,0.3240598738193512,66.05456169299941,78,68,0.8072891380999722,roc_auc,early_stopping,45954,8051348,175.2045135498047,175.0,175.2045135498047,175.0,0.2268800139427185,0.1452974677085876,/kaggle/working/gfd-robustness-v4-factorial-r1/graphs/base/yelpchi/r60_s2/graph.bin,/kaggle/working/gfd-robustness-v4-factorial-r1/graphs/variants/yelpchi/r60_s2/camouflage_feature_oracle/0.15/seed_0/graph.bin,/kaggle/working/gfd-robustness-v4-factorial-r1/graphs/variants/yelpchi/r60_s2/camouflage_feature_oracle/0.15/seed_0/graph.bin,ok,
gfd_robustness_benchmark_v4_factorial,yelpchi,r60_s2,0,0,camouflage_feature_oracle,0.15,sage,train_clean_eval_all,0.7745159502786687,0.4266146654640854,0.6604670163467496,0.6634995937347412,0.1104756339991581,100,100,0.7932715868372682,roc_auc,max_epochs,45954,8051348,175.2045135498047,175.0,175.2045135498047,175.0,0.2268800139427185,0.1452974677085876,/kaggle/working/gfd-robustness-v4-factorial-r1/graphs/base/yelpchi/r60_s2/graph.bin,/kaggle/working/gfd-robustness-v4-factorial-r1/graphs/variants/yelpchi/r60_s2/camouflage_feature_oracle/0.15/seed_0/graph.bin,/kaggle/working/gfd-robustness-v4-factorial-r1/graphs/base/yelpchi/r60_s2/graph.bin,ok,
gfd_robustness_benchmark_v4_factorial,yelpchi,r60_s2,0,0,camouflage_feature_oracle,0.15,sage,train_on_variant,0.7730639154481261,0.4191037773733281,0.6542444343428455,0.6415237188339233,3.22465064899734,100,100,0.7441682937702792,roc_auc,max_epochs,45954,8051348,175.2045135498047,175.0,175.2045135498047,175.0,0.2268800139427185,0.1452974677085876,/kaggle/working/gfd-robustness-v4-factorial-r1/graphs/base/yelpchi/r60_s2/graph.bin,/kaggle/working/gfd-robustness-v4-factorial-r1/graphs/variants/yelpchi/r60_s2/camouflage_feature_oracle/0.15/seed_0/graph.bin,/kaggle/working/gfd-robustness-v4-factorial-r1/graphs/variants/yelpchi/r60_s2/camouflage_feature_oracle/0.15/seed_0/graph.bin,ok,
gfd_robustness_benchmark_v4_factorial,yelpchi,r60_s2,0,0,camouflage_feature_oracle,0.15,secgfd,train_clean_eval_all,0.7794613960724173,0.4414627169379351,0.6680049819923208,0.6121960878372192,0.1606172940009855,50,50,0.8036778501729617,roc_auc,max_epochs,45954,8051348,175.2045135498047,175.0,175.2045135498047,175.0,0.2268800139427185,0.1452974677085876,/kaggle/working/gfd-robustness-v4-factorial-r1/graphs/base/yelpchi/r60_s2/graph.bin,/kaggle/working/gfd-robustness-v4-factorial-r1/graphs/variants/yelpchi/r60_s2/camouflage_feature_oracle/0.15/seed_0/graph.bin,/kaggle/working/gfd-robustness-v4-factorial-r1/graphs/base/yelpchi/r60_s2/graph.bin,ok,
gfd_robustness_benchmark_v4_factorial,yelpchi,r60_s2,0,0,camouflage_feature_oracle,0.15,secgfd,train_on_variant,0.778144751103699,0.441000877575805,0.6629983590639719,0.6180153489112854,4.763118620001478,50,49,0.7513819533349068,roc_auc,max_epochs,45954,8051348,175.2045135498047,175.0,175.2045135498047,175.0,0.2268800139427185,0.1452974677085876,/kaggle/working/gfd-robustness-v4-factorial-r1/graphs/base/yelpchi/r60_s2/graph.bin,/kaggle/working/gfd-robustness-v4-factorial-r1/graphs/variants/yelpchi/r60_s2/camouflage_feature_oracle/0.15/seed_0/graph.bin,/kaggle/working/gfd-robustness-v4-factorial-r1/graphs/variants/yelpchi/r60_s2/camouflage_feature_oracle/0.15/seed_0/graph.bin,ok,
gfd_robustness_benchmark_v4_factorial,yelpchi,r60_s2,0,1,camouflage_feature_oracle,0.15,mlp,train_clean_eval_all,0.7660680897624303,0.4124117441340587,0.6466822868795771,0.655698835849762,0.0861982730020827,100,100,0.7890084561707159,roc_auc,max_epochs,45954,8051348,175.2045135498047,175.0,175.2045135498047,175.0,0.2268800139427185,0.1452974677085876,/kaggle/working/gfd-robustness-v4-factorial-r1/graphs/base/yelpchi/r60_s2/graph.bin,/kaggle/working/gfd-robustness-v4-factorial-r1/graphs/variants/yelpchi/r60_s2/camouflage_feature_oracle/0.15/seed_0/graph.bin,/kaggle/working/gfd-robustness-v4-factorial-r1/graphs/base/yelpchi/r60_s2/graph.bin,ok,
gfd_robustness_benchmark_v4_factorial,yelpchi,r60_s2,0,1,camouflage_feature_oracle,0.15,mlp,train_on_variant,0.7631644964907253,0.4094772776277436,0.645395619297358,0.6313469409942627,1.8105211170004625,100,100,0.7368329530798151,roc_auc,max_epochs,45954,8051348,175.2045135498047,175.0,175.2045135498047,175.0,0.2268800139427185,0.1452974677085876,/kaggle/working/gfd-robustness-v4-factorial-r1/graphs/base/yelpchi/r60_s2/graph.bin,/kaggle/working/gfd-robustness-v4-factorial-r1/graphs/variants/yelpchi/r60_s2/camouflage_feature_oracle/0.15/seed_0/graph.bin,/kaggle/working/gfd-robustness-v4-factorial-r1/graphs/variants/yelpchi/r60_s2/camouflage_feature_oracle/0.15/seed_0/graph.bin,ok,
gfd_robustness_benchmark_v4_factorial,yelpchi,r60_s2,0,1,camouflage_feature_oracle,0.15,pmp,train_clean_eval_all,0.8222088155664231,0.5504469507692903,0.7111057233028922,0.4313299655914306,0.3133236379981099,59,49,0.8501764424005321,roc_auc,early_stopping,45954,8051348,175.2045135498047,175.0,175.2045135498047,175.0,0.2268800139427185,0.1452974677085876,/kaggle/working/gfd-robustness-v4-factorial-r1/graphs/base/yelpchi/r60_s2/graph.bin,/kaggle/working/gfd-robustness-v4-factorial-r1/graphs/variants/yelpchi/r60_s2/camouflage_feature_oracle/0.15/seed_0/graph.bin,/kaggle/working/gfd-robustness-v4-factorial-r1/graphs/base/yelpchi/r60_s2/graph.bin,ok,
gfd_robustness_benchmark_v4_factorial,yelpchi,r60_s2,0,1,camouflage_feature_oracle,0.15,pmp,train_on_variant,0.8244141172847788,0.5400957138212703,0.7075484237705636,0.274929791688919,57.32523168099942,69,59,0.8002231456382896,roc_auc,early_stopping,45954,8051348,175.2045135498047,175.0,175.2045135498047,175.0,0.2268800139427185,0.1452974677085876,/kaggle/working/gfd-robustness-v4-factorial-r1/graphs/base/yelpchi/r60_s2/graph.bin,/kaggle/working/gfd-robustness-v4-factorial-r1/graphs/variants/yelpchi/r60_s2/camouflage_feature_oracle/0.15/seed_0/graph.bin,/kaggle/working/gfd-robustness-v4-factorial-r1/graphs/variants/yelpchi/r60_s2/camouflage_feature_oracle/0.15/seed_0/graph.bin,ok,
gfd_robustness_benchmark_v4_factorial,yelpchi,r60_s2,0,1,camouflage_feature_oracle,0.15,sage,train_clean_eval_all,0.6133649039751454,0.1931194190440355,0.5376846897631146,0.2929745614528656,0.1448637180001242,23,13,0.6051568098756249,roc_auc,early_stopping,45954,8051348,175.2045135498047,175.0,175.2045135498047,175.0,0.2268800139427185,0.1452974677085876,/kaggle/working/gfd-robustness-v4-factorial-r1/graphs/base/yelpchi/r60_s2/graph.bin,/kaggle/working/gfd-robustness-v4-factorial-r1/graphs/variants/yelpchi/r60_s2/camouflage_feature_oracle/0.15/seed_0/graph.bin,/kaggle/working/gfd-robustness-v4-factorial-r1/graphs/base/yelpchi/r60_s2/graph.bin,ok,
gfd_robustness_benchmark_v4_factorial,yelpchi,r60_s2,0,1,camouflage_feature_oracle,0.15,sage,train_on_variant,0.6059239400526849,0.1882887388804242,0.535604595603221,0.278519868850708,0.9126864520003436,23,13,0.5774992430690155,roc_auc,early_stopping,45954,8051348,175.2045135498047,175.0,175.2045135498047,175.0,0.2268800139427185,0.1452974677085876,/kaggle/working/gfd-robustness-v4-factorial-r1/graphs/base/yelpchi/r60_s2/graph.bin,/kaggle/working/gfd-robustness-v4-factorial-r1/graphs/variants/yelpchi/r60_s2/camouflage_feature_oracle/0.15/seed_0/graph.bin,/kaggle/working/gfd-robustness-v4-factorial-r1/graphs/variants/yelpchi/r60_s2/camouflage_feature_oracle/0.15/seed_0/graph.bin,ok,
gfd_robustness_benchmark_v4_factorial,yelpchi,r60_s2,0,1,camouflage_feature_oracle,0.15,secgfd,train_clean_eval_all,0.7641899722703269,0.4189131682425849,0.6509183101501972,0.6578896045684814,0.1786433110028156,50,50,0.7875019370281101,roc_auc,max_epochs,45954,8051348,175.2045135498047,175.0,175.2045135498047,175.0,0.2268800139427185,0.1452974677085876,/kaggle/working/gfd-robustness-v4-factorial-r1/graphs/base/yelpchi/r60_s2/graph.bin,/kaggle/working/gfd-robustness-v4-factorial-r1/graphs/variants/yelpchi/r60_s2/camouflage_feature_oracle/0.15/seed_0/graph.bin,/kaggle/working/gfd-robustness-v4-factorial-r1/graphs/base/yelpchi/r60_s2/graph.bin,ok,
gfd_robustness_benchmark_v4_factorial,yelpchi,r60_s2,0,1,camouflage_feature_oracle,0.15,secgfd,train_on_variant,0.7684054466169494,0.4206023603812919,0.6509193990555001,0.7185741662979126,4.742422909999732,50,50,0.7455628586482047,roc_auc,max_epochs,45954,8051348,175.2045135498047,175.0,175.2045135498047,175.0,0.2268800139427185,0.1452974677085876,/kaggle/working/gfd-robustness-v4-factorial-r1/graphs/base/yelpchi/r60_s2/graph.bin,/kaggle/working/gfd-robustness-v4-factorial-r1/graphs/variants/yelpchi/r60_s2/camouflage_feature_oracle/0.15/seed_0/graph.bin,/kaggle/working/gfd-robustness-v4-factorial-r1/graphs/variants/yelpchi/r60_s2/camouflage_feature_oracle/0.15/seed_0/graph.bin,ok,
gfd_robustness_benchmark_v4_factorial,yelpchi,r60_s2,0,2,camouflage_feature_oracle,0.15,mlp,train_clean_eval_all,0.7701493175817408,0.4142212639992518,0.6481608780066452,0.6557482481002808,0.0889091610006289,100,100,0.7907452730554025,roc_auc,max_epochs,45954,8051348,175.2045135498047,175.0,175.2045135498047,175.0,0.2268800139427185,0.1452974677085876,/kaggle/working/gfd-robustness-v4-factorial-r1/graphs/base/yelpchi/r60_s2/graph.bin,/kaggle/working/gfd-robustness-v4-factorial-r1/graphs/variants/yelpchi/r60_s2/camouflage_feature_oracle/0.15/seed_0/graph.bin,/kaggle/working/gfd-robustness-v4-factorial-r1/graphs/base/yelpchi/r60_s2/graph.bin,ok,
gfd_robustness_benchmark_v4_factorial,yelpchi,r60_s2,0,2,camouflage_feature_oracle,0.15,mlp,train_on_variant,0.7664515355744722,0.4080368930436722,0.6472212969558977,0.6502037048339844,1.9254380969978229,100,100,0.7399551324688823,roc_auc,max_epochs,45954,8051348,175.2045135498047,175.0,175.2045135498047,175.0,0.2268800139427185,0.1452974677085876,/kaggle/working/gfd-robustness-v4-factorial-r1/graphs/base/yelpchi/r60_s2/graph.bin,/kaggle/working/gfd-robustness-v4-factorial-r1/graphs/variants/yelpchi/r60_s2/camouflage_feature_oracle/0.15/seed_0/graph.bin,/kaggle/working/gfd-robustness-v4-factorial-r1/graphs/variants/yelpchi/r60_s2/camouflage_feature_oracle/0.15/seed_0/graph.bin,ok,
gfd_robustness_benchmark_v4_factorial,yelpchi,r60_s2,0,2,camouflage_feature_oracle,0.15,pmp,train_clean_eval_all,0.8186442796687684,0.5363917292930163,0.7104446427220705,0.1901807934045791,0.2719612589971802,40,30,0.8440517144784805,roc_auc,early_stopping,45954,8051348,175.2045135498047,175.0,175.2045135498047,175.0,0.2268800139427185,0.1452974677085876,/kaggle/working/gfd-robustness-v4-factorial-r1/graphs/base/yelpchi/r60_s2/graph.bin,/kaggle/working/gfd-robustness-v4-factorial-r1/graphs/variants/yelpchi/r60_s2/camouflage_feature_oracle/0.15/seed_0/graph.bin,/kaggle/working/gfd-robustness-v4-factorial-r1/graphs/base/yelpchi/r60_s2/graph.bin,ok,
gfd_robustness_benchmark_v4_factorial,yelpchi,r60_s2,0,2,camouflage_feature_oracle,0.15,pmp,train_on_variant,0.8184622989255704,0.5251350520098049,0.7001915920703251,0.2324999272823333,33.25651347100211,40,30,0.7979130161136898,roc_auc,early_stopping,45954,8051348,175.2045135498047,175.0,175.2045135498047,175.0,0.2268800139427185,0.1452974677085876,/kaggle/working/gfd-robustness-v4-factorial-r1/graphs/base/yelpchi/r60_s2/graph.bin,/kaggle/working/gfd-robustness-v4-factorial-r1/graphs/variants/yelpchi/r60_s2/camouflage_feature_oracle/0.15/seed_0/graph.bin,/kaggle/working/gfd-robustness-v4-factorial-r1/graphs/variants/yelpchi/r60_s2/camouflage_feature_oracle/0.15/seed_0/graph.bin,ok,
gfd_robustness_benchmark_v4_factorial,yelpchi,r60_s2,0,2,camouflage_feature_oracle,0.15,sage,train_clean_eval_all,0.7719225341323463,0.4270825782538678,0.6586428394194012,0.6589797139167786,0.127138826999726,100,100,0.7880997098629895,roc_auc,max_epochs,45954,8051348,175.2045135498047,175.0,175.2045135498047,175.0,0.2268800139427185,0.1452974677085876,/kaggle/working/gfd-robustness-v4-factorial-r1/graphs/base/yelpchi/r60_s2/graph.bin,/kaggle/working/gfd-robustness-v4-factorial-r1/graphs/variants/yelpchi/r60_s2/camouflage_feature_oracle/0.15/seed_0/graph.bin,/kaggle/working/gfd-robustness-v4-factorial-r1/graphs/base/yelpchi/r60_s2/graph.bin,ok,
gfd_robustness_benchmark_v4_factorial,yelpchi,r60_s2,0,2,camouflage_feature_oracle,0.15,sage,train_on_variant,0.7661423588667878,0.414562153832215,0.649473777195097,0.626708447933197,3.22929885999838,100,100,0.7362970221023848,roc_auc,max_epochs,45954,8051348,175.2045135498047,175.0,175.2045135498047,175.0,0.2268800139427185,0.1452974677085876,/kaggle/working/gfd-robustness-v4-factorial-r1/graphs/base/yelpchi/r60_s2/graph.bin,/kaggle/working/gfd-robustness-v4-factorial-r1/graphs/variants/yelpchi/r60_s2/camouflage_feature_oracle/0.15/seed_0/graph.bin,/kaggle/working/gfd-robustness-v4-factorial-r1/graphs/variants/yelpchi/r60_s2/camouflage_feature_oracle/0.15/seed_0/graph.bin,ok,
gfd_robustness_benchmark_v4_factorial,yelpchi,r60_s2,0,2,camouflage_feature_oracle,0.15,secgfd,train_clean_eval_all,0.7833061918423845,0.4563987932874881,0.6758514774244915,0.7028029561042786,0.1792187940009171,50,46,0.8013154149293015,roc_auc,max_epochs,45954,8051348,175.2045135498047,175.0,175.2045135498047,175.0,0.2268800139427185,0.1452974677085876,/kaggle/working/gfd-robustness-v4-factorial-r1/graphs/base/yelpchi/r60_s2/graph.bin,/kaggle/working/gfd-robustness-v4-factorial-r1/graphs/variants/yelpchi/r60_s2/camouflage_feature_oracle/0.15/seed_0/graph.bin,/kaggle/working/gfd-robustness-v4-factorial-r1/graphs/base/yelpchi/r60_s2/graph.bin,ok,
gfd_robustness_benchmark_v4_factorial,yelpchi,r60_s2,0,2,camouflage_feature_oracle,0.15,secgfd,train_on_variant,0.7874809348970084,0.4620986125307078,0.6739769361286055,0.5281581282615662,4.783339108998916,50,50,0.7568798708806862,roc_auc,max_epochs,45954,8051348,175.2045135498047,175.0,175.2045135498047,175.0,0.2268800139427185,0.1452974677085876,/kaggle/working/gfd-robustness-v4-factorial-r1/graphs/base/yelpchi/r60_s2/graph.bin,/kaggle/working/gfd-robustness-v4-factorial-r1/graphs/variants/yelpchi/r60_s2/camouflage_feature_oracle/0.15/seed_0/graph.bin,/kaggle/working/gfd-robustness-v4-factorial-r1/graphs/variants/yelpchi/r60_s2/camouflage_feature_oracle/0.15/seed_0/graph.bin,ok,
gfd_robustness_benchmark_v4_factorial,yelpchi,r60_s2,0,3,camouflage_feature_oracle,0.15,mlp,train_clean_eval_all,0.7682433313109016,0.4079611468067032,0.6484294440161567,0.6678695678710938,0.0947099259974493,100,100,0.7883936613288132,roc_auc,max_epochs,45954,8051348,175.2045135498047,175.0,175.2045135498047,175.0,0.2268800139427185,0.1452974677085876,/kaggle/working/gfd-robustness-v4-factorial-r1/graphs/base/yelpchi/r60_s2/graph.bin,/kaggle/working/gfd-robustness-v4-factorial-r1/graphs/variants/yelpchi/r60_s2/camouflage_feature_oracle/0.15/seed_0/graph.bin,/kaggle/working/gfd-robustness-v4-factorial-r1/graphs/base/yelpchi/r60_s2/graph.bin,ok,
gfd_robustness_benchmark_v4_factorial,yelpchi,r60_s2,0,3,camouflage_feature_oracle,0.15,mlp,train_on_variant,0.7664321941656402,0.4035497667820099,0.6469821875133863,0.6533681750297546,1.68238428100085,100,100,0.7379127777102301,roc_auc,max_epochs,45954,8051348,175.2045135498047,175.0,175.2045135498047,175.0,0.2268800139427185,0.1452974677085876,/kaggle/working/gfd-robustness-v4-factorial-r1/graphs/base/yelpchi/r60_s2/graph.bin,/kaggle/working/gfd-robustness-v4-factorial-r1/graphs/variants/yelpchi/r60_s2/camouflage_feature_oracle/0.15/seed_0/graph.bin,/kaggle/working/gfd-robustness-v4-factorial-r1/graphs/variants/yelpchi/r60_s2/camouflage_feature_oracle/0.15/seed_0/graph.bin,ok,
gfd_robustness_benchmark_v4_factorial,yelpchi,r60_s2,0,3,camouflage_feature_oracle,0.15,pmp,train_clean_eval_all,0.8216980785120187,0.5467916680034215,0.7077630599208371,0.2736212313175201,0.2769135829985316,69,59,0.8491953168024374,roc_auc,early_stopping,45954,8051348,175.2045135498047,175.0,175.2045135498047,175.0,0.2268800139427185,0.1452974677085876,/kaggle/working/gfd-robustness-v4-factorial-r1/graphs/base/yelpchi/r60_s2/graph.bin,/kaggle/working/gfd-robustness-v4-factorial-r1/graphs/variants/yelpchi/r60_s2/camouflage_feature_oracle/0.15/seed_0/graph.bin,/kaggle/working/gfd-robustness-v4-factorial-r1/graphs/base/yelpchi/r60_s2/graph.bin,ok,
gfd_robustness_benchmark_v4_factorial,yelpchi,r60_s2,0,3,camouflage_feature_oracle,0.15,pmp,train_on_variant,0.8270727987761748,0.5543191270937091,0.7121486831145653,0.3186468183994293,73.41413461200136,89,79,0.8095365198339758,roc_auc,early_stopping,45954,8051348,175.2045135498047,175.0,175.2045135498047,175.0,0.2268800139427185,0.1452974677085876,/kaggle/working/gfd-robustness-v4-factorial-r1/graphs/base/yelpchi/r60_s2/graph.bin,/kaggle/working/gfd-robustness-v4-factorial-r1/graphs/variants/yelpchi/r60_s2/camouflage_feature_oracle/0.15/seed_0/graph.bin,/kaggle/working/gfd-robustness-v4-factorial-r1/graphs/variants/yelpchi/r60_s2/camouflage_feature_oracle/0.15/seed_0/graph.bin,ok,
gfd_robustness_benchmark_v4_factorial,yelpchi,r60_s2,0,3,camouflage_feature_oracle,0.15,sage,train_clean_eval_all,0.7623143796419382,0.4133380439175719,0.649875756631262,0.6763745546340942,0.1302138120008749,100,100,0.7781531837590027,roc_auc,max_epochs,45954,8051348,175.2045135498047,175.0,175.2045135498047,175.0,0.2268800139427185,0.1452974677085876,/kaggle/working/gfd-robustness-v4-factorial-r1/graphs/base/yelpchi/r60_s2/graph.bin,/kaggle/working/gfd-robustness-v4-factorial-r1/graphs/variants/yelpchi/r60_s2/camouflage_feature_oracle/0.15/seed_0/graph.bin,/kaggle/working/gfd-robustness-v4-factorial-r1/graphs/base/yelpchi/r60_s2/graph.bin,ok,
gfd_robustness_benchmark_v4_factorial,yelpchi,r60_s2,0,3,camouflage_feature_oracle,0.15,sage,train_on_variant,0.763451044702855,0.413172465119899,0.6537632995011193,0.6077251434326172,3.0258633119992737,100,96,0.7338076608567744,roc_auc,max_epochs,45954,8051348,175.2045135498047,175.0,175.2045135498047,175.0,0.2268800139427185,0.1452974677085876,/kaggle/working/gfd-robustness-v4-factorial-r1/graphs/base/yelpchi/r60_s2/graph.bin,/kaggle/working/gfd-robustness-v4-factorial-r1/graphs/variants/yelpchi/r60_s2/camouflage_feature_oracle/0.15/seed_0/graph.bin,/kaggle/working/gfd-robustness-v4-factorial-r1/graphs/variants/yelpchi/r60_s2/camouflage_feature_oracle/0.15/seed_0/graph.bin,ok,
gfd_robustness_benchmark_v4_factorial,yelpchi,r60_s2,0,3,camouflage_feature_oracle,0.15,secgfd,train_clean_eval_all,0.7794424834140273,0.4464808080443165,0.6657338303443799,0.6787847280502319,0.180682500002149,50,50,0.7989556498043899,roc_auc,max_epochs,45954,8051348,175.2045135498047,175.0,175.2045135498047,175.0,0.2268800139427185,0.1452974677085876,/kaggle/working/gfd-robustness-v4-factorial-r1/graphs/base/yelpchi/r60_s2/graph.bin,/kaggle/working/gfd-robustness-v4-factorial-r1/graphs/variants/yelpchi/r60_s2/camouflage_feature_oracle/0.15/seed_0/graph.bin,/kaggle/working/gfd-robustness-v4-factorial-r1/graphs/base/yelpchi/r60_s2/graph.bin,ok,
gfd_robustness_benchmark_v4_factorial,yelpchi,r60_s2,0,3,camouflage_feature_oracle,0.15,secgfd,train_on_variant,0.7653186816285962,0.4081683711021586,0.650018166107271,0.6737817525863647,4.840325958000904,50,49,0.7351832488193069,roc_auc,max_epochs,45954,8051348,175.2045135498047,175.0,175.2045135498047,175.0,0.2268800139427185,0.1452974677085876,/kaggle/working/gfd-robustness-v4-factorial-r1/graphs/base/yelpchi/r60_s2/graph.bin,/kaggle/working/gfd-robustness-v4-factorial-r1/graphs/variants/yelpchi/r60_s2/camouflage_feature_oracle/0.15/seed_0/graph.bin,/kaggle/working/gfd-robustness-v4-factorial-r1/graphs/variants/yelpchi/r60_s2/camouflage_feature_oracle/0.15/seed_0/graph.bin,ok,
gfd_robustness_benchmark_v4_factorial,yelpchi,r60_s2,0,4,camouflage_feature_oracle,0.15,mlp,train_clean_eval_all,0.7665152764735296,0.4137716097619246,0.6488987540531803,0.6817144751548767,0.0853299360023811,100,100,0.7873558433879992,roc_auc,max_epochs,45954,8051348,175.2045135498047,175.0,175.2045135498047,175.0,0.2268800139427185,0.1452974677085876,/kaggle/working/gfd-robustness-v4-factorial-r1/graphs/base/yelpchi/r60_s2/graph.bin,/kaggle/working/gfd-robustness-v4-factorial-r1/graphs/variants/yelpchi/r60_s2/camouflage_feature_oracle/0.15/seed_0/graph.bin,/kaggle/working/gfd-robustness-v4-factorial-r1/graphs/base/yelpchi/r60_s2/graph.bin,ok,
gfd_robustness_benchmark_v4_factorial,yelpchi,r60_s2,0,4,camouflage_feature_oracle,0.15,mlp,train_on_variant,0.7649307101174433,0.4106904460646357,0.6494843876717062,0.6476601362228394,1.874775919000968,100,100,0.7376807157825475,roc_auc,max_epochs,45954,8051348,175.2045135498047,175.0,175.2045135498047,175.0,0.2268800139427185,0.1452974677085876,/kaggle/working/gfd-robustness-v4-factorial-r1/graphs/base/yelpchi/r60_s2/graph.bin,/kaggle/working/gfd-robustness-v4-factorial-r1/graphs/variants/yelpchi/r60_s2/camouflage_feature_oracle/0.15/seed_0/graph.bin,/kaggle/working/gfd-robustness-v4-factorial-r1/graphs/variants/yelpchi/r60_s2/camouflage_feature_oracle/0.15/seed_0/graph.bin,ok,
gfd_robustness_benchmark_v4_factorial,yelpchi,r60_s2,0,4,camouflage_feature_oracle,0.15,pmp,train_clean_eval_all,0.8332319894325402,0.5745695434779712,0.7245803036642693,0.2757417559623718,0.2874729329996626,76,66,0.8606669098381956,roc_auc,early_stopping,45954,8051348,175.2045135498047,175.0,175.2045135498047,175.0,0.2268800139427185,0.1452974677085876,/kaggle/working/gfd-robustness-v4-factorial-r1/graphs/base/yelpchi/r60_s2/graph.bin,/kaggle/working/gfd-robustness-v4-factorial-r1/graphs/variants/yelpchi/r60_s2/camouflage_feature_oracle/0.15/seed_0/graph.bin,/kaggle/working/gfd-robustness-v4-factorial-r1/graphs/base/yelpchi/r60_s2/graph.bin,ok,
gfd_robustness_benchmark_v4_factorial,yelpchi,r60_s2,0,4,camouflage_feature_oracle,0.15,pmp,train_on_variant,0.8222501185256778,0.5356454478689319,0.7064013288264485,0.1997877955436706,42.59519781199924,51,41,0.8044625313202545,roc_auc,early_stopping,45954,8051348,175.2045135498047,175.0,175.2045135498047,175.0,0.2268800139427185,0.1452974677085876,/kaggle/working/gfd-robustness-v4-factorial-r1/graphs/base/yelpchi/r60_s2/graph.bin,/kaggle/working/gfd-robustness-v4-factorial-r1/graphs/variants/yelpchi/r60_s2/camouflage_feature_oracle/0.15/seed_0/graph.bin,/kaggle/working/gfd-robustness-v4-factorial-r1/graphs/variants/yelpchi/r60_s2/camouflage_feature_oracle/0.15/seed_0/graph.bin,ok,
gfd_robustness_benchmark_v4_factorial,yelpchi,r60_s2,0,4,camouflage_feature_oracle,0.15,sage,train_clean_eval_all,0.7661617002756198,0.4185540946955152,0.654404470379118,0.695338249206543,0.1328660319995833,100,100,0.7833725030217639,roc_auc,max_epochs,45954,8051348,175.2045135498047,175.0,175.2045135498047,175.0,0.2268800139427185,0.1452974677085876,/kaggle/working/gfd-robustness-v4-factorial-r1/graphs/base/yelpchi/r60_s2/graph.bin,/kaggle/working/gfd-robustness-v4-factorial-r1/graphs/variants/yelpchi/r60_s2/camouflage_feature_oracle/0.15/seed_0/graph.bin,/kaggle/working/gfd-robustness-v4-factorial-r1/graphs/base/yelpchi/r60_s2/graph.bin,ok,
gfd_robustness_benchmark_v4_factorial,yelpchi,r60_s2,0,4,camouflage_feature_oracle,0.15,sage,train_on_variant,0.7623995580630999,0.4095503341076646,0.6466596927070687,0.5938686728477478,3.322998635998374,100,99,0.734744205007903,roc_auc,max_epochs,45954,8051348,175.2045135498047,175.0,175.2045135498047,175.0,0.2268800139427185,0.1452974677085876,/kaggle/working/gfd-robustness-v4-factorial-r1/graphs/base/yelpchi/r60_s2/graph.bin,/kaggle/working/gfd-robustness-v4-factorial-r1/graphs/variants/yelpchi/r60_s2/camouflage_feature_oracle/0.15/seed_0/graph.bin,/kaggle/working/gfd-robustness-v4-factorial-r1/graphs/variants/yelpchi/r60_s2/camouflage_feature_oracle/0.15/seed_0/graph.bin,ok,
gfd_robustness_benchmark_v4_factorial,yelpchi,r60_s2,0,4,camouflage_feature_oracle,0.15,secgfd,train_clean_eval_all,0.7667014018043343,0.4122790560782639,0.6520398413455506,0.7039106488227844,0.1534133800014387,50,50,0.786382585104075,roc_auc,max_epochs,45954,8051348,175.2045135498047,175.0,175.2045135498047,175.0,0.2268800139427185,0.1452974677085876,/kaggle/working/gfd-robustness-v4-factorial-r1/graphs/base/yelpchi/r60_s2/graph.bin,/kaggle/working/gfd-robustness-v4-factorial-r1/graphs/variants/yelpchi/r60_s2/camouflage_feature_oracle/0.15/seed_0/graph.bin,/kaggle/working/gfd-robustness-v4-factorial-r1/graphs/base/yelpchi/r60_s2/graph.bin,ok,
gfd_robustness_benchmark_v4_factorial,yelpchi,r60_s2,0,4,camouflage_feature_oracle,0.15,secgfd,train_on_variant,0.7638308699556081,0.4141445862162632,0.6481123926555313,0.6460187435150146,4.764269675000833,50,49,0.736800863974138,roc_auc,max_epochs,45954,8051348,175.2045135498047,175.0,175.2045135498047,175.0,0.2268800139427185,0.1452974677085876,/kaggle/working/gfd-robustness-v4-factorial-r1/graphs/base/yelpchi/r60_s2/graph.bin,/kaggle/working/gfd-robustness-v4-factorial-r1/graphs/variants/yelpchi/r60_s2/camouflage_feature_oracle/0.15/seed_0/graph.bin,/kaggle/working/gfd-robustness-v4-factorial-r1/graphs/variants/yelpchi/r60_s2/camouflage_feature_oracle/0.15/seed_0/graph.bin,ok,
gfd_robustness_benchmark_v4_factorial,yelpchi,r60_s2,1,0,camouflage_feature_oracle,0.15,mlp,train_clean_eval_all,0.7626347038611169,0.4085227343281823,0.653055060155725,0.6971318125724792,0.079199535997759,100,100,0.7956221495886349,roc_auc,max_epochs,45954,8051348,175.2045135498047,175.0,175.2045135498047,175.0,0.2268800139427185,0.1452974677085876,/kaggle/working/gfd-robustness-v4-factorial-r1/graphs/base/yelpchi/r60_s2/graph.bin,/kaggle/working/gfd-robustness-v4-factorial-r1/graphs/variants/yelpchi/r60_s2/camouflage_feature_oracle/0.15/seed_1/graph.bin,/kaggle/working/gfd-robustness-v4-factorial-r1/graphs/base/yelpchi/r60_s2/graph.bin,ok,
gfd_robustness_benchmark_v4_factorial,yelpchi,r60_s2,1,0,camouflage_feature_oracle,0.15,mlp,train_on_variant,0.7601561451943364,0.4040401548813715,0.6485426918532278,0.6728412508964539,1.932446995000646,100,100,0.7431784426055591,roc_auc,max_epochs,45954,8051348,175.2045135498047,175.0,175.2045135498047,175.0,0.2268800139427185,0.1452974677085876,/kaggle/working/gfd-robustness-v4-factorial-r1/graphs/base/yelpchi/r60_s2/graph.bin,/kaggle/working/gfd-robustness-v4-factorial-r1/graphs/variants/yelpchi/r60_s2/camouflage_feature_oracle/0.15/seed_1/graph.bin,/kaggle/working/gfd-robustness-v4-factorial-r1/graphs/variants/yelpchi/r60_s2/camouflage_feature_oracle/0.15/seed_1/graph.bin,ok,
gfd_robustness_benchmark_v4_factorial,yelpchi,r60_s2,1,0,camouflage_feature_oracle,0.15,pmp,train_clean_eval_all,0.80861290085308,0.5383903001613637,0.7003919770045451,0.2557673752307892,0.3131705300002068,55,45,0.8496737448653855,roc_auc,early_stopping,45954,8051348,175.2045135498047,175.0,175.2045135498047,175.0,0.2268800139427185,0.1452974677085876,/kaggle/working/gfd-robustness-v4-factorial-r1/graphs/base/yelpchi/r60_s2/graph.bin,/kaggle/working/gfd-robustness-v4-factorial-r1/graphs/variants/yelpchi/r60_s2/camouflage_feature_oracle/0.15/seed_1/graph.bin,/kaggle/working/gfd-robustness-v4-factorial-r1/graphs/base/yelpchi/r60_s2/graph.bin,ok,
gfd_robustness_benchmark_v4_factorial,yelpchi,r60_s2,1,0,camouflage_feature_oracle,0.15,pmp,train_on_variant,0.809097722325207,0.5290839146982652,0.7039707014865313,0.2312834113836288,45.26536472799853,55,45,0.7978148892496728,roc_auc,early_stopping,45954,8051348,175.2045135498047,175.0,175.2045135498047,175.0,0.2268800139427185,0.1452974677085876,/kaggle/working/gfd-robustness-v4-factorial-r1/graphs/base/yelpchi/r60_s2/graph.bin,/kaggle/working/gfd-robustness-v4-factorial-r1/graphs/variants/yelpchi/r60_s2/camouflage_feature_oracle/0.15/seed_1/graph.bin,/kaggle/working/gfd-robustness-v4-factorial-r1/graphs/variants/yelpchi/r60_s2/camouflage_feature_oracle/0.15/seed_1/graph.bin,ok,
gfd_robustness_benchmark_v4_factorial,yelpchi,r60_s2,1,0,camouflage_feature_oracle,0.15,sage,train_clean_eval_all,0.7644891924399673,0.4171605378946845,0.6563246081411502,0.6634995937347412,0.1132052570028463,100,100,0.7932715868372682,roc_auc,max_epochs,45954,8051348,175.2045135498047,175.0,175.2045135498047,175.0,0.2268800139427185,0.1452974677085876,/kaggle/working/gfd-robustness-v4-factorial-r1/graphs/base/yelpchi/r60_s2/graph.bin,/kaggle/working/gfd-robustness-v4-factorial-r1/graphs/variants/yelpchi/r60_s2/camouflage_feature_oracle/0.15/seed_1/graph.bin,/kaggle/working/gfd-robustness-v4-factorial-r1/graphs/base/yelpchi/r60_s2/graph.bin,ok,
gfd_robustness_benchmark_v4_factorial,yelpchi,r60_s2,1,0,camouflage_feature_oracle,0.15,sage,train_on_variant,0.7603016345110187,0.4086558975783377,0.6479195864791958,0.6299324035644531,3.3062287009997817,100,100,0.7418566384635373,roc_auc,max_epochs,45954,8051348,175.2045135498047,175.0,175.2045135498047,175.0,0.2268800139427185,0.1452974677085876,/kaggle/working/gfd-robustness-v4-factorial-r1/graphs/base/yelpchi/r60_s2/graph.bin,/kaggle/working/gfd-robustness-v4-factorial-r1/graphs/variants/yelpchi/r60_s2/camouflage_feature_oracle/0.15/seed_1/graph.bin,/kaggle/working/gfd-robustness-v4-factorial-r1/graphs/variants/yelpchi/r60_s2/camouflage_feature_oracle/0.15/seed_1/graph.bin,ok,
gfd_robustness_benchmark_v4_factorial,yelpchi,r60_s2,1,0,camouflage_feature_oracle,0.15,secgfd,train_clean_eval_all,0.769680312237033,0.4302835477148805,0.6615064275366568,0.6121960878372192,0.1638177649983845,50,50,0.8036778501729617,roc_auc,max_epochs,45954,8051348,175.2045135498047,175.0,175.2045135498047,175.0,0.2268800139427185,0.1452974677085876,/kaggle/working/gfd-robustness-v4-factorial-r1/graphs/base/yelpchi/r60_s2/graph.bin,/kaggle/working/gfd-robustness-v4-factorial-r1/graphs/variants/yelpchi/r60_s2/camouflage_feature_oracle/0.15/seed_1/graph.bin,/kaggle/working/gfd-robustness-v4-factorial-r1/graphs/base/yelpchi/r60_s2/graph.bin,ok,
gfd_robustness_benchmark_v4_factorial,yelpchi,r60_s2,1,0,camouflage_feature_oracle,0.15,secgfd,train_on_variant,0.8011019076917448,0.4972916694615781,0.6891157846175595,0.6869282722473145,4.786880594998365,50,49,0.7834717742223876,roc_auc,max_epochs,45954,8051348,175.2045135498047,175.0,175.2045135498047,175.0,0.2268800139427185,0.1452974677085876,/kaggle/working/gfd-robustness-v4-factorial-r1/graphs/base/yelpchi/r60_s2/graph.bin,/kaggle/working/gfd-robustness-v4-factorial-r1/graphs/variants/yelpchi/r60_s2/camouflage_feature_oracle/0.15/seed_1/graph.bin,/kaggle/working/gfd-robustness-v4-factorial-r1/graphs/variants/yelpchi/r60_s2/camouflage_feature_oracle/0.15/seed_1/graph.bin,ok,
gfd_robustness_benchmark_v4_factorial,yelpchi,r60_s2,1,1,camouflage_feature_oracle,0.15,mlp,train_clean_eval_all,0.756027611909582,0.4001172233069667,0.6413227781298492,0.655698835849762,0.0919786359991121,100,100,0.7890084561707159,roc_auc,max_epochs,45954,8051348,175.2045135498047,175.0,175.2045135498047,175.0,0.2268800139427185,0.1452974677085876,/kaggle/working/gfd-robustness-v4-factorial-r1/graphs/base/yelpchi/r60_s2/graph.bin,/kaggle/working/gfd-robustness-v4-factorial-r1/graphs/variants/yelpchi/r60_s2/camouflage_feature_oracle/0.15/seed_1/graph.bin,/kaggle/working/gfd-robustness-v4-factorial-r1/graphs/base/yelpchi/r60_s2/graph.bin,ok,
gfd_robustness_benchmark_v4_factorial,yelpchi,r60_s2,1,1,camouflage_feature_oracle,0.15,mlp,train_on_variant,0.7556523599948779,0.398310130030781,0.642585070180252,0.6594977378845215,1.897795558001235,100,100,0.7395668209137051,roc_auc,max_epochs,45954,8051348,175.2045135498047,175.0,175.2045135498047,175.0,0.2268800139427185,0.1452974677085876,/kaggle/working/gfd-robustness-v4-factorial-r1/graphs/base/yelpchi/r60_s2/graph.bin,/kaggle/working/gfd-robustness-v4-factorial-r1/graphs/variants/yelpchi/r60_s2/camouflage_feature_oracle/0.15/seed_1/graph.bin,/kaggle/working/gfd-robustness-v4-factorial-r1/graphs/variants/yelpchi/r60_s2/camouflage_feature_oracle/0.15/seed_1/graph.bin,ok,
gfd_robustness_benchmark_v4_factorial,yelpchi,r60_s2,1,1,camouflage_feature_oracle,0.15,pmp,train_clean_eval_all,0.8120157978340671,0.5461742946102514,0.7157531016659239,0.4313299655914306,0.3083528120005212,59,49,0.8501764424005321,roc_auc,early_stopping,45954,8051348,175.2045135498047,175.0,175.2045135498047,175.0,0.2268800139427185,0.1452974677085876,/kaggle/working/gfd-robustness-v4-factorial-r1/graphs/base/yelpchi/r60_s2/graph.bin,/kaggle/working/gfd-robustness-v4-factorial-r1/graphs/variants/yelpchi/r60_s2/camouflage_feature_oracle/0.15/seed_1/graph.bin,/kaggle/working/gfd-robustness-v4-factorial-r1/graphs/base/yelpchi/r60_s2/graph.bin,ok,
gfd_robustness_benchmark_v4_factorial,yelpchi,r60_s2,1,1,camouflage_feature_oracle,0.15,pmp,train_on_variant,0.8085225297876751,0.5269297388933106,0.7042929558282651,0.2468411177396774,56.56719678800073,69,59,0.7955046643636893,roc_auc,early_stopping,45954,8051348,175.2045135498047,175.0,175.2045135498047,175.0,0.2268800139427185,0.1452974677085876,/kaggle/working/gfd-robustness-v4-factorial-r1/graphs/base/yelpchi/r60_s2/graph.bin,/kaggle/working/gfd-robustness-v4-factorial-r1/graphs/variants/yelpchi/r60_s2/camouflage_feature_oracle/0.15/seed_1/graph.bin,/kaggle/working/gfd-robustness-v4-factorial-r1/graphs/variants/yelpchi/r60_s2/camouflage_feature_oracle/0.15/seed_1/graph.bin,ok,
gfd_robustness_benchmark_v4_factorial,yelpchi,r60_s2,1,1,camouflage_feature_oracle,0.15,sage,train_clean_eval_all,0.6028512761899826,0.1891046286638991,0.5377447391502903,0.2929745614528656,0.1119146319979336,23,13,0.6051568098756249,roc_auc,early_stopping,45954,8051348,175.2045135498047,175.0,175.2045135498047,175.0,0.2268800139427185,0.1452974677085876,/kaggle/working/gfd-robustness-v4-factorial-r1/graphs/base/yelpchi/r60_s2/graph.bin,/kaggle/working/gfd-robustness-v4-factorial-r1/graphs/variants/yelpchi/r60_s2/camouflage_feature_oracle/0.15/seed_1/graph.bin,/kaggle/working/gfd-robustness-v4-factorial-r1/graphs/base/yelpchi/r60_s2/graph.bin,ok,
gfd_robustness_benchmark_v4_factorial,yelpchi,r60_s2,1,1,camouflage_feature_oracle,0.15,sage,train_on_variant,0.593697597168189,0.1836288791997475,0.5321491602128489,0.2853287160396576,0.9085299510006736,23,13,0.5817641856018615,roc_auc,early_stopping,45954,8051348,175.2045135498047,175.0,175.2045135498047,175.0,0.2268800139427185,0.1452974677085876,/kaggle/working/gfd-robustness-v4-factorial-r1/graphs/base/yelpchi/r60_s2/graph.bin,/kaggle/working/gfd-robustness-v4-factorial-r1/graphs/variants/yelpchi/r60_s2/camouflage_feature_oracle/0.15/seed_1/graph.bin,/kaggle/working/gfd-robustness-v4-factorial-r1/graphs/variants/yelpchi/r60_s2/camouflage_feature_oracle/0.15/seed_1/graph.bin,ok,
gfd_robustness_benchmark_v4_factorial,yelpchi,r60_s2,1,1,camouflage_feature_oracle,0.15,secgfd,train_clean_eval_all,0.755878216199983,0.4050189297969671,0.643568070133535,0.6578896045684814,0.1860199639995698,50,50,0.7875019370281101,roc_auc,max_epochs,45954,8051348,175.2045135498047,175.0,175.2045135498047,175.0,0.2268800139427185,0.1452974677085876,/kaggle/working/gfd-robustness-v4-factorial-r1/graphs/base/yelpchi/r60_s2/graph.bin,/kaggle/working/gfd-robustness-v4-factorial-r1/graphs/variants/yelpchi/r60_s2/camouflage_feature_oracle/0.15/seed_1/graph.bin,/kaggle/working/gfd-robustness-v4-factorial-r1/graphs/base/yelpchi/r60_s2/graph.bin,ok,
gfd_robustness_benchmark_v4_factorial,yelpchi,r60_s2,1,1,camouflage_feature_oracle,0.15,secgfd,train_on_variant,0.7584162759003378,0.4084103862000677,0.657878119365283,0.6264997720718384,4.818592545998399,50,47,0.7431627079772182,roc_auc,max_epochs,45954,8051348,175.2045135498047,175.0,175.2045135498047,175.0,0.2268800139427185,0.1452974677085876,/kaggle/working/gfd-robustness-v4-factorial-r1/graphs/base/yelpchi/r60_s2/graph.bin,/kaggle/working/gfd-robustness-v4-factorial-r1/graphs/variants/yelpchi/r60_s2/camouflage_feature_oracle/0.15/seed_1/graph.bin,/kaggle/working/gfd-robustness-v4-factorial-r1/graphs/variants/yelpchi/r60_s2/camouflage_feature_oracle/0.15/seed_1/graph.bin,ok,
gfd_robustness_benchmark_v4_factorial,yelpchi,r60_s2,1,2,camouflage_feature_oracle,0.15,mlp,train_clean_eval_all,0.7594080709507665,0.4022052078565389,0.6443073834532137,0.6557482481002808,0.0956786690003355,100,100,0.7907452730554025,roc_auc,max_epochs,45954,8051348,175.2045135498047,175.0,175.2045135498047,175.0,0.2268800139427185,0.1452974677085876,/kaggle/working/gfd-robustness-v4-factorial-r1/graphs/base/yelpchi/r60_s2/graph.bin,/kaggle/working/gfd-robustness-v4-factorial-r1/graphs/variants/yelpchi/r60_s2/camouflage_feature_oracle/0.15/seed_1/graph.bin,/kaggle/working/gfd-robustness-v4-factorial-r1/graphs/base/yelpchi/r60_s2/graph.bin,ok,
gfd_robustness_benchmark_v4_factorial,yelpchi,r60_s2,1,2,camouflage_feature_oracle,0.15,mlp,train_on_variant,0.757039653508665,0.3987727587360462,0.6442354297219124,0.6591957211494446,1.8208302900020497,100,100,0.738824480220857,roc_auc,max_epochs,45954,8051348,175.2045135498047,175.0,175.2045135498047,175.0,0.2268800139427185,0.1452974677085876,/kaggle/working/gfd-robustness-v4-factorial-r1/graphs/base/yelpchi/r60_s2/graph.bin,/kaggle/working/gfd-robustness-v4-factorial-r1/graphs/variants/yelpchi/r60_s2/camouflage_feature_oracle/0.15/seed_1/graph.bin,/kaggle/working/gfd-robustness-v4-factorial-r1/graphs/variants/yelpchi/r60_s2/camouflage_feature_oracle/0.15/seed_1/graph.bin,ok,
gfd_robustness_benchmark_v4_factorial,yelpchi,r60_s2,1,2,camouflage_feature_oracle,0.15,pmp,train_clean_eval_all,0.8045948422655707,0.5200282236304763,0.6995482101195404,0.1901807934045791,0.3038727370003471,40,30,0.8440517144784805,roc_auc,early_stopping,45954,8051348,175.2045135498047,175.0,175.2045135498047,175.0,0.2268800139427185,0.1452974677085876,/kaggle/working/gfd-robustness-v4-factorial-r1/graphs/base/yelpchi/r60_s2/graph.bin,/kaggle/working/gfd-robustness-v4-factorial-r1/graphs/variants/yelpchi/r60_s2/camouflage_feature_oracle/0.15/seed_1/graph.bin,/kaggle/working/gfd-robustness-v4-factorial-r1/graphs/base/yelpchi/r60_s2/graph.bin,ok,
gfd_robustness_benchmark_v4_factorial,yelpchi,r60_s2,1,2,camouflage_feature_oracle,0.15,pmp,train_on_variant,0.8094351965620693,0.5263577934981427,0.707098640968175,0.2274351119995117,49.74067633699815,61,51,0.7927744679430788,roc_auc,early_stopping,45954,8051348,175.2045135498047,175.0,175.2045135498047,175.0,0.2268800139427185,0.1452974677085876,/kaggle/working/gfd-robustness-v4-factorial-r1/graphs/base/yelpchi/r60_s2/graph.bin,/kaggle/working/gfd-robustness-v4-factorial-r1/graphs/variants/yelpchi/r60_s2/camouflage_feature_oracle/0.15/seed_1/graph.bin,/kaggle/working/gfd-robustness-v4-factorial-r1/graphs/variants/yelpchi/r60_s2/camouflage_feature_oracle/0.15/seed_1/graph.bin,ok,
gfd_robustness_benchmark_v4_factorial,yelpchi,r60_s2,1,2,camouflage_feature_oracle,0.15,sage,train_clean_eval_all,0.7609550501847628,0.4146327125429114,0.6521413926899472,0.6589797139167786,0.1455639849991712,100,100,0.7880997098629895,roc_auc,max_epochs,45954,8051348,175.2045135498047,175.0,175.2045135498047,175.0,0.2268800139427185,0.1452974677085876,/kaggle/working/gfd-robustness-v4-factorial-r1/graphs/base/yelpchi/r60_s2/graph.bin,/kaggle/working/gfd-robustness-v4-factorial-r1/graphs/variants/yelpchi/r60_s2/camouflage_feature_oracle/0.15/seed_1/graph.bin,/kaggle/working/gfd-robustness-v4-factorial-r1/graphs/base/yelpchi/r60_s2/graph.bin,ok,
gfd_robustness_benchmark_v4_factorial,yelpchi,r60_s2,1,2,camouflage_feature_oracle,0.15,sage,train_on_variant,0.7573434946552923,0.4070649602319038,0.6443685917555974,0.6192327737808228,3.2252820920002705,100,100,0.735901606124108,roc_auc,max_epochs,45954,8051348,175.2045135498047,175.0,175.2045135498047,175.0,0.2268800139427185,0.1452974677085876,/kaggle/working/gfd-robustness-v4-factorial-r1/graphs/base/yelpchi/r60_s2/graph.bin,/kaggle/working/gfd-robustness-v4-factorial-r1/graphs/variants/yelpchi/r60_s2/camouflage_feature_oracle/0.15/seed_1/graph.bin,/kaggle/working/gfd-robustness-v4-factorial-r1/graphs/variants/yelpchi/r60_s2/camouflage_feature_oracle/0.15/seed_1/graph.bin,ok,
gfd_robustness_benchmark_v4_factorial,yelpchi,r60_s2,1,2,camouflage_feature_oracle,0.15,secgfd,train_clean_eval_all,0.7732773855293487,0.4479477749195418,0.669586513955597,0.7028029561042786,0.1879612550001184,50,46,0.8013154149293015,roc_auc,max_epochs,45954,8051348,175.2045135498047,175.0,175.2045135498047,175.0,0.2268800139427185,0.1452974677085876,/kaggle/working/gfd-robustness-v4-factorial-r1/graphs/base/yelpchi/r60_s2/graph.bin,/kaggle/working/gfd-robustness-v4-factorial-r1/graphs/variants/yelpchi/r60_s2/camouflage_feature_oracle/0.15/seed_1/graph.bin,/kaggle/working/gfd-robustness-v4-factorial-r1/graphs/base/yelpchi/r60_s2/graph.bin,ok,
gfd_robustness_benchmark_v4_factorial,yelpchi,r60_s2,1,2,camouflage_feature_oracle,0.15,secgfd,train_on_variant,0.7738029859324121,0.4492921584368539,0.661295040318991,0.6642178297042847,4.825051421001263,50,47,0.7484767687748685,roc_auc,max_epochs,45954,8051348,175.2045135498047,175.0,175.2045135498047,175.0,0.2268800139427185,0.1452974677085876,/kaggle/working/gfd-robustness-v4-factorial-r1/graphs/base/yelpchi/r60_s2/graph.bin,/kaggle/working/gfd-robustness-v4-factorial-r1/graphs/variants/yelpchi/r60_s2/camouflage_feature_oracle/0.15/seed_1/graph.bin,/kaggle/working/gfd-robustness-v4-factorial-r1/graphs/variants/yelpchi/r60_s2/camouflage_feature_oracle/0.15/seed_1/graph.bin,ok,
gfd_robustness_benchmark_v4_factorial,yelpchi,r60_s2,1,3,camouflage_feature_oracle,0.15,mlp,train_clean_eval_all,0.758172078704099,0.3952205292392845,0.644009375939392,0.6678695678710938,0.101294620999397,100,100,0.7883936613288132,roc_auc,max_epochs,45954,8051348,175.2045135498047,175.0,175.2045135498047,175.0,0.2268800139427185,0.1452974677085876,/kaggle/working/gfd-robustness-v4-factorial-r1/graphs/base/yelpchi/r60_s2/graph.bin,/kaggle/working/gfd-robustness-v4-factorial-r1/graphs/variants/yelpchi/r60_s2/camouflage_feature_oracle/0.15/seed_1/graph.bin,/kaggle/working/gfd-robustness-v4-factorial-r1/graphs/base/yelpchi/r60_s2/graph.bin,ok,
gfd_robustness_benchmark_v4_factorial,yelpchi,r60_s2,1,3,camouflage_feature_oracle,0.15,mlp,train_on_variant,0.7537700502762296,0.3903318801759247,0.6381028194947367,0.639961838722229,1.8159634090006875,100,100,0.7359414195018799,roc_auc,max_epochs,45954,8051348,175.2045135498047,175.0,175.2045135498047,175.0,0.2268800139427185,0.1452974677085876,/kaggle/working/gfd-robustness-v4-factorial-r1/graphs/base/yelpchi/r60_s2/graph.bin,/kaggle/working/gfd-robustness-v4-factorial-r1/graphs/variants/yelpchi/r60_s2/camouflage_feature_oracle/0.15/seed_1/graph.bin,/kaggle/working/gfd-robustness-v4-factorial-r1/graphs/variants/yelpchi/r60_s2/camouflage_feature_oracle/0.15/seed_1/graph.bin,ok,
gfd_robustness_benchmark_v4_factorial,yelpchi,r60_s2,1,3,camouflage_feature_oracle,0.15,pmp,train_clean_eval_all,0.8158845083509153,0.5478300391550086,0.710230807694092,0.2736212313175201,0.2893386729992926,69,59,0.8491953168024374,roc_auc,early_stopping,45954,8051348,175.2045135498047,175.0,175.2045135498047,175.0,0.2268800139427185,0.1452974677085876,/kaggle/working/gfd-robustness-v4-factorial-r1/graphs/base/yelpchi/r60_s2/graph.bin,/kaggle/working/gfd-robustness-v4-factorial-r1/graphs/variants/yelpchi/r60_s2/camouflage_feature_oracle/0.15/seed_1/graph.bin,/kaggle/working/gfd-robustness-v4-factorial-r1/graphs/base/yelpchi/r60_s2/graph.bin,ok,
gfd_robustness_benchmark_v4_factorial,yelpchi,r60_s2,1,3,camouflage_feature_oracle,0.15,pmp,train_on_variant,0.8122345558374087,0.5297161393987466,0.7087521952186349,0.2911906540393829,51.79923318799774,63,53,0.8037092717489516,roc_auc,early_stopping,45954,8051348,175.2045135498047,175.0,175.2045135498047,175.0,0.2268800139427185,0.1452974677085876,/kaggle/working/gfd-robustness-v4-factorial-r1/graphs/base/yelpchi/r60_s2/graph.bin,/kaggle/working/gfd-robustness-v4-factorial-r1/graphs/variants/yelpchi/r60_s2/camouflage_feature_oracle/0.15/seed_1/graph.bin,/kaggle/working/gfd-robustness-v4-factorial-r1/graphs/variants/yelpchi/r60_s2/camouflage_feature_oracle/0.15/seed_1/graph.bin,ok,
gfd_robustness_benchmark_v4_factorial,yelpchi,r60_s2,1,3,camouflage_feature_oracle,0.15,sage,train_clean_eval_all,0.752490992429601,0.4031250277034061,0.6434887078551159,0.6763745546340942,0.1589064450017758,100,100,0.7781531837590027,roc_auc,max_epochs,45954,8051348,175.2045135498047,175.0,175.2045135498047,175.0,0.2268800139427185,0.1452974677085876,/kaggle/working/gfd-robustness-v4-factorial-r1/graphs/base/yelpchi/r60_s2/graph.bin,/kaggle/working/gfd-robustness-v4-factorial-r1/graphs/variants/yelpchi/r60_s2/camouflage_feature_oracle/0.15/seed_1/graph.bin,/kaggle/working/gfd-robustness-v4-factorial-r1/graphs/base/yelpchi/r60_s2/graph.bin,ok,
gfd_robustness_benchmark_v4_factorial,yelpchi,r60_s2,1,3,camouflage_feature_oracle,0.15,sage,train_on_variant,0.7567115165036525,0.4081622608793636,0.6456897518853519,0.6335127949714661,3.241253043001052,100,100,0.7365164486467027,roc_auc,max_epochs,45954,8051348,175.2045135498047,175.0,175.2045135498047,175.0,0.2268800139427185,0.1452974677085876,/kaggle/working/gfd-robustness-v4-factorial-r1/graphs/base/yelpchi/r60_s2/graph.bin,/kaggle/working/gfd-robustness-v4-factorial-r1/graphs/variants/yelpchi/r60_s2/camouflage_feature_oracle/0.15/seed_1/graph.bin,/kaggle/working/gfd-robustness-v4-factorial-r1/graphs/variants/yelpchi/r60_s2/camouflage_feature_oracle/0.15/seed_1/graph.bin,ok,
gfd_robustness_benchmark_v4_factorial,yelpchi,r60_s2,1,3,camouflage_feature_oracle,0.15,secgfd,train_clean_eval_all,0.7707640980767589,0.4377437697457598,0.6614537873415938,0.6787847280502319,0.1951699229975929,50,50,0.7989556498043899,roc_auc,max_epochs,45954,8051348,175.2045135498047,175.0,175.2045135498047,175.0,0.2268800139427185,0.1452974677085876,/kaggle/working/gfd-robustness-v4-factorial-r1/graphs/base/yelpchi/r60_s2/graph.bin,/kaggle/working/gfd-robustness-v4-factorial-r1/graphs/variants/yelpchi/r60_s2/camouflage_feature_oracle/0.15/seed_1/graph.bin,/kaggle/working/gfd-robustness-v4-factorial-r1/graphs/base/yelpchi/r60_s2/graph.bin,ok,
gfd_robustness_benchmark_v4_factorial,yelpchi,r60_s2,1,3,camouflage_feature_oracle,0.15,secgfd,train_on_variant,0.7605292533568301,0.4038620515855825,0.6426182557280118,0.6351553797721863,4.8628277690004325,50,50,0.7399863633221045,roc_auc,max_epochs,45954,8051348,175.2045135498047,175.0,175.2045135498047,175.0,0.2268800139427185,0.1452974677085876,/kaggle/working/gfd-robustness-v4-factorial-r1/graphs/base/yelpchi/r60_s2/graph.bin,/kaggle/working/gfd-robustness-v4-factorial-r1/graphs/variants/yelpchi/r60_s2/camouflage_feature_oracle/0.15/seed_1/graph.bin,/kaggle/working/gfd-robustness-v4-factorial-r1/graphs/variants/yelpchi/r60_s2/camouflage_feature_oracle/0.15/seed_1/graph.bin,ok,
gfd_robustness_benchmark_v4_factorial,yelpchi,r60_s2,1,4,camouflage_feature_oracle,0.15,mlp,train_clean_eval_all,0.7569594771759942,0.4014538927052019,0.641761064151956,0.6817144751548767,0.0865620749973459,100,100,0.7873558433879992,roc_auc,max_epochs,45954,8051348,175.2045135498047,175.0,175.2045135498047,175.0,0.2268800139427185,0.1452974677085876,/kaggle/working/gfd-robustness-v4-factorial-r1/graphs/base/yelpchi/r60_s2/graph.bin,/kaggle/working/gfd-robustness-v4-factorial-r1/graphs/variants/yelpchi/r60_s2/camouflage_feature_oracle/0.15/seed_1/graph.bin,/kaggle/working/gfd-robustness-v4-factorial-r1/graphs/base/yelpchi/r60_s2/graph.bin,ok,
gfd_robustness_benchmark_v4_factorial,yelpchi,r60_s2,1,4,camouflage_feature_oracle,0.15,mlp,train_on_variant,0.7544703903039136,0.3998894567709596,0.6400991439903034,0.6508417129516602,2.049346039002557,100,100,0.7359448048310077,roc_auc,max_epochs,45954,8051348,175.2045135498047,175.0,175.2045135498047,175.0,0.2268800139427185,0.1452974677085876,/kaggle/working/gfd-robustness-v4-factorial-r1/graphs/base/yelpchi/r60_s2/graph.bin,/kaggle/working/gfd-robustness-v4-factorial-r1/graphs/variants/yelpchi/r60_s2/camouflage_feature_oracle/0.15/seed_1/graph.bin,/kaggle/working/gfd-robustness-v4-factorial-r1/graphs/variants/yelpchi/r60_s2/camouflage_feature_oracle/0.15/seed_1/graph.bin,ok,
gfd_robustness_benchmark_v4_factorial,yelpchi,r60_s2,1,4,camouflage_feature_oracle,0.15,pmp,train_clean_eval_all,0.8196999585350684,0.5644019734163543,0.7229862246820684,0.2757417559623718,0.271387680000771,76,66,0.8606669098381956,roc_auc,early_stopping,45954,8051348,175.2045135498047,175.0,175.2045135498047,175.0,0.2268800139427185,0.1452974677085876,/kaggle/working/gfd-robustness-v4-factorial-r1/graphs/base/yelpchi/r60_s2/graph.bin,/kaggle/working/gfd-robustness-v4-factorial-r1/graphs/variants/yelpchi/r60_s2/camouflage_feature_oracle/0.15/seed_1/graph.bin,/kaggle/working/gfd-robustness-v4-factorial-r1/graphs/base/yelpchi/r60_s2/graph.bin,ok,
gfd_robustness_benchmark_v4_factorial,yelpchi,r60_s2,1,4,camouflage_feature_oracle,0.15,pmp,train_on_variant,0.8102862185506787,0.5349323887181487,0.7016559533530603,0.2229708284139633,47.55099142600011,59,49,0.7992556567180903,roc_auc,early_stopping,45954,8051348,175.2045135498047,175.0,175.2045135498047,175.0,0.2268800139427185,0.1452974677085876,/kaggle/working/gfd-robustness-v4-factorial-r1/graphs/base/yelpchi/r60_s2/graph.bin,/kaggle/working/gfd-robustness-v4-factorial-r1/graphs/variants/yelpchi/r60_s2/camouflage_feature_oracle/0.15/seed_1/graph.bin,/kaggle/working/gfd-robustness-v4-factorial-r1/graphs/variants/yelpchi/r60_s2/camouflage_feature_oracle/0.15/seed_1/graph.bin,ok,
gfd_robustness_benchmark_v4_factorial,yelpchi,r60_s2,1,4,camouflage_feature_oracle,0.15,sage,train_clean_eval_all,0.7555849508975938,0.4078960620027303,0.6498823199156417,0.695338249206543,0.1451284699978714,100,100,0.7833725030217639,roc_auc,max_epochs,45954,8051348,175.2045135498047,175.0,175.2045135498047,175.0,0.2268800139427185,0.1452974677085876,/kaggle/working/gfd-robustness-v4-factorial-r1/graphs/base/yelpchi/r60_s2/graph.bin,/kaggle/working/gfd-robustness-v4-factorial-r1/graphs/variants/yelpchi/r60_s2/camouflage_feature_oracle/0.15/seed_1/graph.bin,/kaggle/working/gfd-robustness-v4-factorial-r1/graphs/base/yelpchi/r60_s2/graph.bin,ok,
gfd_robustness_benchmark_v4_factorial,yelpchi,r60_s2,1,4,camouflage_feature_oracle,0.15,sage,train_on_variant,0.7555727076905253,0.3978625347338858,0.6427071212077651,0.6270840167999268,3.123241904999304,100,100,0.7370238188896597,roc_auc,max_epochs,45954,8051348,175.2045135498047,175.0,175.2045135498047,175.0,0.2268800139427185,0.1452974677085876,/kaggle/working/gfd-robustness-v4-factorial-r1/graphs/base/yelpchi/r60_s2/graph.bin,/kaggle/working/gfd-robustness-v4-factorial-r1/graphs/variants/yelpchi/r60_s2/camouflage_feature_oracle/0.15/seed_1/graph.bin,/kaggle/working/gfd-robustness-v4-factorial-r1/graphs/variants/yelpchi/r60_s2/camouflage_feature_oracle/0.15/seed_1/graph.bin,ok,
gfd_robustness_benchmark_v4_factorial,yelpchi,r60_s2,1,4,camouflage_feature_oracle,0.15,secgfd,train_clean_eval_all,0.7590889377050379,0.3980015460476621,0.6442287237814304,0.7039106488227844,0.1542396679978992,50,50,0.786382585104075,roc_auc,max_epochs,45954,8051348,175.2045135498047,175.0,175.2045135498047,175.0,0.2268800139427185,0.1452974677085876,/kaggle/working/gfd-robustness-v4-factorial-r1/graphs/base/yelpchi/r60_s2/graph.bin,/kaggle/working/gfd-robustness-v4-factorial-r1/graphs/variants/yelpchi/r60_s2/camouflage_feature_oracle/0.15/seed_1/graph.bin,/kaggle/working/gfd-robustness-v4-factorial-r1/graphs/base/yelpchi/r60_s2/graph.bin,ok,
gfd_robustness_benchmark_v4_factorial,yelpchi,r60_s2,1,4,camouflage_feature_oracle,0.15,secgfd,train_on_variant,0.7575172338622145,0.3950331173500669,0.6370696536629329,0.6347318291664124,4.739789667000878,50,50,0.7388859883134624,roc_auc,max_epochs,45954,8051348,175.2045135498047,175.0,175.2045135498047,175.0,0.2268800139427185,0.1452974677085876,/kaggle/working/gfd-robustness-v4-factorial-r1/graphs/base/yelpchi/r60_s2/graph.bin,/kaggle/working/gfd-robustness-v4-factorial-r1/graphs/variants/yelpchi/r60_s2/camouflage_feature_oracle/0.15/seed_1/graph.bin,/kaggle/working/gfd-robustness-v4-factorial-r1/graphs/variants/yelpchi/r60_s2/camouflage_feature_oracle/0.15/seed_1/graph.bin,ok,
gfd_robustness_benchmark_v4_factorial,yelpchi,r60_s2,0,0,camouflage_feature_oracle,0.3,mlp,train_clean_eval_all,0.7196754340097808,0.366660292048916,0.6311651004626575,0.6971318125724792,0.1009092729982512,100,100,0.7956221495886349,roc_auc,max_epochs,45954,8051348,175.2045135498047,175.0,175.2045135498047,175.0,0.2268800139427185,0.1452974677085876,/kaggle/working/gfd-robustness-v4-factorial-r1/graphs/base/yelpchi/r60_s2/graph.bin,/kaggle/working/gfd-robustness-v4-factorial-r1/graphs/variants/yelpchi/r60_s2/camouflage_feature_oracle/0.30/seed_0/graph.bin,/kaggle/working/gfd-robustness-v4-factorial-r1/graphs/base/yelpchi/r60_s2/graph.bin,ok,
gfd_robustness_benchmark_v4_factorial,yelpchi,r60_s2,0,0,camouflage_feature_oracle,0.3,mlp,train_on_variant,0.7116777614577363,0.3546518810533897,0.6196710258828068,0.607284426689148,1.943805308001174,100,100,0.7060894442100144,roc_auc,max_epochs,45954,8051348,175.2045135498047,175.0,175.2045135498047,175.0,0.2268800139427185,0.1452974677085876,/kaggle/working/gfd-robustness-v4-factorial-r1/graphs/base/yelpchi/r60_s2/graph.bin,/kaggle/working/gfd-robustness-v4-factorial-r1/graphs/variants/yelpchi/r60_s2/camouflage_feature_oracle/0.30/seed_0/graph.bin,/kaggle/working/gfd-robustness-v4-factorial-r1/graphs/variants/yelpchi/r60_s2/camouflage_feature_oracle/0.30/seed_0/graph.bin,ok,
gfd_robustness_benchmark_v4_factorial,yelpchi,r60_s2,0,0,camouflage_feature_oracle,0.3,pmp,train_clean_eval_all,0.7733924812035806,0.4811183576787605,0.6826329582719153,0.2557673752307892,0.3226152440001897,55,45,0.8496737448653855,roc_auc,early_stopping,45954,8051348,175.2045135498047,175.0,175.2045135498047,175.0,0.2268800139427185,0.1452974677085876,/kaggle/working/gfd-robustness-v4-factorial-r1/graphs/base/yelpchi/r60_s2/graph.bin,/kaggle/working/gfd-robustness-v4-factorial-r1/graphs/variants/yelpchi/r60_s2/camouflage_feature_oracle/0.30/seed_0/graph.bin,/kaggle/working/gfd-robustness-v4-factorial-r1/graphs/base/yelpchi/r60_s2/graph.bin,ok,
gfd_robustness_benchmark_v4_factorial,yelpchi,r60_s2,0,0,camouflage_feature_oracle,0.3,pmp,train_on_variant,0.781960534760418,0.487532599496117,0.6806192261063491,0.319294273853302,80.70969872400019,100,90,0.7857751807694233,roc_auc,early_stopping,45954,8051348,175.2045135498047,175.0,175.2045135498047,175.0,0.2268800139427185,0.1452974677085876,/kaggle/working/gfd-robustness-v4-factorial-r1/graphs/base/yelpchi/r60_s2/graph.bin,/kaggle/working/gfd-robustness-v4-factorial-r1/graphs/variants/yelpchi/r60_s2/camouflage_feature_oracle/0.30/seed_0/graph.bin,/kaggle/working/gfd-robustness-v4-factorial-r1/graphs/variants/yelpchi/r60_s2/camouflage_feature_oracle/0.30/seed_0/graph.bin,ok,
gfd_robustness_benchmark_v4_factorial,yelpchi,r60_s2,0,0,camouflage_feature_oracle,0.3,sage,train_clean_eval_all,0.718409000481725,0.3669017972728519,0.6301573204028503,0.6634995937347412,0.1274751549972279,100,100,0.7932715868372682,roc_auc,max_epochs,45954,8051348,175.2045135498047,175.0,175.2045135498047,175.0,0.2268800139427185,0.1452974677085876,/kaggle/working/gfd-robustness-v4-factorial-r1/graphs/base/yelpchi/r60_s2/graph.bin,/kaggle/working/gfd-robustness-v4-factorial-r1/graphs/variants/yelpchi/r60_s2/camouflage_feature_oracle/0.30/seed_0/graph.bin,/kaggle/working/gfd-robustness-v4-factorial-r1/graphs/base/yelpchi/r60_s2/graph.bin,ok,
gfd_robustness_benchmark_v4_factorial,yelpchi,r60_s2,0,0,camouflage_feature_oracle,0.3,sage,train_on_variant,0.7166640814602974,0.3615937065519396,0.6277203857417167,0.5766374468803406,3.3200869020001846,100,99,0.7148005159050869,roc_auc,max_epochs,45954,8051348,175.2045135498047,175.0,175.2045135498047,175.0,0.2268800139427185,0.1452974677085876,/kaggle/working/gfd-robustness-v4-factorial-r1/graphs/base/yelpchi/r60_s2/graph.bin,/kaggle/working/gfd-robustness-v4-factorial-r1/graphs/variants/yelpchi/r60_s2/camouflage_feature_oracle/0.30/seed_0/graph.bin,/kaggle/working/gfd-robustness-v4-factorial-r1/graphs/variants/yelpchi/r60_s2/camouflage_feature_oracle/0.30/seed_0/graph.bin,ok,
gfd_robustness_benchmark_v4_factorial,yelpchi,r60_s2,0,0,camouflage_feature_oracle,0.3,secgfd,train_clean_eval_all,0.7237735260131468,0.3843185160284306,0.6393587826478846,0.6121960878372192,0.1711610029997246,50,50,0.8036778501729617,roc_auc,max_epochs,45954,8051348,175.2045135498047,175.0,175.2045135498047,175.0,0.2268800139427185,0.1452974677085876,/kaggle/working/gfd-robustness-v4-factorial-r1/graphs/base/yelpchi/r60_s2/graph.bin,/kaggle/working/gfd-robustness-v4-factorial-r1/graphs/variants/yelpchi/r60_s2/camouflage_feature_oracle/0.30/seed_0/graph.bin,/kaggle/working/gfd-robustness-v4-factorial-r1/graphs/base/yelpchi/r60_s2/graph.bin,ok,
gfd_robustness_benchmark_v4_factorial,yelpchi,r60_s2,0,0,camouflage_feature_oracle,0.3,secgfd,train_on_variant,0.7680463919411685,0.4556987104263427,0.6637892796735962,0.6087048053741455,4.749936913998681,50,50,0.7636192506025647,roc_auc,max_epochs,45954,8051348,175.2045135498047,175.0,175.2045135498047,175.0,0.2268800139427185,0.1452974677085876,/kaggle/working/gfd-robustness-v4-factorial-r1/graphs/base/yelpchi/r60_s2/graph.bin,/kaggle/working/gfd-robustness-v4-factorial-r1/graphs/variants/yelpchi/r60_s2/camouflage_feature_oracle/0.30/seed_0/graph.bin,/kaggle/working/gfd-robustness-v4-factorial-r1/graphs/variants/yelpchi/r60_s2/camouflage_feature_oracle/0.30/seed_0/graph.bin,ok,
gfd_robustness_benchmark_v4_factorial,yelpchi,r60_s2,0,1,camouflage_feature_oracle,0.3,mlp,train_clean_eval_all,0.7119851755247143,0.3599237109519545,0.6189800092239117,0.655698835849762,0.0857972579979104,100,100,0.7890084561707159,roc_auc,max_epochs,45954,8051348,175.2045135498047,175.0,175.2045135498047,175.0,0.2268800139427185,0.1452974677085876,/kaggle/working/gfd-robustness-v4-factorial-r1/graphs/base/yelpchi/r60_s2/graph.bin,/kaggle/working/gfd-robustness-v4-factorial-r1/graphs/variants/yelpchi/r60_s2/camouflage_feature_oracle/0.30/seed_0/graph.bin,/kaggle/working/gfd-robustness-v4-factorial-r1/graphs/base/yelpchi/r60_s2/graph.bin,ok,
gfd_robustness_benchmark_v4_factorial,yelpchi,r60_s2,0,1,camouflage_feature_oracle,0.3,mlp,train_on_variant,0.7089621514354184,0.3540378736433678,0.6200011353668609,0.6211293339729309,1.9262569319980685,100,100,0.7045442560262435,roc_auc,max_epochs,45954,8051348,175.2045135498047,175.0,175.2045135498047,175.0,0.2268800139427185,0.1452974677085876,/kaggle/working/gfd-robustness-v4-factorial-r1/graphs/base/yelpchi/r60_s2/graph.bin,/kaggle/working/gfd-robustness-v4-factorial-r1/graphs/variants/yelpchi/r60_s2/camouflage_feature_oracle/0.30/seed_0/graph.bin,/kaggle/working/gfd-robustness-v4-factorial-r1/graphs/variants/yelpchi/r60_s2/camouflage_feature_oracle/0.30/seed_0/graph.bin,ok,
gfd_robustness_benchmark_v4_factorial,yelpchi,r60_s2,0,1,camouflage_feature_oracle,0.3,pmp,train_clean_eval_all,0.7682190354525166,0.4756700381778059,0.6723049260098559,0.4313299655914306,0.31329610299872,59,49,0.8501764424005321,roc_auc,early_stopping,45954,8051348,175.2045135498047,175.0,175.2045135498047,175.0,0.2268800139427185,0.1452974677085876,/kaggle/working/gfd-robustness-v4-factorial-r1/graphs/base/yelpchi/r60_s2/graph.bin,/kaggle/working/gfd-robustness-v4-factorial-r1/graphs/variants/yelpchi/r60_s2/camouflage_feature_oracle/0.30/seed_0/graph.bin,/kaggle/working/gfd-robustness-v4-factorial-r1/graphs/base/yelpchi/r60_s2/graph.bin,ok,
gfd_robustness_benchmark_v4_factorial,yelpchi,r60_s2,0,1,camouflage_feature_oracle,0.3,pmp,train_on_variant,0.7835015591271632,0.4740746902314993,0.679923592353266,0.3987777531147003,48.87643540600038,59,49,0.7794408962062858,roc_auc,early_stopping,45954,8051348,175.2045135498047,175.0,175.2045135498047,175.0,0.2268800139427185,0.1452974677085876,/kaggle/working/gfd-robustness-v4-factorial-r1/graphs/base/yelpchi/r60_s2/graph.bin,/kaggle/working/gfd-robustness-v4-factorial-r1/graphs/variants/yelpchi/r60_s2/camouflage_feature_oracle/0.30/seed_0/graph.bin,/kaggle/working/gfd-robustness-v4-factorial-r1/graphs/variants/yelpchi/r60_s2/camouflage_feature_oracle/0.30/seed_0/graph.bin,ok,
gfd_robustness_benchmark_v4_factorial,yelpchi,r60_s2,0,1,camouflage_feature_oracle,0.3,sage,train_clean_eval_all,0.5839271844549191,0.1801900204501247,0.5288340816255684,0.2929745614528656,0.1491339269996388,23,13,0.6051568098756249,roc_auc,early_stopping,45954,8051348,175.2045135498047,175.0,175.2045135498047,175.0,0.2268800139427185,0.1452974677085876,/kaggle/working/gfd-robustness-v4-factorial-r1/graphs/base/yelpchi/r60_s2/graph.bin,/kaggle/working/gfd-robustness-v4-factorial-r1/graphs/variants/yelpchi/r60_s2/camouflage_feature_oracle/0.30/seed_0/graph.bin,/kaggle/working/gfd-robustness-v4-factorial-r1/graphs/base/yelpchi/r60_s2/graph.bin,ok,
gfd_robustness_benchmark_v4_factorial,yelpchi,r60_s2,0,1,camouflage_feature_oracle,0.3,sage,train_on_variant,0.5716721152908033,0.1737640810853686,0.5242822670968019,0.2924261689186096,0.9019567879986424,23,13,0.5513275973460927,roc_auc,early_stopping,45954,8051348,175.2045135498047,175.0,175.2045135498047,175.0,0.2268800139427185,0.1452974677085876,/kaggle/working/gfd-robustness-v4-factorial-r1/graphs/base/yelpchi/r60_s2/graph.bin,/kaggle/working/gfd-robustness-v4-factorial-r1/graphs/variants/yelpchi/r60_s2/camouflage_feature_oracle/0.30/seed_0/graph.bin,/kaggle/working/gfd-robustness-v4-factorial-r1/graphs/variants/yelpchi/r60_s2/camouflage_feature_oracle/0.30/seed_0/graph.bin,ok,
gfd_robustness_benchmark_v4_factorial,yelpchi,r60_s2,0,1,camouflage_feature_oracle,0.3,secgfd,train_clean_eval_all,0.7129606304194056,0.3643175747505442,0.6263918243213225,0.6578896045684814,0.1834706490008102,50,50,0.7875019370281101,roc_auc,max_epochs,45954,8051348,175.2045135498047,175.0,175.2045135498047,175.0,0.2268800139427185,0.1452974677085876,/kaggle/working/gfd-robustness-v4-factorial-r1/graphs/base/yelpchi/r60_s2/graph.bin,/kaggle/working/gfd-robustness-v4-factorial-r1/graphs/variants/yelpchi/r60_s2/camouflage_feature_oracle/0.30/seed_0/graph.bin,/kaggle/working/gfd-robustness-v4-factorial-r1/graphs/base/yelpchi/r60_s2/graph.bin,ok,
gfd_robustness_benchmark_v4_factorial,yelpchi,r60_s2,0,1,camouflage_feature_oracle,0.3,secgfd,train_on_variant,0.7460660241380782,0.3900134302137829,0.6468961198964196,0.5637823343276978,4.671621729001345,50,49,0.7420024460194966,roc_auc,max_epochs,45954,8051348,175.2045135498047,175.0,175.2045135498047,175.0,0.2268800139427185,0.1452974677085876,/kaggle/working/gfd-robustness-v4-factorial-r1/graphs/base/yelpchi/r60_s2/graph.bin,/kaggle/working/gfd-robustness-v4-factorial-r1/graphs/variants/yelpchi/r60_s2/camouflage_feature_oracle/0.30/seed_0/graph.bin,/kaggle/working/gfd-robustness-v4-factorial-r1/graphs/variants/yelpchi/r60_s2/camouflage_feature_oracle/0.30/seed_0/graph.bin,ok,
gfd_robustness_benchmark_v4_factorial,yelpchi,r60_s2,0,2,camouflage_feature_oracle,0.3,mlp,train_clean_eval_all,0.7150012443290609,0.3604489854127368,0.6205423486796673,0.6557482481002808,0.0881435470000724,100,100,0.7907452730554025,roc_auc,max_epochs,45954,8051348,175.2045135498047,175.0,175.2045135498047,175.0,0.2268800139427185,0.1452974677085876,/kaggle/working/gfd-robustness-v4-factorial-r1/graphs/base/yelpchi/r60_s2/graph.bin,/kaggle/working/gfd-robustness-v4-factorial-r1/graphs/variants/yelpchi/r60_s2/camouflage_feature_oracle/0.30/seed_0/graph.bin,/kaggle/working/gfd-robustness-v4-factorial-r1/graphs/base/yelpchi/r60_s2/graph.bin,ok,
gfd_robustness_benchmark_v4_factorial,yelpchi,r60_s2,0,2,camouflage_feature_oracle,0.3,mlp,train_on_variant,0.7090045024513092,0.35177287829964,0.6189368407018643,0.6083927750587463,1.9019250339988505,100,100,0.7032784290165619,roc_auc,max_epochs,45954,8051348,175.2045135498047,175.0,175.2045135498047,175.0,0.2268800139427185,0.1452974677085876,/kaggle/working/gfd-robustness-v4-factorial-r1/graphs/base/yelpchi/r60_s2/graph.bin,/kaggle/working/gfd-robustness-v4-factorial-r1/graphs/variants/yelpchi/r60_s2/camouflage_feature_oracle/0.30/seed_0/graph.bin,/kaggle/working/gfd-robustness-v4-factorial-r1/graphs/variants/yelpchi/r60_s2/camouflage_feature_oracle/0.30/seed_0/graph.bin,ok,
gfd_robustness_benchmark_v4_factorial,yelpchi,r60_s2,0,2,camouflage_feature_oracle,0.3,pmp,train_clean_eval_all,0.7640390044757736,0.4592069395043332,0.6716234507121394,0.1901807934045791,0.2799779590022808,40,30,0.8440517144784805,roc_auc,early_stopping,45954,8051348,175.2045135498047,175.0,175.2045135498047,175.0,0.2268800139427185,0.1452974677085876,/kaggle/working/gfd-robustness-v4-factorial-r1/graphs/base/yelpchi/r60_s2/graph.bin,/kaggle/working/gfd-robustness-v4-factorial-r1/graphs/variants/yelpchi/r60_s2/camouflage_feature_oracle/0.30/seed_0/graph.bin,/kaggle/working/gfd-robustness-v4-factorial-r1/graphs/base/yelpchi/r60_s2/graph.bin,ok,
gfd_robustness_benchmark_v4_factorial,yelpchi,r60_s2,0,2,camouflage_feature_oracle,0.3,pmp,train_on_variant,0.7707637169652548,0.4629961101360578,0.6714494737014755,0.376896321773529,59.95528384699719,72,62,0.7731079943832145,roc_auc,early_stopping,45954,8051348,175.2045135498047,175.0,175.2045135498047,175.0,0.2268800139427185,0.1452974677085876,/kaggle/working/gfd-robustness-v4-factorial-r1/graphs/base/yelpchi/r60_s2/graph.bin,/kaggle/working/gfd-robustness-v4-factorial-r1/graphs/variants/yelpchi/r60_s2/camouflage_feature_oracle/0.30/seed_0/graph.bin,/kaggle/working/gfd-robustness-v4-factorial-r1/graphs/variants/yelpchi/r60_s2/camouflage_feature_oracle/0.30/seed_0/graph.bin,ok,
gfd_robustness_benchmark_v4_factorial,yelpchi,r60_s2,0,2,camouflage_feature_oracle,0.3,sage,train_clean_eval_all,0.7172206948120053,0.3697014256422837,0.6290652762067958,0.6589797139167786,0.1140665029997762,100,100,0.7880997098629895,roc_auc,max_epochs,45954,8051348,175.2045135498047,175.0,175.2045135498047,175.0,0.2268800139427185,0.1452974677085876,/kaggle/working/gfd-robustness-v4-factorial-r1/graphs/base/yelpchi/r60_s2/graph.bin,/kaggle/working/gfd-robustness-v4-factorial-r1/graphs/variants/yelpchi/r60_s2/camouflage_feature_oracle/0.30/seed_0/graph.bin,/kaggle/working/gfd-robustness-v4-factorial-r1/graphs/base/yelpchi/r60_s2/graph.bin,ok,
gfd_robustness_benchmark_v4_factorial,yelpchi,r60_s2,0,2,camouflage_feature_oracle,0.3,sage,train_on_variant,0.7160397731776772,0.3573842705108041,0.6232566571796172,0.6039546132087708,3.1284784029994626,100,97,0.7088566408475719,roc_auc,max_epochs,45954,8051348,175.2045135498047,175.0,175.2045135498047,175.0,0.2268800139427185,0.1452974677085876,/kaggle/working/gfd-robustness-v4-factorial-r1/graphs/base/yelpchi/r60_s2/graph.bin,/kaggle/working/gfd-robustness-v4-factorial-r1/graphs/variants/yelpchi/r60_s2/camouflage_feature_oracle/0.30/seed_0/graph.bin,/kaggle/working/gfd-robustness-v4-factorial-r1/graphs/variants/yelpchi/r60_s2/camouflage_feature_oracle/0.30/seed_0/graph.bin,ok,
gfd_robustness_benchmark_v4_factorial,yelpchi,r60_s2,0,2,camouflage_feature_oracle,0.3,secgfd,train_clean_eval_all,0.725175873431345,0.3944658526274088,0.6425634623108245,0.7028029561042786,0.1860275720027857,50,46,0.8013154149293015,roc_auc,max_epochs,45954,8051348,175.2045135498047,175.0,175.2045135498047,175.0,0.2268800139427185,0.1452974677085876,/kaggle/working/gfd-robustness-v4-factorial-r1/graphs/base/yelpchi/r60_s2/graph.bin,/kaggle/working/gfd-robustness-v4-factorial-r1/graphs/variants/yelpchi/r60_s2/camouflage_feature_oracle/0.30/seed_0/graph.bin,/kaggle/working/gfd-robustness-v4-factorial-r1/graphs/base/yelpchi/r60_s2/graph.bin,ok,
gfd_robustness_benchmark_v4_factorial,yelpchi,r60_s2,0,2,camouflage_feature_oracle,0.3,secgfd,train_on_variant,0.7336031062874252,0.3969348970695499,0.6455450171239248,0.6585507988929749,4.783968162999372,50,50,0.7246348970216255,roc_auc,max_epochs,45954,8051348,175.2045135498047,175.0,175.2045135498047,175.0,0.2268800139427185,0.1452974677085876,/kaggle/working/gfd-robustness-v4-factorial-r1/graphs/base/yelpchi/r60_s2/graph.bin,/kaggle/working/gfd-robustness-v4-factorial-r1/graphs/variants/yelpchi/r60_s2/camouflage_feature_oracle/0.30/seed_0/graph.bin,/kaggle/working/gfd-robustness-v4-factorial-r1/graphs/variants/yelpchi/r60_s2/camouflage_feature_oracle/0.30/seed_0/graph.bin,ok,
gfd_robustness_benchmark_v4_factorial,yelpchi,r60_s2,0,3,camouflage_feature_oracle,0.3,mlp,train_clean_eval_all,0.7118788454150762,0.3532032957710809,0.6222917974966402,0.6678695678710938,0.0938884889983455,100,100,0.7883936613288132,roc_auc,max_epochs,45954,8051348,175.2045135498047,175.0,175.2045135498047,175.0,0.2268800139427185,0.1452974677085876,/kaggle/working/gfd-robustness-v4-factorial-r1/graphs/base/yelpchi/r60_s2/graph.bin,/kaggle/working/gfd-robustness-v4-factorial-r1/graphs/variants/yelpchi/r60_s2/camouflage_feature_oracle/0.30/seed_0/graph.bin,/kaggle/working/gfd-robustness-v4-factorial-r1/graphs/base/yelpchi/r60_s2/graph.bin,ok,
gfd_robustness_benchmark_v4_factorial,yelpchi,r60_s2,0,3,camouflage_feature_oracle,0.3,mlp,train_on_variant,0.7050676682531068,0.3424497233981476,0.6166238878562968,0.6004186272621155,1.837895192002179,100,100,0.701365336613765,roc_auc,max_epochs,45954,8051348,175.2045135498047,175.0,175.2045135498047,175.0,0.2268800139427185,0.1452974677085876,/kaggle/working/gfd-robustness-v4-factorial-r1/graphs/base/yelpchi/r60_s2/graph.bin,/kaggle/working/gfd-robustness-v4-factorial-r1/graphs/variants/yelpchi/r60_s2/camouflage_feature_oracle/0.30/seed_0/graph.bin,/kaggle/working/gfd-robustness-v4-factorial-r1/graphs/variants/yelpchi/r60_s2/camouflage_feature_oracle/0.30/seed_0/graph.bin,ok,
gfd_robustness_benchmark_v4_factorial,yelpchi,r60_s2,0,3,camouflage_feature_oracle,0.3,pmp,train_clean_eval_all,0.7766265457882605,0.4896221770607226,0.6764561863858768,0.2736212313175201,0.2741543360025389,69,59,0.8491953168024374,roc_auc,early_stopping,45954,8051348,175.2045135498047,175.0,175.2045135498047,175.0,0.2268800139427185,0.1452974677085876,/kaggle/working/gfd-robustness-v4-factorial-r1/graphs/base/yelpchi/r60_s2/graph.bin,/kaggle/working/gfd-robustness-v4-factorial-r1/graphs/variants/yelpchi/r60_s2/camouflage_feature_oracle/0.30/seed_0/graph.bin,/kaggle/working/gfd-robustness-v4-factorial-r1/graphs/base/yelpchi/r60_s2/graph.bin,ok,
gfd_robustness_benchmark_v4_factorial,yelpchi,r60_s2,0,3,camouflage_feature_oracle,0.3,pmp,train_on_variant,0.7718502658633852,0.4644315644321831,0.6711475424487237,0.3895649313926697,46.36665531900144,58,48,0.7762460514426985,roc_auc,early_stopping,45954,8051348,175.2045135498047,175.0,175.2045135498047,175.0,0.2268800139427185,0.1452974677085876,/kaggle/working/gfd-robustness-v4-factorial-r1/graphs/base/yelpchi/r60_s2/graph.bin,/kaggle/working/gfd-robustness-v4-factorial-r1/graphs/variants/yelpchi/r60_s2/camouflage_feature_oracle/0.30/seed_0/graph.bin,/kaggle/working/gfd-robustness-v4-factorial-r1/graphs/variants/yelpchi/r60_s2/camouflage_feature_oracle/0.30/seed_0/graph.bin,ok,
gfd_robustness_benchmark_v4_factorial,yelpchi,r60_s2,0,3,camouflage_feature_oracle,0.3,sage,train_clean_eval_all,0.7086141013543178,0.3579881582246317,0.6255681060762321,0.6763745546340942,0.1343343010012176,100,100,0.7781531837590027,roc_auc,max_epochs,45954,8051348,175.2045135498047,175.0,175.2045135498047,175.0,0.2268800139427185,0.1452974677085876,/kaggle/working/gfd-robustness-v4-factorial-r1/graphs/base/yelpchi/r60_s2/graph.bin,/kaggle/working/gfd-robustness-v4-factorial-r1/graphs/variants/yelpchi/r60_s2/camouflage_feature_oracle/0.30/seed_0/graph.bin,/kaggle/working/gfd-robustness-v4-factorial-r1/graphs/base/yelpchi/r60_s2/graph.bin,ok,
gfd_robustness_benchmark_v4_factorial,yelpchi,r60_s2,0,3,camouflage_feature_oracle,0.3,sage,train_on_variant,0.7068080139364855,0.3563957816592152,0.6212143178176314,0.5804641842842102,3.2521639250007865,100,95,0.7017514071764209,roc_auc,max_epochs,45954,8051348,175.2045135498047,175.0,175.2045135498047,175.0,0.2268800139427185,0.1452974677085876,/kaggle/working/gfd-robustness-v4-factorial-r1/graphs/base/yelpchi/r60_s2/graph.bin,/kaggle/working/gfd-robustness-v4-factorial-r1/graphs/variants/yelpchi/r60_s2/camouflage_feature_oracle/0.30/seed_0/graph.bin,/kaggle/working/gfd-robustness-v4-factorial-r1/graphs/variants/yelpchi/r60_s2/camouflage_feature_oracle/0.30/seed_0/graph.bin,ok,
gfd_robustness_benchmark_v4_factorial,yelpchi,r60_s2,0,3,camouflage_feature_oracle,0.3,secgfd,train_clean_eval_all,0.7225014710904057,0.3862046819318471,0.6384718391533604,0.6787847280502319,0.1911677349999081,50,50,0.7989556498043899,roc_auc,max_epochs,45954,8051348,175.2045135498047,175.0,175.2045135498047,175.0,0.2268800139427185,0.1452974677085876,/kaggle/working/gfd-robustness-v4-factorial-r1/graphs/base/yelpchi/r60_s2/graph.bin,/kaggle/working/gfd-robustness-v4-factorial-r1/graphs/variants/yelpchi/r60_s2/camouflage_feature_oracle/0.30/seed_0/graph.bin,/kaggle/working/gfd-robustness-v4-factorial-r1/graphs/base/yelpchi/r60_s2/graph.bin,ok,
gfd_robustness_benchmark_v4_factorial,yelpchi,r60_s2,0,3,camouflage_feature_oracle,0.3,secgfd,train_on_variant,0.7101859004750174,0.3632499616481097,0.6272803857773647,0.6102762222290039,4.800192599999718,50,50,0.7029891025778566,roc_auc,max_epochs,45954,8051348,175.2045135498047,175.0,175.2045135498047,175.0,0.2268800139427185,0.1452974677085876,/kaggle/working/gfd-robustness-v4-factorial-r1/graphs/base/yelpchi/r60_s2/graph.bin,/kaggle/working/gfd-robustness-v4-factorial-r1/graphs/variants/yelpchi/r60_s2/camouflage_feature_oracle/0.30/seed_0/graph.bin,/kaggle/working/gfd-robustness-v4-factorial-r1/graphs/variants/yelpchi/r60_s2/camouflage_feature_oracle/0.30/seed_0/graph.bin,ok,
gfd_robustness_benchmark_v4_factorial,yelpchi,r60_s2,0,4,camouflage_feature_oracle,0.3,mlp,train_clean_eval_all,0.7118834187531251,0.3585329090771341,0.6207744005967339,0.6817144751548767,0.092644857999403,100,100,0.7873558433879992,roc_auc,max_epochs,45954,8051348,175.2045135498047,175.0,175.2045135498047,175.0,0.2268800139427185,0.1452974677085876,/kaggle/working/gfd-robustness-v4-factorial-r1/graphs/base/yelpchi/r60_s2/graph.bin,/kaggle/working/gfd-robustness-v4-factorial-r1/graphs/variants/yelpchi/r60_s2/camouflage_feature_oracle/0.30/seed_0/graph.bin,/kaggle/working/gfd-robustness-v4-factorial-r1/graphs/base/yelpchi/r60_s2/graph.bin,ok,
gfd_robustness_benchmark_v4_factorial,yelpchi,r60_s2,0,4,camouflage_feature_oracle,0.3,mlp,train_on_variant,0.7067247887117821,0.3496563488040926,0.6194278375292916,0.6191214323043823,1.86836188199959,100,100,0.7010547445864534,roc_auc,max_epochs,45954,8051348,175.2045135498047,175.0,175.2045135498047,175.0,0.2268800139427185,0.1452974677085876,/kaggle/working/gfd-robustness-v4-factorial-r1/graphs/base/yelpchi/r60_s2/graph.bin,/kaggle/working/gfd-robustness-v4-factorial-r1/graphs/variants/yelpchi/r60_s2/camouflage_feature_oracle/0.30/seed_0/graph.bin,/kaggle/working/gfd-robustness-v4-factorial-r1/graphs/variants/yelpchi/r60_s2/camouflage_feature_oracle/0.30/seed_0/graph.bin,ok,
gfd_robustness_benchmark_v4_factorial,yelpchi,r60_s2,0,4,camouflage_feature_oracle,0.3,pmp,train_clean_eval_all,0.7840574102558631,0.5082757076485643,0.693067666712914,0.2757417559623718,0.2793777500010037,76,66,0.8606669098381956,roc_auc,early_stopping,45954,8051348,175.2045135498047,175.0,175.2045135498047,175.0,0.2268800139427185,0.1452974677085876,/kaggle/working/gfd-robustness-v4-factorial-r1/graphs/base/yelpchi/r60_s2/graph.bin,/kaggle/working/gfd-robustness-v4-factorial-r1/graphs/variants/yelpchi/r60_s2/camouflage_feature_oracle/0.30/seed_0/graph.bin,/kaggle/working/gfd-robustness-v4-factorial-r1/graphs/base/yelpchi/r60_s2/graph.bin,ok,
gfd_robustness_benchmark_v4_factorial,yelpchi,r60_s2,0,4,camouflage_feature_oracle,0.3,pmp,train_on_variant,0.7711786521153213,0.4625497970588609,0.6751967277151562,0.1870861500501632,38.31277416400189,47,37,0.7690303416083174,roc_auc,early_stopping,45954,8051348,175.2045135498047,175.0,175.2045135498047,175.0,0.2268800139427185,0.1452974677085876,/kaggle/working/gfd-robustness-v4-factorial-r1/graphs/base/yelpchi/r60_s2/graph.bin,/kaggle/working/gfd-robustness-v4-factorial-r1/graphs/variants/yelpchi/r60_s2/camouflage_feature_oracle/0.30/seed_0/graph.bin,/kaggle/working/gfd-robustness-v4-factorial-r1/graphs/variants/yelpchi/r60_s2/camouflage_feature_oracle/0.30/seed_0/graph.bin,ok,
gfd_robustness_benchmark_v4_factorial,yelpchi,r60_s2,0,4,camouflage_feature_oracle,0.3,sage,train_clean_eval_all,0.7134165826950986,0.364283840806436,0.6285916287981177,0.695338249206543,0.1337466469994979,100,100,0.7833725030217639,roc_auc,max_epochs,45954,8051348,175.2045135498047,175.0,175.2045135498047,175.0,0.2268800139427185,0.1452974677085876,/kaggle/working/gfd-robustness-v4-factorial-r1/graphs/base/yelpchi/r60_s2/graph.bin,/kaggle/working/gfd-robustness-v4-factorial-r1/graphs/variants/yelpchi/r60_s2/camouflage_feature_oracle/0.30/seed_0/graph.bin,/kaggle/working/gfd-robustness-v4-factorial-r1/graphs/base/yelpchi/r60_s2/graph.bin,ok,
gfd_robustness_benchmark_v4_factorial,yelpchi,r60_s2,0,4,camouflage_feature_oracle,0.3,sage,train_on_variant,0.7062136705458736,0.3572585405929797,0.6236907307415425,0.6023503541946411,3.327677148001385,100,100,0.7042234603308564,roc_auc,max_epochs,45954,8051348,175.2045135498047,175.0,175.2045135498047,175.0,0.2268800139427185,0.1452974677085876,/kaggle/working/gfd-robustness-v4-factorial-r1/graphs/base/yelpchi/r60_s2/graph.bin,/kaggle/working/gfd-robustness-v4-factorial-r1/graphs/variants/yelpchi/r60_s2/camouflage_feature_oracle/0.30/seed_0/graph.bin,/kaggle/working/gfd-robustness-v4-factorial-r1/graphs/variants/yelpchi/r60_s2/camouflage_feature_oracle/0.30/seed_0/graph.bin,ok,
gfd_robustness_benchmark_v4_factorial,yelpchi,r60_s2,0,4,camouflage_feature_oracle,0.3,secgfd,train_clean_eval_all,0.7173307883977462,0.3599910323745415,0.622111378098542,0.7039106488227844,0.158171933999256,50,50,0.786382585104075,roc_auc,max_epochs,45954,8051348,175.2045135498047,175.0,175.2045135498047,175.0,0.2268800139427185,0.1452974677085876,/kaggle/working/gfd-robustness-v4-factorial-r1/graphs/base/yelpchi/r60_s2/graph.bin,/kaggle/working/gfd-robustness-v4-factorial-r1/graphs/variants/yelpchi/r60_s2/camouflage_feature_oracle/0.30/seed_0/graph.bin,/kaggle/working/gfd-robustness-v4-factorial-r1/graphs/base/yelpchi/r60_s2/graph.bin,ok,
gfd_robustness_benchmark_v4_factorial,yelpchi,r60_s2,0,4,camouflage_feature_oracle,0.3,secgfd,train_on_variant,0.7164300313578545,0.3644450698174749,0.6215094195462123,0.6406724452972412,4.666387284996745,50,50,0.7054088500132314,roc_auc,max_epochs,45954,8051348,175.2045135498047,175.0,175.2045135498047,175.0,0.2268800139427185,0.1452974677085876,/kaggle/working/gfd-robustness-v4-factorial-r1/graphs/base/yelpchi/r60_s2/graph.bin,/kaggle/working/gfd-robustness-v4-factorial-r1/graphs/variants/yelpchi/r60_s2/camouflage_feature_oracle/0.30/seed_0/graph.bin,/kaggle/working/gfd-robustness-v4-factorial-r1/graphs/variants/yelpchi/r60_s2/camouflage_feature_oracle/0.30/seed_0/graph.bin,ok,
gfd_robustness_benchmark_v4_factorial,yelpchi,r60_s2,1,0,camouflage_feature_oracle,0.3,mlp,train_clean_eval_all,0.7213597563020598,0.3655386007236607,0.6325845483625253,0.6971318125724792,0.100796705999528,100,100,0.7956221495886349,roc_auc,max_epochs,45954,8051348,175.2045135498047,175.0,175.2045135498047,175.0,0.2268800139427185,0.1452974677085876,/kaggle/working/gfd-robustness-v4-factorial-r1/graphs/base/yelpchi/r60_s2/graph.bin,/kaggle/working/gfd-robustness-v4-factorial-r1/graphs/variants/yelpchi/r60_s2/camouflage_feature_oracle/0.30/seed_1/graph.bin,/kaggle/working/gfd-robustness-v4-factorial-r1/graphs/base/yelpchi/r60_s2/graph.bin,ok,
gfd_robustness_benchmark_v4_factorial,yelpchi,r60_s2,1,0,camouflage_feature_oracle,0.3,mlp,train_on_variant,0.7159706490786248,0.3583456105309953,0.6222778779581024,0.622470498085022,1.9012275860004595,100,100,0.6976848640027464,roc_auc,max_epochs,45954,8051348,175.2045135498047,175.0,175.2045135498047,175.0,0.2268800139427185,0.1452974677085876,/kaggle/working/gfd-robustness-v4-factorial-r1/graphs/base/yelpchi/r60_s2/graph.bin,/kaggle/working/gfd-robustness-v4-factorial-r1/graphs/variants/yelpchi/r60_s2/camouflage_feature_oracle/0.30/seed_1/graph.bin,/kaggle/working/gfd-robustness-v4-factorial-r1/graphs/variants/yelpchi/r60_s2/camouflage_feature_oracle/0.30/seed_1/graph.bin,ok,
gfd_robustness_benchmark_v4_factorial,yelpchi,r60_s2,1,0,camouflage_feature_oracle,0.3,pmp,train_clean_eval_all,0.7746712055776431,0.4850015723147411,0.6776681828732779,0.2557673752307892,0.3145691950012406,55,45,0.8496737448653855,roc_auc,early_stopping,45954,8051348,175.2045135498047,175.0,175.2045135498047,175.0,0.2268800139427185,0.1452974677085876,/kaggle/working/gfd-robustness-v4-factorial-r1/graphs/base/yelpchi/r60_s2/graph.bin,/kaggle/working/gfd-robustness-v4-factorial-r1/graphs/variants/yelpchi/r60_s2/camouflage_feature_oracle/0.30/seed_1/graph.bin,/kaggle/working/gfd-robustness-v4-factorial-r1/graphs/base/yelpchi/r60_s2/graph.bin,ok,
gfd_robustness_benchmark_v4_factorial,yelpchi,r60_s2,1,0,camouflage_feature_oracle,0.3,pmp,train_on_variant,0.7870346533257314,0.492769713578464,0.6831504855608419,0.2384838163852691,54.89452054499998,67,57,0.7703123323725674,roc_auc,early_stopping,45954,8051348,175.2045135498047,175.0,175.2045135498047,175.0,0.2268800139427185,0.1452974677085876,/kaggle/working/gfd-robustness-v4-factorial-r1/graphs/base/yelpchi/r60_s2/graph.bin,/kaggle/working/gfd-robustness-v4-factorial-r1/graphs/variants/yelpchi/r60_s2/camouflage_feature_oracle/0.30/seed_1/graph.bin,/kaggle/working/gfd-robustness-v4-factorial-r1/graphs/variants/yelpchi/r60_s2/camouflage_feature_oracle/0.30/seed_1/graph.bin,ok,
gfd_robustness_benchmark_v4_factorial,yelpchi,r60_s2,1,0,camouflage_feature_oracle,0.3,sage,train_clean_eval_all,0.7211075557642352,0.3707981757711625,0.6315668298000754,0.6634995937347412,0.1101870329985104,100,100,0.7932715868372682,roc_auc,max_epochs,45954,8051348,175.2045135498047,175.0,175.2045135498047,175.0,0.2268800139427185,0.1452974677085876,/kaggle/working/gfd-robustness-v4-factorial-r1/graphs/base/yelpchi/r60_s2/graph.bin,/kaggle/working/gfd-robustness-v4-factorial-r1/graphs/variants/yelpchi/r60_s2/camouflage_feature_oracle/0.30/seed_1/graph.bin,/kaggle/working/gfd-robustness-v4-factorial-r1/graphs/base/yelpchi/r60_s2/graph.bin,ok,
gfd_robustness_benchmark_v4_factorial,yelpchi,r60_s2,1,0,camouflage_feature_oracle,0.3,sage,train_on_variant,0.7026888178835811,0.3437510203221505,0.6127539783250956,0.6038278937339783,3.336173488998611,100,100,0.6833676872718777,roc_auc,max_epochs,45954,8051348,175.2045135498047,175.0,175.2045135498047,175.0,0.2268800139427185,0.1452974677085876,/kaggle/working/gfd-robustness-v4-factorial-r1/graphs/base/yelpchi/r60_s2/graph.bin,/kaggle/working/gfd-robustness-v4-factorial-r1/graphs/variants/yelpchi/r60_s2/camouflage_feature_oracle/0.30/seed_1/graph.bin,/kaggle/working/gfd-robustness-v4-factorial-r1/graphs/variants/yelpchi/r60_s2/camouflage_feature_oracle/0.30/seed_1/graph.bin,ok,
gfd_robustness_benchmark_v4_factorial,yelpchi,r60_s2,1,0,camouflage_feature_oracle,0.3,secgfd,train_clean_eval_all,0.7256154855513006,0.3845620123513136,0.6399789530565783,0.6121960878372192,0.2011945449994527,50,50,0.8036778501729617,roc_auc,max_epochs,45954,8051348,175.2045135498047,175.0,175.2045135498047,175.0,0.2268800139427185,0.1452974677085876,/kaggle/working/gfd-robustness-v4-factorial-r1/graphs/base/yelpchi/r60_s2/graph.bin,/kaggle/working/gfd-robustness-v4-factorial-r1/graphs/variants/yelpchi/r60_s2/camouflage_feature_oracle/0.30/seed_1/graph.bin,/kaggle/working/gfd-robustness-v4-factorial-r1/graphs/base/yelpchi/r60_s2/graph.bin,ok,
gfd_robustness_benchmark_v4_factorial,yelpchi,r60_s2,1,0,camouflage_feature_oracle,0.3,secgfd,train_on_variant,0.7772169827859556,0.4710740462426878,0.6745849116720359,0.709758460521698,4.702680688002147,50,50,0.7557827381590961,roc_auc,max_epochs,45954,8051348,175.2045135498047,175.0,175.2045135498047,175.0,0.2268800139427185,0.1452974677085876,/kaggle/working/gfd-robustness-v4-factorial-r1/graphs/base/yelpchi/r60_s2/graph.bin,/kaggle/working/gfd-robustness-v4-factorial-r1/graphs/variants/yelpchi/r60_s2/camouflage_feature_oracle/0.30/seed_1/graph.bin,/kaggle/working/gfd-robustness-v4-factorial-r1/graphs/variants/yelpchi/r60_s2/camouflage_feature_oracle/0.30/seed_1/graph.bin,ok,
gfd_robustness_benchmark_v4_factorial,yelpchi,r60_s2,1,1,camouflage_feature_oracle,0.3,mlp,train_clean_eval_all,0.7154140833658549,0.3584326433802999,0.6208542382469121,0.655698835849762,0.1197182500000053,100,100,0.7890084561707159,roc_auc,max_epochs,45954,8051348,175.2045135498047,175.0,175.2045135498047,175.0,0.2268800139427185,0.1452974677085876,/kaggle/working/gfd-robustness-v4-factorial-r1/graphs/base/yelpchi/r60_s2/graph.bin,/kaggle/working/gfd-robustness-v4-factorial-r1/graphs/variants/yelpchi/r60_s2/camouflage_feature_oracle/0.30/seed_1/graph.bin,/kaggle/working/gfd-robustness-v4-factorial-r1/graphs/base/yelpchi/r60_s2/graph.bin,ok,
gfd_robustness_benchmark_v4_factorial,yelpchi,r60_s2,1,1,camouflage_feature_oracle,0.3,mlp,train_on_variant,0.711786949903655,0.3553469589971403,0.6186993209261509,0.6372470855712891,1.6896777830006613,100,100,0.6938818043327445,roc_auc,max_epochs,45954,8051348,175.2045135498047,175.0,175.2045135498047,175.0,0.2268800139427185,0.1452974677085876,/kaggle/working/gfd-robustness-v4-factorial-r1/graphs/base/yelpchi/r60_s2/graph.bin,/kaggle/working/gfd-robustness-v4-factorial-r1/graphs/variants/yelpchi/r60_s2/camouflage_feature_oracle/0.30/seed_1/graph.bin,/kaggle/working/gfd-robustness-v4-factorial-r1/graphs/variants/yelpchi/r60_s2/camouflage_feature_oracle/0.30/seed_1/graph.bin,ok,
gfd_robustness_benchmark_v4_factorial,yelpchi,r60_s2,1,1,camouflage_feature_oracle,0.3,pmp,train_clean_eval_all,0.7736034740600266,0.4894676104040683,0.6878266247262291,0.4313299655914306,0.2839228890006779,59,49,0.8501764424005321,roc_auc,early_stopping,45954,8051348,175.2045135498047,175.0,175.2045135498047,175.0,0.2268800139427185,0.1452974677085876,/kaggle/working/gfd-robustness-v4-factorial-r1/graphs/base/yelpchi/r60_s2/graph.bin,/kaggle/working/gfd-robustness-v4-factorial-r1/graphs/variants/yelpchi/r60_s2/camouflage_feature_oracle/0.30/seed_1/graph.bin,/kaggle/working/gfd-robustness-v4-factorial-r1/graphs/base/yelpchi/r60_s2/graph.bin,ok,
gfd_robustness_benchmark_v4_factorial,yelpchi,r60_s2,1,1,camouflage_feature_oracle,0.3,pmp,train_on_variant,0.7760646921533715,0.4675510014407807,0.6769434524900029,0.3242588341236114,55.49605956999949,69,59,0.7603273279501832,roc_auc,early_stopping,45954,8051348,175.2045135498047,175.0,175.2045135498047,175.0,0.2268800139427185,0.1452974677085876,/kaggle/working/gfd-robustness-v4-factorial-r1/graphs/base/yelpchi/r60_s2/graph.bin,/kaggle/working/gfd-robustness-v4-factorial-r1/graphs/variants/yelpchi/r60_s2/camouflage_feature_oracle/0.30/seed_1/graph.bin,/kaggle/working/gfd-robustness-v4-factorial-r1/graphs/variants/yelpchi/r60_s2/camouflage_feature_oracle/0.30/seed_1/graph.bin,ok,
gfd_robustness_benchmark_v4_factorial,yelpchi,r60_s2,1,1,camouflage_feature_oracle,0.3,sage,train_clean_eval_all,0.5806669184543337,0.180841156198549,0.5323067022125506,0.2929745614528656,0.1122873909989721,23,13,0.6051568098756249,roc_auc,early_stopping,45954,8051348,175.2045135498047,175.0,175.2045135498047,175.0,0.2268800139427185,0.1452974677085876,/kaggle/working/gfd-robustness-v4-factorial-r1/graphs/base/yelpchi/r60_s2/graph.bin,/kaggle/working/gfd-robustness-v4-factorial-r1/graphs/variants/yelpchi/r60_s2/camouflage_feature_oracle/0.30/seed_1/graph.bin,/kaggle/working/gfd-robustness-v4-factorial-r1/graphs/base/yelpchi/r60_s2/graph.bin,ok,
gfd_robustness_benchmark_v4_factorial,yelpchi,r60_s2,1,1,camouflage_feature_oracle,0.3,sage,train_on_variant,0.5649687450455505,0.168424713318649,0.5152086255373244,0.259311318397522,0.94238784800109,24,14,0.553707293000236,roc_auc,early_stopping,45954,8051348,175.2045135498047,175.0,175.2045135498047,175.0,0.2268800139427185,0.1452974677085876,/kaggle/working/gfd-robustness-v4-factorial-r1/graphs/base/yelpchi/r60_s2/graph.bin,/kaggle/working/gfd-robustness-v4-factorial-r1/graphs/variants/yelpchi/r60_s2/camouflage_feature_oracle/0.30/seed_1/graph.bin,/kaggle/working/gfd-robustness-v4-factorial-r1/graphs/variants/yelpchi/r60_s2/camouflage_feature_oracle/0.30/seed_1/graph.bin,ok,
gfd_robustness_benchmark_v4_factorial,yelpchi,r60_s2,1,1,camouflage_feature_oracle,0.3,secgfd,train_clean_eval_all,0.7167102912301669,0.3675451193677477,0.6246256976331954,0.6578896045684814,0.1900318719999632,50,50,0.7875019370281101,roc_auc,max_epochs,45954,8051348,175.2045135498047,175.0,175.2045135498047,175.0,0.2268800139427185,0.1452974677085876,/kaggle/working/gfd-robustness-v4-factorial-r1/graphs/base/yelpchi/r60_s2/graph.bin,/kaggle/working/gfd-robustness-v4-factorial-r1/graphs/variants/yelpchi/r60_s2/camouflage_feature_oracle/0.30/seed_1/graph.bin,/kaggle/working/gfd-robustness-v4-factorial-r1/graphs/base/yelpchi/r60_s2/graph.bin,ok,
gfd_robustness_benchmark_v4_factorial,yelpchi,r60_s2,1,1,camouflage_feature_oracle,0.3,secgfd,train_on_variant,0.7349032681835921,0.3780423293592482,0.6439058245411692,0.6206029057502747,4.778262190000532,50,50,0.7203486889001733,roc_auc,max_epochs,45954,8051348,175.2045135498047,175.0,175.2045135498047,175.0,0.2268800139427185,0.1452974677085876,/kaggle/working/gfd-robustness-v4-factorial-r1/graphs/base/yelpchi/r60_s2/graph.bin,/kaggle/working/gfd-robustness-v4-factorial-r1/graphs/variants/yelpchi/r60_s2/camouflage_feature_oracle/0.30/seed_1/graph.bin,/kaggle/working/gfd-robustness-v4-factorial-r1/graphs/variants/yelpchi/r60_s2/camouflage_feature_oracle/0.30/seed_1/graph.bin,ok,
gfd_robustness_benchmark_v4_factorial,yelpchi,r60_s2,1,2,camouflage_feature_oracle,0.3,mlp,train_clean_eval_all,0.7184648809560106,0.3604142989134996,0.621165935516498,0.6557482481002808,0.0864498859991727,100,100,0.7907452730554025,roc_auc,max_epochs,45954,8051348,175.2045135498047,175.0,175.2045135498047,175.0,0.2268800139427185,0.1452974677085876,/kaggle/working/gfd-robustness-v4-factorial-r1/graphs/base/yelpchi/r60_s2/graph.bin,/kaggle/working/gfd-robustness-v4-factorial-r1/graphs/variants/yelpchi/r60_s2/camouflage_feature_oracle/0.30/seed_1/graph.bin,/kaggle/working/gfd-robustness-v4-factorial-r1/graphs/base/yelpchi/r60_s2/graph.bin,ok,
gfd_robustness_benchmark_v4_factorial,yelpchi,r60_s2,1,2,camouflage_feature_oracle,0.3,mlp,train_on_variant,0.7150623650865275,0.3557731928027149,0.6194950519161616,0.6411183476448059,1.9336441439991177,100,100,0.696984005511888,roc_auc,max_epochs,45954,8051348,175.2045135498047,175.0,175.2045135498047,175.0,0.2268800139427185,0.1452974677085876,/kaggle/working/gfd-robustness-v4-factorial-r1/graphs/base/yelpchi/r60_s2/graph.bin,/kaggle/working/gfd-robustness-v4-factorial-r1/graphs/variants/yelpchi/r60_s2/camouflage_feature_oracle/0.30/seed_1/graph.bin,/kaggle/working/gfd-robustness-v4-factorial-r1/graphs/variants/yelpchi/r60_s2/camouflage_feature_oracle/0.30/seed_1/graph.bin,ok,
gfd_robustness_benchmark_v4_factorial,yelpchi,r60_s2,1,2,camouflage_feature_oracle,0.3,pmp,train_clean_eval_all,0.7677052495060795,0.4708640961815609,0.6788941247551957,0.1901807934045791,0.2822431559980032,40,30,0.8440517144784805,roc_auc,early_stopping,45954,8051348,175.2045135498047,175.0,175.2045135498047,175.0,0.2268800139427185,0.1452974677085876,/kaggle/working/gfd-robustness-v4-factorial-r1/graphs/base/yelpchi/r60_s2/graph.bin,/kaggle/working/gfd-robustness-v4-factorial-r1/graphs/variants/yelpchi/r60_s2/camouflage_feature_oracle/0.30/seed_1/graph.bin,/kaggle/working/gfd-robustness-v4-factorial-r1/graphs/base/yelpchi/r60_s2/graph.bin,ok,
gfd_robustness_benchmark_v4_factorial,yelpchi,r60_s2,1,2,camouflage_feature_oracle,0.3,pmp,train_on_variant,0.7878323197037697,0.5029242319586685,0.6886601642829302,0.309219479560852,83.11560427400036,100,97,0.777860948798089,roc_auc,max_epochs,45954,8051348,175.2045135498047,175.0,175.2045135498047,175.0,0.2268800139427185,0.1452974677085876,/kaggle/working/gfd-robustness-v4-factorial-r1/graphs/base/yelpchi/r60_s2/graph.bin,/kaggle/working/gfd-robustness-v4-factorial-r1/graphs/variants/yelpchi/r60_s2/camouflage_feature_oracle/0.30/seed_1/graph.bin,/kaggle/working/gfd-robustness-v4-factorial-r1/graphs/variants/yelpchi/r60_s2/camouflage_feature_oracle/0.30/seed_1/graph.bin,ok,
gfd_robustness_benchmark_v4_factorial,yelpchi,r60_s2,1,2,camouflage_feature_oracle,0.3,sage,train_clean_eval_all,0.7189504646511458,0.3685864320918061,0.6270226208526036,0.6589797139167786,0.1302774910000153,100,100,0.7880997098629895,roc_auc,max_epochs,45954,8051348,175.2045135498047,175.0,175.2045135498047,175.0,0.2268800139427185,0.1452974677085876,/kaggle/working/gfd-robustness-v4-factorial-r1/graphs/base/yelpchi/r60_s2/graph.bin,/kaggle/working/gfd-robustness-v4-factorial-r1/graphs/variants/yelpchi/r60_s2/camouflage_feature_oracle/0.30/seed_1/graph.bin,/kaggle/working/gfd-robustness-v4-factorial-r1/graphs/base/yelpchi/r60_s2/graph.bin,ok,
gfd_robustness_benchmark_v4_factorial,yelpchi,r60_s2,1,2,camouflage_feature_oracle,0.3,sage,train_on_variant,0.7170610567307341,0.3649474689308669,0.6251728629516378,0.5809034109115601,3.0551860759987903,100,98,0.6954163120415203,roc_auc,max_epochs,45954,8051348,175.2045135498047,175.0,175.2045135498047,175.0,0.2268800139427185,0.1452974677085876,/kaggle/working/gfd-robustness-v4-factorial-r1/graphs/base/yelpchi/r60_s2/graph.bin,/kaggle/working/gfd-robustness-v4-factorial-r1/graphs/variants/yelpchi/r60_s2/camouflage_feature_oracle/0.30/seed_1/graph.bin,/kaggle/working/gfd-robustness-v4-factorial-r1/graphs/variants/yelpchi/r60_s2/camouflage_feature_oracle/0.30/seed_1/graph.bin,ok,
gfd_robustness_benchmark_v4_factorial,yelpchi,r60_s2,1,2,camouflage_feature_oracle,0.3,secgfd,train_clean_eval_all,0.7294357949071307,0.402970713021857,0.6472627424729535,0.7028029561042786,0.1886574109994399,50,46,0.8013154149293015,roc_auc,max_epochs,45954,8051348,175.2045135498047,175.0,175.2045135498047,175.0,0.2268800139427185,0.1452974677085876,/kaggle/working/gfd-robustness-v4-factorial-r1/graphs/base/yelpchi/r60_s2/graph.bin,/kaggle/working/gfd-robustness-v4-factorial-r1/graphs/variants/yelpchi/r60_s2/camouflage_feature_oracle/0.30/seed_1/graph.bin,/kaggle/working/gfd-robustness-v4-factorial-r1/graphs/base/yelpchi/r60_s2/graph.bin,ok,
gfd_robustness_benchmark_v4_factorial,yelpchi,r60_s2,1,2,camouflage_feature_oracle,0.3,secgfd,train_on_variant,0.7356067047422467,0.4077854406034758,0.6555618279013403,0.6448513269424438,4.801483180999639,50,48,0.7095131086142322,roc_auc,max_epochs,45954,8051348,175.2045135498047,175.0,175.2045135498047,175.0,0.2268800139427185,0.1452974677085876,/kaggle/working/gfd-robustness-v4-factorial-r1/graphs/base/yelpchi/r60_s2/graph.bin,/kaggle/working/gfd-robustness-v4-factorial-r1/graphs/variants/yelpchi/r60_s2/camouflage_feature_oracle/0.30/seed_1/graph.bin,/kaggle/working/gfd-robustness-v4-factorial-r1/graphs/variants/yelpchi/r60_s2/camouflage_feature_oracle/0.30/seed_1/graph.bin,ok,
gfd_robustness_benchmark_v4_factorial,yelpchi,r60_s2,1,3,camouflage_feature_oracle,0.3,mlp,train_clean_eval_all,0.7154478593729039,0.3538989158544726,0.6232847791978097,0.6678695678710938,0.0986120410016155,100,100,0.7883936613288132,roc_auc,max_epochs,45954,8051348,175.2045135498047,175.0,175.2045135498047,175.0,0.2268800139427185,0.1452974677085876,/kaggle/working/gfd-robustness-v4-factorial-r1/graphs/base/yelpchi/r60_s2/graph.bin,/kaggle/working/gfd-robustness-v4-factorial-r1/graphs/variants/yelpchi/r60_s2/camouflage_feature_oracle/0.30/seed_1/graph.bin,/kaggle/working/gfd-robustness-v4-factorial-r1/graphs/base/yelpchi/r60_s2/graph.bin,ok,
gfd_robustness_benchmark_v4_factorial,yelpchi,r60_s2,1,3,camouflage_feature_oracle,0.3,mlp,train_on_variant,0.7059527520823933,0.3457875890168858,0.6144917661016644,0.6364393830299377,1.865667994999967,100,100,0.689008360809332,roc_auc,max_epochs,45954,8051348,175.2045135498047,175.0,175.2045135498047,175.0,0.2268800139427185,0.1452974677085876,/kaggle/working/gfd-robustness-v4-factorial-r1/graphs/base/yelpchi/r60_s2/graph.bin,/kaggle/working/gfd-robustness-v4-factorial-r1/graphs/variants/yelpchi/r60_s2/camouflage_feature_oracle/0.30/seed_1/graph.bin,/kaggle/working/gfd-robustness-v4-factorial-r1/graphs/variants/yelpchi/r60_s2/camouflage_feature_oracle/0.30/seed_1/graph.bin,ok,
gfd_robustness_benchmark_v4_factorial,yelpchi,r60_s2,1,3,camouflage_feature_oracle,0.3,pmp,train_clean_eval_all,0.7740112157304535,0.4866343124702247,0.6802504361902109,0.2736212313175201,0.2794785520018195,69,59,0.8491953168024374,roc_auc,early_stopping,45954,8051348,175.2045135498047,175.0,175.2045135498047,175.0,0.2268800139427185,0.1452974677085876,/kaggle/working/gfd-robustness-v4-factorial-r1/graphs/base/yelpchi/r60_s2/graph.bin,/kaggle/working/gfd-robustness-v4-factorial-r1/graphs/variants/yelpchi/r60_s2/camouflage_feature_oracle/0.30/seed_1/graph.bin,/kaggle/working/gfd-robustness-v4-factorial-r1/graphs/base/yelpchi/r60_s2/graph.bin,ok,
gfd_robustness_benchmark_v4_factorial,yelpchi,r60_s2,1,3,camouflage_feature_oracle,0.3,pmp,train_on_variant,0.7858455377940656,0.4909349213711251,0.6842640168517206,0.2574389278888702,55.78403196100044,69,59,0.7687948943515068,roc_auc,early_stopping,45954,8051348,175.2045135498047,175.0,175.2045135498047,175.0,0.2268800139427185,0.1452974677085876,/kaggle/working/gfd-robustness-v4-factorial-r1/graphs/base/yelpchi/r60_s2/graph.bin,/kaggle/working/gfd-robustness-v4-factorial-r1/graphs/variants/yelpchi/r60_s2/camouflage_feature_oracle/0.30/seed_1/graph.bin,/kaggle/working/gfd-robustness-v4-factorial-r1/graphs/variants/yelpchi/r60_s2/camouflage_feature_oracle/0.30/seed_1/graph.bin,ok,
gfd_robustness_benchmark_v4_factorial,yelpchi,r60_s2,1,3,camouflage_feature_oracle,0.3,sage,train_clean_eval_all,0.7109586040495384,0.3594937665356785,0.621434267831436,0.6763745546340942,0.1332543239986989,100,100,0.7781531837590027,roc_auc,max_epochs,45954,8051348,175.2045135498047,175.0,175.2045135498047,175.0,0.2268800139427185,0.1452974677085876,/kaggle/working/gfd-robustness-v4-factorial-r1/graphs/base/yelpchi/r60_s2/graph.bin,/kaggle/working/gfd-robustness-v4-factorial-r1/graphs/variants/yelpchi/r60_s2/camouflage_feature_oracle/0.30/seed_1/graph.bin,/kaggle/working/gfd-robustness-v4-factorial-r1/graphs/base/yelpchi/r60_s2/graph.bin,ok,
gfd_robustness_benchmark_v4_factorial,yelpchi,r60_s2,1,3,camouflage_feature_oracle,0.3,sage,train_on_variant,0.7169908845750455,0.3709371552309343,0.6260965853879008,0.6249792575836182,3.3169247260011616,100,100,0.6962027573744151,roc_auc,max_epochs,45954,8051348,175.2045135498047,175.0,175.2045135498047,175.0,0.2268800139427185,0.1452974677085876,/kaggle/working/gfd-robustness-v4-factorial-r1/graphs/base/yelpchi/r60_s2/graph.bin,/kaggle/working/gfd-robustness-v4-factorial-r1/graphs/variants/yelpchi/r60_s2/camouflage_feature_oracle/0.30/seed_1/graph.bin,/kaggle/working/gfd-robustness-v4-factorial-r1/graphs/variants/yelpchi/r60_s2/camouflage_feature_oracle/0.30/seed_1/graph.bin,ok,
gfd_robustness_benchmark_v4_factorial,yelpchi,r60_s2,1,3,camouflage_feature_oracle,0.3,secgfd,train_clean_eval_all,0.7275629176982085,0.3948909434691863,0.6429215816906376,0.6787847280502319,0.1911691860004793,50,50,0.7989556498043899,roc_auc,max_epochs,45954,8051348,175.2045135498047,175.0,175.2045135498047,175.0,0.2268800139427185,0.1452974677085876,/kaggle/working/gfd-robustness-v4-factorial-r1/graphs/base/yelpchi/r60_s2/graph.bin,/kaggle/working/gfd-robustness-v4-factorial-r1/graphs/variants/yelpchi/r60_s2/camouflage_feature_oracle/0.30/seed_1/graph.bin,/kaggle/working/gfd-robustness-v4-factorial-r1/graphs/base/yelpchi/r60_s2/graph.bin,ok,
gfd_robustness_benchmark_v4_factorial,yelpchi,r60_s2,1,3,camouflage_feature_oracle,0.3,secgfd,train_on_variant,0.6935790619626327,0.331621822153023,0.6154761617506672,0.643915593624115,3.17753946800076,32,22,0.6752777042700444,roc_auc,early_stopping,45954,8051348,175.2045135498047,175.0,175.2045135498047,175.0,0.2268800139427185,0.1452974677085876,/kaggle/working/gfd-robustness-v4-factorial-r1/graphs/base/yelpchi/r60_s2/graph.bin,/kaggle/working/gfd-robustness-v4-factorial-r1/graphs/variants/yelpchi/r60_s2/camouflage_feature_oracle/0.30/seed_1/graph.bin,/kaggle/working/gfd-robustness-v4-factorial-r1/graphs/variants/yelpchi/r60_s2/camouflage_feature_oracle/0.30/seed_1/graph.bin,ok,
gfd_robustness_benchmark_v4_factorial,yelpchi,r60_s2,1,4,camouflage_feature_oracle,0.3,mlp,train_clean_eval_all,0.7143416355933754,0.3579235489361505,0.6207744005967339,0.6817144751548767,0.0911230099991371,100,100,0.7873558433879992,roc_auc,max_epochs,45954,8051348,175.2045135498047,175.0,175.2045135498047,175.0,0.2268800139427185,0.1452974677085876,/kaggle/working/gfd-robustness-v4-factorial-r1/graphs/base/yelpchi/r60_s2/graph.bin,/kaggle/working/gfd-robustness-v4-factorial-r1/graphs/variants/yelpchi/r60_s2/camouflage_feature_oracle/0.30/seed_1/graph.bin,/kaggle/working/gfd-robustness-v4-factorial-r1/graphs/base/yelpchi/r60_s2/graph.bin,ok,
gfd_robustness_benchmark_v4_factorial,yelpchi,r60_s2,1,4,camouflage_feature_oracle,0.3,mlp,train_on_variant,0.7100916230166957,0.3544245335999281,0.616062604603157,0.6060619354248047,1.9279693019998376,100,100,0.6908790650769924,roc_auc,max_epochs,45954,8051348,175.2045135498047,175.0,175.2045135498047,175.0,0.2268800139427185,0.1452974677085876,/kaggle/working/gfd-robustness-v4-factorial-r1/graphs/base/yelpchi/r60_s2/graph.bin,/kaggle/working/gfd-robustness-v4-factorial-r1/graphs/variants/yelpchi/r60_s2/camouflage_feature_oracle/0.30/seed_1/graph.bin,/kaggle/working/gfd-robustness-v4-factorial-r1/graphs/variants/yelpchi/r60_s2/camouflage_feature_oracle/0.30/seed_1/graph.bin,ok,
gfd_robustness_benchmark_v4_factorial,yelpchi,r60_s2,1,4,camouflage_feature_oracle,0.3,pmp,train_clean_eval_all,0.7806407932607291,0.5051106027605721,0.6911158692163155,0.2757417559623718,0.2758887260024494,76,66,0.8606669098381956,roc_auc,early_stopping,45954,8051348,175.2045135498047,175.0,175.2045135498047,175.0,0.2268800139427185,0.1452974677085876,/kaggle/working/gfd-robustness-v4-factorial-r1/graphs/base/yelpchi/r60_s2/graph.bin,/kaggle/working/gfd-robustness-v4-factorial-r1/graphs/variants/yelpchi/r60_s2/camouflage_feature_oracle/0.30/seed_1/graph.bin,/kaggle/working/gfd-robustness-v4-factorial-r1/graphs/base/yelpchi/r60_s2/graph.bin,ok,
gfd_robustness_benchmark_v4_factorial,yelpchi,r60_s2,1,4,camouflage_feature_oracle,0.3,pmp,train_on_variant,0.7730134658127736,0.4695512263820703,0.6727759857445015,0.2852012515068054,45.439217962997645,57,47,0.763237042175956,roc_auc,early_stopping,45954,8051348,175.2045135498047,175.0,175.2045135498047,175.0,0.2268800139427185,0.1452974677085876,/kaggle/working/gfd-robustness-v4-factorial-r1/graphs/base/yelpchi/r60_s2/graph.bin,/kaggle/working/gfd-robustness-v4-factorial-r1/graphs/variants/yelpchi/r60_s2/camouflage_feature_oracle/0.30/seed_1/graph.bin,/kaggle/working/gfd-robustness-v4-factorial-r1/graphs/variants/yelpchi/r60_s2/camouflage_feature_oracle/0.30/seed_1/graph.bin,ok,
gfd_robustness_benchmark_v4_factorial,yelpchi,r60_s2,1,4,camouflage_feature_oracle,0.3,sage,train_clean_eval_all,0.714138407883825,0.3628280474784933,0.6237514519508669,0.695338249206543,0.1374686760027543,100,100,0.7833725030217639,roc_auc,max_epochs,45954,8051348,175.2045135498047,175.0,175.2045135498047,175.0,0.2268800139427185,0.1452974677085876,/kaggle/working/gfd-robustness-v4-factorial-r1/graphs/base/yelpchi/r60_s2/graph.bin,/kaggle/working/gfd-robustness-v4-factorial-r1/graphs/variants/yelpchi/r60_s2/camouflage_feature_oracle/0.30/seed_1/graph.bin,/kaggle/working/gfd-robustness-v4-factorial-r1/graphs/base/yelpchi/r60_s2/graph.bin,ok,
gfd_robustness_benchmark_v4_factorial,yelpchi,r60_s2,1,4,camouflage_feature_oracle,0.3,sage,train_on_variant,0.5239475224703343,0.159862929797755,0.5109902468942014,0.4506177008152008,0.7536459609982558,18,8,0.5348389942234841,roc_auc,early_stopping,45954,8051348,175.2045135498047,175.0,175.2045135498047,175.0,0.2268800139427185,0.1452974677085876,/kaggle/working/gfd-robustness-v4-factorial-r1/graphs/base/yelpchi/r60_s2/graph.bin,/kaggle/working/gfd-robustness-v4-factorial-r1/graphs/variants/yelpchi/r60_s2/camouflage_feature_oracle/0.30/seed_1/graph.bin,/kaggle/working/gfd-robustness-v4-factorial-r1/graphs/variants/yelpchi/r60_s2/camouflage_feature_oracle/0.30/seed_1/graph.bin,ok,
gfd_robustness_benchmark_v4_factorial,yelpchi,r60_s2,1,4,camouflage_feature_oracle,0.3,secgfd,train_clean_eval_all,0.7154783959321682,0.3589910279422429,0.62726355867403,0.7039106488227844,0.1844974740015459,50,50,0.786382585104075,roc_auc,max_epochs,45954,8051348,175.2045135498047,175.0,175.2045135498047,175.0,0.2268800139427185,0.1452974677085876,/kaggle/working/gfd-robustness-v4-factorial-r1/graphs/base/yelpchi/r60_s2/graph.bin,/kaggle/working/gfd-robustness-v4-factorial-r1/graphs/variants/yelpchi/r60_s2/camouflage_feature_oracle/0.30/seed_1/graph.bin,/kaggle/working/gfd-robustness-v4-factorial-r1/graphs/base/yelpchi/r60_s2/graph.bin,ok,
gfd_robustness_benchmark_v4_factorial,yelpchi,r60_s2,1,4,camouflage_feature_oracle,0.3,secgfd,train_on_variant,0.7191229652456798,0.3712149560986816,0.6277167233235333,0.6463384032249451,4.697270634998858,50,49,0.6980619705953173,roc_auc,max_epochs,45954,8051348,175.2045135498047,175.0,175.2045135498047,175.0,0.2268800139427185,0.1452974677085876,/kaggle/working/gfd-robustness-v4-factorial-r1/graphs/base/yelpchi/r60_s2/graph.bin,/kaggle/working/gfd-robustness-v4-factorial-r1/graphs/variants/yelpchi/r60_s2/camouflage_feature_oracle/0.30/seed_1/graph.bin,/kaggle/working/gfd-robustness-v4-factorial-r1/graphs/variants/yelpchi/r60_s2/camouflage_feature_oracle/0.30/seed_1/graph.bin,ok,
gfd_robustness_benchmark_v4_factorial,yelpchi,r60_s2,0,0,camouflage_relation_oracle,0.15,mlp,train_clean_eval_all,0.8100983305791676,0.4587374752549941,0.6746461063940257,0.6971318125724792,0.1016212590002396,100,100,0.7956221495886349,roc_auc,max_epochs,45954,8071230,175.6371612548828,176.0,175.6371612548828,176.0,0.2312477827072143,0.1452974677085876,/kaggle/working/gfd-robustness-v4-factorial-r1/graphs/base/yelpchi/r60_s2/graph.bin,/kaggle/working/gfd-robustness-v4-factorial-r1/graphs/variants/yelpchi/r60_s2/camouflage_relation_oracle/0.15/seed_0/graph.bin,/kaggle/working/gfd-robustness-v4-factorial-r1/graphs/base/yelpchi/r60_s2/graph.bin,ok,
gfd_robustness_benchmark_v4_factorial,yelpchi,r60_s2,0,0,camouflage_relation_oracle,0.15,mlp,train_on_variant,0.8100983305791676,0.4587374752549941,0.6746461063940257,0.6971318125724792,1.8239405849999453,100,100,0.7956221495886349,roc_auc,max_epochs,45954,8071230,175.6371612548828,176.0,175.6371612548828,176.0,0.2312477827072143,0.1452974677085876,/kaggle/working/gfd-robustness-v4-factorial-r1/graphs/base/yelpchi/r60_s2/graph.bin,/kaggle/working/gfd-robustness-v4-factorial-r1/graphs/variants/yelpchi/r60_s2/camouflage_relation_oracle/0.15/seed_0/graph.bin,/kaggle/working/gfd-robustness-v4-factorial-r1/graphs/variants/yelpchi/r60_s2/camouflage_relation_oracle/0.15/seed_0/graph.bin,ok,
gfd_robustness_benchmark_v4_factorial,yelpchi,r60_s2,0,0,camouflage_relation_oracle,0.15,pmp,train_clean_eval_all,0.8551048361525422,0.5893575023687118,0.7255768401041268,0.2557673752307892,0.3357361490016046,55,45,0.8496737448653855,roc_auc,early_stopping,45954,8071230,175.6371612548828,176.0,175.6371612548828,176.0,0.2312477827072143,0.1452974677085876,/kaggle/working/gfd-robustness-v4-factorial-r1/graphs/base/yelpchi/r60_s2/graph.bin,/kaggle/working/gfd-robustness-v4-factorial-r1/graphs/variants/yelpchi/r60_s2/camouflage_relation_oracle/0.15/seed_0/graph.bin,/kaggle/working/gfd-robustness-v4-factorial-r1/graphs/base/yelpchi/r60_s2/graph.bin,ok,
gfd_robustness_benchmark_v4_factorial,yelpchi,r60_s2,0,0,camouflage_relation_oracle,0.15,pmp,train_on_variant,0.855756393907704,0.5915359375875907,0.7275717969236241,0.4246402084827423,52.48733940500097,66,56,0.8464098584598659,roc_auc,early_stopping,45954,8071230,175.6371612548828,176.0,175.6371612548828,176.0,0.2312477827072143,0.1452974677085876,/kaggle/working/gfd-robustness-v4-factorial-r1/graphs/base/yelpchi/r60_s2/graph.bin,/kaggle/working/gfd-robustness-v4-factorial-r1/graphs/variants/yelpchi/r60_s2/camouflage_relation_oracle/0.15/seed_0/graph.bin,/kaggle/working/gfd-robustness-v4-factorial-r1/graphs/variants/yelpchi/r60_s2/camouflage_relation_oracle/0.15/seed_0/graph.bin,ok,
gfd_robustness_benchmark_v4_factorial,yelpchi,r60_s2,0,0,camouflage_relation_oracle,0.15,sage,train_clean_eval_all,0.8082346000463432,0.4630329031696224,0.6788849728397142,0.6634995937347412,0.1143896399989898,100,100,0.7932715868372682,roc_auc,max_epochs,45954,8071230,175.6371612548828,176.0,175.6371612548828,176.0,0.2312477827072143,0.1452974677085876,/kaggle/working/gfd-robustness-v4-factorial-r1/graphs/base/yelpchi/r60_s2/graph.bin,/kaggle/working/gfd-robustness-v4-factorial-r1/graphs/variants/yelpchi/r60_s2/camouflage_relation_oracle/0.15/seed_0/graph.bin,/kaggle/working/gfd-robustness-v4-factorial-r1/graphs/base/yelpchi/r60_s2/graph.bin,ok,
gfd_robustness_benchmark_v4_factorial,yelpchi,r60_s2,0,0,camouflage_relation_oracle,0.15,sage,train_on_variant,0.791375513357196,0.4392110816592685,0.6574951055698263,0.656505823135376,3.332030898000085,100,100,0.7771352009860367,roc_auc,max_epochs,45954,8071230,175.6371612548828,176.0,175.6371612548828,176.0,0.2312477827072143,0.1452974677085876,/kaggle/working/gfd-robustness-v4-factorial-r1/graphs/base/yelpchi/r60_s2/graph.bin,/kaggle/working/gfd-robustness-v4-factorial-r1/graphs/variants/yelpchi/r60_s2/camouflage_relation_oracle/0.15/seed_0/graph.bin,/kaggle/working/gfd-robustness-v4-factorial-r1/graphs/variants/yelpchi/r60_s2/camouflage_relation_oracle/0.15/seed_0/graph.bin,ok,
gfd_robustness_benchmark_v4_factorial,yelpchi,r60_s2,0,0,camouflage_relation_oracle,0.15,secgfd,train_clean_eval_all,0.8212791893300975,0.4868420676527741,0.6881074040479511,0.6121960878372192,0.2059471840002515,50,50,0.8036778501729617,roc_auc,max_epochs,45954,8071230,175.6371612548828,176.0,175.6371612548828,176.0,0.2312477827072143,0.1452974677085876,/kaggle/working/gfd-robustness-v4-factorial-r1/graphs/base/yelpchi/r60_s2/graph.bin,/kaggle/working/gfd-robustness-v4-factorial-r1/graphs/variants/yelpchi/r60_s2/camouflage_relation_oracle/0.15/seed_0/graph.bin,/kaggle/working/gfd-robustness-v4-factorial-r1/graphs/base/yelpchi/r60_s2/graph.bin,ok,
gfd_robustness_benchmark_v4_factorial,yelpchi,r60_s2,0,0,camouflage_relation_oracle,0.15,secgfd,train_on_variant,0.8277008705348976,0.5131304141920953,0.6960248675213261,0.574353814125061,4.776353981000284,50,46,0.8120676016850357,roc_auc,max_epochs,45954,8071230,175.6371612548828,176.0,175.6371612548828,176.0,0.2312477827072143,0.1452974677085876,/kaggle/working/gfd-robustness-v4-factorial-r1/graphs/base/yelpchi/r60_s2/graph.bin,/kaggle/working/gfd-robustness-v4-factorial-r1/graphs/variants/yelpchi/r60_s2/camouflage_relation_oracle/0.15/seed_0/graph.bin,/kaggle/working/gfd-robustness-v4-factorial-r1/graphs/variants/yelpchi/r60_s2/camouflage_relation_oracle/0.15/seed_0/graph.bin,ok,
gfd_robustness_benchmark_v4_factorial,yelpchi,r60_s2,0,1,camouflage_relation_oracle,0.15,mlp,train_clean_eval_all,0.8014226606613657,0.4473605327471914,0.6604104662698413,0.655698835849762,0.0972999709993018,100,100,0.7890084561707159,roc_auc,max_epochs,45954,8071230,175.6371612548828,176.0,175.6371612548828,176.0,0.2312477827072143,0.1452974677085876,/kaggle/working/gfd-robustness-v4-factorial-r1/graphs/base/yelpchi/r60_s2/graph.bin,/kaggle/working/gfd-robustness-v4-factorial-r1/graphs/variants/yelpchi/r60_s2/camouflage_relation_oracle/0.15/seed_0/graph.bin,/kaggle/working/gfd-robustness-v4-factorial-r1/graphs/base/yelpchi/r60_s2/graph.bin,ok,
gfd_robustness_benchmark_v4_factorial,yelpchi,r60_s2,0,1,camouflage_relation_oracle,0.15,mlp,train_on_variant,0.8014226606613657,0.4473605327471914,0.6604104662698413,0.655698835849762,1.8799745959986467,100,100,0.7890084561707159,roc_auc,max_epochs,45954,8071230,175.6371612548828,176.0,175.6371612548828,176.0,0.2312477827072143,0.1452974677085876,/kaggle/working/gfd-robustness-v4-factorial-r1/graphs/base/yelpchi/r60_s2/graph.bin,/kaggle/working/gfd-robustness-v4-factorial-r1/graphs/variants/yelpchi/r60_s2/camouflage_relation_oracle/0.15/seed_0/graph.bin,/kaggle/working/gfd-robustness-v4-factorial-r1/graphs/variants/yelpchi/r60_s2/camouflage_relation_oracle/0.15/seed_0/graph.bin,ok,
gfd_robustness_benchmark_v4_factorial,yelpchi,r60_s2,0,1,camouflage_relation_oracle,0.15,pmp,train_clean_eval_all,0.8562289245338244,0.6039142894505412,0.7345773649163658,0.4313299655914306,0.296725113003049,59,49,0.8501764424005321,roc_auc,early_stopping,45954,8071230,175.6371612548828,176.0,175.6371612548828,176.0,0.2312477827072143,0.1452974677085876,/kaggle/working/gfd-robustness-v4-factorial-r1/graphs/base/yelpchi/r60_s2/graph.bin,/kaggle/working/gfd-robustness-v4-factorial-r1/graphs/variants/yelpchi/r60_s2/camouflage_relation_oracle/0.15/seed_0/graph.bin,/kaggle/working/gfd-robustness-v4-factorial-r1/graphs/base/yelpchi/r60_s2/graph.bin,ok,
gfd_robustness_benchmark_v4_factorial,yelpchi,r60_s2,0,1,camouflage_relation_oracle,0.15,pmp,train_on_variant,0.8532172385117748,0.5964795660809309,0.7279650955946728,0.2793132066726684,38.64811268099948,48,38,0.8456439635051984,roc_auc,early_stopping,45954,8071230,175.6371612548828,176.0,175.6371612548828,176.0,0.2312477827072143,0.1452974677085876,/kaggle/working/gfd-robustness-v4-factorial-r1/graphs/base/yelpchi/r60_s2/graph.bin,/kaggle/working/gfd-robustness-v4-factorial-r1/graphs/variants/yelpchi/r60_s2/camouflage_relation_oracle/0.15/seed_0/graph.bin,/kaggle/working/gfd-robustness-v4-factorial-r1/graphs/variants/yelpchi/r60_s2/camouflage_relation_oracle/0.15/seed_0/graph.bin,ok,
gfd_robustness_benchmark_v4_factorial,yelpchi,r60_s2,0,1,camouflage_relation_oracle,0.15,sage,train_clean_eval_all,0.6221356135742772,0.1987553869873235,0.5413844029095601,0.2929745614528656,0.1349589319979713,23,13,0.6051568098756249,roc_auc,early_stopping,45954,8071230,175.6371612548828,176.0,175.6371612548828,176.0,0.2312477827072143,0.1452974677085876,/kaggle/working/gfd-robustness-v4-factorial-r1/graphs/base/yelpchi/r60_s2/graph.bin,/kaggle/working/gfd-robustness-v4-factorial-r1/graphs/variants/yelpchi/r60_s2/camouflage_relation_oracle/0.15/seed_0/graph.bin,/kaggle/working/gfd-robustness-v4-factorial-r1/graphs/base/yelpchi/r60_s2/graph.bin,ok,
gfd_robustness_benchmark_v4_factorial,yelpchi,r60_s2,0,1,camouflage_relation_oracle,0.15,sage,train_on_variant,0.6223739035422028,0.1985504424480706,0.541484092933975,0.2948393821716308,0.91745574900051,23,13,0.6080600395272936,roc_auc,early_stopping,45954,8071230,175.6371612548828,176.0,175.6371612548828,176.0,0.2312477827072143,0.1452974677085876,/kaggle/working/gfd-robustness-v4-factorial-r1/graphs/base/yelpchi/r60_s2/graph.bin,/kaggle/working/gfd-robustness-v4-factorial-r1/graphs/variants/yelpchi/r60_s2/camouflage_relation_oracle/0.15/seed_0/graph.bin,/kaggle/working/gfd-robustness-v4-factorial-r1/graphs/variants/yelpchi/r60_s2/camouflage_relation_oracle/0.15/seed_0/graph.bin,ok,
gfd_robustness_benchmark_v4_factorial,yelpchi,r60_s2,0,1,camouflage_relation_oracle,0.15,secgfd,train_clean_eval_all,0.8013878365976804,0.4553930813961312,0.6663866979411319,0.6578896045684814,0.189882981001574,50,50,0.7875019370281101,roc_auc,max_epochs,45954,8071230,175.6371612548828,176.0,175.6371612548828,176.0,0.2312477827072143,0.1452974677085876,/kaggle/working/gfd-robustness-v4-factorial-r1/graphs/base/yelpchi/r60_s2/graph.bin,/kaggle/working/gfd-robustness-v4-factorial-r1/graphs/variants/yelpchi/r60_s2/camouflage_relation_oracle/0.15/seed_0/graph.bin,/kaggle/working/gfd-robustness-v4-factorial-r1/graphs/base/yelpchi/r60_s2/graph.bin,ok,
gfd_robustness_benchmark_v4_factorial,yelpchi,r60_s2,0,1,camouflage_relation_oracle,0.15,secgfd,train_on_variant,0.8171475595143725,0.47797817638267,0.6889197976322715,0.6900898218154907,4.810325173999445,50,50,0.8023405021253669,roc_auc,max_epochs,45954,8071230,175.6371612548828,176.0,175.6371612548828,176.0,0.2312477827072143,0.1452974677085876,/kaggle/working/gfd-robustness-v4-factorial-r1/graphs/base/yelpchi/r60_s2/graph.bin,/kaggle/working/gfd-robustness-v4-factorial-r1/graphs/variants/yelpchi/r60_s2/camouflage_relation_oracle/0.15/seed_0/graph.bin,/kaggle/working/gfd-robustness-v4-factorial-r1/graphs/variants/yelpchi/r60_s2/camouflage_relation_oracle/0.15/seed_0/graph.bin,ok,
gfd_robustness_benchmark_v4_factorial,yelpchi,r60_s2,0,2,camouflage_relation_oracle,0.15,mlp,train_clean_eval_all,0.8051940448278595,0.4504607236347623,0.6638554700899604,0.6557482481002808,0.0902666219990351,100,100,0.7907452730554025,roc_auc,max_epochs,45954,8071230,175.6371612548828,176.0,175.6371612548828,176.0,0.2312477827072143,0.1452974677085876,/kaggle/working/gfd-robustness-v4-factorial-r1/graphs/base/yelpchi/r60_s2/graph.bin,/kaggle/working/gfd-robustness-v4-factorial-r1/graphs/variants/yelpchi/r60_s2/camouflage_relation_oracle/0.15/seed_0/graph.bin,/kaggle/working/gfd-robustness-v4-factorial-r1/graphs/base/yelpchi/r60_s2/graph.bin,ok,
gfd_robustness_benchmark_v4_factorial,yelpchi,r60_s2,0,2,camouflage_relation_oracle,0.15,mlp,train_on_variant,0.8051940448278595,0.4504607236347623,0.6638554700899604,0.6557482481002808,1.854355013998429,100,100,0.7907452730554025,roc_auc,max_epochs,45954,8071230,175.6371612548828,176.0,175.6371612548828,176.0,0.2312477827072143,0.1452974677085876,/kaggle/working/gfd-robustness-v4-factorial-r1/graphs/base/yelpchi/r60_s2/graph.bin,/kaggle/working/gfd-robustness-v4-factorial-r1/graphs/variants/yelpchi/r60_s2/camouflage_relation_oracle/0.15/seed_0/graph.bin,/kaggle/working/gfd-robustness-v4-factorial-r1/graphs/variants/yelpchi/r60_s2/camouflage_relation_oracle/0.15/seed_0/graph.bin,ok,
gfd_robustness_benchmark_v4_factorial,yelpchi,r60_s2,0,2,camouflage_relation_oracle,0.15,pmp,train_clean_eval_all,0.8491061410783322,0.5796548835263232,0.7235923313475411,0.1901807934045791,0.2778998790017795,40,30,0.8440517144784805,roc_auc,early_stopping,45954,8071230,175.6371612548828,176.0,175.6371612548828,176.0,0.2312477827072143,0.1452974677085876,/kaggle/working/gfd-robustness-v4-factorial-r1/graphs/base/yelpchi/r60_s2/graph.bin,/kaggle/working/gfd-robustness-v4-factorial-r1/graphs/variants/yelpchi/r60_s2/camouflage_relation_oracle/0.15/seed_0/graph.bin,/kaggle/working/gfd-robustness-v4-factorial-r1/graphs/base/yelpchi/r60_s2/graph.bin,ok,
gfd_robustness_benchmark_v4_factorial,yelpchi,r60_s2,0,2,camouflage_relation_oracle,0.15,pmp,train_on_variant,0.8530185365013354,0.5875265051034597,0.7245920535285908,0.2760981023311615,42.9639394170008,53,43,0.8462962353709677,roc_auc,early_stopping,45954,8071230,175.6371612548828,176.0,175.6371612548828,176.0,0.2312477827072143,0.1452974677085876,/kaggle/working/gfd-robustness-v4-factorial-r1/graphs/base/yelpchi/r60_s2/graph.bin,/kaggle/working/gfd-robustness-v4-factorial-r1/graphs/variants/yelpchi/r60_s2/camouflage_relation_oracle/0.15/seed_0/graph.bin,/kaggle/working/gfd-robustness-v4-factorial-r1/graphs/variants/yelpchi/r60_s2/camouflage_relation_oracle/0.15/seed_0/graph.bin,ok,
gfd_robustness_benchmark_v4_factorial,yelpchi,r60_s2,0,2,camouflage_relation_oracle,0.15,sage,train_clean_eval_all,0.8026291167664671,0.4570503055528421,0.6708373425126599,0.6589797139167786,0.1444910559985146,100,100,0.7880997098629895,roc_auc,max_epochs,45954,8071230,175.6371612548828,176.0,175.6371612548828,176.0,0.2312477827072143,0.1452974677085876,/kaggle/working/gfd-robustness-v4-factorial-r1/graphs/base/yelpchi/r60_s2/graph.bin,/kaggle/working/gfd-robustness-v4-factorial-r1/graphs/variants/yelpchi/r60_s2/camouflage_relation_oracle/0.15/seed_0/graph.bin,/kaggle/working/gfd-robustness-v4-factorial-r1/graphs/base/yelpchi/r60_s2/graph.bin,ok,
gfd_robustness_benchmark_v4_factorial,yelpchi,r60_s2,0,2,camouflage_relation_oracle,0.15,sage,train_on_variant,0.8007988287681257,0.4586170921260157,0.6703195561974188,0.6748148202896118,3.3375942519996897,100,100,0.7855666731035601,roc_auc,max_epochs,45954,8071230,175.6371612548828,176.0,175.6371612548828,176.0,0.2312477827072143,0.1452974677085876,/kaggle/working/gfd-robustness-v4-factorial-r1/graphs/base/yelpchi/r60_s2/graph.bin,/kaggle/working/gfd-robustness-v4-factorial-r1/graphs/variants/yelpchi/r60_s2/camouflage_relation_oracle/0.15/seed_0/graph.bin,/kaggle/working/gfd-robustness-v4-factorial-r1/graphs/variants/yelpchi/r60_s2/camouflage_relation_oracle/0.15/seed_0/graph.bin,ok,
gfd_robustness_benchmark_v4_factorial,yelpchi,r60_s2,0,2,camouflage_relation_oracle,0.15,secgfd,train_clean_eval_all,0.8221719430284035,0.5047605930730037,0.6955964745818556,0.7028029561042786,0.1941883670006063,50,46,0.8013154149293015,roc_auc,max_epochs,45954,8071230,175.6371612548828,176.0,175.6371612548828,176.0,0.2312477827072143,0.1452974677085876,/kaggle/working/gfd-robustness-v4-factorial-r1/graphs/base/yelpchi/r60_s2/graph.bin,/kaggle/working/gfd-robustness-v4-factorial-r1/graphs/variants/yelpchi/r60_s2/camouflage_relation_oracle/0.15/seed_0/graph.bin,/kaggle/working/gfd-robustness-v4-factorial-r1/graphs/base/yelpchi/r60_s2/graph.bin,ok,
gfd_robustness_benchmark_v4_factorial,yelpchi,r60_s2,0,2,camouflage_relation_oracle,0.15,secgfd,train_on_variant,0.8246209655536179,0.4927756502170406,0.6905452856811499,0.6493560075759888,4.80645545200241,50,46,0.8040509992681014,roc_auc,max_epochs,45954,8071230,175.6371612548828,176.0,175.6371612548828,176.0,0.2312477827072143,0.1452974677085876,/kaggle/working/gfd-robustness-v4-factorial-r1/graphs/base/yelpchi/r60_s2/graph.bin,/kaggle/working/gfd-robustness-v4-factorial-r1/graphs/variants/yelpchi/r60_s2/camouflage_relation_oracle/0.15/seed_0/graph.bin,/kaggle/working/gfd-robustness-v4-factorial-r1/graphs/variants/yelpchi/r60_s2/camouflage_relation_oracle/0.15/seed_0/graph.bin,ok,
gfd_robustness_benchmark_v4_factorial,yelpchi,r60_s2,0,3,camouflage_relation_oracle,0.15,mlp,train_clean_eval_all,0.8033646619693403,0.442421243508313,0.6642026960679807,0.6678695678710938,0.0997766090004006,100,100,0.7883936613288132,roc_auc,max_epochs,45954,8071230,175.6371612548828,176.0,175.6371612548828,176.0,0.2312477827072143,0.1452974677085876,/kaggle/working/gfd-robustness-v4-factorial-r1/graphs/base/yelpchi/r60_s2/graph.bin,/kaggle/working/gfd-robustness-v4-factorial-r1/graphs/variants/yelpchi/r60_s2/camouflage_relation_oracle/0.15/seed_0/graph.bin,/kaggle/working/gfd-robustness-v4-factorial-r1/graphs/base/yelpchi/r60_s2/graph.bin,ok,
gfd_robustness_benchmark_v4_factorial,yelpchi,r60_s2,0,3,camouflage_relation_oracle,0.15,mlp,train_on_variant,0.8033646619693403,0.442421243508313,0.6642026960679807,0.6678695678710938,1.8608742760006864,100,100,0.7883936613288132,roc_auc,max_epochs,45954,8071230,175.6371612548828,176.0,175.6371612548828,176.0,0.2312477827072143,0.1452974677085876,/kaggle/working/gfd-robustness-v4-factorial-r1/graphs/base/yelpchi/r60_s2/graph.bin,/kaggle/working/gfd-robustness-v4-factorial-r1/graphs/variants/yelpchi/r60_s2/camouflage_relation_oracle/0.15/seed_0/graph.bin,/kaggle/working/gfd-robustness-v4-factorial-r1/graphs/variants/yelpchi/r60_s2/camouflage_relation_oracle/0.15/seed_0/graph.bin,ok,
gfd_robustness_benchmark_v4_factorial,yelpchi,r60_s2,0,3,camouflage_relation_oracle,0.15,pmp,train_clean_eval_all,0.8543544276010098,0.5971005054331892,0.7252710512303095,0.2736212313175201,0.2676137769994966,69,59,0.8491953168024374,roc_auc,early_stopping,45954,8071230,175.6371612548828,176.0,175.6371612548828,176.0,0.2312477827072143,0.1452974677085876,/kaggle/working/gfd-robustness-v4-factorial-r1/graphs/base/yelpchi/r60_s2/graph.bin,/kaggle/working/gfd-robustness-v4-factorial-r1/graphs/variants/yelpchi/r60_s2/camouflage_relation_oracle/0.15/seed_0/graph.bin,/kaggle/working/gfd-robustness-v4-factorial-r1/graphs/base/yelpchi/r60_s2/graph.bin,ok,
gfd_robustness_benchmark_v4_factorial,yelpchi,r60_s2,0,3,camouflage_relation_oracle,0.15,pmp,train_on_variant,0.8615765858811908,0.6081965625537084,0.7334294783869577,0.346391350030899,79.03683253199779,100,100,0.8562161079681588,roc_auc,max_epochs,45954,8071230,175.6371612548828,176.0,175.6371612548828,176.0,0.2312477827072143,0.1452974677085876,/kaggle/working/gfd-robustness-v4-factorial-r1/graphs/base/yelpchi/r60_s2/graph.bin,/kaggle/working/gfd-robustness-v4-factorial-r1/graphs/variants/yelpchi/r60_s2/camouflage_relation_oracle/0.15/seed_0/graph.bin,/kaggle/working/gfd-robustness-v4-factorial-r1/graphs/variants/yelpchi/r60_s2/camouflage_relation_oracle/0.15/seed_0/graph.bin,ok,
gfd_robustness_benchmark_v4_factorial,yelpchi,r60_s2,0,3,camouflage_relation_oracle,0.15,sage,train_clean_eval_all,0.7931828870263546,0.4440319240662209,0.6631855809566299,0.6763745546340942,0.1326992150025034,100,100,0.7781531837590027,roc_auc,max_epochs,45954,8071230,175.6371612548828,176.0,175.6371612548828,176.0,0.2312477827072143,0.1452974677085876,/kaggle/working/gfd-robustness-v4-factorial-r1/graphs/base/yelpchi/r60_s2/graph.bin,/kaggle/working/gfd-robustness-v4-factorial-r1/graphs/variants/yelpchi/r60_s2/camouflage_relation_oracle/0.15/seed_0/graph.bin,/kaggle/working/gfd-robustness-v4-factorial-r1/graphs/base/yelpchi/r60_s2/graph.bin,ok,
gfd_robustness_benchmark_v4_factorial,yelpchi,r60_s2,0,3,camouflage_relation_oracle,0.15,sage,train_on_variant,0.7940347188769101,0.445133389927368,0.6661783713147524,0.6636270880699158,3.3537084470008267,100,100,0.7790601658811273,roc_auc,max_epochs,45954,8071230,175.6371612548828,176.0,175.6371612548828,176.0,0.2312477827072143,0.1452974677085876,/kaggle/working/gfd-robustness-v4-factorial-r1/graphs/base/yelpchi/r60_s2/graph.bin,/kaggle/working/gfd-robustness-v4-factorial-r1/graphs/variants/yelpchi/r60_s2/camouflage_relation_oracle/0.15/seed_0/graph.bin,/kaggle/working/gfd-robustness-v4-factorial-r1/graphs/variants/yelpchi/r60_s2/camouflage_relation_oracle/0.15/seed_0/graph.bin,ok,
gfd_robustness_benchmark_v4_factorial,yelpchi,r60_s2,0,3,camouflage_relation_oracle,0.15,secgfd,train_clean_eval_all,0.8186017857360636,0.4914763193045427,0.6851105991502965,0.6787847280502319,0.1868584429976181,50,50,0.7989556498043899,roc_auc,max_epochs,45954,8071230,175.6371612548828,176.0,175.6371612548828,176.0,0.2312477827072143,0.1452974677085876,/kaggle/working/gfd-robustness-v4-factorial-r1/graphs/base/yelpchi/r60_s2/graph.bin,/kaggle/working/gfd-robustness-v4-factorial-r1/graphs/variants/yelpchi/r60_s2/camouflage_relation_oracle/0.15/seed_0/graph.bin,/kaggle/working/gfd-robustness-v4-factorial-r1/graphs/base/yelpchi/r60_s2/graph.bin,ok,
gfd_robustness_benchmark_v4_factorial,yelpchi,r60_s2,0,3,camouflage_relation_oracle,0.15,secgfd,train_on_variant,0.8211895328487627,0.4958366820720359,0.6928617782155733,0.6762977838516235,4.822172496002168,50,50,0.8010385808318851,roc_auc,max_epochs,45954,8071230,175.6371612548828,176.0,175.6371612548828,176.0,0.2312477827072143,0.1452974677085876,/kaggle/working/gfd-robustness-v4-factorial-r1/graphs/base/yelpchi/r60_s2/graph.bin,/kaggle/working/gfd-robustness-v4-factorial-r1/graphs/variants/yelpchi/r60_s2/camouflage_relation_oracle/0.15/seed_0/graph.bin,/kaggle/working/gfd-robustness-v4-factorial-r1/graphs/variants/yelpchi/r60_s2/camouflage_relation_oracle/0.15/seed_0/graph.bin,ok,
gfd_robustness_benchmark_v4_factorial,yelpchi,r60_s2,0,4,camouflage_relation_oracle,0.15,mlp,train_clean_eval_all,0.8016106915496909,0.4485908504844914,0.6622104135282587,0.6817144751548767,0.0893900690025475,100,100,0.7873558433879992,roc_auc,max_epochs,45954,8071230,175.6371612548828,176.0,175.6371612548828,176.0,0.2312477827072143,0.1452974677085876,/kaggle/working/gfd-robustness-v4-factorial-r1/graphs/base/yelpchi/r60_s2/graph.bin,/kaggle/working/gfd-robustness-v4-factorial-r1/graphs/variants/yelpchi/r60_s2/camouflage_relation_oracle/0.15/seed_0/graph.bin,/kaggle/working/gfd-robustness-v4-factorial-r1/graphs/base/yelpchi/r60_s2/graph.bin,ok,
gfd_robustness_benchmark_v4_factorial,yelpchi,r60_s2,0,4,camouflage_relation_oracle,0.15,mlp,train_on_variant,0.8016106915496909,0.4485908504844914,0.6622104135282587,0.6817144751548767,1.6741884850016504,100,100,0.7873558433879992,roc_auc,max_epochs,45954,8071230,175.6371612548828,176.0,175.6371612548828,176.0,0.2312477827072143,0.1452974677085876,/kaggle/working/gfd-robustness-v4-factorial-r1/graphs/base/yelpchi/r60_s2/graph.bin,/kaggle/working/gfd-robustness-v4-factorial-r1/graphs/variants/yelpchi/r60_s2/camouflage_relation_oracle/0.15/seed_0/graph.bin,/kaggle/working/gfd-robustness-v4-factorial-r1/graphs/variants/yelpchi/r60_s2/camouflage_relation_oracle/0.15/seed_0/graph.bin,ok,
gfd_robustness_benchmark_v4_factorial,yelpchi,r60_s2,0,4,camouflage_relation_oracle,0.15,pmp,train_clean_eval_all,0.8729577187275144,0.6329617430695151,0.7487380410022779,0.2757417559623718,0.2774392440005613,76,66,0.8606669098381956,roc_auc,early_stopping,45954,8071230,175.6371612548828,176.0,175.6371612548828,176.0,0.2312477827072143,0.1452974677085876,/kaggle/working/gfd-robustness-v4-factorial-r1/graphs/base/yelpchi/r60_s2/graph.bin,/kaggle/working/gfd-robustness-v4-factorial-r1/graphs/variants/yelpchi/r60_s2/camouflage_relation_oracle/0.15/seed_0/graph.bin,/kaggle/working/gfd-robustness-v4-factorial-r1/graphs/base/yelpchi/r60_s2/graph.bin,ok,
gfd_robustness_benchmark_v4_factorial,yelpchi,r60_s2,0,4,camouflage_relation_oracle,0.15,pmp,train_on_variant,0.8578614156615486,0.6007215193767149,0.7269429750170306,0.4338214695453644,49.7728238790005,63,53,0.847002958586935,roc_auc,early_stopping,45954,8071230,175.6371612548828,176.0,175.6371612548828,176.0,0.2312477827072143,0.1452974677085876,/kaggle/working/gfd-robustness-v4-factorial-r1/graphs/base/yelpchi/r60_s2/graph.bin,/kaggle/working/gfd-robustness-v4-factorial-r1/graphs/variants/yelpchi/r60_s2/camouflage_relation_oracle/0.15/seed_0/graph.bin,/kaggle/working/gfd-robustness-v4-factorial-r1/graphs/variants/yelpchi/r60_s2/camouflage_relation_oracle/0.15/seed_0/graph.bin,ok,
gfd_robustness_benchmark_v4_factorial,yelpchi,r60_s2,0,4,camouflage_relation_oracle,0.15,sage,train_clean_eval_all,0.7967415633346342,0.4490872175358849,0.6688869981236151,0.695338249206543,0.134904942002322,100,100,0.7833725030217639,roc_auc,max_epochs,45954,8071230,175.6371612548828,176.0,175.6371612548828,176.0,0.2312477827072143,0.1452974677085876,/kaggle/working/gfd-robustness-v4-factorial-r1/graphs/base/yelpchi/r60_s2/graph.bin,/kaggle/working/gfd-robustness-v4-factorial-r1/graphs/variants/yelpchi/r60_s2/camouflage_relation_oracle/0.15/seed_0/graph.bin,/kaggle/working/gfd-robustness-v4-factorial-r1/graphs/base/yelpchi/r60_s2/graph.bin,ok,
gfd_robustness_benchmark_v4_factorial,yelpchi,r60_s2,0,4,camouflage_relation_oracle,0.15,sage,train_on_variant,0.8051820874544191,0.4568416500011017,0.6676987278214652,0.6511145234107971,3.3352537640021183,100,100,0.790051995794563,roc_auc,max_epochs,45954,8071230,175.6371612548828,176.0,175.6371612548828,176.0,0.2312477827072143,0.1452974677085876,/kaggle/working/gfd-robustness-v4-factorial-r1/graphs/base/yelpchi/r60_s2/graph.bin,/kaggle/working/gfd-robustness-v4-factorial-r1/graphs/variants/yelpchi/r60_s2/camouflage_relation_oracle/0.15/seed_0/graph.bin,/kaggle/working/gfd-robustness-v4-factorial-r1/graphs/variants/yelpchi/r60_s2/camouflage_relation_oracle/0.15/seed_0/graph.bin,ok,
gfd_robustness_benchmark_v4_factorial,yelpchi,r60_s2,0,4,camouflage_relation_oracle,0.15,secgfd,train_clean_eval_all,0.8052237238862398,0.4499071099332479,0.6686699471353078,0.7039106488227844,0.1723368189996108,50,50,0.786382585104075,roc_auc,max_epochs,45954,8071230,175.6371612548828,176.0,175.6371612548828,176.0,0.2312477827072143,0.1452974677085876,/kaggle/working/gfd-robustness-v4-factorial-r1/graphs/base/yelpchi/r60_s2/graph.bin,/kaggle/working/gfd-robustness-v4-factorial-r1/graphs/variants/yelpchi/r60_s2/camouflage_relation_oracle/0.15/seed_0/graph.bin,/kaggle/working/gfd-robustness-v4-factorial-r1/graphs/base/yelpchi/r60_s2/graph.bin,ok,
gfd_robustness_benchmark_v4_factorial,yelpchi,r60_s2,0,4,camouflage_relation_oracle,0.15,secgfd,train_on_variant,0.8088824896032781,0.4597967983898927,0.6695815121303106,0.6864702105522156,4.859619169998041,50,50,0.7934149626779384,roc_auc,max_epochs,45954,8071230,175.6371612548828,176.0,175.6371612548828,176.0,0.2312477827072143,0.1452974677085876,/kaggle/working/gfd-robustness-v4-factorial-r1/graphs/base/yelpchi/r60_s2/graph.bin,/kaggle/working/gfd-robustness-v4-factorial-r1/graphs/variants/yelpchi/r60_s2/camouflage_relation_oracle/0.15/seed_0/graph.bin,/kaggle/working/gfd-robustness-v4-factorial-r1/graphs/variants/yelpchi/r60_s2/camouflage_relation_oracle/0.15/seed_0/graph.bin,ok,
gfd_robustness_benchmark_v4_factorial,yelpchi,r60_s2,1,0,camouflage_relation_oracle,0.15,mlp,train_clean_eval_all,0.8100983305791676,0.4587374752549941,0.6746461063940257,0.6971318125724792,0.0965924410011211,100,100,0.7956221495886349,roc_auc,max_epochs,45954,8070570,175.622802734375,176.0,175.622802734375,176.0,0.2311030030250549,0.1452974677085876,/kaggle/working/gfd-robustness-v4-factorial-r1/graphs/base/yelpchi/r60_s2/graph.bin,/kaggle/working/gfd-robustness-v4-factorial-r1/graphs/variants/yelpchi/r60_s2/camouflage_relation_oracle/0.15/seed_1/graph.bin,/kaggle/working/gfd-robustness-v4-factorial-r1/graphs/base/yelpchi/r60_s2/graph.bin,ok,
gfd_robustness_benchmark_v4_factorial,yelpchi,r60_s2,1,0,camouflage_relation_oracle,0.15,mlp,train_on_variant,0.8100983305791676,0.4587374752549941,0.6746461063940257,0.6971318125724792,1.951017177001632,100,100,0.7956221495886349,roc_auc,max_epochs,45954,8070570,175.622802734375,176.0,175.622802734375,176.0,0.2311030030250549,0.1452974677085876,/kaggle/working/gfd-robustness-v4-factorial-r1/graphs/base/yelpchi/r60_s2/graph.bin,/kaggle/working/gfd-robustness-v4-factorial-r1/graphs/variants/yelpchi/r60_s2/camouflage_relation_oracle/0.15/seed_1/graph.bin,/kaggle/working/gfd-robustness-v4-factorial-r1/graphs/variants/yelpchi/r60_s2/camouflage_relation_oracle/0.15/seed_1/graph.bin,ok,
gfd_robustness_benchmark_v4_factorial,yelpchi,r60_s2,1,0,camouflage_relation_oracle,0.15,pmp,train_clean_eval_all,0.8540792174561265,0.5810061988147429,0.7255094077093742,0.2557673752307892,0.3072151960004703,55,45,0.8496737448653855,roc_auc,early_stopping,45954,8070570,175.622802734375,176.0,175.622802734375,176.0,0.2311030030250549,0.1452974677085876,/kaggle/working/gfd-robustness-v4-factorial-r1/graphs/base/yelpchi/r60_s2/graph.bin,/kaggle/working/gfd-robustness-v4-factorial-r1/graphs/variants/yelpchi/r60_s2/camouflage_relation_oracle/0.15/seed_1/graph.bin,/kaggle/working/gfd-robustness-v4-factorial-r1/graphs/base/yelpchi/r60_s2/graph.bin,ok,
gfd_robustness_benchmark_v4_factorial,yelpchi,r60_s2,1,0,camouflage_relation_oracle,0.15,pmp,train_on_variant,0.85842488902033,0.6059466176714461,0.732098821044969,0.2497162222862243,57.847815176999575,73,63,0.8492457152938203,roc_auc,early_stopping,45954,8070570,175.622802734375,176.0,175.622802734375,176.0,0.2311030030250549,0.1452974677085876,/kaggle/working/gfd-robustness-v4-factorial-r1/graphs/base/yelpchi/r60_s2/graph.bin,/kaggle/working/gfd-robustness-v4-factorial-r1/graphs/variants/yelpchi/r60_s2/camouflage_relation_oracle/0.15/seed_1/graph.bin,/kaggle/working/gfd-robustness-v4-factorial-r1/graphs/variants/yelpchi/r60_s2/camouflage_relation_oracle/0.15/seed_1/graph.bin,ok,
gfd_robustness_benchmark_v4_factorial,yelpchi,r60_s2,1,0,camouflage_relation_oracle,0.15,sage,train_clean_eval_all,0.8083787554727612,0.4633464857356107,0.678304944997909,0.6634995937347412,0.1145011990010971,100,100,0.7932715868372682,roc_auc,max_epochs,45954,8070570,175.622802734375,176.0,175.622802734375,176.0,0.2311030030250549,0.1452974677085876,/kaggle/working/gfd-robustness-v4-factorial-r1/graphs/base/yelpchi/r60_s2/graph.bin,/kaggle/working/gfd-robustness-v4-factorial-r1/graphs/variants/yelpchi/r60_s2/camouflage_relation_oracle/0.15/seed_1/graph.bin,/kaggle/working/gfd-robustness-v4-factorial-r1/graphs/base/yelpchi/r60_s2/graph.bin,ok,
gfd_robustness_benchmark_v4_factorial,yelpchi,r60_s2,1,0,camouflage_relation_oracle,0.15,sage,train_on_variant,0.799499857845409,0.4532919726761957,0.6633417018354257,0.6386637091636658,3.343221442999493,100,100,0.7833284937431012,roc_auc,max_epochs,45954,8070570,175.622802734375,176.0,175.622802734375,176.0,0.2311030030250549,0.1452974677085876,/kaggle/working/gfd-robustness-v4-factorial-r1/graphs/base/yelpchi/r60_s2/graph.bin,/kaggle/working/gfd-robustness-v4-factorial-r1/graphs/variants/yelpchi/r60_s2/camouflage_relation_oracle/0.15/seed_1/graph.bin,/kaggle/working/gfd-robustness-v4-factorial-r1/graphs/variants/yelpchi/r60_s2/camouflage_relation_oracle/0.15/seed_1/graph.bin,ok,
gfd_robustness_benchmark_v4_factorial,yelpchi,r60_s2,1,0,camouflage_relation_oracle,0.15,secgfd,train_clean_eval_all,0.8213175863141334,0.4869092583923699,0.6869582607632915,0.6121960878372192,0.2177633560022513,50,50,0.8036778501729617,roc_auc,max_epochs,45954,8070570,175.622802734375,176.0,175.622802734375,176.0,0.2311030030250549,0.1452974677085876,/kaggle/working/gfd-robustness-v4-factorial-r1/graphs/base/yelpchi/r60_s2/graph.bin,/kaggle/working/gfd-robustness-v4-factorial-r1/graphs/variants/yelpchi/r60_s2/camouflage_relation_oracle/0.15/seed_1/graph.bin,/kaggle/working/gfd-robustness-v4-factorial-r1/graphs/base/yelpchi/r60_s2/graph.bin,ok,
gfd_robustness_benchmark_v4_factorial,yelpchi,r60_s2,1,0,camouflage_relation_oracle,0.15,secgfd,train_on_variant,0.8268685230099881,0.4982322336257393,0.6924473722896791,0.650452733039856,4.83194389900018,50,50,0.8100022648328673,roc_auc,max_epochs,45954,8070570,175.622802734375,176.0,175.622802734375,176.0,0.2311030030250549,0.1452974677085876,/kaggle/working/gfd-robustness-v4-factorial-r1/graphs/base/yelpchi/r60_s2/graph.bin,/kaggle/working/gfd-robustness-v4-factorial-r1/graphs/variants/yelpchi/r60_s2/camouflage_relation_oracle/0.15/seed_1/graph.bin,/kaggle/working/gfd-robustness-v4-factorial-r1/graphs/variants/yelpchi/r60_s2/camouflage_relation_oracle/0.15/seed_1/graph.bin,ok,
gfd_robustness_benchmark_v4_factorial,yelpchi,r60_s2,1,1,camouflage_relation_oracle,0.15,mlp,train_clean_eval_all,0.8014226606613657,0.4473605327471914,0.6604104662698413,0.655698835849762,0.0960727950005093,100,100,0.7890084561707159,roc_auc,max_epochs,45954,8070570,175.622802734375,176.0,175.622802734375,176.0,0.2311030030250549,0.1452974677085876,/kaggle/working/gfd-robustness-v4-factorial-r1/graphs/base/yelpchi/r60_s2/graph.bin,/kaggle/working/gfd-robustness-v4-factorial-r1/graphs/variants/yelpchi/r60_s2/camouflage_relation_oracle/0.15/seed_1/graph.bin,/kaggle/working/gfd-robustness-v4-factorial-r1/graphs/base/yelpchi/r60_s2/graph.bin,ok,
gfd_robustness_benchmark_v4_factorial,yelpchi,r60_s2,1,1,camouflage_relation_oracle,0.15,mlp,train_on_variant,0.8014226606613657,0.4473605327471914,0.6604104662698413,0.655698835849762,1.9359621580006203,100,100,0.7890084561707159,roc_auc,max_epochs,45954,8070570,175.622802734375,176.0,175.622802734375,176.0,0.2311030030250549,0.1452974677085876,/kaggle/working/gfd-robustness-v4-factorial-r1/graphs/base/yelpchi/r60_s2/graph.bin,/kaggle/working/gfd-robustness-v4-factorial-r1/graphs/variants/yelpchi/r60_s2/camouflage_relation_oracle/0.15/seed_1/graph.bin,/kaggle/working/gfd-robustness-v4-factorial-r1/graphs/variants/yelpchi/r60_s2/camouflage_relation_oracle/0.15/seed_1/graph.bin,ok,
gfd_robustness_benchmark_v4_factorial,yelpchi,r60_s2,1,1,camouflage_relation_oracle,0.15,pmp,train_clean_eval_all,0.8584009742734491,0.6026604008367729,0.73412818292797,0.4313299655914306,0.2954802490021393,59,49,0.8501764424005321,roc_auc,early_stopping,45954,8070570,175.622802734375,176.0,175.622802734375,176.0,0.2311030030250549,0.1452974677085876,/kaggle/working/gfd-robustness-v4-factorial-r1/graphs/base/yelpchi/r60_s2/graph.bin,/kaggle/working/gfd-robustness-v4-factorial-r1/graphs/variants/yelpchi/r60_s2/camouflage_relation_oracle/0.15/seed_1/graph.bin,/kaggle/working/gfd-robustness-v4-factorial-r1/graphs/base/yelpchi/r60_s2/graph.bin,ok,
gfd_robustness_benchmark_v4_factorial,yelpchi,r60_s2,1,1,camouflage_relation_oracle,0.15,pmp,train_on_variant,0.8760451030220617,0.6472943085083501,0.7585747216791283,0.3879846036434173,78.51770758800194,100,98,0.8662236176771397,roc_auc,max_epochs,45954,8070570,175.622802734375,176.0,175.622802734375,176.0,0.2311030030250549,0.1452974677085876,/kaggle/working/gfd-robustness-v4-factorial-r1/graphs/base/yelpchi/r60_s2/graph.bin,/kaggle/working/gfd-robustness-v4-factorial-r1/graphs/variants/yelpchi/r60_s2/camouflage_relation_oracle/0.15/seed_1/graph.bin,/kaggle/working/gfd-robustness-v4-factorial-r1/graphs/variants/yelpchi/r60_s2/camouflage_relation_oracle/0.15/seed_1/graph.bin,ok,
gfd_robustness_benchmark_v4_factorial,yelpchi,r60_s2,1,1,camouflage_relation_oracle,0.15,sage,train_clean_eval_all,0.6235641147694427,0.2000667634494627,0.5417661439350044,0.2929745614528656,0.139310041002318,23,13,0.6051568098756249,roc_auc,early_stopping,45954,8070570,175.622802734375,176.0,175.622802734375,176.0,0.2311030030250549,0.1452974677085876,/kaggle/working/gfd-robustness-v4-factorial-r1/graphs/base/yelpchi/r60_s2/graph.bin,/kaggle/working/gfd-robustness-v4-factorial-r1/graphs/variants/yelpchi/r60_s2/camouflage_relation_oracle/0.15/seed_1/graph.bin,/kaggle/working/gfd-robustness-v4-factorial-r1/graphs/base/yelpchi/r60_s2/graph.bin,ok,
gfd_robustness_benchmark_v4_factorial,yelpchi,r60_s2,1,1,camouflage_relation_oracle,0.15,sage,train_on_variant,0.623973142691196,0.2000535956635057,0.5432990966259031,0.2947042286396026,0.9616721160018642,23,13,0.6083327254045111,roc_auc,early_stopping,45954,8070570,175.622802734375,176.0,175.622802734375,176.0,0.2311030030250549,0.1452974677085876,/kaggle/working/gfd-robustness-v4-factorial-r1/graphs/base/yelpchi/r60_s2/graph.bin,/kaggle/working/gfd-robustness-v4-factorial-r1/graphs/variants/yelpchi/r60_s2/camouflage_relation_oracle/0.15/seed_1/graph.bin,/kaggle/working/gfd-robustness-v4-factorial-r1/graphs/variants/yelpchi/r60_s2/camouflage_relation_oracle/0.15/seed_1/graph.bin,ok,
gfd_robustness_benchmark_v4_factorial,yelpchi,r60_s2,1,1,camouflage_relation_oracle,0.15,secgfd,train_clean_eval_all,0.8014449556843543,0.4554886400520109,0.6661549063836345,0.6578896045684814,0.1857507989989244,50,50,0.7875019370281101,roc_auc,max_epochs,45954,8070570,175.622802734375,176.0,175.622802734375,176.0,0.2311030030250549,0.1452974677085876,/kaggle/working/gfd-robustness-v4-factorial-r1/graphs/base/yelpchi/r60_s2/graph.bin,/kaggle/working/gfd-robustness-v4-factorial-r1/graphs/variants/yelpchi/r60_s2/camouflage_relation_oracle/0.15/seed_1/graph.bin,/kaggle/working/gfd-robustness-v4-factorial-r1/graphs/base/yelpchi/r60_s2/graph.bin,ok,
gfd_robustness_benchmark_v4_factorial,yelpchi,r60_s2,1,1,camouflage_relation_oracle,0.15,secgfd,train_on_variant,0.8132191097692598,0.4727495728518056,0.6785035483099316,0.6840608716011047,4.775408801997401,50,49,0.7973578221367148,roc_auc,max_epochs,45954,8070570,175.622802734375,176.0,175.622802734375,176.0,0.2311030030250549,0.1452974677085876,/kaggle/working/gfd-robustness-v4-factorial-r1/graphs/base/yelpchi/r60_s2/graph.bin,/kaggle/working/gfd-robustness-v4-factorial-r1/graphs/variants/yelpchi/r60_s2/camouflage_relation_oracle/0.15/seed_1/graph.bin,/kaggle/working/gfd-robustness-v4-factorial-r1/graphs/variants/yelpchi/r60_s2/camouflage_relation_oracle/0.15/seed_1/graph.bin,ok,
gfd_robustness_benchmark_v4_factorial,yelpchi,r60_s2,1,2,camouflage_relation_oracle,0.15,mlp,train_clean_eval_all,0.8051940448278595,0.4504607236347623,0.6638554700899604,0.6557482481002808,0.0854975450019992,100,100,0.7907452730554025,roc_auc,max_epochs,45954,8070570,175.622802734375,176.0,175.622802734375,176.0,0.2311030030250549,0.1452974677085876,/kaggle/working/gfd-robustness-v4-factorial-r1/graphs/base/yelpchi/r60_s2/graph.bin,/kaggle/working/gfd-robustness-v4-factorial-r1/graphs/variants/yelpchi/r60_s2/camouflage_relation_oracle/0.15/seed_1/graph.bin,/kaggle/working/gfd-robustness-v4-factorial-r1/graphs/base/yelpchi/r60_s2/graph.bin,ok,
gfd_robustness_benchmark_v4_factorial,yelpchi,r60_s2,1,2,camouflage_relation_oracle,0.15,mlp,train_on_variant,0.8051940448278595,0.4504607236347623,0.6638554700899604,0.6557482481002808,2.009550555001624,100,100,0.7907452730554025,roc_auc,max_epochs,45954,8070570,175.622802734375,176.0,175.622802734375,176.0,0.2311030030250549,0.1452974677085876,/kaggle/working/gfd-robustness-v4-factorial-r1/graphs/base/yelpchi/r60_s2/graph.bin,/kaggle/working/gfd-robustness-v4-factorial-r1/graphs/variants/yelpchi/r60_s2/camouflage_relation_oracle/0.15/seed_1/graph.bin,/kaggle/working/gfd-robustness-v4-factorial-r1/graphs/variants/yelpchi/r60_s2/camouflage_relation_oracle/0.15/seed_1/graph.bin,ok,
gfd_robustness_benchmark_v4_factorial,yelpchi,r60_s2,1,2,camouflage_relation_oracle,0.15,pmp,train_clean_eval_all,0.8496411263521836,0.5736892123154974,0.7214204295077116,0.1901807934045791,0.2752161089993024,40,30,0.8440517144784805,roc_auc,early_stopping,45954,8070570,175.622802734375,176.0,175.622802734375,176.0,0.2311030030250549,0.1452974677085876,/kaggle/working/gfd-robustness-v4-factorial-r1/graphs/base/yelpchi/r60_s2/graph.bin,/kaggle/working/gfd-robustness-v4-factorial-r1/graphs/variants/yelpchi/r60_s2/camouflage_relation_oracle/0.15/seed_1/graph.bin,/kaggle/working/gfd-robustness-v4-factorial-r1/graphs/base/yelpchi/r60_s2/graph.bin,ok,
gfd_robustness_benchmark_v4_factorial,yelpchi,r60_s2,1,2,camouflage_relation_oracle,0.15,pmp,train_on_variant,0.8534493354177591,0.5797088319108075,0.7270917102514205,0.1744519472122192,31.426772692000668,40,30,0.8439823867523966,roc_auc,early_stopping,45954,8070570,175.622802734375,176.0,175.622802734375,176.0,0.2311030030250549,0.1452974677085876,/kaggle/working/gfd-robustness-v4-factorial-r1/graphs/base/yelpchi/r60_s2/graph.bin,/kaggle/working/gfd-robustness-v4-factorial-r1/graphs/variants/yelpchi/r60_s2/camouflage_relation_oracle/0.15/seed_1/graph.bin,/kaggle/working/gfd-robustness-v4-factorial-r1/graphs/variants/yelpchi/r60_s2/camouflage_relation_oracle/0.15/seed_1/graph.bin,ok,
gfd_robustness_benchmark_v4_factorial,yelpchi,r60_s2,1,2,camouflage_relation_oracle,0.15,sage,train_clean_eval_all,0.8030001764546264,0.4581118080260313,0.6698004095164634,0.6589797139167786,0.1446085820025473,100,100,0.7880997098629895,roc_auc,max_epochs,45954,8070570,175.622802734375,176.0,175.622802734375,176.0,0.2311030030250549,0.1452974677085876,/kaggle/working/gfd-robustness-v4-factorial-r1/graphs/base/yelpchi/r60_s2/graph.bin,/kaggle/working/gfd-robustness-v4-factorial-r1/graphs/variants/yelpchi/r60_s2/camouflage_relation_oracle/0.15/seed_1/graph.bin,/kaggle/working/gfd-robustness-v4-factorial-r1/graphs/base/yelpchi/r60_s2/graph.bin,ok,
gfd_robustness_benchmark_v4_factorial,yelpchi,r60_s2,1,2,camouflage_relation_oracle,0.15,sage,train_on_variant,0.8003995668286644,0.4545902023099698,0.666956696620092,0.5984132885932922,3.2003492119984003,100,96,0.784186555475293,roc_auc,max_epochs,45954,8070570,175.622802734375,176.0,175.622802734375,176.0,0.2311030030250549,0.1452974677085876,/kaggle/working/gfd-robustness-v4-factorial-r1/graphs/base/yelpchi/r60_s2/graph.bin,/kaggle/working/gfd-robustness-v4-factorial-r1/graphs/variants/yelpchi/r60_s2/camouflage_relation_oracle/0.15/seed_1/graph.bin,/kaggle/working/gfd-robustness-v4-factorial-r1/graphs/variants/yelpchi/r60_s2/camouflage_relation_oracle/0.15/seed_1/graph.bin,ok,
gfd_robustness_benchmark_v4_factorial,yelpchi,r60_s2,1,2,camouflage_relation_oracle,0.15,secgfd,train_clean_eval_all,0.8226181769607425,0.5050514838667718,0.6965781179704471,0.7028029561042786,0.1969495230005122,50,46,0.8013154149293015,roc_auc,max_epochs,45954,8070570,175.622802734375,176.0,175.622802734375,176.0,0.2311030030250549,0.1452974677085876,/kaggle/working/gfd-robustness-v4-factorial-r1/graphs/base/yelpchi/r60_s2/graph.bin,/kaggle/working/gfd-robustness-v4-factorial-r1/graphs/variants/yelpchi/r60_s2/camouflage_relation_oracle/0.15/seed_1/graph.bin,/kaggle/working/gfd-robustness-v4-factorial-r1/graphs/base/yelpchi/r60_s2/graph.bin,ok,
gfd_robustness_benchmark_v4_factorial,yelpchi,r60_s2,1,2,camouflage_relation_oracle,0.15,secgfd,train_on_variant,0.8270350210983328,0.5006079488882986,0.6927151350868233,0.5894909501075745,4.789912367003126,50,48,0.807144856326155,roc_auc,max_epochs,45954,8070570,175.622802734375,176.0,175.622802734375,176.0,0.2311030030250549,0.1452974677085876,/kaggle/working/gfd-robustness-v4-factorial-r1/graphs/base/yelpchi/r60_s2/graph.bin,/kaggle/working/gfd-robustness-v4-factorial-r1/graphs/variants/yelpchi/r60_s2/camouflage_relation_oracle/0.15/seed_1/graph.bin,/kaggle/working/gfd-robustness-v4-factorial-r1/graphs/variants/yelpchi/r60_s2/camouflage_relation_oracle/0.15/seed_1/graph.bin,ok,
gfd_robustness_benchmark_v4_factorial,yelpchi,r60_s2,1,3,camouflage_relation_oracle,0.15,mlp,train_clean_eval_all,0.8033646619693403,0.442421243508313,0.6642026960679807,0.6678695678710938,0.0989567690012336,100,100,0.7883936613288132,roc_auc,max_epochs,45954,8070570,175.622802734375,176.0,175.622802734375,176.0,0.2311030030250549,0.1452974677085876,/kaggle/working/gfd-robustness-v4-factorial-r1/graphs/base/yelpchi/r60_s2/graph.bin,/kaggle/working/gfd-robustness-v4-factorial-r1/graphs/variants/yelpchi/r60_s2/camouflage_relation_oracle/0.15/seed_1/graph.bin,/kaggle/working/gfd-robustness-v4-factorial-r1/graphs/base/yelpchi/r60_s2/graph.bin,ok,
gfd_robustness_benchmark_v4_factorial,yelpchi,r60_s2,1,3,camouflage_relation_oracle,0.15,mlp,train_on_variant,0.8033646619693403,0.442421243508313,0.6642026960679807,0.6678695678710938,1.8762343550006333,100,100,0.7883936613288132,roc_auc,max_epochs,45954,8070570,175.622802734375,176.0,175.622802734375,176.0,0.2311030030250549,0.1452974677085876,/kaggle/working/gfd-robustness-v4-factorial-r1/graphs/base/yelpchi/r60_s2/graph.bin,/kaggle/working/gfd-robustness-v4-factorial-r1/graphs/variants/yelpchi/r60_s2/camouflage_relation_oracle/0.15/seed_1/graph.bin,/kaggle/working/gfd-robustness-v4-factorial-r1/graphs/variants/yelpchi/r60_s2/camouflage_relation_oracle/0.15/seed_1/graph.bin,ok,
gfd_robustness_benchmark_v4_factorial,yelpchi,r60_s2,1,3,camouflage_relation_oracle,0.15,pmp,train_clean_eval_all,0.8546788487688574,0.5910392562277652,0.7265430464784142,0.2736212313175201,0.2691097850001824,69,59,0.8491953168024374,roc_auc,early_stopping,45954,8070570,175.622802734375,176.0,175.622802734375,176.0,0.2311030030250549,0.1452974677085876,/kaggle/working/gfd-robustness-v4-factorial-r1/graphs/base/yelpchi/r60_s2/graph.bin,/kaggle/working/gfd-robustness-v4-factorial-r1/graphs/variants/yelpchi/r60_s2/camouflage_relation_oracle/0.15/seed_1/graph.bin,/kaggle/working/gfd-robustness-v4-factorial-r1/graphs/base/yelpchi/r60_s2/graph.bin,ok,
gfd_robustness_benchmark_v4_factorial,yelpchi,r60_s2,1,3,camouflage_relation_oracle,0.15,pmp,train_on_variant,0.8768540121894703,0.6401475329306283,0.7461752558717005,0.2464209198951721,78.34911798399844,100,100,0.8600096791804642,roc_auc,max_epochs,45954,8070570,175.622802734375,176.0,175.622802734375,176.0,0.2311030030250549,0.1452974677085876,/kaggle/working/gfd-robustness-v4-factorial-r1/graphs/base/yelpchi/r60_s2/graph.bin,/kaggle/working/gfd-robustness-v4-factorial-r1/graphs/variants/yelpchi/r60_s2/camouflage_relation_oracle/0.15/seed_1/graph.bin,/kaggle/working/gfd-robustness-v4-factorial-r1/graphs/variants/yelpchi/r60_s2/camouflage_relation_oracle/0.15/seed_1/graph.bin,ok,
gfd_robustness_benchmark_v4_factorial,yelpchi,r60_s2,1,3,camouflage_relation_oracle,0.15,sage,train_clean_eval_all,0.7932741632315816,0.4445907556314582,0.662940867705979,0.6763745546340942,0.1325330010004108,100,100,0.7781531837590027,roc_auc,max_epochs,45954,8070570,175.622802734375,176.0,175.622802734375,176.0,0.2311030030250549,0.1452974677085876,/kaggle/working/gfd-robustness-v4-factorial-r1/graphs/base/yelpchi/r60_s2/graph.bin,/kaggle/working/gfd-robustness-v4-factorial-r1/graphs/variants/yelpchi/r60_s2/camouflage_relation_oracle/0.15/seed_1/graph.bin,/kaggle/working/gfd-robustness-v4-factorial-r1/graphs/base/yelpchi/r60_s2/graph.bin,ok,
gfd_robustness_benchmark_v4_factorial,yelpchi,r60_s2,1,3,camouflage_relation_oracle,0.15,sage,train_on_variant,0.7949479573185604,0.4474695534392123,0.6671803209475066,0.6305731534957886,3.0964133349989424,100,100,0.7788129891740989,roc_auc,max_epochs,45954,8070570,175.622802734375,176.0,175.622802734375,176.0,0.2311030030250549,0.1452974677085876,/kaggle/working/gfd-robustness-v4-factorial-r1/graphs/base/yelpchi/r60_s2/graph.bin,/kaggle/working/gfd-robustness-v4-factorial-r1/graphs/variants/yelpchi/r60_s2/camouflage_relation_oracle/0.15/seed_1/graph.bin,/kaggle/working/gfd-robustness-v4-factorial-r1/graphs/variants/yelpchi/r60_s2/camouflage_relation_oracle/0.15/seed_1/graph.bin,ok,
gfd_robustness_benchmark_v4_factorial,yelpchi,r60_s2,1,3,camouflage_relation_oracle,0.15,secgfd,train_clean_eval_all,0.8187399386562924,0.4915196448988809,0.6853998288918014,0.6787847280502319,0.1877561519977462,50,50,0.7989556498043899,roc_auc,max_epochs,45954,8070570,175.622802734375,176.0,175.622802734375,176.0,0.2311030030250549,0.1452974677085876,/kaggle/working/gfd-robustness-v4-factorial-r1/graphs/base/yelpchi/r60_s2/graph.bin,/kaggle/working/gfd-robustness-v4-factorial-r1/graphs/variants/yelpchi/r60_s2/camouflage_relation_oracle/0.15/seed_1/graph.bin,/kaggle/working/gfd-robustness-v4-factorial-r1/graphs/base/yelpchi/r60_s2/graph.bin,ok,
gfd_robustness_benchmark_v4_factorial,yelpchi,r60_s2,1,3,camouflage_relation_oracle,0.15,secgfd,train_on_variant,0.8208476281906655,0.4973398103706955,0.6878065373750358,0.7297972440719604,4.7765863290005655,50,49,0.7996424901718173,roc_auc,max_epochs,45954,8070570,175.622802734375,176.0,175.622802734375,176.0,0.2311030030250549,0.1452974677085876,/kaggle/working/gfd-robustness-v4-factorial-r1/graphs/base/yelpchi/r60_s2/graph.bin,/kaggle/working/gfd-robustness-v4-factorial-r1/graphs/variants/yelpchi/r60_s2/camouflage_relation_oracle/0.15/seed_1/graph.bin,/kaggle/working/gfd-robustness-v4-factorial-r1/graphs/variants/yelpchi/r60_s2/camouflage_relation_oracle/0.15/seed_1/graph.bin,ok,
gfd_robustness_benchmark_v4_factorial,yelpchi,r60_s2,1,4,camouflage_relation_oracle,0.15,mlp,train_clean_eval_all,0.8016106915496909,0.4485908504844914,0.6622104135282587,0.6817144751548767,0.0958385240010102,100,100,0.7873558433879992,roc_auc,max_epochs,45954,8070570,175.622802734375,176.0,175.622802734375,176.0,0.2311030030250549,0.1452974677085876,/kaggle/working/gfd-robustness-v4-factorial-r1/graphs/base/yelpchi/r60_s2/graph.bin,/kaggle/working/gfd-robustness-v4-factorial-r1/graphs/variants/yelpchi/r60_s2/camouflage_relation_oracle/0.15/seed_1/graph.bin,/kaggle/working/gfd-robustness-v4-factorial-r1/graphs/base/yelpchi/r60_s2/graph.bin,ok,
gfd_robustness_benchmark_v4_factorial,yelpchi,r60_s2,1,4,camouflage_relation_oracle,0.15,mlp,train_on_variant,0.8016106915496909,0.4485908504844914,0.6622104135282587,0.6817144751548767,1.755808863999846,100,100,0.7873558433879992,roc_auc,max_epochs,45954,8070570,175.622802734375,176.0,175.622802734375,176.0,0.2311030030250549,0.1452974677085876,/kaggle/working/gfd-robustness-v4-factorial-r1/graphs/base/yelpchi/r60_s2/graph.bin,/kaggle/working/gfd-robustness-v4-factorial-r1/graphs/variants/yelpchi/r60_s2/camouflage_relation_oracle/0.15/seed_1/graph.bin,/kaggle/working/gfd-robustness-v4-factorial-r1/graphs/variants/yelpchi/r60_s2/camouflage_relation_oracle/0.15/seed_1/graph.bin,ok,
gfd_robustness_benchmark_v4_factorial,yelpchi,r60_s2,1,4,camouflage_relation_oracle,0.15,pmp,train_clean_eval_all,0.8671995050123785,0.6192238919010695,0.745352836465663,0.2757417559623718,0.2726938699997845,76,66,0.8606669098381956,roc_auc,early_stopping,45954,8070570,175.622802734375,176.0,175.622802734375,176.0,0.2311030030250549,0.1452974677085876,/kaggle/working/gfd-robustness-v4-factorial-r1/graphs/base/yelpchi/r60_s2/graph.bin,/kaggle/working/gfd-robustness-v4-factorial-r1/graphs/variants/yelpchi/r60_s2/camouflage_relation_oracle/0.15/seed_1/graph.bin,/kaggle/working/gfd-robustness-v4-factorial-r1/graphs/base/yelpchi/r60_s2/graph.bin,ok,
gfd_robustness_benchmark_v4_factorial,yelpchi,r60_s2,1,4,camouflage_relation_oracle,0.15,pmp,train_on_variant,0.860675352451919,0.610579751279777,0.7446498582650811,0.3179076313972473,60.23782387300162,76,66,0.8513252133114956,roc_auc,early_stopping,45954,8070570,175.622802734375,176.0,175.622802734375,176.0,0.2311030030250549,0.1452974677085876,/kaggle/working/gfd-robustness-v4-factorial-r1/graphs/base/yelpchi/r60_s2/graph.bin,/kaggle/working/gfd-robustness-v4-factorial-r1/graphs/variants/yelpchi/r60_s2/camouflage_relation_oracle/0.15/seed_1/graph.bin,/kaggle/working/gfd-robustness-v4-factorial-r1/graphs/variants/yelpchi/r60_s2/camouflage_relation_oracle/0.15/seed_1/graph.bin,ok,
gfd_robustness_benchmark_v4_factorial,yelpchi,r60_s2,1,4,camouflage_relation_oracle,0.15,sage,train_clean_eval_all,0.7967233652603144,0.4493093467965523,0.6684144023802467,0.695338249206543,0.1329650420011603,100,100,0.7833725030217639,roc_auc,max_epochs,45954,8070570,175.622802734375,176.0,175.622802734375,176.0,0.2311030030250549,0.1452974677085876,/kaggle/working/gfd-robustness-v4-factorial-r1/graphs/base/yelpchi/r60_s2/graph.bin,/kaggle/working/gfd-robustness-v4-factorial-r1/graphs/variants/yelpchi/r60_s2/camouflage_relation_oracle/0.15/seed_1/graph.bin,/kaggle/working/gfd-robustness-v4-factorial-r1/graphs/base/yelpchi/r60_s2/graph.bin,ok,
gfd_robustness_benchmark_v4_factorial,yelpchi,r60_s2,1,4,camouflage_relation_oracle,0.15,sage,train_on_variant,0.7977135882257888,0.4478402177617029,0.6624630428875361,0.7028753161430359,3.2239632939999865,100,99,0.7824054909084841,roc_auc,max_epochs,45954,8070570,175.622802734375,176.0,175.622802734375,176.0,0.2311030030250549,0.1452974677085876,/kaggle/working/gfd-robustness-v4-factorial-r1/graphs/base/yelpchi/r60_s2/graph.bin,/kaggle/working/gfd-robustness-v4-factorial-r1/graphs/variants/yelpchi/r60_s2/camouflage_relation_oracle/0.15/seed_1/graph.bin,/kaggle/working/gfd-robustness-v4-factorial-r1/graphs/variants/yelpchi/r60_s2/camouflage_relation_oracle/0.15/seed_1/graph.bin,ok,
gfd_robustness_benchmark_v4_factorial,yelpchi,r60_s2,1,4,camouflage_relation_oracle,0.15,secgfd,train_clean_eval_all,0.805388078222374,0.4496018943089239,0.6700014811722724,0.7039106488227844,0.1695693529982236,50,50,0.786382585104075,roc_auc,max_epochs,45954,8070570,175.622802734375,176.0,175.622802734375,176.0,0.2311030030250549,0.1452974677085876,/kaggle/working/gfd-robustness-v4-factorial-r1/graphs/base/yelpchi/r60_s2/graph.bin,/kaggle/working/gfd-robustness-v4-factorial-r1/graphs/variants/yelpchi/r60_s2/camouflage_relation_oracle/0.15/seed_1/graph.bin,/kaggle/working/gfd-robustness-v4-factorial-r1/graphs/base/yelpchi/r60_s2/graph.bin,ok,
gfd_robustness_benchmark_v4_factorial,yelpchi,r60_s2,1,4,camouflage_relation_oracle,0.15,secgfd,train_on_variant,0.8077025683866483,0.457091776462052,0.6733954998576028,0.6903640627861023,4.704256925000664,50,50,0.790994070905957,roc_auc,max_epochs,45954,8070570,175.622802734375,176.0,175.622802734375,176.0,0.2311030030250549,0.1452974677085876,/kaggle/working/gfd-robustness-v4-factorial-r1/graphs/base/yelpchi/r60_s2/graph.bin,/kaggle/working/gfd-robustness-v4-factorial-r1/graphs/variants/yelpchi/r60_s2/camouflage_relation_oracle/0.15/seed_1/graph.bin,/kaggle/working/gfd-robustness-v4-factorial-r1/graphs/variants/yelpchi/r60_s2/camouflage_relation_oracle/0.15/seed_1/graph.bin,ok,
gfd_robustness_benchmark_v4_factorial,yelpchi,r60_s2,0,0,camouflage_relation_oracle,0.3,mlp,train_clean_eval_all,0.8100983305791676,0.4587374752549941,0.6746461063940257,0.6971318125724792,0.1035736169978918,100,100,0.7956221495886349,roc_auc,max_epochs,45954,8089930,176.04408264160156,176.0,176.04408264160156,176.0,0.2353361546993255,0.1452974677085876,/kaggle/working/gfd-robustness-v4-factorial-r1/graphs/base/yelpchi/r60_s2/graph.bin,/kaggle/working/gfd-robustness-v4-factorial-r1/graphs/variants/yelpchi/r60_s2/camouflage_relation_oracle/0.30/seed_0/graph.bin,/kaggle/working/gfd-robustness-v4-factorial-r1/graphs/base/yelpchi/r60_s2/graph.bin,ok,
gfd_robustness_benchmark_v4_factorial,yelpchi,r60_s2,0,0,camouflage_relation_oracle,0.3,mlp,train_on_variant,0.8100983305791676,0.4587374752549941,0.6746461063940257,0.6971318125724792,1.9355959550011903,100,100,0.7956221495886349,roc_auc,max_epochs,45954,8089930,176.04408264160156,176.0,176.04408264160156,176.0,0.2353361546993255,0.1452974677085876,/kaggle/working/gfd-robustness-v4-factorial-r1/graphs/base/yelpchi/r60_s2/graph.bin,/kaggle/working/gfd-robustness-v4-factorial-r1/graphs/variants/yelpchi/r60_s2/camouflage_relation_oracle/0.30/seed_0/graph.bin,/kaggle/working/gfd-robustness-v4-factorial-r1/graphs/variants/yelpchi/r60_s2/camouflage_relation_oracle/0.30/seed_0/graph.bin,ok,
gfd_robustness_benchmark_v4_factorial,yelpchi,r60_s2,0,0,camouflage_relation_oracle,0.3,pmp,train_clean_eval_all,0.849724303937949,0.5695309070905988,0.7214859879158028,0.2557673752307892,0.3095607290015323,55,45,0.8496737448653855,roc_auc,early_stopping,45954,8089930,176.04408264160156,176.0,176.04408264160156,176.0,0.2353361546993255,0.1452974677085876,/kaggle/working/gfd-robustness-v4-factorial-r1/graphs/base/yelpchi/r60_s2/graph.bin,/kaggle/working/gfd-robustness-v4-factorial-r1/graphs/variants/yelpchi/r60_s2/camouflage_relation_oracle/0.30/seed_0/graph.bin,/kaggle/working/gfd-robustness-v4-factorial-r1/graphs/base/yelpchi/r60_s2/graph.bin,ok,
gfd_robustness_benchmark_v4_factorial,yelpchi,r60_s2,0,0,camouflage_relation_oracle,0.3,pmp,train_on_variant,0.8595751788175177,0.5976850786671274,0.7277384628169968,0.4522497057914734,63.86405339900011,83,73,0.8488047165740469,roc_auc,early_stopping,45954,8089930,176.04408264160156,176.0,176.04408264160156,176.0,0.2353361546993255,0.1452974677085876,/kaggle/working/gfd-robustness-v4-factorial-r1/graphs/base/yelpchi/r60_s2/graph.bin,/kaggle/working/gfd-robustness-v4-factorial-r1/graphs/variants/yelpchi/r60_s2/camouflage_relation_oracle/0.30/seed_0/graph.bin,/kaggle/working/gfd-robustness-v4-factorial-r1/graphs/variants/yelpchi/r60_s2/camouflage_relation_oracle/0.30/seed_0/graph.bin,ok,
gfd_robustness_benchmark_v4_factorial,yelpchi,r60_s2,0,0,camouflage_relation_oracle,0.3,sage,train_clean_eval_all,0.8076989001884215,0.46220604069084,0.6772066778641833,0.6634995937347412,0.1124742409992904,100,100,0.7932715868372682,roc_auc,max_epochs,45954,8089930,176.04408264160156,176.0,176.04408264160156,176.0,0.2353361546993255,0.1452974677085876,/kaggle/working/gfd-robustness-v4-factorial-r1/graphs/base/yelpchi/r60_s2/graph.bin,/kaggle/working/gfd-robustness-v4-factorial-r1/graphs/variants/yelpchi/r60_s2/camouflage_relation_oracle/0.30/seed_0/graph.bin,/kaggle/working/gfd-robustness-v4-factorial-r1/graphs/base/yelpchi/r60_s2/graph.bin,ok,
gfd_robustness_benchmark_v4_factorial,yelpchi,r60_s2,0,0,camouflage_relation_oracle,0.3,sage,train_on_variant,0.8156248284998232,0.4839081623164302,0.6884374325713978,0.6472169756889343,3.265782324000611,100,100,0.8006613788779303,roc_auc,max_epochs,45954,8089930,176.04408264160156,176.0,176.04408264160156,176.0,0.2353361546993255,0.1452974677085876,/kaggle/working/gfd-robustness-v4-factorial-r1/graphs/base/yelpchi/r60_s2/graph.bin,/kaggle/working/gfd-robustness-v4-factorial-r1/graphs/variants/yelpchi/r60_s2/camouflage_relation_oracle/0.30/seed_0/graph.bin,/kaggle/working/gfd-robustness-v4-factorial-r1/graphs/variants/yelpchi/r60_s2/camouflage_relation_oracle/0.30/seed_0/graph.bin,ok,
gfd_robustness_benchmark_v4_factorial,yelpchi,r60_s2,0,0,camouflage_relation_oracle,0.3,secgfd,train_clean_eval_all,0.8243236033025598,0.4934808851367256,0.6906959608321684,0.6121960878372192,0.2065326720003213,50,50,0.8036778501729617,roc_auc,max_epochs,45954,8089930,176.04408264160156,176.0,176.04408264160156,176.0,0.2353361546993255,0.1452974677085876,/kaggle/working/gfd-robustness-v4-factorial-r1/graphs/base/yelpchi/r60_s2/graph.bin,/kaggle/working/gfd-robustness-v4-factorial-r1/graphs/variants/yelpchi/r60_s2/camouflage_relation_oracle/0.30/seed_0/graph.bin,/kaggle/working/gfd-robustness-v4-factorial-r1/graphs/base/yelpchi/r60_s2/graph.bin,ok,
gfd_robustness_benchmark_v4_factorial,yelpchi,r60_s2,0,0,camouflage_relation_oracle,0.3,secgfd,train_on_variant,0.8463385093357074,0.5401835107985644,0.7115991115171947,0.5943277478218079,4.849263143001735,50,49,0.8264929182252293,roc_auc,max_epochs,45954,8089930,176.04408264160156,176.0,176.04408264160156,176.0,0.2353361546993255,0.1452974677085876,/kaggle/working/gfd-robustness-v4-factorial-r1/graphs/base/yelpchi/r60_s2/graph.bin,/kaggle/working/gfd-robustness-v4-factorial-r1/graphs/variants/yelpchi/r60_s2/camouflage_relation_oracle/0.30/seed_0/graph.bin,/kaggle/working/gfd-robustness-v4-factorial-r1/graphs/variants/yelpchi/r60_s2/camouflage_relation_oracle/0.30/seed_0/graph.bin,ok,
gfd_robustness_benchmark_v4_factorial,yelpchi,r60_s2,0,1,camouflage_relation_oracle,0.3,mlp,train_clean_eval_all,0.8014226606613657,0.4473605327471914,0.6604104662698413,0.655698835849762,0.0862070080002013,100,100,0.7890084561707159,roc_auc,max_epochs,45954,8089930,176.04408264160156,176.0,176.04408264160156,176.0,0.2353361546993255,0.1452974677085876,/kaggle/working/gfd-robustness-v4-factorial-r1/graphs/base/yelpchi/r60_s2/graph.bin,/kaggle/working/gfd-robustness-v4-factorial-r1/graphs/variants/yelpchi/r60_s2/camouflage_relation_oracle/0.30/seed_0/graph.bin,/kaggle/working/gfd-robustness-v4-factorial-r1/graphs/base/yelpchi/r60_s2/graph.bin,ok,
gfd_robustness_benchmark_v4_factorial,yelpchi,r60_s2,0,1,camouflage_relation_oracle,0.3,mlp,train_on_variant,0.8014226606613657,0.4473605327471914,0.6604104662698413,0.655698835849762,1.8266900969974813,100,100,0.7890084561707159,roc_auc,max_epochs,45954,8089930,176.04408264160156,176.0,176.04408264160156,176.0,0.2353361546993255,0.1452974677085876,/kaggle/working/gfd-robustness-v4-factorial-r1/graphs/base/yelpchi/r60_s2/graph.bin,/kaggle/working/gfd-robustness-v4-factorial-r1/graphs/variants/yelpchi/r60_s2/camouflage_relation_oracle/0.30/seed_0/graph.bin,/kaggle/working/gfd-robustness-v4-factorial-r1/graphs/variants/yelpchi/r60_s2/camouflage_relation_oracle/0.30/seed_0/graph.bin,ok,
gfd_robustness_benchmark_v4_factorial,yelpchi,r60_s2,0,1,camouflage_relation_oracle,0.3,pmp,train_clean_eval_all,0.8567669586997085,0.5995975495296476,0.7281612682033582,0.4313299655914306,0.2996544820016424,59,49,0.8501764424005321,roc_auc,early_stopping,45954,8089930,176.04408264160156,176.0,176.04408264160156,176.0,0.2353361546993255,0.1452974677085876,/kaggle/working/gfd-robustness-v4-factorial-r1/graphs/base/yelpchi/r60_s2/graph.bin,/kaggle/working/gfd-robustness-v4-factorial-r1/graphs/variants/yelpchi/r60_s2/camouflage_relation_oracle/0.30/seed_0/graph.bin,/kaggle/working/gfd-robustness-v4-factorial-r1/graphs/base/yelpchi/r60_s2/graph.bin,ok,
gfd_robustness_benchmark_v4_factorial,yelpchi,r60_s2,0,1,camouflage_relation_oracle,0.3,pmp,train_on_variant,0.8787647147151725,0.6448181819681287,0.7626804500900339,0.289130687713623,76.4101948360003,100,100,0.86712263712371,roc_auc,max_epochs,45954,8089930,176.04408264160156,176.0,176.04408264160156,176.0,0.2353361546993255,0.1452974677085876,/kaggle/working/gfd-robustness-v4-factorial-r1/graphs/base/yelpchi/r60_s2/graph.bin,/kaggle/working/gfd-robustness-v4-factorial-r1/graphs/variants/yelpchi/r60_s2/camouflage_relation_oracle/0.30/seed_0/graph.bin,/kaggle/working/gfd-robustness-v4-factorial-r1/graphs/variants/yelpchi/r60_s2/camouflage_relation_oracle/0.30/seed_0/graph.bin,ok,
gfd_robustness_benchmark_v4_factorial,yelpchi,r60_s2,0,1,camouflage_relation_oracle,0.3,sage,train_clean_eval_all,0.6260159003530616,0.2041478071188573,0.5446086439219797,0.2929745614528656,0.1301465029973769,23,13,0.6051568098756249,roc_auc,early_stopping,45954,8089930,176.04408264160156,176.0,176.04408264160156,176.0,0.2353361546993255,0.1452974677085876,/kaggle/working/gfd-robustness-v4-factorial-r1/graphs/base/yelpchi/r60_s2/graph.bin,/kaggle/working/gfd-robustness-v4-factorial-r1/graphs/variants/yelpchi/r60_s2/camouflage_relation_oracle/0.30/seed_0/graph.bin,/kaggle/working/gfd-robustness-v4-factorial-r1/graphs/base/yelpchi/r60_s2/graph.bin,ok,
gfd_robustness_benchmark_v4_factorial,yelpchi,r60_s2,0,1,camouflage_relation_oracle,0.3,sage,train_on_variant,0.6260729241618596,0.2033229143771329,0.542146576149219,0.2964225709438324,0.9491384780012596,23,13,0.610744843929175,roc_auc,early_stopping,45954,8089930,176.04408264160156,176.0,176.04408264160156,176.0,0.2353361546993255,0.1452974677085876,/kaggle/working/gfd-robustness-v4-factorial-r1/graphs/base/yelpchi/r60_s2/graph.bin,/kaggle/working/gfd-robustness-v4-factorial-r1/graphs/variants/yelpchi/r60_s2/camouflage_relation_oracle/0.30/seed_0/graph.bin,/kaggle/working/gfd-robustness-v4-factorial-r1/graphs/variants/yelpchi/r60_s2/camouflage_relation_oracle/0.30/seed_0/graph.bin,ok,
gfd_robustness_benchmark_v4_factorial,yelpchi,r60_s2,0,1,camouflage_relation_oracle,0.3,secgfd,train_clean_eval_all,0.8035890890063051,0.4580722392754958,0.6670386789676619,0.6578896045684814,0.1913654009986203,50,50,0.7875019370281101,roc_auc,max_epochs,45954,8089930,176.04408264160156,176.0,176.04408264160156,176.0,0.2353361546993255,0.1452974677085876,/kaggle/working/gfd-robustness-v4-factorial-r1/graphs/base/yelpchi/r60_s2/graph.bin,/kaggle/working/gfd-robustness-v4-factorial-r1/graphs/variants/yelpchi/r60_s2/camouflage_relation_oracle/0.30/seed_0/graph.bin,/kaggle/working/gfd-robustness-v4-factorial-r1/graphs/base/yelpchi/r60_s2/graph.bin,ok,
gfd_robustness_benchmark_v4_factorial,yelpchi,r60_s2,0,1,camouflage_relation_oracle,0.3,secgfd,train_on_variant,0.8405549517055502,0.5275209749773384,0.712135288898168,0.7623111605644226,4.819639421999455,50,50,0.823851646295091,roc_auc,max_epochs,45954,8089930,176.04408264160156,176.0,176.04408264160156,176.0,0.2353361546993255,0.1452974677085876,/kaggle/working/gfd-robustness-v4-factorial-r1/graphs/base/yelpchi/r60_s2/graph.bin,/kaggle/working/gfd-robustness-v4-factorial-r1/graphs/variants/yelpchi/r60_s2/camouflage_relation_oracle/0.30/seed_0/graph.bin,/kaggle/working/gfd-robustness-v4-factorial-r1/graphs/variants/yelpchi/r60_s2/camouflage_relation_oracle/0.30/seed_0/graph.bin,ok,
gfd_robustness_benchmark_v4_factorial,yelpchi,r60_s2,0,2,camouflage_relation_oracle,0.3,mlp,train_clean_eval_all,0.8051940448278595,0.4504607236347623,0.6638554700899604,0.6557482481002808,0.0871717840018391,100,100,0.7907452730554025,roc_auc,max_epochs,45954,8089930,176.04408264160156,176.0,176.04408264160156,176.0,0.2353361546993255,0.1452974677085876,/kaggle/working/gfd-robustness-v4-factorial-r1/graphs/base/yelpchi/r60_s2/graph.bin,/kaggle/working/gfd-robustness-v4-factorial-r1/graphs/variants/yelpchi/r60_s2/camouflage_relation_oracle/0.30/seed_0/graph.bin,/kaggle/working/gfd-robustness-v4-factorial-r1/graphs/base/yelpchi/r60_s2/graph.bin,ok,
gfd_robustness_benchmark_v4_factorial,yelpchi,r60_s2,0,2,camouflage_relation_oracle,0.3,mlp,train_on_variant,0.8051940448278595,0.4504607236347623,0.6638554700899604,0.6557482481002808,1.833029388999421,100,100,0.7907452730554025,roc_auc,max_epochs,45954,8089930,176.04408264160156,176.0,176.04408264160156,176.0,0.2353361546993255,0.1452974677085876,/kaggle/working/gfd-robustness-v4-factorial-r1/graphs/base/yelpchi/r60_s2/graph.bin,/kaggle/working/gfd-robustness-v4-factorial-r1/graphs/variants/yelpchi/r60_s2/camouflage_relation_oracle/0.30/seed_0/graph.bin,/kaggle/working/gfd-robustness-v4-factorial-r1/graphs/variants/yelpchi/r60_s2/camouflage_relation_oracle/0.30/seed_0/graph.bin,ok,
gfd_robustness_benchmark_v4_factorial,yelpchi,r60_s2,0,2,camouflage_relation_oracle,0.3,pmp,train_clean_eval_all,0.8453505730392575,0.565510805966532,0.7172954274139401,0.1901807934045791,0.2715885350007738,40,30,0.8440517144784805,roc_auc,early_stopping,45954,8089930,176.04408264160156,176.0,176.04408264160156,176.0,0.2353361546993255,0.1452974677085876,/kaggle/working/gfd-robustness-v4-factorial-r1/graphs/base/yelpchi/r60_s2/graph.bin,/kaggle/working/gfd-robustness-v4-factorial-r1/graphs/variants/yelpchi/r60_s2/camouflage_relation_oracle/0.30/seed_0/graph.bin,/kaggle/working/gfd-robustness-v4-factorial-r1/graphs/base/yelpchi/r60_s2/graph.bin,ok,
gfd_robustness_benchmark_v4_factorial,yelpchi,r60_s2,0,2,camouflage_relation_oracle,0.3,pmp,train_on_variant,0.8717430687250753,0.6297872662841586,0.7527417044248622,0.3232255280017853,76.03360783300013,100,96,0.8633135696865233,roc_auc,max_epochs,45954,8089930,176.04408264160156,176.0,176.04408264160156,176.0,0.2353361546993255,0.1452974677085876,/kaggle/working/gfd-robustness-v4-factorial-r1/graphs/base/yelpchi/r60_s2/graph.bin,/kaggle/working/gfd-robustness-v4-factorial-r1/graphs/variants/yelpchi/r60_s2/camouflage_relation_oracle/0.30/seed_0/graph.bin,/kaggle/working/gfd-robustness-v4-factorial-r1/graphs/variants/yelpchi/r60_s2/camouflage_relation_oracle/0.30/seed_0/graph.bin,ok,
gfd_robustness_benchmark_v4_factorial,yelpchi,r60_s2,0,2,camouflage_relation_oracle,0.3,sage,train_clean_eval_all,0.801083471422735,0.4537906708689689,0.667924569510733,0.6589797139167786,0.155570931998227,100,100,0.7880997098629895,roc_auc,max_epochs,45954,8089930,176.04408264160156,176.0,176.04408264160156,176.0,0.2353361546993255,0.1452974677085876,/kaggle/working/gfd-robustness-v4-factorial-r1/graphs/base/yelpchi/r60_s2/graph.bin,/kaggle/working/gfd-robustness-v4-factorial-r1/graphs/variants/yelpchi/r60_s2/camouflage_relation_oracle/0.30/seed_0/graph.bin,/kaggle/working/gfd-robustness-v4-factorial-r1/graphs/base/yelpchi/r60_s2/graph.bin,ok,
gfd_robustness_benchmark_v4_factorial,yelpchi,r60_s2,0,2,camouflage_relation_oracle,0.3,sage,train_on_variant,0.8081113581137115,0.4669106228721245,0.6717658653640142,0.6331477761268616,3.175016967001284,100,100,0.7927470992259039,roc_auc,max_epochs,45954,8089930,176.04408264160156,176.0,176.04408264160156,176.0,0.2353361546993255,0.1452974677085876,/kaggle/working/gfd-robustness-v4-factorial-r1/graphs/base/yelpchi/r60_s2/graph.bin,/kaggle/working/gfd-robustness-v4-factorial-r1/graphs/variants/yelpchi/r60_s2/camouflage_relation_oracle/0.30/seed_0/graph.bin,/kaggle/working/gfd-robustness-v4-factorial-r1/graphs/variants/yelpchi/r60_s2/camouflage_relation_oracle/0.30/seed_0/graph.bin,ok,
gfd_robustness_benchmark_v4_factorial,yelpchi,r60_s2,0,2,camouflage_relation_oracle,0.3,secgfd,train_clean_eval_all,0.8253229253051941,0.5119520259316815,0.699517870065551,0.7028029561042786,0.1891821270000946,50,46,0.8013154149293015,roc_auc,max_epochs,45954,8089930,176.04408264160156,176.0,176.04408264160156,176.0,0.2353361546993255,0.1452974677085876,/kaggle/working/gfd-robustness-v4-factorial-r1/graphs/base/yelpchi/r60_s2/graph.bin,/kaggle/working/gfd-robustness-v4-factorial-r1/graphs/variants/yelpchi/r60_s2/camouflage_relation_oracle/0.30/seed_0/graph.bin,/kaggle/working/gfd-robustness-v4-factorial-r1/graphs/base/yelpchi/r60_s2/graph.bin,ok,
gfd_robustness_benchmark_v4_factorial,yelpchi,r60_s2,0,2,camouflage_relation_oracle,0.3,secgfd,train_on_variant,0.8449714623705745,0.5388568611315411,0.7142377119120535,0.7891924977302551,4.82123632100047,50,50,0.8246869643372264,roc_auc,max_epochs,45954,8089930,176.04408264160156,176.0,176.04408264160156,176.0,0.2353361546993255,0.1452974677085876,/kaggle/working/gfd-robustness-v4-factorial-r1/graphs/base/yelpchi/r60_s2/graph.bin,/kaggle/working/gfd-robustness-v4-factorial-r1/graphs/variants/yelpchi/r60_s2/camouflage_relation_oracle/0.30/seed_0/graph.bin,/kaggle/working/gfd-robustness-v4-factorial-r1/graphs/variants/yelpchi/r60_s2/camouflage_relation_oracle/0.30/seed_0/graph.bin,ok,
gfd_robustness_benchmark_v4_factorial,yelpchi,r60_s2,0,3,camouflage_relation_oracle,0.3,mlp,train_clean_eval_all,0.8033646619693403,0.442421243508313,0.6642026960679807,0.6678695678710938,0.0947604790017067,100,100,0.7883936613288132,roc_auc,max_epochs,45954,8089930,176.04408264160156,176.0,176.04408264160156,176.0,0.2353361546993255,0.1452974677085876,/kaggle/working/gfd-robustness-v4-factorial-r1/graphs/base/yelpchi/r60_s2/graph.bin,/kaggle/working/gfd-robustness-v4-factorial-r1/graphs/variants/yelpchi/r60_s2/camouflage_relation_oracle/0.30/seed_0/graph.bin,/kaggle/working/gfd-robustness-v4-factorial-r1/graphs/base/yelpchi/r60_s2/graph.bin,ok,
gfd_robustness_benchmark_v4_factorial,yelpchi,r60_s2,0,3,camouflage_relation_oracle,0.3,mlp,train_on_variant,0.8033646619693403,0.442421243508313,0.6642026960679807,0.6678695678710938,2.074051796000276,100,100,0.7883936613288132,roc_auc,max_epochs,45954,8089930,176.04408264160156,176.0,176.04408264160156,176.0,0.2353361546993255,0.1452974677085876,/kaggle/working/gfd-robustness-v4-factorial-r1/graphs/base/yelpchi/r60_s2/graph.bin,/kaggle/working/gfd-robustness-v4-factorial-r1/graphs/variants/yelpchi/r60_s2/camouflage_relation_oracle/0.30/seed_0/graph.bin,/kaggle/working/gfd-robustness-v4-factorial-r1/graphs/variants/yelpchi/r60_s2/camouflage_relation_oracle/0.30/seed_0/graph.bin,ok,
gfd_robustness_benchmark_v4_factorial,yelpchi,r60_s2,0,3,camouflage_relation_oracle,0.3,pmp,train_clean_eval_all,0.8492541076197909,0.5828496509555146,0.7259052127407035,0.2736212313175201,0.2709646490002342,69,59,0.8491953168024374,roc_auc,early_stopping,45954,8089930,176.04408264160156,176.0,176.04408264160156,176.0,0.2353361546993255,0.1452974677085876,/kaggle/working/gfd-robustness-v4-factorial-r1/graphs/base/yelpchi/r60_s2/graph.bin,/kaggle/working/gfd-robustness-v4-factorial-r1/graphs/variants/yelpchi/r60_s2/camouflage_relation_oracle/0.30/seed_0/graph.bin,/kaggle/working/gfd-robustness-v4-factorial-r1/graphs/base/yelpchi/r60_s2/graph.bin,ok,
gfd_robustness_benchmark_v4_factorial,yelpchi,r60_s2,0,3,camouflage_relation_oracle,0.3,pmp,train_on_variant,0.8752009886794638,0.6393992667207606,0.7571596471299863,0.3655652105808258,75.95121021100204,100,90,0.8649981285328413,roc_auc,early_stopping,45954,8089930,176.04408264160156,176.0,176.04408264160156,176.0,0.2353361546993255,0.1452974677085876,/kaggle/working/gfd-robustness-v4-factorial-r1/graphs/base/yelpchi/r60_s2/graph.bin,/kaggle/working/gfd-robustness-v4-factorial-r1/graphs/variants/yelpchi/r60_s2/camouflage_relation_oracle/0.30/seed_0/graph.bin,/kaggle/working/gfd-robustness-v4-factorial-r1/graphs/variants/yelpchi/r60_s2/camouflage_relation_oracle/0.30/seed_0/graph.bin,ok,
gfd_robustness_benchmark_v4_factorial,yelpchi,r60_s2,0,3,camouflage_relation_oracle,0.3,sage,train_clean_eval_all,0.7917666290382575,0.4403506080332443,0.6613305879417946,0.6763745546340942,0.1356415480004216,100,100,0.7781531837590027,roc_auc,max_epochs,45954,8089930,176.04408264160156,176.0,176.04408264160156,176.0,0.2353361546993255,0.1452974677085876,/kaggle/working/gfd-robustness-v4-factorial-r1/graphs/base/yelpchi/r60_s2/graph.bin,/kaggle/working/gfd-robustness-v4-factorial-r1/graphs/variants/yelpchi/r60_s2/camouflage_relation_oracle/0.30/seed_0/graph.bin,/kaggle/working/gfd-robustness-v4-factorial-r1/graphs/base/yelpchi/r60_s2/graph.bin,ok,
gfd_robustness_benchmark_v4_factorial,yelpchi,r60_s2,0,3,camouflage_relation_oracle,0.3,sage,train_on_variant,0.7995766994524189,0.4540960485272005,0.6652327884098623,0.7221906185150146,3.24286333100099,100,100,0.7833676395911857,roc_auc,max_epochs,45954,8089930,176.04408264160156,176.0,176.04408264160156,176.0,0.2353361546993255,0.1452974677085876,/kaggle/working/gfd-robustness-v4-factorial-r1/graphs/base/yelpchi/r60_s2/graph.bin,/kaggle/working/gfd-robustness-v4-factorial-r1/graphs/variants/yelpchi/r60_s2/camouflage_relation_oracle/0.30/seed_0/graph.bin,/kaggle/working/gfd-robustness-v4-factorial-r1/graphs/variants/yelpchi/r60_s2/camouflage_relation_oracle/0.30/seed_0/graph.bin,ok,
gfd_robustness_benchmark_v4_factorial,yelpchi,r60_s2,0,3,camouflage_relation_oracle,0.3,secgfd,train_clean_eval_all,0.8216109468943986,0.4982311792960477,0.687739476852372,0.6787847280502319,0.1878034679975826,50,50,0.7989556498043899,roc_auc,max_epochs,45954,8089930,176.04408264160156,176.0,176.04408264160156,176.0,0.2353361546993255,0.1452974677085876,/kaggle/working/gfd-robustness-v4-factorial-r1/graphs/base/yelpchi/r60_s2/graph.bin,/kaggle/working/gfd-robustness-v4-factorial-r1/graphs/variants/yelpchi/r60_s2/camouflage_relation_oracle/0.30/seed_0/graph.bin,/kaggle/working/gfd-robustness-v4-factorial-r1/graphs/base/yelpchi/r60_s2/graph.bin,ok,
gfd_robustness_benchmark_v4_factorial,yelpchi,r60_s2,0,3,camouflage_relation_oracle,0.3,secgfd,train_on_variant,0.8376439267595156,0.5193696274100292,0.7055927912847813,0.6352739930152893,4.82136119200004,50,47,0.8230716855363005,roc_auc,max_epochs,45954,8089930,176.04408264160156,176.0,176.04408264160156,176.0,0.2353361546993255,0.1452974677085876,/kaggle/working/gfd-robustness-v4-factorial-r1/graphs/base/yelpchi/r60_s2/graph.bin,/kaggle/working/gfd-robustness-v4-factorial-r1/graphs/variants/yelpchi/r60_s2/camouflage_relation_oracle/0.30/seed_0/graph.bin,/kaggle/working/gfd-robustness-v4-factorial-r1/graphs/variants/yelpchi/r60_s2/camouflage_relation_oracle/0.30/seed_0/graph.bin,ok,
gfd_robustness_benchmark_v4_factorial,yelpchi,r60_s2,0,4,camouflage_relation_oracle,0.3,mlp,train_clean_eval_all,0.8016106915496909,0.4485908504844914,0.6622104135282587,0.6817144751548767,0.1012591310027346,100,100,0.7873558433879992,roc_auc,max_epochs,45954,8089930,176.04408264160156,176.0,176.04408264160156,176.0,0.2353361546993255,0.1452974677085876,/kaggle/working/gfd-robustness-v4-factorial-r1/graphs/base/yelpchi/r60_s2/graph.bin,/kaggle/working/gfd-robustness-v4-factorial-r1/graphs/variants/yelpchi/r60_s2/camouflage_relation_oracle/0.30/seed_0/graph.bin,/kaggle/working/gfd-robustness-v4-factorial-r1/graphs/base/yelpchi/r60_s2/graph.bin,ok,
gfd_robustness_benchmark_v4_factorial,yelpchi,r60_s2,0,4,camouflage_relation_oracle,0.3,mlp,train_on_variant,0.8016106915496909,0.4485908504844914,0.6622104135282587,0.6817144751548767,1.9241666350026208,100,100,0.7873558433879992,roc_auc,max_epochs,45954,8089930,176.04408264160156,176.0,176.04408264160156,176.0,0.2353361546993255,0.1452974677085876,/kaggle/working/gfd-robustness-v4-factorial-r1/graphs/base/yelpchi/r60_s2/graph.bin,/kaggle/working/gfd-robustness-v4-factorial-r1/graphs/variants/yelpchi/r60_s2/camouflage_relation_oracle/0.30/seed_0/graph.bin,/kaggle/working/gfd-robustness-v4-factorial-r1/graphs/variants/yelpchi/r60_s2/camouflage_relation_oracle/0.30/seed_0/graph.bin,ok,
gfd_robustness_benchmark_v4_factorial,yelpchi,r60_s2,0,4,camouflage_relation_oracle,0.3,pmp,train_clean_eval_all,0.8668910428887642,0.6079940864451598,0.743472796676389,0.2757417559623718,0.2719517040022765,76,66,0.8606669098381956,roc_auc,early_stopping,45954,8089930,176.04408264160156,176.0,176.04408264160156,176.0,0.2353361546993255,0.1452974677085876,/kaggle/working/gfd-robustness-v4-factorial-r1/graphs/base/yelpchi/r60_s2/graph.bin,/kaggle/working/gfd-robustness-v4-factorial-r1/graphs/variants/yelpchi/r60_s2/camouflage_relation_oracle/0.30/seed_0/graph.bin,/kaggle/working/gfd-robustness-v4-factorial-r1/graphs/base/yelpchi/r60_s2/graph.bin,ok,
gfd_robustness_benchmark_v4_factorial,yelpchi,r60_s2,0,4,camouflage_relation_oracle,0.3,pmp,train_on_variant,0.8532956998426772,0.5848802091393317,0.7316532413940896,0.3441445827484131,41.93229770199832,55,45,0.8441433567683935,roc_auc,early_stopping,45954,8089930,176.04408264160156,176.0,176.04408264160156,176.0,0.2353361546993255,0.1452974677085876,/kaggle/working/gfd-robustness-v4-factorial-r1/graphs/base/yelpchi/r60_s2/graph.bin,/kaggle/working/gfd-robustness-v4-factorial-r1/graphs/variants/yelpchi/r60_s2/camouflage_relation_oracle/0.30/seed_0/graph.bin,/kaggle/working/gfd-robustness-v4-factorial-r1/graphs/variants/yelpchi/r60_s2/camouflage_relation_oracle/0.30/seed_0/graph.bin,ok,
gfd_robustness_benchmark_v4_factorial,yelpchi,r60_s2,0,4,camouflage_relation_oracle,0.3,sage,train_clean_eval_all,0.7950617667414661,0.4463270470030877,0.6675108993894572,0.695338249206543,0.1323087390010187,100,100,0.7833725030217639,roc_auc,max_epochs,45954,8089930,176.04408264160156,176.0,176.04408264160156,176.0,0.2353361546993255,0.1452974677085876,/kaggle/working/gfd-robustness-v4-factorial-r1/graphs/base/yelpchi/r60_s2/graph.bin,/kaggle/working/gfd-robustness-v4-factorial-r1/graphs/variants/yelpchi/r60_s2/camouflage_relation_oracle/0.30/seed_0/graph.bin,/kaggle/working/gfd-robustness-v4-factorial-r1/graphs/base/yelpchi/r60_s2/graph.bin,ok,
gfd_robustness_benchmark_v4_factorial,yelpchi,r60_s2,0,4,camouflage_relation_oracle,0.3,sage,train_on_variant,0.8137736270076954,0.4670163262468674,0.6817685348070398,0.6697030663490295,3.1470976290002,100,100,0.7993434845526478,roc_auc,max_epochs,45954,8089930,176.04408264160156,176.0,176.04408264160156,176.0,0.2353361546993255,0.1452974677085876,/kaggle/working/gfd-robustness-v4-factorial-r1/graphs/base/yelpchi/r60_s2/graph.bin,/kaggle/working/gfd-robustness-v4-factorial-r1/graphs/variants/yelpchi/r60_s2/camouflage_relation_oracle/0.30/seed_0/graph.bin,/kaggle/working/gfd-robustness-v4-factorial-r1/graphs/variants/yelpchi/r60_s2/camouflage_relation_oracle/0.30/seed_0/graph.bin,ok,
gfd_robustness_benchmark_v4_factorial,yelpchi,r60_s2,0,4,camouflage_relation_oracle,0.3,secgfd,train_clean_eval_all,0.8082200701702501,0.4556366447708869,0.6718706349906912,0.7039106488227844,0.1668205930000112,50,50,0.786382585104075,roc_auc,max_epochs,45954,8089930,176.04408264160156,176.0,176.04408264160156,176.0,0.2353361546993255,0.1452974677085876,/kaggle/working/gfd-robustness-v4-factorial-r1/graphs/base/yelpchi/r60_s2/graph.bin,/kaggle/working/gfd-robustness-v4-factorial-r1/graphs/variants/yelpchi/r60_s2/camouflage_relation_oracle/0.30/seed_0/graph.bin,/kaggle/working/gfd-robustness-v4-factorial-r1/graphs/base/yelpchi/r60_s2/graph.bin,ok,
gfd_robustness_benchmark_v4_factorial,yelpchi,r60_s2,0,4,camouflage_relation_oracle,0.3,secgfd,train_on_variant,0.8301272645645572,0.5096169154557949,0.7025460180556389,0.7641146183013916,4.817687168000703,50,50,0.8137080082106152,roc_auc,max_epochs,45954,8089930,176.04408264160156,176.0,176.04408264160156,176.0,0.2353361546993255,0.1452974677085876,/kaggle/working/gfd-robustness-v4-factorial-r1/graphs/base/yelpchi/r60_s2/graph.bin,/kaggle/working/gfd-robustness-v4-factorial-r1/graphs/variants/yelpchi/r60_s2/camouflage_relation_oracle/0.30/seed_0/graph.bin,/kaggle/working/gfd-robustness-v4-factorial-r1/graphs/variants/yelpchi/r60_s2/camouflage_relation_oracle/0.30/seed_0/graph.bin,ok,
gfd_robustness_benchmark_v4_factorial,yelpchi,r60_s2,1,0,camouflage_relation_oracle,0.3,mlp,train_clean_eval_all,0.8100983305791676,0.4587374752549941,0.6746461063940257,0.6971318125724792,0.1066582100029336,100,100,0.7956221495886349,roc_auc,max_epochs,45954,8090118,176.0481719970703,176.0,176.0481719970703,176.0,0.2353772819042205,0.1452974677085876,/kaggle/working/gfd-robustness-v4-factorial-r1/graphs/base/yelpchi/r60_s2/graph.bin,/kaggle/working/gfd-robustness-v4-factorial-r1/graphs/variants/yelpchi/r60_s2/camouflage_relation_oracle/0.30/seed_1/graph.bin,/kaggle/working/gfd-robustness-v4-factorial-r1/graphs/base/yelpchi/r60_s2/graph.bin,ok,
gfd_robustness_benchmark_v4_factorial,yelpchi,r60_s2,1,0,camouflage_relation_oracle,0.3,mlp,train_on_variant,0.8100983305791676,0.4587374752549941,0.6746461063940257,0.6971318125724792,1.8026370919978945,100,100,0.7956221495886349,roc_auc,max_epochs,45954,8090118,176.0481719970703,176.0,176.0481719970703,176.0,0.2353772819042205,0.1452974677085876,/kaggle/working/gfd-robustness-v4-factorial-r1/graphs/base/yelpchi/r60_s2/graph.bin,/kaggle/working/gfd-robustness-v4-factorial-r1/graphs/variants/yelpchi/r60_s2/camouflage_relation_oracle/0.30/seed_1/graph.bin,/kaggle/working/gfd-robustness-v4-factorial-r1/graphs/variants/yelpchi/r60_s2/camouflage_relation_oracle/0.30/seed_1/graph.bin,ok,
gfd_robustness_benchmark_v4_factorial,yelpchi,r60_s2,1,0,camouflage_relation_oracle,0.3,pmp,train_clean_eval_all,0.8505727534239057,0.5784981569512535,0.7248209877631255,0.2557673752307892,0.3310207559989067,55,45,0.8496737448653855,roc_auc,early_stopping,45954,8090118,176.0481719970703,176.0,176.0481719970703,176.0,0.2353772819042205,0.1452974677085876,/kaggle/working/gfd-robustness-v4-factorial-r1/graphs/base/yelpchi/r60_s2/graph.bin,/kaggle/working/gfd-robustness-v4-factorial-r1/graphs/variants/yelpchi/r60_s2/camouflage_relation_oracle/0.30/seed_1/graph.bin,/kaggle/working/gfd-robustness-v4-factorial-r1/graphs/base/yelpchi/r60_s2/graph.bin,ok,
gfd_robustness_benchmark_v4_factorial,yelpchi,r60_s2,1,0,camouflage_relation_oracle,0.3,pmp,train_on_variant,0.8578205414527361,0.5981747314084046,0.7283776183433053,0.4582869112491607,48.67443915100012,64,54,0.8452958944540203,roc_auc,early_stopping,45954,8090118,176.0481719970703,176.0,176.0481719970703,176.0,0.2353772819042205,0.1452974677085876,/kaggle/working/gfd-robustness-v4-factorial-r1/graphs/base/yelpchi/r60_s2/graph.bin,/kaggle/working/gfd-robustness-v4-factorial-r1/graphs/variants/yelpchi/r60_s2/camouflage_relation_oracle/0.30/seed_1/graph.bin,/kaggle/working/gfd-robustness-v4-factorial-r1/graphs/variants/yelpchi/r60_s2/camouflage_relation_oracle/0.30/seed_1/graph.bin,ok,
gfd_robustness_benchmark_v4_factorial,yelpchi,r60_s2,1,0,camouflage_relation_oracle,0.3,sage,train_clean_eval_all,0.8076519281955438,0.4613212279987858,0.6773837202917617,0.6634995937347412,0.1182814989988401,100,100,0.7932715868372682,roc_auc,max_epochs,45954,8090118,176.0481719970703,176.0,176.0481719970703,176.0,0.2353772819042205,0.1452974677085876,/kaggle/working/gfd-robustness-v4-factorial-r1/graphs/base/yelpchi/r60_s2/graph.bin,/kaggle/working/gfd-robustness-v4-factorial-r1/graphs/variants/yelpchi/r60_s2/camouflage_relation_oracle/0.30/seed_1/graph.bin,/kaggle/working/gfd-robustness-v4-factorial-r1/graphs/base/yelpchi/r60_s2/graph.bin,ok,
gfd_robustness_benchmark_v4_factorial,yelpchi,r60_s2,1,0,camouflage_relation_oracle,0.3,sage,train_on_variant,0.79355428018708,0.4477724255892464,0.6607131671960986,0.636918306350708,3.2954199239975424,100,99,0.7783564942294443,roc_auc,max_epochs,45954,8090118,176.0481719970703,176.0,176.0481719970703,176.0,0.2353772819042205,0.1452974677085876,/kaggle/working/gfd-robustness-v4-factorial-r1/graphs/base/yelpchi/r60_s2/graph.bin,/kaggle/working/gfd-robustness-v4-factorial-r1/graphs/variants/yelpchi/r60_s2/camouflage_relation_oracle/0.30/seed_1/graph.bin,/kaggle/working/gfd-robustness-v4-factorial-r1/graphs/variants/yelpchi/r60_s2/camouflage_relation_oracle/0.30/seed_1/graph.bin,ok,
gfd_robustness_benchmark_v4_factorial,yelpchi,r60_s2,1,0,camouflage_relation_oracle,0.3,secgfd,train_clean_eval_all,0.8244204056245961,0.4937880457504377,0.6926269063401765,0.6121960878372192,0.2098181590008607,50,50,0.8036778501729617,roc_auc,max_epochs,45954,8090118,176.0481719970703,176.0,176.0481719970703,176.0,0.2353772819042205,0.1452974677085876,/kaggle/working/gfd-robustness-v4-factorial-r1/graphs/base/yelpchi/r60_s2/graph.bin,/kaggle/working/gfd-robustness-v4-factorial-r1/graphs/variants/yelpchi/r60_s2/camouflage_relation_oracle/0.30/seed_1/graph.bin,/kaggle/working/gfd-robustness-v4-factorial-r1/graphs/base/yelpchi/r60_s2/graph.bin,ok,
gfd_robustness_benchmark_v4_factorial,yelpchi,r60_s2,1,0,camouflage_relation_oracle,0.3,secgfd,train_on_variant,0.8431907665067014,0.5297608391195121,0.7075019964704907,0.5515555739402771,4.880618359002256,50,50,0.8264572053869645,roc_auc,max_epochs,45954,8090118,176.0481719970703,176.0,176.0481719970703,176.0,0.2353772819042205,0.1452974677085876,/kaggle/working/gfd-robustness-v4-factorial-r1/graphs/base/yelpchi/r60_s2/graph.bin,/kaggle/working/gfd-robustness-v4-factorial-r1/graphs/variants/yelpchi/r60_s2/camouflage_relation_oracle/0.30/seed_1/graph.bin,/kaggle/working/gfd-robustness-v4-factorial-r1/graphs/variants/yelpchi/r60_s2/camouflage_relation_oracle/0.30/seed_1/graph.bin,ok,
gfd_robustness_benchmark_v4_factorial,yelpchi,r60_s2,1,1,camouflage_relation_oracle,0.3,mlp,train_clean_eval_all,0.8014226606613657,0.4473605327471914,0.6604104662698413,0.655698835849762,0.0888568209993536,100,100,0.7890084561707159,roc_auc,max_epochs,45954,8090118,176.0481719970703,176.0,176.0481719970703,176.0,0.2353772819042205,0.1452974677085876,/kaggle/working/gfd-robustness-v4-factorial-r1/graphs/base/yelpchi/r60_s2/graph.bin,/kaggle/working/gfd-robustness-v4-factorial-r1/graphs/variants/yelpchi/r60_s2/camouflage_relation_oracle/0.30/seed_1/graph.bin,/kaggle/working/gfd-robustness-v4-factorial-r1/graphs/base/yelpchi/r60_s2/graph.bin,ok,
gfd_robustness_benchmark_v4_factorial,yelpchi,r60_s2,1,1,camouflage_relation_oracle,0.3,mlp,train_on_variant,0.8014226606613657,0.4473605327471914,0.6604104662698413,0.655698835849762,1.745377336999809,100,100,0.7890084561707159,roc_auc,max_epochs,45954,8090118,176.0481719970703,176.0,176.0481719970703,176.0,0.2353772819042205,0.1452974677085876,/kaggle/working/gfd-robustness-v4-factorial-r1/graphs/base/yelpchi/r60_s2/graph.bin,/kaggle/working/gfd-robustness-v4-factorial-r1/graphs/variants/yelpchi/r60_s2/camouflage_relation_oracle/0.30/seed_1/graph.bin,/kaggle/working/gfd-robustness-v4-factorial-r1/graphs/variants/yelpchi/r60_s2/camouflage_relation_oracle/0.30/seed_1/graph.bin,ok,
gfd_robustness_benchmark_v4_factorial,yelpchi,r60_s2,1,1,camouflage_relation_oracle,0.3,pmp,train_clean_eval_all,0.8543313703550129,0.59268468427342,0.7274783014213205,0.4313299655914306,0.2956128900004842,59,49,0.8501764424005321,roc_auc,early_stopping,45954,8090118,176.0481719970703,176.0,176.0481719970703,176.0,0.2353772819042205,0.1452974677085876,/kaggle/working/gfd-robustness-v4-factorial-r1/graphs/base/yelpchi/r60_s2/graph.bin,/kaggle/working/gfd-robustness-v4-factorial-r1/graphs/variants/yelpchi/r60_s2/camouflage_relation_oracle/0.30/seed_1/graph.bin,/kaggle/working/gfd-robustness-v4-factorial-r1/graphs/base/yelpchi/r60_s2/graph.bin,ok,
gfd_robustness_benchmark_v4_factorial,yelpchi,r60_s2,1,1,camouflage_relation_oracle,0.3,pmp,train_on_variant,0.8600699568276888,0.6027614706262842,0.7266522116772471,0.3641951084136963,54.77664331000051,71,61,0.8498945541497698,roc_auc,early_stopping,45954,8090118,176.0481719970703,176.0,176.0481719970703,176.0,0.2353772819042205,0.1452974677085876,/kaggle/working/gfd-robustness-v4-factorial-r1/graphs/base/yelpchi/r60_s2/graph.bin,/kaggle/working/gfd-robustness-v4-factorial-r1/graphs/variants/yelpchi/r60_s2/camouflage_relation_oracle/0.30/seed_1/graph.bin,/kaggle/working/gfd-robustness-v4-factorial-r1/graphs/variants/yelpchi/r60_s2/camouflage_relation_oracle/0.30/seed_1/graph.bin,ok,
gfd_robustness_benchmark_v4_factorial,yelpchi,r60_s2,1,1,camouflage_relation_oracle,0.3,sage,train_clean_eval_all,0.6252371942723515,0.2026540659835559,0.5451456156903569,0.2929745614528656,0.1106058380028116,23,13,0.6051568098756249,roc_auc,early_stopping,45954,8090118,176.0481719970703,176.0,176.0481719970703,176.0,0.2353772819042205,0.1452974677085876,/kaggle/working/gfd-robustness-v4-factorial-r1/graphs/base/yelpchi/r60_s2/graph.bin,/kaggle/working/gfd-robustness-v4-factorial-r1/graphs/variants/yelpchi/r60_s2/camouflage_relation_oracle/0.30/seed_1/graph.bin,/kaggle/working/gfd-robustness-v4-factorial-r1/graphs/base/yelpchi/r60_s2/graph.bin,ok,
gfd_robustness_benchmark_v4_factorial,yelpchi,r60_s2,1,1,camouflage_relation_oracle,0.3,sage,train_on_variant,0.6257315911710184,0.202274658911809,0.5425805686151106,0.2994111478328705,0.9075195409968728,23,13,0.6112038182698107,roc_auc,early_stopping,45954,8090118,176.0481719970703,176.0,176.0481719970703,176.0,0.2353772819042205,0.1452974677085876,/kaggle/working/gfd-robustness-v4-factorial-r1/graphs/base/yelpchi/r60_s2/graph.bin,/kaggle/working/gfd-robustness-v4-factorial-r1/graphs/variants/yelpchi/r60_s2/camouflage_relation_oracle/0.30/seed_1/graph.bin,/kaggle/working/gfd-robustness-v4-factorial-r1/graphs/variants/yelpchi/r60_s2/camouflage_relation_oracle/0.30/seed_1/graph.bin,ok,
gfd_robustness_benchmark_v4_factorial,yelpchi,r60_s2,1,1,camouflage_relation_oracle,0.3,secgfd,train_clean_eval_all,0.8040544737917241,0.4589188890132861,0.6668999980033083,0.6578896045684814,0.1882926650032459,50,50,0.7875019370281101,roc_auc,max_epochs,45954,8090118,176.0481719970703,176.0,176.0481719970703,176.0,0.2353772819042205,0.1452974677085876,/kaggle/working/gfd-robustness-v4-factorial-r1/graphs/base/yelpchi/r60_s2/graph.bin,/kaggle/working/gfd-robustness-v4-factorial-r1/graphs/variants/yelpchi/r60_s2/camouflage_relation_oracle/0.30/seed_1/graph.bin,/kaggle/working/gfd-robustness-v4-factorial-r1/graphs/base/yelpchi/r60_s2/graph.bin,ok,
gfd_robustness_benchmark_v4_factorial,yelpchi,r60_s2,1,1,camouflage_relation_oracle,0.3,secgfd,train_on_variant,0.8403074197836506,0.5284755890716134,0.7117561970766189,0.6514279842376709,4.83347336999941,50,50,0.8265416002117023,roc_auc,max_epochs,45954,8090118,176.0481719970703,176.0,176.0481719970703,176.0,0.2353772819042205,0.1452974677085876,/kaggle/working/gfd-robustness-v4-factorial-r1/graphs/base/yelpchi/r60_s2/graph.bin,/kaggle/working/gfd-robustness-v4-factorial-r1/graphs/variants/yelpchi/r60_s2/camouflage_relation_oracle/0.30/seed_1/graph.bin,/kaggle/working/gfd-robustness-v4-factorial-r1/graphs/variants/yelpchi/r60_s2/camouflage_relation_oracle/0.30/seed_1/graph.bin,ok,
gfd_robustness_benchmark_v4_factorial,yelpchi,r60_s2,1,2,camouflage_relation_oracle,0.3,mlp,train_clean_eval_all,0.8051940448278595,0.4504607236347623,0.6638554700899604,0.6557482481002808,0.0848887499996635,100,100,0.7907452730554025,roc_auc,max_epochs,45954,8090118,176.0481719970703,176.0,176.0481719970703,176.0,0.2353772819042205,0.1452974677085876,/kaggle/working/gfd-robustness-v4-factorial-r1/graphs/base/yelpchi/r60_s2/graph.bin,/kaggle/working/gfd-robustness-v4-factorial-r1/graphs/variants/yelpchi/r60_s2/camouflage_relation_oracle/0.30/seed_1/graph.bin,/kaggle/working/gfd-robustness-v4-factorial-r1/graphs/base/yelpchi/r60_s2/graph.bin,ok,
gfd_robustness_benchmark_v4_factorial,yelpchi,r60_s2,1,2,camouflage_relation_oracle,0.3,mlp,train_on_variant,0.8051940448278595,0.4504607236347623,0.6638554700899604,0.6557482481002808,1.8041838169992843,100,100,0.7907452730554025,roc_auc,max_epochs,45954,8090118,176.0481719970703,176.0,176.0481719970703,176.0,0.2353772819042205,0.1452974677085876,/kaggle/working/gfd-robustness-v4-factorial-r1/graphs/base/yelpchi/r60_s2/graph.bin,/kaggle/working/gfd-robustness-v4-factorial-r1/graphs/variants/yelpchi/r60_s2/camouflage_relation_oracle/0.30/seed_1/graph.bin,/kaggle/working/gfd-robustness-v4-factorial-r1/graphs/variants/yelpchi/r60_s2/camouflage_relation_oracle/0.30/seed_1/graph.bin,ok,
gfd_robustness_benchmark_v4_factorial,yelpchi,r60_s2,1,2,camouflage_relation_oracle,0.3,pmp,train_clean_eval_all,0.8463368896118151,0.5698353377372634,0.716288025853386,0.1901807934045791,0.2720235469969339,40,30,0.8440517144784805,roc_auc,early_stopping,45954,8090118,176.0481719970703,176.0,176.0481719970703,176.0,0.2353772819042205,0.1452974677085876,/kaggle/working/gfd-robustness-v4-factorial-r1/graphs/base/yelpchi/r60_s2/graph.bin,/kaggle/working/gfd-robustness-v4-factorial-r1/graphs/variants/yelpchi/r60_s2/camouflage_relation_oracle/0.30/seed_1/graph.bin,/kaggle/working/gfd-robustness-v4-factorial-r1/graphs/base/yelpchi/r60_s2/graph.bin,ok,
gfd_robustness_benchmark_v4_factorial,yelpchi,r60_s2,1,2,camouflage_relation_oracle,0.3,pmp,train_on_variant,0.85389480712709,0.5788538145934174,0.724466088507604,0.3743481040000915,36.3276838870006,47,37,0.842167945701228,roc_auc,early_stopping,45954,8090118,176.0481719970703,176.0,176.0481719970703,176.0,0.2353772819042205,0.1452974677085876,/kaggle/working/gfd-robustness-v4-factorial-r1/graphs/base/yelpchi/r60_s2/graph.bin,/kaggle/working/gfd-robustness-v4-factorial-r1/graphs/variants/yelpchi/r60_s2/camouflage_relation_oracle/0.30/seed_1/graph.bin,/kaggle/working/gfd-robustness-v4-factorial-r1/graphs/variants/yelpchi/r60_s2/camouflage_relation_oracle/0.30/seed_1/graph.bin,ok,
gfd_robustness_benchmark_v4_factorial,yelpchi,r60_s2,1,2,camouflage_relation_oracle,0.3,sage,train_clean_eval_all,0.8013919335463493,0.4531395146324464,0.6692794310818919,0.6589797139167786,0.1343899880012031,100,100,0.7880997098629895,roc_auc,max_epochs,45954,8090118,176.0481719970703,176.0,176.0481719970703,176.0,0.2353772819042205,0.1452974677085876,/kaggle/working/gfd-robustness-v4-factorial-r1/graphs/base/yelpchi/r60_s2/graph.bin,/kaggle/working/gfd-robustness-v4-factorial-r1/graphs/variants/yelpchi/r60_s2/camouflage_relation_oracle/0.30/seed_1/graph.bin,/kaggle/working/gfd-robustness-v4-factorial-r1/graphs/base/yelpchi/r60_s2/graph.bin,ok,
gfd_robustness_benchmark_v4_factorial,yelpchi,r60_s2,1,2,camouflage_relation_oracle,0.3,sage,train_on_variant,0.8023723428905936,0.4594305156987329,0.6688176364575955,0.6474258899688721,3.3257529239999712,100,97,0.7862309128230068,roc_auc,max_epochs,45954,8090118,176.0481719970703,176.0,176.0481719970703,176.0,0.2353772819042205,0.1452974677085876,/kaggle/working/gfd-robustness-v4-factorial-r1/graphs/base/yelpchi/r60_s2/graph.bin,/kaggle/working/gfd-robustness-v4-factorial-r1/graphs/variants/yelpchi/r60_s2/camouflage_relation_oracle/0.30/seed_1/graph.bin,/kaggle/working/gfd-robustness-v4-factorial-r1/graphs/variants/yelpchi/r60_s2/camouflage_relation_oracle/0.30/seed_1/graph.bin,ok,
gfd_robustness_benchmark_v4_factorial,yelpchi,r60_s2,1,2,camouflage_relation_oracle,0.3,secgfd,train_clean_eval_all,0.8251518538788004,0.5115275208174298,0.69867297219742,0.7028029561042786,0.1866760789998807,50,46,0.8013154149293015,roc_auc,max_epochs,45954,8090118,176.0481719970703,176.0,176.0481719970703,176.0,0.2353772819042205,0.1452974677085876,/kaggle/working/gfd-robustness-v4-factorial-r1/graphs/base/yelpchi/r60_s2/graph.bin,/kaggle/working/gfd-robustness-v4-factorial-r1/graphs/variants/yelpchi/r60_s2/camouflage_relation_oracle/0.30/seed_1/graph.bin,/kaggle/working/gfd-robustness-v4-factorial-r1/graphs/base/yelpchi/r60_s2/graph.bin,ok,
gfd_robustness_benchmark_v4_factorial,yelpchi,r60_s2,1,2,camouflage_relation_oracle,0.3,secgfd,train_on_variant,0.8450061435174457,0.5271778854018779,0.7091394291144826,0.5376801490783691,4.805453994002164,50,47,0.8248361572223136,roc_auc,max_epochs,45954,8090118,176.0481719970703,176.0,176.0481719970703,176.0,0.2353772819042205,0.1452974677085876,/kaggle/working/gfd-robustness-v4-factorial-r1/graphs/base/yelpchi/r60_s2/graph.bin,/kaggle/working/gfd-robustness-v4-factorial-r1/graphs/variants/yelpchi/r60_s2/camouflage_relation_oracle/0.30/seed_1/graph.bin,/kaggle/working/gfd-robustness-v4-factorial-r1/graphs/variants/yelpchi/r60_s2/camouflage_relation_oracle/0.30/seed_1/graph.bin,ok,
gfd_robustness_benchmark_v4_factorial,yelpchi,r60_s2,1,3,camouflage_relation_oracle,0.3,mlp,train_clean_eval_all,0.8033646619693403,0.442421243508313,0.6642026960679807,0.6678695678710938,0.0958581699997012,100,100,0.7883936613288132,roc_auc,max_epochs,45954,8090118,176.0481719970703,176.0,176.0481719970703,176.0,0.2353772819042205,0.1452974677085876,/kaggle/working/gfd-robustness-v4-factorial-r1/graphs/base/yelpchi/r60_s2/graph.bin,/kaggle/working/gfd-robustness-v4-factorial-r1/graphs/variants/yelpchi/r60_s2/camouflage_relation_oracle/0.30/seed_1/graph.bin,/kaggle/working/gfd-robustness-v4-factorial-r1/graphs/base/yelpchi/r60_s2/graph.bin,ok,
gfd_robustness_benchmark_v4_factorial,yelpchi,r60_s2,1,3,camouflage_relation_oracle,0.3,mlp,train_on_variant,0.8033646619693403,0.442421243508313,0.6642026960679807,0.6678695678710938,1.9306317909977224,100,100,0.7883936613288132,roc_auc,max_epochs,45954,8090118,176.0481719970703,176.0,176.0481719970703,176.0,0.2353772819042205,0.1452974677085876,/kaggle/working/gfd-robustness-v4-factorial-r1/graphs/base/yelpchi/r60_s2/graph.bin,/kaggle/working/gfd-robustness-v4-factorial-r1/graphs/variants/yelpchi/r60_s2/camouflage_relation_oracle/0.30/seed_1/graph.bin,/kaggle/working/gfd-robustness-v4-factorial-r1/graphs/variants/yelpchi/r60_s2/camouflage_relation_oracle/0.30/seed_1/graph.bin,ok,
gfd_robustness_benchmark_v4_factorial,yelpchi,r60_s2,1,3,camouflage_relation_oracle,0.3,pmp,train_clean_eval_all,0.8496275968937888,0.5806792048425264,0.7190448186207751,0.2736212313175201,0.2751418990010279,69,59,0.8491953168024374,roc_auc,early_stopping,45954,8090118,176.0481719970703,176.0,176.0481719970703,176.0,0.2353772819042205,0.1452974677085876,/kaggle/working/gfd-robustness-v4-factorial-r1/graphs/base/yelpchi/r60_s2/graph.bin,/kaggle/working/gfd-robustness-v4-factorial-r1/graphs/variants/yelpchi/r60_s2/camouflage_relation_oracle/0.30/seed_1/graph.bin,/kaggle/working/gfd-robustness-v4-factorial-r1/graphs/base/yelpchi/r60_s2/graph.bin,ok,
gfd_robustness_benchmark_v4_factorial,yelpchi,r60_s2,1,3,camouflage_relation_oracle,0.3,pmp,train_on_variant,0.8472806169737918,0.5839683277519642,0.7229308809322545,0.2630793154239654,33.6303441889977,43,33,0.8446893960525155,roc_auc,early_stopping,45954,8090118,176.0481719970703,176.0,176.0481719970703,176.0,0.2353772819042205,0.1452974677085876,/kaggle/working/gfd-robustness-v4-factorial-r1/graphs/base/yelpchi/r60_s2/graph.bin,/kaggle/working/gfd-robustness-v4-factorial-r1/graphs/variants/yelpchi/r60_s2/camouflage_relation_oracle/0.30/seed_1/graph.bin,/kaggle/working/gfd-robustness-v4-factorial-r1/graphs/variants/yelpchi/r60_s2/camouflage_relation_oracle/0.30/seed_1/graph.bin,ok,
gfd_robustness_benchmark_v4_factorial,yelpchi,r60_s2,1,3,camouflage_relation_oracle,0.3,sage,train_clean_eval_all,0.79187453123285,0.4388631027116747,0.6622533928792829,0.6763745546340942,0.135107493999385,100,100,0.7781531837590027,roc_auc,max_epochs,45954,8090118,176.0481719970703,176.0,176.0481719970703,176.0,0.2353772819042205,0.1452974677085876,/kaggle/working/gfd-robustness-v4-factorial-r1/graphs/base/yelpchi/r60_s2/graph.bin,/kaggle/working/gfd-robustness-v4-factorial-r1/graphs/variants/yelpchi/r60_s2/camouflage_relation_oracle/0.30/seed_1/graph.bin,/kaggle/working/gfd-robustness-v4-factorial-r1/graphs/base/yelpchi/r60_s2/graph.bin,ok,
gfd_robustness_benchmark_v4_factorial,yelpchi,r60_s2,1,3,camouflage_relation_oracle,0.3,sage,train_on_variant,0.7981102776625975,0.4504485148112735,0.6639846080557545,0.6348934173583984,3.354815183000028,100,100,0.7825006138889088,roc_auc,max_epochs,45954,8090118,176.0481719970703,176.0,176.0481719970703,176.0,0.2353772819042205,0.1452974677085876,/kaggle/working/gfd-robustness-v4-factorial-r1/graphs/base/yelpchi/r60_s2/graph.bin,/kaggle/working/gfd-robustness-v4-factorial-r1/graphs/variants/yelpchi/r60_s2/camouflage_relation_oracle/0.30/seed_1/graph.bin,/kaggle/working/gfd-robustness-v4-factorial-r1/graphs/variants/yelpchi/r60_s2/camouflage_relation_oracle/0.30/seed_1/graph.bin,ok,
gfd_robustness_benchmark_v4_factorial,yelpchi,r60_s2,1,3,camouflage_relation_oracle,0.3,secgfd,train_clean_eval_all,0.8215209093015599,0.4989252057134068,0.6887981885795891,0.6787847280502319,0.1857394220023707,50,50,0.7989556498043899,roc_auc,max_epochs,45954,8090118,176.0481719970703,176.0,176.0481719970703,176.0,0.2353772819042205,0.1452974677085876,/kaggle/working/gfd-robustness-v4-factorial-r1/graphs/base/yelpchi/r60_s2/graph.bin,/kaggle/working/gfd-robustness-v4-factorial-r1/graphs/variants/yelpchi/r60_s2/camouflage_relation_oracle/0.30/seed_1/graph.bin,/kaggle/working/gfd-robustness-v4-factorial-r1/graphs/base/yelpchi/r60_s2/graph.bin,ok,
gfd_robustness_benchmark_v4_factorial,yelpchi,r60_s2,1,3,camouflage_relation_oracle,0.3,secgfd,train_on_variant,0.8366562286577558,0.5251453816267426,0.706213842932677,0.6425154209136963,4.792511599000136,50,50,0.8221130652248025,roc_auc,max_epochs,45954,8090118,176.0481719970703,176.0,176.0481719970703,176.0,0.2353772819042205,0.1452974677085876,/kaggle/working/gfd-robustness-v4-factorial-r1/graphs/base/yelpchi/r60_s2/graph.bin,/kaggle/working/gfd-robustness-v4-factorial-r1/graphs/variants/yelpchi/r60_s2/camouflage_relation_oracle/0.30/seed_1/graph.bin,/kaggle/working/gfd-robustness-v4-factorial-r1/graphs/variants/yelpchi/r60_s2/camouflage_relation_oracle/0.30/seed_1/graph.bin,ok,
gfd_robustness_benchmark_v4_factorial,yelpchi,r60_s2,1,4,camouflage_relation_oracle,0.3,mlp,train_clean_eval_all,0.8016106915496909,0.4485908504844914,0.6622104135282587,0.6817144751548767,0.0698587439983384,100,100,0.7873558433879992,roc_auc,max_epochs,45954,8090118,176.0481719970703,176.0,176.0481719970703,176.0,0.2353772819042205,0.1452974677085876,/kaggle/working/gfd-robustness-v4-factorial-r1/graphs/base/yelpchi/r60_s2/graph.bin,/kaggle/working/gfd-robustness-v4-factorial-r1/graphs/variants/yelpchi/r60_s2/camouflage_relation_oracle/0.30/seed_1/graph.bin,/kaggle/working/gfd-robustness-v4-factorial-r1/graphs/base/yelpchi/r60_s2/graph.bin,ok,
gfd_robustness_benchmark_v4_factorial,yelpchi,r60_s2,1,4,camouflage_relation_oracle,0.3,mlp,train_on_variant,0.8016106915496909,0.4485908504844914,0.6622104135282587,0.6817144751548767,1.945259332002024,100,100,0.7873558433879992,roc_auc,max_epochs,45954,8090118,176.0481719970703,176.0,176.0481719970703,176.0,0.2353772819042205,0.1452974677085876,/kaggle/working/gfd-robustness-v4-factorial-r1/graphs/base/yelpchi/r60_s2/graph.bin,/kaggle/working/gfd-robustness-v4-factorial-r1/graphs/variants/yelpchi/r60_s2/camouflage_relation_oracle/0.30/seed_1/graph.bin,/kaggle/working/gfd-robustness-v4-factorial-r1/graphs/variants/yelpchi/r60_s2/camouflage_relation_oracle/0.30/seed_1/graph.bin,ok,
gfd_robustness_benchmark_v4_factorial,yelpchi,r60_s2,1,4,camouflage_relation_oracle,0.3,pmp,train_clean_eval_all,0.8680890192628998,0.6130959698408148,0.7402282107891518,0.2757417559623718,0.2743833659988013,76,66,0.8606669098381956,roc_auc,early_stopping,45954,8090118,176.0481719970703,176.0,176.0481719970703,176.0,0.2353772819042205,0.1452974677085876,/kaggle/working/gfd-robustness-v4-factorial-r1/graphs/base/yelpchi/r60_s2/graph.bin,/kaggle/working/gfd-robustness-v4-factorial-r1/graphs/variants/yelpchi/r60_s2/camouflage_relation_oracle/0.30/seed_1/graph.bin,/kaggle/working/gfd-robustness-v4-factorial-r1/graphs/base/yelpchi/r60_s2/graph.bin,ok,
gfd_robustness_benchmark_v4_factorial,yelpchi,r60_s2,1,4,camouflage_relation_oracle,0.3,pmp,train_on_variant,0.8469559099723161,0.5788044916950882,0.7257003401888731,0.3898748755455017,30.68382479000138,40,30,0.8357917498098733,roc_auc,early_stopping,45954,8090118,176.0481719970703,176.0,176.0481719970703,176.0,0.2353772819042205,0.1452974677085876,/kaggle/working/gfd-robustness-v4-factorial-r1/graphs/base/yelpchi/r60_s2/graph.bin,/kaggle/working/gfd-robustness-v4-factorial-r1/graphs/variants/yelpchi/r60_s2/camouflage_relation_oracle/0.30/seed_1/graph.bin,/kaggle/working/gfd-robustness-v4-factorial-r1/graphs/variants/yelpchi/r60_s2/camouflage_relation_oracle/0.30/seed_1/graph.bin,ok,
gfd_robustness_benchmark_v4_factorial,yelpchi,r60_s2,1,4,camouflage_relation_oracle,0.3,sage,train_clean_eval_all,0.7953165874208813,0.4456932650219171,0.6675108993894572,0.695338249206543,0.132508675000281,100,100,0.7833725030217639,roc_auc,max_epochs,45954,8090118,176.0481719970703,176.0,176.0481719970703,176.0,0.2353772819042205,0.1452974677085876,/kaggle/working/gfd-robustness-v4-factorial-r1/graphs/base/yelpchi/r60_s2/graph.bin,/kaggle/working/gfd-robustness-v4-factorial-r1/graphs/variants/yelpchi/r60_s2/camouflage_relation_oracle/0.30/seed_1/graph.bin,/kaggle/working/gfd-robustness-v4-factorial-r1/graphs/base/yelpchi/r60_s2/graph.bin,ok,
gfd_robustness_benchmark_v4_factorial,yelpchi,r60_s2,1,4,camouflage_relation_oracle,0.3,sage,train_on_variant,0.7911046383556716,0.4347287294075815,0.6564326942032054,0.6260671019554138,3.159635796000657,100,100,0.7781385934672684,roc_auc,max_epochs,45954,8090118,176.0481719970703,176.0,176.0481719970703,176.0,0.2353772819042205,0.1452974677085876,/kaggle/working/gfd-robustness-v4-factorial-r1/graphs/base/yelpchi/r60_s2/graph.bin,/kaggle/working/gfd-robustness-v4-factorial-r1/graphs/variants/yelpchi/r60_s2/camouflage_relation_oracle/0.30/seed_1/graph.bin,/kaggle/working/gfd-robustness-v4-factorial-r1/graphs/variants/yelpchi/r60_s2/camouflage_relation_oracle/0.30/seed_1/graph.bin,ok,
gfd_robustness_benchmark_v4_factorial,yelpchi,r60_s2,1,4,camouflage_relation_oracle,0.3,secgfd,train_clean_eval_all,0.8085700734478091,0.4563309428506965,0.6740136341774685,0.7039106488227844,0.1639950699973269,50,50,0.786382585104075,roc_auc,max_epochs,45954,8090118,176.0481719970703,176.0,176.0481719970703,176.0,0.2353772819042205,0.1452974677085876,/kaggle/working/gfd-robustness-v4-factorial-r1/graphs/base/yelpchi/r60_s2/graph.bin,/kaggle/working/gfd-robustness-v4-factorial-r1/graphs/variants/yelpchi/r60_s2/camouflage_relation_oracle/0.30/seed_1/graph.bin,/kaggle/working/gfd-robustness-v4-factorial-r1/graphs/base/yelpchi/r60_s2/graph.bin,ok,
gfd_robustness_benchmark_v4_factorial,yelpchi,r60_s2,1,4,camouflage_relation_oracle,0.3,secgfd,train_on_variant,0.8299990205434346,0.5063467502333777,0.69885329755485,0.7666114568710327,4.768627114997798,50,50,0.8154549334019935,roc_auc,max_epochs,45954,8090118,176.0481719970703,176.0,176.0481719970703,176.0,0.2353772819042205,0.1452974677085876,/kaggle/working/gfd-robustness-v4-factorial-r1/graphs/base/yelpchi/r60_s2/graph.bin,/kaggle/working/gfd-robustness-v4-factorial-r1/graphs/variants/yelpchi/r60_s2/camouflage_relation_oracle/0.30/seed_1/graph.bin,/kaggle/working/gfd-robustness-v4-factorial-r1/graphs/variants/yelpchi/r60_s2/camouflage_relation_oracle/0.30/seed_1/graph.bin,ok,
gfd_robustness_benchmark_v4_factorial,yelpchi,r60_s2,3253,0,clean,0.0,mlp,train_clean_eval_all,0.8100983305791676,0.4587374752549941,0.6746461063940257,0.6971318125724792,2.604609583999263,100,100,0.7956221495886349,roc_auc,max_epochs,45954,8051348,175.2045135498047,175.0,175.2045135498047,175.0,0.2268800139427185,0.1452974677085876,/kaggle/working/gfd-robustness-v4-factorial-r1/graphs/base/yelpchi/r60_s2/graph.bin,/kaggle/working/gfd-robustness-v4-factorial-r1/graphs/base/yelpchi/r60_s2/graph.bin,/kaggle/working/gfd-robustness-v4-factorial-r1/graphs/base/yelpchi/r60_s2/graph.bin,ok,
gfd_robustness_benchmark_v4_factorial,yelpchi,r60_s2,3253,0,clean,0.0,mlp,train_on_variant,0.8100983305791676,0.4587374752549941,0.6746461063940257,0.6971318125724792,3.27208747700206,100,100,0.7956221495886349,roc_auc,max_epochs,45954,8051348,175.2045135498047,175.0,175.2045135498047,175.0,0.2268800139427185,0.1452974677085876,/kaggle/working/gfd-robustness-v4-factorial-r1/graphs/base/yelpchi/r60_s2/graph.bin,/kaggle/working/gfd-robustness-v4-factorial-r1/graphs/base/yelpchi/r60_s2/graph.bin,/kaggle/working/gfd-robustness-v4-factorial-r1/graphs/base/yelpchi/r60_s2/graph.bin,ok,
gfd_robustness_benchmark_v4_factorial,yelpchi,r60_s2,3253,0,clean,0.0,pmp,train_clean_eval_all,0.8555623605131895,0.5919129124464716,0.7290784462948925,0.2557673752307892,50.74961934499879,55,45,0.8496737448653855,roc_auc,early_stopping,45954,8051348,175.2045135498047,175.0,175.2045135498047,175.0,0.2268800139427185,0.1452974677085876,/kaggle/working/gfd-robustness-v4-factorial-r1/graphs/base/yelpchi/r60_s2/graph.bin,/kaggle/working/gfd-robustness-v4-factorial-r1/graphs/base/yelpchi/r60_s2/graph.bin,/kaggle/working/gfd-robustness-v4-factorial-r1/graphs/base/yelpchi/r60_s2/graph.bin,ok,
gfd_robustness_benchmark_v4_factorial,yelpchi,r60_s2,3253,0,clean,0.0,pmp,train_on_variant,0.8555623605131895,0.5919129124464716,0.7290784462948925,0.2557673752307892,49.4173742439998,55,45,0.8496737448653855,roc_auc,early_stopping,45954,8051348,175.2045135498047,175.0,175.2045135498047,175.0,0.2268800139427185,0.1452974677085876,/kaggle/working/gfd-robustness-v4-factorial-r1/graphs/base/yelpchi/r60_s2/graph.bin,/kaggle/working/gfd-robustness-v4-factorial-r1/graphs/base/yelpchi/r60_s2/graph.bin,/kaggle/working/gfd-robustness-v4-factorial-r1/graphs/base/yelpchi/r60_s2/graph.bin,ok,
gfd_robustness_benchmark_v4_factorial,yelpchi,r60_s2,3253,0,clean,0.0,sage,train_clean_eval_all,0.8092103884136005,0.4650359911231685,0.6787601262474335,0.6634995937347412,3.349792769000487,100,100,0.7932715868372682,roc_auc,max_epochs,45954,8051348,175.2045135498047,175.0,175.2045135498047,175.0,0.2268800139427185,0.1452974677085876,/kaggle/working/gfd-robustness-v4-factorial-r1/graphs/base/yelpchi/r60_s2/graph.bin,/kaggle/working/gfd-robustness-v4-factorial-r1/graphs/base/yelpchi/r60_s2/graph.bin,/kaggle/working/gfd-robustness-v4-factorial-r1/graphs/base/yelpchi/r60_s2/graph.bin,ok,
gfd_robustness_benchmark_v4_factorial,yelpchi,r60_s2,3253,0,clean,0.0,sage,train_on_variant,0.8087045105308731,0.4643385917064543,0.6769552509141766,0.6609920263290405,3.4835167140008707,100,100,0.7929113115289529,roc_auc,max_epochs,45954,8051348,175.2045135498047,175.0,175.2045135498047,175.0,0.2268800139427185,0.1452974677085876,/kaggle/working/gfd-robustness-v4-factorial-r1/graphs/base/yelpchi/r60_s2/graph.bin,/kaggle/working/gfd-robustness-v4-factorial-r1/graphs/base/yelpchi/r60_s2/graph.bin,/kaggle/working/gfd-robustness-v4-factorial-r1/graphs/base/yelpchi/r60_s2/graph.bin,ok,
gfd_robustness_benchmark_v4_factorial,yelpchi,r60_s2,3253,0,clean,0.0,secgfd,train_clean_eval_all,0.8183487276973548,0.4807819098056134,0.68418882704597,0.6121960878372192,5.766323924999597,50,50,0.8036778501729617,roc_auc,max_epochs,45954,8051348,175.2045135498047,175.0,175.2045135498047,175.0,0.2268800139427185,0.1452974677085876,/kaggle/working/gfd-robustness-v4-factorial-r1/graphs/base/yelpchi/r60_s2/graph.bin,/kaggle/working/gfd-robustness-v4-factorial-r1/graphs/base/yelpchi/r60_s2/graph.bin,/kaggle/working/gfd-robustness-v4-factorial-r1/graphs/base/yelpchi/r60_s2/graph.bin,ok,
gfd_robustness_benchmark_v4_factorial,yelpchi,r60_s2,3253,0,clean,0.0,secgfd,train_on_variant,0.8240572063612084,0.4912064918224861,0.6966461694441801,0.6515202522277832,6.018216676999145,50,50,0.8085211118183747,roc_auc,max_epochs,45954,8051348,175.2045135498047,175.0,175.2045135498047,175.0,0.2268800139427185,0.1452974677085876,/kaggle/working/gfd-robustness-v4-factorial-r1/graphs/base/yelpchi/r60_s2/graph.bin,/kaggle/working/gfd-robustness-v4-factorial-r1/graphs/base/yelpchi/r60_s2/graph.bin,/kaggle/working/gfd-robustness-v4-factorial-r1/graphs/base/yelpchi/r60_s2/graph.bin,ok,
gfd_robustness_benchmark_v4_factorial,yelpchi,r60_s2,3253,1,clean,0.0,mlp,train_clean_eval_all,0.8014226606613657,0.4473605327471914,0.6604104662698413,0.655698835849762,1.6927805589984928,100,100,0.7890084561707159,roc_auc,max_epochs,45954,8051348,175.2045135498047,175.0,175.2045135498047,175.0,0.2268800139427185,0.1452974677085876,/kaggle/working/gfd-robustness-v4-factorial-r1/graphs/base/yelpchi/r60_s2/graph.bin,/kaggle/working/gfd-robustness-v4-factorial-r1/graphs/base/yelpchi/r60_s2/graph.bin,/kaggle/working/gfd-robustness-v4-factorial-r1/graphs/base/yelpchi/r60_s2/graph.bin,ok,
gfd_robustness_benchmark_v4_factorial,yelpchi,r60_s2,3253,1,clean,0.0,mlp,train_on_variant,0.8014226606613657,0.4473605327471914,0.6604104662698413,0.655698835849762,2.006557921999047,100,100,0.7890084561707159,roc_auc,max_epochs,45954,8051348,175.2045135498047,175.0,175.2045135498047,175.0,0.2268800139427185,0.1452974677085876,/kaggle/working/gfd-robustness-v4-factorial-r1/graphs/base/yelpchi/r60_s2/graph.bin,/kaggle/working/gfd-robustness-v4-factorial-r1/graphs/base/yelpchi/r60_s2/graph.bin,/kaggle/working/gfd-robustness-v4-factorial-r1/graphs/base/yelpchi/r60_s2/graph.bin,ok,
gfd_robustness_benchmark_v4_factorial,yelpchi,r60_s2,3253,1,clean,0.0,pmp,train_clean_eval_all,0.862595487487347,0.6076858270298966,0.7310417770913129,0.4313299655914306,57.53412165199916,59,49,0.8501764424005321,roc_auc,early_stopping,45954,8051348,175.2045135498047,175.0,175.2045135498047,175.0,0.2268800139427185,0.1452974677085876,/kaggle/working/gfd-robustness-v4-factorial-r1/graphs/base/yelpchi/r60_s2/graph.bin,/kaggle/working/gfd-robustness-v4-factorial-r1/graphs/base/yelpchi/r60_s2/graph.bin,/kaggle/working/gfd-robustness-v4-factorial-r1/graphs/base/yelpchi/r60_s2/graph.bin,ok,
gfd_robustness_benchmark_v4_factorial,yelpchi,r60_s2,3253,1,clean,0.0,pmp,train_on_variant,0.862595487487347,0.6076858270298966,0.7310417770913129,0.4313299655914306,52.782960081000056,59,49,0.8501764424005321,roc_auc,early_stopping,45954,8051348,175.2045135498047,175.0,175.2045135498047,175.0,0.2268800139427185,0.1452974677085876,/kaggle/working/gfd-robustness-v4-factorial-r1/graphs/base/yelpchi/r60_s2/graph.bin,/kaggle/working/gfd-robustness-v4-factorial-r1/graphs/base/yelpchi/r60_s2/graph.bin,/kaggle/working/gfd-robustness-v4-factorial-r1/graphs/base/yelpchi/r60_s2/graph.bin,ok,
gfd_robustness_benchmark_v4_factorial,yelpchi,r60_s2,3253,1,clean,0.0,sage,train_clean_eval_all,0.6199309311621157,0.1966941569670578,0.5400150007210177,0.2929745614528656,0.9464962809979623,23,13,0.6051568098756249,roc_auc,early_stopping,45954,8051348,175.2045135498047,175.0,175.2045135498047,175.0,0.2268800139427185,0.1452974677085876,/kaggle/working/gfd-robustness-v4-factorial-r1/graphs/base/yelpchi/r60_s2/graph.bin,/kaggle/working/gfd-robustness-v4-factorial-r1/graphs/base/yelpchi/r60_s2/graph.bin,/kaggle/working/gfd-robustness-v4-factorial-r1/graphs/base/yelpchi/r60_s2/graph.bin,ok,
gfd_robustness_benchmark_v4_factorial,yelpchi,r60_s2,3253,1,clean,0.0,sage,train_on_variant,0.6199308358842397,0.1966941569670578,0.5400150007210177,0.292974591255188,0.9043185289992834,23,13,0.6051565714721652,roc_auc,early_stopping,45954,8051348,175.2045135498047,175.0,175.2045135498047,175.0,0.2268800139427185,0.1452974677085876,/kaggle/working/gfd-robustness-v4-factorial-r1/graphs/base/yelpchi/r60_s2/graph.bin,/kaggle/working/gfd-robustness-v4-factorial-r1/graphs/base/yelpchi/r60_s2/graph.bin,/kaggle/working/gfd-robustness-v4-factorial-r1/graphs/base/yelpchi/r60_s2/graph.bin,ok,
gfd_robustness_benchmark_v4_factorial,yelpchi,r60_s2,3253,1,clean,0.0,secgfd,train_clean_eval_all,0.799029661527251,0.4524743940740529,0.6641340410804043,0.6578896045684814,4.3750433919994975,50,50,0.7875019370281101,roc_auc,max_epochs,45954,8051348,175.2045135498047,175.0,175.2045135498047,175.0,0.2268800139427185,0.1452974677085876,/kaggle/working/gfd-robustness-v4-factorial-r1/graphs/base/yelpchi/r60_s2/graph.bin,/kaggle/working/gfd-robustness-v4-factorial-r1/graphs/base/yelpchi/r60_s2/graph.bin,/kaggle/working/gfd-robustness-v4-factorial-r1/graphs/base/yelpchi/r60_s2/graph.bin,ok,
gfd_robustness_benchmark_v4_factorial,yelpchi,r60_s2,3253,1,clean,0.0,secgfd,train_on_variant,0.7961520314767614,0.4452424638599592,0.6617302493557898,0.6903783679008484,4.414775091001502,50,49,0.7844855610944627,roc_auc,max_epochs,45954,8051348,175.2045135498047,175.0,175.2045135498047,175.0,0.2268800139427185,0.1452974677085876,/kaggle/working/gfd-robustness-v4-factorial-r1/graphs/base/yelpchi/r60_s2/graph.bin,/kaggle/working/gfd-robustness-v4-factorial-r1/graphs/base/yelpchi/r60_s2/graph.bin,/kaggle/working/gfd-robustness-v4-factorial-r1/graphs/base/yelpchi/r60_s2/graph.bin,ok,
gfd_robustness_benchmark_v4_factorial,yelpchi,r60_s2,3253,2,clean,0.0,mlp,train_clean_eval_all,0.8051940448278595,0.4504607236347623,0.6638554700899604,0.6557482481002808,2.1242966089994297,100,100,0.7907452730554025,roc_auc,max_epochs,45954,8051348,175.2045135498047,175.0,175.2045135498047,175.0,0.2268800139427185,0.1452974677085876,/kaggle/working/gfd-robustness-v4-factorial-r1/graphs/base/yelpchi/r60_s2/graph.bin,/kaggle/working/gfd-robustness-v4-factorial-r1/graphs/base/yelpchi/r60_s2/graph.bin,/kaggle/working/gfd-robustness-v4-factorial-r1/graphs/base/yelpchi/r60_s2/graph.bin,ok,
gfd_robustness_benchmark_v4_factorial,yelpchi,r60_s2,3253,2,clean,0.0,mlp,train_on_variant,0.8051940448278595,0.4504607236347623,0.6638554700899604,0.6557482481002808,1.5938656459984486,100,100,0.7907452730554025,roc_auc,max_epochs,45954,8051348,175.2045135498047,175.0,175.2045135498047,175.0,0.2268800139427185,0.1452974677085876,/kaggle/working/gfd-robustness-v4-factorial-r1/graphs/base/yelpchi/r60_s2/graph.bin,/kaggle/working/gfd-robustness-v4-factorial-r1/graphs/base/yelpchi/r60_s2/graph.bin,/kaggle/working/gfd-robustness-v4-factorial-r1/graphs/base/yelpchi/r60_s2/graph.bin,ok,
gfd_robustness_benchmark_v4_factorial,yelpchi,r60_s2,3253,2,clean,0.0,pmp,train_clean_eval_all,0.8509635832713391,0.5788789754421225,0.7260208643815201,0.1901807934045791,34.668262830004096,40,30,0.8440517144784805,roc_auc,early_stopping,45954,8051348,175.2045135498047,175.0,175.2045135498047,175.0,0.2268800139427185,0.1452974677085876,/kaggle/working/gfd-robustness-v4-factorial-r1/graphs/base/yelpchi/r60_s2/graph.bin,/kaggle/working/gfd-robustness-v4-factorial-r1/graphs/base/yelpchi/r60_s2/graph.bin,/kaggle/working/gfd-robustness-v4-factorial-r1/graphs/base/yelpchi/r60_s2/graph.bin,ok,
gfd_robustness_benchmark_v4_factorial,yelpchi,r60_s2,3253,2,clean,0.0,pmp,train_on_variant,0.8509635832713391,0.5788789754421225,0.7260208643815201,0.1901807934045791,34.94295946599959,40,30,0.8440517144784805,roc_auc,early_stopping,45954,8051348,175.2045135498047,175.0,175.2045135498047,175.0,0.2268800139427185,0.1452974677085876,/kaggle/working/gfd-robustness-v4-factorial-r1/graphs/base/yelpchi/r60_s2/graph.bin,/kaggle/working/gfd-robustness-v4-factorial-r1/graphs/base/yelpchi/r60_s2/graph.bin,/kaggle/working/gfd-robustness-v4-factorial-r1/graphs/base/yelpchi/r60_s2/graph.bin,ok,
gfd_robustness_benchmark_v4_factorial,yelpchi,r60_s2,3253,2,clean,0.0,sage,train_clean_eval_all,0.8047574339609985,0.462586826037297,0.6718826894222427,0.6589797139167786,3.0225498450017767,100,100,0.7880997098629895,roc_auc,max_epochs,45954,8051348,175.2045135498047,175.0,175.2045135498047,175.0,0.2268800139427185,0.1452974677085876,/kaggle/working/gfd-robustness-v4-factorial-r1/graphs/base/yelpchi/r60_s2/graph.bin,/kaggle/working/gfd-robustness-v4-factorial-r1/graphs/base/yelpchi/r60_s2/graph.bin,/kaggle/working/gfd-robustness-v4-factorial-r1/graphs/base/yelpchi/r60_s2/graph.bin,ok,
gfd_robustness_benchmark_v4_factorial,yelpchi,r60_s2,3253,2,clean,0.0,sage,train_on_variant,0.8043931866409747,0.4630284571581999,0.6723365844917581,0.5789240002632141,3.08305265600211,100,100,0.7880197493426024,roc_auc,max_epochs,45954,8051348,175.2045135498047,175.0,175.2045135498047,175.0,0.2268800139427185,0.1452974677085876,/kaggle/working/gfd-robustness-v4-factorial-r1/graphs/base/yelpchi/r60_s2/graph.bin,/kaggle/working/gfd-robustness-v4-factorial-r1/graphs/base/yelpchi/r60_s2/graph.bin,/kaggle/working/gfd-robustness-v4-factorial-r1/graphs/base/yelpchi/r60_s2/graph.bin,ok,
gfd_robustness_benchmark_v4_factorial,yelpchi,r60_s2,3253,2,clean,0.0,secgfd,train_clean_eval_all,0.8200926463010841,0.499161085614819,0.6920561749571184,0.7028029561042786,4.47269633399992,50,46,0.8013154149293015,roc_auc,max_epochs,45954,8051348,175.2045135498047,175.0,175.2045135498047,175.0,0.2268800139427185,0.1452974677085876,/kaggle/working/gfd-robustness-v4-factorial-r1/graphs/base/yelpchi/r60_s2/graph.bin,/kaggle/working/gfd-robustness-v4-factorial-r1/graphs/base/yelpchi/r60_s2/graph.bin,/kaggle/working/gfd-robustness-v4-factorial-r1/graphs/base/yelpchi/r60_s2/graph.bin,ok,
gfd_robustness_benchmark_v4_factorial,yelpchi,r60_s2,3253,2,clean,0.0,secgfd,train_on_variant,0.821838422823396,0.5057010310770416,0.6905015865802462,0.7188351154327393,4.48311868699966,50,50,0.8025839597384237,roc_auc,max_epochs,45954,8051348,175.2045135498047,175.0,175.2045135498047,175.0,0.2268800139427185,0.1452974677085876,/kaggle/working/gfd-robustness-v4-factorial-r1/graphs/base/yelpchi/r60_s2/graph.bin,/kaggle/working/gfd-robustness-v4-factorial-r1/graphs/base/yelpchi/r60_s2/graph.bin,/kaggle/working/gfd-robustness-v4-factorial-r1/graphs/base/yelpchi/r60_s2/graph.bin,ok,
gfd_robustness_benchmark_v4_factorial,yelpchi,r60_s2,3253,3,clean,0.0,mlp,train_clean_eval_all,0.8033646619693403,0.442421243508313,0.6642026960679807,0.6678695678710938,2.201334611996572,100,100,0.7883936613288132,roc_auc,max_epochs,45954,8051348,175.2045135498047,175.0,175.2045135498047,175.0,0.2268800139427185,0.1452974677085876,/kaggle/working/gfd-robustness-v4-factorial-r1/graphs/base/yelpchi/r60_s2/graph.bin,/kaggle/working/gfd-robustness-v4-factorial-r1/graphs/base/yelpchi/r60_s2/graph.bin,/kaggle/working/gfd-robustness-v4-factorial-r1/graphs/base/yelpchi/r60_s2/graph.bin,ok,
gfd_robustness_benchmark_v4_factorial,yelpchi,r60_s2,3253,3,clean,0.0,mlp,train_on_variant,0.8033646619693403,0.442421243508313,0.6642026960679807,0.6678695678710938,1.912473042000784,100,100,0.7883936613288132,roc_auc,max_epochs,45954,8051348,175.2045135498047,175.0,175.2045135498047,175.0,0.2268800139427185,0.1452974677085876,/kaggle/working/gfd-robustness-v4-factorial-r1/graphs/base/yelpchi/r60_s2/graph.bin,/kaggle/working/gfd-robustness-v4-factorial-r1/graphs/base/yelpchi/r60_s2/graph.bin,/kaggle/working/gfd-robustness-v4-factorial-r1/graphs/base/yelpchi/r60_s2/graph.bin,ok,
gfd_robustness_benchmark_v4_factorial,yelpchi,r60_s2,3253,3,clean,0.0,pmp,train_clean_eval_all,0.8606151368342744,0.6054040318163023,0.7375491325921597,0.2736212313175201,54.70785670999612,69,59,0.8491953168024374,roc_auc,early_stopping,45954,8051348,175.2045135498047,175.0,175.2045135498047,175.0,0.2268800139427185,0.1452974677085876,/kaggle/working/gfd-robustness-v4-factorial-r1/graphs/base/yelpchi/r60_s2/graph.bin,/kaggle/working/gfd-robustness-v4-factorial-r1/graphs/base/yelpchi/r60_s2/graph.bin,/kaggle/working/gfd-robustness-v4-factorial-r1/graphs/base/yelpchi/r60_s2/graph.bin,ok,
gfd_robustness_benchmark_v4_factorial,yelpchi,r60_s2,3253,3,clean,0.0,pmp,train_on_variant,0.8606151368342744,0.6054040318163023,0.7375491325921597,0.2736212313175201,60.63936068999829,69,59,0.8491953168024374,roc_auc,early_stopping,45954,8051348,175.2045135498047,175.0,175.2045135498047,175.0,0.2268800139427185,0.1452974677085876,/kaggle/working/gfd-robustness-v4-factorial-r1/graphs/base/yelpchi/r60_s2/graph.bin,/kaggle/working/gfd-robustness-v4-factorial-r1/graphs/base/yelpchi/r60_s2/graph.bin,/kaggle/working/gfd-robustness-v4-factorial-r1/graphs/base/yelpchi/r60_s2/graph.bin,ok,
gfd_robustness_benchmark_v4_factorial,yelpchi,r60_s2,3253,3,clean,0.0,sage,train_clean_eval_all,0.7950198444760174,0.4489034768219719,0.6648083469471515,0.6763745546340942,3.144831413999782,100,100,0.7781531837590027,roc_auc,max_epochs,45954,8051348,175.2045135498047,175.0,175.2045135498047,175.0,0.2268800139427185,0.1452974677085876,/kaggle/working/gfd-robustness-v4-factorial-r1/graphs/base/yelpchi/r60_s2/graph.bin,/kaggle/working/gfd-robustness-v4-factorial-r1/graphs/base/yelpchi/r60_s2/graph.bin,/kaggle/working/gfd-robustness-v4-factorial-r1/graphs/base/yelpchi/r60_s2/graph.bin,ok,
gfd_robustness_benchmark_v4_factorial,yelpchi,r60_s2,3253,3,clean,0.0,sage,train_on_variant,0.7944065884270156,0.4499120500518577,0.6641096260020164,0.7077853083610535,3.2988449039985426,100,100,0.7775244184743609,roc_auc,max_epochs,45954,8051348,175.2045135498047,175.0,175.2045135498047,175.0,0.2268800139427185,0.1452974677085876,/kaggle/working/gfd-robustness-v4-factorial-r1/graphs/base/yelpchi/r60_s2/graph.bin,/kaggle/working/gfd-robustness-v4-factorial-r1/graphs/base/yelpchi/r60_s2/graph.bin,/kaggle/working/gfd-robustness-v4-factorial-r1/graphs/base/yelpchi/r60_s2/graph.bin,ok,
gfd_robustness_benchmark_v4_factorial,yelpchi,r60_s2,3253,3,clean,0.0,secgfd,train_clean_eval_all,0.8159759274729563,0.485658974143949,0.6827539778568245,0.6787847280502319,4.459596520999185,50,50,0.7989556498043899,roc_auc,max_epochs,45954,8051348,175.2045135498047,175.0,175.2045135498047,175.0,0.2268800139427185,0.1452974677085876,/kaggle/working/gfd-robustness-v4-factorial-r1/graphs/base/yelpchi/r60_s2/graph.bin,/kaggle/working/gfd-robustness-v4-factorial-r1/graphs/base/yelpchi/r60_s2/graph.bin,/kaggle/working/gfd-robustness-v4-factorial-r1/graphs/base/yelpchi/r60_s2/graph.bin,ok,
gfd_robustness_benchmark_v4_factorial,yelpchi,r60_s2,3253,3,clean,0.0,secgfd,train_on_variant,0.8148019134846397,0.4814436601215532,0.68336509016981,0.744707465171814,4.516755996999564,50,50,0.7976743265698272,roc_auc,max_epochs,45954,8051348,175.2045135498047,175.0,175.2045135498047,175.0,0.2268800139427185,0.1452974677085876,/kaggle/working/gfd-robustness-v4-factorial-r1/graphs/base/yelpchi/r60_s2/graph.bin,/kaggle/working/gfd-robustness-v4-factorial-r1/graphs/base/yelpchi/r60_s2/graph.bin,/kaggle/working/gfd-robustness-v4-factorial-r1/graphs/base/yelpchi/r60_s2/graph.bin,ok,
gfd_robustness_benchmark_v4_factorial,yelpchi,r60_s2,3253,4,clean,0.0,mlp,train_clean_eval_all,0.8016106915496909,0.4485908504844914,0.6622104135282587,0.6817144751548767,1.7820258940046187,100,100,0.7873558433879992,roc_auc,max_epochs,45954,8051348,175.2045135498047,175.0,175.2045135498047,175.0,0.2268800139427185,0.1452974677085876,/kaggle/working/gfd-robustness-v4-factorial-r1/graphs/base/yelpchi/r60_s2/graph.bin,/kaggle/working/gfd-robustness-v4-factorial-r1/graphs/base/yelpchi/r60_s2/graph.bin,/kaggle/working/gfd-robustness-v4-factorial-r1/graphs/base/yelpchi/r60_s2/graph.bin,ok,
gfd_robustness_benchmark_v4_factorial,yelpchi,r60_s2,3253,4,clean,0.0,mlp,train_on_variant,0.8016106915496909,0.4485908504844914,0.6622104135282587,0.6817144751548767,1.6878714349986694,100,100,0.7873558433879992,roc_auc,max_epochs,45954,8051348,175.2045135498047,175.0,175.2045135498047,175.0,0.2268800139427185,0.1452974677085876,/kaggle/working/gfd-robustness-v4-factorial-r1/graphs/base/yelpchi/r60_s2/graph.bin,/kaggle/working/gfd-robustness-v4-factorial-r1/graphs/base/yelpchi/r60_s2/graph.bin,/kaggle/working/gfd-robustness-v4-factorial-r1/graphs/base/yelpchi/r60_s2/graph.bin,ok,
gfd_robustness_benchmark_v4_factorial,yelpchi,r60_s2,3253,4,clean,0.0,pmp,train_clean_eval_all,0.8733911377855288,0.6379370637786863,0.751037345603538,0.2757417559623718,60.48046260800038,76,66,0.8606669098381956,roc_auc,early_stopping,45954,8051348,175.2045135498047,175.0,175.2045135498047,175.0,0.2268800139427185,0.1452974677085876,/kaggle/working/gfd-robustness-v4-factorial-r1/graphs/base/yelpchi/r60_s2/graph.bin,/kaggle/working/gfd-robustness-v4-factorial-r1/graphs/base/yelpchi/r60_s2/graph.bin,/kaggle/working/gfd-robustness-v4-factorial-r1/graphs/base/yelpchi/r60_s2/graph.bin,ok,
gfd_robustness_benchmark_v4_factorial,yelpchi,r60_s2,3253,4,clean,0.0,pmp,train_on_variant,0.8733911377855288,0.6379370637786863,0.751037345603538,0.2757417559623718,66.46025518500028,76,66,0.8606669098381956,roc_auc,early_stopping,45954,8051348,175.2045135498047,175.0,175.2045135498047,175.0,0.2268800139427185,0.1452974677085876,/kaggle/working/gfd-robustness-v4-factorial-r1/graphs/base/yelpchi/r60_s2/graph.bin,/kaggle/working/gfd-robustness-v4-factorial-r1/graphs/base/yelpchi/r60_s2/graph.bin,/kaggle/working/gfd-robustness-v4-factorial-r1/graphs/base/yelpchi/r60_s2/graph.bin,ok,
gfd_robustness_benchmark_v4_factorial,yelpchi,r60_s2,3253,4,clean,0.0,sage,train_clean_eval_all,0.7986471684939693,0.4535548196204314,0.6702886355434893,0.695338249206543,3.3121541419968707,100,100,0.7833725030217639,roc_auc,max_epochs,45954,8051348,175.2045135498047,175.0,175.2045135498047,175.0,0.2268800139427185,0.1452974677085876,/kaggle/working/gfd-robustness-v4-factorial-r1/graphs/base/yelpchi/r60_s2/graph.bin,/kaggle/working/gfd-robustness-v4-factorial-r1/graphs/base/yelpchi/r60_s2/graph.bin,/kaggle/working/gfd-robustness-v4-factorial-r1/graphs/base/yelpchi/r60_s2/graph.bin,ok,
gfd_robustness_benchmark_v4_factorial,yelpchi,r60_s2,3253,4,clean,0.0,sage,train_on_variant,0.7980321498042612,0.4521195838292265,0.6690552681599781,0.6038222908973694,3.3611478749990056,100,98,0.7836485265474172,roc_auc,max_epochs,45954,8051348,175.2045135498047,175.0,175.2045135498047,175.0,0.2268800139427185,0.1452974677085876,/kaggle/working/gfd-robustness-v4-factorial-r1/graphs/base/yelpchi/r60_s2/graph.bin,/kaggle/working/gfd-robustness-v4-factorial-r1/graphs/base/yelpchi/r60_s2/graph.bin,/kaggle/working/gfd-robustness-v4-factorial-r1/graphs/base/yelpchi/r60_s2/graph.bin,ok,
gfd_robustness_benchmark_v4_factorial,yelpchi,r60_s2,3253,4,clean,0.0,secgfd,train_clean_eval_all,0.8023863487383684,0.4442644151522251,0.6650787744058019,0.7039106488227844,4.527102617001219,50,50,0.786382585104075,roc_auc,max_epochs,45954,8051348,175.2045135498047,175.0,175.2045135498047,175.0,0.2268800139427185,0.1452974677085876,/kaggle/working/gfd-robustness-v4-factorial-r1/graphs/base/yelpchi/r60_s2/graph.bin,/kaggle/working/gfd-robustness-v4-factorial-r1/graphs/base/yelpchi/r60_s2/graph.bin,/kaggle/working/gfd-robustness-v4-factorial-r1/graphs/base/yelpchi/r60_s2/graph.bin,ok,
gfd_robustness_benchmark_v4_factorial,yelpchi,r60_s2,3253,4,clean,0.0,secgfd,train_on_variant,0.8020856041227118,0.4438175117166549,0.6640185961100621,0.6276800632476807,4.5398581359986565,50,49,0.7863352381769764,roc_auc,max_epochs,45954,8051348,175.2045135498047,175.0,175.2045135498047,175.0,0.2268800139427185,0.1452974677085876,/kaggle/working/gfd-robustness-v4-factorial-r1/graphs/base/yelpchi/r60_s2/graph.bin,/kaggle/working/gfd-robustness-v4-factorial-r1/graphs/base/yelpchi/r60_s2/graph.bin,/kaggle/working/gfd-robustness-v4-factorial-r1/graphs/base/yelpchi/r60_s2/graph.bin,ok,
gfd_robustness_benchmark_v4_factorial,yelpchi,r60_s2,0,0,heterophily_rewire_nonoracle,0.15,mlp,train_clean_eval_all,0.8100983305791676,0.4587374752549941,0.6746461063940257,0.6971318125724792,0.0697038889993564,100,100,0.7956221495886349,roc_auc,max_epochs,45954,8051348,175.2045135498047,174.0,175.2045135498047,175.0,0.2294831871986389,0.1452974677085876,/kaggle/working/gfd-robustness-v4-factorial-r1/graphs/base/yelpchi/r60_s2/graph.bin,/kaggle/working/gfd-robustness-v4-factorial-r1/graphs/variants/yelpchi/r60_s2/heterophily_rewire_nonoracle/0.15/seed_0/graph.bin,/kaggle/working/gfd-robustness-v4-factorial-r1/graphs/base/yelpchi/r60_s2/graph.bin,ok,
gfd_robustness_benchmark_v4_factorial,yelpchi,r60_s2,0,0,heterophily_rewire_nonoracle,0.15,mlp,train_on_variant,0.8100983305791676,0.4587374752549941,0.6746461063940257,0.6971318125724792,1.8147367099991245,100,100,0.7956221495886349,roc_auc,max_epochs,45954,8051348,175.2045135498047,174.0,175.2045135498047,175.0,0.2294831871986389,0.1452974677085876,/kaggle/working/gfd-robustness-v4-factorial-r1/graphs/base/yelpchi/r60_s2/graph.bin,/kaggle/working/gfd-robustness-v4-factorial-r1/graphs/variants/yelpchi/r60_s2/heterophily_rewire_nonoracle/0.15/seed_0/graph.bin,/kaggle/working/gfd-robustness-v4-factorial-r1/graphs/variants/yelpchi/r60_s2/heterophily_rewire_nonoracle/0.15/seed_0/graph.bin,ok,
gfd_robustness_benchmark_v4_factorial,yelpchi,r60_s2,0,0,heterophily_rewire_nonoracle,0.15,pmp,train_clean_eval_all,0.8351798503298902,0.5339669765859397,0.7072436694593305,0.2557673752307892,0.2979673120025836,55,45,0.8496737448653855,roc_auc,early_stopping,45954,8051348,175.2045135498047,174.0,175.2045135498047,175.0,0.2294831871986389,0.1452974677085876,/kaggle/working/gfd-robustness-v4-factorial-r1/graphs/base/yelpchi/r60_s2/graph.bin,/kaggle/working/gfd-robustness-v4-factorial-r1/graphs/variants/yelpchi/r60_s2/heterophily_rewire_nonoracle/0.15/seed_0/graph.bin,/kaggle/working/gfd-robustness-v4-factorial-r1/graphs/base/yelpchi/r60_s2/graph.bin,ok,
gfd_robustness_benchmark_v4_factorial,yelpchi,r60_s2,0,0,heterophily_rewire_nonoracle,0.15,pmp,train_on_variant,0.8449885171103821,0.557270941374454,0.7201875831156325,0.2417112737894058,31.32795901099962,55,45,0.836741453831978,roc_auc,early_stopping,45954,8051348,175.2045135498047,174.0,175.2045135498047,175.0,0.2294831871986389,0.1452974677085876,/kaggle/working/gfd-robustness-v4-factorial-r1/graphs/base/yelpchi/r60_s2/graph.bin,/kaggle/working/gfd-robustness-v4-factorial-r1/graphs/variants/yelpchi/r60_s2/heterophily_rewire_nonoracle/0.15/seed_0/graph.bin,/kaggle/working/gfd-robustness-v4-factorial-r1/graphs/variants/yelpchi/r60_s2/heterophily_rewire_nonoracle/0.15/seed_0/graph.bin,ok,
gfd_robustness_benchmark_v4_factorial,yelpchi,r60_s2,0,0,heterophily_rewire_nonoracle,0.15,sage,train_clean_eval_all,0.8001306926625364,0.4477791776402895,0.6631145708018837,0.6634995937347412,0.1163382499980798,100,100,0.7932715868372682,roc_auc,max_epochs,45954,8051348,175.2045135498047,174.0,175.2045135498047,175.0,0.2294831871986389,0.1452974677085876,/kaggle/working/gfd-robustness-v4-factorial-r1/graphs/base/yelpchi/r60_s2/graph.bin,/kaggle/working/gfd-robustness-v4-factorial-r1/graphs/variants/yelpchi/r60_s2/heterophily_rewire_nonoracle/0.15/seed_0/graph.bin,/kaggle/working/gfd-robustness-v4-factorial-r1/graphs/base/yelpchi/r60_s2/graph.bin,ok,
gfd_robustness_benchmark_v4_factorial,yelpchi,r60_s2,0,0,heterophily_rewire_nonoracle,0.15,sage,train_on_variant,0.7855468416527434,0.4297276946430691,0.6581608470338274,0.6274990439414978,3.330793409000762,100,100,0.7707179996996116,roc_auc,max_epochs,45954,8051348,175.2045135498047,174.0,175.2045135498047,175.0,0.2294831871986389,0.1452974677085876,/kaggle/working/gfd-robustness-v4-factorial-r1/graphs/base/yelpchi/r60_s2/graph.bin,/kaggle/working/gfd-robustness-v4-factorial-r1/graphs/variants/yelpchi/r60_s2/heterophily_rewire_nonoracle/0.15/seed_0/graph.bin,/kaggle/working/gfd-robustness-v4-factorial-r1/graphs/variants/yelpchi/r60_s2/heterophily_rewire_nonoracle/0.15/seed_0/graph.bin,ok,
gfd_robustness_benchmark_v4_factorial,yelpchi,r60_s2,0,0,heterophily_rewire_nonoracle,0.15,secgfd,train_clean_eval_all,0.8197817545916314,0.4857754182326874,0.6919606200407751,0.6121960878372192,0.1709686239992152,50,50,0.8036778501729617,roc_auc,max_epochs,45954,8051348,175.2045135498047,174.0,175.2045135498047,175.0,0.2294831871986389,0.1452974677085876,/kaggle/working/gfd-robustness-v4-factorial-r1/graphs/base/yelpchi/r60_s2/graph.bin,/kaggle/working/gfd-robustness-v4-factorial-r1/graphs/variants/yelpchi/r60_s2/heterophily_rewire_nonoracle/0.15/seed_0/graph.bin,/kaggle/working/gfd-robustness-v4-factorial-r1/graphs/base/yelpchi/r60_s2/graph.bin,ok,
gfd_robustness_benchmark_v4_factorial,yelpchi,r60_s2,0,0,heterophily_rewire_nonoracle,0.15,secgfd,train_on_variant,0.8296006637437955,0.5216324870494357,0.7048639115572658,0.6723901629447937,4.819455548997212,50,50,0.8143544153512756,roc_auc,max_epochs,45954,8051348,175.2045135498047,174.0,175.2045135498047,175.0,0.2294831871986389,0.1452974677085876,/kaggle/working/gfd-robustness-v4-factorial-r1/graphs/base/yelpchi/r60_s2/graph.bin,/kaggle/working/gfd-robustness-v4-factorial-r1/graphs/variants/yelpchi/r60_s2/heterophily_rewire_nonoracle/0.15/seed_0/graph.bin,/kaggle/working/gfd-robustness-v4-factorial-r1/graphs/variants/yelpchi/r60_s2/heterophily_rewire_nonoracle/0.15/seed_0/graph.bin,ok,
gfd_robustness_benchmark_v4_factorial,yelpchi,r60_s2,0,1,heterophily_rewire_nonoracle,0.15,mlp,train_clean_eval_all,0.8014226606613657,0.4473605327471914,0.6604104662698413,0.655698835849762,0.0940541330019186,100,100,0.7890084561707159,roc_auc,max_epochs,45954,8051348,175.2045135498047,174.0,175.2045135498047,175.0,0.2294831871986389,0.1452974677085876,/kaggle/working/gfd-robustness-v4-factorial-r1/graphs/base/yelpchi/r60_s2/graph.bin,/kaggle/working/gfd-robustness-v4-factorial-r1/graphs/variants/yelpchi/r60_s2/heterophily_rewire_nonoracle/0.15/seed_0/graph.bin,/kaggle/working/gfd-robustness-v4-factorial-r1/graphs/base/yelpchi/r60_s2/graph.bin,ok,
gfd_robustness_benchmark_v4_factorial,yelpchi,r60_s2,0,1,heterophily_rewire_nonoracle,0.15,mlp,train_on_variant,0.8014226606613657,0.4473605327471914,0.6604104662698413,0.655698835849762,1.8213142700005849,100,100,0.7890084561707159,roc_auc,max_epochs,45954,8051348,175.2045135498047,174.0,175.2045135498047,175.0,0.2294831871986389,0.1452974677085876,/kaggle/working/gfd-robustness-v4-factorial-r1/graphs/base/yelpchi/r60_s2/graph.bin,/kaggle/working/gfd-robustness-v4-factorial-r1/graphs/variants/yelpchi/r60_s2/heterophily_rewire_nonoracle/0.15/seed_0/graph.bin,/kaggle/working/gfd-robustness-v4-factorial-r1/graphs/variants/yelpchi/r60_s2/heterophily_rewire_nonoracle/0.15/seed_0/graph.bin,ok,
gfd_robustness_benchmark_v4_factorial,yelpchi,r60_s2,0,1,heterophily_rewire_nonoracle,0.15,pmp,train_clean_eval_all,0.8451654004872129,0.5604604508588921,0.7176876116943347,0.4313299655914306,0.3561893149999378,59,49,0.8501764424005321,roc_auc,early_stopping,45954,8051348,175.2045135498047,174.0,175.2045135498047,175.0,0.2294831871986389,0.1452974677085876,/kaggle/working/gfd-robustness-v4-factorial-r1/graphs/base/yelpchi/r60_s2/graph.bin,/kaggle/working/gfd-robustness-v4-factorial-r1/graphs/variants/yelpchi/r60_s2/heterophily_rewire_nonoracle/0.15/seed_0/graph.bin,/kaggle/working/gfd-robustness-v4-factorial-r1/graphs/base/yelpchi/r60_s2/graph.bin,ok,
gfd_robustness_benchmark_v4_factorial,yelpchi,r60_s2,0,1,heterophily_rewire_nonoracle,0.15,pmp,train_on_variant,0.8637339628279084,0.6114537198168658,0.7421270084162204,0.312561959028244,51.82329256700177,89,79,0.8464826668764617,roc_auc,early_stopping,45954,8051348,175.2045135498047,174.0,175.2045135498047,175.0,0.2294831871986389,0.1452974677085876,/kaggle/working/gfd-robustness-v4-factorial-r1/graphs/base/yelpchi/r60_s2/graph.bin,/kaggle/working/gfd-robustness-v4-factorial-r1/graphs/variants/yelpchi/r60_s2/heterophily_rewire_nonoracle/0.15/seed_0/graph.bin,/kaggle/working/gfd-robustness-v4-factorial-r1/graphs/variants/yelpchi/r60_s2/heterophily_rewire_nonoracle/0.15/seed_0/graph.bin,ok,
gfd_robustness_benchmark_v4_factorial,yelpchi,r60_s2,0,1,heterophily_rewire_nonoracle,0.15,sage,train_clean_eval_all,0.6151693716690855,0.2070526067489291,0.5480513167784534,0.2929745614528656,0.1778085110017855,23,13,0.6051568098756249,roc_auc,early_stopping,45954,8051348,175.2045135498047,174.0,175.2045135498047,175.0,0.2294831871986389,0.1452974677085876,/kaggle/working/gfd-robustness-v4-factorial-r1/graphs/base/yelpchi/r60_s2/graph.bin,/kaggle/working/gfd-robustness-v4-factorial-r1/graphs/variants/yelpchi/r60_s2/heterophily_rewire_nonoracle/0.15/seed_0/graph.bin,/kaggle/working/gfd-robustness-v4-factorial-r1/graphs/base/yelpchi/r60_s2/graph.bin,ok,
gfd_robustness_benchmark_v4_factorial,yelpchi,r60_s2,0,1,heterophily_rewire_nonoracle,0.15,sage,train_on_variant,0.615042699732917,0.2075684820663409,0.5486836686676344,0.2997954487800598,0.942121979998774,23,13,0.6017517886219564,roc_auc,early_stopping,45954,8051348,175.2045135498047,174.0,175.2045135498047,175.0,0.2294831871986389,0.1452974677085876,/kaggle/working/gfd-robustness-v4-factorial-r1/graphs/base/yelpchi/r60_s2/graph.bin,/kaggle/working/gfd-robustness-v4-factorial-r1/graphs/variants/yelpchi/r60_s2/heterophily_rewire_nonoracle/0.15/seed_0/graph.bin,/kaggle/working/gfd-robustness-v4-factorial-r1/graphs/variants/yelpchi/r60_s2/heterophily_rewire_nonoracle/0.15/seed_0/graph.bin,ok,
gfd_robustness_benchmark_v4_factorial,yelpchi,r60_s2,0,1,heterophily_rewire_nonoracle,0.15,secgfd,train_clean_eval_all,0.8007995909911338,0.4551577587398384,0.6734786179443282,0.6578896045684814,0.1721125139993091,50,50,0.7875019370281101,roc_auc,max_epochs,45954,8051348,175.2045135498047,174.0,175.2045135498047,175.0,0.2294831871986389,0.1452974677085876,/kaggle/working/gfd-robustness-v4-factorial-r1/graphs/base/yelpchi/r60_s2/graph.bin,/kaggle/working/gfd-robustness-v4-factorial-r1/graphs/variants/yelpchi/r60_s2/heterophily_rewire_nonoracle/0.15/seed_0/graph.bin,/kaggle/working/gfd-robustness-v4-factorial-r1/graphs/base/yelpchi/r60_s2/graph.bin,ok,
gfd_robustness_benchmark_v4_factorial,yelpchi,r60_s2,0,1,heterophily_rewire_nonoracle,0.15,secgfd,train_on_variant,0.811775554669683,0.4669902031818441,0.6733310085957385,0.6955587267875671,4.923436500997923,50,50,0.8014765756680661,roc_auc,max_epochs,45954,8051348,175.2045135498047,174.0,175.2045135498047,175.0,0.2294831871986389,0.1452974677085876,/kaggle/working/gfd-robustness-v4-factorial-r1/graphs/base/yelpchi/r60_s2/graph.bin,/kaggle/working/gfd-robustness-v4-factorial-r1/graphs/variants/yelpchi/r60_s2/heterophily_rewire_nonoracle/0.15/seed_0/graph.bin,/kaggle/working/gfd-robustness-v4-factorial-r1/graphs/variants/yelpchi/r60_s2/heterophily_rewire_nonoracle/0.15/seed_0/graph.bin,ok,
gfd_robustness_benchmark_v4_factorial,yelpchi,r60_s2,0,2,heterophily_rewire_nonoracle,0.15,mlp,train_clean_eval_all,0.8051940448278595,0.4504607236347623,0.6638554700899604,0.6557482481002808,0.0807176220005203,100,100,0.7907452730554025,roc_auc,max_epochs,45954,8051348,175.2045135498047,174.0,175.2045135498047,175.0,0.2294831871986389,0.1452974677085876,/kaggle/working/gfd-robustness-v4-factorial-r1/graphs/base/yelpchi/r60_s2/graph.bin,/kaggle/working/gfd-robustness-v4-factorial-r1/graphs/variants/yelpchi/r60_s2/heterophily_rewire_nonoracle/0.15/seed_0/graph.bin,/kaggle/working/gfd-robustness-v4-factorial-r1/graphs/base/yelpchi/r60_s2/graph.bin,ok,
gfd_robustness_benchmark_v4_factorial,yelpchi,r60_s2,0,2,heterophily_rewire_nonoracle,0.15,mlp,train_on_variant,0.8051940448278595,0.4504607236347623,0.6638554700899604,0.6557482481002808,2.000826077997772,100,100,0.7907452730554025,roc_auc,max_epochs,45954,8051348,175.2045135498047,174.0,175.2045135498047,175.0,0.2294831871986389,0.1452974677085876,/kaggle/working/gfd-robustness-v4-factorial-r1/graphs/base/yelpchi/r60_s2/graph.bin,/kaggle/working/gfd-robustness-v4-factorial-r1/graphs/variants/yelpchi/r60_s2/heterophily_rewire_nonoracle/0.15/seed_0/graph.bin,/kaggle/working/gfd-robustness-v4-factorial-r1/graphs/variants/yelpchi/r60_s2/heterophily_rewire_nonoracle/0.15/seed_0/graph.bin,ok,
gfd_robustness_benchmark_v4_factorial,yelpchi,r60_s2,0,2,heterophily_rewire_nonoracle,0.15,pmp,train_clean_eval_all,0.828005426265595,0.5183007426483311,0.7001303026261335,0.1901807934045791,0.2700170159987465,40,30,0.8440517144784805,roc_auc,early_stopping,45954,8051348,175.2045135498047,174.0,175.2045135498047,175.0,0.2294831871986389,0.1452974677085876,/kaggle/working/gfd-robustness-v4-factorial-r1/graphs/base/yelpchi/r60_s2/graph.bin,/kaggle/working/gfd-robustness-v4-factorial-r1/graphs/variants/yelpchi/r60_s2/heterophily_rewire_nonoracle/0.15/seed_0/graph.bin,/kaggle/working/gfd-robustness-v4-factorial-r1/graphs/base/yelpchi/r60_s2/graph.bin,ok,
gfd_robustness_benchmark_v4_factorial,yelpchi,r60_s2,0,2,heterophily_rewire_nonoracle,0.15,pmp,train_on_variant,0.8440594149023745,0.5386430842066164,0.7076187757522019,0.2691325545310974,26.411618472000555,46,36,0.8323845352443755,roc_auc,early_stopping,45954,8051348,175.2045135498047,174.0,175.2045135498047,175.0,0.2294831871986389,0.1452974677085876,/kaggle/working/gfd-robustness-v4-factorial-r1/graphs/base/yelpchi/r60_s2/graph.bin,/kaggle/working/gfd-robustness-v4-factorial-r1/graphs/variants/yelpchi/r60_s2/heterophily_rewire_nonoracle/0.15/seed_0/graph.bin,/kaggle/working/gfd-robustness-v4-factorial-r1/graphs/variants/yelpchi/r60_s2/heterophily_rewire_nonoracle/0.15/seed_0/graph.bin,ok,
gfd_robustness_benchmark_v4_factorial,yelpchi,r60_s2,0,2,heterophily_rewire_nonoracle,0.15,sage,train_clean_eval_all,0.797719400176226,0.4494292769142403,0.6648502106057987,0.6589797139167786,0.1613511370014748,100,100,0.7880997098629895,roc_auc,max_epochs,45954,8051348,175.2045135498047,174.0,175.2045135498047,175.0,0.2294831871986389,0.1452974677085876,/kaggle/working/gfd-robustness-v4-factorial-r1/graphs/base/yelpchi/r60_s2/graph.bin,/kaggle/working/gfd-robustness-v4-factorial-r1/graphs/variants/yelpchi/r60_s2/heterophily_rewire_nonoracle/0.15/seed_0/graph.bin,/kaggle/working/gfd-robustness-v4-factorial-r1/graphs/base/yelpchi/r60_s2/graph.bin,ok,
gfd_robustness_benchmark_v4_factorial,yelpchi,r60_s2,0,2,heterophily_rewire_nonoracle,0.15,sage,train_on_variant,0.7916541058666781,0.440577854383973,0.6599411640770819,0.6049932837486267,3.416583847003494,100,98,0.776551684678048,roc_auc,max_epochs,45954,8051348,175.2045135498047,174.0,175.2045135498047,175.0,0.2294831871986389,0.1452974677085876,/kaggle/working/gfd-robustness-v4-factorial-r1/graphs/base/yelpchi/r60_s2/graph.bin,/kaggle/working/gfd-robustness-v4-factorial-r1/graphs/variants/yelpchi/r60_s2/heterophily_rewire_nonoracle/0.15/seed_0/graph.bin,/kaggle/working/gfd-robustness-v4-factorial-r1/graphs/variants/yelpchi/r60_s2/heterophily_rewire_nonoracle/0.15/seed_0/graph.bin,ok,
gfd_robustness_benchmark_v4_factorial,yelpchi,r60_s2,0,2,heterophily_rewire_nonoracle,0.15,secgfd,train_clean_eval_all,0.8163644706513653,0.499046919402475,0.6898690861781567,0.7028029561042786,0.1730232970003271,50,46,0.8013154149293015,roc_auc,max_epochs,45954,8051348,175.2045135498047,174.0,175.2045135498047,175.0,0.2294831871986389,0.1452974677085876,/kaggle/working/gfd-robustness-v4-factorial-r1/graphs/base/yelpchi/r60_s2/graph.bin,/kaggle/working/gfd-robustness-v4-factorial-r1/graphs/variants/yelpchi/r60_s2/heterophily_rewire_nonoracle/0.15/seed_0/graph.bin,/kaggle/working/gfd-robustness-v4-factorial-r1/graphs/base/yelpchi/r60_s2/graph.bin,ok,
gfd_robustness_benchmark_v4_factorial,yelpchi,r60_s2,0,2,heterophily_rewire_nonoracle,0.15,secgfd,train_on_variant,0.8161256090161835,0.4940656238867738,0.6931096271558571,0.6969422101974487,4.957644412002992,50,50,0.7986694702913528,roc_auc,max_epochs,45954,8051348,175.2045135498047,174.0,175.2045135498047,175.0,0.2294831871986389,0.1452974677085876,/kaggle/working/gfd-robustness-v4-factorial-r1/graphs/base/yelpchi/r60_s2/graph.bin,/kaggle/working/gfd-robustness-v4-factorial-r1/graphs/variants/yelpchi/r60_s2/heterophily_rewire_nonoracle/0.15/seed_0/graph.bin,/kaggle/working/gfd-robustness-v4-factorial-r1/graphs/variants/yelpchi/r60_s2/heterophily_rewire_nonoracle/0.15/seed_0/graph.bin,ok,
gfd_robustness_benchmark_v4_factorial,yelpchi,r60_s2,0,3,heterophily_rewire_nonoracle,0.15,mlp,train_clean_eval_all,0.8033646619693403,0.442421243508313,0.6642026960679807,0.6678695678710938,0.0695292970012815,100,100,0.7883936613288132,roc_auc,max_epochs,45954,8051348,175.2045135498047,174.0,175.2045135498047,175.0,0.2294831871986389,0.1452974677085876,/kaggle/working/gfd-robustness-v4-factorial-r1/graphs/base/yelpchi/r60_s2/graph.bin,/kaggle/working/gfd-robustness-v4-factorial-r1/graphs/variants/yelpchi/r60_s2/heterophily_rewire_nonoracle/0.15/seed_0/graph.bin,/kaggle/working/gfd-robustness-v4-factorial-r1/graphs/base/yelpchi/r60_s2/graph.bin,ok,
gfd_robustness_benchmark_v4_factorial,yelpchi,r60_s2,0,3,heterophily_rewire_nonoracle,0.15,mlp,train_on_variant,0.8033646619693403,0.442421243508313,0.6642026960679807,0.6678695678710938,2.0218700609984808,100,100,0.7883936613288132,roc_auc,max_epochs,45954,8051348,175.2045135498047,174.0,175.2045135498047,175.0,0.2294831871986389,0.1452974677085876,/kaggle/working/gfd-robustness-v4-factorial-r1/graphs/base/yelpchi/r60_s2/graph.bin,/kaggle/working/gfd-robustness-v4-factorial-r1/graphs/variants/yelpchi/r60_s2/heterophily_rewire_nonoracle/0.15/seed_0/graph.bin,/kaggle/working/gfd-robustness-v4-factorial-r1/graphs/variants/yelpchi/r60_s2/heterophily_rewire_nonoracle/0.15/seed_0/graph.bin,ok,
gfd_robustness_benchmark_v4_factorial,yelpchi,r60_s2,0,3,heterophily_rewire_nonoracle,0.15,pmp,train_clean_eval_all,0.8416679878532142,0.5545894621981409,0.708560105282676,0.2736212313175201,0.2758239920003689,69,59,0.8491953168024374,roc_auc,early_stopping,45954,8051348,175.2045135498047,174.0,175.2045135498047,175.0,0.2294831871986389,0.1452974677085876,/kaggle/working/gfd-robustness-v4-factorial-r1/graphs/base/yelpchi/r60_s2/graph.bin,/kaggle/working/gfd-robustness-v4-factorial-r1/graphs/variants/yelpchi/r60_s2/heterophily_rewire_nonoracle/0.15/seed_0/graph.bin,/kaggle/working/gfd-robustness-v4-factorial-r1/graphs/base/yelpchi/r60_s2/graph.bin,ok,
gfd_robustness_benchmark_v4_factorial,yelpchi,r60_s2,0,3,heterophily_rewire_nonoracle,0.15,pmp,train_on_variant,0.848856131931656,0.560540567573438,0.7135302605848851,0.3142892718315124,40.03693654400195,70,60,0.8367723509203565,roc_auc,early_stopping,45954,8051348,175.2045135498047,174.0,175.2045135498047,175.0,0.2294831871986389,0.1452974677085876,/kaggle/working/gfd-robustness-v4-factorial-r1/graphs/base/yelpchi/r60_s2/graph.bin,/kaggle/working/gfd-robustness-v4-factorial-r1/graphs/variants/yelpchi/r60_s2/heterophily_rewire_nonoracle/0.15/seed_0/graph.bin,/kaggle/working/gfd-robustness-v4-factorial-r1/graphs/variants/yelpchi/r60_s2/heterophily_rewire_nonoracle/0.15/seed_0/graph.bin,ok,
gfd_robustness_benchmark_v4_factorial,yelpchi,r60_s2,0,3,heterophily_rewire_nonoracle,0.15,sage,train_clean_eval_all,0.7895284088137371,0.4371467371087883,0.6605410977342258,0.6763745546340942,0.1305108080014179,100,100,0.7781531837590027,roc_auc,max_epochs,45954,8051348,175.2045135498047,174.0,175.2045135498047,175.0,0.2294831871986389,0.1452974677085876,/kaggle/working/gfd-robustness-v4-factorial-r1/graphs/base/yelpchi/r60_s2/graph.bin,/kaggle/working/gfd-robustness-v4-factorial-r1/graphs/variants/yelpchi/r60_s2/heterophily_rewire_nonoracle/0.15/seed_0/graph.bin,/kaggle/working/gfd-robustness-v4-factorial-r1/graphs/base/yelpchi/r60_s2/graph.bin,ok,
gfd_robustness_benchmark_v4_factorial,yelpchi,r60_s2,0,3,heterophily_rewire_nonoracle,0.15,sage,train_on_variant,0.7890206730124273,0.4344447367931858,0.6602323023530505,0.692076563835144,3.371639139000763,100,99,0.7742508052076852,roc_auc,max_epochs,45954,8051348,175.2045135498047,174.0,175.2045135498047,175.0,0.2294831871986389,0.1452974677085876,/kaggle/working/gfd-robustness-v4-factorial-r1/graphs/base/yelpchi/r60_s2/graph.bin,/kaggle/working/gfd-robustness-v4-factorial-r1/graphs/variants/yelpchi/r60_s2/heterophily_rewire_nonoracle/0.15/seed_0/graph.bin,/kaggle/working/gfd-robustness-v4-factorial-r1/graphs/variants/yelpchi/r60_s2/heterophily_rewire_nonoracle/0.15/seed_0/graph.bin,ok,
gfd_robustness_benchmark_v4_factorial,yelpchi,r60_s2,0,3,heterophily_rewire_nonoracle,0.15,secgfd,train_clean_eval_all,0.8120754417844556,0.481132619637766,0.6850267810120853,0.6787847280502319,0.1807311869997647,50,50,0.7989556498043899,roc_auc,max_epochs,45954,8051348,175.2045135498047,174.0,175.2045135498047,175.0,0.2294831871986389,0.1452974677085876,/kaggle/working/gfd-robustness-v4-factorial-r1/graphs/base/yelpchi/r60_s2/graph.bin,/kaggle/working/gfd-robustness-v4-factorial-r1/graphs/variants/yelpchi/r60_s2/heterophily_rewire_nonoracle/0.15/seed_0/graph.bin,/kaggle/working/gfd-robustness-v4-factorial-r1/graphs/base/yelpchi/r60_s2/graph.bin,ok,
gfd_robustness_benchmark_v4_factorial,yelpchi,r60_s2,0,3,heterophily_rewire_nonoracle,0.15,secgfd,train_on_variant,0.8155824774839323,0.4830735233747978,0.6866588734188759,0.686348557472229,4.940265097997326,50,49,0.798110938665942,roc_auc,max_epochs,45954,8051348,175.2045135498047,174.0,175.2045135498047,175.0,0.2294831871986389,0.1452974677085876,/kaggle/working/gfd-robustness-v4-factorial-r1/graphs/base/yelpchi/r60_s2/graph.bin,/kaggle/working/gfd-robustness-v4-factorial-r1/graphs/variants/yelpchi/r60_s2/heterophily_rewire_nonoracle/0.15/seed_0/graph.bin,/kaggle/working/gfd-robustness-v4-factorial-r1/graphs/variants/yelpchi/r60_s2/heterophily_rewire_nonoracle/0.15/seed_0/graph.bin,ok,
gfd_robustness_benchmark_v4_factorial,yelpchi,r60_s2,0,4,heterophily_rewire_nonoracle,0.15,mlp,train_clean_eval_all,0.8016106915496909,0.4485908504844914,0.6622104135282587,0.6817144751548767,0.0954008049993717,100,100,0.7873558433879992,roc_auc,max_epochs,45954,8051348,175.2045135498047,174.0,175.2045135498047,175.0,0.2294831871986389,0.1452974677085876,/kaggle/working/gfd-robustness-v4-factorial-r1/graphs/base/yelpchi/r60_s2/graph.bin,/kaggle/working/gfd-robustness-v4-factorial-r1/graphs/variants/yelpchi/r60_s2/heterophily_rewire_nonoracle/0.15/seed_0/graph.bin,/kaggle/working/gfd-robustness-v4-factorial-r1/graphs/base/yelpchi/r60_s2/graph.bin,ok,
gfd_robustness_benchmark_v4_factorial,yelpchi,r60_s2,0,4,heterophily_rewire_nonoracle,0.15,mlp,train_on_variant,0.8016106915496909,0.4485908504844914,0.6622104135282587,0.6817144751548767,1.9611992960017235,100,100,0.7873558433879992,roc_auc,max_epochs,45954,8051348,175.2045135498047,174.0,175.2045135498047,175.0,0.2294831871986389,0.1452974677085876,/kaggle/working/gfd-robustness-v4-factorial-r1/graphs/base/yelpchi/r60_s2/graph.bin,/kaggle/working/gfd-robustness-v4-factorial-r1/graphs/variants/yelpchi/r60_s2/heterophily_rewire_nonoracle/0.15/seed_0/graph.bin,/kaggle/working/gfd-robustness-v4-factorial-r1/graphs/variants/yelpchi/r60_s2/heterophily_rewire_nonoracle/0.15/seed_0/graph.bin,ok,
gfd_robustness_benchmark_v4_factorial,yelpchi,r60_s2,0,4,heterophily_rewire_nonoracle,0.15,pmp,train_clean_eval_all,0.8513698481346879,0.5717627332393839,0.7252816227550843,0.2757417559623718,0.271786475997942,76,66,0.8606669098381956,roc_auc,early_stopping,45954,8051348,175.2045135498047,174.0,175.2045135498047,175.0,0.2294831871986389,0.1452974677085876,/kaggle/working/gfd-robustness-v4-factorial-r1/graphs/base/yelpchi/r60_s2/graph.bin,/kaggle/working/gfd-robustness-v4-factorial-r1/graphs/variants/yelpchi/r60_s2/heterophily_rewire_nonoracle/0.15/seed_0/graph.bin,/kaggle/working/gfd-robustness-v4-factorial-r1/graphs/base/yelpchi/r60_s2/graph.bin,ok,
gfd_robustness_benchmark_v4_factorial,yelpchi,r60_s2,0,4,heterophily_rewire_nonoracle,0.15,pmp,train_on_variant,0.8503909632364599,0.5606142040349819,0.718571251615557,0.2401952445507049,38.77106091099995,67,57,0.8389810636131951,roc_auc,early_stopping,45954,8051348,175.2045135498047,174.0,175.2045135498047,175.0,0.2294831871986389,0.1452974677085876,/kaggle/working/gfd-robustness-v4-factorial-r1/graphs/base/yelpchi/r60_s2/graph.bin,/kaggle/working/gfd-robustness-v4-factorial-r1/graphs/variants/yelpchi/r60_s2/heterophily_rewire_nonoracle/0.15/seed_0/graph.bin,/kaggle/working/gfd-robustness-v4-factorial-r1/graphs/variants/yelpchi/r60_s2/heterophily_rewire_nonoracle/0.15/seed_0/graph.bin,ok,
gfd_robustness_benchmark_v4_factorial,yelpchi,r60_s2,0,4,heterophily_rewire_nonoracle,0.15,sage,train_clean_eval_all,0.7948667329292535,0.44409367511393,0.6639533830212342,0.695338249206543,0.1058401560003403,100,100,0.7833725030217639,roc_auc,max_epochs,45954,8051348,175.2045135498047,174.0,175.2045135498047,175.0,0.2294831871986389,0.1452974677085876,/kaggle/working/gfd-robustness-v4-factorial-r1/graphs/base/yelpchi/r60_s2/graph.bin,/kaggle/working/gfd-robustness-v4-factorial-r1/graphs/variants/yelpchi/r60_s2/heterophily_rewire_nonoracle/0.15/seed_0/graph.bin,/kaggle/working/gfd-robustness-v4-factorial-r1/graphs/base/yelpchi/r60_s2/graph.bin,ok,
gfd_robustness_benchmark_v4_factorial,yelpchi,r60_s2,0,4,heterophily_rewire_nonoracle,0.15,sage,train_on_variant,0.791207395544959,0.4354929224545798,0.658814868432958,0.6572202444076538,3.315193694001209,100,100,0.7759948218768551,roc_auc,max_epochs,45954,8051348,175.2045135498047,174.0,175.2045135498047,175.0,0.2294831871986389,0.1452974677085876,/kaggle/working/gfd-robustness-v4-factorial-r1/graphs/base/yelpchi/r60_s2/graph.bin,/kaggle/working/gfd-robustness-v4-factorial-r1/graphs/variants/yelpchi/r60_s2/heterophily_rewire_nonoracle/0.15/seed_0/graph.bin,/kaggle/working/gfd-robustness-v4-factorial-r1/graphs/variants/yelpchi/r60_s2/heterophily_rewire_nonoracle/0.15/seed_0/graph.bin,ok,
gfd_robustness_benchmark_v4_factorial,yelpchi,r60_s2,0,4,heterophily_rewire_nonoracle,0.15,secgfd,train_clean_eval_all,0.8016993952522653,0.4405034549198049,0.6724878983204023,0.7039106488227844,0.1471051709995663,50,50,0.786382585104075,roc_auc,max_epochs,45954,8051348,175.2045135498047,174.0,175.2045135498047,175.0,0.2294831871986389,0.1452974677085876,/kaggle/working/gfd-robustness-v4-factorial-r1/graphs/base/yelpchi/r60_s2/graph.bin,/kaggle/working/gfd-robustness-v4-factorial-r1/graphs/variants/yelpchi/r60_s2/heterophily_rewire_nonoracle/0.15/seed_0/graph.bin,/kaggle/working/gfd-robustness-v4-factorial-r1/graphs/base/yelpchi/r60_s2/graph.bin,ok,
gfd_robustness_benchmark_v4_factorial,yelpchi,r60_s2,0,4,heterophily_rewire_nonoracle,0.15,secgfd,train_on_variant,0.7986467873824652,0.4474845565084809,0.6613140821610083,0.6632384061813354,4.97250705499755,50,49,0.7844693496592022,roc_auc,max_epochs,45954,8051348,175.2045135498047,174.0,175.2045135498047,175.0,0.2294831871986389,0.1452974677085876,/kaggle/working/gfd-robustness-v4-factorial-r1/graphs/base/yelpchi/r60_s2/graph.bin,/kaggle/working/gfd-robustness-v4-factorial-r1/graphs/variants/yelpchi/r60_s2/heterophily_rewire_nonoracle/0.15/seed_0/graph.bin,/kaggle/working/gfd-robustness-v4-factorial-r1/graphs/variants/yelpchi/r60_s2/heterophily_rewire_nonoracle/0.15/seed_0/graph.bin,ok,
gfd_robustness_benchmark_v4_factorial,yelpchi,r60_s2,1,0,heterophily_rewire_nonoracle,0.15,mlp,train_clean_eval_all,0.8100983305791676,0.4587374752549941,0.6746461063940257,0.6971318125724792,0.0743489769993175,100,100,0.7956221495886349,roc_auc,max_epochs,45954,8051348,175.2045135498047,174.0,175.2045135498047,175.0,0.2294254302978515,0.1452974677085876,/kaggle/working/gfd-robustness-v4-factorial-r1/graphs/base/yelpchi/r60_s2/graph.bin,/kaggle/working/gfd-robustness-v4-factorial-r1/graphs/variants/yelpchi/r60_s2/heterophily_rewire_nonoracle/0.15/seed_1/graph.bin,/kaggle/working/gfd-robustness-v4-factorial-r1/graphs/base/yelpchi/r60_s2/graph.bin,ok,
gfd_robustness_benchmark_v4_factorial,yelpchi,r60_s2,1,0,heterophily_rewire_nonoracle,0.15,mlp,train_on_variant,0.8100983305791676,0.4587374752549941,0.6746461063940257,0.6971318125724792,1.9842022619995987,100,100,0.7956221495886349,roc_auc,max_epochs,45954,8051348,175.2045135498047,174.0,175.2045135498047,175.0,0.2294254302978515,0.1452974677085876,/kaggle/working/gfd-robustness-v4-factorial-r1/graphs/base/yelpchi/r60_s2/graph.bin,/kaggle/working/gfd-robustness-v4-factorial-r1/graphs/variants/yelpchi/r60_s2/heterophily_rewire_nonoracle/0.15/seed_1/graph.bin,/kaggle/working/gfd-robustness-v4-factorial-r1/graphs/variants/yelpchi/r60_s2/heterophily_rewire_nonoracle/0.15/seed_1/graph.bin,ok,
gfd_robustness_benchmark_v4_factorial,yelpchi,r60_s2,1,0,heterophily_rewire_nonoracle,0.15,pmp,train_clean_eval_all,0.8355656304498945,0.5317070080326991,0.6985157316074702,0.2557673752307892,0.294697391000227,55,45,0.8496737448653855,roc_auc,early_stopping,45954,8051348,175.2045135498047,174.0,175.2045135498047,175.0,0.2294254302978515,0.1452974677085876,/kaggle/working/gfd-robustness-v4-factorial-r1/graphs/base/yelpchi/r60_s2/graph.bin,/kaggle/working/gfd-robustness-v4-factorial-r1/graphs/variants/yelpchi/r60_s2/heterophily_rewire_nonoracle/0.15/seed_1/graph.bin,/kaggle/working/gfd-robustness-v4-factorial-r1/graphs/base/yelpchi/r60_s2/graph.bin,ok,
gfd_robustness_benchmark_v4_factorial,yelpchi,r60_s2,1,0,heterophily_rewire_nonoracle,0.15,pmp,train_on_variant,0.8412750142535702,0.5451538217881428,0.7097484683041695,0.2965478003025055,27.864031136999984,48,38,0.8326882135713554,roc_auc,early_stopping,45954,8051348,175.2045135498047,174.0,175.2045135498047,175.0,0.2294254302978515,0.1452974677085876,/kaggle/working/gfd-robustness-v4-factorial-r1/graphs/base/yelpchi/r60_s2/graph.bin,/kaggle/working/gfd-robustness-v4-factorial-r1/graphs/variants/yelpchi/r60_s2/heterophily_rewire_nonoracle/0.15/seed_1/graph.bin,/kaggle/working/gfd-robustness-v4-factorial-r1/graphs/variants/yelpchi/r60_s2/heterophily_rewire_nonoracle/0.15/seed_1/graph.bin,ok,
gfd_robustness_benchmark_v4_factorial,yelpchi,r60_s2,1,0,heterophily_rewire_nonoracle,0.15,sage,train_clean_eval_all,0.7993878110632097,0.446416359415594,0.6640479160302752,0.6634995937347412,0.1183028300001751,100,100,0.7932715868372682,roc_auc,max_epochs,45954,8051348,175.2045135498047,174.0,175.2045135498047,175.0,0.2294254302978515,0.1452974677085876,/kaggle/working/gfd-robustness-v4-factorial-r1/graphs/base/yelpchi/r60_s2/graph.bin,/kaggle/working/gfd-robustness-v4-factorial-r1/graphs/variants/yelpchi/r60_s2/heterophily_rewire_nonoracle/0.15/seed_1/graph.bin,/kaggle/working/gfd-robustness-v4-factorial-r1/graphs/base/yelpchi/r60_s2/graph.bin,ok,
gfd_robustness_benchmark_v4_factorial,yelpchi,r60_s2,1,0,heterophily_rewire_nonoracle,0.15,sage,train_on_variant,0.7861517132486554,0.4274879331968231,0.657722688728942,0.6451549530029297,3.391011511997931,100,100,0.7713934443816649,roc_auc,max_epochs,45954,8051348,175.2045135498047,174.0,175.2045135498047,175.0,0.2294254302978515,0.1452974677085876,/kaggle/working/gfd-robustness-v4-factorial-r1/graphs/base/yelpchi/r60_s2/graph.bin,/kaggle/working/gfd-robustness-v4-factorial-r1/graphs/variants/yelpchi/r60_s2/heterophily_rewire_nonoracle/0.15/seed_1/graph.bin,/kaggle/working/gfd-robustness-v4-factorial-r1/graphs/variants/yelpchi/r60_s2/heterophily_rewire_nonoracle/0.15/seed_1/graph.bin,ok,
gfd_robustness_benchmark_v4_factorial,yelpchi,r60_s2,1,0,heterophily_rewire_nonoracle,0.15,secgfd,train_clean_eval_all,0.8203041631858483,0.4861466536330239,0.690830694643725,0.6121960878372192,0.1777858829991601,50,50,0.8036778501729617,roc_auc,max_epochs,45954,8051348,175.2045135498047,174.0,175.2045135498047,175.0,0.2294254302978515,0.1452974677085876,/kaggle/working/gfd-robustness-v4-factorial-r1/graphs/base/yelpchi/r60_s2/graph.bin,/kaggle/working/gfd-robustness-v4-factorial-r1/graphs/variants/yelpchi/r60_s2/heterophily_rewire_nonoracle/0.15/seed_1/graph.bin,/kaggle/working/gfd-robustness-v4-factorial-r1/graphs/base/yelpchi/r60_s2/graph.bin,ok,
gfd_robustness_benchmark_v4_factorial,yelpchi,r60_s2,1,0,heterophily_rewire_nonoracle,0.15,secgfd,train_on_variant,0.828609583277437,0.5181514681542241,0.703297626533766,0.6332919597625732,5.010766397001135,50,50,0.8141929208476674,roc_auc,max_epochs,45954,8051348,175.2045135498047,174.0,175.2045135498047,175.0,0.2294254302978515,0.1452974677085876,/kaggle/working/gfd-robustness-v4-factorial-r1/graphs/base/yelpchi/r60_s2/graph.bin,/kaggle/working/gfd-robustness-v4-factorial-r1/graphs/variants/yelpchi/r60_s2/heterophily_rewire_nonoracle/0.15/seed_1/graph.bin,/kaggle/working/gfd-robustness-v4-factorial-r1/graphs/variants/yelpchi/r60_s2/heterophily_rewire_nonoracle/0.15/seed_1/graph.bin,ok,
gfd_robustness_benchmark_v4_factorial,yelpchi,r60_s2,1,1,heterophily_rewire_nonoracle,0.15,mlp,train_clean_eval_all,0.8014226606613657,0.4473605327471914,0.6604104662698413,0.655698835849762,0.0920870009977079,100,100,0.7890084561707159,roc_auc,max_epochs,45954,8051348,175.2045135498047,174.0,175.2045135498047,175.0,0.2294254302978515,0.1452974677085876,/kaggle/working/gfd-robustness-v4-factorial-r1/graphs/base/yelpchi/r60_s2/graph.bin,/kaggle/working/gfd-robustness-v4-factorial-r1/graphs/variants/yelpchi/r60_s2/heterophily_rewire_nonoracle/0.15/seed_1/graph.bin,/kaggle/working/gfd-robustness-v4-factorial-r1/graphs/base/yelpchi/r60_s2/graph.bin,ok,
gfd_robustness_benchmark_v4_factorial,yelpchi,r60_s2,1,1,heterophily_rewire_nonoracle,0.15,mlp,train_on_variant,0.8014226606613657,0.4473605327471914,0.6604104662698413,0.655698835849762,2.0063180299985106,100,100,0.7890084561707159,roc_auc,max_epochs,45954,8051348,175.2045135498047,174.0,175.2045135498047,175.0,0.2294254302978515,0.1452974677085876,/kaggle/working/gfd-robustness-v4-factorial-r1/graphs/base/yelpchi/r60_s2/graph.bin,/kaggle/working/gfd-robustness-v4-factorial-r1/graphs/variants/yelpchi/r60_s2/heterophily_rewire_nonoracle/0.15/seed_1/graph.bin,/kaggle/working/gfd-robustness-v4-factorial-r1/graphs/variants/yelpchi/r60_s2/heterophily_rewire_nonoracle/0.15/seed_1/graph.bin,ok,
gfd_robustness_benchmark_v4_factorial,yelpchi,r60_s2,1,1,heterophily_rewire_nonoracle,0.15,pmp,train_clean_eval_all,0.8387012253497079,0.5484003007324638,0.7112218655668991,0.4313299655914306,0.3380397340006311,59,49,0.8501764424005321,roc_auc,early_stopping,45954,8051348,175.2045135498047,174.0,175.2045135498047,175.0,0.2294254302978515,0.1452974677085876,/kaggle/working/gfd-robustness-v4-factorial-r1/graphs/base/yelpchi/r60_s2/graph.bin,/kaggle/working/gfd-robustness-v4-factorial-r1/graphs/variants/yelpchi/r60_s2/heterophily_rewire_nonoracle/0.15/seed_1/graph.bin,/kaggle/working/gfd-robustness-v4-factorial-r1/graphs/base/yelpchi/r60_s2/graph.bin,ok,
gfd_robustness_benchmark_v4_factorial,yelpchi,r60_s2,1,1,heterophily_rewire_nonoracle,0.15,pmp,train_on_variant,0.8447310762893765,0.5586645632413951,0.7162385828710018,0.2378523796796798,50.35923572300089,86,76,0.8370457520079532,roc_auc,early_stopping,45954,8051348,175.2045135498047,174.0,175.2045135498047,175.0,0.2294254302978515,0.1452974677085876,/kaggle/working/gfd-robustness-v4-factorial-r1/graphs/base/yelpchi/r60_s2/graph.bin,/kaggle/working/gfd-robustness-v4-factorial-r1/graphs/variants/yelpchi/r60_s2/heterophily_rewire_nonoracle/0.15/seed_1/graph.bin,/kaggle/working/gfd-robustness-v4-factorial-r1/graphs/variants/yelpchi/r60_s2/heterophily_rewire_nonoracle/0.15/seed_1/graph.bin,ok,
gfd_robustness_benchmark_v4_factorial,yelpchi,r60_s2,1,1,heterophily_rewire_nonoracle,0.15,sage,train_clean_eval_all,0.6166033037031843,0.2094760352197814,0.5462839134420137,0.2929745614528656,0.1255106450007588,23,13,0.6051568098756249,roc_auc,early_stopping,45954,8051348,175.2045135498047,174.0,175.2045135498047,175.0,0.2294254302978515,0.1452974677085876,/kaggle/working/gfd-robustness-v4-factorial-r1/graphs/base/yelpchi/r60_s2/graph.bin,/kaggle/working/gfd-robustness-v4-factorial-r1/graphs/variants/yelpchi/r60_s2/heterophily_rewire_nonoracle/0.15/seed_1/graph.bin,/kaggle/working/gfd-robustness-v4-factorial-r1/graphs/base/yelpchi/r60_s2/graph.bin,ok,
gfd_robustness_benchmark_v4_factorial,yelpchi,r60_s2,1,1,heterophily_rewire_nonoracle,0.15,sage,train_on_variant,0.6183028704556264,0.213328368505962,0.5518365242225513,0.2972685694694519,0.9568251089986006,23,13,0.6019540024364833,roc_auc,early_stopping,45954,8051348,175.2045135498047,174.0,175.2045135498047,175.0,0.2294254302978515,0.1452974677085876,/kaggle/working/gfd-robustness-v4-factorial-r1/graphs/base/yelpchi/r60_s2/graph.bin,/kaggle/working/gfd-robustness-v4-factorial-r1/graphs/variants/yelpchi/r60_s2/heterophily_rewire_nonoracle/0.15/seed_1/graph.bin,/kaggle/working/gfd-robustness-v4-factorial-r1/graphs/variants/yelpchi/r60_s2/heterophily_rewire_nonoracle/0.15/seed_1/graph.bin,ok,
gfd_robustness_benchmark_v4_factorial,yelpchi,r60_s2,1,1,heterophily_rewire_nonoracle,0.15,secgfd,train_clean_eval_all,0.8012225294827859,0.455284194972186,0.6730235109751344,0.6578896045684814,0.1676570960007666,50,50,0.7875019370281101,roc_auc,max_epochs,45954,8051348,175.2045135498047,174.0,175.2045135498047,175.0,0.2294254302978515,0.1452974677085876,/kaggle/working/gfd-robustness-v4-factorial-r1/graphs/base/yelpchi/r60_s2/graph.bin,/kaggle/working/gfd-robustness-v4-factorial-r1/graphs/variants/yelpchi/r60_s2/heterophily_rewire_nonoracle/0.15/seed_1/graph.bin,/kaggle/working/gfd-robustness-v4-factorial-r1/graphs/base/yelpchi/r60_s2/graph.bin,ok,
gfd_robustness_benchmark_v4_factorial,yelpchi,r60_s2,1,1,heterophily_rewire_nonoracle,0.15,secgfd,train_on_variant,0.8134190980310255,0.4719166409634601,0.676770518320557,0.7141919136047363,5.018429088999255,50,50,0.8032241207084397,roc_auc,max_epochs,45954,8051348,175.2045135498047,174.0,175.2045135498047,175.0,0.2294254302978515,0.1452974677085876,/kaggle/working/gfd-robustness-v4-factorial-r1/graphs/base/yelpchi/r60_s2/graph.bin,/kaggle/working/gfd-robustness-v4-factorial-r1/graphs/variants/yelpchi/r60_s2/heterophily_rewire_nonoracle/0.15/seed_1/graph.bin,/kaggle/working/gfd-robustness-v4-factorial-r1/graphs/variants/yelpchi/r60_s2/heterophily_rewire_nonoracle/0.15/seed_1/graph.bin,ok,
gfd_robustness_benchmark_v4_factorial,yelpchi,r60_s2,1,2,heterophily_rewire_nonoracle,0.15,mlp,train_clean_eval_all,0.8051940448278595,0.4504607236347623,0.6638554700899604,0.6557482481002808,0.080990311998903,100,100,0.7907452730554025,roc_auc,max_epochs,45954,8051348,175.2045135498047,174.0,175.2045135498047,175.0,0.2294254302978515,0.1452974677085876,/kaggle/working/gfd-robustness-v4-factorial-r1/graphs/base/yelpchi/r60_s2/graph.bin,/kaggle/working/gfd-robustness-v4-factorial-r1/graphs/variants/yelpchi/r60_s2/heterophily_rewire_nonoracle/0.15/seed_1/graph.bin,/kaggle/working/gfd-robustness-v4-factorial-r1/graphs/base/yelpchi/r60_s2/graph.bin,ok,
gfd_robustness_benchmark_v4_factorial,yelpchi,r60_s2,1,2,heterophily_rewire_nonoracle,0.15,mlp,train_on_variant,0.8051940448278595,0.4504607236347623,0.6638554700899604,0.6557482481002808,1.929167725997104,100,100,0.7907452730554025,roc_auc,max_epochs,45954,8051348,175.2045135498047,174.0,175.2045135498047,175.0,0.2294254302978515,0.1452974677085876,/kaggle/working/gfd-robustness-v4-factorial-r1/graphs/base/yelpchi/r60_s2/graph.bin,/kaggle/working/gfd-robustness-v4-factorial-r1/graphs/variants/yelpchi/r60_s2/heterophily_rewire_nonoracle/0.15/seed_1/graph.bin,/kaggle/working/gfd-robustness-v4-factorial-r1/graphs/variants/yelpchi/r60_s2/heterophily_rewire_nonoracle/0.15/seed_1/graph.bin,ok,
gfd_robustness_benchmark_v4_factorial,yelpchi,r60_s2,1,2,heterophily_rewire_nonoracle,0.15,pmp,train_clean_eval_all,0.8276480389526446,0.5207471344703568,0.700560371737265,0.1901807934045791,0.2725161540001863,40,30,0.8440517144784805,roc_auc,early_stopping,45954,8051348,175.2045135498047,174.0,175.2045135498047,175.0,0.2294254302978515,0.1452974677085876,/kaggle/working/gfd-robustness-v4-factorial-r1/graphs/base/yelpchi/r60_s2/graph.bin,/kaggle/working/gfd-robustness-v4-factorial-r1/graphs/variants/yelpchi/r60_s2/heterophily_rewire_nonoracle/0.15/seed_1/graph.bin,/kaggle/working/gfd-robustness-v4-factorial-r1/graphs/base/yelpchi/r60_s2/graph.bin,ok,
gfd_robustness_benchmark_v4_factorial,yelpchi,r60_s2,1,2,heterophily_rewire_nonoracle,0.15,pmp,train_on_variant,0.8472911928180299,0.5463039994495248,0.7149192533651917,0.309664785861969,35.36561939999956,61,51,0.8365714721652041,roc_auc,early_stopping,45954,8051348,175.2045135498047,174.0,175.2045135498047,175.0,0.2294254302978515,0.1452974677085876,/kaggle/working/gfd-robustness-v4-factorial-r1/graphs/base/yelpchi/r60_s2/graph.bin,/kaggle/working/gfd-robustness-v4-factorial-r1/graphs/variants/yelpchi/r60_s2/heterophily_rewire_nonoracle/0.15/seed_1/graph.bin,/kaggle/working/gfd-robustness-v4-factorial-r1/graphs/variants/yelpchi/r60_s2/heterophily_rewire_nonoracle/0.15/seed_1/graph.bin,ok,
gfd_robustness_benchmark_v4_factorial,yelpchi,r60_s2,1,2,heterophily_rewire_nonoracle,0.15,sage,train_clean_eval_all,0.797451050038416,0.4483526317017934,0.661643049719946,0.6589797139167786,0.1101918019994627,100,100,0.7880997098629895,roc_auc,max_epochs,45954,8051348,175.2045135498047,174.0,175.2045135498047,175.0,0.2294254302978515,0.1452974677085876,/kaggle/working/gfd-robustness-v4-factorial-r1/graphs/base/yelpchi/r60_s2/graph.bin,/kaggle/working/gfd-robustness-v4-factorial-r1/graphs/variants/yelpchi/r60_s2/heterophily_rewire_nonoracle/0.15/seed_1/graph.bin,/kaggle/working/gfd-robustness-v4-factorial-r1/graphs/base/yelpchi/r60_s2/graph.bin,ok,
gfd_robustness_benchmark_v4_factorial,yelpchi,r60_s2,1,2,heterophily_rewire_nonoracle,0.15,sage,train_on_variant,0.7905172026110712,0.4388112749729058,0.6576970100284759,0.6559154987335205,3.412808507000591,100,100,0.7742957204194947,roc_auc,max_epochs,45954,8051348,175.2045135498047,174.0,175.2045135498047,175.0,0.2294254302978515,0.1452974677085876,/kaggle/working/gfd-robustness-v4-factorial-r1/graphs/base/yelpchi/r60_s2/graph.bin,/kaggle/working/gfd-robustness-v4-factorial-r1/graphs/variants/yelpchi/r60_s2/heterophily_rewire_nonoracle/0.15/seed_1/graph.bin,/kaggle/working/gfd-robustness-v4-factorial-r1/graphs/variants/yelpchi/r60_s2/heterophily_rewire_nonoracle/0.15/seed_1/graph.bin,ok,
gfd_robustness_benchmark_v4_factorial,yelpchi,r60_s2,1,2,heterophily_rewire_nonoracle,0.15,secgfd,train_clean_eval_all,0.8162303194019294,0.496864584115241,0.6902691023043648,0.7028029561042786,0.1765673290028644,50,46,0.8013154149293015,roc_auc,max_epochs,45954,8051348,175.2045135498047,174.0,175.2045135498047,175.0,0.2294254302978515,0.1452974677085876,/kaggle/working/gfd-robustness-v4-factorial-r1/graphs/base/yelpchi/r60_s2/graph.bin,/kaggle/working/gfd-robustness-v4-factorial-r1/graphs/variants/yelpchi/r60_s2/heterophily_rewire_nonoracle/0.15/seed_1/graph.bin,/kaggle/working/gfd-robustness-v4-factorial-r1/graphs/base/yelpchi/r60_s2/graph.bin,ok,
gfd_robustness_benchmark_v4_factorial,yelpchi,r60_s2,1,2,heterophily_rewire_nonoracle,0.15,secgfd,train_on_variant,0.8199566371330659,0.4991091978991294,0.6893536612339002,0.6753959655761719,5.033764367999538,50,49,0.8018612634906558,roc_auc,max_epochs,45954,8051348,175.2045135498047,174.0,175.2045135498047,175.0,0.2294254302978515,0.1452974677085876,/kaggle/working/gfd-robustness-v4-factorial-r1/graphs/base/yelpchi/r60_s2/graph.bin,/kaggle/working/gfd-robustness-v4-factorial-r1/graphs/variants/yelpchi/r60_s2/heterophily_rewire_nonoracle/0.15/seed_1/graph.bin,/kaggle/working/gfd-robustness-v4-factorial-r1/graphs/variants/yelpchi/r60_s2/heterophily_rewire_nonoracle/0.15/seed_1/graph.bin,ok,
gfd_robustness_benchmark_v4_factorial,yelpchi,r60_s2,1,3,heterophily_rewire_nonoracle,0.15,mlp,train_clean_eval_all,0.8033646619693403,0.442421243508313,0.6642026960679807,0.6678695678710938,0.0685165590002725,100,100,0.7883936613288132,roc_auc,max_epochs,45954,8051348,175.2045135498047,174.0,175.2045135498047,175.0,0.2294254302978515,0.1452974677085876,/kaggle/working/gfd-robustness-v4-factorial-r1/graphs/base/yelpchi/r60_s2/graph.bin,/kaggle/working/gfd-robustness-v4-factorial-r1/graphs/variants/yelpchi/r60_s2/heterophily_rewire_nonoracle/0.15/seed_1/graph.bin,/kaggle/working/gfd-robustness-v4-factorial-r1/graphs/base/yelpchi/r60_s2/graph.bin,ok,
gfd_robustness_benchmark_v4_factorial,yelpchi,r60_s2,1,3,heterophily_rewire_nonoracle,0.15,mlp,train_on_variant,0.8033646619693403,0.442421243508313,0.6642026960679807,0.6678695678710938,1.8537384669980383,100,100,0.7883936613288132,roc_auc,max_epochs,45954,8051348,175.2045135498047,174.0,175.2045135498047,175.0,0.2294254302978515,0.1452974677085876,/kaggle/working/gfd-robustness-v4-factorial-r1/graphs/base/yelpchi/r60_s2/graph.bin,/kaggle/working/gfd-robustness-v4-factorial-r1/graphs/variants/yelpchi/r60_s2/heterophily_rewire_nonoracle/0.15/seed_1/graph.bin,/kaggle/working/gfd-robustness-v4-factorial-r1/graphs/variants/yelpchi/r60_s2/heterophily_rewire_nonoracle/0.15/seed_1/graph.bin,ok,
gfd_robustness_benchmark_v4_factorial,yelpchi,r60_s2,1,3,heterophily_rewire_nonoracle,0.15,pmp,train_clean_eval_all,0.8384777987304414,0.5493196285712216,0.7082299266435755,0.2736212313175201,0.2788364510015526,69,59,0.8491953168024374,roc_auc,early_stopping,45954,8051348,175.2045135498047,174.0,175.2045135498047,175.0,0.2294254302978515,0.1452974677085876,/kaggle/working/gfd-robustness-v4-factorial-r1/graphs/base/yelpchi/r60_s2/graph.bin,/kaggle/working/gfd-robustness-v4-factorial-r1/graphs/variants/yelpchi/r60_s2/heterophily_rewire_nonoracle/0.15/seed_1/graph.bin,/kaggle/working/gfd-robustness-v4-factorial-r1/graphs/base/yelpchi/r60_s2/graph.bin,ok,
gfd_robustness_benchmark_v4_factorial,yelpchi,r60_s2,1,3,heterophily_rewire_nonoracle,0.15,pmp,train_on_variant,0.8472074435650084,0.5549932816187784,0.721263188342915,0.3227746784687042,35.24971678200018,62,52,0.8368250380849527,roc_auc,early_stopping,45954,8051348,175.2045135498047,174.0,175.2045135498047,175.0,0.2294254302978515,0.1452974677085876,/kaggle/working/gfd-robustness-v4-factorial-r1/graphs/base/yelpchi/r60_s2/graph.bin,/kaggle/working/gfd-robustness-v4-factorial-r1/graphs/variants/yelpchi/r60_s2/heterophily_rewire_nonoracle/0.15/seed_1/graph.bin,/kaggle/working/gfd-robustness-v4-factorial-r1/graphs/variants/yelpchi/r60_s2/heterophily_rewire_nonoracle/0.15/seed_1/graph.bin,ok,
gfd_robustness_benchmark_v4_factorial,yelpchi,r60_s2,1,3,heterophily_rewire_nonoracle,0.15,sage,train_clean_eval_all,0.7894539967925656,0.4363953979985446,0.6581033332070043,0.6763745546340942,0.1334683350032719,100,100,0.7781531837590027,roc_auc,max_epochs,45954,8051348,175.2045135498047,174.0,175.2045135498047,175.0,0.2294254302978515,0.1452974677085876,/kaggle/working/gfd-robustness-v4-factorial-r1/graphs/base/yelpchi/r60_s2/graph.bin,/kaggle/working/gfd-robustness-v4-factorial-r1/graphs/variants/yelpchi/r60_s2/heterophily_rewire_nonoracle/0.15/seed_1/graph.bin,/kaggle/working/gfd-robustness-v4-factorial-r1/graphs/base/yelpchi/r60_s2/graph.bin,ok,
gfd_robustness_benchmark_v4_factorial,yelpchi,r60_s2,1,3,heterophily_rewire_nonoracle,0.15,sage,train_on_variant,0.7902229845299218,0.4396393852939739,0.6607458156098384,0.709656834602356,3.3313153719973343,100,100,0.7754729090228557,roc_auc,max_epochs,45954,8051348,175.2045135498047,174.0,175.2045135498047,175.0,0.2294254302978515,0.1452974677085876,/kaggle/working/gfd-robustness-v4-factorial-r1/graphs/base/yelpchi/r60_s2/graph.bin,/kaggle/working/gfd-robustness-v4-factorial-r1/graphs/variants/yelpchi/r60_s2/heterophily_rewire_nonoracle/0.15/seed_1/graph.bin,/kaggle/working/gfd-robustness-v4-factorial-r1/graphs/variants/yelpchi/r60_s2/heterophily_rewire_nonoracle/0.15/seed_1/graph.bin,ok,
gfd_robustness_benchmark_v4_factorial,yelpchi,r60_s2,1,3,heterophily_rewire_nonoracle,0.15,secgfd,train_clean_eval_all,0.8123251650975035,0.4804520037247052,0.6829005070838567,0.6787847280502319,0.1851467619999312,50,50,0.7989556498043899,roc_auc,max_epochs,45954,8051348,175.2045135498047,174.0,175.2045135498047,175.0,0.2294254302978515,0.1452974677085876,/kaggle/working/gfd-robustness-v4-factorial-r1/graphs/base/yelpchi/r60_s2/graph.bin,/kaggle/working/gfd-robustness-v4-factorial-r1/graphs/variants/yelpchi/r60_s2/heterophily_rewire_nonoracle/0.15/seed_1/graph.bin,/kaggle/working/gfd-robustness-v4-factorial-r1/graphs/base/yelpchi/r60_s2/graph.bin,ok,
gfd_robustness_benchmark_v4_factorial,yelpchi,r60_s2,1,3,heterophily_rewire_nonoracle,0.15,secgfd,train_on_variant,0.818671433863434,0.4971884060464377,0.6928388509284893,0.6933888792991638,4.983666369997081,50,50,0.8032703232989317,roc_auc,max_epochs,45954,8051348,175.2045135498047,174.0,175.2045135498047,175.0,0.2294254302978515,0.1452974677085876,/kaggle/working/gfd-robustness-v4-factorial-r1/graphs/base/yelpchi/r60_s2/graph.bin,/kaggle/working/gfd-robustness-v4-factorial-r1/graphs/variants/yelpchi/r60_s2/heterophily_rewire_nonoracle/0.15/seed_1/graph.bin,/kaggle/working/gfd-robustness-v4-factorial-r1/graphs/variants/yelpchi/r60_s2/heterophily_rewire_nonoracle/0.15/seed_1/graph.bin,ok,
gfd_robustness_benchmark_v4_factorial,yelpchi,r60_s2,1,4,heterophily_rewire_nonoracle,0.15,mlp,train_clean_eval_all,0.8016106915496909,0.4485908504844914,0.6622104135282587,0.6817144751548767,0.098637207000138,100,100,0.7873558433879992,roc_auc,max_epochs,45954,8051348,175.2045135498047,174.0,175.2045135498047,175.0,0.2294254302978515,0.1452974677085876,/kaggle/working/gfd-robustness-v4-factorial-r1/graphs/base/yelpchi/r60_s2/graph.bin,/kaggle/working/gfd-robustness-v4-factorial-r1/graphs/variants/yelpchi/r60_s2/heterophily_rewire_nonoracle/0.15/seed_1/graph.bin,/kaggle/working/gfd-robustness-v4-factorial-r1/graphs/base/yelpchi/r60_s2/graph.bin,ok,
gfd_robustness_benchmark_v4_factorial,yelpchi,r60_s2,1,4,heterophily_rewire_nonoracle,0.15,mlp,train_on_variant,0.8016106915496909,0.4485908504844914,0.6622104135282587,0.6817144751548767,1.9012006199991447,100,100,0.7873558433879992,roc_auc,max_epochs,45954,8051348,175.2045135498047,174.0,175.2045135498047,175.0,0.2294254302978515,0.1452974677085876,/kaggle/working/gfd-robustness-v4-factorial-r1/graphs/base/yelpchi/r60_s2/graph.bin,/kaggle/working/gfd-robustness-v4-factorial-r1/graphs/variants/yelpchi/r60_s2/heterophily_rewire_nonoracle/0.15/seed_1/graph.bin,/kaggle/working/gfd-robustness-v4-factorial-r1/graphs/variants/yelpchi/r60_s2/heterophily_rewire_nonoracle/0.15/seed_1/graph.bin,ok,
gfd_robustness_benchmark_v4_factorial,yelpchi,r60_s2,1,4,heterophily_rewire_nonoracle,0.15,pmp,train_clean_eval_all,0.849508785382392,0.5775865109953106,0.7284025170121253,0.2757417559623718,0.2748176530003547,76,66,0.8606669098381956,roc_auc,early_stopping,45954,8051348,175.2045135498047,174.0,175.2045135498047,175.0,0.2294254302978515,0.1452974677085876,/kaggle/working/gfd-robustness-v4-factorial-r1/graphs/base/yelpchi/r60_s2/graph.bin,/kaggle/working/gfd-robustness-v4-factorial-r1/graphs/variants/yelpchi/r60_s2/heterophily_rewire_nonoracle/0.15/seed_1/graph.bin,/kaggle/working/gfd-robustness-v4-factorial-r1/graphs/base/yelpchi/r60_s2/graph.bin,ok,
gfd_robustness_benchmark_v4_factorial,yelpchi,r60_s2,1,4,heterophily_rewire_nonoracle,0.15,pmp,train_on_variant,0.8496483674707611,0.5683849278215473,0.7190353536238487,0.2395131736993789,47.33312655899863,82,72,0.8412204349909526,roc_auc,early_stopping,45954,8051348,175.2045135498047,174.0,175.2045135498047,175.0,0.2294254302978515,0.1452974677085876,/kaggle/working/gfd-robustness-v4-factorial-r1/graphs/base/yelpchi/r60_s2/graph.bin,/kaggle/working/gfd-robustness-v4-factorial-r1/graphs/variants/yelpchi/r60_s2/heterophily_rewire_nonoracle/0.15/seed_1/graph.bin,/kaggle/working/gfd-robustness-v4-factorial-r1/graphs/variants/yelpchi/r60_s2/heterophily_rewire_nonoracle/0.15/seed_1/graph.bin,ok,
gfd_robustness_benchmark_v4_factorial,yelpchi,r60_s2,1,4,heterophily_rewire_nonoracle,0.15,sage,train_clean_eval_all,0.7946090062746198,0.442840013105277,0.6630251895669533,0.695338249206543,0.1144071480011916,100,100,0.7833725030217639,roc_auc,max_epochs,45954,8051348,175.2045135498047,174.0,175.2045135498047,175.0,0.2294254302978515,0.1452974677085876,/kaggle/working/gfd-robustness-v4-factorial-r1/graphs/base/yelpchi/r60_s2/graph.bin,/kaggle/working/gfd-robustness-v4-factorial-r1/graphs/variants/yelpchi/r60_s2/heterophily_rewire_nonoracle/0.15/seed_1/graph.bin,/kaggle/working/gfd-robustness-v4-factorial-r1/graphs/base/yelpchi/r60_s2/graph.bin,ok,
gfd_robustness_benchmark_v4_factorial,yelpchi,r60_s2,1,4,heterophily_rewire_nonoracle,0.15,sage,train_on_variant,0.7908094198568241,0.4347092530438463,0.6577396589068767,0.6841278672218323,3.411442682998313,100,100,0.7761042490648624,roc_auc,max_epochs,45954,8051348,175.2045135498047,174.0,175.2045135498047,175.0,0.2294254302978515,0.1452974677085876,/kaggle/working/gfd-robustness-v4-factorial-r1/graphs/base/yelpchi/r60_s2/graph.bin,/kaggle/working/gfd-robustness-v4-factorial-r1/graphs/variants/yelpchi/r60_s2/heterophily_rewire_nonoracle/0.15/seed_1/graph.bin,/kaggle/working/gfd-robustness-v4-factorial-r1/graphs/variants/yelpchi/r60_s2/heterophily_rewire_nonoracle/0.15/seed_1/graph.bin,ok,
gfd_robustness_benchmark_v4_factorial,yelpchi,r60_s2,1,4,heterophily_rewire_nonoracle,0.15,secgfd,train_clean_eval_all,0.80221132328012,0.4408024533315828,0.6733919546421648,0.7039106488227844,0.1496101309967343,50,50,0.786382585104075,roc_auc,max_epochs,45954,8051348,175.2045135498047,174.0,175.2045135498047,175.0,0.2294254302978515,0.1452974677085876,/kaggle/working/gfd-robustness-v4-factorial-r1/graphs/base/yelpchi/r60_s2/graph.bin,/kaggle/working/gfd-robustness-v4-factorial-r1/graphs/variants/yelpchi/r60_s2/heterophily_rewire_nonoracle/0.15/seed_1/graph.bin,/kaggle/working/gfd-robustness-v4-factorial-r1/graphs/base/yelpchi/r60_s2/graph.bin,ok,
gfd_robustness_benchmark_v4_factorial,yelpchi,r60_s2,1,4,heterophily_rewire_nonoracle,0.15,secgfd,train_on_variant,0.7892614402051294,0.4311388505885519,0.6551338488729143,0.6801392436027527,4.91032523100148,50,50,0.777270280386309,roc_auc,max_epochs,45954,8051348,175.2045135498047,174.0,175.2045135498047,175.0,0.2294254302978515,0.1452974677085876,/kaggle/working/gfd-robustness-v4-factorial-r1/graphs/base/yelpchi/r60_s2/graph.bin,/kaggle/working/gfd-robustness-v4-factorial-r1/graphs/variants/yelpchi/r60_s2/heterophily_rewire_nonoracle/0.15/seed_1/graph.bin,/kaggle/working/gfd-robustness-v4-factorial-r1/graphs/variants/yelpchi/r60_s2/heterophily_rewire_nonoracle/0.15/seed_1/graph.bin,ok,
gfd_robustness_benchmark_v4_factorial,yelpchi,r60_s2,0,0,heterophily_rewire_nonoracle,0.3,mlp,train_clean_eval_all,0.8100983305791676,0.4587374752549941,0.6746461063940257,0.6971318125724792,0.0710435920009331,100,100,0.7956221495886349,roc_auc,max_epochs,45954,8051348,175.2045135498047,171.0,175.2045135498047,175.0,0.2322233468294143,0.1452974677085876,/kaggle/working/gfd-robustness-v4-factorial-r1/graphs/base/yelpchi/r60_s2/graph.bin,/kaggle/working/gfd-robustness-v4-factorial-r1/graphs/variants/yelpchi/r60_s2/heterophily_rewire_nonoracle/0.30/seed_0/graph.bin,/kaggle/working/gfd-robustness-v4-factorial-r1/graphs/base/yelpchi/r60_s2/graph.bin,ok,
gfd_robustness_benchmark_v4_factorial,yelpchi,r60_s2,0,0,heterophily_rewire_nonoracle,0.3,mlp,train_on_variant,0.8100983305791676,0.4587374752549941,0.6746461063940257,0.6971318125724792,1.579167708001478,100,100,0.7956221495886349,roc_auc,max_epochs,45954,8051348,175.2045135498047,171.0,175.2045135498047,175.0,0.2322233468294143,0.1452974677085876,/kaggle/working/gfd-robustness-v4-factorial-r1/graphs/base/yelpchi/r60_s2/graph.bin,/kaggle/working/gfd-robustness-v4-factorial-r1/graphs/variants/yelpchi/r60_s2/heterophily_rewire_nonoracle/0.30/seed_0/graph.bin,/kaggle/working/gfd-robustness-v4-factorial-r1/graphs/variants/yelpchi/r60_s2/heterophily_rewire_nonoracle/0.30/seed_0/graph.bin,ok,
gfd_robustness_benchmark_v4_factorial,yelpchi,r60_s2,0,0,heterophily_rewire_nonoracle,0.3,pmp,train_clean_eval_all,0.817730850671366,0.4966404631393298,0.6877568528447333,0.2557673752307892,0.3135025499977928,55,45,0.8496737448653855,roc_auc,early_stopping,45954,8051348,175.2045135498047,171.0,175.2045135498047,175.0,0.2322233468294143,0.1452974677085876,/kaggle/working/gfd-robustness-v4-factorial-r1/graphs/base/yelpchi/r60_s2/graph.bin,/kaggle/working/gfd-robustness-v4-factorial-r1/graphs/variants/yelpchi/r60_s2/heterophily_rewire_nonoracle/0.30/seed_0/graph.bin,/kaggle/working/gfd-robustness-v4-factorial-r1/graphs/base/yelpchi/r60_s2/graph.bin,ok,
gfd_robustness_benchmark_v4_factorial,yelpchi,r60_s2,0,0,heterophily_rewire_nonoracle,0.3,pmp,train_on_variant,0.8406668079319976,0.5326944160222745,0.7137518423577365,0.2935532927513122,32.19395676400018,56,46,0.8270920261194831,roc_auc,early_stopping,45954,8051348,175.2045135498047,171.0,175.2045135498047,175.0,0.2322233468294143,0.1452974677085876,/kaggle/working/gfd-robustness-v4-factorial-r1/graphs/base/yelpchi/r60_s2/graph.bin,/kaggle/working/gfd-robustness-v4-factorial-r1/graphs/variants/yelpchi/r60_s2/heterophily_rewire_nonoracle/0.30/seed_0/graph.bin,/kaggle/working/gfd-robustness-v4-factorial-r1/graphs/variants/yelpchi/r60_s2/heterophily_rewire_nonoracle/0.30/seed_0/graph.bin,ok,
gfd_robustness_benchmark_v4_factorial,yelpchi,r60_s2,0,0,heterophily_rewire_nonoracle,0.3,sage,train_clean_eval_all,0.7948044211983365,0.4385394229745273,0.6576284930737133,0.6634995937347412,0.1175561980016937,100,100,0.7932715868372682,roc_auc,max_epochs,45954,8051348,175.2045135498047,171.0,175.2045135498047,175.0,0.2322233468294143,0.1452974677085876,/kaggle/working/gfd-robustness-v4-factorial-r1/graphs/base/yelpchi/r60_s2/graph.bin,/kaggle/working/gfd-robustness-v4-factorial-r1/graphs/variants/yelpchi/r60_s2/heterophily_rewire_nonoracle/0.30/seed_0/graph.bin,/kaggle/working/gfd-robustness-v4-factorial-r1/graphs/base/yelpchi/r60_s2/graph.bin,ok,
gfd_robustness_benchmark_v4_factorial,yelpchi,r60_s2,0,0,heterophily_rewire_nonoracle,0.3,sage,train_on_variant,0.7834182386245838,0.4233168150860938,0.6525410158601124,0.6420402526855469,3.3116132729992387,100,100,0.7694286184281106,roc_auc,max_epochs,45954,8051348,175.2045135498047,171.0,175.2045135498047,175.0,0.2322233468294143,0.1452974677085876,/kaggle/working/gfd-robustness-v4-factorial-r1/graphs/base/yelpchi/r60_s2/graph.bin,/kaggle/working/gfd-robustness-v4-factorial-r1/graphs/variants/yelpchi/r60_s2/heterophily_rewire_nonoracle/0.30/seed_0/graph.bin,/kaggle/working/gfd-robustness-v4-factorial-r1/graphs/variants/yelpchi/r60_s2/heterophily_rewire_nonoracle/0.30/seed_0/graph.bin,ok,
gfd_robustness_benchmark_v4_factorial,yelpchi,r60_s2,0,0,heterophily_rewire_nonoracle,0.3,secgfd,train_clean_eval_all,0.8176138494396137,0.4824189714966521,0.6924795987237861,0.6121960878372192,0.1524513359981938,50,50,0.8036778501729617,roc_auc,max_epochs,45954,8051348,175.2045135498047,171.0,175.2045135498047,175.0,0.2322233468294143,0.1452974677085876,/kaggle/working/gfd-robustness-v4-factorial-r1/graphs/base/yelpchi/r60_s2/graph.bin,/kaggle/working/gfd-robustness-v4-factorial-r1/graphs/variants/yelpchi/r60_s2/heterophily_rewire_nonoracle/0.30/seed_0/graph.bin,/kaggle/working/gfd-robustness-v4-factorial-r1/graphs/base/yelpchi/r60_s2/graph.bin,ok,
gfd_robustness_benchmark_v4_factorial,yelpchi,r60_s2,0,0,heterophily_rewire_nonoracle,0.3,secgfd,train_on_variant,0.8359666550300621,0.5199849304262656,0.7040282011717035,0.7001692056655884,5.003124233997369,50,49,0.824010041553723,roc_auc,max_epochs,45954,8051348,175.2045135498047,171.0,175.2045135498047,175.0,0.2322233468294143,0.1452974677085876,/kaggle/working/gfd-robustness-v4-factorial-r1/graphs/base/yelpchi/r60_s2/graph.bin,/kaggle/working/gfd-robustness-v4-factorial-r1/graphs/variants/yelpchi/r60_s2/heterophily_rewire_nonoracle/0.30/seed_0/graph.bin,/kaggle/working/gfd-robustness-v4-factorial-r1/graphs/variants/yelpchi/r60_s2/heterophily_rewire_nonoracle/0.30/seed_0/graph.bin,ok,
gfd_robustness_benchmark_v4_factorial,yelpchi,r60_s2,0,1,heterophily_rewire_nonoracle,0.3,mlp,train_clean_eval_all,0.8014226606613657,0.4473605327471914,0.6604104662698413,0.655698835849762,0.0899258890021883,100,100,0.7890084561707159,roc_auc,max_epochs,45954,8051348,175.2045135498047,171.0,175.2045135498047,175.0,0.2322233468294143,0.1452974677085876,/kaggle/working/gfd-robustness-v4-factorial-r1/graphs/base/yelpchi/r60_s2/graph.bin,/kaggle/working/gfd-robustness-v4-factorial-r1/graphs/variants/yelpchi/r60_s2/heterophily_rewire_nonoracle/0.30/seed_0/graph.bin,/kaggle/working/gfd-robustness-v4-factorial-r1/graphs/base/yelpchi/r60_s2/graph.bin,ok,
gfd_robustness_benchmark_v4_factorial,yelpchi,r60_s2,0,1,heterophily_rewire_nonoracle,0.3,mlp,train_on_variant,0.8014226606613657,0.4473605327471914,0.6604104662698413,0.655698835849762,1.9071911689970875,100,100,0.7890084561707159,roc_auc,max_epochs,45954,8051348,175.2045135498047,171.0,175.2045135498047,175.0,0.2322233468294143,0.1452974677085876,/kaggle/working/gfd-robustness-v4-factorial-r1/graphs/base/yelpchi/r60_s2/graph.bin,/kaggle/working/gfd-robustness-v4-factorial-r1/graphs/variants/yelpchi/r60_s2/heterophily_rewire_nonoracle/0.30/seed_0/graph.bin,/kaggle/working/gfd-robustness-v4-factorial-r1/graphs/variants/yelpchi/r60_s2/heterophily_rewire_nonoracle/0.30/seed_0/graph.bin,ok,
gfd_robustness_benchmark_v4_factorial,yelpchi,r60_s2,0,1,heterophily_rewire_nonoracle,0.3,pmp,train_clean_eval_all,0.8335835647950535,0.5294560524613506,0.7027383176010092,0.4313299655914306,0.4135958020015096,59,49,0.8501764424005321,roc_auc,early_stopping,45954,8051348,175.2045135498047,171.0,175.2045135498047,175.0,0.2322233468294143,0.1452974677085876,/kaggle/working/gfd-robustness-v4-factorial-r1/graphs/base/yelpchi/r60_s2/graph.bin,/kaggle/working/gfd-robustness-v4-factorial-r1/graphs/variants/yelpchi/r60_s2/heterophily_rewire_nonoracle/0.30/seed_0/graph.bin,/kaggle/working/gfd-robustness-v4-factorial-r1/graphs/base/yelpchi/r60_s2/graph.bin,ok,
gfd_robustness_benchmark_v4_factorial,yelpchi,r60_s2,0,1,heterophily_rewire_nonoracle,0.3,pmp,train_on_variant,0.8414398449790846,0.5549416859728132,0.7135204924086975,0.3705228269100189,36.28772677199959,63,53,0.829627065467974,roc_auc,early_stopping,45954,8051348,175.2045135498047,171.0,175.2045135498047,175.0,0.2322233468294143,0.1452974677085876,/kaggle/working/gfd-robustness-v4-factorial-r1/graphs/base/yelpchi/r60_s2/graph.bin,/kaggle/working/gfd-robustness-v4-factorial-r1/graphs/variants/yelpchi/r60_s2/heterophily_rewire_nonoracle/0.30/seed_0/graph.bin,/kaggle/working/gfd-robustness-v4-factorial-r1/graphs/variants/yelpchi/r60_s2/heterophily_rewire_nonoracle/0.30/seed_0/graph.bin,ok,
gfd_robustness_benchmark_v4_factorial,yelpchi,r60_s2,0,1,heterophily_rewire_nonoracle,0.3,sage,train_clean_eval_all,0.6148202735313487,0.2079444873523779,0.5526815023118866,0.2929745614528656,0.1112607119976019,23,13,0.6051568098756249,roc_auc,early_stopping,45954,8051348,175.2045135498047,171.0,175.2045135498047,175.0,0.2322233468294143,0.1452974677085876,/kaggle/working/gfd-robustness-v4-factorial-r1/graphs/base/yelpchi/r60_s2/graph.bin,/kaggle/working/gfd-robustness-v4-factorial-r1/graphs/variants/yelpchi/r60_s2/heterophily_rewire_nonoracle/0.30/seed_0/graph.bin,/kaggle/working/gfd-robustness-v4-factorial-r1/graphs/base/yelpchi/r60_s2/graph.bin,ok,
gfd_robustness_benchmark_v4_factorial,yelpchi,r60_s2,0,1,heterophily_rewire_nonoracle,0.3,sage,train_on_variant,0.6140274663249875,0.2094816843591309,0.5558745858923367,0.2969628870487213,0.9073882259981474,23,13,0.5970736452127393,roc_auc,early_stopping,45954,8051348,175.2045135498047,171.0,175.2045135498047,175.0,0.2322233468294143,0.1452974677085876,/kaggle/working/gfd-robustness-v4-factorial-r1/graphs/base/yelpchi/r60_s2/graph.bin,/kaggle/working/gfd-robustness-v4-factorial-r1/graphs/variants/yelpchi/r60_s2/heterophily_rewire_nonoracle/0.30/seed_0/graph.bin,/kaggle/working/gfd-robustness-v4-factorial-r1/graphs/variants/yelpchi/r60_s2/heterophily_rewire_nonoracle/0.30/seed_0/graph.bin,ok,
gfd_robustness_benchmark_v4_factorial,yelpchi,r60_s2,0,1,heterophily_rewire_nonoracle,0.3,secgfd,train_clean_eval_all,0.7987182457894801,0.4533932369149732,0.6719556326416993,0.6578896045684814,0.1774809870003082,50,50,0.7875019370281101,roc_auc,max_epochs,45954,8051348,175.2045135498047,171.0,175.2045135498047,175.0,0.2322233468294143,0.1452974677085876,/kaggle/working/gfd-robustness-v4-factorial-r1/graphs/base/yelpchi/r60_s2/graph.bin,/kaggle/working/gfd-robustness-v4-factorial-r1/graphs/variants/yelpchi/r60_s2/heterophily_rewire_nonoracle/0.30/seed_0/graph.bin,/kaggle/working/gfd-robustness-v4-factorial-r1/graphs/base/yelpchi/r60_s2/graph.bin,ok,
gfd_robustness_benchmark_v4_factorial,yelpchi,r60_s2,0,1,heterophily_rewire_nonoracle,0.3,secgfd,train_on_variant,0.8140717038428236,0.4726814540498567,0.6845561163910802,0.6929374933242798,5.042113575000258,50,50,0.8019535256295639,roc_auc,max_epochs,45954,8051348,175.2045135498047,171.0,175.2045135498047,175.0,0.2322233468294143,0.1452974677085876,/kaggle/working/gfd-robustness-v4-factorial-r1/graphs/base/yelpchi/r60_s2/graph.bin,/kaggle/working/gfd-robustness-v4-factorial-r1/graphs/variants/yelpchi/r60_s2/heterophily_rewire_nonoracle/0.30/seed_0/graph.bin,/kaggle/working/gfd-robustness-v4-factorial-r1/graphs/variants/yelpchi/r60_s2/heterophily_rewire_nonoracle/0.30/seed_0/graph.bin,ok,
gfd_robustness_benchmark_v4_factorial,yelpchi,r60_s2,0,2,heterophily_rewire_nonoracle,0.3,mlp,train_clean_eval_all,0.8051940448278595,0.4504607236347623,0.6638554700899604,0.6557482481002808,0.087455813998531,100,100,0.7907452730554025,roc_auc,max_epochs,45954,8051348,175.2045135498047,171.0,175.2045135498047,175.0,0.2322233468294143,0.1452974677085876,/kaggle/working/gfd-robustness-v4-factorial-r1/graphs/base/yelpchi/r60_s2/graph.bin,/kaggle/working/gfd-robustness-v4-factorial-r1/graphs/variants/yelpchi/r60_s2/heterophily_rewire_nonoracle/0.30/seed_0/graph.bin,/kaggle/working/gfd-robustness-v4-factorial-r1/graphs/base/yelpchi/r60_s2/graph.bin,ok,
gfd_robustness_benchmark_v4_factorial,yelpchi,r60_s2,0,2,heterophily_rewire_nonoracle,0.3,mlp,train_on_variant,0.8051940448278595,0.4504607236347623,0.6638554700899604,0.6557482481002808,1.971903061003104,100,100,0.7907452730554025,roc_auc,max_epochs,45954,8051348,175.2045135498047,171.0,175.2045135498047,175.0,0.2322233468294143,0.1452974677085876,/kaggle/working/gfd-robustness-v4-factorial-r1/graphs/base/yelpchi/r60_s2/graph.bin,/kaggle/working/gfd-robustness-v4-factorial-r1/graphs/variants/yelpchi/r60_s2/heterophily_rewire_nonoracle/0.30/seed_0/graph.bin,/kaggle/working/gfd-robustness-v4-factorial-r1/graphs/variants/yelpchi/r60_s2/heterophily_rewire_nonoracle/0.30/seed_0/graph.bin,ok,
gfd_robustness_benchmark_v4_factorial,yelpchi,r60_s2,0,2,heterophily_rewire_nonoracle,0.3,pmp,train_clean_eval_all,0.8127198536989159,0.4867000910038388,0.6841375929648866,0.1901807934045791,0.2941799620020902,40,30,0.8440517144784805,roc_auc,early_stopping,45954,8051348,175.2045135498047,171.0,175.2045135498047,175.0,0.2322233468294143,0.1452974677085876,/kaggle/working/gfd-robustness-v4-factorial-r1/graphs/base/yelpchi/r60_s2/graph.bin,/kaggle/working/gfd-robustness-v4-factorial-r1/graphs/variants/yelpchi/r60_s2/heterophily_rewire_nonoracle/0.30/seed_0/graph.bin,/kaggle/working/gfd-robustness-v4-factorial-r1/graphs/base/yelpchi/r60_s2/graph.bin,ok,
gfd_robustness_benchmark_v4_factorial,yelpchi,r60_s2,0,2,heterophily_rewire_nonoracle,0.3,pmp,train_on_variant,0.8434074760357086,0.5343112266657051,0.7061249278822501,0.4157206416130066,39.840837595002085,70,60,0.8307042676603323,roc_auc,early_stopping,45954,8051348,175.2045135498047,171.0,175.2045135498047,175.0,0.2322233468294143,0.1452974677085876,/kaggle/working/gfd-robustness-v4-factorial-r1/graphs/base/yelpchi/r60_s2/graph.bin,/kaggle/working/gfd-robustness-v4-factorial-r1/graphs/variants/yelpchi/r60_s2/heterophily_rewire_nonoracle/0.30/seed_0/graph.bin,/kaggle/working/gfd-robustness-v4-factorial-r1/graphs/variants/yelpchi/r60_s2/heterophily_rewire_nonoracle/0.30/seed_0/graph.bin,ok,
gfd_robustness_benchmark_v4_factorial,yelpchi,r60_s2,0,2,heterophily_rewire_nonoracle,0.3,sage,train_clean_eval_all,0.793357388456285,0.4409640771963688,0.6591183678347377,0.6589797139167786,0.1095085800006927,100,100,0.7880997098629895,roc_auc,max_epochs,45954,8051348,175.2045135498047,171.0,175.2045135498047,175.0,0.2322233468294143,0.1452974677085876,/kaggle/working/gfd-robustness-v4-factorial-r1/graphs/base/yelpchi/r60_s2/graph.bin,/kaggle/working/gfd-robustness-v4-factorial-r1/graphs/variants/yelpchi/r60_s2/heterophily_rewire_nonoracle/0.30/seed_0/graph.bin,/kaggle/working/gfd-robustness-v4-factorial-r1/graphs/base/yelpchi/r60_s2/graph.bin,ok,
gfd_robustness_benchmark_v4_factorial,yelpchi,r60_s2,0,2,heterophily_rewire_nonoracle,0.3,sage,train_on_variant,0.789652555886191,0.432387007855219,0.6581775811235892,0.6589982509613037,3.2837300229984976,100,100,0.7747957001552006,roc_auc,max_epochs,45954,8051348,175.2045135498047,171.0,175.2045135498047,175.0,0.2322233468294143,0.1452974677085876,/kaggle/working/gfd-robustness-v4-factorial-r1/graphs/base/yelpchi/r60_s2/graph.bin,/kaggle/working/gfd-robustness-v4-factorial-r1/graphs/variants/yelpchi/r60_s2/heterophily_rewire_nonoracle/0.30/seed_0/graph.bin,/kaggle/working/gfd-robustness-v4-factorial-r1/graphs/variants/yelpchi/r60_s2/heterophily_rewire_nonoracle/0.30/seed_0/graph.bin,ok,
gfd_robustness_benchmark_v4_factorial,yelpchi,r60_s2,0,2,heterophily_rewire_nonoracle,0.3,secgfd,train_clean_eval_all,0.8125984220459285,0.4893548289647325,0.687745280893756,0.7028029561042786,0.1780424839998886,50,46,0.8013154149293015,roc_auc,max_epochs,45954,8051348,175.2045135498047,171.0,175.2045135498047,175.0,0.2322233468294143,0.1452974677085876,/kaggle/working/gfd-robustness-v4-factorial-r1/graphs/base/yelpchi/r60_s2/graph.bin,/kaggle/working/gfd-robustness-v4-factorial-r1/graphs/variants/yelpchi/r60_s2/heterophily_rewire_nonoracle/0.30/seed_0/graph.bin,/kaggle/working/gfd-robustness-v4-factorial-r1/graphs/base/yelpchi/r60_s2/graph.bin,ok,
gfd_robustness_benchmark_v4_factorial,yelpchi,r60_s2,0,2,heterophily_rewire_nonoracle,0.3,secgfd,train_on_variant,0.8174150045123602,0.4957661620441608,0.6889424082040737,0.7423607110977173,4.916836444001092,50,50,0.8006502692767078,roc_auc,max_epochs,45954,8051348,175.2045135498047,171.0,175.2045135498047,175.0,0.2322233468294143,0.1452974677085876,/kaggle/working/gfd-robustness-v4-factorial-r1/graphs/base/yelpchi/r60_s2/graph.bin,/kaggle/working/gfd-robustness-v4-factorial-r1/graphs/variants/yelpchi/r60_s2/heterophily_rewire_nonoracle/0.30/seed_0/graph.bin,/kaggle/working/gfd-robustness-v4-factorial-r1/graphs/variants/yelpchi/r60_s2/heterophily_rewire_nonoracle/0.30/seed_0/graph.bin,ok,
gfd_robustness_benchmark_v4_factorial,yelpchi,r60_s2,0,3,heterophily_rewire_nonoracle,0.3,mlp,train_clean_eval_all,0.8033646619693403,0.442421243508313,0.6642026960679807,0.6678695678710938,0.0752351639966946,100,100,0.7883936613288132,roc_auc,max_epochs,45954,8051348,175.2045135498047,171.0,175.2045135498047,175.0,0.2322233468294143,0.1452974677085876,/kaggle/working/gfd-robustness-v4-factorial-r1/graphs/base/yelpchi/r60_s2/graph.bin,/kaggle/working/gfd-robustness-v4-factorial-r1/graphs/variants/yelpchi/r60_s2/heterophily_rewire_nonoracle/0.30/seed_0/graph.bin,/kaggle/working/gfd-robustness-v4-factorial-r1/graphs/base/yelpchi/r60_s2/graph.bin,ok,
gfd_robustness_benchmark_v4_factorial,yelpchi,r60_s2,0,3,heterophily_rewire_nonoracle,0.3,mlp,train_on_variant,0.8033646619693403,0.442421243508313,0.6642026960679807,0.6678695678710938,1.913191186999029,100,100,0.7883936613288132,roc_auc,max_epochs,45954,8051348,175.2045135498047,171.0,175.2045135498047,175.0,0.2322233468294143,0.1452974677085876,/kaggle/working/gfd-robustness-v4-factorial-r1/graphs/base/yelpchi/r60_s2/graph.bin,/kaggle/working/gfd-robustness-v4-factorial-r1/graphs/variants/yelpchi/r60_s2/heterophily_rewire_nonoracle/0.30/seed_0/graph.bin,/kaggle/working/gfd-robustness-v4-factorial-r1/graphs/variants/yelpchi/r60_s2/heterophily_rewire_nonoracle/0.30/seed_0/graph.bin,ok,
gfd_robustness_benchmark_v4_factorial,yelpchi,r60_s2,0,3,heterophily_rewire_nonoracle,0.3,pmp,train_clean_eval_all,0.819765795547398,0.5039086863182329,0.6877238673524896,0.2736212313175201,0.2930542430003697,69,59,0.8491953168024374,roc_auc,early_stopping,45954,8051348,175.2045135498047,171.0,175.2045135498047,175.0,0.2322233468294143,0.1452974677085876,/kaggle/working/gfd-robustness-v4-factorial-r1/graphs/base/yelpchi/r60_s2/graph.bin,/kaggle/working/gfd-robustness-v4-factorial-r1/graphs/variants/yelpchi/r60_s2/heterophily_rewire_nonoracle/0.30/seed_0/graph.bin,/kaggle/working/gfd-robustness-v4-factorial-r1/graphs/base/yelpchi/r60_s2/graph.bin,ok,
gfd_robustness_benchmark_v4_factorial,yelpchi,r60_s2,0,3,heterophily_rewire_nonoracle,0.3,pmp,train_on_variant,0.840189275217386,0.539703390596612,0.7107520049897831,0.3949431478977203,36.58882950499901,64,54,0.8289649713796646,roc_auc,early_stopping,45954,8051348,175.2045135498047,171.0,175.2045135498047,175.0,0.2322233468294143,0.1452974677085876,/kaggle/working/gfd-robustness-v4-factorial-r1/graphs/base/yelpchi/r60_s2/graph.bin,/kaggle/working/gfd-robustness-v4-factorial-r1/graphs/variants/yelpchi/r60_s2/heterophily_rewire_nonoracle/0.30/seed_0/graph.bin,/kaggle/working/gfd-robustness-v4-factorial-r1/graphs/variants/yelpchi/r60_s2/heterophily_rewire_nonoracle/0.30/seed_0/graph.bin,ok,
gfd_robustness_benchmark_v4_factorial,yelpchi,r60_s2,0,3,heterophily_rewire_nonoracle,0.3,sage,train_clean_eval_all,0.7867848823737453,0.4299654154089476,0.6554393025442807,0.6763745546340942,0.1439608949985995,100,100,0.7781531837590027,roc_auc,max_epochs,45954,8051348,175.2045135498047,171.0,175.2045135498047,175.0,0.2322233468294143,0.1452974677085876,/kaggle/working/gfd-robustness-v4-factorial-r1/graphs/base/yelpchi/r60_s2/graph.bin,/kaggle/working/gfd-robustness-v4-factorial-r1/graphs/variants/yelpchi/r60_s2/heterophily_rewire_nonoracle/0.30/seed_0/graph.bin,/kaggle/working/gfd-robustness-v4-factorial-r1/graphs/base/yelpchi/r60_s2/graph.bin,ok,
gfd_robustness_benchmark_v4_factorial,yelpchi,r60_s2,0,3,heterophily_rewire_nonoracle,0.3,sage,train_on_variant,0.7855968148987158,0.4315629742154894,0.6586481206434043,0.6859771013259888,3.3024764110014075,100,99,0.7702773824253738,roc_auc,max_epochs,45954,8051348,175.2045135498047,171.0,175.2045135498047,175.0,0.2322233468294143,0.1452974677085876,/kaggle/working/gfd-robustness-v4-factorial-r1/graphs/base/yelpchi/r60_s2/graph.bin,/kaggle/working/gfd-robustness-v4-factorial-r1/graphs/variants/yelpchi/r60_s2/heterophily_rewire_nonoracle/0.30/seed_0/graph.bin,/kaggle/working/gfd-robustness-v4-factorial-r1/graphs/variants/yelpchi/r60_s2/heterophily_rewire_nonoracle/0.30/seed_0/graph.bin,ok,
gfd_robustness_benchmark_v4_factorial,yelpchi,r60_s2,0,3,heterophily_rewire_nonoracle,0.3,secgfd,train_clean_eval_all,0.8067468360122931,0.4709439833362259,0.6781019936478357,0.6787847280502319,0.1846483879999141,50,50,0.7989556498043899,roc_auc,max_epochs,45954,8051348,175.2045135498047,171.0,175.2045135498047,175.0,0.2322233468294143,0.1452974677085876,/kaggle/working/gfd-robustness-v4-factorial-r1/graphs/base/yelpchi/r60_s2/graph.bin,/kaggle/working/gfd-robustness-v4-factorial-r1/graphs/variants/yelpchi/r60_s2/heterophily_rewire_nonoracle/0.30/seed_0/graph.bin,/kaggle/working/gfd-robustness-v4-factorial-r1/graphs/base/yelpchi/r60_s2/graph.bin,ok,
gfd_robustness_benchmark_v4_factorial,yelpchi,r60_s2,0,3,heterophily_rewire_nonoracle,0.3,secgfd,train_on_variant,0.8152173250240863,0.4848906836973085,0.6831238703557544,0.6575642824172974,4.872794601000351,50,50,0.8019562911096966,roc_auc,max_epochs,45954,8051348,175.2045135498047,171.0,175.2045135498047,175.0,0.2322233468294143,0.1452974677085876,/kaggle/working/gfd-robustness-v4-factorial-r1/graphs/base/yelpchi/r60_s2/graph.bin,/kaggle/working/gfd-robustness-v4-factorial-r1/graphs/variants/yelpchi/r60_s2/heterophily_rewire_nonoracle/0.30/seed_0/graph.bin,/kaggle/working/gfd-robustness-v4-factorial-r1/graphs/variants/yelpchi/r60_s2/heterophily_rewire_nonoracle/0.30/seed_0/graph.bin,ok,
gfd_robustness_benchmark_v4_factorial,yelpchi,r60_s2,0,4,heterophily_rewire_nonoracle,0.3,mlp,train_clean_eval_all,0.8016106915496909,0.4485908504844914,0.6622104135282587,0.6817144751548767,0.0736206590008805,100,100,0.7873558433879992,roc_auc,max_epochs,45954,8051348,175.2045135498047,171.0,175.2045135498047,175.0,0.2322233468294143,0.1452974677085876,/kaggle/working/gfd-robustness-v4-factorial-r1/graphs/base/yelpchi/r60_s2/graph.bin,/kaggle/working/gfd-robustness-v4-factorial-r1/graphs/variants/yelpchi/r60_s2/heterophily_rewire_nonoracle/0.30/seed_0/graph.bin,/kaggle/working/gfd-robustness-v4-factorial-r1/graphs/base/yelpchi/r60_s2/graph.bin,ok,
gfd_robustness_benchmark_v4_factorial,yelpchi,r60_s2,0,4,heterophily_rewire_nonoracle,0.3,mlp,train_on_variant,0.8016106915496909,0.4485908504844914,0.6622104135282587,0.6817144751548767,1.754882812998403,100,100,0.7873558433879992,roc_auc,max_epochs,45954,8051348,175.2045135498047,171.0,175.2045135498047,175.0,0.2322233468294143,0.1452974677085876,/kaggle/working/gfd-robustness-v4-factorial-r1/graphs/base/yelpchi/r60_s2/graph.bin,/kaggle/working/gfd-robustness-v4-factorial-r1/graphs/variants/yelpchi/r60_s2/heterophily_rewire_nonoracle/0.30/seed_0/graph.bin,/kaggle/working/gfd-robustness-v4-factorial-r1/graphs/variants/yelpchi/r60_s2/heterophily_rewire_nonoracle/0.30/seed_0/graph.bin,ok,
gfd_robustness_benchmark_v4_factorial,yelpchi,r60_s2,0,4,heterophily_rewire_nonoracle,0.3,pmp,train_clean_eval_all,0.8382251218032367,0.5458840893338462,0.7126063031515758,0.2757417559623718,0.2842421969980933,76,66,0.8606669098381956,roc_auc,early_stopping,45954,8051348,175.2045135498047,171.0,175.2045135498047,175.0,0.2322233468294143,0.1452974677085876,/kaggle/working/gfd-robustness-v4-factorial-r1/graphs/base/yelpchi/r60_s2/graph.bin,/kaggle/working/gfd-robustness-v4-factorial-r1/graphs/variants/yelpchi/r60_s2/heterophily_rewire_nonoracle/0.30/seed_0/graph.bin,/kaggle/working/gfd-robustness-v4-factorial-r1/graphs/base/yelpchi/r60_s2/graph.bin,ok,
gfd_robustness_benchmark_v4_factorial,yelpchi,r60_s2,0,4,heterophily_rewire_nonoracle,0.3,pmp,train_on_variant,0.8598647282827421,0.5917977256510978,0.7318287455224481,0.3577208220958709,60.15195342200241,100,90,0.8502002350658113,roc_auc,early_stopping,45954,8051348,175.2045135498047,171.0,175.2045135498047,175.0,0.2322233468294143,0.1452974677085876,/kaggle/working/gfd-robustness-v4-factorial-r1/graphs/base/yelpchi/r60_s2/graph.bin,/kaggle/working/gfd-robustness-v4-factorial-r1/graphs/variants/yelpchi/r60_s2/heterophily_rewire_nonoracle/0.30/seed_0/graph.bin,/kaggle/working/gfd-robustness-v4-factorial-r1/graphs/variants/yelpchi/r60_s2/heterophily_rewire_nonoracle/0.30/seed_0/graph.bin,ok,
gfd_robustness_benchmark_v4_factorial,yelpchi,r60_s2,0,4,heterophily_rewire_nonoracle,0.3,sage,train_clean_eval_all,0.7920209256893544,0.4372408290642665,0.6596353389987449,0.695338249206543,0.1179990339987853,100,100,0.7833725030217639,roc_auc,max_epochs,45954,8051348,175.2045135498047,171.0,175.2045135498047,175.0,0.2322233468294143,0.1452974677085876,/kaggle/working/gfd-robustness-v4-factorial-r1/graphs/base/yelpchi/r60_s2/graph.bin,/kaggle/working/gfd-robustness-v4-factorial-r1/graphs/variants/yelpchi/r60_s2/heterophily_rewire_nonoracle/0.30/seed_0/graph.bin,/kaggle/working/gfd-robustness-v4-factorial-r1/graphs/base/yelpchi/r60_s2/graph.bin,ok,
gfd_robustness_benchmark_v4_factorial,yelpchi,r60_s2,0,4,heterophily_rewire_nonoracle,0.3,sage,train_on_variant,0.7858502540489286,0.421287571309282,0.6503721703470928,0.6471526026725769,3.3057857860003423,100,100,0.7722890784991072,roc_auc,max_epochs,45954,8051348,175.2045135498047,171.0,175.2045135498047,175.0,0.2322233468294143,0.1452974677085876,/kaggle/working/gfd-robustness-v4-factorial-r1/graphs/base/yelpchi/r60_s2/graph.bin,/kaggle/working/gfd-robustness-v4-factorial-r1/graphs/variants/yelpchi/r60_s2/heterophily_rewire_nonoracle/0.30/seed_0/graph.bin,/kaggle/working/gfd-robustness-v4-factorial-r1/graphs/variants/yelpchi/r60_s2/heterophily_rewire_nonoracle/0.30/seed_0/graph.bin,ok,
gfd_robustness_benchmark_v4_factorial,yelpchi,r60_s2,0,4,heterophily_rewire_nonoracle,0.3,secgfd,train_clean_eval_all,0.798559417570155,0.4366403215966928,0.6682135621014684,0.7039106488227844,0.1507660239985853,50,50,0.786382585104075,roc_auc,max_epochs,45954,8051348,175.2045135498047,171.0,175.2045135498047,175.0,0.2322233468294143,0.1452974677085876,/kaggle/working/gfd-robustness-v4-factorial-r1/graphs/base/yelpchi/r60_s2/graph.bin,/kaggle/working/gfd-robustness-v4-factorial-r1/graphs/variants/yelpchi/r60_s2/heterophily_rewire_nonoracle/0.30/seed_0/graph.bin,/kaggle/working/gfd-robustness-v4-factorial-r1/graphs/base/yelpchi/r60_s2/graph.bin,ok,
gfd_robustness_benchmark_v4_factorial,yelpchi,r60_s2,0,4,heterophily_rewire_nonoracle,0.3,secgfd,train_on_variant,0.7967313209629621,0.4407470794063346,0.6571773404390934,0.7045773863792419,4.958925470000395,50,50,0.7839817669034013,roc_auc,max_epochs,45954,8051348,175.2045135498047,171.0,175.2045135498047,175.0,0.2322233468294143,0.1452974677085876,/kaggle/working/gfd-robustness-v4-factorial-r1/graphs/base/yelpchi/r60_s2/graph.bin,/kaggle/working/gfd-robustness-v4-factorial-r1/graphs/variants/yelpchi/r60_s2/heterophily_rewire_nonoracle/0.30/seed_0/graph.bin,/kaggle/working/gfd-robustness-v4-factorial-r1/graphs/variants/yelpchi/r60_s2/heterophily_rewire_nonoracle/0.30/seed_0/graph.bin,ok,
gfd_robustness_benchmark_v4_factorial,yelpchi,r60_s2,1,0,heterophily_rewire_nonoracle,0.3,mlp,train_clean_eval_all,0.8100983305791676,0.4587374752549941,0.6746461063940257,0.6971318125724792,0.0758513689979736,100,100,0.7956221495886349,roc_auc,max_epochs,45954,8051348,175.2045135498047,173.0,175.2045135498047,175.0,0.2319838851690292,0.1452974677085876,/kaggle/working/gfd-robustness-v4-factorial-r1/graphs/base/yelpchi/r60_s2/graph.bin,/kaggle/working/gfd-robustness-v4-factorial-r1/graphs/variants/yelpchi/r60_s2/heterophily_rewire_nonoracle/0.30/seed_1/graph.bin,/kaggle/working/gfd-robustness-v4-factorial-r1/graphs/base/yelpchi/r60_s2/graph.bin,ok,
gfd_robustness_benchmark_v4_factorial,yelpchi,r60_s2,1,0,heterophily_rewire_nonoracle,0.3,mlp,train_on_variant,0.8100983305791676,0.4587374752549941,0.6746461063940257,0.6971318125724792,1.93428996700095,100,100,0.7956221495886349,roc_auc,max_epochs,45954,8051348,175.2045135498047,173.0,175.2045135498047,175.0,0.2319838851690292,0.1452974677085876,/kaggle/working/gfd-robustness-v4-factorial-r1/graphs/base/yelpchi/r60_s2/graph.bin,/kaggle/working/gfd-robustness-v4-factorial-r1/graphs/variants/yelpchi/r60_s2/heterophily_rewire_nonoracle/0.30/seed_1/graph.bin,/kaggle/working/gfd-robustness-v4-factorial-r1/graphs/variants/yelpchi/r60_s2/heterophily_rewire_nonoracle/0.30/seed_1/graph.bin,ok,
gfd_robustness_benchmark_v4_factorial,yelpchi,r60_s2,1,0,heterophily_rewire_nonoracle,0.3,pmp,train_clean_eval_all,0.8165805608741783,0.5062087067122615,0.695903312133947,0.2557673752307892,0.3322023889995762,55,45,0.8496737448653855,roc_auc,early_stopping,45954,8051348,175.2045135498047,173.0,175.2045135498047,175.0,0.2319838851690292,0.1452974677085876,/kaggle/working/gfd-robustness-v4-factorial-r1/graphs/base/yelpchi/r60_s2/graph.bin,/kaggle/working/gfd-robustness-v4-factorial-r1/graphs/variants/yelpchi/r60_s2/heterophily_rewire_nonoracle/0.30/seed_1/graph.bin,/kaggle/working/gfd-robustness-v4-factorial-r1/graphs/base/yelpchi/r60_s2/graph.bin,ok,
gfd_robustness_benchmark_v4_factorial,yelpchi,r60_s2,1,0,heterophily_rewire_nonoracle,0.3,pmp,train_on_variant,0.8396294700568313,0.5322280614021325,0.7071455343462549,0.2761348783969879,28.029062889996567,46,36,0.8273498356208145,roc_auc,early_stopping,45954,8051348,175.2045135498047,173.0,175.2045135498047,175.0,0.2319838851690292,0.1452974677085876,/kaggle/working/gfd-robustness-v4-factorial-r1/graphs/base/yelpchi/r60_s2/graph.bin,/kaggle/working/gfd-robustness-v4-factorial-r1/graphs/variants/yelpchi/r60_s2/heterophily_rewire_nonoracle/0.30/seed_1/graph.bin,/kaggle/working/gfd-robustness-v4-factorial-r1/graphs/variants/yelpchi/r60_s2/heterophily_rewire_nonoracle/0.30/seed_1/graph.bin,ok,
gfd_robustness_benchmark_v4_factorial,yelpchi,r60_s2,1,0,heterophily_rewire_nonoracle,0.3,sage,train_clean_eval_all,0.7947832695098601,0.4384813303475245,0.6580629169176222,0.6634995937347412,0.1157742399991548,100,100,0.7932715868372682,roc_auc,max_epochs,45954,8051348,175.2045135498047,173.0,175.2045135498047,175.0,0.2319838851690292,0.1452974677085876,/kaggle/working/gfd-robustness-v4-factorial-r1/graphs/base/yelpchi/r60_s2/graph.bin,/kaggle/working/gfd-robustness-v4-factorial-r1/graphs/variants/yelpchi/r60_s2/heterophily_rewire_nonoracle/0.30/seed_1/graph.bin,/kaggle/working/gfd-robustness-v4-factorial-r1/graphs/base/yelpchi/r60_s2/graph.bin,ok,
gfd_robustness_benchmark_v4_factorial,yelpchi,r60_s2,1,0,heterophily_rewire_nonoracle,0.3,sage,train_on_variant,0.7856826602650097,0.426854930038151,0.6537913822515329,0.6225982308387756,3.387700778999715,100,99,0.770679712103982,roc_auc,max_epochs,45954,8051348,175.2045135498047,173.0,175.2045135498047,175.0,0.2319838851690292,0.1452974677085876,/kaggle/working/gfd-robustness-v4-factorial-r1/graphs/base/yelpchi/r60_s2/graph.bin,/kaggle/working/gfd-robustness-v4-factorial-r1/graphs/variants/yelpchi/r60_s2/heterophily_rewire_nonoracle/0.30/seed_1/graph.bin,/kaggle/working/gfd-robustness-v4-factorial-r1/graphs/variants/yelpchi/r60_s2/heterophily_rewire_nonoracle/0.30/seed_1/graph.bin,ok,
gfd_robustness_benchmark_v4_factorial,yelpchi,r60_s2,1,0,heterophily_rewire_nonoracle,0.3,secgfd,train_clean_eval_all,0.818964365693257,0.484448845788014,0.6910605620565372,0.6121960878372192,0.1576686309999786,50,50,0.8036778501729617,roc_auc,max_epochs,45954,8051348,175.2045135498047,173.0,175.2045135498047,175.0,0.2319838851690292,0.1452974677085876,/kaggle/working/gfd-robustness-v4-factorial-r1/graphs/base/yelpchi/r60_s2/graph.bin,/kaggle/working/gfd-robustness-v4-factorial-r1/graphs/variants/yelpchi/r60_s2/heterophily_rewire_nonoracle/0.30/seed_1/graph.bin,/kaggle/working/gfd-robustness-v4-factorial-r1/graphs/base/yelpchi/r60_s2/graph.bin,ok,
gfd_robustness_benchmark_v4_factorial,yelpchi,r60_s2,1,0,heterophily_rewire_nonoracle,0.3,secgfd,train_on_variant,0.8369088103070844,0.5265682652020878,0.6999840519344065,0.7632045745849609,5.0428509960001975,50,50,0.8244108931308811,roc_auc,max_epochs,45954,8051348,175.2045135498047,173.0,175.2045135498047,175.0,0.2319838851690292,0.1452974677085876,/kaggle/working/gfd-robustness-v4-factorial-r1/graphs/base/yelpchi/r60_s2/graph.bin,/kaggle/working/gfd-robustness-v4-factorial-r1/graphs/variants/yelpchi/r60_s2/heterophily_rewire_nonoracle/0.30/seed_1/graph.bin,/kaggle/working/gfd-robustness-v4-factorial-r1/graphs/variants/yelpchi/r60_s2/heterophily_rewire_nonoracle/0.30/seed_1/graph.bin,ok,
gfd_robustness_benchmark_v4_factorial,yelpchi,r60_s2,1,1,heterophily_rewire_nonoracle,0.3,mlp,train_clean_eval_all,0.8014226606613657,0.4473605327471914,0.6604104662698413,0.655698835849762,0.0874982259992975,100,100,0.7890084561707159,roc_auc,max_epochs,45954,8051348,175.2045135498047,173.0,175.2045135498047,175.0,0.2319838851690292,0.1452974677085876,/kaggle/working/gfd-robustness-v4-factorial-r1/graphs/base/yelpchi/r60_s2/graph.bin,/kaggle/working/gfd-robustness-v4-factorial-r1/graphs/variants/yelpchi/r60_s2/heterophily_rewire_nonoracle/0.30/seed_1/graph.bin,/kaggle/working/gfd-robustness-v4-factorial-r1/graphs/base/yelpchi/r60_s2/graph.bin,ok,
gfd_robustness_benchmark_v4_factorial,yelpchi,r60_s2,1,1,heterophily_rewire_nonoracle,0.3,mlp,train_on_variant,0.8014226606613657,0.4473605327471914,0.6604104662698413,0.655698835849762,1.9377025840003623,100,100,0.7890084561707159,roc_auc,max_epochs,45954,8051348,175.2045135498047,173.0,175.2045135498047,175.0,0.2319838851690292,0.1452974677085876,/kaggle/working/gfd-robustness-v4-factorial-r1/graphs/base/yelpchi/r60_s2/graph.bin,/kaggle/working/gfd-robustness-v4-factorial-r1/graphs/variants/yelpchi/r60_s2/heterophily_rewire_nonoracle/0.30/seed_1/graph.bin,/kaggle/working/gfd-robustness-v4-factorial-r1/graphs/variants/yelpchi/r60_s2/heterophily_rewire_nonoracle/0.30/seed_1/graph.bin,ok,
gfd_robustness_benchmark_v4_factorial,yelpchi,r60_s2,1,1,heterophily_rewire_nonoracle,0.3,pmp,train_clean_eval_all,0.8325882921021501,0.5159190219917964,0.7004714422614557,0.4313299655914306,0.3616412509982183,59,49,0.8501764424005321,roc_auc,early_stopping,45954,8051348,175.2045135498047,173.0,175.2045135498047,175.0,0.2319838851690292,0.1452974677085876,/kaggle/working/gfd-robustness-v4-factorial-r1/graphs/base/yelpchi/r60_s2/graph.bin,/kaggle/working/gfd-robustness-v4-factorial-r1/graphs/variants/yelpchi/r60_s2/heterophily_rewire_nonoracle/0.30/seed_1/graph.bin,/kaggle/working/gfd-robustness-v4-factorial-r1/graphs/base/yelpchi/r60_s2/graph.bin,ok,
gfd_robustness_benchmark_v4_factorial,yelpchi,r60_s2,1,1,heterophily_rewire_nonoracle,0.3,pmp,train_on_variant,0.8460750660085125,0.5628233302988312,0.7180817837454396,0.3937112689018249,49.56414553200011,82,72,0.830826616315856,roc_auc,early_stopping,45954,8051348,175.2045135498047,173.0,175.2045135498047,175.0,0.2319838851690292,0.1452974677085876,/kaggle/working/gfd-robustness-v4-factorial-r1/graphs/base/yelpchi/r60_s2/graph.bin,/kaggle/working/gfd-robustness-v4-factorial-r1/graphs/variants/yelpchi/r60_s2/heterophily_rewire_nonoracle/0.30/seed_1/graph.bin,/kaggle/working/gfd-robustness-v4-factorial-r1/graphs/variants/yelpchi/r60_s2/heterophily_rewire_nonoracle/0.30/seed_1/graph.bin,ok,
gfd_robustness_benchmark_v4_factorial,yelpchi,r60_s2,1,1,heterophily_rewire_nonoracle,0.3,sage,train_clean_eval_all,0.6148709137224533,0.2108747453852943,0.5492394923114621,0.2929745614528656,0.1137458150005841,23,13,0.6051568098756249,roc_auc,early_stopping,45954,8051348,175.2045135498047,173.0,175.2045135498047,175.0,0.2319838851690292,0.1452974677085876,/kaggle/working/gfd-robustness-v4-factorial-r1/graphs/base/yelpchi/r60_s2/graph.bin,/kaggle/working/gfd-robustness-v4-factorial-r1/graphs/variants/yelpchi/r60_s2/heterophily_rewire_nonoracle/0.30/seed_1/graph.bin,/kaggle/working/gfd-robustness-v4-factorial-r1/graphs/base/yelpchi/r60_s2/graph.bin,ok,
gfd_robustness_benchmark_v4_factorial,yelpchi,r60_s2,1,1,heterophily_rewire_nonoracle,0.3,sage,train_on_variant,0.6173824385343366,0.2161236303545931,0.5536360573206747,0.2921938598155975,0.96008983199863,23,13,0.6039810993737141,roc_auc,early_stopping,45954,8051348,175.2045135498047,173.0,175.2045135498047,175.0,0.2319838851690292,0.1452974677085876,/kaggle/working/gfd-robustness-v4-factorial-r1/graphs/base/yelpchi/r60_s2/graph.bin,/kaggle/working/gfd-robustness-v4-factorial-r1/graphs/variants/yelpchi/r60_s2/heterophily_rewire_nonoracle/0.30/seed_1/graph.bin,/kaggle/working/gfd-robustness-v4-factorial-r1/graphs/variants/yelpchi/r60_s2/heterophily_rewire_nonoracle/0.30/seed_1/graph.bin,ok,
gfd_robustness_benchmark_v4_factorial,yelpchi,r60_s2,1,1,heterophily_rewire_nonoracle,0.3,secgfd,train_clean_eval_all,0.8000233621352001,0.4546830136379924,0.6718020496438402,0.6578896045684814,0.1796524179990228,50,50,0.7875019370281101,roc_auc,max_epochs,45954,8051348,175.2045135498047,173.0,175.2045135498047,175.0,0.2319838851690292,0.1452974677085876,/kaggle/working/gfd-robustness-v4-factorial-r1/graphs/base/yelpchi/r60_s2/graph.bin,/kaggle/working/gfd-robustness-v4-factorial-r1/graphs/variants/yelpchi/r60_s2/heterophily_rewire_nonoracle/0.30/seed_1/graph.bin,/kaggle/working/gfd-robustness-v4-factorial-r1/graphs/base/yelpchi/r60_s2/graph.bin,ok,
gfd_robustness_benchmark_v4_factorial,yelpchi,r60_s2,1,1,heterophily_rewire_nonoracle,0.3,secgfd,train_on_variant,0.8165948049166433,0.4765210604521003,0.6820259443583259,0.7297848463058472,5.034197610002593,50,50,0.8053598819426068,roc_auc,max_epochs,45954,8051348,175.2045135498047,173.0,175.2045135498047,175.0,0.2319838851690292,0.1452974677085876,/kaggle/working/gfd-robustness-v4-factorial-r1/graphs/base/yelpchi/r60_s2/graph.bin,/kaggle/working/gfd-robustness-v4-factorial-r1/graphs/variants/yelpchi/r60_s2/heterophily_rewire_nonoracle/0.30/seed_1/graph.bin,/kaggle/working/gfd-robustness-v4-factorial-r1/graphs/variants/yelpchi/r60_s2/heterophily_rewire_nonoracle/0.30/seed_1/graph.bin,ok,
gfd_robustness_benchmark_v4_factorial,yelpchi,r60_s2,1,2,heterophily_rewire_nonoracle,0.3,mlp,train_clean_eval_all,0.8051940448278595,0.4504607236347623,0.6638554700899604,0.6557482481002808,0.0857935280000674,100,100,0.7907452730554025,roc_auc,max_epochs,45954,8051348,175.2045135498047,173.0,175.2045135498047,175.0,0.2319838851690292,0.1452974677085876,/kaggle/working/gfd-robustness-v4-factorial-r1/graphs/base/yelpchi/r60_s2/graph.bin,/kaggle/working/gfd-robustness-v4-factorial-r1/graphs/variants/yelpchi/r60_s2/heterophily_rewire_nonoracle/0.30/seed_1/graph.bin,/kaggle/working/gfd-robustness-v4-factorial-r1/graphs/base/yelpchi/r60_s2/graph.bin,ok,
gfd_robustness_benchmark_v4_factorial,yelpchi,r60_s2,1,2,heterophily_rewire_nonoracle,0.3,mlp,train_on_variant,0.8051940448278595,0.4504607236347623,0.6638554700899604,0.6557482481002808,1.9136699919981768,100,100,0.7907452730554025,roc_auc,max_epochs,45954,8051348,175.2045135498047,173.0,175.2045135498047,175.0,0.2319838851690292,0.1452974677085876,/kaggle/working/gfd-robustness-v4-factorial-r1/graphs/base/yelpchi/r60_s2/graph.bin,/kaggle/working/gfd-robustness-v4-factorial-r1/graphs/variants/yelpchi/r60_s2/heterophily_rewire_nonoracle/0.30/seed_1/graph.bin,/kaggle/working/gfd-robustness-v4-factorial-r1/graphs/variants/yelpchi/r60_s2/heterophily_rewire_nonoracle/0.30/seed_1/graph.bin,ok,
gfd_robustness_benchmark_v4_factorial,yelpchi,r60_s2,1,2,heterophily_rewire_nonoracle,0.3,pmp,train_clean_eval_all,0.8215404412661439,0.5081158240529589,0.7020088802050376,0.1901807934045791,0.2841218670000671,40,30,0.8440517144784805,roc_auc,early_stopping,45954,8051348,175.2045135498047,173.0,175.2045135498047,175.0,0.2319838851690292,0.1452974677085876,/kaggle/working/gfd-robustness-v4-factorial-r1/graphs/base/yelpchi/r60_s2/graph.bin,/kaggle/working/gfd-robustness-v4-factorial-r1/graphs/variants/yelpchi/r60_s2/heterophily_rewire_nonoracle/0.30/seed_1/graph.bin,/kaggle/working/gfd-robustness-v4-factorial-r1/graphs/base/yelpchi/r60_s2/graph.bin,ok,
gfd_robustness_benchmark_v4_factorial,yelpchi,r60_s2,1,2,heterophily_rewire_nonoracle,0.3,pmp,train_on_variant,0.8379724448760321,0.5300490361027919,0.7038425663358083,0.2369655519723892,49.70573671300008,85,75,0.8313055211857234,roc_auc,early_stopping,45954,8051348,175.2045135498047,173.0,175.2045135498047,175.0,0.2319838851690292,0.1452974677085876,/kaggle/working/gfd-robustness-v4-factorial-r1/graphs/base/yelpchi/r60_s2/graph.bin,/kaggle/working/gfd-robustness-v4-factorial-r1/graphs/variants/yelpchi/r60_s2/heterophily_rewire_nonoracle/0.30/seed_1/graph.bin,/kaggle/working/gfd-robustness-v4-factorial-r1/graphs/variants/yelpchi/r60_s2/heterophily_rewire_nonoracle/0.30/seed_1/graph.bin,ok,
gfd_robustness_benchmark_v4_factorial,yelpchi,r60_s2,1,2,heterophily_rewire_nonoracle,0.3,sage,train_clean_eval_all,0.7939989896734027,0.4406575434084687,0.6616366836565739,0.6589797139167786,0.1097734629984188,100,100,0.7880997098629895,roc_auc,max_epochs,45954,8051348,175.2045135498047,173.0,175.2045135498047,175.0,0.2319838851690292,0.1452974677085876,/kaggle/working/gfd-robustness-v4-factorial-r1/graphs/base/yelpchi/r60_s2/graph.bin,/kaggle/working/gfd-robustness-v4-factorial-r1/graphs/variants/yelpchi/r60_s2/heterophily_rewire_nonoracle/0.30/seed_1/graph.bin,/kaggle/working/gfd-robustness-v4-factorial-r1/graphs/base/yelpchi/r60_s2/graph.bin,ok,
gfd_robustness_benchmark_v4_factorial,yelpchi,r60_s2,1,2,heterophily_rewire_nonoracle,0.3,sage,train_on_variant,0.7876297113004135,0.4301804732592103,0.6571834519567032,0.6240889430046082,3.4023900810025225,100,100,0.7726061551005228,roc_auc,max_epochs,45954,8051348,175.2045135498047,173.0,175.2045135498047,175.0,0.2319838851690292,0.1452974677085876,/kaggle/working/gfd-robustness-v4-factorial-r1/graphs/base/yelpchi/r60_s2/graph.bin,/kaggle/working/gfd-robustness-v4-factorial-r1/graphs/variants/yelpchi/r60_s2/heterophily_rewire_nonoracle/0.30/seed_1/graph.bin,/kaggle/working/gfd-robustness-v4-factorial-r1/graphs/variants/yelpchi/r60_s2/heterophily_rewire_nonoracle/0.30/seed_1/graph.bin,ok,
gfd_robustness_benchmark_v4_factorial,yelpchi,r60_s2,1,2,heterophily_rewire_nonoracle,0.3,secgfd,train_clean_eval_all,0.8134219563673061,0.4885437849549582,0.688117659503007,0.7028029561042786,0.1786257370004023,50,46,0.8013154149293015,roc_auc,max_epochs,45954,8051348,175.2045135498047,173.0,175.2045135498047,175.0,0.2319838851690292,0.1452974677085876,/kaggle/working/gfd-robustness-v4-factorial-r1/graphs/base/yelpchi/r60_s2/graph.bin,/kaggle/working/gfd-robustness-v4-factorial-r1/graphs/variants/yelpchi/r60_s2/heterophily_rewire_nonoracle/0.30/seed_1/graph.bin,/kaggle/working/gfd-robustness-v4-factorial-r1/graphs/base/yelpchi/r60_s2/graph.bin,ok,
gfd_robustness_benchmark_v4_factorial,yelpchi,r60_s2,1,2,heterophily_rewire_nonoracle,0.3,secgfd,train_on_variant,0.8149764149145701,0.4861882134153175,0.6845194968410613,0.6442553400993347,5.0220749839973,50,50,0.7979621272263903,roc_auc,max_epochs,45954,8051348,175.2045135498047,173.0,175.2045135498047,175.0,0.2319838851690292,0.1452974677085876,/kaggle/working/gfd-robustness-v4-factorial-r1/graphs/base/yelpchi/r60_s2/graph.bin,/kaggle/working/gfd-robustness-v4-factorial-r1/graphs/variants/yelpchi/r60_s2/heterophily_rewire_nonoracle/0.30/seed_1/graph.bin,/kaggle/working/gfd-robustness-v4-factorial-r1/graphs/variants/yelpchi/r60_s2/heterophily_rewire_nonoracle/0.30/seed_1/graph.bin,ok,
gfd_robustness_benchmark_v4_factorial,yelpchi,r60_s2,1,3,heterophily_rewire_nonoracle,0.3,mlp,train_clean_eval_all,0.8033646619693403,0.442421243508313,0.6642026960679807,0.6678695678710938,0.0668620079995889,100,100,0.7883936613288132,roc_auc,max_epochs,45954,8051348,175.2045135498047,173.0,175.2045135498047,175.0,0.2319838851690292,0.1452974677085876,/kaggle/working/gfd-robustness-v4-factorial-r1/graphs/base/yelpchi/r60_s2/graph.bin,/kaggle/working/gfd-robustness-v4-factorial-r1/graphs/variants/yelpchi/r60_s2/heterophily_rewire_nonoracle/0.30/seed_1/graph.bin,/kaggle/working/gfd-robustness-v4-factorial-r1/graphs/base/yelpchi/r60_s2/graph.bin,ok,
gfd_robustness_benchmark_v4_factorial,yelpchi,r60_s2,1,3,heterophily_rewire_nonoracle,0.3,mlp,train_on_variant,0.8033646619693403,0.442421243508313,0.6642026960679807,0.6678695678710938,1.8630805550019431,100,100,0.7883936613288132,roc_auc,max_epochs,45954,8051348,175.2045135498047,173.0,175.2045135498047,175.0,0.2319838851690292,0.1452974677085876,/kaggle/working/gfd-robustness-v4-factorial-r1/graphs/base/yelpchi/r60_s2/graph.bin,/kaggle/working/gfd-robustness-v4-factorial-r1/graphs/variants/yelpchi/r60_s2/heterophily_rewire_nonoracle/0.30/seed_1/graph.bin,/kaggle/working/gfd-robustness-v4-factorial-r1/graphs/variants/yelpchi/r60_s2/heterophily_rewire_nonoracle/0.30/seed_1/graph.bin,ok,
gfd_robustness_benchmark_v4_factorial,yelpchi,r60_s2,1,3,heterophily_rewire_nonoracle,0.3,pmp,train_clean_eval_all,0.8241812581557861,0.5062225505939626,0.6900524951422102,0.2736212313175201,0.2902432560003944,69,59,0.8491953168024374,roc_auc,early_stopping,45954,8051348,175.2045135498047,173.0,175.2045135498047,175.0,0.2319838851690292,0.1452974677085876,/kaggle/working/gfd-robustness-v4-factorial-r1/graphs/base/yelpchi/r60_s2/graph.bin,/kaggle/working/gfd-robustness-v4-factorial-r1/graphs/variants/yelpchi/r60_s2/heterophily_rewire_nonoracle/0.30/seed_1/graph.bin,/kaggle/working/gfd-robustness-v4-factorial-r1/graphs/base/yelpchi/r60_s2/graph.bin,ok,
gfd_robustness_benchmark_v4_factorial,yelpchi,r60_s2,1,3,heterophily_rewire_nonoracle,0.3,pmp,train_on_variant,0.8578574139907558,0.5836604083328185,0.7380360083622948,0.2410952150821685,58.23786132100213,100,93,0.8428313748489118,roc_auc,max_epochs,45954,8051348,175.2045135498047,173.0,175.2045135498047,175.0,0.2319838851690292,0.1452974677085876,/kaggle/working/gfd-robustness-v4-factorial-r1/graphs/base/yelpchi/r60_s2/graph.bin,/kaggle/working/gfd-robustness-v4-factorial-r1/graphs/variants/yelpchi/r60_s2/heterophily_rewire_nonoracle/0.30/seed_1/graph.bin,/kaggle/working/gfd-robustness-v4-factorial-r1/graphs/variants/yelpchi/r60_s2/heterophily_rewire_nonoracle/0.30/seed_1/graph.bin,ok,
gfd_robustness_benchmark_v4_factorial,yelpchi,r60_s2,1,3,heterophily_rewire_nonoracle,0.3,sage,train_clean_eval_all,0.7868272810285742,0.4296704588231833,0.6562514833349814,0.6763745546340942,0.1340544359991327,100,100,0.7781531837590027,roc_auc,max_epochs,45954,8051348,175.2045135498047,173.0,175.2045135498047,175.0,0.2319838851690292,0.1452974677085876,/kaggle/working/gfd-robustness-v4-factorial-r1/graphs/base/yelpchi/r60_s2/graph.bin,/kaggle/working/gfd-robustness-v4-factorial-r1/graphs/variants/yelpchi/r60_s2/heterophily_rewire_nonoracle/0.30/seed_1/graph.bin,/kaggle/working/gfd-robustness-v4-factorial-r1/graphs/base/yelpchi/r60_s2/graph.bin,ok,
gfd_robustness_benchmark_v4_factorial,yelpchi,r60_s2,1,3,heterophily_rewire_nonoracle,0.3,sage,train_on_variant,0.7857113865446297,0.4269558226340134,0.6589276209769569,0.6833134293556213,3.382251961000293,100,99,0.7705120667911133,roc_auc,max_epochs,45954,8051348,175.2045135498047,173.0,175.2045135498047,175.0,0.2319838851690292,0.1452974677085876,/kaggle/working/gfd-robustness-v4-factorial-r1/graphs/base/yelpchi/r60_s2/graph.bin,/kaggle/working/gfd-robustness-v4-factorial-r1/graphs/variants/yelpchi/r60_s2/heterophily_rewire_nonoracle/0.30/seed_1/graph.bin,/kaggle/working/gfd-robustness-v4-factorial-r1/graphs/variants/yelpchi/r60_s2/heterophily_rewire_nonoracle/0.30/seed_1/graph.bin,ok,
gfd_robustness_benchmark_v4_factorial,yelpchi,r60_s2,1,3,heterophily_rewire_nonoracle,0.3,secgfd,train_clean_eval_all,0.8087831147785894,0.4735235103354165,0.6829184501013742,0.6787847280502319,0.1846500230021774,50,50,0.7989556498043899,roc_auc,max_epochs,45954,8051348,175.2045135498047,173.0,175.2045135498047,175.0,0.2319838851690292,0.1452974677085876,/kaggle/working/gfd-robustness-v4-factorial-r1/graphs/base/yelpchi/r60_s2/graph.bin,/kaggle/working/gfd-robustness-v4-factorial-r1/graphs/variants/yelpchi/r60_s2/heterophily_rewire_nonoracle/0.30/seed_1/graph.bin,/kaggle/working/gfd-robustness-v4-factorial-r1/graphs/base/yelpchi/r60_s2/graph.bin,ok,
gfd_robustness_benchmark_v4_factorial,yelpchi,r60_s2,1,3,heterophily_rewire_nonoracle,0.3,secgfd,train_on_variant,0.8183146182177397,0.4884844427035659,0.6881389276631115,0.7551762461662292,5.0234132620025775,50,50,0.8050859086867068,roc_auc,max_epochs,45954,8051348,175.2045135498047,173.0,175.2045135498047,175.0,0.2319838851690292,0.1452974677085876,/kaggle/working/gfd-robustness-v4-factorial-r1/graphs/base/yelpchi/r60_s2/graph.bin,/kaggle/working/gfd-robustness-v4-factorial-r1/graphs/variants/yelpchi/r60_s2/heterophily_rewire_nonoracle/0.30/seed_1/graph.bin,/kaggle/working/gfd-robustness-v4-factorial-r1/graphs/variants/yelpchi/r60_s2/heterophily_rewire_nonoracle/0.30/seed_1/graph.bin,ok,
gfd_robustness_benchmark_v4_factorial,yelpchi,r60_s2,1,4,heterophily_rewire_nonoracle,0.3,mlp,train_clean_eval_all,0.8016106915496909,0.4485908504844914,0.6622104135282587,0.6817144751548767,0.0817280880000907,100,100,0.7873558433879992,roc_auc,max_epochs,45954,8051348,175.2045135498047,173.0,175.2045135498047,175.0,0.2319838851690292,0.1452974677085876,/kaggle/working/gfd-robustness-v4-factorial-r1/graphs/base/yelpchi/r60_s2/graph.bin,/kaggle/working/gfd-robustness-v4-factorial-r1/graphs/variants/yelpchi/r60_s2/heterophily_rewire_nonoracle/0.30/seed_1/graph.bin,/kaggle/working/gfd-robustness-v4-factorial-r1/graphs/base/yelpchi/r60_s2/graph.bin,ok,
gfd_robustness_benchmark_v4_factorial,yelpchi,r60_s2,1,4,heterophily_rewire_nonoracle,0.3,mlp,train_on_variant,0.8016106915496909,0.4485908504844914,0.6622104135282587,0.6817144751548767,1.827130918998592,100,100,0.7873558433879992,roc_auc,max_epochs,45954,8051348,175.2045135498047,173.0,175.2045135498047,175.0,0.2319838851690292,0.1452974677085876,/kaggle/working/gfd-robustness-v4-factorial-r1/graphs/base/yelpchi/r60_s2/graph.bin,/kaggle/working/gfd-robustness-v4-factorial-r1/graphs/variants/yelpchi/r60_s2/heterophily_rewire_nonoracle/0.30/seed_1/graph.bin,/kaggle/working/gfd-robustness-v4-factorial-r1/graphs/variants/yelpchi/r60_s2/heterophily_rewire_nonoracle/0.30/seed_1/graph.bin,ok,
gfd_robustness_benchmark_v4_factorial,yelpchi,r60_s2,1,4,heterophily_rewire_nonoracle,0.3,pmp,train_clean_eval_all,0.8361658810688196,0.5466778561369261,0.717115303398032,0.2757417559623718,0.3193099119998805,76,66,0.8606669098381956,roc_auc,early_stopping,45954,8051348,175.2045135498047,173.0,175.2045135498047,175.0,0.2319838851690292,0.1452974677085876,/kaggle/working/gfd-robustness-v4-factorial-r1/graphs/base/yelpchi/r60_s2/graph.bin,/kaggle/working/gfd-robustness-v4-factorial-r1/graphs/variants/yelpchi/r60_s2/heterophily_rewire_nonoracle/0.30/seed_1/graph.bin,/kaggle/working/gfd-robustness-v4-factorial-r1/graphs/base/yelpchi/r60_s2/graph.bin,ok,
gfd_robustness_benchmark_v4_factorial,yelpchi,r60_s2,1,4,heterophily_rewire_nonoracle,0.3,pmp,train_on_variant,0.8443947930259643,0.5446320693682696,0.7161877982323642,0.365617960691452,33.71619882700179,56,46,0.8302094374393562,roc_auc,early_stopping,45954,8051348,175.2045135498047,173.0,175.2045135498047,175.0,0.2319838851690292,0.1452974677085876,/kaggle/working/gfd-robustness-v4-factorial-r1/graphs/base/yelpchi/r60_s2/graph.bin,/kaggle/working/gfd-robustness-v4-factorial-r1/graphs/variants/yelpchi/r60_s2/heterophily_rewire_nonoracle/0.30/seed_1/graph.bin,/kaggle/working/gfd-robustness-v4-factorial-r1/graphs/variants/yelpchi/r60_s2/heterophily_rewire_nonoracle/0.30/seed_1/graph.bin,ok,
gfd_robustness_benchmark_v4_factorial,yelpchi,r60_s2,1,4,heterophily_rewire_nonoracle,0.3,sage,train_clean_eval_all,0.7922997563935266,0.4367415884939192,0.6613833914645139,0.695338249206543,0.1238112760001968,100,100,0.7833725030217639,roc_auc,max_epochs,45954,8051348,175.2045135498047,173.0,175.2045135498047,175.0,0.2319838851690292,0.1452974677085876,/kaggle/working/gfd-robustness-v4-factorial-r1/graphs/base/yelpchi/r60_s2/graph.bin,/kaggle/working/gfd-robustness-v4-factorial-r1/graphs/variants/yelpchi/r60_s2/heterophily_rewire_nonoracle/0.30/seed_1/graph.bin,/kaggle/working/gfd-robustness-v4-factorial-r1/graphs/base/yelpchi/r60_s2/graph.bin,ok,
gfd_robustness_benchmark_v4_factorial,yelpchi,r60_s2,1,4,heterophily_rewire_nonoracle,0.3,sage,train_on_variant,0.7908404804444065,0.4271867843350547,0.6560441636637195,0.6228824257850647,3.248459623002418,100,100,0.7759960138941536,roc_auc,max_epochs,45954,8051348,175.2045135498047,173.0,175.2045135498047,175.0,0.2319838851690292,0.1452974677085876,/kaggle/working/gfd-robustness-v4-factorial-r1/graphs/base/yelpchi/r60_s2/graph.bin,/kaggle/working/gfd-robustness-v4-factorial-r1/graphs/variants/yelpchi/r60_s2/heterophily_rewire_nonoracle/0.30/seed_1/graph.bin,/kaggle/working/gfd-robustness-v4-factorial-r1/graphs/variants/yelpchi/r60_s2/heterophily_rewire_nonoracle/0.30/seed_1/graph.bin,ok,
gfd_robustness_benchmark_v4_factorial,yelpchi,r60_s2,1,4,heterophily_rewire_nonoracle,0.3,secgfd,train_clean_eval_all,0.8003672199897557,0.4407894077926286,0.6655780456631675,0.7039106488227844,0.1526491930017073,50,50,0.786382585104075,roc_auc,max_epochs,45954,8051348,175.2045135498047,173.0,175.2045135498047,175.0,0.2319838851690292,0.1452974677085876,/kaggle/working/gfd-robustness-v4-factorial-r1/graphs/base/yelpchi/r60_s2/graph.bin,/kaggle/working/gfd-robustness-v4-factorial-r1/graphs/variants/yelpchi/r60_s2/heterophily_rewire_nonoracle/0.30/seed_1/graph.bin,/kaggle/working/gfd-robustness-v4-factorial-r1/graphs/base/yelpchi/r60_s2/graph.bin,ok,
gfd_robustness_benchmark_v4_factorial,yelpchi,r60_s2,1,4,heterophily_rewire_nonoracle,0.3,secgfd,train_on_variant,0.802753311477859,0.4450651480844912,0.6652136986739634,0.6596789956092834,5.044457874002546,50,50,0.7914228156879013,roc_auc,max_epochs,45954,8051348,175.2045135498047,173.0,175.2045135498047,175.0,0.2319838851690292,0.1452974677085876,/kaggle/working/gfd-robustness-v4-factorial-r1/graphs/base/yelpchi/r60_s2/graph.bin,/kaggle/working/gfd-robustness-v4-factorial-r1/graphs/variants/yelpchi/r60_s2/heterophily_rewire_nonoracle/0.30/seed_1/graph.bin,/kaggle/working/gfd-robustness-v4-factorial-r1/graphs/variants/yelpchi/r60_s2/heterophily_rewire_nonoracle/0.30/seed_1/graph.bin,ok,
gfd_robustness_benchmark_v4_factorial,yelpchi,r60_s2,0,0,heterophily_rewire_oracle,0.15,mlp,train_clean_eval_all,0.8100983305791676,0.4587374752549941,0.6746461063940257,0.6971318125724792,0.0724020990019198,100,100,0.7956221495886349,roc_auc,max_epochs,45954,8051348,175.2045135498047,173.0,175.2045135498047,175.0,0.3428902924060821,0.1452974677085876,/kaggle/working/gfd-robustness-v4-factorial-r1/graphs/base/yelpchi/r60_s2/graph.bin,/kaggle/working/gfd-robustness-v4-factorial-r1/graphs/variants/yelpchi/r60_s2/heterophily_rewire_oracle/0.15/seed_0/graph.bin,/kaggle/working/gfd-robustness-v4-factorial-r1/graphs/base/yelpchi/r60_s2/graph.bin,ok,
gfd_robustness_benchmark_v4_factorial,yelpchi,r60_s2,0,0,heterophily_rewire_oracle,0.15,mlp,train_on_variant,0.8100983305791676,0.4587374752549941,0.6746461063940257,0.6971318125724792,1.9655421360002947,100,100,0.7956221495886349,roc_auc,max_epochs,45954,8051348,175.2045135498047,173.0,175.2045135498047,175.0,0.3428902924060821,0.1452974677085876,/kaggle/working/gfd-robustness-v4-factorial-r1/graphs/base/yelpchi/r60_s2/graph.bin,/kaggle/working/gfd-robustness-v4-factorial-r1/graphs/variants/yelpchi/r60_s2/heterophily_rewire_oracle/0.15/seed_0/graph.bin,/kaggle/working/gfd-robustness-v4-factorial-r1/graphs/variants/yelpchi/r60_s2/heterophily_rewire_oracle/0.15/seed_0/graph.bin,ok,
gfd_robustness_benchmark_v4_factorial,yelpchi,r60_s2,0,0,heterophily_rewire_oracle,0.15,pmp,train_clean_eval_all,0.7922437330024269,0.4326803466099441,0.6616799807428693,0.2557673752307892,0.3176467699995555,55,45,0.8496737448653855,roc_auc,early_stopping,45954,8051348,175.2045135498047,173.0,175.2045135498047,175.0,0.3428902924060821,0.1452974677085876,/kaggle/working/gfd-robustness-v4-factorial-r1/graphs/base/yelpchi/r60_s2/graph.bin,/kaggle/working/gfd-robustness-v4-factorial-r1/graphs/variants/yelpchi/r60_s2/heterophily_rewire_oracle/0.15/seed_0/graph.bin,/kaggle/working/gfd-robustness-v4-factorial-r1/graphs/base/yelpchi/r60_s2/graph.bin,ok,
gfd_robustness_benchmark_v4_factorial,yelpchi,r60_s2,0,0,heterophily_rewire_oracle,0.15,pmp,train_on_variant,0.8960586496304743,0.6490766157579809,0.7633764367816092,0.3457247316837311,63.20736863399725,82,72,0.8950916065293939,roc_auc,early_stopping,45954,8051348,175.2045135498047,173.0,175.2045135498047,175.0,0.3428902924060821,0.1452974677085876,/kaggle/working/gfd-robustness-v4-factorial-r1/graphs/base/yelpchi/r60_s2/graph.bin,/kaggle/working/gfd-robustness-v4-factorial-r1/graphs/variants/yelpchi/r60_s2/heterophily_rewire_oracle/0.15/seed_0/graph.bin,/kaggle/working/gfd-robustness-v4-factorial-r1/graphs/variants/yelpchi/r60_s2/heterophily_rewire_oracle/0.15/seed_0/graph.bin,ok,
gfd_robustness_benchmark_v4_factorial,yelpchi,r60_s2,0,0,heterophily_rewire_oracle,0.15,sage,train_clean_eval_all,0.7920256419442174,0.4341002756697949,0.6558865894389279,0.6634995937347412,0.143193361996964,100,100,0.7932715868372682,roc_auc,max_epochs,45954,8051348,175.2045135498047,173.0,175.2045135498047,175.0,0.3428902924060821,0.1452974677085876,/kaggle/working/gfd-robustness-v4-factorial-r1/graphs/base/yelpchi/r60_s2/graph.bin,/kaggle/working/gfd-robustness-v4-factorial-r1/graphs/variants/yelpchi/r60_s2/heterophily_rewire_oracle/0.15/seed_0/graph.bin,/kaggle/working/gfd-robustness-v4-factorial-r1/graphs/base/yelpchi/r60_s2/graph.bin,ok,
gfd_robustness_benchmark_v4_factorial,yelpchi,r60_s2,0,0,heterophily_rewire_oracle,0.15,sage,train_on_variant,0.8503253167798822,0.5390570957312046,0.7141947398586257,0.714671790599823,3.356112203000521,100,100,0.8405620599966147,roc_auc,max_epochs,45954,8051348,175.2045135498047,173.0,175.2045135498047,175.0,0.3428902924060821,0.1452974677085876,/kaggle/working/gfd-robustness-v4-factorial-r1/graphs/base/yelpchi/r60_s2/graph.bin,/kaggle/working/gfd-robustness-v4-factorial-r1/graphs/variants/yelpchi/r60_s2/heterophily_rewire_oracle/0.15/seed_0/graph.bin,/kaggle/working/gfd-robustness-v4-factorial-r1/graphs/variants/yelpchi/r60_s2/heterophily_rewire_oracle/0.15/seed_0/graph.bin,ok,
gfd_robustness_benchmark_v4_factorial,yelpchi,r60_s2,0,0,heterophily_rewire_oracle,0.15,secgfd,train_clean_eval_all,0.714618370184275,0.3119054629173734,0.5971560598013115,0.6121960878372192,0.1417015080005512,50,50,0.8036778501729617,roc_auc,max_epochs,45954,8051348,175.2045135498047,173.0,175.2045135498047,175.0,0.3428902924060821,0.1452974677085876,/kaggle/working/gfd-robustness-v4-factorial-r1/graphs/base/yelpchi/r60_s2/graph.bin,/kaggle/working/gfd-robustness-v4-factorial-r1/graphs/variants/yelpchi/r60_s2/heterophily_rewire_oracle/0.15/seed_0/graph.bin,/kaggle/working/gfd-robustness-v4-factorial-r1/graphs/base/yelpchi/r60_s2/graph.bin,ok,
gfd_robustness_benchmark_v4_factorial,yelpchi,r60_s2,0,0,heterophily_rewire_oracle,0.15,secgfd,train_on_variant,0.999577823731356,0.9978868101982766,0.9898462032332735,0.8962986469268799,4.600878670000384,50,48,0.9996970368833992,roc_auc,max_epochs,45954,8051348,175.2045135498047,173.0,175.2045135498047,175.0,0.3428902924060821,0.1452974677085876,/kaggle/working/gfd-robustness-v4-factorial-r1/graphs/base/yelpchi/r60_s2/graph.bin,/kaggle/working/gfd-robustness-v4-factorial-r1/graphs/variants/yelpchi/r60_s2/heterophily_rewire_oracle/0.15/seed_0/graph.bin,/kaggle/working/gfd-robustness-v4-factorial-r1/graphs/variants/yelpchi/r60_s2/heterophily_rewire_oracle/0.15/seed_0/graph.bin,ok,
gfd_robustness_benchmark_v4_factorial,yelpchi,r60_s2,0,1,heterophily_rewire_oracle,0.15,mlp,train_clean_eval_all,0.8014226606613657,0.4473605327471914,0.6604104662698413,0.655698835849762,0.0901709820027463,100,100,0.7890084561707159,roc_auc,max_epochs,45954,8051348,175.2045135498047,173.0,175.2045135498047,175.0,0.3428902924060821,0.1452974677085876,/kaggle/working/gfd-robustness-v4-factorial-r1/graphs/base/yelpchi/r60_s2/graph.bin,/kaggle/working/gfd-robustness-v4-factorial-r1/graphs/variants/yelpchi/r60_s2/heterophily_rewire_oracle/0.15/seed_0/graph.bin,/kaggle/working/gfd-robustness-v4-factorial-r1/graphs/base/yelpchi/r60_s2/graph.bin,ok,
gfd_robustness_benchmark_v4_factorial,yelpchi,r60_s2,0,1,heterophily_rewire_oracle,0.15,mlp,train_on_variant,0.8014226606613657,0.4473605327471914,0.6604104662698413,0.655698835849762,1.9049014340016583,100,100,0.7890084561707159,roc_auc,max_epochs,45954,8051348,175.2045135498047,173.0,175.2045135498047,175.0,0.3428902924060821,0.1452974677085876,/kaggle/working/gfd-robustness-v4-factorial-r1/graphs/base/yelpchi/r60_s2/graph.bin,/kaggle/working/gfd-robustness-v4-factorial-r1/graphs/variants/yelpchi/r60_s2/heterophily_rewire_oracle/0.15/seed_0/graph.bin,/kaggle/working/gfd-robustness-v4-factorial-r1/graphs/variants/yelpchi/r60_s2/heterophily_rewire_oracle/0.15/seed_0/graph.bin,ok,
gfd_robustness_benchmark_v4_factorial,yelpchi,r60_s2,0,1,heterophily_rewire_oracle,0.15,pmp,train_clean_eval_all,0.8040686701952511,0.4551305209242723,0.6723150741932034,0.4313299655914306,0.3569433779994142,59,49,0.8501764424005321,roc_auc,early_stopping,45954,8051348,175.2045135498047,173.0,175.2045135498047,175.0,0.3428902924060821,0.1452974677085876,/kaggle/working/gfd-robustness-v4-factorial-r1/graphs/base/yelpchi/r60_s2/graph.bin,/kaggle/working/gfd-robustness-v4-factorial-r1/graphs/variants/yelpchi/r60_s2/heterophily_rewire_oracle/0.15/seed_0/graph.bin,/kaggle/working/gfd-robustness-v4-factorial-r1/graphs/base/yelpchi/r60_s2/graph.bin,ok,
gfd_robustness_benchmark_v4_factorial,yelpchi,r60_s2,0,1,heterophily_rewire_oracle,0.15,pmp,train_on_variant,0.8903223974657609,0.6285255488287002,0.7577677195506018,0.2523867785930633,52.66429698600041,68,58,0.8911018769504383,roc_auc,early_stopping,45954,8051348,175.2045135498047,173.0,175.2045135498047,175.0,0.3428902924060821,0.1452974677085876,/kaggle/working/gfd-robustness-v4-factorial-r1/graphs/base/yelpchi/r60_s2/graph.bin,/kaggle/working/gfd-robustness-v4-factorial-r1/graphs/variants/yelpchi/r60_s2/heterophily_rewire_oracle/0.15/seed_0/graph.bin,/kaggle/working/gfd-robustness-v4-factorial-r1/graphs/variants/yelpchi/r60_s2/heterophily_rewire_oracle/0.15/seed_0/graph.bin,ok,
gfd_robustness_benchmark_v4_factorial,yelpchi,r60_s2,0,1,heterophily_rewire_oracle,0.15,sage,train_clean_eval_all,0.6267002336975743,0.2071627773437958,0.5507171946440004,0.2929745614528656,0.1250661770027363,23,13,0.6051568098756249,roc_auc,early_stopping,45954,8051348,175.2045135498047,173.0,175.2045135498047,175.0,0.3428902924060821,0.1452974677085876,/kaggle/working/gfd-robustness-v4-factorial-r1/graphs/base/yelpchi/r60_s2/graph.bin,/kaggle/working/gfd-robustness-v4-factorial-r1/graphs/variants/yelpchi/r60_s2/heterophily_rewire_oracle/0.15/seed_0/graph.bin,/kaggle/working/gfd-robustness-v4-factorial-r1/graphs/base/yelpchi/r60_s2/graph.bin,ok,
gfd_robustness_benchmark_v4_factorial,yelpchi,r60_s2,0,1,heterophily_rewire_oracle,0.15,sage,train_on_variant,0.8362191890404527,0.4877365002268329,0.6921099611912165,0.6688728332519531,3.291587085997889,100,100,0.8248662437389291,roc_auc,max_epochs,45954,8051348,175.2045135498047,173.0,175.2045135498047,175.0,0.3428902924060821,0.1452974677085876,/kaggle/working/gfd-robustness-v4-factorial-r1/graphs/base/yelpchi/r60_s2/graph.bin,/kaggle/working/gfd-robustness-v4-factorial-r1/graphs/variants/yelpchi/r60_s2/heterophily_rewire_oracle/0.15/seed_0/graph.bin,/kaggle/working/gfd-robustness-v4-factorial-r1/graphs/variants/yelpchi/r60_s2/heterophily_rewire_oracle/0.15/seed_0/graph.bin,ok,
gfd_robustness_benchmark_v4_factorial,yelpchi,r60_s2,0,1,heterophily_rewire_oracle,0.15,secgfd,train_clean_eval_all,0.6901094704684317,0.294547058225169,0.5925339075498613,0.6578896045684814,0.1633062440014328,50,50,0.7875019370281101,roc_auc,max_epochs,45954,8051348,175.2045135498047,173.0,175.2045135498047,175.0,0.3428902924060821,0.1452974677085876,/kaggle/working/gfd-robustness-v4-factorial-r1/graphs/base/yelpchi/r60_s2/graph.bin,/kaggle/working/gfd-robustness-v4-factorial-r1/graphs/variants/yelpchi/r60_s2/heterophily_rewire_oracle/0.15/seed_0/graph.bin,/kaggle/working/gfd-robustness-v4-factorial-r1/graphs/base/yelpchi/r60_s2/graph.bin,ok,
gfd_robustness_benchmark_v4_factorial,yelpchi,r60_s2,0,1,heterophily_rewire_oracle,0.15,secgfd,train_on_variant,0.9995466678658976,0.9979196258223808,0.9909527209378738,0.8041267991065979,4.408701648000715,50,48,0.9997429057090476,roc_auc,max_epochs,45954,8051348,175.2045135498047,173.0,175.2045135498047,175.0,0.3428902924060821,0.1452974677085876,/kaggle/working/gfd-robustness-v4-factorial-r1/graphs/base/yelpchi/r60_s2/graph.bin,/kaggle/working/gfd-robustness-v4-factorial-r1/graphs/variants/yelpchi/r60_s2/heterophily_rewire_oracle/0.15/seed_0/graph.bin,/kaggle/working/gfd-robustness-v4-factorial-r1/graphs/variants/yelpchi/r60_s2/heterophily_rewire_oracle/0.15/seed_0/graph.bin,ok,
gfd_robustness_benchmark_v4_factorial,yelpchi,r60_s2,0,2,heterophily_rewire_oracle,0.15,mlp,train_clean_eval_all,0.8051940448278595,0.4504607236347623,0.6638554700899604,0.6557482481002808,0.0704880679986672,100,100,0.7907452730554025,roc_auc,max_epochs,45954,8051348,175.2045135498047,173.0,175.2045135498047,175.0,0.3428902924060821,0.1452974677085876,/kaggle/working/gfd-robustness-v4-factorial-r1/graphs/base/yelpchi/r60_s2/graph.bin,/kaggle/working/gfd-robustness-v4-factorial-r1/graphs/variants/yelpchi/r60_s2/heterophily_rewire_oracle/0.15/seed_0/graph.bin,/kaggle/working/gfd-robustness-v4-factorial-r1/graphs/base/yelpchi/r60_s2/graph.bin,ok,
gfd_robustness_benchmark_v4_factorial,yelpchi,r60_s2,0,2,heterophily_rewire_oracle,0.15,mlp,train_on_variant,0.8051940448278595,0.4504607236347623,0.6638554700899604,0.6557482481002808,1.862657836998551,100,100,0.7907452730554025,roc_auc,max_epochs,45954,8051348,175.2045135498047,173.0,175.2045135498047,175.0,0.3428902924060821,0.1452974677085876,/kaggle/working/gfd-robustness-v4-factorial-r1/graphs/base/yelpchi/r60_s2/graph.bin,/kaggle/working/gfd-robustness-v4-factorial-r1/graphs/variants/yelpchi/r60_s2/heterophily_rewire_oracle/0.15/seed_0/graph.bin,/kaggle/working/gfd-robustness-v4-factorial-r1/graphs/variants/yelpchi/r60_s2/heterophily_rewire_oracle/0.15/seed_0/graph.bin,ok,
gfd_robustness_benchmark_v4_factorial,yelpchi,r60_s2,0,2,heterophily_rewire_oracle,0.15,pmp,train_clean_eval_all,0.7818168080844421,0.4287403196473436,0.6631096785697492,0.1901807934045791,0.2905909010005416,40,30,0.8440517144784805,roc_auc,early_stopping,45954,8051348,175.2045135498047,173.0,175.2045135498047,175.0,0.3428902924060821,0.1452974677085876,/kaggle/working/gfd-robustness-v4-factorial-r1/graphs/base/yelpchi/r60_s2/graph.bin,/kaggle/working/gfd-robustness-v4-factorial-r1/graphs/variants/yelpchi/r60_s2/heterophily_rewire_oracle/0.15/seed_0/graph.bin,/kaggle/working/gfd-robustness-v4-factorial-r1/graphs/base/yelpchi/r60_s2/graph.bin,ok,
gfd_robustness_benchmark_v4_factorial,yelpchi,r60_s2,0,2,heterophily_rewire_oracle,0.15,pmp,train_on_variant,0.8841840250253058,0.6132160803764235,0.7415186194409048,0.3023580610752105,51.50572334000026,66,56,0.8850691250831432,roc_auc,early_stopping,45954,8051348,175.2045135498047,173.0,175.2045135498047,175.0,0.3428902924060821,0.1452974677085876,/kaggle/working/gfd-robustness-v4-factorial-r1/graphs/base/yelpchi/r60_s2/graph.bin,/kaggle/working/gfd-robustness-v4-factorial-r1/graphs/variants/yelpchi/r60_s2/heterophily_rewire_oracle/0.15/seed_0/graph.bin,/kaggle/working/gfd-robustness-v4-factorial-r1/graphs/variants/yelpchi/r60_s2/heterophily_rewire_oracle/0.15/seed_0/graph.bin,ok,
gfd_robustness_benchmark_v4_factorial,yelpchi,r60_s2,0,2,heterophily_rewire_oracle,0.15,sage,train_clean_eval_all,0.7877631956047172,0.4283187149990256,0.6590454964028313,0.6589797139167786,0.1004770220024511,100,100,0.7880997098629895,roc_auc,max_epochs,45954,8051348,175.2045135498047,173.0,175.2045135498047,175.0,0.3428902924060821,0.1452974677085876,/kaggle/working/gfd-robustness-v4-factorial-r1/graphs/base/yelpchi/r60_s2/graph.bin,/kaggle/working/gfd-robustness-v4-factorial-r1/graphs/variants/yelpchi/r60_s2/heterophily_rewire_oracle/0.15/seed_0/graph.bin,/kaggle/working/gfd-robustness-v4-factorial-r1/graphs/base/yelpchi/r60_s2/graph.bin,ok,
gfd_robustness_benchmark_v4_factorial,yelpchi,r60_s2,0,2,heterophily_rewire_oracle,0.15,sage,train_on_variant,0.8597422009341805,0.5504644126333861,0.7162284065798868,0.6696741580963135,3.223634439000307,100,100,0.8500019787487156,roc_auc,max_epochs,45954,8051348,175.2045135498047,173.0,175.2045135498047,175.0,0.3428902924060821,0.1452974677085876,/kaggle/working/gfd-robustness-v4-factorial-r1/graphs/base/yelpchi/r60_s2/graph.bin,/kaggle/working/gfd-robustness-v4-factorial-r1/graphs/variants/yelpchi/r60_s2/heterophily_rewire_oracle/0.15/seed_0/graph.bin,/kaggle/working/gfd-robustness-v4-factorial-r1/graphs/variants/yelpchi/r60_s2/heterophily_rewire_oracle/0.15/seed_0/graph.bin,ok,
gfd_robustness_benchmark_v4_factorial,yelpchi,r60_s2,0,2,heterophily_rewire_oracle,0.15,secgfd,train_clean_eval_all,0.7044135379952925,0.3119153719331882,0.590193856998993,0.7028029561042786,0.1670721509981376,50,46,0.8013154149293015,roc_auc,max_epochs,45954,8051348,175.2045135498047,173.0,175.2045135498047,175.0,0.3428902924060821,0.1452974677085876,/kaggle/working/gfd-robustness-v4-factorial-r1/graphs/base/yelpchi/r60_s2/graph.bin,/kaggle/working/gfd-robustness-v4-factorial-r1/graphs/variants/yelpchi/r60_s2/heterophily_rewire_oracle/0.15/seed_0/graph.bin,/kaggle/working/gfd-robustness-v4-factorial-r1/graphs/base/yelpchi/r60_s2/graph.bin,ok,
gfd_robustness_benchmark_v4_factorial,yelpchi,r60_s2,0,2,heterophily_rewire_oracle,0.15,secgfd,train_on_variant,0.988290491953974,0.9688745684402948,0.9599809352908972,0.5431048274040222,1.3019855550010109,12,2,0.9919413908934648,roc_auc,early_stopping,45954,8051348,175.2045135498047,173.0,175.2045135498047,175.0,0.3428902924060821,0.1452974677085876,/kaggle/working/gfd-robustness-v4-factorial-r1/graphs/base/yelpchi/r60_s2/graph.bin,/kaggle/working/gfd-robustness-v4-factorial-r1/graphs/variants/yelpchi/r60_s2/heterophily_rewire_oracle/0.15/seed_0/graph.bin,/kaggle/working/gfd-robustness-v4-factorial-r1/graphs/variants/yelpchi/r60_s2/heterophily_rewire_oracle/0.15/seed_0/graph.bin,ok,
gfd_robustness_benchmark_v4_factorial,yelpchi,r60_s2,0,3,heterophily_rewire_oracle,0.15,mlp,train_clean_eval_all,0.8033646619693403,0.442421243508313,0.6642026960679807,0.6678695678710938,0.0689327430009143,100,100,0.7883936613288132,roc_auc,max_epochs,45954,8051348,175.2045135498047,173.0,175.2045135498047,175.0,0.3428902924060821,0.1452974677085876,/kaggle/working/gfd-robustness-v4-factorial-r1/graphs/base/yelpchi/r60_s2/graph.bin,/kaggle/working/gfd-robustness-v4-factorial-r1/graphs/variants/yelpchi/r60_s2/heterophily_rewire_oracle/0.15/seed_0/graph.bin,/kaggle/working/gfd-robustness-v4-factorial-r1/graphs/base/yelpchi/r60_s2/graph.bin,ok,
gfd_robustness_benchmark_v4_factorial,yelpchi,r60_s2,0,3,heterophily_rewire_oracle,0.15,mlp,train_on_variant,0.8033646619693403,0.442421243508313,0.6642026960679807,0.6678695678710938,1.7494715139982873,100,100,0.7883936613288132,roc_auc,max_epochs,45954,8051348,175.2045135498047,173.0,175.2045135498047,175.0,0.3428902924060821,0.1452974677085876,/kaggle/working/gfd-robustness-v4-factorial-r1/graphs/base/yelpchi/r60_s2/graph.bin,/kaggle/working/gfd-robustness-v4-factorial-r1/graphs/variants/yelpchi/r60_s2/heterophily_rewire_oracle/0.15/seed_0/graph.bin,/kaggle/working/gfd-robustness-v4-factorial-r1/graphs/variants/yelpchi/r60_s2/heterophily_rewire_oracle/0.15/seed_0/graph.bin,ok,
gfd_robustness_benchmark_v4_factorial,yelpchi,r60_s2,0,3,heterophily_rewire_oracle,0.15,pmp,train_clean_eval_all,0.7814930538617266,0.4238658257344029,0.6537952026392532,0.2736212313175201,0.2994263069995213,69,59,0.8491953168024374,roc_auc,early_stopping,45954,8051348,175.2045135498047,173.0,175.2045135498047,175.0,0.3428902924060821,0.1452974677085876,/kaggle/working/gfd-robustness-v4-factorial-r1/graphs/base/yelpchi/r60_s2/graph.bin,/kaggle/working/gfd-robustness-v4-factorial-r1/graphs/variants/yelpchi/r60_s2/heterophily_rewire_oracle/0.15/seed_0/graph.bin,/kaggle/working/gfd-robustness-v4-factorial-r1/graphs/base/yelpchi/r60_s2/graph.bin,ok,
gfd_robustness_benchmark_v4_factorial,yelpchi,r60_s2,0,3,heterophily_rewire_oracle,0.15,pmp,train_on_variant,0.8885529920301962,0.6169020709387278,0.7509651837944807,0.3116544187068939,51.97542623700065,67,57,0.8899237824139304,roc_auc,early_stopping,45954,8051348,175.2045135498047,173.0,175.2045135498047,175.0,0.3428902924060821,0.1452974677085876,/kaggle/working/gfd-robustness-v4-factorial-r1/graphs/base/yelpchi/r60_s2/graph.bin,/kaggle/working/gfd-robustness-v4-factorial-r1/graphs/variants/yelpchi/r60_s2/heterophily_rewire_oracle/0.15/seed_0/graph.bin,/kaggle/working/gfd-robustness-v4-factorial-r1/graphs/variants/yelpchi/r60_s2/heterophily_rewire_oracle/0.15/seed_0/graph.bin,ok,
gfd_robustness_benchmark_v4_factorial,yelpchi,r60_s2,0,3,heterophily_rewire_oracle,0.15,sage,train_clean_eval_all,0.7778674448455432,0.4152708879821307,0.6489554696705474,0.6763745546340942,0.1005336320013157,100,100,0.7781531837590027,roc_auc,max_epochs,45954,8051348,175.2045135498047,173.0,175.2045135498047,175.0,0.3428902924060821,0.1452974677085876,/kaggle/working/gfd-robustness-v4-factorial-r1/graphs/base/yelpchi/r60_s2/graph.bin,/kaggle/working/gfd-robustness-v4-factorial-r1/graphs/variants/yelpchi/r60_s2/heterophily_rewire_oracle/0.15/seed_0/graph.bin,/kaggle/working/gfd-robustness-v4-factorial-r1/graphs/base/yelpchi/r60_s2/graph.bin,ok,
gfd_robustness_benchmark_v4_factorial,yelpchi,r60_s2,0,3,heterophily_rewire_oracle,0.15,sage,train_on_variant,0.8610918120480018,0.5522454436725541,0.7207006324764749,0.6975762248039246,3.1135277139983373,100,99,0.8511671518177072,roc_auc,max_epochs,45954,8051348,175.2045135498047,173.0,175.2045135498047,175.0,0.3428902924060821,0.1452974677085876,/kaggle/working/gfd-robustness-v4-factorial-r1/graphs/base/yelpchi/r60_s2/graph.bin,/kaggle/working/gfd-robustness-v4-factorial-r1/graphs/variants/yelpchi/r60_s2/heterophily_rewire_oracle/0.15/seed_0/graph.bin,/kaggle/working/gfd-robustness-v4-factorial-r1/graphs/variants/yelpchi/r60_s2/heterophily_rewire_oracle/0.15/seed_0/graph.bin,ok,
gfd_robustness_benchmark_v4_factorial,yelpchi,r60_s2,0,3,heterophily_rewire_oracle,0.15,secgfd,train_clean_eval_all,0.6620045931558471,0.2504534679278878,0.5637872357734601,0.6787847280502319,0.169995652999205,50,50,0.7989556498043899,roc_auc,max_epochs,45954,8051348,175.2045135498047,173.0,175.2045135498047,175.0,0.3428902924060821,0.1452974677085876,/kaggle/working/gfd-robustness-v4-factorial-r1/graphs/base/yelpchi/r60_s2/graph.bin,/kaggle/working/gfd-robustness-v4-factorial-r1/graphs/variants/yelpchi/r60_s2/heterophily_rewire_oracle/0.15/seed_0/graph.bin,/kaggle/working/gfd-robustness-v4-factorial-r1/graphs/base/yelpchi/r60_s2/graph.bin,ok,
gfd_robustness_benchmark_v4_factorial,yelpchi,r60_s2,0,3,heterophily_rewire_oracle,0.15,secgfd,train_on_variant,0.9995792528994965,0.9979751221769328,0.98848556725945,0.9327007532119752,4.664320874999248,50,48,0.9997148694621856,roc_auc,max_epochs,45954,8051348,175.2045135498047,173.0,175.2045135498047,175.0,0.3428902924060821,0.1452974677085876,/kaggle/working/gfd-robustness-v4-factorial-r1/graphs/base/yelpchi/r60_s2/graph.bin,/kaggle/working/gfd-robustness-v4-factorial-r1/graphs/variants/yelpchi/r60_s2/heterophily_rewire_oracle/0.15/seed_0/graph.bin,/kaggle/working/gfd-robustness-v4-factorial-r1/graphs/variants/yelpchi/r60_s2/heterophily_rewire_oracle/0.15/seed_0/graph.bin,ok,
gfd_robustness_benchmark_v4_factorial,yelpchi,r60_s2,0,4,heterophily_rewire_oracle,0.15,mlp,train_clean_eval_all,0.8016106915496909,0.4485908504844914,0.6622104135282587,0.6817144751548767,0.0855253209992952,100,100,0.7873558433879992,roc_auc,max_epochs,45954,8051348,175.2045135498047,173.0,175.2045135498047,175.0,0.3428902924060821,0.1452974677085876,/kaggle/working/gfd-robustness-v4-factorial-r1/graphs/base/yelpchi/r60_s2/graph.bin,/kaggle/working/gfd-robustness-v4-factorial-r1/graphs/variants/yelpchi/r60_s2/heterophily_rewire_oracle/0.15/seed_0/graph.bin,/kaggle/working/gfd-robustness-v4-factorial-r1/graphs/base/yelpchi/r60_s2/graph.bin,ok,
gfd_robustness_benchmark_v4_factorial,yelpchi,r60_s2,0,4,heterophily_rewire_oracle,0.15,mlp,train_on_variant,0.8016106915496909,0.4485908504844914,0.6622104135282587,0.6817144751548767,1.7279795780013956,100,100,0.7873558433879992,roc_auc,max_epochs,45954,8051348,175.2045135498047,173.0,175.2045135498047,175.0,0.3428902924060821,0.1452974677085876,/kaggle/working/gfd-robustness-v4-factorial-r1/graphs/base/yelpchi/r60_s2/graph.bin,/kaggle/working/gfd-robustness-v4-factorial-r1/graphs/variants/yelpchi/r60_s2/heterophily_rewire_oracle/0.15/seed_0/graph.bin,/kaggle/working/gfd-robustness-v4-factorial-r1/graphs/variants/yelpchi/r60_s2/heterophily_rewire_oracle/0.15/seed_0/graph.bin,ok,
gfd_robustness_benchmark_v4_factorial,yelpchi,r60_s2,0,4,heterophily_rewire_oracle,0.15,pmp,train_clean_eval_all,0.8141948504975792,0.4769908787944253,0.6821906931052584,0.2757417559623718,0.3292276719985239,76,66,0.8606669098381956,roc_auc,early_stopping,45954,8051348,175.2045135498047,173.0,175.2045135498047,175.0,0.3428902924060821,0.1452974677085876,/kaggle/working/gfd-robustness-v4-factorial-r1/graphs/base/yelpchi/r60_s2/graph.bin,/kaggle/working/gfd-robustness-v4-factorial-r1/graphs/variants/yelpchi/r60_s2/heterophily_rewire_oracle/0.15/seed_0/graph.bin,/kaggle/working/gfd-robustness-v4-factorial-r1/graphs/base/yelpchi/r60_s2/graph.bin,ok,
gfd_robustness_benchmark_v4_factorial,yelpchi,r60_s2,0,4,heterophily_rewire_oracle,0.15,pmp,train_on_variant,0.8866954545593132,0.614593377767703,0.7535499866795587,0.2159342616796493,55.67412790199887,71,61,0.8862352040852817,roc_auc,early_stopping,45954,8051348,175.2045135498047,173.0,175.2045135498047,175.0,0.3428902924060821,0.1452974677085876,/kaggle/working/gfd-robustness-v4-factorial-r1/graphs/base/yelpchi/r60_s2/graph.bin,/kaggle/working/gfd-robustness-v4-factorial-r1/graphs/variants/yelpchi/r60_s2/heterophily_rewire_oracle/0.15/seed_0/graph.bin,/kaggle/working/gfd-robustness-v4-factorial-r1/graphs/variants/yelpchi/r60_s2/heterophily_rewire_oracle/0.15/seed_0/graph.bin,ok,
gfd_robustness_benchmark_v4_factorial,yelpchi,r60_s2,0,4,heterophily_rewire_oracle,0.15,sage,train_clean_eval_all,0.7869664820054392,0.4257641121484592,0.6565764316504461,0.695338249206543,0.1048457949982548,100,100,0.7833725030217639,roc_auc,max_epochs,45954,8051348,175.2045135498047,173.0,175.2045135498047,175.0,0.3428902924060821,0.1452974677085876,/kaggle/working/gfd-robustness-v4-factorial-r1/graphs/base/yelpchi/r60_s2/graph.bin,/kaggle/working/gfd-robustness-v4-factorial-r1/graphs/variants/yelpchi/r60_s2/heterophily_rewire_oracle/0.15/seed_0/graph.bin,/kaggle/working/gfd-robustness-v4-factorial-r1/graphs/base/yelpchi/r60_s2/graph.bin,ok,
gfd_robustness_benchmark_v4_factorial,yelpchi,r60_s2,0,4,heterophily_rewire_oracle,0.15,sage,train_on_variant,0.8580904636755003,0.534667319649864,0.7157248616577623,0.6680278778076172,3.3031068929994944,100,100,0.8482399864586835,roc_auc,max_epochs,45954,8051348,175.2045135498047,173.0,175.2045135498047,175.0,0.3428902924060821,0.1452974677085876,/kaggle/working/gfd-robustness-v4-factorial-r1/graphs/base/yelpchi/r60_s2/graph.bin,/kaggle/working/gfd-robustness-v4-factorial-r1/graphs/variants/yelpchi/r60_s2/heterophily_rewire_oracle/0.15/seed_0/graph.bin,/kaggle/working/gfd-robustness-v4-factorial-r1/graphs/variants/yelpchi/r60_s2/heterophily_rewire_oracle/0.15/seed_0/graph.bin,ok,
gfd_robustness_benchmark_v4_factorial,yelpchi,r60_s2,0,4,heterophily_rewire_oracle,0.15,secgfd,train_clean_eval_all,0.6485147703574521,0.2079780225832369,0.5382366100140027,0.7039106488227844,0.1409678480013099,50,50,0.786382585104075,roc_auc,max_epochs,45954,8051348,175.2045135498047,173.0,175.2045135498047,175.0,0.3428902924060821,0.1452974677085876,/kaggle/working/gfd-robustness-v4-factorial-r1/graphs/base/yelpchi/r60_s2/graph.bin,/kaggle/working/gfd-robustness-v4-factorial-r1/graphs/variants/yelpchi/r60_s2/heterophily_rewire_oracle/0.15/seed_0/graph.bin,/kaggle/working/gfd-robustness-v4-factorial-r1/graphs/base/yelpchi/r60_s2/graph.bin,ok,
gfd_robustness_benchmark_v4_factorial,yelpchi,r60_s2,0,4,heterophily_rewire_oracle,0.15,secgfd,train_on_variant,0.9995448575862532,0.9978912474513504,0.9893847006651884,0.930000364780426,4.7017209609985,50,50,0.9997471016099384,roc_auc,max_epochs,45954,8051348,175.2045135498047,173.0,175.2045135498047,175.0,0.3428902924060821,0.1452974677085876,/kaggle/working/gfd-robustness-v4-factorial-r1/graphs/base/yelpchi/r60_s2/graph.bin,/kaggle/working/gfd-robustness-v4-factorial-r1/graphs/variants/yelpchi/r60_s2/heterophily_rewire_oracle/0.15/seed_0/graph.bin,/kaggle/working/gfd-robustness-v4-factorial-r1/graphs/variants/yelpchi/r60_s2/heterophily_rewire_oracle/0.15/seed_0/graph.bin,ok,
gfd_robustness_benchmark_v4_factorial,yelpchi,r60_s2,1,0,heterophily_rewire_oracle,0.15,mlp,train_clean_eval_all,0.8100983305791676,0.4587374752549941,0.6746461063940257,0.6971318125724792,0.0661182369985908,100,100,0.7956221495886349,roc_auc,max_epochs,45954,8051348,175.2045135498047,173.0,175.2045135498047,175.0,0.3429500162601471,0.1452974677085876,/kaggle/working/gfd-robustness-v4-factorial-r1/graphs/base/yelpchi/r60_s2/graph.bin,/kaggle/working/gfd-robustness-v4-factorial-r1/graphs/variants/yelpchi/r60_s2/heterophily_rewire_oracle/0.15/seed_1/graph.bin,/kaggle/working/gfd-robustness-v4-factorial-r1/graphs/base/yelpchi/r60_s2/graph.bin,ok,
gfd_robustness_benchmark_v4_factorial,yelpchi,r60_s2,1,0,heterophily_rewire_oracle,0.15,mlp,train_on_variant,0.8100983305791676,0.4587374752549941,0.6746461063940257,0.6971318125724792,1.6044318420026684,100,100,0.7956221495886349,roc_auc,max_epochs,45954,8051348,175.2045135498047,173.0,175.2045135498047,175.0,0.3429500162601471,0.1452974677085876,/kaggle/working/gfd-robustness-v4-factorial-r1/graphs/base/yelpchi/r60_s2/graph.bin,/kaggle/working/gfd-robustness-v4-factorial-r1/graphs/variants/yelpchi/r60_s2/heterophily_rewire_oracle/0.15/seed_1/graph.bin,/kaggle/working/gfd-robustness-v4-factorial-r1/graphs/variants/yelpchi/r60_s2/heterophily_rewire_oracle/0.15/seed_1/graph.bin,ok,
gfd_robustness_benchmark_v4_factorial,yelpchi,r60_s2,1,0,heterophily_rewire_oracle,0.15,pmp,train_clean_eval_all,0.7926108386587314,0.4283430722039063,0.6595649443182204,0.2557673752307892,0.3167585250012052,55,45,0.8496737448653855,roc_auc,early_stopping,45954,8051348,175.2045135498047,173.0,175.2045135498047,175.0,0.3429500162601471,0.1452974677085876,/kaggle/working/gfd-robustness-v4-factorial-r1/graphs/base/yelpchi/r60_s2/graph.bin,/kaggle/working/gfd-robustness-v4-factorial-r1/graphs/variants/yelpchi/r60_s2/heterophily_rewire_oracle/0.15/seed_1/graph.bin,/kaggle/working/gfd-robustness-v4-factorial-r1/graphs/base/yelpchi/r60_s2/graph.bin,ok,
gfd_robustness_benchmark_v4_factorial,yelpchi,r60_s2,1,0,heterophily_rewire_oracle,0.15,pmp,train_on_variant,0.8965332763698672,0.6469157069946155,0.7644801887137269,0.3898901641368866,63.37022763800269,78,68,0.8915440200068183,roc_auc,early_stopping,45954,8051348,175.2045135498047,173.0,175.2045135498047,175.0,0.3429500162601471,0.1452974677085876,/kaggle/working/gfd-robustness-v4-factorial-r1/graphs/base/yelpchi/r60_s2/graph.bin,/kaggle/working/gfd-robustness-v4-factorial-r1/graphs/variants/yelpchi/r60_s2/heterophily_rewire_oracle/0.15/seed_1/graph.bin,/kaggle/working/gfd-robustness-v4-factorial-r1/graphs/variants/yelpchi/r60_s2/heterophily_rewire_oracle/0.15/seed_1/graph.bin,ok,
gfd_robustness_benchmark_v4_factorial,yelpchi,r60_s2,1,0,heterophily_rewire_oracle,0.15,sage,train_clean_eval_all,0.7920751864397478,0.4340446305779057,0.6571808352647279,0.6634995937347412,0.1067940000029921,100,100,0.7932715868372682,roc_auc,max_epochs,45954,8051348,175.2045135498047,173.0,175.2045135498047,175.0,0.3429500162601471,0.1452974677085876,/kaggle/working/gfd-robustness-v4-factorial-r1/graphs/base/yelpchi/r60_s2/graph.bin,/kaggle/working/gfd-robustness-v4-factorial-r1/graphs/variants/yelpchi/r60_s2/heterophily_rewire_oracle/0.15/seed_1/graph.bin,/kaggle/working/gfd-robustness-v4-factorial-r1/graphs/base/yelpchi/r60_s2/graph.bin,ok,
gfd_robustness_benchmark_v4_factorial,yelpchi,r60_s2,1,0,heterophily_rewire_oracle,0.15,sage,train_on_variant,0.8484592043001573,0.5218711022252779,0.7043740888690405,0.6791197061538696,3.263025440999627,100,100,0.8378967093170456,roc_auc,max_epochs,45954,8051348,175.2045135498047,173.0,175.2045135498047,175.0,0.3429500162601471,0.1452974677085876,/kaggle/working/gfd-robustness-v4-factorial-r1/graphs/base/yelpchi/r60_s2/graph.bin,/kaggle/working/gfd-robustness-v4-factorial-r1/graphs/variants/yelpchi/r60_s2/heterophily_rewire_oracle/0.15/seed_1/graph.bin,/kaggle/working/gfd-robustness-v4-factorial-r1/graphs/variants/yelpchi/r60_s2/heterophily_rewire_oracle/0.15/seed_1/graph.bin,ok,
gfd_robustness_benchmark_v4_factorial,yelpchi,r60_s2,1,0,heterophily_rewire_oracle,0.15,secgfd,train_clean_eval_all,0.714440581667622,0.3109605042625933,0.597660756125907,0.6121960878372192,0.1404033469989372,50,50,0.8036778501729617,roc_auc,max_epochs,45954,8051348,175.2045135498047,173.0,175.2045135498047,175.0,0.3429500162601471,0.1452974677085876,/kaggle/working/gfd-robustness-v4-factorial-r1/graphs/base/yelpchi/r60_s2/graph.bin,/kaggle/working/gfd-robustness-v4-factorial-r1/graphs/variants/yelpchi/r60_s2/heterophily_rewire_oracle/0.15/seed_1/graph.bin,/kaggle/working/gfd-robustness-v4-factorial-r1/graphs/base/yelpchi/r60_s2/graph.bin,ok,
gfd_robustness_benchmark_v4_factorial,yelpchi,r60_s2,1,0,heterophily_rewire_oracle,0.15,secgfd,train_on_variant,0.9990201623230118,0.9972048569506076,0.991664413113076,0.6930926442146301,3.8723072740031057,41,31,0.9997204957838348,roc_auc,early_stopping,45954,8051348,175.2045135498047,173.0,175.2045135498047,175.0,0.3429500162601471,0.1452974677085876,/kaggle/working/gfd-robustness-v4-factorial-r1/graphs/base/yelpchi/r60_s2/graph.bin,/kaggle/working/gfd-robustness-v4-factorial-r1/graphs/variants/yelpchi/r60_s2/heterophily_rewire_oracle/0.15/seed_1/graph.bin,/kaggle/working/gfd-robustness-v4-factorial-r1/graphs/variants/yelpchi/r60_s2/heterophily_rewire_oracle/0.15/seed_1/graph.bin,ok,
gfd_robustness_benchmark_v4_factorial,yelpchi,r60_s2,1,1,heterophily_rewire_oracle,0.15,mlp,train_clean_eval_all,0.8014226606613657,0.4473605327471914,0.6604104662698413,0.655698835849762,0.0958269670009031,100,100,0.7890084561707159,roc_auc,max_epochs,45954,8051348,175.2045135498047,173.0,175.2045135498047,175.0,0.3429500162601471,0.1452974677085876,/kaggle/working/gfd-robustness-v4-factorial-r1/graphs/base/yelpchi/r60_s2/graph.bin,/kaggle/working/gfd-robustness-v4-factorial-r1/graphs/variants/yelpchi/r60_s2/heterophily_rewire_oracle/0.15/seed_1/graph.bin,/kaggle/working/gfd-robustness-v4-factorial-r1/graphs/base/yelpchi/r60_s2/graph.bin,ok,
gfd_robustness_benchmark_v4_factorial,yelpchi,r60_s2,1,1,heterophily_rewire_oracle,0.15,mlp,train_on_variant,0.8014226606613657,0.4473605327471914,0.6604104662698413,0.655698835849762,1.6593961530015804,100,100,0.7890084561707159,roc_auc,max_epochs,45954,8051348,175.2045135498047,173.0,175.2045135498047,175.0,0.3429500162601471,0.1452974677085876,/kaggle/working/gfd-robustness-v4-factorial-r1/graphs/base/yelpchi/r60_s2/graph.bin,/kaggle/working/gfd-robustness-v4-factorial-r1/graphs/variants/yelpchi/r60_s2/heterophily_rewire_oracle/0.15/seed_1/graph.bin,/kaggle/working/gfd-robustness-v4-factorial-r1/graphs/variants/yelpchi/r60_s2/heterophily_rewire_oracle/0.15/seed_1/graph.bin,ok,
gfd_robustness_benchmark_v4_factorial,yelpchi,r60_s2,1,1,heterophily_rewire_oracle,0.15,pmp,train_clean_eval_all,0.8029817401856165,0.454516822361285,0.6663008625919856,0.4313299655914306,0.4306985240000358,59,49,0.8501764424005321,roc_auc,early_stopping,45954,8051348,175.2045135498047,173.0,175.2045135498047,175.0,0.3429500162601471,0.1452974677085876,/kaggle/working/gfd-robustness-v4-factorial-r1/graphs/base/yelpchi/r60_s2/graph.bin,/kaggle/working/gfd-robustness-v4-factorial-r1/graphs/variants/yelpchi/r60_s2/heterophily_rewire_oracle/0.15/seed_1/graph.bin,/kaggle/working/gfd-robustness-v4-factorial-r1/graphs/base/yelpchi/r60_s2/graph.bin,ok,
gfd_robustness_benchmark_v4_factorial,yelpchi,r60_s2,1,1,heterophily_rewire_oracle,0.15,pmp,train_on_variant,0.8885499431381636,0.6301373002394209,0.7533106526349509,0.286905437707901,55.89908331699917,68,58,0.8909092946356838,roc_auc,early_stopping,45954,8051348,175.2045135498047,173.0,175.2045135498047,175.0,0.3429500162601471,0.1452974677085876,/kaggle/working/gfd-robustness-v4-factorial-r1/graphs/base/yelpchi/r60_s2/graph.bin,/kaggle/working/gfd-robustness-v4-factorial-r1/graphs/variants/yelpchi/r60_s2/heterophily_rewire_oracle/0.15/seed_1/graph.bin,/kaggle/working/gfd-robustness-v4-factorial-r1/graphs/variants/yelpchi/r60_s2/heterophily_rewire_oracle/0.15/seed_1/graph.bin,ok,
gfd_robustness_benchmark_v4_factorial,yelpchi,r60_s2,1,1,heterophily_rewire_oracle,0.15,sage,train_clean_eval_all,0.6260654924875301,0.2057846263299454,0.5496102743512851,0.2929745614528656,0.127025998001045,23,13,0.6051568098756249,roc_auc,early_stopping,45954,8051348,175.2045135498047,173.0,175.2045135498047,175.0,0.3429500162601471,0.1452974677085876,/kaggle/working/gfd-robustness-v4-factorial-r1/graphs/base/yelpchi/r60_s2/graph.bin,/kaggle/working/gfd-robustness-v4-factorial-r1/graphs/variants/yelpchi/r60_s2/heterophily_rewire_oracle/0.15/seed_1/graph.bin,/kaggle/working/gfd-robustness-v4-factorial-r1/graphs/base/yelpchi/r60_s2/graph.bin,ok,
gfd_robustness_benchmark_v4_factorial,yelpchi,r60_s2,1,1,heterophily_rewire_oracle,0.15,sage,train_on_variant,0.8344246302456187,0.4957275990103897,0.6865329845161144,0.6684046983718872,3.275942100000975,100,100,0.8236996402491793,roc_auc,max_epochs,45954,8051348,175.2045135498047,173.0,175.2045135498047,175.0,0.3429500162601471,0.1452974677085876,/kaggle/working/gfd-robustness-v4-factorial-r1/graphs/base/yelpchi/r60_s2/graph.bin,/kaggle/working/gfd-robustness-v4-factorial-r1/graphs/variants/yelpchi/r60_s2/heterophily_rewire_oracle/0.15/seed_1/graph.bin,/kaggle/working/gfd-robustness-v4-factorial-r1/graphs/variants/yelpchi/r60_s2/heterophily_rewire_oracle/0.15/seed_1/graph.bin,ok,
gfd_robustness_benchmark_v4_factorial,yelpchi,r60_s2,1,1,heterophily_rewire_oracle,0.15,secgfd,train_clean_eval_all,0.6902227558630194,0.2942259006223074,0.5930717650660151,0.6578896045684814,0.1629818609981157,50,50,0.7875019370281101,roc_auc,max_epochs,45954,8051348,175.2045135498047,173.0,175.2045135498047,175.0,0.3429500162601471,0.1452974677085876,/kaggle/working/gfd-robustness-v4-factorial-r1/graphs/base/yelpchi/r60_s2/graph.bin,/kaggle/working/gfd-robustness-v4-factorial-r1/graphs/variants/yelpchi/r60_s2/heterophily_rewire_oracle/0.15/seed_1/graph.bin,/kaggle/working/gfd-robustness-v4-factorial-r1/graphs/base/yelpchi/r60_s2/graph.bin,ok,
gfd_robustness_benchmark_v4_factorial,yelpchi,r60_s2,1,1,heterophily_rewire_oracle,0.15,secgfd,train_on_variant,0.998809884050636,0.9974907194348196,0.9931593743676608,0.806218147277832,4.567186545998993,50,50,0.9998404604047614,roc_auc,max_epochs,45954,8051348,175.2045135498047,173.0,175.2045135498047,175.0,0.3429500162601471,0.1452974677085876,/kaggle/working/gfd-robustness-v4-factorial-r1/graphs/base/yelpchi/r60_s2/graph.bin,/kaggle/working/gfd-robustness-v4-factorial-r1/graphs/variants/yelpchi/r60_s2/heterophily_rewire_oracle/0.15/seed_1/graph.bin,/kaggle/working/gfd-robustness-v4-factorial-r1/graphs/variants/yelpchi/r60_s2/heterophily_rewire_oracle/0.15/seed_1/graph.bin,ok,
gfd_robustness_benchmark_v4_factorial,yelpchi,r60_s2,1,2,heterophily_rewire_oracle,0.15,mlp,train_clean_eval_all,0.8051940448278595,0.4504607236347623,0.6638554700899604,0.6557482481002808,0.0977187139978923,100,100,0.7907452730554025,roc_auc,max_epochs,45954,8051348,175.2045135498047,173.0,175.2045135498047,175.0,0.3429500162601471,0.1452974677085876,/kaggle/working/gfd-robustness-v4-factorial-r1/graphs/base/yelpchi/r60_s2/graph.bin,/kaggle/working/gfd-robustness-v4-factorial-r1/graphs/variants/yelpchi/r60_s2/heterophily_rewire_oracle/0.15/seed_1/graph.bin,/kaggle/working/gfd-robustness-v4-factorial-r1/graphs/base/yelpchi/r60_s2/graph.bin,ok,
gfd_robustness_benchmark_v4_factorial,yelpchi,r60_s2,1,2,heterophily_rewire_oracle,0.15,mlp,train_on_variant,0.8051940448278595,0.4504607236347623,0.6638554700899604,0.6557482481002808,1.60643458100094,100,100,0.7907452730554025,roc_auc,max_epochs,45954,8051348,175.2045135498047,173.0,175.2045135498047,175.0,0.3429500162601471,0.1452974677085876,/kaggle/working/gfd-robustness-v4-factorial-r1/graphs/base/yelpchi/r60_s2/graph.bin,/kaggle/working/gfd-robustness-v4-factorial-r1/graphs/variants/yelpchi/r60_s2/heterophily_rewire_oracle/0.15/seed_1/graph.bin,/kaggle/working/gfd-robustness-v4-factorial-r1/graphs/variants/yelpchi/r60_s2/heterophily_rewire_oracle/0.15/seed_1/graph.bin,ok,
gfd_robustness_benchmark_v4_factorial,yelpchi,r60_s2,1,2,heterophily_rewire_oracle,0.15,pmp,train_clean_eval_all,0.7885175581881044,0.4353041288873546,0.6717359061830783,0.1901807934045791,0.2913359779995517,40,30,0.8440517144784805,roc_auc,early_stopping,45954,8051348,175.2045135498047,173.0,175.2045135498047,175.0,0.3429500162601471,0.1452974677085876,/kaggle/working/gfd-robustness-v4-factorial-r1/graphs/base/yelpchi/r60_s2/graph.bin,/kaggle/working/gfd-robustness-v4-factorial-r1/graphs/variants/yelpchi/r60_s2/heterophily_rewire_oracle/0.15/seed_1/graph.bin,/kaggle/working/gfd-robustness-v4-factorial-r1/graphs/base/yelpchi/r60_s2/graph.bin,ok,
gfd_robustness_benchmark_v4_factorial,yelpchi,r60_s2,1,2,heterophily_rewire_oracle,0.15,pmp,train_on_variant,0.8874416708843006,0.6174503668245968,0.7467737206389451,0.2893981337547302,48.26502169200103,61,51,0.8869966170549067,roc_auc,early_stopping,45954,8051348,175.2045135498047,173.0,175.2045135498047,175.0,0.3429500162601471,0.1452974677085876,/kaggle/working/gfd-robustness-v4-factorial-r1/graphs/base/yelpchi/r60_s2/graph.bin,/kaggle/working/gfd-robustness-v4-factorial-r1/graphs/variants/yelpchi/r60_s2/heterophily_rewire_oracle/0.15/seed_1/graph.bin,/kaggle/working/gfd-robustness-v4-factorial-r1/graphs/variants/yelpchi/r60_s2/heterophily_rewire_oracle/0.15/seed_1/graph.bin,ok,
gfd_robustness_benchmark_v4_factorial,yelpchi,r60_s2,1,2,heterophily_rewire_oracle,0.15,sage,train_clean_eval_all,0.787589218203105,0.4273153321240238,0.6559819939237546,0.6589797139167786,0.1442739069971139,100,100,0.7880997098629895,roc_auc,max_epochs,45954,8051348,175.2045135498047,173.0,175.2045135498047,175.0,0.3429500162601471,0.1452974677085876,/kaggle/working/gfd-robustness-v4-factorial-r1/graphs/base/yelpchi/r60_s2/graph.bin,/kaggle/working/gfd-robustness-v4-factorial-r1/graphs/variants/yelpchi/r60_s2/heterophily_rewire_oracle/0.15/seed_1/graph.bin,/kaggle/working/gfd-robustness-v4-factorial-r1/graphs/base/yelpchi/r60_s2/graph.bin,ok,
gfd_robustness_benchmark_v4_factorial,yelpchi,r60_s2,1,2,heterophily_rewire_oracle,0.15,sage,train_on_variant,0.8574849727733942,0.5442318510399262,0.7084287924339664,0.7027433514595032,3.3002488050005923,100,100,0.8465778375375783,roc_auc,max_epochs,45954,8051348,175.2045135498047,173.0,175.2045135498047,175.0,0.3429500162601471,0.1452974677085876,/kaggle/working/gfd-robustness-v4-factorial-r1/graphs/base/yelpchi/r60_s2/graph.bin,/kaggle/working/gfd-robustness-v4-factorial-r1/graphs/variants/yelpchi/r60_s2/heterophily_rewire_oracle/0.15/seed_1/graph.bin,/kaggle/working/gfd-robustness-v4-factorial-r1/graphs/variants/yelpchi/r60_s2/heterophily_rewire_oracle/0.15/seed_1/graph.bin,ok,
gfd_robustness_benchmark_v4_factorial,yelpchi,r60_s2,1,2,heterophily_rewire_oracle,0.15,secgfd,train_clean_eval_all,0.7046260076588168,0.3111884813842512,0.5892682858567695,0.7028029561042786,0.1633074949968431,50,46,0.8013154149293015,roc_auc,max_epochs,45954,8051348,175.2045135498047,173.0,175.2045135498047,175.0,0.3429500162601471,0.1452974677085876,/kaggle/working/gfd-robustness-v4-factorial-r1/graphs/base/yelpchi/r60_s2/graph.bin,/kaggle/working/gfd-robustness-v4-factorial-r1/graphs/variants/yelpchi/r60_s2/heterophily_rewire_oracle/0.15/seed_1/graph.bin,/kaggle/working/gfd-robustness-v4-factorial-r1/graphs/base/yelpchi/r60_s2/graph.bin,ok,
gfd_robustness_benchmark_v4_factorial,yelpchi,r60_s2,1,2,heterophily_rewire_oracle,0.15,secgfd,train_on_variant,0.9881614857098432,0.968471230515196,0.9585197742108268,0.5424509048461914,1.3008341529966856,12,2,0.992803267081012,roc_auc,early_stopping,45954,8051348,175.2045135498047,173.0,175.2045135498047,175.0,0.3429500162601471,0.1452974677085876,/kaggle/working/gfd-robustness-v4-factorial-r1/graphs/base/yelpchi/r60_s2/graph.bin,/kaggle/working/gfd-robustness-v4-factorial-r1/graphs/variants/yelpchi/r60_s2/heterophily_rewire_oracle/0.15/seed_1/graph.bin,/kaggle/working/gfd-robustness-v4-factorial-r1/graphs/variants/yelpchi/r60_s2/heterophily_rewire_oracle/0.15/seed_1/graph.bin,ok,
gfd_robustness_benchmark_v4_factorial,yelpchi,r60_s2,1,3,heterophily_rewire_oracle,0.15,mlp,train_clean_eval_all,0.8033646619693403,0.442421243508313,0.6642026960679807,0.6678695678710938,0.0750320170009217,100,100,0.7883936613288132,roc_auc,max_epochs,45954,8051348,175.2045135498047,173.0,175.2045135498047,175.0,0.3429500162601471,0.1452974677085876,/kaggle/working/gfd-robustness-v4-factorial-r1/graphs/base/yelpchi/r60_s2/graph.bin,/kaggle/working/gfd-robustness-v4-factorial-r1/graphs/variants/yelpchi/r60_s2/heterophily_rewire_oracle/0.15/seed_1/graph.bin,/kaggle/working/gfd-robustness-v4-factorial-r1/graphs/base/yelpchi/r60_s2/graph.bin,ok,
gfd_robustness_benchmark_v4_factorial,yelpchi,r60_s2,1,3,heterophily_rewire_oracle,0.15,mlp,train_on_variant,0.8033646619693403,0.442421243508313,0.6642026960679807,0.6678695678710938,1.9170588390006744,100,100,0.7883936613288132,roc_auc,max_epochs,45954,8051348,175.2045135498047,173.0,175.2045135498047,175.0,0.3429500162601471,0.1452974677085876,/kaggle/working/gfd-robustness-v4-factorial-r1/graphs/base/yelpchi/r60_s2/graph.bin,/kaggle/working/gfd-robustness-v4-factorial-r1/graphs/variants/yelpchi/r60_s2/heterophily_rewire_oracle/0.15/seed_1/graph.bin,/kaggle/working/gfd-robustness-v4-factorial-r1/graphs/variants/yelpchi/r60_s2/heterophily_rewire_oracle/0.15/seed_1/graph.bin,ok,
gfd_robustness_benchmark_v4_factorial,yelpchi,r60_s2,1,3,heterophily_rewire_oracle,0.15,pmp,train_clean_eval_all,0.7808875629596205,0.4254261732148214,0.6554309834674643,0.2736212313175201,0.2956079639989184,69,59,0.8491953168024374,roc_auc,early_stopping,45954,8051348,175.2045135498047,173.0,175.2045135498047,175.0,0.3429500162601471,0.1452974677085876,/kaggle/working/gfd-robustness-v4-factorial-r1/graphs/base/yelpchi/r60_s2/graph.bin,/kaggle/working/gfd-robustness-v4-factorial-r1/graphs/variants/yelpchi/r60_s2/heterophily_rewire_oracle/0.15/seed_1/graph.bin,/kaggle/working/gfd-robustness-v4-factorial-r1/graphs/base/yelpchi/r60_s2/graph.bin,ok,
gfd_robustness_benchmark_v4_factorial,yelpchi,r60_s2,1,3,heterophily_rewire_oracle,0.15,pmp,train_on_variant,0.8890209969572057,0.6267502713146809,0.7528346830119458,0.42194664478302,49.09855576600239,62,52,0.89017491661839,roc_auc,early_stopping,45954,8051348,175.2045135498047,173.0,175.2045135498047,175.0,0.3429500162601471,0.1452974677085876,/kaggle/working/gfd-robustness-v4-factorial-r1/graphs/base/yelpchi/r60_s2/graph.bin,/kaggle/working/gfd-robustness-v4-factorial-r1/graphs/variants/yelpchi/r60_s2/heterophily_rewire_oracle/0.15/seed_1/graph.bin,/kaggle/working/gfd-robustness-v4-factorial-r1/graphs/variants/yelpchi/r60_s2/heterophily_rewire_oracle/0.15/seed_1/graph.bin,ok,
gfd_robustness_benchmark_v4_factorial,yelpchi,r60_s2,1,3,heterophily_rewire_oracle,0.15,sage,train_clean_eval_all,0.7780123624949693,0.4148863681057217,0.6504760141959263,0.6763745546340942,0.1045085360019584,100,100,0.7781531837590027,roc_auc,max_epochs,45954,8051348,175.2045135498047,173.0,175.2045135498047,175.0,0.3429500162601471,0.1452974677085876,/kaggle/working/gfd-robustness-v4-factorial-r1/graphs/base/yelpchi/r60_s2/graph.bin,/kaggle/working/gfd-robustness-v4-factorial-r1/graphs/variants/yelpchi/r60_s2/heterophily_rewire_oracle/0.15/seed_1/graph.bin,/kaggle/working/gfd-robustness-v4-factorial-r1/graphs/base/yelpchi/r60_s2/graph.bin,ok,
gfd_robustness_benchmark_v4_factorial,yelpchi,r60_s2,1,3,heterophily_rewire_oracle,0.15,sage,train_on_variant,0.86724471436455,0.567468898462343,0.7255842151675485,0.7084352970123291,3.440636433999316,100,100,0.857676090755429,roc_auc,max_epochs,45954,8051348,175.2045135498047,173.0,175.2045135498047,175.0,0.3429500162601471,0.1452974677085876,/kaggle/working/gfd-robustness-v4-factorial-r1/graphs/base/yelpchi/r60_s2/graph.bin,/kaggle/working/gfd-robustness-v4-factorial-r1/graphs/variants/yelpchi/r60_s2/heterophily_rewire_oracle/0.15/seed_1/graph.bin,/kaggle/working/gfd-robustness-v4-factorial-r1/graphs/variants/yelpchi/r60_s2/heterophily_rewire_oracle/0.15/seed_1/graph.bin,ok,
gfd_robustness_benchmark_v4_factorial,yelpchi,r60_s2,1,3,heterophily_rewire_oracle,0.15,secgfd,train_clean_eval_all,0.6620979654743466,0.2483028463136971,0.5624518905768482,0.6787847280502319,0.1640096730006917,50,50,0.7989556498043899,roc_auc,max_epochs,45954,8051348,175.2045135498047,173.0,175.2045135498047,175.0,0.3429500162601471,0.1452974677085876,/kaggle/working/gfd-robustness-v4-factorial-r1/graphs/base/yelpchi/r60_s2/graph.bin,/kaggle/working/gfd-robustness-v4-factorial-r1/graphs/variants/yelpchi/r60_s2/heterophily_rewire_oracle/0.15/seed_1/graph.bin,/kaggle/working/gfd-robustness-v4-factorial-r1/graphs/base/yelpchi/r60_s2/graph.bin,ok,
gfd_robustness_benchmark_v4_factorial,yelpchi,r60_s2,1,3,heterophily_rewire_oracle,0.15,secgfd,train_on_variant,0.9990720887654426,0.9971155773199012,0.9905410913761216,0.8004527688026428,3.608751457999461,37,27,0.999704570432726,roc_auc,early_stopping,45954,8051348,175.2045135498047,173.0,175.2045135498047,175.0,0.3429500162601471,0.1452974677085876,/kaggle/working/gfd-robustness-v4-factorial-r1/graphs/base/yelpchi/r60_s2/graph.bin,/kaggle/working/gfd-robustness-v4-factorial-r1/graphs/variants/yelpchi/r60_s2/heterophily_rewire_oracle/0.15/seed_1/graph.bin,/kaggle/working/gfd-robustness-v4-factorial-r1/graphs/variants/yelpchi/r60_s2/heterophily_rewire_oracle/0.15/seed_1/graph.bin,ok,
gfd_robustness_benchmark_v4_factorial,yelpchi,r60_s2,1,4,heterophily_rewire_oracle,0.15,mlp,train_clean_eval_all,0.8016106915496909,0.4485908504844914,0.6622104135282587,0.6817144751548767,0.0956991899984132,100,100,0.7873558433879992,roc_auc,max_epochs,45954,8051348,175.2045135498047,173.0,175.2045135498047,175.0,0.3429500162601471,0.1452974677085876,/kaggle/working/gfd-robustness-v4-factorial-r1/graphs/base/yelpchi/r60_s2/graph.bin,/kaggle/working/gfd-robustness-v4-factorial-r1/graphs/variants/yelpchi/r60_s2/heterophily_rewire_oracle/0.15/seed_1/graph.bin,/kaggle/working/gfd-robustness-v4-factorial-r1/graphs/base/yelpchi/r60_s2/graph.bin,ok,
gfd_robustness_benchmark_v4_factorial,yelpchi,r60_s2,1,4,heterophily_rewire_oracle,0.15,mlp,train_on_variant,0.8016106915496909,0.4485908504844914,0.6622104135282587,0.6817144751548767,2.026639121999324,100,100,0.7873558433879992,roc_auc,max_epochs,45954,8051348,175.2045135498047,173.0,175.2045135498047,175.0,0.3429500162601471,0.1452974677085876,/kaggle/working/gfd-robustness-v4-factorial-r1/graphs/base/yelpchi/r60_s2/graph.bin,/kaggle/working/gfd-robustness-v4-factorial-r1/graphs/variants/yelpchi/r60_s2/heterophily_rewire_oracle/0.15/seed_1/graph.bin,/kaggle/working/gfd-robustness-v4-factorial-r1/graphs/variants/yelpchi/r60_s2/heterophily_rewire_oracle/0.15/seed_1/graph.bin,ok,
gfd_robustness_benchmark_v4_factorial,yelpchi,r60_s2,1,4,heterophily_rewire_oracle,0.15,pmp,train_clean_eval_all,0.8092242513445614,0.4664059896474471,0.680439036390279,0.2757417559623718,0.294971634997637,76,66,0.8606669098381956,roc_auc,early_stopping,45954,8051348,175.2045135498047,173.0,175.2045135498047,175.0,0.3429500162601471,0.1452974677085876,/kaggle/working/gfd-robustness-v4-factorial-r1/graphs/base/yelpchi/r60_s2/graph.bin,/kaggle/working/gfd-robustness-v4-factorial-r1/graphs/variants/yelpchi/r60_s2/heterophily_rewire_oracle/0.15/seed_1/graph.bin,/kaggle/working/gfd-robustness-v4-factorial-r1/graphs/base/yelpchi/r60_s2/graph.bin,ok,
gfd_robustness_benchmark_v4_factorial,yelpchi,r60_s2,1,4,heterophily_rewire_oracle,0.15,pmp,train_on_variant,0.8875544322505702,0.6077704160140962,0.7430760647446626,0.4085538387298584,45.15394053899945,57,47,0.8840011729450218,roc_auc,early_stopping,45954,8051348,175.2045135498047,173.0,175.2045135498047,175.0,0.3429500162601471,0.1452974677085876,/kaggle/working/gfd-robustness-v4-factorial-r1/graphs/base/yelpchi/r60_s2/graph.bin,/kaggle/working/gfd-robustness-v4-factorial-r1/graphs/variants/yelpchi/r60_s2/heterophily_rewire_oracle/0.15/seed_1/graph.bin,/kaggle/working/gfd-robustness-v4-factorial-r1/graphs/variants/yelpchi/r60_s2/heterophily_rewire_oracle/0.15/seed_1/graph.bin,ok,
gfd_robustness_benchmark_v4_factorial,yelpchi,r60_s2,1,4,heterophily_rewire_oracle,0.15,sage,train_clean_eval_all,0.7870241727593692,0.4253980430412515,0.6557758932290348,0.695338249206543,0.1046157330019923,100,100,0.7833725030217639,roc_auc,max_epochs,45954,8051348,175.2045135498047,173.0,175.2045135498047,175.0,0.3429500162601471,0.1452974677085876,/kaggle/working/gfd-robustness-v4-factorial-r1/graphs/base/yelpchi/r60_s2/graph.bin,/kaggle/working/gfd-robustness-v4-factorial-r1/graphs/variants/yelpchi/r60_s2/heterophily_rewire_oracle/0.15/seed_1/graph.bin,/kaggle/working/gfd-robustness-v4-factorial-r1/graphs/base/yelpchi/r60_s2/graph.bin,ok,
gfd_robustness_benchmark_v4_factorial,yelpchi,r60_s2,1,4,heterophily_rewire_oracle,0.15,sage,train_on_variant,0.8542538141639329,0.5263706496792459,0.7122326173257173,0.697921097278595,3.303165337001701,100,100,0.8442027669105534,roc_auc,max_epochs,45954,8051348,175.2045135498047,173.0,175.2045135498047,175.0,0.3429500162601471,0.1452974677085876,/kaggle/working/gfd-robustness-v4-factorial-r1/graphs/base/yelpchi/r60_s2/graph.bin,/kaggle/working/gfd-robustness-v4-factorial-r1/graphs/variants/yelpchi/r60_s2/heterophily_rewire_oracle/0.15/seed_1/graph.bin,/kaggle/working/gfd-robustness-v4-factorial-r1/graphs/variants/yelpchi/r60_s2/heterophily_rewire_oracle/0.15/seed_1/graph.bin,ok,
gfd_robustness_benchmark_v4_factorial,yelpchi,r60_s2,1,4,heterophily_rewire_oracle,0.15,secgfd,train_clean_eval_all,0.6484860917167701,0.2073502015925274,0.5353506009729716,0.7039106488227844,0.1399080619994492,50,50,0.786382585104075,roc_auc,max_epochs,45954,8051348,175.2045135498047,173.0,175.2045135498047,175.0,0.3429500162601471,0.1452974677085876,/kaggle/working/gfd-robustness-v4-factorial-r1/graphs/base/yelpchi/r60_s2/graph.bin,/kaggle/working/gfd-robustness-v4-factorial-r1/graphs/variants/yelpchi/r60_s2/heterophily_rewire_oracle/0.15/seed_1/graph.bin,/kaggle/working/gfd-robustness-v4-factorial-r1/graphs/base/yelpchi/r60_s2/graph.bin,ok,
gfd_robustness_benchmark_v4_factorial,yelpchi,r60_s2,1,4,heterophily_rewire_oracle,0.15,secgfd,train_on_variant,0.999016160652219,0.9977778239169496,0.9929364892057556,0.9203519821166992,4.74969767100265,50,50,0.9998527620232824,roc_auc,max_epochs,45954,8051348,175.2045135498047,173.0,175.2045135498047,175.0,0.3429500162601471,0.1452974677085876,/kaggle/working/gfd-robustness-v4-factorial-r1/graphs/base/yelpchi/r60_s2/graph.bin,/kaggle/working/gfd-robustness-v4-factorial-r1/graphs/variants/yelpchi/r60_s2/heterophily_rewire_oracle/0.15/seed_1/graph.bin,/kaggle/working/gfd-robustness-v4-factorial-r1/graphs/variants/yelpchi/r60_s2/heterophily_rewire_oracle/0.15/seed_1/graph.bin,ok,
gfd_robustness_benchmark_v4_factorial,yelpchi,r60_s2,0,0,heterophily_rewire_oracle,0.3,mlp,train_clean_eval_all,0.8100983305791676,0.4587374752549941,0.6746461063940257,0.6971318125724792,0.0970291890007502,100,100,0.7956221495886349,roc_auc,max_epochs,45954,8051348,175.2045135498047,149.0,175.2045135498047,175.0,0.4587487578392029,0.1452974677085876,/kaggle/working/gfd-robustness-v4-factorial-r1/graphs/base/yelpchi/r60_s2/graph.bin,/kaggle/working/gfd-robustness-v4-factorial-r1/graphs/variants/yelpchi/r60_s2/heterophily_rewire_oracle/0.30/seed_0/graph.bin,/kaggle/working/gfd-robustness-v4-factorial-r1/graphs/base/yelpchi/r60_s2/graph.bin,ok,
gfd_robustness_benchmark_v4_factorial,yelpchi,r60_s2,0,0,heterophily_rewire_oracle,0.3,mlp,train_on_variant,0.8100983305791676,0.4587374752549941,0.6746461063940257,0.6971318125724792,1.9061346640010013,100,100,0.7956221495886349,roc_auc,max_epochs,45954,8051348,175.2045135498047,149.0,175.2045135498047,175.0,0.4587487578392029,0.1452974677085876,/kaggle/working/gfd-robustness-v4-factorial-r1/graphs/base/yelpchi/r60_s2/graph.bin,/kaggle/working/gfd-robustness-v4-factorial-r1/graphs/variants/yelpchi/r60_s2/heterophily_rewire_oracle/0.30/seed_0/graph.bin,/kaggle/working/gfd-robustness-v4-factorial-r1/graphs/variants/yelpchi/r60_s2/heterophily_rewire_oracle/0.30/seed_0/graph.bin,ok,
gfd_robustness_benchmark_v4_factorial,yelpchi,r60_s2,0,0,heterophily_rewire_oracle,0.3,pmp,train_clean_eval_all,0.761358837823335,0.3804050495221617,0.6373395438542226,0.2557673752307892,0.3228718350001145,55,45,0.8496737448653855,roc_auc,early_stopping,45954,8051348,175.2045135498047,149.0,175.2045135498047,175.0,0.4587487578392029,0.1452974677085876,/kaggle/working/gfd-robustness-v4-factorial-r1/graphs/base/yelpchi/r60_s2/graph.bin,/kaggle/working/gfd-robustness-v4-factorial-r1/graphs/variants/yelpchi/r60_s2/heterophily_rewire_oracle/0.30/seed_0/graph.bin,/kaggle/working/gfd-robustness-v4-factorial-r1/graphs/base/yelpchi/r60_s2/graph.bin,ok,
gfd_robustness_benchmark_v4_factorial,yelpchi,r60_s2,0,0,heterophily_rewire_oracle,0.3,pmp,train_on_variant,0.9241550948510312,0.7007416504167829,0.7989166979365199,0.3406325876712799,59.76658748800037,83,73,0.925492624988974,roc_auc,early_stopping,45954,8051348,175.2045135498047,149.0,175.2045135498047,175.0,0.4587487578392029,0.1452974677085876,/kaggle/working/gfd-robustness-v4-factorial-r1/graphs/base/yelpchi/r60_s2/graph.bin,/kaggle/working/gfd-robustness-v4-factorial-r1/graphs/variants/yelpchi/r60_s2/heterophily_rewire_oracle/0.30/seed_0/graph.bin,/kaggle/working/gfd-robustness-v4-factorial-r1/graphs/variants/yelpchi/r60_s2/heterophily_rewire_oracle/0.30/seed_0/graph.bin,ok,
gfd_robustness_benchmark_v4_factorial,yelpchi,r60_s2,0,0,heterophily_rewire_oracle,0.3,sage,train_clean_eval_all,0.7876844008012488,0.4272550422968687,0.6518940177975497,0.6634995937347412,0.1073143699977663,100,100,0.7932715868372682,roc_auc,max_epochs,45954,8051348,175.2045135498047,149.0,175.2045135498047,175.0,0.4587487578392029,0.1452974677085876,/kaggle/working/gfd-robustness-v4-factorial-r1/graphs/base/yelpchi/r60_s2/graph.bin,/kaggle/working/gfd-robustness-v4-factorial-r1/graphs/variants/yelpchi/r60_s2/heterophily_rewire_oracle/0.30/seed_0/graph.bin,/kaggle/working/gfd-robustness-v4-factorial-r1/graphs/base/yelpchi/r60_s2/graph.bin,ok,
gfd_robustness_benchmark_v4_factorial,yelpchi,r60_s2,0,0,heterophily_rewire_oracle,0.3,sage,train_on_variant,0.8984349751362855,0.6595399587927986,0.762600671051118,0.7297422289848328,3.2015253030003805,100,100,0.8878727974500366,roc_auc,max_epochs,45954,8051348,175.2045135498047,149.0,175.2045135498047,175.0,0.4587487578392029,0.1452974677085876,/kaggle/working/gfd-robustness-v4-factorial-r1/graphs/base/yelpchi/r60_s2/graph.bin,/kaggle/working/gfd-robustness-v4-factorial-r1/graphs/variants/yelpchi/r60_s2/heterophily_rewire_oracle/0.30/seed_0/graph.bin,/kaggle/working/gfd-robustness-v4-factorial-r1/graphs/variants/yelpchi/r60_s2/heterophily_rewire_oracle/0.30/seed_0/graph.bin,ok,
gfd_robustness_benchmark_v4_factorial,yelpchi,r60_s2,0,0,heterophily_rewire_oracle,0.3,secgfd,train_clean_eval_all,0.5750306604205032,0.1814641892782287,0.5061550446640853,0.6121960878372192,0.1514780739998968,50,50,0.8036778501729617,roc_auc,max_epochs,45954,8051348,175.2045135498047,149.0,175.2045135498047,175.0,0.4587487578392029,0.1452974677085876,/kaggle/working/gfd-robustness-v4-factorial-r1/graphs/base/yelpchi/r60_s2/graph.bin,/kaggle/working/gfd-robustness-v4-factorial-r1/graphs/variants/yelpchi/r60_s2/heterophily_rewire_oracle/0.30/seed_0/graph.bin,/kaggle/working/gfd-robustness-v4-factorial-r1/graphs/base/yelpchi/r60_s2/graph.bin,ok,
gfd_robustness_benchmark_v4_factorial,yelpchi,r60_s2,0,0,heterophily_rewire_oracle,0.3,secgfd,train_on_variant,1.0,1.0,0.999780983407849,0.5684306025505066,1.3348635379988991,12,2,1.0,roc_auc,early_stopping,45954,8051348,175.2045135498047,149.0,175.2045135498047,175.0,0.4587487578392029,0.1452974677085876,/kaggle/working/gfd-robustness-v4-factorial-r1/graphs/base/yelpchi/r60_s2/graph.bin,/kaggle/working/gfd-robustness-v4-factorial-r1/graphs/variants/yelpchi/r60_s2/heterophily_rewire_oracle/0.30/seed_0/graph.bin,/kaggle/working/gfd-robustness-v4-factorial-r1/graphs/variants/yelpchi/r60_s2/heterophily_rewire_oracle/0.30/seed_0/graph.bin,ok,
gfd_robustness_benchmark_v4_factorial,yelpchi,r60_s2,0,1,heterophily_rewire_oracle,0.3,mlp,train_clean_eval_all,0.8014226606613657,0.4473605327471914,0.6604104662698413,0.655698835849762,0.0854186750002554,100,100,0.7890084561707159,roc_auc,max_epochs,45954,8051348,175.2045135498047,149.0,175.2045135498047,175.0,0.4587487578392029,0.1452974677085876,/kaggle/working/gfd-robustness-v4-factorial-r1/graphs/base/yelpchi/r60_s2/graph.bin,/kaggle/working/gfd-robustness-v4-factorial-r1/graphs/variants/yelpchi/r60_s2/heterophily_rewire_oracle/0.30/seed_0/graph.bin,/kaggle/working/gfd-robustness-v4-factorial-r1/graphs/base/yelpchi/r60_s2/graph.bin,ok,
gfd_robustness_benchmark_v4_factorial,yelpchi,r60_s2,0,1,heterophily_rewire_oracle,0.3,mlp,train_on_variant,0.8014226606613657,0.4473605327471914,0.6604104662698413,0.655698835849762,2.0325919819988485,100,100,0.7890084561707159,roc_auc,max_epochs,45954,8051348,175.2045135498047,149.0,175.2045135498047,175.0,0.4587487578392029,0.1452974677085876,/kaggle/working/gfd-robustness-v4-factorial-r1/graphs/base/yelpchi/r60_s2/graph.bin,/kaggle/working/gfd-robustness-v4-factorial-r1/graphs/variants/yelpchi/r60_s2/heterophily_rewire_oracle/0.30/seed_0/graph.bin,/kaggle/working/gfd-robustness-v4-factorial-r1/graphs/variants/yelpchi/r60_s2/heterophily_rewire_oracle/0.30/seed_0/graph.bin,ok,
gfd_robustness_benchmark_v4_factorial,yelpchi,r60_s2,0,1,heterophily_rewire_oracle,0.3,pmp,train_clean_eval_all,0.7822703307742966,0.4088933346943265,0.6538447878863749,0.4313299655914306,0.3781594110005244,59,49,0.8501764424005321,roc_auc,early_stopping,45954,8051348,175.2045135498047,149.0,175.2045135498047,175.0,0.4587487578392029,0.1452974677085876,/kaggle/working/gfd-robustness-v4-factorial-r1/graphs/base/yelpchi/r60_s2/graph.bin,/kaggle/working/gfd-robustness-v4-factorial-r1/graphs/variants/yelpchi/r60_s2/heterophily_rewire_oracle/0.30/seed_0/graph.bin,/kaggle/working/gfd-robustness-v4-factorial-r1/graphs/base/yelpchi/r60_s2/graph.bin,ok,
gfd_robustness_benchmark_v4_factorial,yelpchi,r60_s2,0,1,heterophily_rewire_oracle,0.3,pmp,train_on_variant,0.925656578899228,0.7059492002375403,0.8000241785847604,0.2584024369716644,53.60641706400202,75,65,0.9246784294933688,roc_auc,early_stopping,45954,8051348,175.2045135498047,149.0,175.2045135498047,175.0,0.4587487578392029,0.1452974677085876,/kaggle/working/gfd-robustness-v4-factorial-r1/graphs/base/yelpchi/r60_s2/graph.bin,/kaggle/working/gfd-robustness-v4-factorial-r1/graphs/variants/yelpchi/r60_s2/heterophily_rewire_oracle/0.30/seed_0/graph.bin,/kaggle/working/gfd-robustness-v4-factorial-r1/graphs/variants/yelpchi/r60_s2/heterophily_rewire_oracle/0.30/seed_0/graph.bin,ok,
gfd_robustness_benchmark_v4_factorial,yelpchi,r60_s2,0,1,heterophily_rewire_oracle,0.3,sage,train_clean_eval_all,0.6373720227569302,0.2173686784417942,0.5535542800250558,0.2929745614528656,0.1409996030015463,23,13,0.6051568098756249,roc_auc,early_stopping,45954,8051348,175.2045135498047,149.0,175.2045135498047,175.0,0.4587487578392029,0.1452974677085876,/kaggle/working/gfd-robustness-v4-factorial-r1/graphs/base/yelpchi/r60_s2/graph.bin,/kaggle/working/gfd-robustness-v4-factorial-r1/graphs/variants/yelpchi/r60_s2/heterophily_rewire_oracle/0.30/seed_0/graph.bin,/kaggle/working/gfd-robustness-v4-factorial-r1/graphs/base/yelpchi/r60_s2/graph.bin,ok,
gfd_robustness_benchmark_v4_factorial,yelpchi,r60_s2,0,1,heterophily_rewire_oracle,0.3,sage,train_on_variant,0.7531660838201397,0.3092104578360326,0.6280598266127029,0.6190492510795593,1.2733274060010444,32,22,0.7458429350326732,roc_auc,early_stopping,45954,8051348,175.2045135498047,149.0,175.2045135498047,175.0,0.4587487578392029,0.1452974677085876,/kaggle/working/gfd-robustness-v4-factorial-r1/graphs/base/yelpchi/r60_s2/graph.bin,/kaggle/working/gfd-robustness-v4-factorial-r1/graphs/variants/yelpchi/r60_s2/heterophily_rewire_oracle/0.30/seed_0/graph.bin,/kaggle/working/gfd-robustness-v4-factorial-r1/graphs/variants/yelpchi/r60_s2/heterophily_rewire_oracle/0.30/seed_0/graph.bin,ok,
gfd_robustness_benchmark_v4_factorial,yelpchi,r60_s2,0,1,heterophily_rewire_oracle,0.3,secgfd,train_clean_eval_all,0.5542539856641097,0.1777479213883104,0.5191113999431287,0.6578896045684814,0.1866284490024554,50,50,0.7875019370281101,roc_auc,max_epochs,45954,8051348,175.2045135498047,149.0,175.2045135498047,175.0,0.4587487578392029,0.1452974677085876,/kaggle/working/gfd-robustness-v4-factorial-r1/graphs/base/yelpchi/r60_s2/graph.bin,/kaggle/working/gfd-robustness-v4-factorial-r1/graphs/variants/yelpchi/r60_s2/heterophily_rewire_oracle/0.30/seed_0/graph.bin,/kaggle/working/gfd-robustness-v4-factorial-r1/graphs/base/yelpchi/r60_s2/graph.bin,ok,
gfd_robustness_benchmark_v4_factorial,yelpchi,r60_s2,0,1,heterophily_rewire_oracle,0.3,secgfd,train_on_variant,1.0,1.0,1.0,0.7120434641838074,1.530238939998526,14,4,1.0,roc_auc,early_stopping,45954,8051348,175.2045135498047,149.0,175.2045135498047,175.0,0.4587487578392029,0.1452974677085876,/kaggle/working/gfd-robustness-v4-factorial-r1/graphs/base/yelpchi/r60_s2/graph.bin,/kaggle/working/gfd-robustness-v4-factorial-r1/graphs/variants/yelpchi/r60_s2/heterophily_rewire_oracle/0.30/seed_0/graph.bin,/kaggle/working/gfd-robustness-v4-factorial-r1/graphs/variants/yelpchi/r60_s2/heterophily_rewire_oracle/0.30/seed_0/graph.bin,ok,
gfd_robustness_benchmark_v4_factorial,yelpchi,r60_s2,0,2,heterophily_rewire_oracle,0.3,mlp,train_clean_eval_all,0.8051940448278595,0.4504607236347623,0.6638554700899604,0.6557482481002808,0.1001012870001432,100,100,0.7907452730554025,roc_auc,max_epochs,45954,8051348,175.2045135498047,149.0,175.2045135498047,175.0,0.4587487578392029,0.1452974677085876,/kaggle/working/gfd-robustness-v4-factorial-r1/graphs/base/yelpchi/r60_s2/graph.bin,/kaggle/working/gfd-robustness-v4-factorial-r1/graphs/variants/yelpchi/r60_s2/heterophily_rewire_oracle/0.30/seed_0/graph.bin,/kaggle/working/gfd-robustness-v4-factorial-r1/graphs/base/yelpchi/r60_s2/graph.bin,ok,
gfd_robustness_benchmark_v4_factorial,yelpchi,r60_s2,0,2,heterophily_rewire_oracle,0.3,mlp,train_on_variant,0.8051940448278595,0.4504607236347623,0.6638554700899604,0.6557482481002808,1.917118178000237,100,100,0.7907452730554025,roc_auc,max_epochs,45954,8051348,175.2045135498047,149.0,175.2045135498047,175.0,0.4587487578392029,0.1452974677085876,/kaggle/working/gfd-robustness-v4-factorial-r1/graphs/base/yelpchi/r60_s2/graph.bin,/kaggle/working/gfd-robustness-v4-factorial-r1/graphs/variants/yelpchi/r60_s2/heterophily_rewire_oracle/0.30/seed_0/graph.bin,/kaggle/working/gfd-robustness-v4-factorial-r1/graphs/variants/yelpchi/r60_s2/heterophily_rewire_oracle/0.30/seed_0/graph.bin,ok,
gfd_robustness_benchmark_v4_factorial,yelpchi,r60_s2,0,2,heterophily_rewire_oracle,0.3,pmp,train_clean_eval_all,0.7613298733490249,0.3882572628069999,0.6497678882774153,0.1901807934045791,0.3086376940009359,40,30,0.8440517144784805,roc_auc,early_stopping,45954,8051348,175.2045135498047,149.0,175.2045135498047,175.0,0.4587487578392029,0.1452974677085876,/kaggle/working/gfd-robustness-v4-factorial-r1/graphs/base/yelpchi/r60_s2/graph.bin,/kaggle/working/gfd-robustness-v4-factorial-r1/graphs/variants/yelpchi/r60_s2/heterophily_rewire_oracle/0.30/seed_0/graph.bin,/kaggle/working/gfd-robustness-v4-factorial-r1/graphs/base/yelpchi/r60_s2/graph.bin,ok,
gfd_robustness_benchmark_v4_factorial,yelpchi,r60_s2,0,2,heterophily_rewire_oracle,0.3,pmp,train_on_variant,0.9214319578765076,0.6942802818026425,0.7857812124303718,0.2861924767494201,45.31095766100043,66,56,0.9221030522794946,roc_auc,early_stopping,45954,8051348,175.2045135498047,149.0,175.2045135498047,175.0,0.4587487578392029,0.1452974677085876,/kaggle/working/gfd-robustness-v4-factorial-r1/graphs/base/yelpchi/r60_s2/graph.bin,/kaggle/working/gfd-robustness-v4-factorial-r1/graphs/variants/yelpchi/r60_s2/heterophily_rewire_oracle/0.30/seed_0/graph.bin,/kaggle/working/gfd-robustness-v4-factorial-r1/graphs/variants/yelpchi/r60_s2/heterophily_rewire_oracle/0.30/seed_0/graph.bin,ok,
gfd_robustness_benchmark_v4_factorial,yelpchi,r60_s2,0,2,heterophily_rewire_oracle,0.3,sage,train_clean_eval_all,0.7802494393849775,0.4125136731835215,0.648789141092125,0.6589797139167786,0.1014065880008274,100,100,0.7880997098629895,roc_auc,max_epochs,45954,8051348,175.2045135498047,149.0,175.2045135498047,175.0,0.4587487578392029,0.1452974677085876,/kaggle/working/gfd-robustness-v4-factorial-r1/graphs/base/yelpchi/r60_s2/graph.bin,/kaggle/working/gfd-robustness-v4-factorial-r1/graphs/variants/yelpchi/r60_s2/heterophily_rewire_oracle/0.30/seed_0/graph.bin,/kaggle/working/gfd-robustness-v4-factorial-r1/graphs/base/yelpchi/r60_s2/graph.bin,ok,
gfd_robustness_benchmark_v4_factorial,yelpchi,r60_s2,0,2,heterophily_rewire_oracle,0.3,sage,train_on_variant,0.9127082679091918,0.6932436731597462,0.7740846561285213,0.7522494792938232,3.324373281000589,100,100,0.9015799950888888,roc_auc,max_epochs,45954,8051348,175.2045135498047,149.0,175.2045135498047,175.0,0.4587487578392029,0.1452974677085876,/kaggle/working/gfd-robustness-v4-factorial-r1/graphs/base/yelpchi/r60_s2/graph.bin,/kaggle/working/gfd-robustness-v4-factorial-r1/graphs/variants/yelpchi/r60_s2/heterophily_rewire_oracle/0.30/seed_0/graph.bin,/kaggle/working/gfd-robustness-v4-factorial-r1/graphs/variants/yelpchi/r60_s2/heterophily_rewire_oracle/0.30/seed_0/graph.bin,ok,
gfd_robustness_benchmark_v4_factorial,yelpchi,r60_s2,0,2,heterophily_rewire_oracle,0.3,secgfd,train_clean_eval_all,0.5851537918307987,0.1834015998924503,0.5163019260031994,0.7028029561042786,0.1655534849996911,50,46,0.8013154149293015,roc_auc,max_epochs,45954,8051348,175.2045135498047,149.0,175.2045135498047,175.0,0.4587487578392029,0.1452974677085876,/kaggle/working/gfd-robustness-v4-factorial-r1/graphs/base/yelpchi/r60_s2/graph.bin,/kaggle/working/gfd-robustness-v4-factorial-r1/graphs/variants/yelpchi/r60_s2/heterophily_rewire_oracle/0.30/seed_0/graph.bin,/kaggle/working/gfd-robustness-v4-factorial-r1/graphs/base/yelpchi/r60_s2/graph.bin,ok,
gfd_robustness_benchmark_v4_factorial,yelpchi,r60_s2,0,2,heterophily_rewire_oracle,0.3,secgfd,train_on_variant,1.0,1.0,1.0,0.543987512588501,1.286443410001084,12,2,1.0,roc_auc,early_stopping,45954,8051348,175.2045135498047,149.0,175.2045135498047,175.0,0.4587487578392029,0.1452974677085876,/kaggle/working/gfd-robustness-v4-factorial-r1/graphs/base/yelpchi/r60_s2/graph.bin,/kaggle/working/gfd-robustness-v4-factorial-r1/graphs/variants/yelpchi/r60_s2/heterophily_rewire_oracle/0.30/seed_0/graph.bin,/kaggle/working/gfd-robustness-v4-factorial-r1/graphs/variants/yelpchi/r60_s2/heterophily_rewire_oracle/0.30/seed_0/graph.bin,ok,
gfd_robustness_benchmark_v4_factorial,yelpchi,r60_s2,0,3,heterophily_rewire_oracle,0.3,mlp,train_clean_eval_all,0.8033646619693403,0.442421243508313,0.6642026960679807,0.6678695678710938,0.0874120840016985,100,100,0.7883936613288132,roc_auc,max_epochs,45954,8051348,175.2045135498047,149.0,175.2045135498047,175.0,0.4587487578392029,0.1452974677085876,/kaggle/working/gfd-robustness-v4-factorial-r1/graphs/base/yelpchi/r60_s2/graph.bin,/kaggle/working/gfd-robustness-v4-factorial-r1/graphs/variants/yelpchi/r60_s2/heterophily_rewire_oracle/0.30/seed_0/graph.bin,/kaggle/working/gfd-robustness-v4-factorial-r1/graphs/base/yelpchi/r60_s2/graph.bin,ok,
gfd_robustness_benchmark_v4_factorial,yelpchi,r60_s2,0,3,heterophily_rewire_oracle,0.3,mlp,train_on_variant,0.8033646619693403,0.442421243508313,0.6642026960679807,0.6678695678710938,1.903677783000603,100,100,0.7883936613288132,roc_auc,max_epochs,45954,8051348,175.2045135498047,149.0,175.2045135498047,175.0,0.4587487578392029,0.1452974677085876,/kaggle/working/gfd-robustness-v4-factorial-r1/graphs/base/yelpchi/r60_s2/graph.bin,/kaggle/working/gfd-robustness-v4-factorial-r1/graphs/variants/yelpchi/r60_s2/heterophily_rewire_oracle/0.30/seed_0/graph.bin,/kaggle/working/gfd-robustness-v4-factorial-r1/graphs/variants/yelpchi/r60_s2/heterophily_rewire_oracle/0.30/seed_0/graph.bin,ok,
gfd_robustness_benchmark_v4_factorial,yelpchi,r60_s2,0,3,heterophily_rewire_oracle,0.3,pmp,train_clean_eval_all,0.743612332996939,0.3511253489035747,0.6220193471214717,0.2736212313175201,0.3102761449990794,69,59,0.8491953168024374,roc_auc,early_stopping,45954,8051348,175.2045135498047,149.0,175.2045135498047,175.0,0.4587487578392029,0.1452974677085876,/kaggle/working/gfd-robustness-v4-factorial-r1/graphs/base/yelpchi/r60_s2/graph.bin,/kaggle/working/gfd-robustness-v4-factorial-r1/graphs/variants/yelpchi/r60_s2/heterophily_rewire_oracle/0.30/seed_0/graph.bin,/kaggle/working/gfd-robustness-v4-factorial-r1/graphs/base/yelpchi/r60_s2/graph.bin,ok,
gfd_robustness_benchmark_v4_factorial,yelpchi,r60_s2,0,3,heterophily_rewire_oracle,0.3,pmp,train_on_variant,0.8896496403831847,0.6086484536258453,0.7500339694439815,0.3903760313987732,22.770901457002765,34,24,0.8886955277894992,roc_auc,early_stopping,45954,8051348,175.2045135498047,149.0,175.2045135498047,175.0,0.4587487578392029,0.1452974677085876,/kaggle/working/gfd-robustness-v4-factorial-r1/graphs/base/yelpchi/r60_s2/graph.bin,/kaggle/working/gfd-robustness-v4-factorial-r1/graphs/variants/yelpchi/r60_s2/heterophily_rewire_oracle/0.30/seed_0/graph.bin,/kaggle/working/gfd-robustness-v4-factorial-r1/graphs/variants/yelpchi/r60_s2/heterophily_rewire_oracle/0.30/seed_0/graph.bin,ok,
gfd_robustness_benchmark_v4_factorial,yelpchi,r60_s2,0,3,heterophily_rewire_oracle,0.3,sage,train_clean_eval_all,0.7709598464730417,0.4009168579714903,0.646972083476442,0.6763745546340942,0.1236542769984225,100,100,0.7781531837590027,roc_auc,max_epochs,45954,8051348,175.2045135498047,149.0,175.2045135498047,175.0,0.4587487578392029,0.1452974677085876,/kaggle/working/gfd-robustness-v4-factorial-r1/graphs/base/yelpchi/r60_s2/graph.bin,/kaggle/working/gfd-robustness-v4-factorial-r1/graphs/variants/yelpchi/r60_s2/heterophily_rewire_oracle/0.30/seed_0/graph.bin,/kaggle/working/gfd-robustness-v4-factorial-r1/graphs/base/yelpchi/r60_s2/graph.bin,ok,
gfd_robustness_benchmark_v4_factorial,yelpchi,r60_s2,0,3,heterophily_rewire_oracle,0.3,sage,train_on_variant,0.9169882930168176,0.6945936536113395,0.7793088783140856,0.7375430464744568,3.2548335540013795,100,100,0.9069203756284911,roc_auc,max_epochs,45954,8051348,175.2045135498047,149.0,175.2045135498047,175.0,0.4587487578392029,0.1452974677085876,/kaggle/working/gfd-robustness-v4-factorial-r1/graphs/base/yelpchi/r60_s2/graph.bin,/kaggle/working/gfd-robustness-v4-factorial-r1/graphs/variants/yelpchi/r60_s2/heterophily_rewire_oracle/0.30/seed_0/graph.bin,/kaggle/working/gfd-robustness-v4-factorial-r1/graphs/variants/yelpchi/r60_s2/heterophily_rewire_oracle/0.30/seed_0/graph.bin,ok,
gfd_robustness_benchmark_v4_factorial,yelpchi,r60_s2,0,3,heterophily_rewire_oracle,0.3,secgfd,train_clean_eval_all,0.4524662964041367,0.1253698443859414,0.4673534605001731,0.6787847280502319,0.1657353519985918,50,50,0.7989556498043899,roc_auc,max_epochs,45954,8051348,175.2045135498047,149.0,175.2045135498047,175.0,0.4587487578392029,0.1452974677085876,/kaggle/working/gfd-robustness-v4-factorial-r1/graphs/base/yelpchi/r60_s2/graph.bin,/kaggle/working/gfd-robustness-v4-factorial-r1/graphs/variants/yelpchi/r60_s2/heterophily_rewire_oracle/0.30/seed_0/graph.bin,/kaggle/working/gfd-robustness-v4-factorial-r1/graphs/base/yelpchi/r60_s2/graph.bin,ok,
gfd_robustness_benchmark_v4_factorial,yelpchi,r60_s2,0,3,heterophily_rewire_oracle,0.3,secgfd,train_on_variant,1.0,1.0,1.0,0.6416311264038086,1.2971757630002685,12,2,1.0,roc_auc,early_stopping,45954,8051348,175.2045135498047,149.0,175.2045135498047,175.0,0.4587487578392029,0.1452974677085876,/kaggle/working/gfd-robustness-v4-factorial-r1/graphs/base/yelpchi/r60_s2/graph.bin,/kaggle/working/gfd-robustness-v4-factorial-r1/graphs/variants/yelpchi/r60_s2/heterophily_rewire_oracle/0.30/seed_0/graph.bin,/kaggle/working/gfd-robustness-v4-factorial-r1/graphs/variants/yelpchi/r60_s2/heterophily_rewire_oracle/0.30/seed_0/graph.bin,ok,
gfd_robustness_benchmark_v4_factorial,yelpchi,r60_s2,0,4,heterophily_rewire_oracle,0.3,mlp,train_clean_eval_all,0.8016106915496909,0.4485908504844914,0.6622104135282587,0.6817144751548767,0.1063601199966797,100,100,0.7873558433879992,roc_auc,max_epochs,45954,8051348,175.2045135498047,149.0,175.2045135498047,175.0,0.4587487578392029,0.1452974677085876,/kaggle/working/gfd-robustness-v4-factorial-r1/graphs/base/yelpchi/r60_s2/graph.bin,/kaggle/working/gfd-robustness-v4-factorial-r1/graphs/variants/yelpchi/r60_s2/heterophily_rewire_oracle/0.30/seed_0/graph.bin,/kaggle/working/gfd-robustness-v4-factorial-r1/graphs/base/yelpchi/r60_s2/graph.bin,ok,
gfd_robustness_benchmark_v4_factorial,yelpchi,r60_s2,0,4,heterophily_rewire_oracle,0.3,mlp,train_on_variant,0.8016106915496909,0.4485908504844914,0.6622104135282587,0.6817144751548767,2.0525310180019005,100,100,0.7873558433879992,roc_auc,max_epochs,45954,8051348,175.2045135498047,149.0,175.2045135498047,175.0,0.4587487578392029,0.1452974677085876,/kaggle/working/gfd-robustness-v4-factorial-r1/graphs/base/yelpchi/r60_s2/graph.bin,/kaggle/working/gfd-robustness-v4-factorial-r1/graphs/variants/yelpchi/r60_s2/heterophily_rewire_oracle/0.30/seed_0/graph.bin,/kaggle/working/gfd-robustness-v4-factorial-r1/graphs/variants/yelpchi/r60_s2/heterophily_rewire_oracle/0.30/seed_0/graph.bin,ok,
gfd_robustness_benchmark_v4_factorial,yelpchi,r60_s2,0,4,heterophily_rewire_oracle,0.3,pmp,train_clean_eval_all,0.784575674262473,0.4170618885169263,0.661591747505938,0.2757417559623718,0.3054869480001798,76,66,0.8606669098381956,roc_auc,early_stopping,45954,8051348,175.2045135498047,149.0,175.2045135498047,175.0,0.4587487578392029,0.1452974677085876,/kaggle/working/gfd-robustness-v4-factorial-r1/graphs/base/yelpchi/r60_s2/graph.bin,/kaggle/working/gfd-robustness-v4-factorial-r1/graphs/variants/yelpchi/r60_s2/heterophily_rewire_oracle/0.30/seed_0/graph.bin,/kaggle/working/gfd-robustness-v4-factorial-r1/graphs/base/yelpchi/r60_s2/graph.bin,ok,
gfd_robustness_benchmark_v4_factorial,yelpchi,r60_s2,0,4,heterophily_rewire_oracle,0.3,pmp,train_on_variant,0.9237635027805896,0.6980485062440688,0.788134253815322,0.3932795524597168,35.924497003001306,57,47,0.92286251034075,roc_auc,early_stopping,45954,8051348,175.2045135498047,149.0,175.2045135498047,175.0,0.4587487578392029,0.1452974677085876,/kaggle/working/gfd-robustness-v4-factorial-r1/graphs/base/yelpchi/r60_s2/graph.bin,/kaggle/working/gfd-robustness-v4-factorial-r1/graphs/variants/yelpchi/r60_s2/heterophily_rewire_oracle/0.30/seed_0/graph.bin,/kaggle/working/gfd-robustness-v4-factorial-r1/graphs/variants/yelpchi/r60_s2/heterophily_rewire_oracle/0.30/seed_0/graph.bin,ok,
gfd_robustness_benchmark_v4_factorial,yelpchi,r60_s2,0,4,heterophily_rewire_oracle,0.3,sage,train_clean_eval_all,0.7799646061746162,0.4120910305536749,0.6503443425644564,0.695338249206543,0.1076398189979954,100,100,0.7833725030217639,roc_auc,max_epochs,45954,8051348,175.2045135498047,149.0,175.2045135498047,175.0,0.4587487578392029,0.1452974677085876,/kaggle/working/gfd-robustness-v4-factorial-r1/graphs/base/yelpchi/r60_s2/graph.bin,/kaggle/working/gfd-robustness-v4-factorial-r1/graphs/variants/yelpchi/r60_s2/heterophily_rewire_oracle/0.30/seed_0/graph.bin,/kaggle/working/gfd-robustness-v4-factorial-r1/graphs/base/yelpchi/r60_s2/graph.bin,ok,
gfd_robustness_benchmark_v4_factorial,yelpchi,r60_s2,0,4,heterophily_rewire_oracle,0.3,sage,train_on_variant,0.9014158864043806,0.6581653301686955,0.7649687946235302,0.7007745504379272,3.468349009999656,100,100,0.8896622061379355,roc_auc,max_epochs,45954,8051348,175.2045135498047,149.0,175.2045135498047,175.0,0.4587487578392029,0.1452974677085876,/kaggle/working/gfd-robustness-v4-factorial-r1/graphs/base/yelpchi/r60_s2/graph.bin,/kaggle/working/gfd-robustness-v4-factorial-r1/graphs/variants/yelpchi/r60_s2/heterophily_rewire_oracle/0.30/seed_0/graph.bin,/kaggle/working/gfd-robustness-v4-factorial-r1/graphs/variants/yelpchi/r60_s2/heterophily_rewire_oracle/0.30/seed_0/graph.bin,ok,
gfd_robustness_benchmark_v4_factorial,yelpchi,r60_s2,0,4,heterophily_rewire_oracle,0.3,secgfd,train_clean_eval_all,0.473553434119541,0.1250895971371904,0.4523622737671939,0.7039106488227844,0.1393274479996762,50,50,0.786382585104075,roc_auc,max_epochs,45954,8051348,175.2045135498047,149.0,175.2045135498047,175.0,0.4587487578392029,0.1452974677085876,/kaggle/working/gfd-robustness-v4-factorial-r1/graphs/base/yelpchi/r60_s2/graph.bin,/kaggle/working/gfd-robustness-v4-factorial-r1/graphs/variants/yelpchi/r60_s2/heterophily_rewire_oracle/0.30/seed_0/graph.bin,/kaggle/working/gfd-robustness-v4-factorial-r1/graphs/base/yelpchi/r60_s2/graph.bin,ok,
gfd_robustness_benchmark_v4_factorial,yelpchi,r60_s2,0,4,heterophily_rewire_oracle,0.3,secgfd,train_on_variant,1.0,1.0,1.0,0.6775725483894348,1.3156358929991256,12,2,1.0,roc_auc,early_stopping,45954,8051348,175.2045135498047,149.0,175.2045135498047,175.0,0.4587487578392029,0.1452974677085876,/kaggle/working/gfd-robustness-v4-factorial-r1/graphs/base/yelpchi/r60_s2/graph.bin,/kaggle/working/gfd-robustness-v4-factorial-r1/graphs/variants/yelpchi/r60_s2/heterophily_rewire_oracle/0.30/seed_0/graph.bin,/kaggle/working/gfd-robustness-v4-factorial-r1/graphs/variants/yelpchi/r60_s2/heterophily_rewire_oracle/0.30/seed_0/graph.bin,ok,
gfd_robustness_benchmark_v4_factorial,yelpchi,r60_s2,1,0,heterophily_rewire_oracle,0.3,mlp,train_clean_eval_all,0.8100983305791676,0.4587374752549941,0.6746461063940257,0.6971318125724792,0.0815933400008361,100,100,0.7956221495886349,roc_auc,max_epochs,45954,8051348,175.2045135498047,149.0,175.2045135498047,175.0,0.4587411880493164,0.1452974677085876,/kaggle/working/gfd-robustness-v4-factorial-r1/graphs/base/yelpchi/r60_s2/graph.bin,/kaggle/working/gfd-robustness-v4-factorial-r1/graphs/variants/yelpchi/r60_s2/heterophily_rewire_oracle/0.30/seed_1/graph.bin,/kaggle/working/gfd-robustness-v4-factorial-r1/graphs/base/yelpchi/r60_s2/graph.bin,ok,
gfd_robustness_benchmark_v4_factorial,yelpchi,r60_s2,1,0,heterophily_rewire_oracle,0.3,mlp,train_on_variant,0.8100983305791676,0.4587374752549941,0.6746461063940257,0.6971318125724792,1.9378549060020305,100,100,0.7956221495886349,roc_auc,max_epochs,45954,8051348,175.2045135498047,149.0,175.2045135498047,175.0,0.4587411880493164,0.1452974677085876,/kaggle/working/gfd-robustness-v4-factorial-r1/graphs/base/yelpchi/r60_s2/graph.bin,/kaggle/working/gfd-robustness-v4-factorial-r1/graphs/variants/yelpchi/r60_s2/heterophily_rewire_oracle/0.30/seed_1/graph.bin,/kaggle/working/gfd-robustness-v4-factorial-r1/graphs/variants/yelpchi/r60_s2/heterophily_rewire_oracle/0.30/seed_1/graph.bin,ok,
gfd_robustness_benchmark_v4_factorial,yelpchi,r60_s2,1,0,heterophily_rewire_oracle,0.3,pmp,train_clean_eval_all,0.76617199028623,0.393701084791514,0.6423392294516345,0.2557673752307892,0.3106089149987383,55,45,0.8496737448653855,roc_auc,early_stopping,45954,8051348,175.2045135498047,149.0,175.2045135498047,175.0,0.4587411880493164,0.1452974677085876,/kaggle/working/gfd-robustness-v4-factorial-r1/graphs/base/yelpchi/r60_s2/graph.bin,/kaggle/working/gfd-robustness-v4-factorial-r1/graphs/variants/yelpchi/r60_s2/heterophily_rewire_oracle/0.30/seed_1/graph.bin,/kaggle/working/gfd-robustness-v4-factorial-r1/graphs/base/yelpchi/r60_s2/graph.bin,ok,
gfd_robustness_benchmark_v4_factorial,yelpchi,r60_s2,1,0,heterophily_rewire_oracle,0.3,pmp,train_on_variant,0.929029796821835,0.7421812139209745,0.8051890435922087,0.4294541776180267,47.64411901600033,77,67,0.9307765992700086,roc_auc,early_stopping,45954,8051348,175.2045135498047,149.0,175.2045135498047,175.0,0.4587411880493164,0.1452974677085876,/kaggle/working/gfd-robustness-v4-factorial-r1/graphs/base/yelpchi/r60_s2/graph.bin,/kaggle/working/gfd-robustness-v4-factorial-r1/graphs/variants/yelpchi/r60_s2/heterophily_rewire_oracle/0.30/seed_1/graph.bin,/kaggle/working/gfd-robustness-v4-factorial-r1/graphs/variants/yelpchi/r60_s2/heterophily_rewire_oracle/0.30/seed_1/graph.bin,ok,
gfd_robustness_benchmark_v4_factorial,yelpchi,r60_s2,1,0,heterophily_rewire_oracle,0.3,sage,train_clean_eval_all,0.7877912073002671,0.4267972197546023,0.6512138535910974,0.6634995937347412,0.1261603839993768,100,100,0.7932715868372682,roc_auc,max_epochs,45954,8051348,175.2045135498047,149.0,175.2045135498047,175.0,0.4587411880493164,0.1452974677085876,/kaggle/working/gfd-robustness-v4-factorial-r1/graphs/base/yelpchi/r60_s2/graph.bin,/kaggle/working/gfd-robustness-v4-factorial-r1/graphs/variants/yelpchi/r60_s2/heterophily_rewire_oracle/0.30/seed_1/graph.bin,/kaggle/working/gfd-robustness-v4-factorial-r1/graphs/base/yelpchi/r60_s2/graph.bin,ok,
gfd_robustness_benchmark_v4_factorial,yelpchi,r60_s2,1,0,heterophily_rewire_oracle,0.3,sage,train_on_variant,0.9017983317987244,0.6596800201751648,0.7663154017855696,0.643916666507721,3.32837800100242,100,100,0.8932874645076849,roc_auc,max_epochs,45954,8051348,175.2045135498047,149.0,175.2045135498047,175.0,0.4587411880493164,0.1452974677085876,/kaggle/working/gfd-robustness-v4-factorial-r1/graphs/base/yelpchi/r60_s2/graph.bin,/kaggle/working/gfd-robustness-v4-factorial-r1/graphs/variants/yelpchi/r60_s2/heterophily_rewire_oracle/0.30/seed_1/graph.bin,/kaggle/working/gfd-robustness-v4-factorial-r1/graphs/variants/yelpchi/r60_s2/heterophily_rewire_oracle/0.30/seed_1/graph.bin,ok,
gfd_robustness_benchmark_v4_factorial,yelpchi,r60_s2,1,0,heterophily_rewire_oracle,0.3,secgfd,train_clean_eval_all,0.5752473223105723,0.1818160340472886,0.5061883595662836,0.6121960878372192,0.1475775969993265,50,50,0.8036778501729617,roc_auc,max_epochs,45954,8051348,175.2045135498047,149.0,175.2045135498047,175.0,0.4587411880493164,0.1452974677085876,/kaggle/working/gfd-robustness-v4-factorial-r1/graphs/base/yelpchi/r60_s2/graph.bin,/kaggle/working/gfd-robustness-v4-factorial-r1/graphs/variants/yelpchi/r60_s2/heterophily_rewire_oracle/0.30/seed_1/graph.bin,/kaggle/working/gfd-robustness-v4-factorial-r1/graphs/base/yelpchi/r60_s2/graph.bin,ok,
gfd_robustness_benchmark_v4_factorial,yelpchi,r60_s2,1,0,heterophily_rewire_oracle,0.3,secgfd,train_on_variant,1.0,1.0,1.0,0.5655270218849182,1.358586860998912,12,2,1.0,roc_auc,early_stopping,45954,8051348,175.2045135498047,149.0,175.2045135498047,175.0,0.4587411880493164,0.1452974677085876,/kaggle/working/gfd-robustness-v4-factorial-r1/graphs/base/yelpchi/r60_s2/graph.bin,/kaggle/working/gfd-robustness-v4-factorial-r1/graphs/variants/yelpchi/r60_s2/heterophily_rewire_oracle/0.30/seed_1/graph.bin,/kaggle/working/gfd-robustness-v4-factorial-r1/graphs/variants/yelpchi/r60_s2/heterophily_rewire_oracle/0.30/seed_1/graph.bin,ok,
gfd_robustness_benchmark_v4_factorial,yelpchi,r60_s2,1,1,heterophily_rewire_oracle,0.3,mlp,train_clean_eval_all,0.8014226606613657,0.4473605327471914,0.6604104662698413,0.655698835849762,0.0863759509993542,100,100,0.7890084561707159,roc_auc,max_epochs,45954,8051348,175.2045135498047,149.0,175.2045135498047,175.0,0.4587411880493164,0.1452974677085876,/kaggle/working/gfd-robustness-v4-factorial-r1/graphs/base/yelpchi/r60_s2/graph.bin,/kaggle/working/gfd-robustness-v4-factorial-r1/graphs/variants/yelpchi/r60_s2/heterophily_rewire_oracle/0.30/seed_1/graph.bin,/kaggle/working/gfd-robustness-v4-factorial-r1/graphs/base/yelpchi/r60_s2/graph.bin,ok,
gfd_robustness_benchmark_v4_factorial,yelpchi,r60_s2,1,1,heterophily_rewire_oracle,0.3,mlp,train_on_variant,0.8014226606613657,0.4473605327471914,0.6604104662698413,0.655698835849762,1.9388233850004328,100,100,0.7890084561707159,roc_auc,max_epochs,45954,8051348,175.2045135498047,149.0,175.2045135498047,175.0,0.4587411880493164,0.1452974677085876,/kaggle/working/gfd-robustness-v4-factorial-r1/graphs/base/yelpchi/r60_s2/graph.bin,/kaggle/working/gfd-robustness-v4-factorial-r1/graphs/variants/yelpchi/r60_s2/heterophily_rewire_oracle/0.30/seed_1/graph.bin,/kaggle/working/gfd-robustness-v4-factorial-r1/graphs/variants/yelpchi/r60_s2/heterophily_rewire_oracle/0.30/seed_1/graph.bin,ok,
gfd_robustness_benchmark_v4_factorial,yelpchi,r60_s2,1,1,heterophily_rewire_oracle,0.3,pmp,train_clean_eval_all,0.7785009474431991,0.4089812957635695,0.6479606829354857,0.4313299655914306,0.4242832499985525,59,49,0.8501764424005321,roc_auc,early_stopping,45954,8051348,175.2045135498047,149.0,175.2045135498047,175.0,0.4587411880493164,0.1452974677085876,/kaggle/working/gfd-robustness-v4-factorial-r1/graphs/base/yelpchi/r60_s2/graph.bin,/kaggle/working/gfd-robustness-v4-factorial-r1/graphs/variants/yelpchi/r60_s2/heterophily_rewire_oracle/0.30/seed_1/graph.bin,/kaggle/working/gfd-robustness-v4-factorial-r1/graphs/base/yelpchi/r60_s2/graph.bin,ok,
gfd_robustness_benchmark_v4_factorial,yelpchi,r60_s2,1,1,heterophily_rewire_oracle,0.3,pmp,train_on_variant,0.8802224662182763,0.5852114332636498,0.7376075677840497,0.3268625140190124,13.223958280999796,21,11,0.8834500795075538,roc_auc,early_stopping,45954,8051348,175.2045135498047,149.0,175.2045135498047,175.0,0.4587411880493164,0.1452974677085876,/kaggle/working/gfd-robustness-v4-factorial-r1/graphs/base/yelpchi/r60_s2/graph.bin,/kaggle/working/gfd-robustness-v4-factorial-r1/graphs/variants/yelpchi/r60_s2/heterophily_rewire_oracle/0.30/seed_1/graph.bin,/kaggle/working/gfd-robustness-v4-factorial-r1/graphs/variants/yelpchi/r60_s2/heterophily_rewire_oracle/0.30/seed_1/graph.bin,ok,
gfd_robustness_benchmark_v4_factorial,yelpchi,r60_s2,1,1,heterophily_rewire_oracle,0.3,sage,train_clean_eval_all,0.6379574100271961,0.2198478246911058,0.5576734090627709,0.2929745614528656,0.1518884519973653,23,13,0.6051568098756249,roc_auc,early_stopping,45954,8051348,175.2045135498047,149.0,175.2045135498047,175.0,0.4587411880493164,0.1452974677085876,/kaggle/working/gfd-robustness-v4-factorial-r1/graphs/base/yelpchi/r60_s2/graph.bin,/kaggle/working/gfd-robustness-v4-factorial-r1/graphs/variants/yelpchi/r60_s2/heterophily_rewire_oracle/0.30/seed_1/graph.bin,/kaggle/working/gfd-robustness-v4-factorial-r1/graphs/base/yelpchi/r60_s2/graph.bin,ok,
gfd_robustness_benchmark_v4_factorial,yelpchi,r60_s2,1,1,heterophily_rewire_oracle,0.3,sage,train_on_variant,0.7479820145858995,0.2945235530584728,0.616031895709001,0.6753023266792297,1.245361242999934,32,22,0.7431971811174923,roc_auc,early_stopping,45954,8051348,175.2045135498047,149.0,175.2045135498047,175.0,0.4587411880493164,0.1452974677085876,/kaggle/working/gfd-robustness-v4-factorial-r1/graphs/base/yelpchi/r60_s2/graph.bin,/kaggle/working/gfd-robustness-v4-factorial-r1/graphs/variants/yelpchi/r60_s2/heterophily_rewire_oracle/0.30/seed_1/graph.bin,/kaggle/working/gfd-robustness-v4-factorial-r1/graphs/variants/yelpchi/r60_s2/heterophily_rewire_oracle/0.30/seed_1/graph.bin,ok,
gfd_robustness_benchmark_v4_factorial,yelpchi,r60_s2,1,1,heterophily_rewire_oracle,0.3,secgfd,train_clean_eval_all,0.5545943658761906,0.1784743979611534,0.5158432088327114,0.6578896045684814,0.1637530529987998,50,50,0.7875019370281101,roc_auc,max_epochs,45954,8051348,175.2045135498047,149.0,175.2045135498047,175.0,0.4587411880493164,0.1452974677085876,/kaggle/working/gfd-robustness-v4-factorial-r1/graphs/base/yelpchi/r60_s2/graph.bin,/kaggle/working/gfd-robustness-v4-factorial-r1/graphs/variants/yelpchi/r60_s2/heterophily_rewire_oracle/0.30/seed_1/graph.bin,/kaggle/working/gfd-robustness-v4-factorial-r1/graphs/base/yelpchi/r60_s2/graph.bin,ok,
gfd_robustness_benchmark_v4_factorial,yelpchi,r60_s2,1,1,heterophily_rewire_oracle,0.3,secgfd,train_on_variant,1.0,1.0,1.0,0.5815147757530212,1.4638220519991592,13,3,1.0,roc_auc,early_stopping,45954,8051348,175.2045135498047,149.0,175.2045135498047,175.0,0.4587411880493164,0.1452974677085876,/kaggle/working/gfd-robustness-v4-factorial-r1/graphs/base/yelpchi/r60_s2/graph.bin,/kaggle/working/gfd-robustness-v4-factorial-r1/graphs/variants/yelpchi/r60_s2/heterophily_rewire_oracle/0.30/seed_1/graph.bin,/kaggle/working/gfd-robustness-v4-factorial-r1/graphs/variants/yelpchi/r60_s2/heterophily_rewire_oracle/0.30/seed_1/graph.bin,ok,
gfd_robustness_benchmark_v4_factorial,yelpchi,r60_s2,1,2,heterophily_rewire_oracle,0.3,mlp,train_clean_eval_all,0.8051940448278595,0.4504607236347623,0.6638554700899604,0.6557482481002808,0.0753464230001554,100,100,0.7907452730554025,roc_auc,max_epochs,45954,8051348,175.2045135498047,149.0,175.2045135498047,175.0,0.4587411880493164,0.1452974677085876,/kaggle/working/gfd-robustness-v4-factorial-r1/graphs/base/yelpchi/r60_s2/graph.bin,/kaggle/working/gfd-robustness-v4-factorial-r1/graphs/variants/yelpchi/r60_s2/heterophily_rewire_oracle/0.30/seed_1/graph.bin,/kaggle/working/gfd-robustness-v4-factorial-r1/graphs/base/yelpchi/r60_s2/graph.bin,ok,
gfd_robustness_benchmark_v4_factorial,yelpchi,r60_s2,1,2,heterophily_rewire_oracle,0.3,mlp,train_on_variant,0.8051940448278595,0.4504607236347623,0.6638554700899604,0.6557482481002808,1.9578197629998613,100,100,0.7907452730554025,roc_auc,max_epochs,45954,8051348,175.2045135498047,149.0,175.2045135498047,175.0,0.4587411880493164,0.1452974677085876,/kaggle/working/gfd-robustness-v4-factorial-r1/graphs/base/yelpchi/r60_s2/graph.bin,/kaggle/working/gfd-robustness-v4-factorial-r1/graphs/variants/yelpchi/r60_s2/heterophily_rewire_oracle/0.30/seed_1/graph.bin,/kaggle/working/gfd-robustness-v4-factorial-r1/graphs/variants/yelpchi/r60_s2/heterophily_rewire_oracle/0.30/seed_1/graph.bin,ok,
gfd_robustness_benchmark_v4_factorial,yelpchi,r60_s2,1,2,heterophily_rewire_oracle,0.3,pmp,train_clean_eval_all,0.7611903865385319,0.3896079830688633,0.6533948874926654,0.1901807934045791,0.2897469550007372,40,30,0.8440517144784805,roc_auc,early_stopping,45954,8051348,175.2045135498047,149.0,175.2045135498047,175.0,0.4587411880493164,0.1452974677085876,/kaggle/working/gfd-robustness-v4-factorial-r1/graphs/base/yelpchi/r60_s2/graph.bin,/kaggle/working/gfd-robustness-v4-factorial-r1/graphs/variants/yelpchi/r60_s2/heterophily_rewire_oracle/0.30/seed_1/graph.bin,/kaggle/working/gfd-robustness-v4-factorial-r1/graphs/base/yelpchi/r60_s2/graph.bin,ok,
gfd_robustness_benchmark_v4_factorial,yelpchi,r60_s2,1,2,heterophily_rewire_oracle,0.3,pmp,train_on_variant,0.9258814346866348,0.706339893792033,0.794866598510825,0.2972143292427063,57.32213907999903,93,83,0.9218369463377653,roc_auc,early_stopping,45954,8051348,175.2045135498047,149.0,175.2045135498047,175.0,0.4587411880493164,0.1452974677085876,/kaggle/working/gfd-robustness-v4-factorial-r1/graphs/base/yelpchi/r60_s2/graph.bin,/kaggle/working/gfd-robustness-v4-factorial-r1/graphs/variants/yelpchi/r60_s2/heterophily_rewire_oracle/0.30/seed_1/graph.bin,/kaggle/working/gfd-robustness-v4-factorial-r1/graphs/variants/yelpchi/r60_s2/heterophily_rewire_oracle/0.30/seed_1/graph.bin,ok,
gfd_robustness_benchmark_v4_factorial,yelpchi,r60_s2,1,2,heterophily_rewire_oracle,0.3,sage,train_clean_eval_all,0.7807188734801274,0.4133241220356847,0.6492192217123536,0.6589797139167786,0.1130544299994653,100,100,0.7880997098629895,roc_auc,max_epochs,45954,8051348,175.2045135498047,149.0,175.2045135498047,175.0,0.4587411880493164,0.1452974677085876,/kaggle/working/gfd-robustness-v4-factorial-r1/graphs/base/yelpchi/r60_s2/graph.bin,/kaggle/working/gfd-robustness-v4-factorial-r1/graphs/variants/yelpchi/r60_s2/heterophily_rewire_oracle/0.30/seed_1/graph.bin,/kaggle/working/gfd-robustness-v4-factorial-r1/graphs/base/yelpchi/r60_s2/graph.bin,ok,
gfd_robustness_benchmark_v4_factorial,yelpchi,r60_s2,1,2,heterophily_rewire_oracle,0.3,sage,train_on_variant,0.9162869049324976,0.6933510121486981,0.7856112367329879,0.7223478555679321,3.4334148410016496,100,100,0.9066048724899096,roc_auc,max_epochs,45954,8051348,175.2045135498047,149.0,175.2045135498047,175.0,0.4587411880493164,0.1452974677085876,/kaggle/working/gfd-robustness-v4-factorial-r1/graphs/base/yelpchi/r60_s2/graph.bin,/kaggle/working/gfd-robustness-v4-factorial-r1/graphs/variants/yelpchi/r60_s2/heterophily_rewire_oracle/0.30/seed_1/graph.bin,/kaggle/working/gfd-robustness-v4-factorial-r1/graphs/variants/yelpchi/r60_s2/heterophily_rewire_oracle/0.30/seed_1/graph.bin,ok,
gfd_robustness_benchmark_v4_factorial,yelpchi,r60_s2,1,2,heterophily_rewire_oracle,0.3,secgfd,train_clean_eval_all,0.5854269058624096,0.183394210673497,0.5155662595982207,0.7028029561042786,0.1630517640005564,50,46,0.8013154149293015,roc_auc,max_epochs,45954,8051348,175.2045135498047,149.0,175.2045135498047,175.0,0.4587411880493164,0.1452974677085876,/kaggle/working/gfd-robustness-v4-factorial-r1/graphs/base/yelpchi/r60_s2/graph.bin,/kaggle/working/gfd-robustness-v4-factorial-r1/graphs/variants/yelpchi/r60_s2/heterophily_rewire_oracle/0.30/seed_1/graph.bin,/kaggle/working/gfd-robustness-v4-factorial-r1/graphs/base/yelpchi/r60_s2/graph.bin,ok,
gfd_robustness_benchmark_v4_factorial,yelpchi,r60_s2,1,2,heterophily_rewire_oracle,0.3,secgfd,train_on_variant,1.0,1.0,1.0,0.544152557849884,1.373862819000351,12,2,1.0,roc_auc,early_stopping,45954,8051348,175.2045135498047,149.0,175.2045135498047,175.0,0.4587411880493164,0.1452974677085876,/kaggle/working/gfd-robustness-v4-factorial-r1/graphs/base/yelpchi/r60_s2/graph.bin,/kaggle/working/gfd-robustness-v4-factorial-r1/graphs/variants/yelpchi/r60_s2/heterophily_rewire_oracle/0.30/seed_1/graph.bin,/kaggle/working/gfd-robustness-v4-factorial-r1/graphs/variants/yelpchi/r60_s2/heterophily_rewire_oracle/0.30/seed_1/graph.bin,ok,
gfd_robustness_benchmark_v4_factorial,yelpchi,r60_s2,1,3,heterophily_rewire_oracle,0.3,mlp,train_clean_eval_all,0.8033646619693403,0.442421243508313,0.6642026960679807,0.6678695678710938,0.102130044997466,100,100,0.7883936613288132,roc_auc,max_epochs,45954,8051348,175.2045135498047,149.0,175.2045135498047,175.0,0.4587411880493164,0.1452974677085876,/kaggle/working/gfd-robustness-v4-factorial-r1/graphs/base/yelpchi/r60_s2/graph.bin,/kaggle/working/gfd-robustness-v4-factorial-r1/graphs/variants/yelpchi/r60_s2/heterophily_rewire_oracle/0.30/seed_1/graph.bin,/kaggle/working/gfd-robustness-v4-factorial-r1/graphs/base/yelpchi/r60_s2/graph.bin,ok,
gfd_robustness_benchmark_v4_factorial,yelpchi,r60_s2,1,3,heterophily_rewire_oracle,0.3,mlp,train_on_variant,0.8033646619693403,0.442421243508313,0.6642026960679807,0.6678695678710938,2.051351735000935,100,100,0.7883936613288132,roc_auc,max_epochs,45954,8051348,175.2045135498047,149.0,175.2045135498047,175.0,0.4587411880493164,0.1452974677085876,/kaggle/working/gfd-robustness-v4-factorial-r1/graphs/base/yelpchi/r60_s2/graph.bin,/kaggle/working/gfd-robustness-v4-factorial-r1/graphs/variants/yelpchi/r60_s2/heterophily_rewire_oracle/0.30/seed_1/graph.bin,/kaggle/working/gfd-robustness-v4-factorial-r1/graphs/variants/yelpchi/r60_s2/heterophily_rewire_oracle/0.30/seed_1/graph.bin,ok,
gfd_robustness_benchmark_v4_factorial,yelpchi,r60_s2,1,3,heterophily_rewire_oracle,0.3,pmp,train_clean_eval_all,0.7424599947254168,0.3505544417298813,0.6207526252910512,0.2736212313175201,0.302544588001183,69,59,0.8491953168024374,roc_auc,early_stopping,45954,8051348,175.2045135498047,149.0,175.2045135498047,175.0,0.4587411880493164,0.1452974677085876,/kaggle/working/gfd-robustness-v4-factorial-r1/graphs/base/yelpchi/r60_s2/graph.bin,/kaggle/working/gfd-robustness-v4-factorial-r1/graphs/variants/yelpchi/r60_s2/heterophily_rewire_oracle/0.30/seed_1/graph.bin,/kaggle/working/gfd-robustness-v4-factorial-r1/graphs/base/yelpchi/r60_s2/graph.bin,ok,
gfd_robustness_benchmark_v4_factorial,yelpchi,r60_s2,1,3,heterophily_rewire_oracle,0.3,pmp,train_on_variant,0.92492713148042,0.7125081970872906,0.7999888796492011,0.368384450674057,54.50430638400212,88,78,0.9292384201479532,roc_auc,early_stopping,45954,8051348,175.2045135498047,149.0,175.2045135498047,175.0,0.4587411880493164,0.1452974677085876,/kaggle/working/gfd-robustness-v4-factorial-r1/graphs/base/yelpchi/r60_s2/graph.bin,/kaggle/working/gfd-robustness-v4-factorial-r1/graphs/variants/yelpchi/r60_s2/heterophily_rewire_oracle/0.30/seed_1/graph.bin,/kaggle/working/gfd-robustness-v4-factorial-r1/graphs/variants/yelpchi/r60_s2/heterophily_rewire_oracle/0.30/seed_1/graph.bin,ok,
gfd_robustness_benchmark_v4_factorial,yelpchi,r60_s2,1,3,heterophily_rewire_oracle,0.3,sage,train_clean_eval_all,0.7711513073649036,0.4019933636383817,0.6458204973677152,0.6763745546340942,0.1242044899991015,100,100,0.7781531837590027,roc_auc,max_epochs,45954,8051348,175.2045135498047,149.0,175.2045135498047,175.0,0.4587411880493164,0.1452974677085876,/kaggle/working/gfd-robustness-v4-factorial-r1/graphs/base/yelpchi/r60_s2/graph.bin,/kaggle/working/gfd-robustness-v4-factorial-r1/graphs/variants/yelpchi/r60_s2/heterophily_rewire_oracle/0.30/seed_1/graph.bin,/kaggle/working/gfd-robustness-v4-factorial-r1/graphs/base/yelpchi/r60_s2/graph.bin,ok,
gfd_robustness_benchmark_v4_factorial,yelpchi,r60_s2,1,3,heterophily_rewire_oracle,0.3,sage,train_on_variant,0.9162739947802968,0.6973037287983715,0.7892034699404433,0.4464315176010132,3.269846556999255,100,93,0.906654841855065,roc_auc,max_epochs,45954,8051348,175.2045135498047,149.0,175.2045135498047,175.0,0.4587411880493164,0.1452974677085876,/kaggle/working/gfd-robustness-v4-factorial-r1/graphs/base/yelpchi/r60_s2/graph.bin,/kaggle/working/gfd-robustness-v4-factorial-r1/graphs/variants/yelpchi/r60_s2/heterophily_rewire_oracle/0.30/seed_1/graph.bin,/kaggle/working/gfd-robustness-v4-factorial-r1/graphs/variants/yelpchi/r60_s2/heterophily_rewire_oracle/0.30/seed_1/graph.bin,ok,
gfd_robustness_benchmark_v4_factorial,yelpchi,r60_s2,1,3,heterophily_rewire_oracle,0.3,secgfd,train_clean_eval_all,0.4535755214367599,0.1257081855989807,0.466046788801238,0.6787847280502319,0.1661176410016196,50,50,0.7989556498043899,roc_auc,max_epochs,45954,8051348,175.2045135498047,149.0,175.2045135498047,175.0,0.4587411880493164,0.1452974677085876,/kaggle/working/gfd-robustness-v4-factorial-r1/graphs/base/yelpchi/r60_s2/graph.bin,/kaggle/working/gfd-robustness-v4-factorial-r1/graphs/variants/yelpchi/r60_s2/heterophily_rewire_oracle/0.30/seed_1/graph.bin,/kaggle/working/gfd-robustness-v4-factorial-r1/graphs/base/yelpchi/r60_s2/graph.bin,ok,
gfd_robustness_benchmark_v4_factorial,yelpchi,r60_s2,1,3,heterophily_rewire_oracle,0.3,secgfd,train_on_variant,1.0,1.0,0.9993425415504036,0.6449535489082336,1.3626393099984853,12,2,1.0,roc_auc,early_stopping,45954,8051348,175.2045135498047,149.0,175.2045135498047,175.0,0.4587411880493164,0.1452974677085876,/kaggle/working/gfd-robustness-v4-factorial-r1/graphs/base/yelpchi/r60_s2/graph.bin,/kaggle/working/gfd-robustness-v4-factorial-r1/graphs/variants/yelpchi/r60_s2/heterophily_rewire_oracle/0.30/seed_1/graph.bin,/kaggle/working/gfd-robustness-v4-factorial-r1/graphs/variants/yelpchi/r60_s2/heterophily_rewire_oracle/0.30/seed_1/graph.bin,ok,
gfd_robustness_benchmark_v4_factorial,yelpchi,r60_s2,1,4,heterophily_rewire_oracle,0.3,mlp,train_clean_eval_all,0.8016106915496909,0.4485908504844914,0.6622104135282587,0.6817144751548767,0.1015402949997223,100,100,0.7873558433879992,roc_auc,max_epochs,45954,8051348,175.2045135498047,149.0,175.2045135498047,175.0,0.4587411880493164,0.1452974677085876,/kaggle/working/gfd-robustness-v4-factorial-r1/graphs/base/yelpchi/r60_s2/graph.bin,/kaggle/working/gfd-robustness-v4-factorial-r1/graphs/variants/yelpchi/r60_s2/heterophily_rewire_oracle/0.30/seed_1/graph.bin,/kaggle/working/gfd-robustness-v4-factorial-r1/graphs/base/yelpchi/r60_s2/graph.bin,ok,
gfd_robustness_benchmark_v4_factorial,yelpchi,r60_s2,1,4,heterophily_rewire_oracle,0.3,mlp,train_on_variant,0.8016106915496909,0.4485908504844914,0.6622104135282587,0.6817144751548767,1.6263455169973895,100,100,0.7873558433879992,roc_auc,max_epochs,45954,8051348,175.2045135498047,149.0,175.2045135498047,175.0,0.4587411880493164,0.1452974677085876,/kaggle/working/gfd-robustness-v4-factorial-r1/graphs/base/yelpchi/r60_s2/graph.bin,/kaggle/working/gfd-robustness-v4-factorial-r1/graphs/variants/yelpchi/r60_s2/heterophily_rewire_oracle/0.30/seed_1/graph.bin,/kaggle/working/gfd-robustness-v4-factorial-r1/graphs/variants/yelpchi/r60_s2/heterophily_rewire_oracle/0.30/seed_1/graph.bin,ok,
gfd_robustness_benchmark_v4_factorial,yelpchi,r60_s2,1,4,heterophily_rewire_oracle,0.3,pmp,train_clean_eval_all,0.780889944906521,0.4120282534513637,0.659752191713139,0.2757417559623718,0.297608531996957,76,66,0.8606669098381956,roc_auc,early_stopping,45954,8051348,175.2045135498047,149.0,175.2045135498047,175.0,0.4587411880493164,0.1452974677085876,/kaggle/working/gfd-robustness-v4-factorial-r1/graphs/base/yelpchi/r60_s2/graph.bin,/kaggle/working/gfd-robustness-v4-factorial-r1/graphs/variants/yelpchi/r60_s2/heterophily_rewire_oracle/0.30/seed_1/graph.bin,/kaggle/working/gfd-robustness-v4-factorial-r1/graphs/base/yelpchi/r60_s2/graph.bin,ok,
gfd_robustness_benchmark_v4_factorial,yelpchi,r60_s2,1,4,heterophily_rewire_oracle,0.3,pmp,train_on_variant,0.9243638486773906,0.6934050792942646,0.7990613350919555,0.4472460448741913,53.077538134999486,86,76,0.9276880347687606,roc_auc,early_stopping,45954,8051348,175.2045135498047,149.0,175.2045135498047,175.0,0.4587411880493164,0.1452974677085876,/kaggle/working/gfd-robustness-v4-factorial-r1/graphs/base/yelpchi/r60_s2/graph.bin,/kaggle/working/gfd-robustness-v4-factorial-r1/graphs/variants/yelpchi/r60_s2/heterophily_rewire_oracle/0.30/seed_1/graph.bin,/kaggle/working/gfd-robustness-v4-factorial-r1/graphs/variants/yelpchi/r60_s2/heterophily_rewire_oracle/0.30/seed_1/graph.bin,ok,
gfd_robustness_benchmark_v4_factorial,yelpchi,r60_s2,1,4,heterophily_rewire_oracle,0.3,sage,train_clean_eval_all,0.7800831794913229,0.4128238238701174,0.6498925910690616,0.695338249206543,0.1044056950013327,100,100,0.7833725030217639,roc_auc,max_epochs,45954,8051348,175.2045135498047,149.0,175.2045135498047,175.0,0.4587411880493164,0.1452974677085876,/kaggle/working/gfd-robustness-v4-factorial-r1/graphs/base/yelpchi/r60_s2/graph.bin,/kaggle/working/gfd-robustness-v4-factorial-r1/graphs/variants/yelpchi/r60_s2/heterophily_rewire_oracle/0.30/seed_1/graph.bin,/kaggle/working/gfd-robustness-v4-factorial-r1/graphs/base/yelpchi/r60_s2/graph.bin,ok,
gfd_robustness_benchmark_v4_factorial,yelpchi,r60_s2,1,4,heterophily_rewire_oracle,0.3,sage,train_on_variant,0.9108782181055404,0.6765392076021527,0.7796683703970704,0.6369079947471619,3.266238798001723,100,100,0.9010355769482928,roc_auc,max_epochs,45954,8051348,175.2045135498047,149.0,175.2045135498047,175.0,0.4587411880493164,0.1452974677085876,/kaggle/working/gfd-robustness-v4-factorial-r1/graphs/base/yelpchi/r60_s2/graph.bin,/kaggle/working/gfd-robustness-v4-factorial-r1/graphs/variants/yelpchi/r60_s2/heterophily_rewire_oracle/0.30/seed_1/graph.bin,/kaggle/working/gfd-robustness-v4-factorial-r1/graphs/variants/yelpchi/r60_s2/heterophily_rewire_oracle/0.30/seed_1/graph.bin,ok,
gfd_robustness_benchmark_v4_factorial,yelpchi,r60_s2,1,4,heterophily_rewire_oracle,0.3,secgfd,train_clean_eval_all,0.4738966726679025,0.125220564091219,0.454335709988967,0.7039106488227844,0.1398826650001865,50,50,0.786382585104075,roc_auc,max_epochs,45954,8051348,175.2045135498047,149.0,175.2045135498047,175.0,0.4587411880493164,0.1452974677085876,/kaggle/working/gfd-robustness-v4-factorial-r1/graphs/base/yelpchi/r60_s2/graph.bin,/kaggle/working/gfd-robustness-v4-factorial-r1/graphs/variants/yelpchi/r60_s2/heterophily_rewire_oracle/0.30/seed_1/graph.bin,/kaggle/working/gfd-robustness-v4-factorial-r1/graphs/base/yelpchi/r60_s2/graph.bin,ok,
gfd_robustness_benchmark_v4_factorial,yelpchi,r60_s2,1,4,heterophily_rewire_oracle,0.3,secgfd,train_on_variant,1.0,1.0,1.0,0.6770713329315186,1.3474971370014828,12,2,1.0,roc_auc,early_stopping,45954,8051348,175.2045135498047,149.0,175.2045135498047,175.0,0.4587411880493164,0.1452974677085876,/kaggle/working/gfd-robustness-v4-factorial-r1/graphs/base/yelpchi/r60_s2/graph.bin,/kaggle/working/gfd-robustness-v4-factorial-r1/graphs/variants/yelpchi/r60_s2/heterophily_rewire_oracle/0.30/seed_1/graph.bin,/kaggle/working/gfd-robustness-v4-factorial-r1/graphs/variants/yelpchi/r60_s2/heterophily_rewire_oracle/0.30/seed_1/graph.bin,ok,
gfd_robustness_benchmark_v4_factorial,yelpchi,r60_s2,0,0,noise_edges_uniform,0.1,mlp,train_clean_eval_all,0.8100983305791676,0.4587374752549941,0.6746461063940257,0.6971318125724792,0.0665916889993241,100,100,0.7956221495886349,roc_auc,max_epochs,45954,8856482,192.7249450683593,193.0,192.7249450683593,192.0,0.2288910001516342,0.1452974677085876,/kaggle/working/gfd-robustness-v4-factorial-r1/graphs/base/yelpchi/r60_s2/graph.bin,/kaggle/working/gfd-robustness-v4-factorial-r1/graphs/variants/yelpchi/r60_s2/noise_edges_uniform/0.10/seed_0/graph.bin,/kaggle/working/gfd-robustness-v4-factorial-r1/graphs/base/yelpchi/r60_s2/graph.bin,ok,
gfd_robustness_benchmark_v4_factorial,yelpchi,r60_s2,0,0,noise_edges_uniform,0.1,mlp,train_on_variant,0.8100983305791676,0.4587374752549941,0.6746461063940257,0.6971318125724792,2.052189066998835,100,100,0.7956221495886349,roc_auc,max_epochs,45954,8856482,192.7249450683593,193.0,192.7249450683593,192.0,0.2288910001516342,0.1452974677085876,/kaggle/working/gfd-robustness-v4-factorial-r1/graphs/base/yelpchi/r60_s2/graph.bin,/kaggle/working/gfd-robustness-v4-factorial-r1/graphs/variants/yelpchi/r60_s2/noise_edges_uniform/0.10/seed_0/graph.bin,/kaggle/working/gfd-robustness-v4-factorial-r1/graphs/variants/yelpchi/r60_s2/noise_edges_uniform/0.10/seed_0/graph.bin,ok,
gfd_robustness_benchmark_v4_factorial,yelpchi,r60_s2,0,0,noise_edges_uniform,0.1,pmp,train_clean_eval_all,0.8458438266034123,0.5507516611720386,0.714000354699299,0.2557673752307892,0.3257318640025914,55,45,0.8496737448653855,roc_auc,early_stopping,45954,8856482,192.72494506835932,193.0,192.72494506835932,192.0,0.2288910001516342,0.1452974677085876,/kaggle/working/gfd-robustness-v4-factorial-r1/graphs/base/yelpchi/r60_s2/graph.bin,/kaggle/working/gfd-robustness-v4-factorial-r1/graphs/variants/yelpchi/r60_s2/noise_edges_uniform/0.10/seed_0/graph.bin,/kaggle/working/gfd-robustness-v4-factorial-r1/graphs/base/yelpchi/r60_s2/graph.bin,ok,
gfd_robustness_benchmark_v4_factorial,yelpchi,r60_s2,0,0,noise_edges_uniform,0.1,pmp,train_on_variant,0.8672417131114553,0.5927995403093171,0.7402515865801466,0.2621103823184967,43.51281573499728,76,66,0.8526634672922373,roc_auc,early_stopping,45954,8856482,192.7249450683593,193.0,192.7249450683593,192.0,0.2288910001516342,0.1452974677085876,/kaggle/working/gfd-robustness-v4-factorial-r1/graphs/base/yelpchi/r60_s2/graph.bin,/kaggle/working/gfd-robustness-v4-factorial-r1/graphs/variants/yelpchi/r60_s2/noise_edges_uniform/0.10/seed_0/graph.bin,/kaggle/working/gfd-robustness-v4-factorial-r1/graphs/variants/yelpchi/r60_s2/noise_edges_uniform/0.10/seed_0/graph.bin,ok,
gfd_robustness_benchmark_v4_factorial,yelpchi,r60_s2,0,0,noise_edges_uniform,0.1,sage,train_clean_eval_all,0.8032977769003744,0.4524667353624545,0.6674105019748593,0.6634995937347412,0.1179537860007258,100,100,0.7932715868372682,roc_auc,max_epochs,45954,8856482,192.7249450683593,193.0,192.7249450683593,192.0,0.2288910001516342,0.1452974677085876,/kaggle/working/gfd-robustness-v4-factorial-r1/graphs/base/yelpchi/r60_s2/graph.bin,/kaggle/working/gfd-robustness-v4-factorial-r1/graphs/variants/yelpchi/r60_s2/noise_edges_uniform/0.10/seed_0/graph.bin,/kaggle/working/gfd-robustness-v4-factorial-r1/graphs/base/yelpchi/r60_s2/graph.bin,ok,
gfd_robustness_benchmark_v4_factorial,yelpchi,r60_s2,0,0,noise_edges_uniform,0.1,sage,train_on_variant,0.7891749755326415,0.4349306598840246,0.659164589390862,0.6268197298049927,3.512763632999849,100,100,0.7727491494956574,roc_auc,max_epochs,45954,8856482,192.7249450683593,193.0,192.7249450683593,192.0,0.2288910001516342,0.1452974677085876,/kaggle/working/gfd-robustness-v4-factorial-r1/graphs/base/yelpchi/r60_s2/graph.bin,/kaggle/working/gfd-robustness-v4-factorial-r1/graphs/variants/yelpchi/r60_s2/noise_edges_uniform/0.10/seed_0/graph.bin,/kaggle/working/gfd-robustness-v4-factorial-r1/graphs/variants/yelpchi/r60_s2/noise_edges_uniform/0.10/seed_0/graph.bin,ok,
gfd_robustness_benchmark_v4_factorial,yelpchi,r60_s2,0,0,noise_edges_uniform,0.1,secgfd,train_clean_eval_all,0.8207337234898838,0.4859219152649779,0.6895050635892322,0.6121960878372192,0.2154847300007532,50,50,0.8036778501729617,roc_auc,max_epochs,45954,8856482,192.7249450683593,193.0,192.7249450683593,192.0,0.2288910001516342,0.1452974677085876,/kaggle/working/gfd-robustness-v4-factorial-r1/graphs/base/yelpchi/r60_s2/graph.bin,/kaggle/working/gfd-robustness-v4-factorial-r1/graphs/variants/yelpchi/r60_s2/noise_edges_uniform/0.10/seed_0/graph.bin,/kaggle/working/gfd-robustness-v4-factorial-r1/graphs/base/yelpchi/r60_s2/graph.bin,ok,
gfd_robustness_benchmark_v4_factorial,yelpchi,r60_s2,0,0,noise_edges_uniform,0.1,secgfd,train_on_variant,0.8307434742277157,0.5166198359327254,0.6964128238635706,0.6895636320114136,5.24226569700113,50,50,0.8152731746043098,roc_auc,max_epochs,45954,8856482,192.7249450683593,193.0,192.7249450683593,192.0,0.2288910001516342,0.1452974677085876,/kaggle/working/gfd-robustness-v4-factorial-r1/graphs/base/yelpchi/r60_s2/graph.bin,/kaggle/working/gfd-robustness-v4-factorial-r1/graphs/variants/yelpchi/r60_s2/noise_edges_uniform/0.10/seed_0/graph.bin,/kaggle/working/gfd-robustness-v4-factorial-r1/graphs/variants/yelpchi/r60_s2/noise_edges_uniform/0.10/seed_0/graph.bin,ok,
gfd_robustness_benchmark_v4_factorial,yelpchi,r60_s2,0,1,noise_edges_uniform,0.1,mlp,train_clean_eval_all,0.8014226606613657,0.4473605327471914,0.6604104662698413,0.655698835849762,0.0867264039989095,100,100,0.7890084561707159,roc_auc,max_epochs,45954,8856482,192.7249450683593,193.0,192.7249450683593,192.0,0.2288910001516342,0.1452974677085876,/kaggle/working/gfd-robustness-v4-factorial-r1/graphs/base/yelpchi/r60_s2/graph.bin,/kaggle/working/gfd-robustness-v4-factorial-r1/graphs/variants/yelpchi/r60_s2/noise_edges_uniform/0.10/seed_0/graph.bin,/kaggle/working/gfd-robustness-v4-factorial-r1/graphs/base/yelpchi/r60_s2/graph.bin,ok,
gfd_robustness_benchmark_v4_factorial,yelpchi,r60_s2,0,1,noise_edges_uniform,0.1,mlp,train_on_variant,0.8014226606613657,0.4473605327471914,0.6604104662698413,0.655698835849762,1.979063126000256,100,100,0.7890084561707159,roc_auc,max_epochs,45954,8856482,192.7249450683593,193.0,192.7249450683593,192.0,0.2288910001516342,0.1452974677085876,/kaggle/working/gfd-robustness-v4-factorial-r1/graphs/base/yelpchi/r60_s2/graph.bin,/kaggle/working/gfd-robustness-v4-factorial-r1/graphs/variants/yelpchi/r60_s2/noise_edges_uniform/0.10/seed_0/graph.bin,/kaggle/working/gfd-robustness-v4-factorial-r1/graphs/variants/yelpchi/r60_s2/noise_edges_uniform/0.10/seed_0/graph.bin,ok,
gfd_robustness_benchmark_v4_factorial,yelpchi,r60_s2,0,1,noise_edges_uniform,0.1,pmp,train_clean_eval_all,0.8493275668622022,0.5641359418090095,0.717148735000376,0.4313299655914306,0.4006744120015355,59,49,0.8501764424005321,roc_auc,early_stopping,45954,8856482,192.72494506835932,193.0,192.72494506835932,192.0,0.2288910001516342,0.1452974677085876,/kaggle/working/gfd-robustness-v4-factorial-r1/graphs/base/yelpchi/r60_s2/graph.bin,/kaggle/working/gfd-robustness-v4-factorial-r1/graphs/variants/yelpchi/r60_s2/noise_edges_uniform/0.10/seed_0/graph.bin,/kaggle/working/gfd-robustness-v4-factorial-r1/graphs/base/yelpchi/r60_s2/graph.bin,ok,
gfd_robustness_benchmark_v4_factorial,yelpchi,r60_s2,0,1,noise_edges_uniform,0.1,pmp,train_on_variant,0.850837911752869,0.5770174779603732,0.7170754364899072,0.3658869862556457,32.41399536700192,57,47,0.839192384439883,roc_auc,early_stopping,45954,8856482,192.7249450683593,193.0,192.7249450683593,192.0,0.2288910001516342,0.1452974677085876,/kaggle/working/gfd-robustness-v4-factorial-r1/graphs/base/yelpchi/r60_s2/graph.bin,/kaggle/working/gfd-robustness-v4-factorial-r1/graphs/variants/yelpchi/r60_s2/noise_edges_uniform/0.10/seed_0/graph.bin,/kaggle/working/gfd-robustness-v4-factorial-r1/graphs/variants/yelpchi/r60_s2/noise_edges_uniform/0.10/seed_0/graph.bin,ok,
gfd_robustness_benchmark_v4_factorial,yelpchi,r60_s2,0,1,noise_edges_uniform,0.1,sage,train_clean_eval_all,0.6186853158499701,0.2059942331631682,0.5457740714778778,0.2929745614528656,0.1153799720013921,23,13,0.6051568098756249,roc_auc,early_stopping,45954,8856482,192.7249450683593,193.0,192.7249450683593,192.0,0.2288910001516342,0.1452974677085876,/kaggle/working/gfd-robustness-v4-factorial-r1/graphs/base/yelpchi/r60_s2/graph.bin,/kaggle/working/gfd-robustness-v4-factorial-r1/graphs/variants/yelpchi/r60_s2/noise_edges_uniform/0.10/seed_0/graph.bin,/kaggle/working/gfd-robustness-v4-factorial-r1/graphs/base/yelpchi/r60_s2/graph.bin,ok,
gfd_robustness_benchmark_v4_factorial,yelpchi,r60_s2,0,1,noise_edges_uniform,0.1,sage,train_on_variant,0.6228280931771895,0.212626305440443,0.5499693361778715,0.2914158701896667,0.9745258350012592,23,13,0.6057431393444381,roc_auc,early_stopping,45954,8856482,192.7249450683593,193.0,192.7249450683593,192.0,0.2288910001516342,0.1452974677085876,/kaggle/working/gfd-robustness-v4-factorial-r1/graphs/base/yelpchi/r60_s2/graph.bin,/kaggle/working/gfd-robustness-v4-factorial-r1/graphs/variants/yelpchi/r60_s2/noise_edges_uniform/0.10/seed_0/graph.bin,/kaggle/working/gfd-robustness-v4-factorial-r1/graphs/variants/yelpchi/r60_s2/noise_edges_uniform/0.10/seed_0/graph.bin,ok,
gfd_robustness_benchmark_v4_factorial,yelpchi,r60_s2,0,1,noise_edges_uniform,0.1,secgfd,train_clean_eval_all,0.8015156995072991,0.4543755743807054,0.6730619684879946,0.6578896045684814,0.1966668890017899,50,50,0.7875019370281101,roc_auc,max_epochs,45954,8856482,192.7249450683593,193.0,192.7249450683593,192.0,0.2288910001516342,0.1452974677085876,/kaggle/working/gfd-robustness-v4-factorial-r1/graphs/base/yelpchi/r60_s2/graph.bin,/kaggle/working/gfd-robustness-v4-factorial-r1/graphs/variants/yelpchi/r60_s2/noise_edges_uniform/0.10/seed_0/graph.bin,/kaggle/working/gfd-robustness-v4-factorial-r1/graphs/base/yelpchi/r60_s2/graph.bin,ok,
gfd_robustness_benchmark_v4_factorial,yelpchi,r60_s2,0,1,noise_edges_uniform,0.1,secgfd,train_on_variant,0.8047960215007867,0.4582582194579975,0.6653534406231263,0.7353764176368713,5.277594840001257,50,50,0.7943943240904312,roc_auc,max_epochs,45954,8856482,192.7249450683593,193.0,192.7249450683593,192.0,0.2288910001516342,0.1452974677085876,/kaggle/working/gfd-robustness-v4-factorial-r1/graphs/base/yelpchi/r60_s2/graph.bin,/kaggle/working/gfd-robustness-v4-factorial-r1/graphs/variants/yelpchi/r60_s2/noise_edges_uniform/0.10/seed_0/graph.bin,/kaggle/working/gfd-robustness-v4-factorial-r1/graphs/variants/yelpchi/r60_s2/noise_edges_uniform/0.10/seed_0/graph.bin,ok,
gfd_robustness_benchmark_v4_factorial,yelpchi,r60_s2,0,2,noise_edges_uniform,0.1,mlp,train_clean_eval_all,0.8051940448278595,0.4504607236347623,0.6638554700899604,0.6557482481002808,0.0950992120015143,100,100,0.7907452730554025,roc_auc,max_epochs,45954,8856482,192.7249450683593,193.0,192.7249450683593,192.0,0.2288910001516342,0.1452974677085876,/kaggle/working/gfd-robustness-v4-factorial-r1/graphs/base/yelpchi/r60_s2/graph.bin,/kaggle/working/gfd-robustness-v4-factorial-r1/graphs/variants/yelpchi/r60_s2/noise_edges_uniform/0.10/seed_0/graph.bin,/kaggle/working/gfd-robustness-v4-factorial-r1/graphs/base/yelpchi/r60_s2/graph.bin,ok,
gfd_robustness_benchmark_v4_factorial,yelpchi,r60_s2,0,2,noise_edges_uniform,0.1,mlp,train_on_variant,0.8051940448278595,0.4504607236347623,0.6638554700899604,0.6557482481002808,1.6354648920023465,100,100,0.7907452730554025,roc_auc,max_epochs,45954,8856482,192.7249450683593,193.0,192.7249450683593,192.0,0.2288910001516342,0.1452974677085876,/kaggle/working/gfd-robustness-v4-factorial-r1/graphs/base/yelpchi/r60_s2/graph.bin,/kaggle/working/gfd-robustness-v4-factorial-r1/graphs/variants/yelpchi/r60_s2/noise_edges_uniform/0.10/seed_0/graph.bin,/kaggle/working/gfd-robustness-v4-factorial-r1/graphs/variants/yelpchi/r60_s2/noise_edges_uniform/0.10/seed_0/graph.bin,ok,
gfd_robustness_benchmark_v4_factorial,yelpchi,r60_s2,0,2,noise_edges_uniform,0.1,pmp,train_clean_eval_all,0.8407613712239472,0.5527652656162908,0.7121329069442881,0.1901807934045791,0.2725506160022632,40,30,0.8440517144784805,roc_auc,early_stopping,45954,8856482,192.72494506835932,193.0,192.72494506835932,192.0,0.2288910001516342,0.1452974677085876,/kaggle/working/gfd-robustness-v4-factorial-r1/graphs/base/yelpchi/r60_s2/graph.bin,/kaggle/working/gfd-robustness-v4-factorial-r1/graphs/variants/yelpchi/r60_s2/noise_edges_uniform/0.10/seed_0/graph.bin,/kaggle/working/gfd-robustness-v4-factorial-r1/graphs/base/yelpchi/r60_s2/graph.bin,ok,
gfd_robustness_benchmark_v4_factorial,yelpchi,r60_s2,0,2,noise_edges_uniform,0.1,pmp,train_on_variant,0.849686383343293,0.5537442476843897,0.7141427301095642,0.3689119815826416,28.750715439000487,50,40,0.8394059462590922,roc_auc,early_stopping,45954,8856482,192.7249450683593,193.0,192.7249450683593,192.0,0.2288910001516342,0.1452974677085876,/kaggle/working/gfd-robustness-v4-factorial-r1/graphs/base/yelpchi/r60_s2/graph.bin,/kaggle/working/gfd-robustness-v4-factorial-r1/graphs/variants/yelpchi/r60_s2/noise_edges_uniform/0.10/seed_0/graph.bin,/kaggle/working/gfd-robustness-v4-factorial-r1/graphs/variants/yelpchi/r60_s2/noise_edges_uniform/0.10/seed_0/graph.bin,ok,
gfd_robustness_benchmark_v4_factorial,yelpchi,r60_s2,0,2,noise_edges_uniform,0.1,sage,train_clean_eval_all,0.8000125480962719,0.4527988457544389,0.6647832751634963,0.6589797139167786,0.1358142040007806,100,100,0.7880997098629895,roc_auc,max_epochs,45954,8856482,192.7249450683593,193.0,192.7249450683593,192.0,0.2288910001516342,0.1452974677085876,/kaggle/working/gfd-robustness-v4-factorial-r1/graphs/base/yelpchi/r60_s2/graph.bin,/kaggle/working/gfd-robustness-v4-factorial-r1/graphs/variants/yelpchi/r60_s2/noise_edges_uniform/0.10/seed_0/graph.bin,/kaggle/working/gfd-robustness-v4-factorial-r1/graphs/base/yelpchi/r60_s2/graph.bin,ok,
gfd_robustness_benchmark_v4_factorial,yelpchi,r60_s2,0,2,noise_edges_uniform,0.1,sage,train_on_variant,0.7913418326280229,0.4380313724404384,0.6552946511238967,0.6068338751792908,3.4856848810013616,100,100,0.7763151407653228,roc_auc,max_epochs,45954,8856482,192.7249450683593,193.0,192.7249450683593,192.0,0.2288910001516342,0.1452974677085876,/kaggle/working/gfd-robustness-v4-factorial-r1/graphs/base/yelpchi/r60_s2/graph.bin,/kaggle/working/gfd-robustness-v4-factorial-r1/graphs/variants/yelpchi/r60_s2/noise_edges_uniform/0.10/seed_0/graph.bin,/kaggle/working/gfd-robustness-v4-factorial-r1/graphs/variants/yelpchi/r60_s2/noise_edges_uniform/0.10/seed_0/graph.bin,ok,
gfd_robustness_benchmark_v4_factorial,yelpchi,r60_s2,0,2,noise_edges_uniform,0.1,secgfd,train_clean_eval_all,0.817821841042965,0.4985905260839321,0.6877608567046847,0.7028029561042786,0.1944366520001494,50,46,0.8013154149293015,roc_auc,max_epochs,45954,8856482,192.7249450683593,193.0,192.7249450683593,192.0,0.2288910001516342,0.1452974677085876,/kaggle/working/gfd-robustness-v4-factorial-r1/graphs/base/yelpchi/r60_s2/graph.bin,/kaggle/working/gfd-robustness-v4-factorial-r1/graphs/variants/yelpchi/r60_s2/noise_edges_uniform/0.10/seed_0/graph.bin,/kaggle/working/gfd-robustness-v4-factorial-r1/graphs/base/yelpchi/r60_s2/graph.bin,ok,
gfd_robustness_benchmark_v4_factorial,yelpchi,r60_s2,0,2,noise_edges_uniform,0.1,secgfd,train_on_variant,0.8123006786833664,0.4842243019084059,0.6857198014912017,0.6736404895782471,5.318271416999778,50,50,0.7975857358441986,roc_auc,max_epochs,45954,8856482,192.7249450683593,193.0,192.7249450683593,192.0,0.2288910001516342,0.1452974677085876,/kaggle/working/gfd-robustness-v4-factorial-r1/graphs/base/yelpchi/r60_s2/graph.bin,/kaggle/working/gfd-robustness-v4-factorial-r1/graphs/variants/yelpchi/r60_s2/noise_edges_uniform/0.10/seed_0/graph.bin,/kaggle/working/gfd-robustness-v4-factorial-r1/graphs/variants/yelpchi/r60_s2/noise_edges_uniform/0.10/seed_0/graph.bin,ok,
gfd_robustness_benchmark_v4_factorial,yelpchi,r60_s2,0,3,noise_edges_uniform,0.1,mlp,train_clean_eval_all,0.8033646619693403,0.442421243508313,0.6642026960679807,0.6678695678710938,0.0960323100007372,100,100,0.7883936613288132,roc_auc,max_epochs,45954,8856482,192.7249450683593,193.0,192.7249450683593,192.0,0.2288910001516342,0.1452974677085876,/kaggle/working/gfd-robustness-v4-factorial-r1/graphs/base/yelpchi/r60_s2/graph.bin,/kaggle/working/gfd-robustness-v4-factorial-r1/graphs/variants/yelpchi/r60_s2/noise_edges_uniform/0.10/seed_0/graph.bin,/kaggle/working/gfd-robustness-v4-factorial-r1/graphs/base/yelpchi/r60_s2/graph.bin,ok,
gfd_robustness_benchmark_v4_factorial,yelpchi,r60_s2,0,3,noise_edges_uniform,0.1,mlp,train_on_variant,0.8033646619693403,0.442421243508313,0.6642026960679807,0.6678695678710938,1.920673489003093,100,100,0.7883936613288132,roc_auc,max_epochs,45954,8856482,192.7249450683593,193.0,192.7249450683593,192.0,0.2288910001516342,0.1452974677085876,/kaggle/working/gfd-robustness-v4-factorial-r1/graphs/base/yelpchi/r60_s2/graph.bin,/kaggle/working/gfd-robustness-v4-factorial-r1/graphs/variants/yelpchi/r60_s2/noise_edges_uniform/0.10/seed_0/graph.bin,/kaggle/working/gfd-robustness-v4-factorial-r1/graphs/variants/yelpchi/r60_s2/noise_edges_uniform/0.10/seed_0/graph.bin,ok,
gfd_robustness_benchmark_v4_factorial,yelpchi,r60_s2,0,3,noise_edges_uniform,0.1,pmp,train_clean_eval_all,0.8484051817444541,0.5651527236394621,0.7121792690695609,0.2736212313175201,0.280646944000182,69,59,0.8491953168024374,roc_auc,early_stopping,45954,8856482,192.72494506835932,193.0,192.72494506835932,192.0,0.2288910001516342,0.1452974677085876,/kaggle/working/gfd-robustness-v4-factorial-r1/graphs/base/yelpchi/r60_s2/graph.bin,/kaggle/working/gfd-robustness-v4-factorial-r1/graphs/variants/yelpchi/r60_s2/noise_edges_uniform/0.10/seed_0/graph.bin,/kaggle/working/gfd-robustness-v4-factorial-r1/graphs/base/yelpchi/r60_s2/graph.bin,ok,
gfd_robustness_benchmark_v4_factorial,yelpchi,r60_s2,0,3,noise_edges_uniform,0.1,pmp,train_on_variant,0.857527228511409,0.5813948449129939,0.7286384994351999,0.2248012423515319,47.954259690999606,84,74,0.8445319067270304,roc_auc,early_stopping,45954,8856482,192.7249450683593,193.0,192.7249450683593,192.0,0.2288910001516342,0.1452974677085876,/kaggle/working/gfd-robustness-v4-factorial-r1/graphs/base/yelpchi/r60_s2/graph.bin,/kaggle/working/gfd-robustness-v4-factorial-r1/graphs/variants/yelpchi/r60_s2/noise_edges_uniform/0.10/seed_0/graph.bin,/kaggle/working/gfd-robustness-v4-factorial-r1/graphs/variants/yelpchi/r60_s2/noise_edges_uniform/0.10/seed_0/graph.bin,ok,
gfd_robustness_benchmark_v4_factorial,yelpchi,r60_s2,0,3,noise_edges_uniform,0.1,sage,train_clean_eval_all,0.7910649551203093,0.4400314263810439,0.6599649858212259,0.6763745546340942,0.1353659490014251,100,100,0.7781531837590027,roc_auc,max_epochs,45954,8856482,192.7249450683593,193.0,192.7249450683593,192.0,0.2288910001516342,0.1452974677085876,/kaggle/working/gfd-robustness-v4-factorial-r1/graphs/base/yelpchi/r60_s2/graph.bin,/kaggle/working/gfd-robustness-v4-factorial-r1/graphs/variants/yelpchi/r60_s2/noise_edges_uniform/0.10/seed_0/graph.bin,/kaggle/working/gfd-robustness-v4-factorial-r1/graphs/base/yelpchi/r60_s2/graph.bin,ok,
gfd_robustness_benchmark_v4_factorial,yelpchi,r60_s2,0,3,noise_edges_uniform,0.1,sage,train_on_variant,0.7924946472889252,0.4401384752173814,0.6600238517936278,0.6209279298782349,3.4679838589981955,100,100,0.7761604646006622,roc_auc,max_epochs,45954,8856482,192.7249450683593,193.0,192.7249450683593,192.0,0.2288910001516342,0.1452974677085876,/kaggle/working/gfd-robustness-v4-factorial-r1/graphs/base/yelpchi/r60_s2/graph.bin,/kaggle/working/gfd-robustness-v4-factorial-r1/graphs/variants/yelpchi/r60_s2/noise_edges_uniform/0.10/seed_0/graph.bin,/kaggle/working/gfd-robustness-v4-factorial-r1/graphs/variants/yelpchi/r60_s2/noise_edges_uniform/0.10/seed_0/graph.bin,ok,
gfd_robustness_benchmark_v4_factorial,yelpchi,r60_s2,0,3,noise_edges_uniform,0.1,secgfd,train_clean_eval_all,0.8144844952406796,0.4844240072133475,0.6842206825529766,0.6787847280502319,0.1948750970004766,50,50,0.7989556498043899,roc_auc,max_epochs,45954,8856482,192.7249450683593,193.0,192.7249450683593,192.0,0.2288910001516342,0.1452974677085876,/kaggle/working/gfd-robustness-v4-factorial-r1/graphs/base/yelpchi/r60_s2/graph.bin,/kaggle/working/gfd-robustness-v4-factorial-r1/graphs/variants/yelpchi/r60_s2/noise_edges_uniform/0.10/seed_0/graph.bin,/kaggle/working/gfd-robustness-v4-factorial-r1/graphs/base/yelpchi/r60_s2/graph.bin,ok,
gfd_robustness_benchmark_v4_factorial,yelpchi,r60_s2,0,3,noise_edges_uniform,0.1,secgfd,train_on_variant,0.817797926296084,0.4953921277974978,0.6852144257522891,0.6220066547393799,5.3009106689969485,50,50,0.7990864379423874,roc_auc,max_epochs,45954,8856482,192.7249450683593,193.0,192.7249450683593,192.0,0.2288910001516342,0.1452974677085876,/kaggle/working/gfd-robustness-v4-factorial-r1/graphs/base/yelpchi/r60_s2/graph.bin,/kaggle/working/gfd-robustness-v4-factorial-r1/graphs/variants/yelpchi/r60_s2/noise_edges_uniform/0.10/seed_0/graph.bin,/kaggle/working/gfd-robustness-v4-factorial-r1/graphs/variants/yelpchi/r60_s2/noise_edges_uniform/0.10/seed_0/graph.bin,ok,
gfd_robustness_benchmark_v4_factorial,yelpchi,r60_s2,0,4,noise_edges_uniform,0.1,mlp,train_clean_eval_all,0.8016106915496909,0.4485908504844914,0.6622104135282587,0.6817144751548767,0.0706767630035756,100,100,0.7873558433879992,roc_auc,max_epochs,45954,8856482,192.7249450683593,193.0,192.7249450683593,192.0,0.2288910001516342,0.1452974677085876,/kaggle/working/gfd-robustness-v4-factorial-r1/graphs/base/yelpchi/r60_s2/graph.bin,/kaggle/working/gfd-robustness-v4-factorial-r1/graphs/variants/yelpchi/r60_s2/noise_edges_uniform/0.10/seed_0/graph.bin,/kaggle/working/gfd-robustness-v4-factorial-r1/graphs/base/yelpchi/r60_s2/graph.bin,ok,
gfd_robustness_benchmark_v4_factorial,yelpchi,r60_s2,0,4,noise_edges_uniform,0.1,mlp,train_on_variant,0.8016106915496909,0.4485908504844914,0.6622104135282587,0.6817144751548767,1.791625465000834,100,100,0.7873558433879992,roc_auc,max_epochs,45954,8856482,192.7249450683593,193.0,192.7249450683593,192.0,0.2288910001516342,0.1452974677085876,/kaggle/working/gfd-robustness-v4-factorial-r1/graphs/base/yelpchi/r60_s2/graph.bin,/kaggle/working/gfd-robustness-v4-factorial-r1/graphs/variants/yelpchi/r60_s2/noise_edges_uniform/0.10/seed_0/graph.bin,/kaggle/working/gfd-robustness-v4-factorial-r1/graphs/variants/yelpchi/r60_s2/noise_edges_uniform/0.10/seed_0/graph.bin,ok,
gfd_robustness_benchmark_v4_factorial,yelpchi,r60_s2,0,4,noise_edges_uniform,0.1,pmp,train_clean_eval_all,0.864048903847092,0.5939384443995033,0.7374820707763452,0.2757417559623718,0.3015897110017249,76,66,0.8606669098381956,roc_auc,early_stopping,45954,8856482,192.72494506835932,193.0,192.72494506835932,192.0,0.2288910001516342,0.1452974677085876,/kaggle/working/gfd-robustness-v4-factorial-r1/graphs/base/yelpchi/r60_s2/graph.bin,/kaggle/working/gfd-robustness-v4-factorial-r1/graphs/variants/yelpchi/r60_s2/noise_edges_uniform/0.10/seed_0/graph.bin,/kaggle/working/gfd-robustness-v4-factorial-r1/graphs/base/yelpchi/r60_s2/graph.bin,ok,
gfd_robustness_benchmark_v4_factorial,yelpchi,r60_s2,0,4,noise_edges_uniform,0.1,pmp,train_on_variant,0.8526689619742186,0.5709145573138737,0.7182093215050797,0.3202322721481323,31.40971472200181,55,45,0.8445532199963286,roc_auc,early_stopping,45954,8856482,192.7249450683593,193.0,192.7249450683593,192.0,0.2288910001516342,0.1452974677085876,/kaggle/working/gfd-robustness-v4-factorial-r1/graphs/base/yelpchi/r60_s2/graph.bin,/kaggle/working/gfd-robustness-v4-factorial-r1/graphs/variants/yelpchi/r60_s2/noise_edges_uniform/0.10/seed_0/graph.bin,/kaggle/working/gfd-robustness-v4-factorial-r1/graphs/variants/yelpchi/r60_s2/noise_edges_uniform/0.10/seed_0/graph.bin,ok,
gfd_robustness_benchmark_v4_factorial,yelpchi,r60_s2,0,4,noise_edges_uniform,0.1,sage,train_clean_eval_all,0.7959744335158604,0.4455426499006767,0.6632394026633387,0.695338249206543,0.1515684629994211,100,100,0.7833725030217639,roc_auc,max_epochs,45954,8856482,192.7249450683593,193.0,192.7249450683593,192.0,0.2288910001516342,0.1452974677085876,/kaggle/working/gfd-robustness-v4-factorial-r1/graphs/base/yelpchi/r60_s2/graph.bin,/kaggle/working/gfd-robustness-v4-factorial-r1/graphs/variants/yelpchi/r60_s2/noise_edges_uniform/0.10/seed_0/graph.bin,/kaggle/working/gfd-robustness-v4-factorial-r1/graphs/base/yelpchi/r60_s2/graph.bin,ok,
gfd_robustness_benchmark_v4_factorial,yelpchi,r60_s2,0,4,noise_edges_uniform,0.1,sage,train_on_variant,0.7943017351244558,0.4400092874451645,0.6562569940354501,0.697441816329956,3.518162508000387,100,99,0.7788518966187238,roc_auc,max_epochs,45954,8856482,192.7249450683593,193.0,192.7249450683593,192.0,0.2288910001516342,0.1452974677085876,/kaggle/working/gfd-robustness-v4-factorial-r1/graphs/base/yelpchi/r60_s2/graph.bin,/kaggle/working/gfd-robustness-v4-factorial-r1/graphs/variants/yelpchi/r60_s2/noise_edges_uniform/0.10/seed_0/graph.bin,/kaggle/working/gfd-robustness-v4-factorial-r1/graphs/variants/yelpchi/r60_s2/noise_edges_uniform/0.10/seed_0/graph.bin,ok,
gfd_robustness_benchmark_v4_factorial,yelpchi,r60_s2,0,4,noise_edges_uniform,0.1,secgfd,train_clean_eval_all,0.8030584865147505,0.4407119715347135,0.6687803058560239,0.7039106488227844,0.1726175049989251,50,50,0.786382585104075,roc_auc,max_epochs,45954,8856482,192.7249450683593,193.0,192.7249450683593,192.0,0.2288910001516342,0.1452974677085876,/kaggle/working/gfd-robustness-v4-factorial-r1/graphs/base/yelpchi/r60_s2/graph.bin,/kaggle/working/gfd-robustness-v4-factorial-r1/graphs/variants/yelpchi/r60_s2/noise_edges_uniform/0.10/seed_0/graph.bin,/kaggle/working/gfd-robustness-v4-factorial-r1/graphs/base/yelpchi/r60_s2/graph.bin,ok,
gfd_robustness_benchmark_v4_factorial,yelpchi,r60_s2,0,4,noise_edges_uniform,0.1,secgfd,train_on_variant,0.7993929084295767,0.4508494660890057,0.6573400337075151,0.6814106702804565,5.243901814999845,50,50,0.7855429757996648,roc_auc,max_epochs,45954,8856482,192.7249450683593,193.0,192.7249450683593,192.0,0.2288910001516342,0.1452974677085876,/kaggle/working/gfd-robustness-v4-factorial-r1/graphs/base/yelpchi/r60_s2/graph.bin,/kaggle/working/gfd-robustness-v4-factorial-r1/graphs/variants/yelpchi/r60_s2/noise_edges_uniform/0.10/seed_0/graph.bin,/kaggle/working/gfd-robustness-v4-factorial-r1/graphs/variants/yelpchi/r60_s2/noise_edges_uniform/0.10/seed_0/graph.bin,ok,
gfd_robustness_benchmark_v4_factorial,yelpchi,r60_s2,1,0,noise_edges_uniform,0.1,mlp,train_clean_eval_all,0.8100983305791676,0.4587374752549941,0.6746461063940257,0.6971318125724792,0.0835246059978089,100,100,0.7956221495886349,roc_auc,max_epochs,45954,8856482,192.7249450683593,193.0,192.7249450683593,193.0,0.2289074808359146,0.1452974677085876,/kaggle/working/gfd-robustness-v4-factorial-r1/graphs/base/yelpchi/r60_s2/graph.bin,/kaggle/working/gfd-robustness-v4-factorial-r1/graphs/variants/yelpchi/r60_s2/noise_edges_uniform/0.10/seed_1/graph.bin,/kaggle/working/gfd-robustness-v4-factorial-r1/graphs/base/yelpchi/r60_s2/graph.bin,ok,
gfd_robustness_benchmark_v4_factorial,yelpchi,r60_s2,1,0,noise_edges_uniform,0.1,mlp,train_on_variant,0.8100983305791676,0.4587374752549941,0.6746461063940257,0.6971318125724792,1.872117947001243,100,100,0.7956221495886349,roc_auc,max_epochs,45954,8856482,192.7249450683593,193.0,192.7249450683593,193.0,0.2289074808359146,0.1452974677085876,/kaggle/working/gfd-robustness-v4-factorial-r1/graphs/base/yelpchi/r60_s2/graph.bin,/kaggle/working/gfd-robustness-v4-factorial-r1/graphs/variants/yelpchi/r60_s2/noise_edges_uniform/0.10/seed_1/graph.bin,/kaggle/working/gfd-robustness-v4-factorial-r1/graphs/variants/yelpchi/r60_s2/noise_edges_uniform/0.10/seed_1/graph.bin,ok,
gfd_robustness_benchmark_v4_factorial,yelpchi,r60_s2,1,0,noise_edges_uniform,0.1,pmp,train_clean_eval_all,0.8444909760418065,0.5464700473336679,0.7131063470820886,0.2557673752307892,0.3156916959997033,55,45,0.8496737448653855,roc_auc,early_stopping,45954,8856482,192.72494506835932,193.0,192.72494506835932,193.0,0.2289074808359146,0.1452974677085876,/kaggle/working/gfd-robustness-v4-factorial-r1/graphs/base/yelpchi/r60_s2/graph.bin,/kaggle/working/gfd-robustness-v4-factorial-r1/graphs/variants/yelpchi/r60_s2/noise_edges_uniform/0.10/seed_1/graph.bin,/kaggle/working/gfd-robustness-v4-factorial-r1/graphs/base/yelpchi/r60_s2/graph.bin,ok,
gfd_robustness_benchmark_v4_factorial,yelpchi,r60_s2,1,0,noise_edges_uniform,0.1,pmp,train_on_variant,0.8496703766601217,0.5656333545905025,0.7229726553034823,0.2975809276103973,32.50971666600162,57,47,0.8429864801397998,roc_auc,early_stopping,45954,8856482,192.7249450683593,193.0,192.7249450683593,193.0,0.2289074808359146,0.1452974677085876,/kaggle/working/gfd-robustness-v4-factorial-r1/graphs/base/yelpchi/r60_s2/graph.bin,/kaggle/working/gfd-robustness-v4-factorial-r1/graphs/variants/yelpchi/r60_s2/noise_edges_uniform/0.10/seed_1/graph.bin,/kaggle/working/gfd-robustness-v4-factorial-r1/graphs/variants/yelpchi/r60_s2/noise_edges_uniform/0.10/seed_1/graph.bin,ok,
gfd_robustness_benchmark_v4_factorial,yelpchi,r60_s2,1,0,noise_edges_uniform,0.1,sage,train_clean_eval_all,0.8034363585710452,0.4521453567073266,0.6684515636303971,0.6634995937347412,0.1530200310007785,100,100,0.7932715868372682,roc_auc,max_epochs,45954,8856482,192.7249450683593,193.0,192.7249450683593,193.0,0.2289074808359146,0.1452974677085876,/kaggle/working/gfd-robustness-v4-factorial-r1/graphs/base/yelpchi/r60_s2/graph.bin,/kaggle/working/gfd-robustness-v4-factorial-r1/graphs/variants/yelpchi/r60_s2/noise_edges_uniform/0.10/seed_1/graph.bin,/kaggle/working/gfd-robustness-v4-factorial-r1/graphs/base/yelpchi/r60_s2/graph.bin,ok,
gfd_robustness_benchmark_v4_factorial,yelpchi,r60_s2,1,0,noise_edges_uniform,0.1,sage,train_on_variant,0.7851758296035221,0.4224792704548419,0.653679903386313,0.6734811663627625,3.4876645789991016,100,99,0.7704790240715973,roc_auc,max_epochs,45954,8856482,192.7249450683593,193.0,192.7249450683593,193.0,0.2289074808359146,0.1452974677085876,/kaggle/working/gfd-robustness-v4-factorial-r1/graphs/base/yelpchi/r60_s2/graph.bin,/kaggle/working/gfd-robustness-v4-factorial-r1/graphs/variants/yelpchi/r60_s2/noise_edges_uniform/0.10/seed_1/graph.bin,/kaggle/working/gfd-robustness-v4-factorial-r1/graphs/variants/yelpchi/r60_s2/noise_edges_uniform/0.10/seed_1/graph.bin,ok,
gfd_robustness_benchmark_v4_factorial,yelpchi,r60_s2,1,0,noise_edges_uniform,0.1,secgfd,train_clean_eval_all,0.8203199793132676,0.4852319080251944,0.6897375428715059,0.6121960878372192,0.2169486380007583,50,50,0.8036778501729617,roc_auc,max_epochs,45954,8856482,192.7249450683593,193.0,192.7249450683593,193.0,0.2289074808359146,0.1452974677085876,/kaggle/working/gfd-robustness-v4-factorial-r1/graphs/base/yelpchi/r60_s2/graph.bin,/kaggle/working/gfd-robustness-v4-factorial-r1/graphs/variants/yelpchi/r60_s2/noise_edges_uniform/0.10/seed_1/graph.bin,/kaggle/working/gfd-robustness-v4-factorial-r1/graphs/base/yelpchi/r60_s2/graph.bin,ok,
gfd_robustness_benchmark_v4_factorial,yelpchi,r60_s2,1,0,noise_edges_uniform,0.1,secgfd,train_on_variant,0.8289376726435114,0.5104519497783826,0.6954045311839716,0.7518848776817322,5.20896301600078,50,50,0.8150342943376794,roc_auc,max_epochs,45954,8856482,192.7249450683593,193.0,192.7249450683593,193.0,0.2289074808359146,0.1452974677085876,/kaggle/working/gfd-robustness-v4-factorial-r1/graphs/base/yelpchi/r60_s2/graph.bin,/kaggle/working/gfd-robustness-v4-factorial-r1/graphs/variants/yelpchi/r60_s2/noise_edges_uniform/0.10/seed_1/graph.bin,/kaggle/working/gfd-robustness-v4-factorial-r1/graphs/variants/yelpchi/r60_s2/noise_edges_uniform/0.10/seed_1/graph.bin,ok,
gfd_robustness_benchmark_v4_factorial,yelpchi,r60_s2,1,1,noise_edges_uniform,0.1,mlp,train_clean_eval_all,0.8014226606613657,0.4473605327471914,0.6604104662698413,0.655698835849762,0.0869523510009457,100,100,0.7890084561707159,roc_auc,max_epochs,45954,8856482,192.7249450683593,193.0,192.7249450683593,193.0,0.2289074808359146,0.1452974677085876,/kaggle/working/gfd-robustness-v4-factorial-r1/graphs/base/yelpchi/r60_s2/graph.bin,/kaggle/working/gfd-robustness-v4-factorial-r1/graphs/variants/yelpchi/r60_s2/noise_edges_uniform/0.10/seed_1/graph.bin,/kaggle/working/gfd-robustness-v4-factorial-r1/graphs/base/yelpchi/r60_s2/graph.bin,ok,
gfd_robustness_benchmark_v4_factorial,yelpchi,r60_s2,1,1,noise_edges_uniform,0.1,mlp,train_on_variant,0.8014226606613657,0.4473605327471914,0.6604104662698413,0.655698835849762,1.9049122540018288,100,100,0.7890084561707159,roc_auc,max_epochs,45954,8856482,192.7249450683593,193.0,192.7249450683593,193.0,0.2289074808359146,0.1452974677085876,/kaggle/working/gfd-robustness-v4-factorial-r1/graphs/base/yelpchi/r60_s2/graph.bin,/kaggle/working/gfd-robustness-v4-factorial-r1/graphs/variants/yelpchi/r60_s2/noise_edges_uniform/0.10/seed_1/graph.bin,/kaggle/working/gfd-robustness-v4-factorial-r1/graphs/variants/yelpchi/r60_s2/noise_edges_uniform/0.10/seed_1/graph.bin,ok,
gfd_robustness_benchmark_v4_factorial,yelpchi,r60_s2,1,1,noise_edges_uniform,0.1,pmp,train_clean_eval_all,0.8467182869495226,0.5719131555867378,0.7215869623264113,0.4313299655914306,0.3215925020012946,59,49,0.8501764424005321,roc_auc,early_stopping,45954,8856482,192.72494506835932,193.0,192.72494506835932,193.0,0.2289074808359146,0.1452974677085876,/kaggle/working/gfd-robustness-v4-factorial-r1/graphs/base/yelpchi/r60_s2/graph.bin,/kaggle/working/gfd-robustness-v4-factorial-r1/graphs/variants/yelpchi/r60_s2/noise_edges_uniform/0.10/seed_1/graph.bin,/kaggle/working/gfd-robustness-v4-factorial-r1/graphs/base/yelpchi/r60_s2/graph.bin,ok,
gfd_robustness_benchmark_v4_factorial,yelpchi,r60_s2,1,1,noise_edges_uniform,0.1,pmp,train_on_variant,0.8522027673268534,0.5776316402858332,0.7227246346734171,0.3142061233520508,38.60260428199763,67,57,0.8404906343200853,roc_auc,early_stopping,45954,8856482,192.7249450683593,193.0,192.7249450683593,193.0,0.2289074808359146,0.1452974677085876,/kaggle/working/gfd-robustness-v4-factorial-r1/graphs/base/yelpchi/r60_s2/graph.bin,/kaggle/working/gfd-robustness-v4-factorial-r1/graphs/variants/yelpchi/r60_s2/noise_edges_uniform/0.10/seed_1/graph.bin,/kaggle/working/gfd-robustness-v4-factorial-r1/graphs/variants/yelpchi/r60_s2/noise_edges_uniform/0.10/seed_1/graph.bin,ok,
gfd_robustness_benchmark_v4_factorial,yelpchi,r60_s2,1,1,noise_edges_uniform,0.1,sage,train_clean_eval_all,0.6177946106259985,0.2060444531486715,0.5449190759214279,0.2929745614528656,0.1130272600021271,23,13,0.6051568098756249,roc_auc,early_stopping,45954,8856482,192.7249450683593,193.0,192.7249450683593,193.0,0.2289074808359146,0.1452974677085876,/kaggle/working/gfd-robustness-v4-factorial-r1/graphs/base/yelpchi/r60_s2/graph.bin,/kaggle/working/gfd-robustness-v4-factorial-r1/graphs/variants/yelpchi/r60_s2/noise_edges_uniform/0.10/seed_1/graph.bin,/kaggle/working/gfd-robustness-v4-factorial-r1/graphs/base/yelpchi/r60_s2/graph.bin,ok,
gfd_robustness_benchmark_v4_factorial,yelpchi,r60_s2,1,1,noise_edges_uniform,0.1,sage,train_on_variant,0.6192999534281742,0.2096462627685623,0.5490165975883585,0.2926265895366668,0.9857571210013704,23,13,0.6037503725054058,roc_auc,early_stopping,45954,8856482,192.7249450683593,193.0,192.7249450683593,193.0,0.2289074808359146,0.1452974677085876,/kaggle/working/gfd-robustness-v4-factorial-r1/graphs/base/yelpchi/r60_s2/graph.bin,/kaggle/working/gfd-robustness-v4-factorial-r1/graphs/variants/yelpchi/r60_s2/noise_edges_uniform/0.10/seed_1/graph.bin,/kaggle/working/gfd-robustness-v4-factorial-r1/graphs/variants/yelpchi/r60_s2/noise_edges_uniform/0.10/seed_1/graph.bin,ok,
gfd_robustness_benchmark_v4_factorial,yelpchi,r60_s2,1,1,noise_edges_uniform,0.1,secgfd,train_clean_eval_all,0.8014976919887313,0.4544356965859575,0.6721878026283368,0.6578896045684814,0.201164066002093,50,50,0.7875019370281101,roc_auc,max_epochs,45954,8856482,192.7249450683593,193.0,192.7249450683593,193.0,0.2289074808359146,0.1452974677085876,/kaggle/working/gfd-robustness-v4-factorial-r1/graphs/base/yelpchi/r60_s2/graph.bin,/kaggle/working/gfd-robustness-v4-factorial-r1/graphs/variants/yelpchi/r60_s2/noise_edges_uniform/0.10/seed_1/graph.bin,/kaggle/working/gfd-robustness-v4-factorial-r1/graphs/base/yelpchi/r60_s2/graph.bin,ok,
gfd_robustness_benchmark_v4_factorial,yelpchi,r60_s2,1,1,noise_edges_uniform,0.1,secgfd,train_on_variant,0.8069610206775858,0.4611211440933482,0.6716507306141819,0.6694786548614502,5.386343366000801,50,50,0.79485067599301,roc_auc,max_epochs,45954,8856482,192.7249450683593,193.0,192.7249450683593,193.0,0.2289074808359146,0.1452974677085876,/kaggle/working/gfd-robustness-v4-factorial-r1/graphs/base/yelpchi/r60_s2/graph.bin,/kaggle/working/gfd-robustness-v4-factorial-r1/graphs/variants/yelpchi/r60_s2/noise_edges_uniform/0.10/seed_1/graph.bin,/kaggle/working/gfd-robustness-v4-factorial-r1/graphs/variants/yelpchi/r60_s2/noise_edges_uniform/0.10/seed_1/graph.bin,ok,
gfd_robustness_benchmark_v4_factorial,yelpchi,r60_s2,1,2,noise_edges_uniform,0.1,mlp,train_clean_eval_all,0.8051940448278595,0.4504607236347623,0.6638554700899604,0.6557482481002808,0.0922698210015369,100,100,0.7907452730554025,roc_auc,max_epochs,45954,8856482,192.7249450683593,193.0,192.7249450683593,193.0,0.2289074808359146,0.1452974677085876,/kaggle/working/gfd-robustness-v4-factorial-r1/graphs/base/yelpchi/r60_s2/graph.bin,/kaggle/working/gfd-robustness-v4-factorial-r1/graphs/variants/yelpchi/r60_s2/noise_edges_uniform/0.10/seed_1/graph.bin,/kaggle/working/gfd-robustness-v4-factorial-r1/graphs/base/yelpchi/r60_s2/graph.bin,ok,
gfd_robustness_benchmark_v4_factorial,yelpchi,r60_s2,1,2,noise_edges_uniform,0.1,mlp,train_on_variant,0.8051940448278595,0.4504607236347623,0.6638554700899604,0.6557482481002808,1.920165649000409,100,100,0.7907452730554025,roc_auc,max_epochs,45954,8856482,192.7249450683593,193.0,192.7249450683593,193.0,0.2289074808359146,0.1452974677085876,/kaggle/working/gfd-robustness-v4-factorial-r1/graphs/base/yelpchi/r60_s2/graph.bin,/kaggle/working/gfd-robustness-v4-factorial-r1/graphs/variants/yelpchi/r60_s2/noise_edges_uniform/0.10/seed_1/graph.bin,/kaggle/working/gfd-robustness-v4-factorial-r1/graphs/variants/yelpchi/r60_s2/noise_edges_uniform/0.10/seed_1/graph.bin,ok,
gfd_robustness_benchmark_v4_factorial,yelpchi,r60_s2,1,2,noise_edges_uniform,0.1,pmp,train_clean_eval_all,0.8407147327036355,0.5442914700033731,0.7145495213667017,0.1901807934045791,0.2766365979987313,40,30,0.8440517144784805,roc_auc,early_stopping,45954,8856482,192.72494506835932,193.0,192.72494506835932,193.0,0.2289074808359146,0.1452974677085876,/kaggle/working/gfd-robustness-v4-factorial-r1/graphs/base/yelpchi/r60_s2/graph.bin,/kaggle/working/gfd-robustness-v4-factorial-r1/graphs/variants/yelpchi/r60_s2/noise_edges_uniform/0.10/seed_1/graph.bin,/kaggle/working/gfd-robustness-v4-factorial-r1/graphs/base/yelpchi/r60_s2/graph.bin,ok,
gfd_robustness_benchmark_v4_factorial,yelpchi,r60_s2,1,2,noise_edges_uniform,0.1,pmp,train_on_variant,0.854629161356513,0.5693572101086344,0.7226558400794807,0.481379896402359,40.13314166800046,70,60,0.8442850637848457,roc_auc,early_stopping,45954,8856482,192.7249450683593,193.0,192.7249450683593,193.0,0.2289074808359146,0.1452974677085876,/kaggle/working/gfd-robustness-v4-factorial-r1/graphs/base/yelpchi/r60_s2/graph.bin,/kaggle/working/gfd-robustness-v4-factorial-r1/graphs/variants/yelpchi/r60_s2/noise_edges_uniform/0.10/seed_1/graph.bin,/kaggle/working/gfd-robustness-v4-factorial-r1/graphs/variants/yelpchi/r60_s2/noise_edges_uniform/0.10/seed_1/graph.bin,ok,
gfd_robustness_benchmark_v4_factorial,yelpchi,r60_s2,1,2,noise_edges_uniform,0.1,sage,train_clean_eval_all,0.8002707987792236,0.4530385248106029,0.6651267763637561,0.6589797139167786,0.1392516349988,100,100,0.7880997098629895,roc_auc,max_epochs,45954,8856482,192.7249450683593,193.0,192.7249450683593,193.0,0.2289074808359146,0.1452974677085876,/kaggle/working/gfd-robustness-v4-factorial-r1/graphs/base/yelpchi/r60_s2/graph.bin,/kaggle/working/gfd-robustness-v4-factorial-r1/graphs/variants/yelpchi/r60_s2/noise_edges_uniform/0.10/seed_1/graph.bin,/kaggle/working/gfd-robustness-v4-factorial-r1/graphs/base/yelpchi/r60_s2/graph.bin,ok,
gfd_robustness_benchmark_v4_factorial,yelpchi,r60_s2,1,2,noise_edges_uniform,0.1,sage,train_on_variant,0.7932199024811883,0.4391175633229277,0.6591291436271409,0.6299771070480347,3.3410273650006275,100,100,0.7779064361782018,roc_auc,max_epochs,45954,8856482,192.7249450683593,193.0,192.7249450683593,193.0,0.2289074808359146,0.1452974677085876,/kaggle/working/gfd-robustness-v4-factorial-r1/graphs/base/yelpchi/r60_s2/graph.bin,/kaggle/working/gfd-robustness-v4-factorial-r1/graphs/variants/yelpchi/r60_s2/noise_edges_uniform/0.10/seed_1/graph.bin,/kaggle/working/gfd-robustness-v4-factorial-r1/graphs/variants/yelpchi/r60_s2/noise_edges_uniform/0.10/seed_1/graph.bin,ok,
gfd_robustness_benchmark_v4_factorial,yelpchi,r60_s2,1,2,noise_edges_uniform,0.1,secgfd,train_clean_eval_all,0.8171862423320365,0.4970829405506916,0.6893012501469609,0.7028029561042786,0.1953446630031976,50,46,0.8013154149293015,roc_auc,max_epochs,45954,8856482,192.7249450683593,193.0,192.7249450683593,193.0,0.2289074808359146,0.1452974677085876,/kaggle/working/gfd-robustness-v4-factorial-r1/graphs/base/yelpchi/r60_s2/graph.bin,/kaggle/working/gfd-robustness-v4-factorial-r1/graphs/variants/yelpchi/r60_s2/noise_edges_uniform/0.10/seed_1/graph.bin,/kaggle/working/gfd-robustness-v4-factorial-r1/graphs/base/yelpchi/r60_s2/graph.bin,ok,
gfd_robustness_benchmark_v4_factorial,yelpchi,r60_s2,1,2,noise_edges_uniform,0.1,secgfd,train_on_variant,0.8180765188055661,0.4985730474735068,0.6845581795592489,0.7417519688606262,5.304679738001141,50,49,0.7996142632021875,roc_auc,max_epochs,45954,8856482,192.7249450683593,193.0,192.7249450683593,193.0,0.2289074808359146,0.1452974677085876,/kaggle/working/gfd-robustness-v4-factorial-r1/graphs/base/yelpchi/r60_s2/graph.bin,/kaggle/working/gfd-robustness-v4-factorial-r1/graphs/variants/yelpchi/r60_s2/noise_edges_uniform/0.10/seed_1/graph.bin,/kaggle/working/gfd-robustness-v4-factorial-r1/graphs/variants/yelpchi/r60_s2/noise_edges_uniform/0.10/seed_1/graph.bin,ok,
gfd_robustness_benchmark_v4_factorial,yelpchi,r60_s2,1,3,noise_edges_uniform,0.1,mlp,train_clean_eval_all,0.8033646619693403,0.442421243508313,0.6642026960679807,0.6678695678710938,0.0952176360005978,100,100,0.7883936613288132,roc_auc,max_epochs,45954,8856482,192.7249450683593,193.0,192.7249450683593,193.0,0.2289074808359146,0.1452974677085876,/kaggle/working/gfd-robustness-v4-factorial-r1/graphs/base/yelpchi/r60_s2/graph.bin,/kaggle/working/gfd-robustness-v4-factorial-r1/graphs/variants/yelpchi/r60_s2/noise_edges_uniform/0.10/seed_1/graph.bin,/kaggle/working/gfd-robustness-v4-factorial-r1/graphs/base/yelpchi/r60_s2/graph.bin,ok,
gfd_robustness_benchmark_v4_factorial,yelpchi,r60_s2,1,3,noise_edges_uniform,0.1,mlp,train_on_variant,0.8033646619693403,0.442421243508313,0.6642026960679807,0.6678695678710938,1.7330048160001752,100,100,0.7883936613288132,roc_auc,max_epochs,45954,8856482,192.7249450683593,193.0,192.7249450683593,193.0,0.2289074808359146,0.1452974677085876,/kaggle/working/gfd-robustness-v4-factorial-r1/graphs/base/yelpchi/r60_s2/graph.bin,/kaggle/working/gfd-robustness-v4-factorial-r1/graphs/variants/yelpchi/r60_s2/noise_edges_uniform/0.10/seed_1/graph.bin,/kaggle/working/gfd-robustness-v4-factorial-r1/graphs/variants/yelpchi/r60_s2/noise_edges_uniform/0.10/seed_1/graph.bin,ok,
gfd_robustness_benchmark_v4_factorial,yelpchi,r60_s2,1,3,noise_edges_uniform,0.1,pmp,train_clean_eval_all,0.8490307762784004,0.570095485436255,0.7235168799436318,0.2736212313175201,0.280936835999455,69,59,0.8491953168024374,roc_auc,early_stopping,45954,8856482,192.72494506835932,193.0,192.72494506835932,193.0,0.2289074808359146,0.1452974677085876,/kaggle/working/gfd-robustness-v4-factorial-r1/graphs/base/yelpchi/r60_s2/graph.bin,/kaggle/working/gfd-robustness-v4-factorial-r1/graphs/variants/yelpchi/r60_s2/noise_edges_uniform/0.10/seed_1/graph.bin,/kaggle/working/gfd-robustness-v4-factorial-r1/graphs/base/yelpchi/r60_s2/graph.bin,ok,
gfd_robustness_benchmark_v4_factorial,yelpchi,r60_s2,1,3,noise_edges_uniform,0.1,pmp,train_on_variant,0.8462099794809567,0.5425364356697254,0.7189444271286165,0.3432959616184234,29.226579550999304,51,41,0.8377277766254944,roc_auc,early_stopping,45954,8856482,192.7249450683593,193.0,192.7249450683593,193.0,0.2289074808359146,0.1452974677085876,/kaggle/working/gfd-robustness-v4-factorial-r1/graphs/base/yelpchi/r60_s2/graph.bin,/kaggle/working/gfd-robustness-v4-factorial-r1/graphs/variants/yelpchi/r60_s2/noise_edges_uniform/0.10/seed_1/graph.bin,/kaggle/working/gfd-robustness-v4-factorial-r1/graphs/variants/yelpchi/r60_s2/noise_edges_uniform/0.10/seed_1/graph.bin,ok,
gfd_robustness_benchmark_v4_factorial,yelpchi,r60_s2,1,3,noise_edges_uniform,0.1,sage,train_clean_eval_all,0.7910358953681232,0.4403437637903303,0.6603162816328173,0.6763745546340942,0.138082506997307,100,100,0.7781531837590027,roc_auc,max_epochs,45954,8856482,192.7249450683593,193.0,192.7249450683593,193.0,0.2289074808359146,0.1452974677085876,/kaggle/working/gfd-robustness-v4-factorial-r1/graphs/base/yelpchi/r60_s2/graph.bin,/kaggle/working/gfd-robustness-v4-factorial-r1/graphs/variants/yelpchi/r60_s2/noise_edges_uniform/0.10/seed_1/graph.bin,/kaggle/working/gfd-robustness-v4-factorial-r1/graphs/base/yelpchi/r60_s2/graph.bin,ok,
gfd_robustness_benchmark_v4_factorial,yelpchi,r60_s2,1,3,noise_edges_uniform,0.1,sage,train_on_variant,0.7925375699720721,0.4400971234728428,0.6614823097579688,0.5965672135353088,3.4876946799995494,100,99,0.7772280829739401,roc_auc,max_epochs,45954,8856482,192.7249450683593,193.0,192.7249450683593,193.0,0.2289074808359146,0.1452974677085876,/kaggle/working/gfd-robustness-v4-factorial-r1/graphs/base/yelpchi/r60_s2/graph.bin,/kaggle/working/gfd-robustness-v4-factorial-r1/graphs/variants/yelpchi/r60_s2/noise_edges_uniform/0.10/seed_1/graph.bin,/kaggle/working/gfd-robustness-v4-factorial-r1/graphs/variants/yelpchi/r60_s2/noise_edges_uniform/0.10/seed_1/graph.bin,ok,
gfd_robustness_benchmark_v4_factorial,yelpchi,r60_s2,1,3,noise_edges_uniform,0.1,secgfd,train_clean_eval_all,0.814064700918936,0.4823561548376268,0.6824067777317123,0.6787847280502319,0.2124585890014714,50,50,0.7989556498043899,roc_auc,max_epochs,45954,8856482,192.7249450683593,193.0,192.7249450683593,193.0,0.2289074808359146,0.1452974677085876,/kaggle/working/gfd-robustness-v4-factorial-r1/graphs/base/yelpchi/r60_s2/graph.bin,/kaggle/working/gfd-robustness-v4-factorial-r1/graphs/variants/yelpchi/r60_s2/noise_edges_uniform/0.10/seed_1/graph.bin,/kaggle/working/gfd-robustness-v4-factorial-r1/graphs/base/yelpchi/r60_s2/graph.bin,ok,
gfd_robustness_benchmark_v4_factorial,yelpchi,r60_s2,1,3,noise_edges_uniform,0.1,secgfd,train_on_variant,0.8173735586362916,0.4882913464271655,0.6881455420748016,0.7292801141738892,5.317291955998371,50,50,0.799067747111146,roc_auc,max_epochs,45954,8856482,192.7249450683593,193.0,192.7249450683593,193.0,0.2289074808359146,0.1452974677085876,/kaggle/working/gfd-robustness-v4-factorial-r1/graphs/base/yelpchi/r60_s2/graph.bin,/kaggle/working/gfd-robustness-v4-factorial-r1/graphs/variants/yelpchi/r60_s2/noise_edges_uniform/0.10/seed_1/graph.bin,/kaggle/working/gfd-robustness-v4-factorial-r1/graphs/variants/yelpchi/r60_s2/noise_edges_uniform/0.10/seed_1/graph.bin,ok,
gfd_robustness_benchmark_v4_factorial,yelpchi,r60_s2,1,4,noise_edges_uniform,0.1,mlp,train_clean_eval_all,0.8016106915496909,0.4485908504844914,0.6622104135282587,0.6817144751548767,0.0730675990016607,100,100,0.7873558433879992,roc_auc,max_epochs,45954,8856482,192.7249450683593,193.0,192.7249450683593,193.0,0.2289074808359146,0.1452974677085876,/kaggle/working/gfd-robustness-v4-factorial-r1/graphs/base/yelpchi/r60_s2/graph.bin,/kaggle/working/gfd-robustness-v4-factorial-r1/graphs/variants/yelpchi/r60_s2/noise_edges_uniform/0.10/seed_1/graph.bin,/kaggle/working/gfd-robustness-v4-factorial-r1/graphs/base/yelpchi/r60_s2/graph.bin,ok,
gfd_robustness_benchmark_v4_factorial,yelpchi,r60_s2,1,4,noise_edges_uniform,0.1,mlp,train_on_variant,0.8016106915496909,0.4485908504844914,0.6622104135282587,0.6817144751548767,1.9179244780025329,100,100,0.7873558433879992,roc_auc,max_epochs,45954,8856482,192.7249450683593,193.0,192.7249450683593,193.0,0.2289074808359146,0.1452974677085876,/kaggle/working/gfd-robustness-v4-factorial-r1/graphs/base/yelpchi/r60_s2/graph.bin,/kaggle/working/gfd-robustness-v4-factorial-r1/graphs/variants/yelpchi/r60_s2/noise_edges_uniform/0.10/seed_1/graph.bin,/kaggle/working/gfd-robustness-v4-factorial-r1/graphs/variants/yelpchi/r60_s2/noise_edges_uniform/0.10/seed_1/graph.bin,ok,
gfd_robustness_benchmark_v4_factorial,yelpchi,r60_s2,1,4,noise_edges_uniform,0.1,pmp,train_clean_eval_all,0.864711418557996,0.6041919426884039,0.7380231358869542,0.2757417559623718,0.2844283579979674,76,66,0.8606669098381956,roc_auc,early_stopping,45954,8856482,192.72494506835932,193.0,192.72494506835932,193.0,0.2289074808359146,0.1452974677085876,/kaggle/working/gfd-robustness-v4-factorial-r1/graphs/base/yelpchi/r60_s2/graph.bin,/kaggle/working/gfd-robustness-v4-factorial-r1/graphs/variants/yelpchi/r60_s2/noise_edges_uniform/0.10/seed_1/graph.bin,/kaggle/working/gfd-robustness-v4-factorial-r1/graphs/base/yelpchi/r60_s2/graph.bin,ok,
gfd_robustness_benchmark_v4_factorial,yelpchi,r60_s2,1,4,noise_edges_uniform,0.1,pmp,train_on_variant,0.8522259198507263,0.5663488526043071,0.722217683610995,0.2678316235542297,36.12108888000148,63,53,0.8458910925315348,roc_auc,early_stopping,45954,8856482,192.7249450683593,193.0,192.7249450683593,193.0,0.2289074808359146,0.1452974677085876,/kaggle/working/gfd-robustness-v4-factorial-r1/graphs/base/yelpchi/r60_s2/graph.bin,/kaggle/working/gfd-robustness-v4-factorial-r1/graphs/variants/yelpchi/r60_s2/noise_edges_uniform/0.10/seed_1/graph.bin,/kaggle/working/gfd-robustness-v4-factorial-r1/graphs/variants/yelpchi/r60_s2/noise_edges_uniform/0.10/seed_1/graph.bin,ok,
gfd_robustness_benchmark_v4_factorial,yelpchi,r60_s2,1,4,noise_edges_uniform,0.1,sage,train_clean_eval_all,0.7963541634907375,0.4458473142473579,0.6640421670734985,0.695338249206543,0.1381810079983552,100,100,0.7833725030217639,roc_auc,max_epochs,45954,8856482,192.7249450683593,193.0,192.7249450683593,193.0,0.2289074808359146,0.1452974677085876,/kaggle/working/gfd-robustness-v4-factorial-r1/graphs/base/yelpchi/r60_s2/graph.bin,/kaggle/working/gfd-robustness-v4-factorial-r1/graphs/variants/yelpchi/r60_s2/noise_edges_uniform/0.10/seed_1/graph.bin,/kaggle/working/gfd-robustness-v4-factorial-r1/graphs/base/yelpchi/r60_s2/graph.bin,ok,
gfd_robustness_benchmark_v4_factorial,yelpchi,r60_s2,1,4,noise_edges_uniform,0.1,sage,train_on_variant,0.7925777772357525,0.4404535863226865,0.6602524505289958,0.6153271198272705,3.4225305389991263,100,99,0.7772873023933323,roc_auc,max_epochs,45954,8856482,192.7249450683593,193.0,192.7249450683593,193.0,0.2289074808359146,0.1452974677085876,/kaggle/working/gfd-robustness-v4-factorial-r1/graphs/base/yelpchi/r60_s2/graph.bin,/kaggle/working/gfd-robustness-v4-factorial-r1/graphs/variants/yelpchi/r60_s2/noise_edges_uniform/0.10/seed_1/graph.bin,/kaggle/working/gfd-robustness-v4-factorial-r1/graphs/variants/yelpchi/r60_s2/noise_edges_uniform/0.10/seed_1/graph.bin,ok,
gfd_robustness_benchmark_v4_factorial,yelpchi,r60_s2,1,4,noise_edges_uniform,0.1,secgfd,train_clean_eval_all,0.8028205300193909,0.4400195479731099,0.6709931799024436,0.7039106488227844,0.1740618290023121,50,50,0.786382585104075,roc_auc,max_epochs,45954,8856482,192.7249450683593,193.0,192.7249450683593,193.0,0.2289074808359146,0.1452974677085876,/kaggle/working/gfd-robustness-v4-factorial-r1/graphs/base/yelpchi/r60_s2/graph.bin,/kaggle/working/gfd-robustness-v4-factorial-r1/graphs/variants/yelpchi/r60_s2/noise_edges_uniform/0.10/seed_1/graph.bin,/kaggle/working/gfd-robustness-v4-factorial-r1/graphs/base/yelpchi/r60_s2/graph.bin,ok,
gfd_robustness_benchmark_v4_factorial,yelpchi,r60_s2,1,4,noise_edges_uniform,0.1,secgfd,train_on_variant,0.7961576528714465,0.4434576974893195,0.6575383648086357,0.6570091247558594,5.206928094998148,50,50,0.7832064788524211,roc_auc,max_epochs,45954,8856482,192.7249450683593,193.0,192.7249450683593,193.0,0.2289074808359146,0.1452974677085876,/kaggle/working/gfd-robustness-v4-factorial-r1/graphs/base/yelpchi/r60_s2/graph.bin,/kaggle/working/gfd-robustness-v4-factorial-r1/graphs/variants/yelpchi/r60_s2/noise_edges_uniform/0.10/seed_1/graph.bin,/kaggle/working/gfd-robustness-v4-factorial-r1/graphs/variants/yelpchi/r60_s2/noise_edges_uniform/0.10/seed_1/graph.bin,ok,
gfd_robustness_benchmark_v4_factorial,yelpchi,r60_s2,0,0,noise_edges_uniform,0.2,mlp,train_clean_eval_all,0.8100983305791676,0.4587374752549941,0.6746461063940257,0.6971318125724792,0.0885204849982983,100,100,0.7956221495886349,roc_auc,max_epochs,45954,9661617,210.24539184570312,210.0,210.24539184570312,210.0,0.2304346114397049,0.1452974677085876,/kaggle/working/gfd-robustness-v4-factorial-r1/graphs/base/yelpchi/r60_s2/graph.bin,/kaggle/working/gfd-robustness-v4-factorial-r1/graphs/variants/yelpchi/r60_s2/noise_edges_uniform/0.20/seed_0/graph.bin,/kaggle/working/gfd-robustness-v4-factorial-r1/graphs/base/yelpchi/r60_s2/graph.bin,ok,
gfd_robustness_benchmark_v4_factorial,yelpchi,r60_s2,0,0,noise_edges_uniform,0.2,mlp,train_on_variant,0.8100983305791676,0.4587374752549941,0.6746461063940257,0.6971318125724792,1.8377708379994149,100,100,0.7956221495886349,roc_auc,max_epochs,45954,9661617,210.24539184570312,210.0,210.24539184570312,210.0,0.2304346114397049,0.1452974677085876,/kaggle/working/gfd-robustness-v4-factorial-r1/graphs/base/yelpchi/r60_s2/graph.bin,/kaggle/working/gfd-robustness-v4-factorial-r1/graphs/variants/yelpchi/r60_s2/noise_edges_uniform/0.20/seed_0/graph.bin,/kaggle/working/gfd-robustness-v4-factorial-r1/graphs/variants/yelpchi/r60_s2/noise_edges_uniform/0.20/seed_0/graph.bin,ok,
gfd_robustness_benchmark_v4_factorial,yelpchi,r60_s2,0,0,noise_edges_uniform,0.2,pmp,train_clean_eval_all,0.8353214332536556,0.5278515174027907,0.702898421407349,0.2557673752307892,0.3634079570001631,55,45,0.8496737448653855,roc_auc,early_stopping,45954,9661617,210.24539184570312,210.0,210.24539184570312,210.0,0.2304346114397049,0.1452974677085876,/kaggle/working/gfd-robustness-v4-factorial-r1/graphs/base/yelpchi/r60_s2/graph.bin,/kaggle/working/gfd-robustness-v4-factorial-r1/graphs/variants/yelpchi/r60_s2/noise_edges_uniform/0.20/seed_0/graph.bin,/kaggle/working/gfd-robustness-v4-factorial-r1/graphs/base/yelpchi/r60_s2/graph.bin,ok,
gfd_robustness_benchmark_v4_factorial,yelpchi,r60_s2,0,0,noise_edges_uniform,0.2,pmp,train_on_variant,0.8434108107613694,0.5387556806993702,0.7070415390710324,0.2786770462989807,23.112040201998752,40,30,0.8323762388039775,roc_auc,early_stopping,45954,9661617,210.24539184570312,210.0,210.24539184570312,210.0,0.2304346114397049,0.1452974677085876,/kaggle/working/gfd-robustness-v4-factorial-r1/graphs/base/yelpchi/r60_s2/graph.bin,/kaggle/working/gfd-robustness-v4-factorial-r1/graphs/variants/yelpchi/r60_s2/noise_edges_uniform/0.20/seed_0/graph.bin,/kaggle/working/gfd-robustness-v4-factorial-r1/graphs/variants/yelpchi/r60_s2/noise_edges_uniform/0.20/seed_0/graph.bin,ok,
gfd_robustness_benchmark_v4_factorial,yelpchi,r60_s2,0,0,noise_edges_uniform,0.2,sage,train_clean_eval_all,0.8007501417734795,0.4478784721497302,0.6635427650660106,0.6634995937347412,0.1442697599995881,100,100,0.7932715868372682,roc_auc,max_epochs,45954,9661617,210.24539184570312,210.0,210.24539184570312,210.0,0.2304346114397049,0.1452974677085876,/kaggle/working/gfd-robustness-v4-factorial-r1/graphs/base/yelpchi/r60_s2/graph.bin,/kaggle/working/gfd-robustness-v4-factorial-r1/graphs/variants/yelpchi/r60_s2/noise_edges_uniform/0.20/seed_0/graph.bin,/kaggle/working/gfd-robustness-v4-factorial-r1/graphs/base/yelpchi/r60_s2/graph.bin,ok,
gfd_robustness_benchmark_v4_factorial,yelpchi,r60_s2,0,0,noise_edges_uniform,0.2,sage,train_on_variant,0.7835066564935302,0.4156057000002776,0.6500216235562548,0.6218551397323608,3.727378764000605,100,99,0.7693228149726908,roc_auc,max_epochs,45954,9661617,210.24539184570312,210.0,210.24539184570312,210.0,0.2304346114397049,0.1452974677085876,/kaggle/working/gfd-robustness-v4-factorial-r1/graphs/base/yelpchi/r60_s2/graph.bin,/kaggle/working/gfd-robustness-v4-factorial-r1/graphs/variants/yelpchi/r60_s2/noise_edges_uniform/0.20/seed_0/graph.bin,/kaggle/working/gfd-robustness-v4-factorial-r1/graphs/variants/yelpchi/r60_s2/noise_edges_uniform/0.20/seed_0/graph.bin,ok,
gfd_robustness_benchmark_v4_factorial,yelpchi,r60_s2,0,0,noise_edges_uniform,0.2,secgfd,train_clean_eval_all,0.8206968509518641,0.4857723892961236,0.6899054439069767,0.6121960878372192,0.2131744270009221,50,50,0.8036778501729617,roc_auc,max_epochs,45954,9661617,210.24539184570312,210.0,210.24539184570312,210.0,0.2304346114397049,0.1452974677085876,/kaggle/working/gfd-robustness-v4-factorial-r1/graphs/base/yelpchi/r60_s2/graph.bin,/kaggle/working/gfd-robustness-v4-factorial-r1/graphs/variants/yelpchi/r60_s2/noise_edges_uniform/0.20/seed_0/graph.bin,/kaggle/working/gfd-robustness-v4-factorial-r1/graphs/base/yelpchi/r60_s2/graph.bin,ok,
gfd_robustness_benchmark_v4_factorial,yelpchi,r60_s2,0,0,noise_edges_uniform,0.2,secgfd,train_on_variant,0.8325840045977292,0.5152904364220781,0.7005751959000529,0.65843665599823,5.736726029001147,50,50,0.8215240656372406,roc_auc,max_epochs,45954,9661617,210.24539184570312,210.0,210.24539184570312,210.0,0.2304346114397049,0.1452974677085876,/kaggle/working/gfd-robustness-v4-factorial-r1/graphs/base/yelpchi/r60_s2/graph.bin,/kaggle/working/gfd-robustness-v4-factorial-r1/graphs/variants/yelpchi/r60_s2/noise_edges_uniform/0.20/seed_0/graph.bin,/kaggle/working/gfd-robustness-v4-factorial-r1/graphs/variants/yelpchi/r60_s2/noise_edges_uniform/0.20/seed_0/graph.bin,ok,
gfd_robustness_benchmark_v4_factorial,yelpchi,r60_s2,0,1,noise_edges_uniform,0.2,mlp,train_clean_eval_all,0.8014226606613657,0.4473605327471914,0.6604104662698413,0.655698835849762,0.0875315669982228,100,100,0.7890084561707159,roc_auc,max_epochs,45954,9661617,210.24539184570312,210.0,210.24539184570312,210.0,0.2304346114397049,0.1452974677085876,/kaggle/working/gfd-robustness-v4-factorial-r1/graphs/base/yelpchi/r60_s2/graph.bin,/kaggle/working/gfd-robustness-v4-factorial-r1/graphs/variants/yelpchi/r60_s2/noise_edges_uniform/0.20/seed_0/graph.bin,/kaggle/working/gfd-robustness-v4-factorial-r1/graphs/base/yelpchi/r60_s2/graph.bin,ok,
gfd_robustness_benchmark_v4_factorial,yelpchi,r60_s2,0,1,noise_edges_uniform,0.2,mlp,train_on_variant,0.8014226606613657,0.4473605327471914,0.6604104662698413,0.655698835849762,1.92604970800312,100,100,0.7890084561707159,roc_auc,max_epochs,45954,9661617,210.24539184570312,210.0,210.24539184570312,210.0,0.2304346114397049,0.1452974677085876,/kaggle/working/gfd-robustness-v4-factorial-r1/graphs/base/yelpchi/r60_s2/graph.bin,/kaggle/working/gfd-robustness-v4-factorial-r1/graphs/variants/yelpchi/r60_s2/noise_edges_uniform/0.20/seed_0/graph.bin,/kaggle/working/gfd-robustness-v4-factorial-r1/graphs/variants/yelpchi/r60_s2/noise_edges_uniform/0.20/seed_0/graph.bin,ok,
gfd_robustness_benchmark_v4_factorial,yelpchi,r60_s2,0,1,noise_edges_uniform,0.2,pmp,train_clean_eval_all,0.8428963102308621,0.5563581638235847,0.7122959740971883,0.4313299655914306,0.3650079059989366,59,49,0.8501764424005321,roc_auc,early_stopping,45954,9661617,210.24539184570312,210.0,210.24539184570312,210.0,0.2304346114397049,0.1452974677085876,/kaggle/working/gfd-robustness-v4-factorial-r1/graphs/base/yelpchi/r60_s2/graph.bin,/kaggle/working/gfd-robustness-v4-factorial-r1/graphs/variants/yelpchi/r60_s2/noise_edges_uniform/0.20/seed_0/graph.bin,/kaggle/working/gfd-robustness-v4-factorial-r1/graphs/base/yelpchi/r60_s2/graph.bin,ok,
gfd_robustness_benchmark_v4_factorial,yelpchi,r60_s2,0,1,noise_edges_uniform,0.2,pmp,train_on_variant,0.850367334323207,0.5691663376333495,0.7228574143856805,0.2703261375427246,39.90382976099863,70,60,0.8379462018752816,roc_auc,early_stopping,45954,9661617,210.24539184570312,210.0,210.24539184570312,210.0,0.2304346114397049,0.1452974677085876,/kaggle/working/gfd-robustness-v4-factorial-r1/graphs/base/yelpchi/r60_s2/graph.bin,/kaggle/working/gfd-robustness-v4-factorial-r1/graphs/variants/yelpchi/r60_s2/noise_edges_uniform/0.20/seed_0/graph.bin,/kaggle/working/gfd-robustness-v4-factorial-r1/graphs/variants/yelpchi/r60_s2/noise_edges_uniform/0.20/seed_0/graph.bin,ok,
gfd_robustness_benchmark_v4_factorial,yelpchi,r60_s2,0,1,noise_edges_uniform,0.2,sage,train_clean_eval_all,0.6195300018598241,0.2098764722305015,0.5484862658721903,0.2929745614528656,0.1243998669997381,23,13,0.6051568098756249,roc_auc,early_stopping,45954,9661617,210.24539184570312,210.0,210.24539184570312,210.0,0.2304346114397049,0.1452974677085876,/kaggle/working/gfd-robustness-v4-factorial-r1/graphs/base/yelpchi/r60_s2/graph.bin,/kaggle/working/gfd-robustness-v4-factorial-r1/graphs/variants/yelpchi/r60_s2/noise_edges_uniform/0.20/seed_0/graph.bin,/kaggle/working/gfd-robustness-v4-factorial-r1/graphs/base/yelpchi/r60_s2/graph.bin,ok,
gfd_robustness_benchmark_v4_factorial,yelpchi,r60_s2,0,1,noise_edges_uniform,0.2,sage,train_on_variant,0.6234746488438602,0.2167472401692186,0.5554062674663546,0.2954692244529724,1.0414962249997188,23,13,0.6067708012978684,roc_auc,early_stopping,45954,9661617,210.24539184570312,210.0,210.24539184570312,210.0,0.2304346114397049,0.1452974677085876,/kaggle/working/gfd-robustness-v4-factorial-r1/graphs/base/yelpchi/r60_s2/graph.bin,/kaggle/working/gfd-robustness-v4-factorial-r1/graphs/variants/yelpchi/r60_s2/noise_edges_uniform/0.20/seed_0/graph.bin,/kaggle/working/gfd-robustness-v4-factorial-r1/graphs/variants/yelpchi/r60_s2/noise_edges_uniform/0.20/seed_0/graph.bin,ok,
gfd_robustness_benchmark_v4_factorial,yelpchi,r60_s2,0,1,noise_edges_uniform,0.2,secgfd,train_clean_eval_all,0.8017977220203178,0.4547052644145185,0.6706725087099659,0.6578896045684814,0.2122514260008756,50,50,0.7875019370281101,roc_auc,max_epochs,45954,9661617,210.24539184570312,210.0,210.24539184570312,210.0,0.2304346114397049,0.1452974677085876,/kaggle/working/gfd-robustness-v4-factorial-r1/graphs/base/yelpchi/r60_s2/graph.bin,/kaggle/working/gfd-robustness-v4-factorial-r1/graphs/variants/yelpchi/r60_s2/noise_edges_uniform/0.20/seed_0/graph.bin,/kaggle/working/gfd-robustness-v4-factorial-r1/graphs/base/yelpchi/r60_s2/graph.bin,ok,
gfd_robustness_benchmark_v4_factorial,yelpchi,r60_s2,0,1,noise_edges_uniform,0.2,secgfd,train_on_variant,0.8052828438083101,0.4558492976602886,0.6728908527141237,0.6695163249969482,5.789878807001514,50,50,0.7950735832278398,roc_auc,max_epochs,45954,9661617,210.24539184570312,210.0,210.24539184570312,210.0,0.2304346114397049,0.1452974677085876,/kaggle/working/gfd-robustness-v4-factorial-r1/graphs/base/yelpchi/r60_s2/graph.bin,/kaggle/working/gfd-robustness-v4-factorial-r1/graphs/variants/yelpchi/r60_s2/noise_edges_uniform/0.20/seed_0/graph.bin,/kaggle/working/gfd-robustness-v4-factorial-r1/graphs/variants/yelpchi/r60_s2/noise_edges_uniform/0.20/seed_0/graph.bin,ok,
gfd_robustness_benchmark_v4_factorial,yelpchi,r60_s2,0,2,noise_edges_uniform,0.2,mlp,train_clean_eval_all,0.8051940448278595,0.4504607236347623,0.6638554700899604,0.6557482481002808,0.0930468790029408,100,100,0.7907452730554025,roc_auc,max_epochs,45954,9661617,210.24539184570312,210.0,210.24539184570312,210.0,0.2304346114397049,0.1452974677085876,/kaggle/working/gfd-robustness-v4-factorial-r1/graphs/base/yelpchi/r60_s2/graph.bin,/kaggle/working/gfd-robustness-v4-factorial-r1/graphs/variants/yelpchi/r60_s2/noise_edges_uniform/0.20/seed_0/graph.bin,/kaggle/working/gfd-robustness-v4-factorial-r1/graphs/base/yelpchi/r60_s2/graph.bin,ok,
gfd_robustness_benchmark_v4_factorial,yelpchi,r60_s2,0,2,noise_edges_uniform,0.2,mlp,train_on_variant,0.8051940448278595,0.4504607236347623,0.6638554700899604,0.6557482481002808,1.6619788149982924,100,100,0.7907452730554025,roc_auc,max_epochs,45954,9661617,210.24539184570312,210.0,210.24539184570312,210.0,0.2304346114397049,0.1452974677085876,/kaggle/working/gfd-robustness-v4-factorial-r1/graphs/base/yelpchi/r60_s2/graph.bin,/kaggle/working/gfd-robustness-v4-factorial-r1/graphs/variants/yelpchi/r60_s2/noise_edges_uniform/0.20/seed_0/graph.bin,/kaggle/working/gfd-robustness-v4-factorial-r1/graphs/variants/yelpchi/r60_s2/noise_edges_uniform/0.20/seed_0/graph.bin,ok,
gfd_robustness_benchmark_v4_factorial,yelpchi,r60_s2,0,2,noise_edges_uniform,0.2,pmp,train_clean_eval_all,0.832573238197739,0.5311258797279722,0.7090720369657751,0.1901807934045791,0.3210098550007387,40,30,0.8440517144784805,roc_auc,early_stopping,45954,9661617,210.24539184570312,210.0,210.24539184570312,210.0,0.2304346114397049,0.1452974677085876,/kaggle/working/gfd-robustness-v4-factorial-r1/graphs/base/yelpchi/r60_s2/graph.bin,/kaggle/working/gfd-robustness-v4-factorial-r1/graphs/variants/yelpchi/r60_s2/noise_edges_uniform/0.20/seed_0/graph.bin,/kaggle/working/gfd-robustness-v4-factorial-r1/graphs/base/yelpchi/r60_s2/graph.bin,ok,
gfd_robustness_benchmark_v4_factorial,yelpchi,r60_s2,0,2,noise_edges_uniform,0.2,pmp,train_on_variant,0.8486388983743308,0.5559292353629917,0.7089826938631686,0.4523065686225891,44.7360535029984,78,68,0.8395950955640268,roc_auc,early_stopping,45954,9661617,210.24539184570312,210.0,210.24539184570312,210.0,0.2304346114397049,0.1452974677085876,/kaggle/working/gfd-robustness-v4-factorial-r1/graphs/base/yelpchi/r60_s2/graph.bin,/kaggle/working/gfd-robustness-v4-factorial-r1/graphs/variants/yelpchi/r60_s2/noise_edges_uniform/0.20/seed_0/graph.bin,/kaggle/working/gfd-robustness-v4-factorial-r1/graphs/variants/yelpchi/r60_s2/noise_edges_uniform/0.20/seed_0/graph.bin,ok,
gfd_robustness_benchmark_v4_factorial,yelpchi,r60_s2,0,2,noise_edges_uniform,0.2,sage,train_clean_eval_all,0.7982349487633694,0.4490933105918393,0.6639768561057486,0.6589797139167786,0.1452208779992361,100,100,0.7880997098629895,roc_auc,max_epochs,45954,9661617,210.24539184570312,210.0,210.24539184570312,210.0,0.2304346114397049,0.1452974677085876,/kaggle/working/gfd-robustness-v4-factorial-r1/graphs/base/yelpchi/r60_s2/graph.bin,/kaggle/working/gfd-robustness-v4-factorial-r1/graphs/variants/yelpchi/r60_s2/noise_edges_uniform/0.20/seed_0/graph.bin,/kaggle/working/gfd-robustness-v4-factorial-r1/graphs/base/yelpchi/r60_s2/graph.bin,ok,
gfd_robustness_benchmark_v4_factorial,yelpchi,r60_s2,0,2,noise_edges_uniform,0.2,sage,train_on_variant,0.7914112425607034,0.4373361189376923,0.6524861687280612,0.5975138545036316,3.678078268996616,100,100,0.775217721959581,roc_auc,max_epochs,45954,9661617,210.24539184570312,210.0,210.24539184570312,210.0,0.2304346114397049,0.1452974677085876,/kaggle/working/gfd-robustness-v4-factorial-r1/graphs/base/yelpchi/r60_s2/graph.bin,/kaggle/working/gfd-robustness-v4-factorial-r1/graphs/variants/yelpchi/r60_s2/noise_edges_uniform/0.20/seed_0/graph.bin,/kaggle/working/gfd-robustness-v4-factorial-r1/graphs/variants/yelpchi/r60_s2/noise_edges_uniform/0.20/seed_0/graph.bin,ok,
gfd_robustness_benchmark_v4_factorial,yelpchi,r60_s2,0,2,noise_edges_uniform,0.2,secgfd,train_clean_eval_all,0.8158718840323427,0.4934481904317913,0.6883836226069441,0.7028029561042786,0.1984925080032553,50,46,0.8013154149293015,roc_auc,max_epochs,45954,9661617,210.24539184570312,210.0,210.24539184570312,210.0,0.2304346114397049,0.1452974677085876,/kaggle/working/gfd-robustness-v4-factorial-r1/graphs/base/yelpchi/r60_s2/graph.bin,/kaggle/working/gfd-robustness-v4-factorial-r1/graphs/variants/yelpchi/r60_s2/noise_edges_uniform/0.20/seed_0/graph.bin,/kaggle/working/gfd-robustness-v4-factorial-r1/graphs/base/yelpchi/r60_s2/graph.bin,ok,
gfd_robustness_benchmark_v4_factorial,yelpchi,r60_s2,0,2,noise_edges_uniform,0.2,secgfd,train_on_variant,0.8162759575045428,0.4924232511910885,0.6871439928233329,0.6747702360153198,5.827308972002356,50,50,0.8002375928879479,roc_auc,max_epochs,45954,9661617,210.24539184570312,210.0,210.24539184570312,210.0,0.2304346114397049,0.1452974677085876,/kaggle/working/gfd-robustness-v4-factorial-r1/graphs/base/yelpchi/r60_s2/graph.bin,/kaggle/working/gfd-robustness-v4-factorial-r1/graphs/variants/yelpchi/r60_s2/noise_edges_uniform/0.20/seed_0/graph.bin,/kaggle/working/gfd-robustness-v4-factorial-r1/graphs/variants/yelpchi/r60_s2/noise_edges_uniform/0.20/seed_0/graph.bin,ok,
gfd_robustness_benchmark_v4_factorial,yelpchi,r60_s2,0,3,noise_edges_uniform,0.2,mlp,train_clean_eval_all,0.8033646619693403,0.442421243508313,0.6642026960679807,0.6678695678710938,0.0748593019998224,100,100,0.7883936613288132,roc_auc,max_epochs,45954,9661617,210.24539184570312,210.0,210.24539184570312,210.0,0.2304346114397049,0.1452974677085876,/kaggle/working/gfd-robustness-v4-factorial-r1/graphs/base/yelpchi/r60_s2/graph.bin,/kaggle/working/gfd-robustness-v4-factorial-r1/graphs/variants/yelpchi/r60_s2/noise_edges_uniform/0.20/seed_0/graph.bin,/kaggle/working/gfd-robustness-v4-factorial-r1/graphs/base/yelpchi/r60_s2/graph.bin,ok,
gfd_robustness_benchmark_v4_factorial,yelpchi,r60_s2,0,3,noise_edges_uniform,0.2,mlp,train_on_variant,0.8033646619693403,0.442421243508313,0.6642026960679807,0.6678695678710938,1.841854582999076,100,100,0.7883936613288132,roc_auc,max_epochs,45954,9661617,210.24539184570312,210.0,210.24539184570312,210.0,0.2304346114397049,0.1452974677085876,/kaggle/working/gfd-robustness-v4-factorial-r1/graphs/base/yelpchi/r60_s2/graph.bin,/kaggle/working/gfd-robustness-v4-factorial-r1/graphs/variants/yelpchi/r60_s2/noise_edges_uniform/0.20/seed_0/graph.bin,/kaggle/working/gfd-robustness-v4-factorial-r1/graphs/variants/yelpchi/r60_s2/noise_edges_uniform/0.20/seed_0/graph.bin,ok,
gfd_robustness_benchmark_v4_factorial,yelpchi,r60_s2,0,3,noise_edges_uniform,0.2,pmp,train_clean_eval_all,0.8392136297669427,0.5401231290346834,0.70965467845905,0.2736212313175201,0.3207325559997116,69,59,0.8491953168024374,roc_auc,early_stopping,45954,9661617,210.24539184570312,210.0,210.24539184570312,210.0,0.2304346114397049,0.1452974677085876,/kaggle/working/gfd-robustness-v4-factorial-r1/graphs/base/yelpchi/r60_s2/graph.bin,/kaggle/working/gfd-robustness-v4-factorial-r1/graphs/variants/yelpchi/r60_s2/noise_edges_uniform/0.20/seed_0/graph.bin,/kaggle/working/gfd-robustness-v4-factorial-r1/graphs/base/yelpchi/r60_s2/graph.bin,ok,
gfd_robustness_benchmark_v4_factorial,yelpchi,r60_s2,0,3,noise_edges_uniform,0.2,pmp,train_on_variant,0.8465202042452773,0.5569644557851893,0.7127150452748432,0.2829905152320862,51.19320185199831,90,80,0.8383013753495591,roc_auc,early_stopping,45954,9661617,210.24539184570312,210.0,210.24539184570312,210.0,0.2304346114397049,0.1452974677085876,/kaggle/working/gfd-robustness-v4-factorial-r1/graphs/base/yelpchi/r60_s2/graph.bin,/kaggle/working/gfd-robustness-v4-factorial-r1/graphs/variants/yelpchi/r60_s2/noise_edges_uniform/0.20/seed_0/graph.bin,/kaggle/working/gfd-robustness-v4-factorial-r1/graphs/variants/yelpchi/r60_s2/noise_edges_uniform/0.20/seed_0/graph.bin,ok,
gfd_robustness_benchmark_v4_factorial,yelpchi,r60_s2,0,3,noise_edges_uniform,0.2,sage,train_clean_eval_all,0.7898580702647657,0.4369783388175932,0.6604188504126808,0.6763745546340942,0.141215125000599,100,100,0.7781531837590027,roc_auc,max_epochs,45954,9661617,210.24539184570312,210.0,210.24539184570312,210.0,0.2304346114397049,0.1452974677085876,/kaggle/working/gfd-robustness-v4-factorial-r1/graphs/base/yelpchi/r60_s2/graph.bin,/kaggle/working/gfd-robustness-v4-factorial-r1/graphs/variants/yelpchi/r60_s2/noise_edges_uniform/0.20/seed_0/graph.bin,/kaggle/working/gfd-robustness-v4-factorial-r1/graphs/base/yelpchi/r60_s2/graph.bin,ok,
gfd_robustness_benchmark_v4_factorial,yelpchi,r60_s2,0,3,noise_edges_uniform,0.2,sage,train_on_variant,0.7898084304913594,0.433281732899364,0.6594029549524406,0.6930108070373535,3.691637856001762,100,100,0.774635349988199,roc_auc,max_epochs,45954,9661617,210.24539184570312,210.0,210.24539184570312,210.0,0.2304346114397049,0.1452974677085876,/kaggle/working/gfd-robustness-v4-factorial-r1/graphs/base/yelpchi/r60_s2/graph.bin,/kaggle/working/gfd-robustness-v4-factorial-r1/graphs/variants/yelpchi/r60_s2/noise_edges_uniform/0.20/seed_0/graph.bin,/kaggle/working/gfd-robustness-v4-factorial-r1/graphs/variants/yelpchi/r60_s2/noise_edges_uniform/0.20/seed_0/graph.bin,ok,
gfd_robustness_benchmark_v4_factorial,yelpchi,r60_s2,0,3,noise_edges_uniform,0.2,secgfd,train_clean_eval_all,0.8126185733167067,0.4793803860773081,0.6832197371893445,0.6787847280502319,0.2024244630010798,50,50,0.7989556498043899,roc_auc,max_epochs,45954,9661617,210.24539184570312,210.0,210.24539184570312,210.0,0.2304346114397049,0.1452974677085876,/kaggle/working/gfd-robustness-v4-factorial-r1/graphs/base/yelpchi/r60_s2/graph.bin,/kaggle/working/gfd-robustness-v4-factorial-r1/graphs/variants/yelpchi/r60_s2/noise_edges_uniform/0.20/seed_0/graph.bin,/kaggle/working/gfd-robustness-v4-factorial-r1/graphs/base/yelpchi/r60_s2/graph.bin,ok,
gfd_robustness_benchmark_v4_factorial,yelpchi,r60_s2,0,3,noise_edges_uniform,0.2,secgfd,train_on_variant,0.8176471014183446,0.4936944451779111,0.6922445533476527,0.6550248861312866,5.778472451002017,50,50,0.8039146324891466,roc_auc,max_epochs,45954,9661617,210.24539184570312,210.0,210.24539184570312,210.0,0.2304346114397049,0.1452974677085876,/kaggle/working/gfd-robustness-v4-factorial-r1/graphs/base/yelpchi/r60_s2/graph.bin,/kaggle/working/gfd-robustness-v4-factorial-r1/graphs/variants/yelpchi/r60_s2/noise_edges_uniform/0.20/seed_0/graph.bin,/kaggle/working/gfd-robustness-v4-factorial-r1/graphs/variants/yelpchi/r60_s2/noise_edges_uniform/0.20/seed_0/graph.bin,ok,
gfd_robustness_benchmark_v4_factorial,yelpchi,r60_s2,0,4,noise_edges_uniform,0.2,mlp,train_clean_eval_all,0.8016106915496909,0.4485908504844914,0.6622104135282587,0.6817144751548767,0.0668791390016849,100,100,0.7873558433879992,roc_auc,max_epochs,45954,9661617,210.24539184570312,210.0,210.24539184570312,210.0,0.2304346114397049,0.1452974677085876,/kaggle/working/gfd-robustness-v4-factorial-r1/graphs/base/yelpchi/r60_s2/graph.bin,/kaggle/working/gfd-robustness-v4-factorial-r1/graphs/variants/yelpchi/r60_s2/noise_edges_uniform/0.20/seed_0/graph.bin,/kaggle/working/gfd-robustness-v4-factorial-r1/graphs/base/yelpchi/r60_s2/graph.bin,ok,
gfd_robustness_benchmark_v4_factorial,yelpchi,r60_s2,0,4,noise_edges_uniform,0.2,mlp,train_on_variant,0.8016106915496909,0.4485908504844914,0.6622104135282587,0.6817144751548767,1.8720781420015555,100,100,0.7873558433879992,roc_auc,max_epochs,45954,9661617,210.24539184570312,210.0,210.24539184570312,210.0,0.2304346114397049,0.1452974677085876,/kaggle/working/gfd-robustness-v4-factorial-r1/graphs/base/yelpchi/r60_s2/graph.bin,/kaggle/working/gfd-robustness-v4-factorial-r1/graphs/variants/yelpchi/r60_s2/noise_edges_uniform/0.20/seed_0/graph.bin,/kaggle/working/gfd-robustness-v4-factorial-r1/graphs/variants/yelpchi/r60_s2/noise_edges_uniform/0.20/seed_0/graph.bin,ok,
gfd_robustness_benchmark_v4_factorial,yelpchi,r60_s2,0,4,noise_edges_uniform,0.2,pmp,train_clean_eval_all,0.8563432103461103,0.579128677814381,0.7336775686134265,0.2757417559623718,0.3289571649984282,76,66,0.8606669098381956,roc_auc,early_stopping,45954,9661617,210.24539184570312,210.0,210.24539184570312,210.0,0.2304346114397049,0.1452974677085876,/kaggle/working/gfd-robustness-v4-factorial-r1/graphs/base/yelpchi/r60_s2/graph.bin,/kaggle/working/gfd-robustness-v4-factorial-r1/graphs/variants/yelpchi/r60_s2/noise_edges_uniform/0.20/seed_0/graph.bin,/kaggle/working/gfd-robustness-v4-factorial-r1/graphs/base/yelpchi/r60_s2/graph.bin,ok,
gfd_robustness_benchmark_v4_factorial,yelpchi,r60_s2,0,4,noise_edges_uniform,0.2,pmp,train_on_variant,0.8459123313962706,0.558887089872442,0.7197427982032198,0.3443372249603271,34.16238669499944,60,50,0.8372017155512961,roc_auc,early_stopping,45954,9661617,210.24539184570312,210.0,210.24539184570312,210.0,0.2304346114397049,0.1452974677085876,/kaggle/working/gfd-robustness-v4-factorial-r1/graphs/base/yelpchi/r60_s2/graph.bin,/kaggle/working/gfd-robustness-v4-factorial-r1/graphs/variants/yelpchi/r60_s2/noise_edges_uniform/0.20/seed_0/graph.bin,/kaggle/working/gfd-robustness-v4-factorial-r1/graphs/variants/yelpchi/r60_s2/noise_edges_uniform/0.20/seed_0/graph.bin,ok,
gfd_robustness_benchmark_v4_factorial,yelpchi,r60_s2,0,4,noise_edges_uniform,0.2,sage,train_clean_eval_all,0.7944106853756845,0.4417052869065037,0.6591810698938322,0.695338249206543,0.1429511700007424,100,100,0.7833725030217639,roc_auc,max_epochs,45954,9661617,210.24539184570312,210.0,210.24539184570312,210.0,0.2304346114397049,0.1452974677085876,/kaggle/working/gfd-robustness-v4-factorial-r1/graphs/base/yelpchi/r60_s2/graph.bin,/kaggle/working/gfd-robustness-v4-factorial-r1/graphs/variants/yelpchi/r60_s2/noise_edges_uniform/0.20/seed_0/graph.bin,/kaggle/working/gfd-robustness-v4-factorial-r1/graphs/base/yelpchi/r60_s2/graph.bin,ok,
gfd_robustness_benchmark_v4_factorial,yelpchi,r60_s2,0,4,noise_edges_uniform,0.2,sage,train_on_variant,0.793396023635011,0.4377971180892661,0.6576463649994466,0.6512305736541748,3.6222261949988015,100,99,0.7783334167745443,roc_auc,max_epochs,45954,9661617,210.24539184570312,210.0,210.24539184570312,210.0,0.2304346114397049,0.1452974677085876,/kaggle/working/gfd-robustness-v4-factorial-r1/graphs/base/yelpchi/r60_s2/graph.bin,/kaggle/working/gfd-robustness-v4-factorial-r1/graphs/variants/yelpchi/r60_s2/noise_edges_uniform/0.20/seed_0/graph.bin,/kaggle/working/gfd-robustness-v4-factorial-r1/graphs/variants/yelpchi/r60_s2/noise_edges_uniform/0.20/seed_0/graph.bin,ok,
gfd_robustness_benchmark_v4_factorial,yelpchi,r60_s2,0,4,noise_edges_uniform,0.2,secgfd,train_clean_eval_all,0.8025420804267229,0.4389993679331075,0.6686539397310972,0.7039106488227844,0.181444719000865,50,50,0.786382585104075,roc_auc,max_epochs,45954,9661617,210.24539184570312,210.0,210.24539184570312,210.0,0.2304346114397049,0.1452974677085876,/kaggle/working/gfd-robustness-v4-factorial-r1/graphs/base/yelpchi/r60_s2/graph.bin,/kaggle/working/gfd-robustness-v4-factorial-r1/graphs/variants/yelpchi/r60_s2/noise_edges_uniform/0.20/seed_0/graph.bin,/kaggle/working/gfd-robustness-v4-factorial-r1/graphs/base/yelpchi/r60_s2/graph.bin,ok,
gfd_robustness_benchmark_v4_factorial,yelpchi,r60_s2,0,4,noise_edges_uniform,0.2,secgfd,train_on_variant,0.792747943522324,0.4362435497722759,0.6615662590355755,0.6985837817192078,5.810380118000467,50,50,0.781211900147095,roc_auc,max_epochs,45954,9661617,210.24539184570312,210.0,210.24539184570312,210.0,0.2304346114397049,0.1452974677085876,/kaggle/working/gfd-robustness-v4-factorial-r1/graphs/base/yelpchi/r60_s2/graph.bin,/kaggle/working/gfd-robustness-v4-factorial-r1/graphs/variants/yelpchi/r60_s2/noise_edges_uniform/0.20/seed_0/graph.bin,/kaggle/working/gfd-robustness-v4-factorial-r1/graphs/variants/yelpchi/r60_s2/noise_edges_uniform/0.20/seed_0/graph.bin,ok,
gfd_robustness_benchmark_v4_factorial,yelpchi,r60_s2,1,0,noise_edges_uniform,0.2,mlp,train_clean_eval_all,0.8100983305791676,0.4587374752549941,0.6746461063940257,0.6971318125724792,0.0672601379992556,100,100,0.7956221495886349,roc_auc,max_epochs,45954,9661617,210.24539184570312,210.0,210.24539184570312,210.0,0.2304567694664001,0.1452974677085876,/kaggle/working/gfd-robustness-v4-factorial-r1/graphs/base/yelpchi/r60_s2/graph.bin,/kaggle/working/gfd-robustness-v4-factorial-r1/graphs/variants/yelpchi/r60_s2/noise_edges_uniform/0.20/seed_1/graph.bin,/kaggle/working/gfd-robustness-v4-factorial-r1/graphs/base/yelpchi/r60_s2/graph.bin,ok,
gfd_robustness_benchmark_v4_factorial,yelpchi,r60_s2,1,0,noise_edges_uniform,0.2,mlp,train_on_variant,0.8100983305791676,0.4587374752549941,0.6746461063940257,0.6971318125724792,1.917177273997368,100,100,0.7956221495886349,roc_auc,max_epochs,45954,9661617,210.24539184570312,210.0,210.24539184570312,210.0,0.2304567694664001,0.1452974677085876,/kaggle/working/gfd-robustness-v4-factorial-r1/graphs/base/yelpchi/r60_s2/graph.bin,/kaggle/working/gfd-robustness-v4-factorial-r1/graphs/variants/yelpchi/r60_s2/noise_edges_uniform/0.20/seed_1/graph.bin,/kaggle/working/gfd-robustness-v4-factorial-r1/graphs/variants/yelpchi/r60_s2/noise_edges_uniform/0.20/seed_1/graph.bin,ok,
gfd_robustness_benchmark_v4_factorial,yelpchi,r60_s2,1,0,noise_edges_uniform,0.2,pmp,train_clean_eval_all,0.8364742955534958,0.5444438757096735,0.7076543084508279,0.2557673752307892,0.3563829519989667,55,45,0.8496737448653855,roc_auc,early_stopping,45954,9661617,210.24539184570312,210.0,210.24539184570312,210.0,0.2304567694664001,0.1452974677085876,/kaggle/working/gfd-robustness-v4-factorial-r1/graphs/base/yelpchi/r60_s2/graph.bin,/kaggle/working/gfd-robustness-v4-factorial-r1/graphs/variants/yelpchi/r60_s2/noise_edges_uniform/0.20/seed_1/graph.bin,/kaggle/working/gfd-robustness-v4-factorial-r1/graphs/base/yelpchi/r60_s2/graph.bin,ok,
gfd_robustness_benchmark_v4_factorial,yelpchi,r60_s2,1,0,noise_edges_uniform,0.2,pmp,train_on_variant,0.8475320076496701,0.5520499718159401,0.7190353536238487,0.3004040420055389,30.763867981997464,54,44,0.8339401654996818,roc_auc,early_stopping,45954,9661617,210.24539184570312,210.0,210.24539184570312,210.0,0.2304567694664001,0.1452974677085876,/kaggle/working/gfd-robustness-v4-factorial-r1/graphs/base/yelpchi/r60_s2/graph.bin,/kaggle/working/gfd-robustness-v4-factorial-r1/graphs/variants/yelpchi/r60_s2/noise_edges_uniform/0.20/seed_1/graph.bin,/kaggle/working/gfd-robustness-v4-factorial-r1/graphs/variants/yelpchi/r60_s2/noise_edges_uniform/0.20/seed_1/graph.bin,ok,
gfd_robustness_benchmark_v4_factorial,yelpchi,r60_s2,1,0,noise_edges_uniform,0.2,sage,train_clean_eval_all,0.8006722521098333,0.4484070403471973,0.6649144662553688,0.6634995937347412,0.1246827739996661,100,100,0.7932715868372682,roc_auc,max_epochs,45954,9661617,210.24539184570312,210.0,210.24539184570312,210.0,0.2304567694664001,0.1452974677085876,/kaggle/working/gfd-robustness-v4-factorial-r1/graphs/base/yelpchi/r60_s2/graph.bin,/kaggle/working/gfd-robustness-v4-factorial-r1/graphs/variants/yelpchi/r60_s2/noise_edges_uniform/0.20/seed_1/graph.bin,/kaggle/working/gfd-robustness-v4-factorial-r1/graphs/base/yelpchi/r60_s2/graph.bin,ok,
gfd_robustness_benchmark_v4_factorial,yelpchi,r60_s2,1,0,noise_edges_uniform,0.2,sage,train_on_variant,0.7788731504658707,0.4100176874302566,0.6508006565759406,0.6463946104049683,3.633699514000909,100,100,0.7661646366612073,roc_auc,max_epochs,45954,9661617,210.24539184570312,210.0,210.24539184570312,210.0,0.2304567694664001,0.1452974677085876,/kaggle/working/gfd-robustness-v4-factorial-r1/graphs/base/yelpchi/r60_s2/graph.bin,/kaggle/working/gfd-robustness-v4-factorial-r1/graphs/variants/yelpchi/r60_s2/noise_edges_uniform/0.20/seed_1/graph.bin,/kaggle/working/gfd-robustness-v4-factorial-r1/graphs/variants/yelpchi/r60_s2/noise_edges_uniform/0.20/seed_1/graph.bin,ok,
gfd_robustness_benchmark_v4_factorial,yelpchi,r60_s2,1,0,noise_edges_uniform,0.2,secgfd,train_clean_eval_all,0.82077307325268,0.4856085543661051,0.6892434314368568,0.6121960878372192,0.2170308450004086,50,50,0.8036778501729617,roc_auc,max_epochs,45954,9661617,210.24539184570312,210.0,210.24539184570312,210.0,0.2304567694664001,0.1452974677085876,/kaggle/working/gfd-robustness-v4-factorial-r1/graphs/base/yelpchi/r60_s2/graph.bin,/kaggle/working/gfd-robustness-v4-factorial-r1/graphs/variants/yelpchi/r60_s2/noise_edges_uniform/0.20/seed_1/graph.bin,/kaggle/working/gfd-robustness-v4-factorial-r1/graphs/base/yelpchi/r60_s2/graph.bin,ok,
gfd_robustness_benchmark_v4_factorial,yelpchi,r60_s2,1,0,noise_edges_uniform,0.2,secgfd,train_on_variant,0.8288516843604035,0.515527398279819,0.7039075618697826,0.7279958128929138,5.750555915001314,50,50,0.8138279251508498,roc_auc,max_epochs,45954,9661617,210.24539184570312,210.0,210.24539184570312,210.0,0.2304567694664001,0.1452974677085876,/kaggle/working/gfd-robustness-v4-factorial-r1/graphs/base/yelpchi/r60_s2/graph.bin,/kaggle/working/gfd-robustness-v4-factorial-r1/graphs/variants/yelpchi/r60_s2/noise_edges_uniform/0.20/seed_1/graph.bin,/kaggle/working/gfd-robustness-v4-factorial-r1/graphs/variants/yelpchi/r60_s2/noise_edges_uniform/0.20/seed_1/graph.bin,ok,
gfd_robustness_benchmark_v4_factorial,yelpchi,r60_s2,1,1,noise_edges_uniform,0.2,mlp,train_clean_eval_all,0.8014226606613657,0.4473605327471914,0.6604104662698413,0.655698835849762,0.0834105299982184,100,100,0.7890084561707159,roc_auc,max_epochs,45954,9661617,210.24539184570312,210.0,210.24539184570312,210.0,0.2304567694664001,0.1452974677085876,/kaggle/working/gfd-robustness-v4-factorial-r1/graphs/base/yelpchi/r60_s2/graph.bin,/kaggle/working/gfd-robustness-v4-factorial-r1/graphs/variants/yelpchi/r60_s2/noise_edges_uniform/0.20/seed_1/graph.bin,/kaggle/working/gfd-robustness-v4-factorial-r1/graphs/base/yelpchi/r60_s2/graph.bin,ok,
gfd_robustness_benchmark_v4_factorial,yelpchi,r60_s2,1,1,noise_edges_uniform,0.2,mlp,train_on_variant,0.8014226606613657,0.4473605327471914,0.6604104662698413,0.655698835849762,1.869103200999234,100,100,0.7890084561707159,roc_auc,max_epochs,45954,9661617,210.24539184570312,210.0,210.24539184570312,210.0,0.2304567694664001,0.1452974677085876,/kaggle/working/gfd-robustness-v4-factorial-r1/graphs/base/yelpchi/r60_s2/graph.bin,/kaggle/working/gfd-robustness-v4-factorial-r1/graphs/variants/yelpchi/r60_s2/noise_edges_uniform/0.20/seed_1/graph.bin,/kaggle/working/gfd-robustness-v4-factorial-r1/graphs/variants/yelpchi/r60_s2/noise_edges_uniform/0.20/seed_1/graph.bin,ok,
gfd_robustness_benchmark_v4_factorial,yelpchi,r60_s2,1,1,noise_edges_uniform,0.2,pmp,train_clean_eval_all,0.8431093515616425,0.5553913553450168,0.7136947219407848,0.4313299655914306,0.3667589130018314,59,49,0.8501764424005321,roc_auc,early_stopping,45954,9661617,210.24539184570312,210.0,210.24539184570312,210.0,0.2304567694664001,0.1452974677085876,/kaggle/working/gfd-robustness-v4-factorial-r1/graphs/base/yelpchi/r60_s2/graph.bin,/kaggle/working/gfd-robustness-v4-factorial-r1/graphs/variants/yelpchi/r60_s2/noise_edges_uniform/0.20/seed_1/graph.bin,/kaggle/working/gfd-robustness-v4-factorial-r1/graphs/base/yelpchi/r60_s2/graph.bin,ok,
gfd_robustness_benchmark_v4_factorial,yelpchi,r60_s2,1,1,noise_edges_uniform,0.2,pmp,train_on_variant,0.8485191817231118,0.5638323136907242,0.7225828693192959,0.2720518410205841,39.431357112000114,70,60,0.8350972328510431,roc_auc,early_stopping,45954,9661617,210.24539184570312,210.0,210.24539184570312,210.0,0.2304567694664001,0.1452974677085876,/kaggle/working/gfd-robustness-v4-factorial-r1/graphs/base/yelpchi/r60_s2/graph.bin,/kaggle/working/gfd-robustness-v4-factorial-r1/graphs/variants/yelpchi/r60_s2/noise_edges_uniform/0.20/seed_1/graph.bin,/kaggle/working/gfd-robustness-v4-factorial-r1/graphs/variants/yelpchi/r60_s2/noise_edges_uniform/0.20/seed_1/graph.bin,ok,
gfd_robustness_benchmark_v4_factorial,yelpchi,r60_s2,1,1,noise_edges_uniform,0.2,sage,train_clean_eval_all,0.6164883033068282,0.2074522801424465,0.5487034891626553,0.2929745614528656,0.1544804810000641,23,13,0.6051568098756249,roc_auc,early_stopping,45954,9661617,210.24539184570312,210.0,210.24539184570312,210.0,0.2304567694664001,0.1452974677085876,/kaggle/working/gfd-robustness-v4-factorial-r1/graphs/base/yelpchi/r60_s2/graph.bin,/kaggle/working/gfd-robustness-v4-factorial-r1/graphs/variants/yelpchi/r60_s2/noise_edges_uniform/0.20/seed_1/graph.bin,/kaggle/working/gfd-robustness-v4-factorial-r1/graphs/base/yelpchi/r60_s2/graph.bin,ok,
gfd_robustness_benchmark_v4_factorial,yelpchi,r60_s2,1,1,noise_edges_uniform,0.2,sage,train_on_variant,0.6173424694653463,0.2105866838137189,0.5470951580170941,0.285751610994339,1.0090484840002318,23,13,0.6062589013891769,roc_auc,early_stopping,45954,9661617,210.24539184570312,210.0,210.24539184570312,210.0,0.2304567694664001,0.1452974677085876,/kaggle/working/gfd-robustness-v4-factorial-r1/graphs/base/yelpchi/r60_s2/graph.bin,/kaggle/working/gfd-robustness-v4-factorial-r1/graphs/variants/yelpchi/r60_s2/noise_edges_uniform/0.20/seed_1/graph.bin,/kaggle/working/gfd-robustness-v4-factorial-r1/graphs/variants/yelpchi/r60_s2/noise_edges_uniform/0.20/seed_1/graph.bin,ok,
gfd_robustness_benchmark_v4_factorial,yelpchi,r60_s2,1,1,noise_edges_uniform,0.2,secgfd,train_clean_eval_all,0.8018821382184714,0.4549679300677347,0.6711392642413747,0.6578896045684814,0.2075864739999815,50,50,0.7875019370281101,roc_auc,max_epochs,45954,9661617,210.24539184570312,210.0,210.24539184570312,210.0,0.2304567694664001,0.1452974677085876,/kaggle/working/gfd-robustness-v4-factorial-r1/graphs/base/yelpchi/r60_s2/graph.bin,/kaggle/working/gfd-robustness-v4-factorial-r1/graphs/variants/yelpchi/r60_s2/noise_edges_uniform/0.20/seed_1/graph.bin,/kaggle/working/gfd-robustness-v4-factorial-r1/graphs/base/yelpchi/r60_s2/graph.bin,ok,
gfd_robustness_benchmark_v4_factorial,yelpchi,r60_s2,1,1,noise_edges_uniform,0.2,secgfd,train_on_variant,0.811554557636255,0.4684849162290875,0.6781279867214371,0.6419132947921753,5.758360220002942,50,50,0.8009431240866167,roc_auc,max_epochs,45954,9661617,210.24539184570312,210.0,210.24539184570312,210.0,0.2304567694664001,0.1452974677085876,/kaggle/working/gfd-robustness-v4-factorial-r1/graphs/base/yelpchi/r60_s2/graph.bin,/kaggle/working/gfd-robustness-v4-factorial-r1/graphs/variants/yelpchi/r60_s2/noise_edges_uniform/0.20/seed_1/graph.bin,/kaggle/working/gfd-robustness-v4-factorial-r1/graphs/variants/yelpchi/r60_s2/noise_edges_uniform/0.20/seed_1/graph.bin,ok,
gfd_robustness_benchmark_v4_factorial,yelpchi,r60_s2,1,2,noise_edges_uniform,0.2,mlp,train_clean_eval_all,0.8051940448278595,0.4504607236347623,0.6638554700899604,0.6557482481002808,0.1016983490007987,100,100,0.7907452730554025,roc_auc,max_epochs,45954,9661617,210.24539184570312,210.0,210.24539184570312,210.0,0.2304567694664001,0.1452974677085876,/kaggle/working/gfd-robustness-v4-factorial-r1/graphs/base/yelpchi/r60_s2/graph.bin,/kaggle/working/gfd-robustness-v4-factorial-r1/graphs/variants/yelpchi/r60_s2/noise_edges_uniform/0.20/seed_1/graph.bin,/kaggle/working/gfd-robustness-v4-factorial-r1/graphs/base/yelpchi/r60_s2/graph.bin,ok,
gfd_robustness_benchmark_v4_factorial,yelpchi,r60_s2,1,2,noise_edges_uniform,0.2,mlp,train_on_variant,0.8051940448278595,0.4504607236347623,0.6638554700899604,0.6557482481002808,1.9288844180009617,100,100,0.7907452730554025,roc_auc,max_epochs,45954,9661617,210.24539184570312,210.0,210.24539184570312,210.0,0.2304567694664001,0.1452974677085876,/kaggle/working/gfd-robustness-v4-factorial-r1/graphs/base/yelpchi/r60_s2/graph.bin,/kaggle/working/gfd-robustness-v4-factorial-r1/graphs/variants/yelpchi/r60_s2/noise_edges_uniform/0.20/seed_1/graph.bin,/kaggle/working/gfd-robustness-v4-factorial-r1/graphs/variants/yelpchi/r60_s2/noise_edges_uniform/0.20/seed_1/graph.bin,ok,
gfd_robustness_benchmark_v4_factorial,yelpchi,r60_s2,1,2,noise_edges_uniform,0.2,pmp,train_clean_eval_all,0.8334244507421004,0.5254894355138784,0.7038701581754325,0.1901807934045791,0.330798335999134,40,30,0.8440517144784805,roc_auc,early_stopping,45954,9661617,210.24539184570312,210.0,210.24539184570312,210.0,0.2304567694664001,0.1452974677085876,/kaggle/working/gfd-robustness-v4-factorial-r1/graphs/base/yelpchi/r60_s2/graph.bin,/kaggle/working/gfd-robustness-v4-factorial-r1/graphs/variants/yelpchi/r60_s2/noise_edges_uniform/0.20/seed_1/graph.bin,/kaggle/working/gfd-robustness-v4-factorial-r1/graphs/base/yelpchi/r60_s2/graph.bin,ok,
gfd_robustness_benchmark_v4_factorial,yelpchi,r60_s2,1,2,noise_edges_uniform,0.2,pmp,train_on_variant,0.846595378489457,0.5474175344616806,0.7141272515226125,0.2349114418029785,35.7378652160005,63,53,0.8357629506719402,roc_auc,early_stopping,45954,9661617,210.24539184570312,210.0,210.24539184570312,210.0,0.2304567694664001,0.1452974677085876,/kaggle/working/gfd-robustness-v4-factorial-r1/graphs/base/yelpchi/r60_s2/graph.bin,/kaggle/working/gfd-robustness-v4-factorial-r1/graphs/variants/yelpchi/r60_s2/noise_edges_uniform/0.20/seed_1/graph.bin,/kaggle/working/gfd-robustness-v4-factorial-r1/graphs/variants/yelpchi/r60_s2/noise_edges_uniform/0.20/seed_1/graph.bin,ok,
gfd_robustness_benchmark_v4_factorial,yelpchi,r60_s2,1,2,noise_edges_uniform,0.2,sage,train_clean_eval_all,0.7985658488267864,0.4504700544103631,0.6663905083687087,0.6589797139167786,0.1414738489984301,100,100,0.7880997098629895,roc_auc,max_epochs,45954,9661617,210.24539184570312,210.0,210.24539184570312,210.0,0.2304567694664001,0.1452974677085876,/kaggle/working/gfd-robustness-v4-factorial-r1/graphs/base/yelpchi/r60_s2/graph.bin,/kaggle/working/gfd-robustness-v4-factorial-r1/graphs/variants/yelpchi/r60_s2/noise_edges_uniform/0.20/seed_1/graph.bin,/kaggle/working/gfd-robustness-v4-factorial-r1/graphs/base/yelpchi/r60_s2/graph.bin,ok,
gfd_robustness_benchmark_v4_factorial,yelpchi,r60_s2,1,2,noise_edges_uniform,0.2,sage,train_on_variant,0.7900924538397747,0.4351084930835925,0.6575592176146549,0.6709364652633667,3.70469797700207,100,100,0.7739306770419853,roc_auc,max_epochs,45954,9661617,210.24539184570312,210.0,210.24539184570312,210.0,0.2304567694664001,0.1452974677085876,/kaggle/working/gfd-robustness-v4-factorial-r1/graphs/base/yelpchi/r60_s2/graph.bin,/kaggle/working/gfd-robustness-v4-factorial-r1/graphs/variants/yelpchi/r60_s2/noise_edges_uniform/0.20/seed_1/graph.bin,/kaggle/working/gfd-robustness-v4-factorial-r1/graphs/variants/yelpchi/r60_s2/noise_edges_uniform/0.20/seed_1/graph.bin,ok,
gfd_robustness_benchmark_v4_factorial,yelpchi,r60_s2,1,2,noise_edges_uniform,0.2,secgfd,train_clean_eval_all,0.8159136157420394,0.4932722920775331,0.6868022590307035,0.7028029561042786,0.2019835329992929,50,46,0.8013154149293015,roc_auc,max_epochs,45954,9661617,210.24539184570312,210.0,210.24539184570312,210.0,0.2304567694664001,0.1452974677085876,/kaggle/working/gfd-robustness-v4-factorial-r1/graphs/base/yelpchi/r60_s2/graph.bin,/kaggle/working/gfd-robustness-v4-factorial-r1/graphs/variants/yelpchi/r60_s2/noise_edges_uniform/0.20/seed_1/graph.bin,/kaggle/working/gfd-robustness-v4-factorial-r1/graphs/base/yelpchi/r60_s2/graph.bin,ok,
gfd_robustness_benchmark_v4_factorial,yelpchi,r60_s2,1,2,noise_edges_uniform,0.2,secgfd,train_on_variant,0.8245652279961462,0.506105223908899,0.6923806837676221,0.7200132012367249,5.7414912979984365,50,50,0.809114021222676,roc_auc,max_epochs,45954,9661617,210.24539184570312,210.0,210.24539184570312,210.0,0.2304567694664001,0.1452974677085876,/kaggle/working/gfd-robustness-v4-factorial-r1/graphs/base/yelpchi/r60_s2/graph.bin,/kaggle/working/gfd-robustness-v4-factorial-r1/graphs/variants/yelpchi/r60_s2/noise_edges_uniform/0.20/seed_1/graph.bin,/kaggle/working/gfd-robustness-v4-factorial-r1/graphs/variants/yelpchi/r60_s2/noise_edges_uniform/0.20/seed_1/graph.bin,ok,
gfd_robustness_benchmark_v4_factorial,yelpchi,r60_s2,1,3,noise_edges_uniform,0.2,mlp,train_clean_eval_all,0.8033646619693403,0.442421243508313,0.6642026960679807,0.6678695678710938,0.0686790809995727,100,100,0.7883936613288132,roc_auc,max_epochs,45954,9661617,210.24539184570312,210.0,210.24539184570312,210.0,0.2304567694664001,0.1452974677085876,/kaggle/working/gfd-robustness-v4-factorial-r1/graphs/base/yelpchi/r60_s2/graph.bin,/kaggle/working/gfd-robustness-v4-factorial-r1/graphs/variants/yelpchi/r60_s2/noise_edges_uniform/0.20/seed_1/graph.bin,/kaggle/working/gfd-robustness-v4-factorial-r1/graphs/base/yelpchi/r60_s2/graph.bin,ok,
gfd_robustness_benchmark_v4_factorial,yelpchi,r60_s2,1,3,noise_edges_uniform,0.2,mlp,train_on_variant,0.8033646619693403,0.442421243508313,0.6642026960679807,0.6678695678710938,1.9291712310005096,100,100,0.7883936613288132,roc_auc,max_epochs,45954,9661617,210.24539184570312,210.0,210.24539184570312,210.0,0.2304567694664001,0.1452974677085876,/kaggle/working/gfd-robustness-v4-factorial-r1/graphs/base/yelpchi/r60_s2/graph.bin,/kaggle/working/gfd-robustness-v4-factorial-r1/graphs/variants/yelpchi/r60_s2/noise_edges_uniform/0.20/seed_1/graph.bin,/kaggle/working/gfd-robustness-v4-factorial-r1/graphs/variants/yelpchi/r60_s2/noise_edges_uniform/0.20/seed_1/graph.bin,ok,
gfd_robustness_benchmark_v4_factorial,yelpchi,r60_s2,1,3,noise_edges_uniform,0.2,pmp,train_clean_eval_all,0.8394109502481798,0.5464103213831991,0.707925527851337,0.2736212313175201,0.3270307570019213,69,59,0.8491953168024374,roc_auc,early_stopping,45954,9661617,210.24539184570312,210.0,210.24539184570312,210.0,0.2304567694664001,0.1452974677085876,/kaggle/working/gfd-robustness-v4-factorial-r1/graphs/base/yelpchi/r60_s2/graph.bin,/kaggle/working/gfd-robustness-v4-factorial-r1/graphs/variants/yelpchi/r60_s2/noise_edges_uniform/0.20/seed_1/graph.bin,/kaggle/working/gfd-robustness-v4-factorial-r1/graphs/base/yelpchi/r60_s2/graph.bin,ok,
gfd_robustness_benchmark_v4_factorial,yelpchi,r60_s2,1,3,noise_edges_uniform,0.2,pmp,train_on_variant,0.8517268543361343,0.5735159734090723,0.7239348613346539,0.3378051221370697,49.35752538900124,88,78,0.8381672495631256,roc_auc,early_stopping,45954,9661617,210.24539184570312,210.0,210.24539184570312,210.0,0.2304567694664001,0.1452974677085876,/kaggle/working/gfd-robustness-v4-factorial-r1/graphs/base/yelpchi/r60_s2/graph.bin,/kaggle/working/gfd-robustness-v4-factorial-r1/graphs/variants/yelpchi/r60_s2/noise_edges_uniform/0.20/seed_1/graph.bin,/kaggle/working/gfd-robustness-v4-factorial-r1/graphs/variants/yelpchi/r60_s2/noise_edges_uniform/0.20/seed_1/graph.bin,ok,
gfd_robustness_benchmark_v4_factorial,yelpchi,r60_s2,1,3,noise_edges_uniform,0.2,sage,train_clean_eval_all,0.790046339347781,0.4378177405746465,0.660086108983333,0.6763745546340942,0.1446705279995512,100,100,0.7781531837590027,roc_auc,max_epochs,45954,9661617,210.24539184570312,210.0,210.24539184570312,210.0,0.2304567694664001,0.1452974677085876,/kaggle/working/gfd-robustness-v4-factorial-r1/graphs/base/yelpchi/r60_s2/graph.bin,/kaggle/working/gfd-robustness-v4-factorial-r1/graphs/variants/yelpchi/r60_s2/noise_edges_uniform/0.20/seed_1/graph.bin,/kaggle/working/gfd-robustness-v4-factorial-r1/graphs/base/yelpchi/r60_s2/graph.bin,ok,
gfd_robustness_benchmark_v4_factorial,yelpchi,r60_s2,1,3,noise_edges_uniform,0.2,sage,train_on_variant,0.7935713349268876,0.4396449903335394,0.6604188504126808,0.6549732685089111,3.6913689419998255,100,99,0.7772048147962723,roc_auc,max_epochs,45954,9661617,210.24539184570312,210.0,210.24539184570312,210.0,0.2304567694664001,0.1452974677085876,/kaggle/working/gfd-robustness-v4-factorial-r1/graphs/base/yelpchi/r60_s2/graph.bin,/kaggle/working/gfd-robustness-v4-factorial-r1/graphs/variants/yelpchi/r60_s2/noise_edges_uniform/0.20/seed_1/graph.bin,/kaggle/working/gfd-robustness-v4-factorial-r1/graphs/variants/yelpchi/r60_s2/noise_edges_uniform/0.20/seed_1/graph.bin,ok,
gfd_robustness_benchmark_v4_factorial,yelpchi,r60_s2,1,3,noise_edges_uniform,0.2,secgfd,train_clean_eval_all,0.8128639614863958,0.4796819777999044,0.6843887902271015,0.6787847280502319,0.2022333099994284,50,50,0.7989556498043899,roc_auc,max_epochs,45954,9661617,210.24539184570312,210.0,210.24539184570312,210.0,0.2304567694664001,0.1452974677085876,/kaggle/working/gfd-robustness-v4-factorial-r1/graphs/base/yelpchi/r60_s2/graph.bin,/kaggle/working/gfd-robustness-v4-factorial-r1/graphs/variants/yelpchi/r60_s2/noise_edges_uniform/0.20/seed_1/graph.bin,/kaggle/working/gfd-robustness-v4-factorial-r1/graphs/base/yelpchi/r60_s2/graph.bin,ok,
gfd_robustness_benchmark_v4_factorial,yelpchi,r60_s2,1,3,noise_edges_uniform,0.2,secgfd,train_on_variant,0.8204079684317719,0.4997547096198091,0.6957767168835312,0.6619327664375305,5.801204131999839,50,50,0.8044626266816384,roc_auc,max_epochs,45954,9661617,210.24539184570312,210.0,210.24539184570312,210.0,0.2304567694664001,0.1452974677085876,/kaggle/working/gfd-robustness-v4-factorial-r1/graphs/base/yelpchi/r60_s2/graph.bin,/kaggle/working/gfd-robustness-v4-factorial-r1/graphs/variants/yelpchi/r60_s2/noise_edges_uniform/0.20/seed_1/graph.bin,/kaggle/working/gfd-robustness-v4-factorial-r1/graphs/variants/yelpchi/r60_s2/noise_edges_uniform/0.20/seed_1/graph.bin,ok,
gfd_robustness_benchmark_v4_factorial,yelpchi,r60_s2,1,4,noise_edges_uniform,0.2,mlp,train_clean_eval_all,0.8016106915496909,0.4485908504844914,0.6622104135282587,0.6817144751548767,0.070756198001618,100,100,0.7873558433879992,roc_auc,max_epochs,45954,9661617,210.24539184570312,210.0,210.24539184570312,210.0,0.2304567694664001,0.1452974677085876,/kaggle/working/gfd-robustness-v4-factorial-r1/graphs/base/yelpchi/r60_s2/graph.bin,/kaggle/working/gfd-robustness-v4-factorial-r1/graphs/variants/yelpchi/r60_s2/noise_edges_uniform/0.20/seed_1/graph.bin,/kaggle/working/gfd-robustness-v4-factorial-r1/graphs/base/yelpchi/r60_s2/graph.bin,ok,
gfd_robustness_benchmark_v4_factorial,yelpchi,r60_s2,1,4,noise_edges_uniform,0.2,mlp,train_on_variant,0.8016106915496909,0.4485908504844914,0.6622104135282587,0.6817144751548767,1.899295229999552,100,100,0.7873558433879992,roc_auc,max_epochs,45954,9661617,210.24539184570312,210.0,210.24539184570312,210.0,0.2304567694664001,0.1452974677085876,/kaggle/working/gfd-robustness-v4-factorial-r1/graphs/base/yelpchi/r60_s2/graph.bin,/kaggle/working/gfd-robustness-v4-factorial-r1/graphs/variants/yelpchi/r60_s2/noise_edges_uniform/0.20/seed_1/graph.bin,/kaggle/working/gfd-robustness-v4-factorial-r1/graphs/variants/yelpchi/r60_s2/noise_edges_uniform/0.20/seed_1/graph.bin,ok,
gfd_robustness_benchmark_v4_factorial,yelpchi,r60_s2,1,4,noise_edges_uniform,0.2,pmp,train_clean_eval_all,0.8559078380916375,0.5910076214095759,0.7337125270365348,0.2757417559623718,0.3662404260030598,76,66,0.8606669098381956,roc_auc,early_stopping,45954,9661617,210.24539184570312,210.0,210.24539184570312,210.0,0.2304567694664001,0.1452974677085876,/kaggle/working/gfd-robustness-v4-factorial-r1/graphs/base/yelpchi/r60_s2/graph.bin,/kaggle/working/gfd-robustness-v4-factorial-r1/graphs/variants/yelpchi/r60_s2/noise_edges_uniform/0.20/seed_1/graph.bin,/kaggle/working/gfd-robustness-v4-factorial-r1/graphs/base/yelpchi/r60_s2/graph.bin,ok,
gfd_robustness_benchmark_v4_factorial,yelpchi,r60_s2,1,4,noise_edges_uniform,0.2,pmp,train_on_variant,0.8494035986072661,0.5634766935173303,0.7256455154602366,0.3843753933906555,43.66724125699693,78,68,0.8407523059574641,roc_auc,early_stopping,45954,9661617,210.24539184570312,210.0,210.24539184570312,210.0,0.2304567694664001,0.1452974677085876,/kaggle/working/gfd-robustness-v4-factorial-r1/graphs/base/yelpchi/r60_s2/graph.bin,/kaggle/working/gfd-robustness-v4-factorial-r1/graphs/variants/yelpchi/r60_s2/noise_edges_uniform/0.20/seed_1/graph.bin,/kaggle/working/gfd-robustness-v4-factorial-r1/graphs/variants/yelpchi/r60_s2/noise_edges_uniform/0.20/seed_1/graph.bin,ok,
gfd_robustness_benchmark_v4_factorial,yelpchi,r60_s2,1,4,noise_edges_uniform,0.2,sage,train_clean_eval_all,0.794605147520641,0.442200205329032,0.661692879166912,0.695338249206543,0.12697354500051,100,100,0.7833725030217639,roc_auc,max_epochs,45954,9661617,210.24539184570312,210.0,210.24539184570312,210.0,0.2304567694664001,0.1452974677085876,/kaggle/working/gfd-robustness-v4-factorial-r1/graphs/base/yelpchi/r60_s2/graph.bin,/kaggle/working/gfd-robustness-v4-factorial-r1/graphs/variants/yelpchi/r60_s2/noise_edges_uniform/0.20/seed_1/graph.bin,/kaggle/working/gfd-robustness-v4-factorial-r1/graphs/base/yelpchi/r60_s2/graph.bin,ok,
gfd_robustness_benchmark_v4_factorial,yelpchi,r60_s2,1,4,noise_edges_uniform,0.2,sage,train_on_variant,0.7913719404368452,0.4350745118767978,0.6582472977848564,0.659537136554718,3.717372995000914,100,100,0.7753830785992366,roc_auc,max_epochs,45954,9661617,210.24539184570312,210.0,210.24539184570312,210.0,0.2304567694664001,0.1452974677085876,/kaggle/working/gfd-robustness-v4-factorial-r1/graphs/base/yelpchi/r60_s2/graph.bin,/kaggle/working/gfd-robustness-v4-factorial-r1/graphs/variants/yelpchi/r60_s2/noise_edges_uniform/0.20/seed_1/graph.bin,/kaggle/working/gfd-robustness-v4-factorial-r1/graphs/variants/yelpchi/r60_s2/noise_edges_uniform/0.20/seed_1/graph.bin,ok,
gfd_robustness_benchmark_v4_factorial,yelpchi,r60_s2,1,4,noise_edges_uniform,0.2,secgfd,train_clean_eval_all,0.8026833298779223,0.4390027599915981,0.6692169831060489,0.7039106488227844,0.2117378669972822,50,50,0.786382585104075,roc_auc,max_epochs,45954,9661617,210.24539184570312,210.0,210.24539184570312,210.0,0.2304567694664001,0.1452974677085876,/kaggle/working/gfd-robustness-v4-factorial-r1/graphs/base/yelpchi/r60_s2/graph.bin,/kaggle/working/gfd-robustness-v4-factorial-r1/graphs/variants/yelpchi/r60_s2/noise_edges_uniform/0.20/seed_1/graph.bin,/kaggle/working/gfd-robustness-v4-factorial-r1/graphs/base/yelpchi/r60_s2/graph.bin,ok,
gfd_robustness_benchmark_v4_factorial,yelpchi,r60_s2,1,4,noise_edges_uniform,0.2,secgfd,train_on_variant,0.7987004288266644,0.440482228344525,0.6567929083724546,0.6970764994621277,5.676745073997154,50,50,0.787239693222428,roc_auc,max_epochs,45954,9661617,210.24539184570312,210.0,210.24539184570312,210.0,0.2304567694664001,0.1452974677085876,/kaggle/working/gfd-robustness-v4-factorial-r1/graphs/base/yelpchi/r60_s2/graph.bin,/kaggle/working/gfd-robustness-v4-factorial-r1/graphs/variants/yelpchi/r60_s2/noise_edges_uniform/0.20/seed_1/graph.bin,/kaggle/working/gfd-robustness-v4-factorial-r1/graphs/variants/yelpchi/r60_s2/noise_edges_uniform/0.20/seed_1/graph.bin,ok,
