dataset_id,split_id,scenario_id,severity,model_id,metric,oracle_labels,claim_scope,left_claim_scope,right_claim_scope,operational_ranking_eligible,left_protocol,right_protocol,contrast_definition,left_mean,right_mean,contrast_mean,contrast_std,contrast_ci_lower,contrast_ci_upper,n_pairs,n_training_seeds,n_graph_seeds,ci_method,source
yelpchi,r40_s0,heterophily_rewire_oracle,0.0,mlp,roc_auc,True,oracle_protocol_comparison_diagnostic,oracle_privileged_training_diagnostic,oracle_shift_sensitivity_diagnostic,False,train_on_variant,train_clean_eval_all,train_on_variant - train_clean_eval_all,0.7874991091518592,0.7874991091518592,0.0,0.0,0.0,0.0,5,5,1,paired_protocol_crossed_training_graph_seed_bootstrap,clean
yelpchi,r40_s0,heterophily_rewire_oracle,0.0,mlp,average_precision,True,oracle_protocol_comparison_diagnostic,oracle_privileged_training_diagnostic,oracle_shift_sensitivity_diagnostic,False,train_on_variant,train_clean_eval_all,train_on_variant - train_clean_eval_all,0.41124348128035465,0.41124348128035465,0.0,0.0,0.0,0.0,5,5,1,paired_protocol_crossed_training_graph_seed_bootstrap,clean
yelpchi,r40_s0,heterophily_rewire_oracle,0.0,mlp,f1_macro,True,oracle_protocol_comparison_diagnostic,oracle_privileged_training_diagnostic,oracle_shift_sensitivity_diagnostic,False,train_on_variant,train_clean_eval_all,train_on_variant - train_clean_eval_all,0.6582643139773169,0.6582643139773169,0.0,0.0,0.0,0.0,5,5,1,paired_protocol_crossed_training_graph_seed_bootstrap,clean
yelpchi,r40_s0,heterophily_rewire_oracle,0.0,sage,roc_auc,True,oracle_protocol_comparison_diagnostic,oracle_privileged_training_diagnostic,oracle_shift_sensitivity_diagnostic,False,train_on_variant,train_clean_eval_all,train_on_variant - train_clean_eval_all,0.7925929430916681,0.7924381403626047,0.00015480272906327476,0.0008853193664880135,-0.0004284431709391967,0.0009647837725770492,5,5,1,paired_protocol_crossed_training_graph_seed_bootstrap,clean
yelpchi,r40_s0,heterophily_rewire_oracle,0.0,sage,average_precision,True,oracle_protocol_comparison_diagnostic,oracle_privileged_training_diagnostic,oracle_shift_sensitivity_diagnostic,False,train_on_variant,train_clean_eval_all,train_on_variant - train_clean_eval_all,0.43063980263938983,0.4294401489071168,0.0011996537322730317,0.0034442697263324783,-0.0008000264428934756,0.004249604656964334,5,5,1,paired_protocol_crossed_training_graph_seed_bootstrap,clean
yelpchi,r40_s0,heterophily_rewire_oracle,0.0,sage,f1_macro,True,oracle_protocol_comparison_diagnostic,oracle_privileged_training_diagnostic,oracle_shift_sensitivity_diagnostic,False,train_on_variant,train_clean_eval_all,train_on_variant - train_clean_eval_all,0.6708008636264987,0.6706504896075932,0.00015037401890545256,0.0004284303391555302,-0.00020755708335713497,0.00044391673772068574,5,5,1,paired_protocol_crossed_training_graph_seed_bootstrap,clean
yelpchi,r40_s0,heterophily_rewire_oracle,0.0,pmp,roc_auc,True,oracle_protocol_comparison_diagnostic,oracle_privileged_training_diagnostic,oracle_shift_sensitivity_diagnostic,False,train_on_variant,train_clean_eval_all,train_on_variant - train_clean_eval_all,0.8465935467722904,0.8465935467722904,0.0,0.0,0.0,0.0,5,5,1,paired_protocol_crossed_training_graph_seed_bootstrap,clean
yelpchi,r40_s0,heterophily_rewire_oracle,0.0,pmp,average_precision,True,oracle_protocol_comparison_diagnostic,oracle_privileged_training_diagnostic,oracle_shift_sensitivity_diagnostic,False,train_on_variant,train_clean_eval_all,train_on_variant - train_clean_eval_all,0.5573005662067334,0.5573005662067334,0.0,0.0,0.0,0.0,5,5,1,paired_protocol_crossed_training_graph_seed_bootstrap,clean
yelpchi,r40_s0,heterophily_rewire_oracle,0.0,pmp,f1_macro,True,oracle_protocol_comparison_diagnostic,oracle_privileged_training_diagnostic,oracle_shift_sensitivity_diagnostic,False,train_on_variant,train_clean_eval_all,train_on_variant - train_clean_eval_all,0.7180227604746475,0.7180227604746475,0.0,0.0,0.0,0.0,5,5,1,paired_protocol_crossed_training_graph_seed_bootstrap,clean
yelpchi,r40_s0,heterophily_rewire_oracle,0.0,secgfd,roc_auc,True,oracle_protocol_comparison_diagnostic,oracle_privileged_training_diagnostic,oracle_shift_sensitivity_diagnostic,False,train_on_variant,train_clean_eval_all,train_on_variant - train_clean_eval_all,0.8024072026834824,0.8029645568206764,-0.000557354137194066,0.0009469138594290189,-0.0012218625376538394,0.0002773491331999445,5,5,1,paired_protocol_crossed_training_graph_seed_bootstrap,clean
yelpchi,r40_s0,heterophily_rewire_oracle,0.0,secgfd,average_precision,True,oracle_protocol_comparison_diagnostic,oracle_privileged_training_diagnostic,oracle_shift_sensitivity_diagnostic,False,train_on_variant,train_clean_eval_all,train_on_variant - train_clean_eval_all,0.4490118904367483,0.45104574600768627,-0.0020338555709380037,0.002417253544439178,-0.003974172732550463,-0.00025195747980787385,5,5,1,paired_protocol_crossed_training_graph_seed_bootstrap,clean
yelpchi,r40_s0,heterophily_rewire_oracle,0.0,secgfd,f1_macro,True,oracle_protocol_comparison_diagnostic,oracle_privileged_training_diagnostic,oracle_shift_sensitivity_diagnostic,False,train_on_variant,train_clean_eval_all,train_on_variant - train_clean_eval_all,0.6771689978312204,0.6783581022714416,-0.0011891044402212447,0.0011780076184808679,-0.0021000815251368985,-0.0002938407029182466,5,5,1,paired_protocol_crossed_training_graph_seed_bootstrap,clean
yelpchi,r40_s0,heterophily_rewire_oracle,0.15,mlp,roc_auc,True,oracle_protocol_comparison_diagnostic,oracle_privileged_training_diagnostic,oracle_shift_sensitivity_diagnostic,False,train_on_variant,train_clean_eval_all,train_on_variant - train_clean_eval_all,0.7874991091518593,0.7874991091518593,0.0,0.0,0.0,0.0,10,5,2,paired_protocol_crossed_training_graph_seed_bootstrap,scenario
yelpchi,r40_s0,heterophily_rewire_oracle,0.15,mlp,average_precision,True,oracle_protocol_comparison_diagnostic,oracle_privileged_training_diagnostic,oracle_shift_sensitivity_diagnostic,False,train_on_variant,train_clean_eval_all,train_on_variant - train_clean_eval_all,0.41124348128035476,0.41124348128035476,0.0,0.0,0.0,0.0,10,5,2,paired_protocol_crossed_training_graph_seed_bootstrap,scenario
yelpchi,r40_s0,heterophily_rewire_oracle,0.15,mlp,f1_macro,True,oracle_protocol_comparison_diagnostic,oracle_privileged_training_diagnostic,oracle_shift_sensitivity_diagnostic,False,train_on_variant,train_clean_eval_all,train_on_variant - train_clean_eval_all,0.6582643139773169,0.6582643139773169,0.0,0.0,0.0,0.0,10,5,2,paired_protocol_crossed_training_graph_seed_bootstrap,scenario
yelpchi,r40_s0,heterophily_rewire_oracle,0.15,sage,roc_auc,True,oracle_protocol_comparison_diagnostic,oracle_privileged_training_diagnostic,oracle_shift_sensitivity_diagnostic,False,train_on_variant,train_clean_eval_all,train_on_variant - train_clean_eval_all,0.834229109325265,0.7761940580714842,0.05803505125378063,0.043169211151848505,0.015402788173652704,0.07722299958382625,10,5,2,paired_protocol_crossed_training_graph_seed_bootstrap,scenario
yelpchi,r40_s0,heterophily_rewire_oracle,0.15,sage,average_precision,True,oracle_protocol_comparison_diagnostic,oracle_privileged_training_diagnostic,oracle_shift_sensitivity_diagnostic,False,train_on_variant,train_clean_eval_all,train_on_variant - train_clean_eval_all,0.49259268998435546,0.3962424770597984,0.09635021292455707,0.07587411886349205,0.020815251400921976,0.1289722130748791,10,5,2,paired_protocol_crossed_training_graph_seed_bootstrap,scenario
yelpchi,r40_s0,heterophily_rewire_oracle,0.15,sage,f1_macro,True,oracle_protocol_comparison_diagnostic,oracle_privileged_training_diagnostic,oracle_shift_sensitivity_diagnostic,False,train_on_variant,train_clean_eval_all,train_on_variant - train_clean_eval_all,0.697531217526411,0.6556981122836177,0.041833105242793364,0.033148022012109035,0.01104103361584608,0.05648751817576061,10,5,2,paired_protocol_crossed_training_graph_seed_bootstrap,scenario
yelpchi,r40_s0,heterophily_rewire_oracle,0.15,pmp,roc_auc,True,oracle_protocol_comparison_diagnostic,oracle_privileged_training_diagnostic,oracle_shift_sensitivity_diagnostic,False,train_on_variant,train_clean_eval_all,train_on_variant - train_clean_eval_all,0.877652182349278,0.7867666259417265,0.09088555640755151,0.005764717289210915,0.08657342980154764,0.09571095969974515,10,5,2,paired_protocol_crossed_training_graph_seed_bootstrap,scenario
yelpchi,r40_s0,heterophily_rewire_oracle,0.15,pmp,average_precision,True,oracle_protocol_comparison_diagnostic,oracle_privileged_training_diagnostic,oracle_shift_sensitivity_diagnostic,False,train_on_variant,train_clean_eval_all,train_on_variant - train_clean_eval_all,0.5853301246933489,0.4211991026597441,0.1641310220336048,0.01018613055102291,0.15579255726297278,0.17158498436675035,10,5,2,paired_protocol_crossed_training_graph_seed_bootstrap,scenario
yelpchi,r40_s0,heterophily_rewire_oracle,0.15,pmp,f1_macro,True,oracle_protocol_comparison_diagnostic,oracle_privileged_training_diagnostic,oracle_shift_sensitivity_diagnostic,False,train_on_variant,train_clean_eval_all,train_on_variant - train_clean_eval_all,0.7419356478426548,0.657955558259836,0.08398008958281877,0.008919218795106055,0.0764788371856601,0.09076139444718065,10,5,2,paired_protocol_crossed_training_graph_seed_bootstrap,scenario
yelpchi,r40_s0,heterophily_rewire_oracle,0.15,secgfd,roc_auc,True,oracle_protocol_comparison_diagnostic,oracle_privileged_training_diagnostic,oracle_shift_sensitivity_diagnostic,False,train_on_variant,train_clean_eval_all,train_on_variant - train_clean_eval_all,0.9978828970114761,0.6577673930715453,0.3401155039399308,0.02089767374951488,0.3215358807906082,0.3576126218437299,10,5,2,paired_protocol_crossed_training_graph_seed_bootstrap,scenario
yelpchi,r40_s0,heterophily_rewire_oracle,0.15,secgfd,average_precision,True,oracle_protocol_comparison_diagnostic,oracle_privileged_training_diagnostic,oracle_shift_sensitivity_diagnostic,False,train_on_variant,train_clean_eval_all,train_on_variant - train_clean_eval_all,0.9933336240305601,0.23983614201462583,0.7534974820159344,0.028875814796802426,0.7287908487204111,0.7769016541356255,10,5,2,paired_protocol_crossed_training_graph_seed_bootstrap,scenario
yelpchi,r40_s0,heterophily_rewire_oracle,0.15,secgfd,f1_macro,True,oracle_protocol_comparison_diagnostic,oracle_privileged_training_diagnostic,oracle_shift_sensitivity_diagnostic,False,train_on_variant,train_clean_eval_all,train_on_variant - train_clean_eval_all,0.9852905277793294,0.5658992456277577,0.4193912821515718,0.021236732599223394,0.4010529378537323,0.43688701875286995,10,5,2,paired_protocol_crossed_training_graph_seed_bootstrap,scenario
yelpchi,r40_s0,heterophily_rewire_oracle,0.3,mlp,roc_auc,True,oracle_protocol_comparison_diagnostic,oracle_privileged_training_diagnostic,oracle_shift_sensitivity_diagnostic,False,train_on_variant,train_clean_eval_all,train_on_variant - train_clean_eval_all,0.7874991091518593,0.7874991091518593,0.0,0.0,0.0,0.0,10,5,2,paired_protocol_crossed_training_graph_seed_bootstrap,scenario
yelpchi,r40_s0,heterophily_rewire_oracle,0.3,mlp,average_precision,True,oracle_protocol_comparison_diagnostic,oracle_privileged_training_diagnostic,oracle_shift_sensitivity_diagnostic,False,train_on_variant,train_clean_eval_all,train_on_variant - train_clean_eval_all,0.41124348128035476,0.41124348128035476,0.0,0.0,0.0,0.0,10,5,2,paired_protocol_crossed_training_graph_seed_bootstrap,scenario
yelpchi,r40_s0,heterophily_rewire_oracle,0.3,mlp,f1_macro,True,oracle_protocol_comparison_diagnostic,oracle_privileged_training_diagnostic,oracle_shift_sensitivity_diagnostic,False,train_on_variant,train_clean_eval_all,train_on_variant - train_clean_eval_all,0.6582643139773169,0.6582643139773169,0.0,0.0,0.0,0.0,10,5,2,paired_protocol_crossed_training_graph_seed_bootstrap,scenario
yelpchi,r40_s0,heterophily_rewire_oracle,0.3,sage,roc_auc,True,oracle_protocol_comparison_diagnostic,oracle_privileged_training_diagnostic,oracle_shift_sensitivity_diagnostic,False,train_on_variant,train_clean_eval_all,train_on_variant - train_clean_eval_all,0.8997035405068173,0.7677964268605102,0.13190711364630714,0.010442977656437846,0.12380207674328021,0.1405955400807346,10,5,2,paired_protocol_crossed_training_graph_seed_bootstrap,scenario
yelpchi,r40_s0,heterophily_rewire_oracle,0.3,sage,average_precision,True,oracle_protocol_comparison_diagnostic,oracle_privileged_training_diagnostic,oracle_shift_sensitivity_diagnostic,False,train_on_variant,train_clean_eval_all,train_on_variant - train_clean_eval_all,0.653344603654182,0.3810149779883931,0.2723296256657889,0.02868898016981098,0.2436698531982675,0.2944389082124103,10,5,2,paired_protocol_crossed_training_graph_seed_bootstrap,scenario
yelpchi,r40_s0,heterophily_rewire_oracle,0.3,sage,f1_macro,True,oracle_protocol_comparison_diagnostic,oracle_privileged_training_diagnostic,oracle_shift_sensitivity_diagnostic,False,train_on_variant,train_clean_eval_all,train_on_variant - train_clean_eval_all,0.7687558274319211,0.6483004284325192,0.12045539899940201,0.010584834221883077,0.11252612455896953,0.1293797833584665,10,5,2,paired_protocol_crossed_training_graph_seed_bootstrap,scenario
yelpchi,r40_s0,heterophily_rewire_oracle,0.3,pmp,roc_auc,True,oracle_protocol_comparison_diagnostic,oracle_privileged_training_diagnostic,oracle_shift_sensitivity_diagnostic,False,train_on_variant,train_clean_eval_all,train_on_variant - train_clean_eval_all,0.8945231120784143,0.7639185065459713,0.13060460553244327,0.017811572393095578,0.11543775753609883,0.14340099714013932,10,5,2,paired_protocol_crossed_training_graph_seed_bootstrap,scenario
yelpchi,r40_s0,heterophily_rewire_oracle,0.3,pmp,average_precision,True,oracle_protocol_comparison_diagnostic,oracle_privileged_training_diagnostic,oracle_shift_sensitivity_diagnostic,False,train_on_variant,train_clean_eval_all,train_on_variant - train_clean_eval_all,0.6174241484029759,0.38578516938841384,0.23163897901456204,0.0425391924000066,0.187002681123405,0.2576267297182867,10,5,2,paired_protocol_crossed_training_graph_seed_bootstrap,scenario
yelpchi,r40_s0,heterophily_rewire_oracle,0.3,pmp,f1_macro,True,oracle_protocol_comparison_diagnostic,oracle_privileged_training_diagnostic,oracle_shift_sensitivity_diagnostic,False,train_on_variant,train_clean_eval_all,train_on_variant - train_clean_eval_all,0.756368061898268,0.6434537196910413,0.1129143422072266,0.015057650140858187,0.09767555370382913,0.12264467813943647,10,5,2,paired_protocol_crossed_training_graph_seed_bootstrap,scenario
yelpchi,r40_s0,heterophily_rewire_oracle,0.3,secgfd,roc_auc,True,oracle_protocol_comparison_diagnostic,oracle_privileged_training_diagnostic,oracle_shift_sensitivity_diagnostic,False,train_on_variant,train_clean_eval_all,train_on_variant - train_clean_eval_all,0.9999999452152213,0.4882954380667128,0.5117045071485086,0.04194368205472269,0.47451605984822615,0.5440348908534764,10,5,2,paired_protocol_crossed_training_graph_seed_bootstrap,scenario
yelpchi,r40_s0,heterophily_rewire_oracle,0.3,secgfd,average_precision,True,oracle_protocol_comparison_diagnostic,oracle_privileged_training_diagnostic,oracle_shift_sensitivity_diagnostic,False,train_on_variant,train_clean_eval_all,train_on_variant - train_clean_eval_all,0.9999996793576663,0.13703413000723025,0.8629655493504362,0.014593548316161267,0.8496198619772718,0.8727825627140543,10,5,2,paired_protocol_crossed_training_graph_seed_bootstrap,scenario
yelpchi,r40_s0,heterophily_rewire_oracle,0.3,secgfd,f1_macro,True,oracle_protocol_comparison_diagnostic,oracle_privileged_training_diagnostic,oracle_shift_sensitivity_diagnostic,False,train_on_variant,train_clean_eval_all,train_on_variant - train_clean_eval_all,0.9995834490135728,0.48010655416646547,0.5194768948471074,0.016677358794559064,0.5050966547967142,0.5320375566023808,10,5,2,paired_protocol_crossed_training_graph_seed_bootstrap,scenario
yelpchi,r40_s0,heterophily_rewire_nonoracle,0.0,mlp,roc_auc,False,non_oracle_controlled_stress,non_oracle_controlled_stress,non_oracle_controlled_stress,True,train_on_variant,train_clean_eval_all,train_on_variant - train_clean_eval_all,0.7874991091518592,0.7874991091518592,0.0,0.0,0.0,0.0,5,5,1,paired_protocol_crossed_training_graph_seed_bootstrap,clean
yelpchi,r40_s0,heterophily_rewire_nonoracle,0.0,mlp,average_precision,False,non_oracle_controlled_stress,non_oracle_controlled_stress,non_oracle_controlled_stress,True,train_on_variant,train_clean_eval_all,train_on_variant - train_clean_eval_all,0.41124348128035465,0.41124348128035465,0.0,0.0,0.0,0.0,5,5,1,paired_protocol_crossed_training_graph_seed_bootstrap,clean
yelpchi,r40_s0,heterophily_rewire_nonoracle,0.0,mlp,f1_macro,False,non_oracle_controlled_stress,non_oracle_controlled_stress,non_oracle_controlled_stress,True,train_on_variant,train_clean_eval_all,train_on_variant - train_clean_eval_all,0.6582643139773169,0.6582643139773169,0.0,0.0,0.0,0.0,5,5,1,paired_protocol_crossed_training_graph_seed_bootstrap,clean
yelpchi,r40_s0,heterophily_rewire_nonoracle,0.0,sage,roc_auc,False,non_oracle_controlled_stress,non_oracle_controlled_stress,non_oracle_controlled_stress,True,train_on_variant,train_clean_eval_all,train_on_variant - train_clean_eval_all,0.7925929430916681,0.7924381403626047,0.00015480272906327476,0.0008853193664880135,-0.0004284431709391967,0.0009647837725770492,5,5,1,paired_protocol_crossed_training_graph_seed_bootstrap,clean
yelpchi,r40_s0,heterophily_rewire_nonoracle,0.0,sage,average_precision,False,non_oracle_controlled_stress,non_oracle_controlled_stress,non_oracle_controlled_stress,True,train_on_variant,train_clean_eval_all,train_on_variant - train_clean_eval_all,0.43063980263938983,0.4294401489071168,0.0011996537322730317,0.0034442697263324783,-0.0008000264428934756,0.004249604656964334,5,5,1,paired_protocol_crossed_training_graph_seed_bootstrap,clean
yelpchi,r40_s0,heterophily_rewire_nonoracle,0.0,sage,f1_macro,False,non_oracle_controlled_stress,non_oracle_controlled_stress,non_oracle_controlled_stress,True,train_on_variant,train_clean_eval_all,train_on_variant - train_clean_eval_all,0.6708008636264987,0.6706504896075932,0.00015037401890545256,0.0004284303391555302,-0.00020755708335713497,0.00044391673772068574,5,5,1,paired_protocol_crossed_training_graph_seed_bootstrap,clean
yelpchi,r40_s0,heterophily_rewire_nonoracle,0.0,pmp,roc_auc,False,non_oracle_controlled_stress,non_oracle_controlled_stress,non_oracle_controlled_stress,True,train_on_variant,train_clean_eval_all,train_on_variant - train_clean_eval_all,0.8465935467722904,0.8465935467722904,0.0,0.0,0.0,0.0,5,5,1,paired_protocol_crossed_training_graph_seed_bootstrap,clean
yelpchi,r40_s0,heterophily_rewire_nonoracle,0.0,pmp,average_precision,False,non_oracle_controlled_stress,non_oracle_controlled_stress,non_oracle_controlled_stress,True,train_on_variant,train_clean_eval_all,train_on_variant - train_clean_eval_all,0.5573005662067334,0.5573005662067334,0.0,0.0,0.0,0.0,5,5,1,paired_protocol_crossed_training_graph_seed_bootstrap,clean
yelpchi,r40_s0,heterophily_rewire_nonoracle,0.0,pmp,f1_macro,False,non_oracle_controlled_stress,non_oracle_controlled_stress,non_oracle_controlled_stress,True,train_on_variant,train_clean_eval_all,train_on_variant - train_clean_eval_all,0.7180227604746475,0.7180227604746475,0.0,0.0,0.0,0.0,5,5,1,paired_protocol_crossed_training_graph_seed_bootstrap,clean
yelpchi,r40_s0,heterophily_rewire_nonoracle,0.0,secgfd,roc_auc,False,non_oracle_controlled_stress,non_oracle_controlled_stress,non_oracle_controlled_stress,True,train_on_variant,train_clean_eval_all,train_on_variant - train_clean_eval_all,0.8024072026834824,0.8029645568206764,-0.000557354137194066,0.0009469138594290189,-0.0012218625376538394,0.0002773491331999445,5,5,1,paired_protocol_crossed_training_graph_seed_bootstrap,clean
yelpchi,r40_s0,heterophily_rewire_nonoracle,0.0,secgfd,average_precision,False,non_oracle_controlled_stress,non_oracle_controlled_stress,non_oracle_controlled_stress,True,train_on_variant,train_clean_eval_all,train_on_variant - train_clean_eval_all,0.4490118904367483,0.45104574600768627,-0.0020338555709380037,0.002417253544439178,-0.003974172732550463,-0.00025195747980787385,5,5,1,paired_protocol_crossed_training_graph_seed_bootstrap,clean
yelpchi,r40_s0,heterophily_rewire_nonoracle,0.0,secgfd,f1_macro,False,non_oracle_controlled_stress,non_oracle_controlled_stress,non_oracle_controlled_stress,True,train_on_variant,train_clean_eval_all,train_on_variant - train_clean_eval_all,0.6771689978312204,0.6783581022714416,-0.0011891044402212447,0.0011780076184808679,-0.0021000815251368985,-0.0002938407029182466,5,5,1,paired_protocol_crossed_training_graph_seed_bootstrap,clean
yelpchi,r40_s0,heterophily_rewire_nonoracle,0.15,mlp,roc_auc,False,non_oracle_controlled_stress,non_oracle_controlled_stress,non_oracle_controlled_stress,True,train_on_variant,train_clean_eval_all,train_on_variant - train_clean_eval_all,0.7874991091518593,0.7874991091518593,0.0,0.0,0.0,0.0,10,5,2,paired_protocol_crossed_training_graph_seed_bootstrap,scenario
yelpchi,r40_s0,heterophily_rewire_nonoracle,0.15,mlp,average_precision,False,non_oracle_controlled_stress,non_oracle_controlled_stress,non_oracle_controlled_stress,True,train_on_variant,train_clean_eval_all,train_on_variant - train_clean_eval_all,0.41124348128035476,0.41124348128035476,0.0,0.0,0.0,0.0,10,5,2,paired_protocol_crossed_training_graph_seed_bootstrap,scenario
yelpchi,r40_s0,heterophily_rewire_nonoracle,0.15,mlp,f1_macro,False,non_oracle_controlled_stress,non_oracle_controlled_stress,non_oracle_controlled_stress,True,train_on_variant,train_clean_eval_all,train_on_variant - train_clean_eval_all,0.6582643139773169,0.6582643139773169,0.0,0.0,0.0,0.0,10,5,2,paired_protocol_crossed_training_graph_seed_bootstrap,scenario
yelpchi,r40_s0,heterophily_rewire_nonoracle,0.15,sage,roc_auc,False,non_oracle_controlled_stress,non_oracle_controlled_stress,non_oracle_controlled_stress,True,train_on_variant,train_clean_eval_all,train_on_variant - train_clean_eval_all,0.7311802625496207,0.788949594525943,-0.0577693319763223,0.074490619467099,-0.1244180083141381,-0.0020047727546435024,10,5,2,paired_protocol_crossed_training_graph_seed_bootstrap,scenario
yelpchi,r40_s0,heterophily_rewire_nonoracle,0.15,sage,average_precision,False,non_oracle_controlled_stress,non_oracle_controlled_stress,non_oracle_controlled_stress,True,train_on_variant,train_clean_eval_all,train_on_variant - train_clean_eval_all,0.3463429224027387,0.4211751230041706,-0.074832200601432,0.09649708467791884,-0.15294525007962562,-3.7832304975687905e-05,10,5,2,paired_protocol_crossed_training_graph_seed_bootstrap,scenario
yelpchi,r40_s0,heterophily_rewire_nonoracle,0.15,sage,f1_macro,False,non_oracle_controlled_stress,non_oracle_controlled_stress,non_oracle_controlled_stress,True,train_on_variant,train_clean_eval_all,train_on_variant - train_clean_eval_all,0.6280128053553826,0.6662861771562764,-0.03827337180089393,0.04904289509937663,-0.08107162374282634,-0.0009847853743206291,10,5,2,paired_protocol_crossed_training_graph_seed_bootstrap,scenario
yelpchi,r40_s0,heterophily_rewire_nonoracle,0.15,pmp,roc_auc,False,non_oracle_controlled_stress,non_oracle_controlled_stress,non_oracle_controlled_stress,True,train_on_variant,train_clean_eval_all,train_on_variant - train_clean_eval_all,0.8378398287913736,0.8288068775572581,0.009032951234115284,0.00938292055686106,0.001028179289333775,0.015476017558188115,10,5,2,paired_protocol_crossed_training_graph_seed_bootstrap,scenario
yelpchi,r40_s0,heterophily_rewire_nonoracle,0.15,pmp,average_precision,False,non_oracle_controlled_stress,non_oracle_controlled_stress,non_oracle_controlled_stress,True,train_on_variant,train_clean_eval_all,train_on_variant - train_clean_eval_all,0.5228099211149619,0.5089888944892931,0.01382102662566898,0.0191120323376356,-0.004795315268142275,0.026498173613012745,10,5,2,paired_protocol_crossed_training_graph_seed_bootstrap,scenario
yelpchi,r40_s0,heterophily_rewire_nonoracle,0.15,pmp,f1_macro,False,non_oracle_controlled_stress,non_oracle_controlled_stress,non_oracle_controlled_stress,True,train_on_variant,train_clean_eval_all,train_on_variant - train_clean_eval_all,0.7071512412775167,0.6957886764619369,0.0113625648155799,0.007387354888835181,0.004806674770223707,0.017364016368612654,10,5,2,paired_protocol_crossed_training_graph_seed_bootstrap,scenario
yelpchi,r40_s0,heterophily_rewire_nonoracle,0.15,secgfd,roc_auc,False,non_oracle_controlled_stress,non_oracle_controlled_stress,non_oracle_controlled_stress,True,train_on_variant,train_clean_eval_all,train_on_variant - train_clean_eval_all,0.8102746256151139,0.8001608528741905,0.010113772740923432,0.008214094649760015,0.003864365845701645,0.01665984635870823,10,5,2,paired_protocol_crossed_training_graph_seed_bootstrap,scenario
yelpchi,r40_s0,heterophily_rewire_nonoracle,0.15,secgfd,average_precision,False,non_oracle_controlled_stress,non_oracle_controlled_stress,non_oracle_controlled_stress,True,train_on_variant,train_clean_eval_all,train_on_variant - train_clean_eval_all,0.4640054326593339,0.4410100070804708,0.02299542557886312,0.02072805934019671,0.004566899292563176,0.0388708109631624,10,5,2,paired_protocol_crossed_training_graph_seed_bootstrap,scenario
yelpchi,r40_s0,heterophily_rewire_nonoracle,0.15,secgfd,f1_macro,False,non_oracle_controlled_stress,non_oracle_controlled_stress,non_oracle_controlled_stress,True,train_on_variant,train_clean_eval_all,train_on_variant - train_clean_eval_all,0.6861411608901429,0.6763267276857817,0.009814433204360984,0.01089359161593872,0.0014833375068939113,0.01760420696491663,10,5,2,paired_protocol_crossed_training_graph_seed_bootstrap,scenario
yelpchi,r40_s0,heterophily_rewire_nonoracle,0.3,mlp,roc_auc,False,non_oracle_controlled_stress,non_oracle_controlled_stress,non_oracle_controlled_stress,True,train_on_variant,train_clean_eval_all,train_on_variant - train_clean_eval_all,0.7874991091518593,0.7874991091518593,0.0,0.0,0.0,0.0,10,5,2,paired_protocol_crossed_training_graph_seed_bootstrap,scenario
yelpchi,r40_s0,heterophily_rewire_nonoracle,0.3,mlp,average_precision,False,non_oracle_controlled_stress,non_oracle_controlled_stress,non_oracle_controlled_stress,True,train_on_variant,train_clean_eval_all,train_on_variant - train_clean_eval_all,0.41124348128035476,0.41124348128035476,0.0,0.0,0.0,0.0,10,5,2,paired_protocol_crossed_training_graph_seed_bootstrap,scenario
yelpchi,r40_s0,heterophily_rewire_nonoracle,0.3,mlp,f1_macro,False,non_oracle_controlled_stress,non_oracle_controlled_stress,non_oracle_controlled_stress,True,train_on_variant,train_clean_eval_all,train_on_variant - train_clean_eval_all,0.6582643139773169,0.6582643139773169,0.0,0.0,0.0,0.0,10,5,2,paired_protocol_crossed_training_graph_seed_bootstrap,scenario
yelpchi,r40_s0,heterophily_rewire_nonoracle,0.3,sage,roc_auc,False,non_oracle_controlled_stress,non_oracle_controlled_stress,non_oracle_controlled_stress,True,train_on_variant,train_clean_eval_all,train_on_variant - train_clean_eval_all,0.7536880874833837,0.7866032100926712,-0.03291512260928751,0.06362283515789666,-0.09327582702149165,-0.0011777226796406692,10,5,2,paired_protocol_crossed_training_graph_seed_bootstrap,scenario
yelpchi,r40_s0,heterophily_rewire_nonoracle,0.3,sage,average_precision,False,non_oracle_controlled_stress,non_oracle_controlled_stress,non_oracle_controlled_stress,True,train_on_variant,train_clean_eval_all,train_on_variant - train_clean_eval_all,0.37849471815099783,0.4163771774764783,-0.03788245932548048,0.07538404447841954,-0.11095757825255544,0.0021614622094445757,10,5,2,paired_protocol_crossed_training_graph_seed_bootstrap,scenario
yelpchi,r40_s0,heterophily_rewire_nonoracle,0.3,sage,f1_macro,False,non_oracle_controlled_stress,non_oracle_controlled_stress,non_oracle_controlled_stress,True,train_on_variant,train_clean_eval_all,train_on_variant - train_clean_eval_all,0.6425154620764464,0.6635085481223741,-0.0209930860459278,0.039980997648509174,-0.059277598363918674,-0.00014213268496320318,10,5,2,paired_protocol_crossed_training_graph_seed_bootstrap,scenario
yelpchi,r40_s0,heterophily_rewire_nonoracle,0.3,pmp,roc_auc,False,non_oracle_controlled_stress,non_oracle_controlled_stress,non_oracle_controlled_stress,True,train_on_variant,train_clean_eval_all,train_on_variant - train_clean_eval_all,0.8356757347543965,0.8148408356879673,0.020834899066429224,0.008229033873249634,0.014002084298815784,0.02680848842030805,10,5,2,paired_protocol_crossed_training_graph_seed_bootstrap,scenario
yelpchi,r40_s0,heterophily_rewire_nonoracle,0.3,pmp,average_precision,False,non_oracle_controlled_stress,non_oracle_controlled_stress,non_oracle_controlled_stress,True,train_on_variant,train_clean_eval_all,train_on_variant - train_clean_eval_all,0.5225441188424271,0.48547024321396287,0.037073875628464294,0.020757009093550816,0.020620901007250014,0.05374520303629395,10,5,2,paired_protocol_crossed_training_graph_seed_bootstrap,scenario
yelpchi,r40_s0,heterophily_rewire_nonoracle,0.3,pmp,f1_macro,False,non_oracle_controlled_stress,non_oracle_controlled_stress,non_oracle_controlled_stress,True,train_on_variant,train_clean_eval_all,train_on_variant - train_clean_eval_all,0.7062373916392919,0.683078999795225,0.023158391844067018,0.009064945179246659,0.015370638678857518,0.02955172857601279,10,5,2,paired_protocol_crossed_training_graph_seed_bootstrap,scenario
yelpchi,r40_s0,heterophily_rewire_nonoracle,0.3,secgfd,roc_auc,False,non_oracle_controlled_stress,non_oracle_controlled_stress,non_oracle_controlled_stress,True,train_on_variant,train_clean_eval_all,train_on_variant - train_clean_eval_all,0.8124915976823084,0.7979198124245399,0.014571785257768578,0.005698137351701926,0.010109651972785572,0.019177927479435242,10,5,2,paired_protocol_crossed_training_graph_seed_bootstrap,scenario
yelpchi,r40_s0,heterophily_rewire_nonoracle,0.3,secgfd,average_precision,False,non_oracle_controlled_stress,non_oracle_controlled_stress,non_oracle_controlled_stress,True,train_on_variant,train_clean_eval_all,train_on_variant - train_clean_eval_all,0.46470105495131386,0.4360739107612736,0.02862714419004029,0.01101932256818967,0.02064524070850291,0.03890397505638238,10,5,2,paired_protocol_crossed_training_graph_seed_bootstrap,scenario
yelpchi,r40_s0,heterophily_rewire_nonoracle,0.3,secgfd,f1_macro,False,non_oracle_controlled_stress,non_oracle_controlled_stress,non_oracle_controlled_stress,True,train_on_variant,train_clean_eval_all,train_on_variant - train_clean_eval_all,0.6880750785250926,0.6743330679693311,0.013742010555761509,0.00558911560557379,0.009450988628202761,0.0183666409088476,10,5,2,paired_protocol_crossed_training_graph_seed_bootstrap,scenario
yelpchi,r40_s0,camouflage_feature_oracle,0.0,mlp,roc_auc,True,oracle_protocol_comparison_diagnostic,oracle_privileged_training_diagnostic,oracle_shift_sensitivity_diagnostic,False,train_on_variant,train_clean_eval_all,train_on_variant - train_clean_eval_all,0.7874991091518592,0.7874991091518592,0.0,0.0,0.0,0.0,5,5,1,paired_protocol_crossed_training_graph_seed_bootstrap,clean
yelpchi,r40_s0,camouflage_feature_oracle,0.0,mlp,average_precision,True,oracle_protocol_comparison_diagnostic,oracle_privileged_training_diagnostic,oracle_shift_sensitivity_diagnostic,False,train_on_variant,train_clean_eval_all,train_on_variant - train_clean_eval_all,0.41124348128035465,0.41124348128035465,0.0,0.0,0.0,0.0,5,5,1,paired_protocol_crossed_training_graph_seed_bootstrap,clean
yelpchi,r40_s0,camouflage_feature_oracle,0.0,mlp,f1_macro,True,oracle_protocol_comparison_diagnostic,oracle_privileged_training_diagnostic,oracle_shift_sensitivity_diagnostic,False,train_on_variant,train_clean_eval_all,train_on_variant - train_clean_eval_all,0.6582643139773169,0.6582643139773169,0.0,0.0,0.0,0.0,5,5,1,paired_protocol_crossed_training_graph_seed_bootstrap,clean
yelpchi,r40_s0,camouflage_feature_oracle,0.0,sage,roc_auc,True,oracle_protocol_comparison_diagnostic,oracle_privileged_training_diagnostic,oracle_shift_sensitivity_diagnostic,False,train_on_variant,train_clean_eval_all,train_on_variant - train_clean_eval_all,0.7925929430916681,0.7924381403626047,0.00015480272906327476,0.0008853193664880135,-0.0004284431709391967,0.0009647837725770492,5,5,1,paired_protocol_crossed_training_graph_seed_bootstrap,clean
yelpchi,r40_s0,camouflage_feature_oracle,0.0,sage,average_precision,True,oracle_protocol_comparison_diagnostic,oracle_privileged_training_diagnostic,oracle_shift_sensitivity_diagnostic,False,train_on_variant,train_clean_eval_all,train_on_variant - train_clean_eval_all,0.43063980263938983,0.4294401489071168,0.0011996537322730317,0.0034442697263324783,-0.0008000264428934756,0.004249604656964334,5,5,1,paired_protocol_crossed_training_graph_seed_bootstrap,clean
yelpchi,r40_s0,camouflage_feature_oracle,0.0,sage,f1_macro,True,oracle_protocol_comparison_diagnostic,oracle_privileged_training_diagnostic,oracle_shift_sensitivity_diagnostic,False,train_on_variant,train_clean_eval_all,train_on_variant - train_clean_eval_all,0.6708008636264987,0.6706504896075932,0.00015037401890545256,0.0004284303391555302,-0.00020755708335713497,0.00044391673772068574,5,5,1,paired_protocol_crossed_training_graph_seed_bootstrap,clean
yelpchi,r40_s0,camouflage_feature_oracle,0.0,pmp,roc_auc,True,oracle_protocol_comparison_diagnostic,oracle_privileged_training_diagnostic,oracle_shift_sensitivity_diagnostic,False,train_on_variant,train_clean_eval_all,train_on_variant - train_clean_eval_all,0.8465935467722904,0.8465935467722904,0.0,0.0,0.0,0.0,5,5,1,paired_protocol_crossed_training_graph_seed_bootstrap,clean
yelpchi,r40_s0,camouflage_feature_oracle,0.0,pmp,average_precision,True,oracle_protocol_comparison_diagnostic,oracle_privileged_training_diagnostic,oracle_shift_sensitivity_diagnostic,False,train_on_variant,train_clean_eval_all,train_on_variant - train_clean_eval_all,0.5573005662067334,0.5573005662067334,0.0,0.0,0.0,0.0,5,5,1,paired_protocol_crossed_training_graph_seed_bootstrap,clean
yelpchi,r40_s0,camouflage_feature_oracle,0.0,pmp,f1_macro,True,oracle_protocol_comparison_diagnostic,oracle_privileged_training_diagnostic,oracle_shift_sensitivity_diagnostic,False,train_on_variant,train_clean_eval_all,train_on_variant - train_clean_eval_all,0.7180227604746475,0.7180227604746475,0.0,0.0,0.0,0.0,5,5,1,paired_protocol_crossed_training_graph_seed_bootstrap,clean
yelpchi,r40_s0,camouflage_feature_oracle,0.0,secgfd,roc_auc,True,oracle_protocol_comparison_diagnostic,oracle_privileged_training_diagnostic,oracle_shift_sensitivity_diagnostic,False,train_on_variant,train_clean_eval_all,train_on_variant - train_clean_eval_all,0.8024072026834824,0.8029645568206764,-0.000557354137194066,0.0009469138594290189,-0.0012218625376538394,0.0002773491331999445,5,5,1,paired_protocol_crossed_training_graph_seed_bootstrap,clean
yelpchi,r40_s0,camouflage_feature_oracle,0.0,secgfd,average_precision,True,oracle_protocol_comparison_diagnostic,oracle_privileged_training_diagnostic,oracle_shift_sensitivity_diagnostic,False,train_on_variant,train_clean_eval_all,train_on_variant - train_clean_eval_all,0.4490118904367483,0.45104574600768627,-0.0020338555709380037,0.002417253544439178,-0.003974172732550463,-0.00025195747980787385,5,5,1,paired_protocol_crossed_training_graph_seed_bootstrap,clean
yelpchi,r40_s0,camouflage_feature_oracle,0.0,secgfd,f1_macro,True,oracle_protocol_comparison_diagnostic,oracle_privileged_training_diagnostic,oracle_shift_sensitivity_diagnostic,False,train_on_variant,train_clean_eval_all,train_on_variant - train_clean_eval_all,0.6771689978312204,0.6783581022714416,-0.0011891044402212447,0.0011780076184808679,-0.0021000815251368985,-0.0002938407029182466,5,5,1,paired_protocol_crossed_training_graph_seed_bootstrap,clean
yelpchi,r40_s0,camouflage_feature_oracle,0.15,mlp,roc_auc,True,oracle_protocol_comparison_diagnostic,oracle_privileged_training_diagnostic,oracle_shift_sensitivity_diagnostic,False,train_on_variant,train_clean_eval_all,train_on_variant - train_clean_eval_all,0.7440904909726118,0.7471019745291748,-0.0030114835565630215,0.0014546397927817107,-0.0038572438244691603,-0.0017395715506359545,10,5,2,paired_protocol_crossed_training_graph_seed_bootstrap,scenario
yelpchi,r40_s0,camouflage_feature_oracle,0.15,mlp,average_precision,True,oracle_protocol_comparison_diagnostic,oracle_privileged_training_diagnostic,oracle_shift_sensitivity_diagnostic,False,train_on_variant,train_clean_eval_all,train_on_variant - train_clean_eval_all,0.3660281812874907,0.3713009408999584,-0.005272759612467687,0.0033390115656495183,-0.00711103923663634,-0.002296441765960766,10,5,2,paired_protocol_crossed_training_graph_seed_bootstrap,scenario
yelpchi,r40_s0,camouflage_feature_oracle,0.15,mlp,f1_macro,True,oracle_protocol_comparison_diagnostic,oracle_privileged_training_diagnostic,oracle_shift_sensitivity_diagnostic,False,train_on_variant,train_clean_eval_all,train_on_variant - train_clean_eval_all,0.6379490153698347,0.6391898984728218,-0.0012408831029870559,0.0021906796903754565,-0.003071457562563251,0.0005545481081916659,10,5,2,paired_protocol_crossed_training_graph_seed_bootstrap,scenario
yelpchi,r40_s0,camouflage_feature_oracle,0.15,sage,roc_auc,True,oracle_protocol_comparison_diagnostic,oracle_privileged_training_diagnostic,oracle_shift_sensitivity_diagnostic,False,train_on_variant,train_clean_eval_all,train_on_variant - train_clean_eval_all,0.7364644866961596,0.752485572309429,-0.016021085613269405,0.049097394877402264,-0.06364857122249898,0.001288790838955952,10,5,2,paired_protocol_crossed_training_graph_seed_bootstrap,scenario
yelpchi,r40_s0,camouflage_feature_oracle,0.15,sage,average_precision,True,oracle_protocol_comparison_diagnostic,oracle_privileged_training_diagnostic,oracle_shift_sensitivity_diagnostic,False,train_on_variant,train_clean_eval_all,train_on_variant - train_clean_eval_all,0.36652322031134155,0.3870107904835487,-0.020487570172207172,0.058704769246401174,-0.07855059884547941,0.0032824789682379023,10,5,2,paired_protocol_crossed_training_graph_seed_bootstrap,scenario
yelpchi,r40_s0,camouflage_feature_oracle,0.15,sage,f1_macro,True,oracle_protocol_comparison_diagnostic,oracle_privileged_training_diagnostic,oracle_shift_sensitivity_diagnostic,False,train_on_variant,train_clean_eval_all,train_on_variant - train_clean_eval_all,0.6372284080345417,0.6496082034432882,-0.012379795408746452,0.033748597447796555,-0.0460797327673456,0.002078709857038663,10,5,2,paired_protocol_crossed_training_graph_seed_bootstrap,scenario
yelpchi,r40_s0,camouflage_feature_oracle,0.15,pmp,roc_auc,True,oracle_protocol_comparison_diagnostic,oracle_privileged_training_diagnostic,oracle_shift_sensitivity_diagnostic,False,train_on_variant,train_clean_eval_all,train_on_variant - train_clean_eval_all,0.8015913418040446,0.8037662975188878,-0.00217495571484323,0.0061358628609969905,-0.007705295715849392,0.0019969706875709093,10,5,2,paired_protocol_crossed_training_graph_seed_bootstrap,scenario
yelpchi,r40_s0,camouflage_feature_oracle,0.15,pmp,average_precision,True,oracle_protocol_comparison_diagnostic,oracle_privileged_training_diagnostic,oracle_shift_sensitivity_diagnostic,False,train_on_variant,train_clean_eval_all,train_on_variant - train_clean_eval_all,0.49541878075731516,0.5018479080796154,-0.0064291273223003546,0.012610172528706587,-0.01813340371872272,0.003567757773040962,10,5,2,paired_protocol_crossed_training_graph_seed_bootstrap,scenario
yelpchi,r40_s0,camouflage_feature_oracle,0.15,pmp,f1_macro,True,oracle_protocol_comparison_diagnostic,oracle_privileged_training_diagnostic,oracle_shift_sensitivity_diagnostic,False,train_on_variant,train_clean_eval_all,train_on_variant - train_clean_eval_all,0.6951838084288848,0.6931486097651167,0.0020351986637680898,0.00557730847640078,-0.0032774519110480155,0.00607244227673842,10,5,2,paired_protocol_crossed_training_graph_seed_bootstrap,scenario
yelpchi,r40_s0,camouflage_feature_oracle,0.15,secgfd,roc_auc,True,oracle_protocol_comparison_diagnostic,oracle_privileged_training_diagnostic,oracle_shift_sensitivity_diagnostic,False,train_on_variant,train_clean_eval_all,train_on_variant - train_clean_eval_all,0.7606539685236198,0.7608750775085522,-0.0002211089849323944,0.007979676888699536,-0.007624604763550765,0.005405195875353972,10,5,2,paired_protocol_crossed_training_graph_seed_bootstrap,scenario
yelpchi,r40_s0,camouflage_feature_oracle,0.15,secgfd,average_precision,True,oracle_protocol_comparison_diagnostic,oracle_privileged_training_diagnostic,oracle_shift_sensitivity_diagnostic,False,train_on_variant,train_clean_eval_all,train_on_variant - train_clean_eval_all,0.40495815946340274,0.40749406830945994,-0.0025359088460573053,0.014187385785437075,-0.015197932271554127,0.007509684287448281,10,5,2,paired_protocol_crossed_training_graph_seed_bootstrap,scenario
yelpchi,r40_s0,camouflage_feature_oracle,0.15,secgfd,f1_macro,True,oracle_protocol_comparison_diagnostic,oracle_privileged_training_diagnostic,oracle_shift_sensitivity_diagnostic,False,train_on_variant,train_clean_eval_all,train_on_variant - train_clean_eval_all,0.6572846611365716,0.6570401998377096,0.0002444612988620531,0.006925388928177616,-0.0048369262306123244,0.005200812568240698,10,5,2,paired_protocol_crossed_training_graph_seed_bootstrap,scenario
yelpchi,r40_s0,camouflage_feature_oracle,0.3,mlp,roc_auc,True,oracle_protocol_comparison_diagnostic,oracle_privileged_training_diagnostic,oracle_shift_sensitivity_diagnostic,False,train_on_variant,train_clean_eval_all,train_on_variant - train_clean_eval_all,0.7011187170910217,0.7027655987509451,-0.001646881659923527,0.01214406152247715,-0.0066139352849799325,0.01035966826530239,10,5,2,paired_protocol_crossed_training_graph_seed_bootstrap,scenario
yelpchi,r40_s0,camouflage_feature_oracle,0.3,mlp,average_precision,True,oracle_protocol_comparison_diagnostic,oracle_privileged_training_diagnostic,oracle_shift_sensitivity_diagnostic,False,train_on_variant,train_clean_eval_all,train_on_variant - train_clean_eval_all,0.32391526635063866,0.3253115521787414,-0.001396285828102778,0.022533229369104655,-0.010741053775123476,0.01994717777217735,10,5,2,paired_protocol_crossed_training_graph_seed_bootstrap,scenario
yelpchi,r40_s0,camouflage_feature_oracle,0.3,mlp,f1_macro,True,oracle_protocol_comparison_diagnostic,oracle_privileged_training_diagnostic,oracle_shift_sensitivity_diagnostic,False,train_on_variant,train_clean_eval_all,train_on_variant - train_clean_eval_all,0.6174029551832622,0.6167160778302229,0.0006868773530393612,0.010764030543092506,-0.004630430970390909,0.011624937905325617,10,5,2,paired_protocol_crossed_training_graph_seed_bootstrap,scenario
yelpchi,r40_s0,camouflage_feature_oracle,0.3,sage,roc_auc,True,oracle_protocol_comparison_diagnostic,oracle_privileged_training_diagnostic,oracle_shift_sensitivity_diagnostic,False,train_on_variant,train_clean_eval_all,train_on_variant - train_clean_eval_all,0.6805219019541111,0.7083364187485518,-0.027814516794440657,0.06364134043687285,-0.0717606856043514,0.00649512139163626,10,5,2,paired_protocol_crossed_training_graph_seed_bootstrap,scenario
yelpchi,r40_s0,camouflage_feature_oracle,0.3,sage,average_precision,True,oracle_protocol_comparison_diagnostic,oracle_privileged_training_diagnostic,oracle_shift_sensitivity_diagnostic,False,train_on_variant,train_clean_eval_all,train_on_variant - train_clean_eval_all,0.30676654366446743,0.3368624184342697,-0.03009587476980228,0.06775997638387604,-0.08350714521953659,0.004293132533453958,10,5,2,paired_protocol_crossed_training_graph_seed_bootstrap,scenario
yelpchi,r40_s0,camouflage_feature_oracle,0.3,sage,f1_macro,True,oracle_protocol_comparison_diagnostic,oracle_privileged_training_diagnostic,oracle_shift_sensitivity_diagnostic,False,train_on_variant,train_clean_eval_all,train_on_variant - train_clean_eval_all,0.6071824163946593,0.6257916236559989,-0.018609207261339477,0.040443302714111055,-0.04841221435915257,0.0010280537262656528,10,5,2,paired_protocol_crossed_training_graph_seed_bootstrap,scenario
yelpchi,r40_s0,camouflage_feature_oracle,0.3,pmp,roc_auc,True,oracle_protocol_comparison_diagnostic,oracle_privileged_training_diagnostic,oracle_shift_sensitivity_diagnostic,False,train_on_variant,train_clean_eval_all,train_on_variant - train_clean_eval_all,0.7611722837420882,0.7610981515996773,7.413214241069888e-05,0.010460369700353552,-0.007268240020404673,0.008080919214270033,10,5,2,paired_protocol_crossed_training_graph_seed_bootstrap,scenario
yelpchi,r40_s0,camouflage_feature_oracle,0.3,pmp,average_precision,True,oracle_protocol_comparison_diagnostic,oracle_privileged_training_diagnostic,oracle_shift_sensitivity_diagnostic,False,train_on_variant,train_clean_eval_all,train_on_variant - train_clean_eval_all,0.42319289650930764,0.43865845344310506,-0.015465556933797354,0.026215483058815277,-0.035148905805650485,0.006439047228454118,10,5,2,paired_protocol_crossed_training_graph_seed_bootstrap,scenario
yelpchi,r40_s0,camouflage_feature_oracle,0.3,pmp,f1_macro,True,oracle_protocol_comparison_diagnostic,oracle_privileged_training_diagnostic,oracle_shift_sensitivity_diagnostic,False,train_on_variant,train_clean_eval_all,train_on_variant - train_clean_eval_all,0.6634185146263996,0.6642555572452882,-0.0008370426188887614,0.007787409679652864,-0.006251113346082904,0.005440396830894989,10,5,2,paired_protocol_crossed_training_graph_seed_bootstrap,scenario
yelpchi,r40_s0,camouflage_feature_oracle,0.3,secgfd,roc_auc,True,oracle_protocol_comparison_diagnostic,oracle_privileged_training_diagnostic,oracle_shift_sensitivity_diagnostic,False,train_on_variant,train_clean_eval_all,train_on_variant - train_clean_eval_all,0.7349407373993104,0.7158725176302182,0.019068219769092166,0.015876756894256366,0.0033601029229728407,0.03353379949304541,10,5,2,paired_protocol_crossed_training_graph_seed_bootstrap,scenario
yelpchi,r40_s0,camouflage_feature_oracle,0.3,secgfd,average_precision,True,oracle_protocol_comparison_diagnostic,oracle_privileged_training_diagnostic,oracle_shift_sensitivity_diagnostic,False,train_on_variant,train_clean_eval_all,train_on_variant - train_clean_eval_all,0.3794559421518201,0.35575746925965573,0.023698472892164348,0.01971184001733513,0.003805006802040989,0.04162327522564237,10,5,2,paired_protocol_crossed_training_graph_seed_bootstrap,scenario
yelpchi,r40_s0,camouflage_feature_oracle,0.3,secgfd,f1_macro,True,oracle_protocol_comparison_diagnostic,oracle_privileged_training_diagnostic,oracle_shift_sensitivity_diagnostic,False,train_on_variant,train_clean_eval_all,train_on_variant - train_clean_eval_all,0.6430474477901453,0.6331588055681346,0.009888642222010746,0.008406885616550999,0.0016379648650773904,0.016408284873276613,10,5,2,paired_protocol_crossed_training_graph_seed_bootstrap,scenario
yelpchi,r40_s0,camouflage_relation_oracle,0.0,mlp,roc_auc,True,oracle_protocol_comparison_diagnostic,oracle_privileged_training_diagnostic,oracle_shift_sensitivity_diagnostic,False,train_on_variant,train_clean_eval_all,train_on_variant - train_clean_eval_all,0.7874991091518592,0.7874991091518592,0.0,0.0,0.0,0.0,5,5,1,paired_protocol_crossed_training_graph_seed_bootstrap,clean
yelpchi,r40_s0,camouflage_relation_oracle,0.0,mlp,average_precision,True,oracle_protocol_comparison_diagnostic,oracle_privileged_training_diagnostic,oracle_shift_sensitivity_diagnostic,False,train_on_variant,train_clean_eval_all,train_on_variant - train_clean_eval_all,0.41124348128035465,0.41124348128035465,0.0,0.0,0.0,0.0,5,5,1,paired_protocol_crossed_training_graph_seed_bootstrap,clean
yelpchi,r40_s0,camouflage_relation_oracle,0.0,mlp,f1_macro,True,oracle_protocol_comparison_diagnostic,oracle_privileged_training_diagnostic,oracle_shift_sensitivity_diagnostic,False,train_on_variant,train_clean_eval_all,train_on_variant - train_clean_eval_all,0.6582643139773169,0.6582643139773169,0.0,0.0,0.0,0.0,5,5,1,paired_protocol_crossed_training_graph_seed_bootstrap,clean
yelpchi,r40_s0,camouflage_relation_oracle,0.0,sage,roc_auc,True,oracle_protocol_comparison_diagnostic,oracle_privileged_training_diagnostic,oracle_shift_sensitivity_diagnostic,False,train_on_variant,train_clean_eval_all,train_on_variant - train_clean_eval_all,0.7925929430916681,0.7924381403626047,0.00015480272906327476,0.0008853193664880135,-0.0004284431709391967,0.0009647837725770492,5,5,1,paired_protocol_crossed_training_graph_seed_bootstrap,clean
yelpchi,r40_s0,camouflage_relation_oracle,0.0,sage,average_precision,True,oracle_protocol_comparison_diagnostic,oracle_privileged_training_diagnostic,oracle_shift_sensitivity_diagnostic,False,train_on_variant,train_clean_eval_all,train_on_variant - train_clean_eval_all,0.43063980263938983,0.4294401489071168,0.0011996537322730317,0.0034442697263324783,-0.0008000264428934756,0.004249604656964334,5,5,1,paired_protocol_crossed_training_graph_seed_bootstrap,clean
yelpchi,r40_s0,camouflage_relation_oracle,0.0,sage,f1_macro,True,oracle_protocol_comparison_diagnostic,oracle_privileged_training_diagnostic,oracle_shift_sensitivity_diagnostic,False,train_on_variant,train_clean_eval_all,train_on_variant - train_clean_eval_all,0.6708008636264987,0.6706504896075932,0.00015037401890545256,0.0004284303391555302,-0.00020755708335713497,0.00044391673772068574,5,5,1,paired_protocol_crossed_training_graph_seed_bootstrap,clean
yelpchi,r40_s0,camouflage_relation_oracle,0.0,pmp,roc_auc,True,oracle_protocol_comparison_diagnostic,oracle_privileged_training_diagnostic,oracle_shift_sensitivity_diagnostic,False,train_on_variant,train_clean_eval_all,train_on_variant - train_clean_eval_all,0.8465935467722904,0.8465935467722904,0.0,0.0,0.0,0.0,5,5,1,paired_protocol_crossed_training_graph_seed_bootstrap,clean
yelpchi,r40_s0,camouflage_relation_oracle,0.0,pmp,average_precision,True,oracle_protocol_comparison_diagnostic,oracle_privileged_training_diagnostic,oracle_shift_sensitivity_diagnostic,False,train_on_variant,train_clean_eval_all,train_on_variant - train_clean_eval_all,0.5573005662067334,0.5573005662067334,0.0,0.0,0.0,0.0,5,5,1,paired_protocol_crossed_training_graph_seed_bootstrap,clean
yelpchi,r40_s0,camouflage_relation_oracle,0.0,pmp,f1_macro,True,oracle_protocol_comparison_diagnostic,oracle_privileged_training_diagnostic,oracle_shift_sensitivity_diagnostic,False,train_on_variant,train_clean_eval_all,train_on_variant - train_clean_eval_all,0.7180227604746475,0.7180227604746475,0.0,0.0,0.0,0.0,5,5,1,paired_protocol_crossed_training_graph_seed_bootstrap,clean
yelpchi,r40_s0,camouflage_relation_oracle,0.0,secgfd,roc_auc,True,oracle_protocol_comparison_diagnostic,oracle_privileged_training_diagnostic,oracle_shift_sensitivity_diagnostic,False,train_on_variant,train_clean_eval_all,train_on_variant - train_clean_eval_all,0.8024072026834824,0.8029645568206764,-0.000557354137194066,0.0009469138594290189,-0.0012218625376538394,0.0002773491331999445,5,5,1,paired_protocol_crossed_training_graph_seed_bootstrap,clean
yelpchi,r40_s0,camouflage_relation_oracle,0.0,secgfd,average_precision,True,oracle_protocol_comparison_diagnostic,oracle_privileged_training_diagnostic,oracle_shift_sensitivity_diagnostic,False,train_on_variant,train_clean_eval_all,train_on_variant - train_clean_eval_all,0.4490118904367483,0.45104574600768627,-0.0020338555709380037,0.002417253544439178,-0.003974172732550463,-0.00025195747980787385,5,5,1,paired_protocol_crossed_training_graph_seed_bootstrap,clean
yelpchi,r40_s0,camouflage_relation_oracle,0.0,secgfd,f1_macro,True,oracle_protocol_comparison_diagnostic,oracle_privileged_training_diagnostic,oracle_shift_sensitivity_diagnostic,False,train_on_variant,train_clean_eval_all,train_on_variant - train_clean_eval_all,0.6771689978312204,0.6783581022714416,-0.0011891044402212447,0.0011780076184808679,-0.0021000815251368985,-0.0002938407029182466,5,5,1,paired_protocol_crossed_training_graph_seed_bootstrap,clean
yelpchi,r40_s0,camouflage_relation_oracle,0.15,mlp,roc_auc,True,oracle_protocol_comparison_diagnostic,oracle_privileged_training_diagnostic,oracle_shift_sensitivity_diagnostic,False,train_on_variant,train_clean_eval_all,train_on_variant - train_clean_eval_all,0.7874991091518593,0.7874991091518593,0.0,0.0,0.0,0.0,10,5,2,paired_protocol_crossed_training_graph_seed_bootstrap,scenario
yelpchi,r40_s0,camouflage_relation_oracle,0.15,mlp,average_precision,True,oracle_protocol_comparison_diagnostic,oracle_privileged_training_diagnostic,oracle_shift_sensitivity_diagnostic,False,train_on_variant,train_clean_eval_all,train_on_variant - train_clean_eval_all,0.41124348128035476,0.41124348128035476,0.0,0.0,0.0,0.0,10,5,2,paired_protocol_crossed_training_graph_seed_bootstrap,scenario
yelpchi,r40_s0,camouflage_relation_oracle,0.15,mlp,f1_macro,True,oracle_protocol_comparison_diagnostic,oracle_privileged_training_diagnostic,oracle_shift_sensitivity_diagnostic,False,train_on_variant,train_clean_eval_all,train_on_variant - train_clean_eval_all,0.6582643139773169,0.6582643139773169,0.0,0.0,0.0,0.0,10,5,2,paired_protocol_crossed_training_graph_seed_bootstrap,scenario
yelpchi,r40_s0,camouflage_relation_oracle,0.15,sage,roc_auc,True,oracle_protocol_comparison_diagnostic,oracle_privileged_training_diagnostic,oracle_shift_sensitivity_diagnostic,False,train_on_variant,train_clean_eval_all,train_on_variant - train_clean_eval_all,0.7463830827080564,0.7902632656339561,-0.043880182925899715,0.07379446653613965,-0.1092492975162201,0.0021842953286400736,10,5,2,paired_protocol_crossed_training_graph_seed_bootstrap,scenario
yelpchi,r40_s0,camouflage_relation_oracle,0.15,sage,average_precision,True,oracle_protocol_comparison_diagnostic,oracle_privileged_training_diagnostic,oracle_shift_sensitivity_diagnostic,False,train_on_variant,train_clean_eval_all,train_on_variant - train_clean_eval_all,0.36739799483031776,0.42546989616373576,-0.05807190133341809,0.09922600111804801,-0.14527275296775302,0.006670344293812647,10,5,2,paired_protocol_crossed_training_graph_seed_bootstrap,scenario
yelpchi,r40_s0,camouflage_relation_oracle,0.15,sage,f1_macro,True,oracle_protocol_comparison_diagnostic,oracle_privileged_training_diagnostic,oracle_shift_sensitivity_diagnostic,False,train_on_variant,train_clean_eval_all,train_on_variant - train_clean_eval_all,0.6367320031594841,0.6691133422838205,-0.03238133912433618,0.05122709466443077,-0.07819035231533425,-1.0573176460537682e-05,10,5,2,paired_protocol_crossed_training_graph_seed_bootstrap,scenario
yelpchi,r40_s0,camouflage_relation_oracle,0.15,pmp,roc_auc,True,oracle_protocol_comparison_diagnostic,oracle_privileged_training_diagnostic,oracle_shift_sensitivity_diagnostic,False,train_on_variant,train_clean_eval_all,train_on_variant - train_clean_eval_all,0.8430579705850519,0.8430662966804425,-8.326095390653877e-06,0.005003606448710037,-0.003421928081686631,0.0038246063880386315,10,5,2,paired_protocol_crossed_training_graph_seed_bootstrap,scenario
yelpchi,r40_s0,camouflage_relation_oracle,0.15,pmp,average_precision,True,oracle_protocol_comparison_diagnostic,oracle_privileged_training_diagnostic,oracle_shift_sensitivity_diagnostic,False,train_on_variant,train_clean_eval_all,train_on_variant - train_clean_eval_all,0.5451054742707682,0.550444597221549,-0.0053391229507809505,0.018760132549458044,-0.018192551912827464,0.009216256146451036,10,5,2,paired_protocol_crossed_training_graph_seed_bootstrap,scenario
yelpchi,r40_s0,camouflage_relation_oracle,0.15,pmp,f1_macro,True,oracle_protocol_comparison_diagnostic,oracle_privileged_training_diagnostic,oracle_shift_sensitivity_diagnostic,False,train_on_variant,train_clean_eval_all,train_on_variant - train_clean_eval_all,0.7169567787180301,0.7149121069363393,0.00204467178169071,0.006502435163007829,-0.002603988758607136,0.006671640065541733,10,5,2,paired_protocol_crossed_training_graph_seed_bootstrap,scenario
yelpchi,r40_s0,camouflage_relation_oracle,0.15,secgfd,roc_auc,True,oracle_protocol_comparison_diagnostic,oracle_privileged_training_diagnostic,oracle_shift_sensitivity_diagnostic,False,train_on_variant,train_clean_eval_all,train_on_variant - train_clean_eval_all,0.8083468659676575,0.8048200827374019,0.0035267832302553924,0.006642589481521546,-0.0009414573665804671,0.007958291823938701,10,5,2,paired_protocol_crossed_training_graph_seed_bootstrap,scenario
yelpchi,r40_s0,camouflage_relation_oracle,0.15,secgfd,average_precision,True,oracle_protocol_comparison_diagnostic,oracle_privileged_training_diagnostic,oracle_shift_sensitivity_diagnostic,False,train_on_variant,train_clean_eval_all,train_on_variant - train_clean_eval_all,0.4564601571563102,0.4543956674194699,0.002064489736840397,0.012827781081660532,-0.0061219846376621475,0.01084304032632689,10,5,2,paired_protocol_crossed_training_graph_seed_bootstrap,scenario
yelpchi,r40_s0,camouflage_relation_oracle,0.15,secgfd,f1_macro,True,oracle_protocol_comparison_diagnostic,oracle_privileged_training_diagnostic,oracle_shift_sensitivity_diagnostic,False,train_on_variant,train_clean_eval_all,train_on_variant - train_clean_eval_all,0.683068191576534,0.6801839941935994,0.0028841973829346946,0.009769845432583137,-0.0043843887543290345,0.010410304946724814,10,5,2,paired_protocol_crossed_training_graph_seed_bootstrap,scenario
yelpchi,r40_s0,camouflage_relation_oracle,0.3,mlp,roc_auc,True,oracle_protocol_comparison_diagnostic,oracle_privileged_training_diagnostic,oracle_shift_sensitivity_diagnostic,False,train_on_variant,train_clean_eval_all,train_on_variant - train_clean_eval_all,0.7874991091518593,0.7874991091518593,0.0,0.0,0.0,0.0,10,5,2,paired_protocol_crossed_training_graph_seed_bootstrap,scenario
yelpchi,r40_s0,camouflage_relation_oracle,0.3,mlp,average_precision,True,oracle_protocol_comparison_diagnostic,oracle_privileged_training_diagnostic,oracle_shift_sensitivity_diagnostic,False,train_on_variant,train_clean_eval_all,train_on_variant - train_clean_eval_all,0.41124348128035476,0.41124348128035476,0.0,0.0,0.0,0.0,10,5,2,paired_protocol_crossed_training_graph_seed_bootstrap,scenario
yelpchi,r40_s0,camouflage_relation_oracle,0.3,mlp,f1_macro,True,oracle_protocol_comparison_diagnostic,oracle_privileged_training_diagnostic,oracle_shift_sensitivity_diagnostic,False,train_on_variant,train_clean_eval_all,train_on_variant - train_clean_eval_all,0.6582643139773169,0.6582643139773169,0.0,0.0,0.0,0.0,10,5,2,paired_protocol_crossed_training_graph_seed_bootstrap,scenario
yelpchi,r40_s0,camouflage_relation_oracle,0.3,sage,roc_auc,True,oracle_protocol_comparison_diagnostic,oracle_privileged_training_diagnostic,oracle_shift_sensitivity_diagnostic,False,train_on_variant,train_clean_eval_all,train_on_variant - train_clean_eval_all,0.7585889670506238,0.788031021714209,-0.029442054663585272,0.07100372719655704,-0.09674487662277283,0.006122368139230683,10,5,2,paired_protocol_crossed_training_graph_seed_bootstrap,scenario
yelpchi,r40_s0,camouflage_relation_oracle,0.3,sage,average_precision,True,oracle_protocol_comparison_diagnostic,oracle_privileged_training_diagnostic,oracle_shift_sensitivity_diagnostic,False,train_on_variant,train_clean_eval_all,train_on_variant - train_clean_eval_all,0.3914558067862881,0.4215507891152518,-0.030094982328963692,0.0911771140526543,-0.1170337361166174,0.017978555655046375,10,5,2,paired_protocol_crossed_training_graph_seed_bootstrap,scenario
yelpchi,r40_s0,camouflage_relation_oracle,0.3,sage,f1_macro,True,oracle_protocol_comparison_diagnostic,oracle_privileged_training_diagnostic,oracle_shift_sensitivity_diagnostic,False,train_on_variant,train_clean_eval_all,train_on_variant - train_clean_eval_all,0.6479038263603522,0.6673594176870783,-0.019455591326725964,0.04893432003348128,-0.06578656195669859,0.005375460520202037,10,5,2,paired_protocol_crossed_training_graph_seed_bootstrap,scenario
yelpchi,r40_s0,camouflage_relation_oracle,0.3,pmp,roc_auc,True,oracle_protocol_comparison_diagnostic,oracle_privileged_training_diagnostic,oracle_shift_sensitivity_diagnostic,False,train_on_variant,train_clean_eval_all,train_on_variant - train_clean_eval_all,0.8415751836290504,0.8410556202704063,0.0005195633586442261,0.004160243998833474,-0.0023540805037074453,0.004846132899679301,10,5,2,paired_protocol_crossed_training_graph_seed_bootstrap,scenario
yelpchi,r40_s0,camouflage_relation_oracle,0.3,pmp,average_precision,True,oracle_protocol_comparison_diagnostic,oracle_privileged_training_diagnostic,oracle_shift_sensitivity_diagnostic,False,train_on_variant,train_clean_eval_all,train_on_variant - train_clean_eval_all,0.5439452700086429,0.5453604720575262,-0.0014152020488833017,0.015200577379017095,-0.012346618586663482,0.013856175617152643,10,5,2,paired_protocol_crossed_training_graph_seed_bootstrap,scenario
yelpchi,r40_s0,camouflage_relation_oracle,0.3,pmp,f1_macro,True,oracle_protocol_comparison_diagnostic,oracle_privileged_training_diagnostic,oracle_shift_sensitivity_diagnostic,False,train_on_variant,train_clean_eval_all,train_on_variant - train_clean_eval_all,0.7159201051082117,0.7133786622949948,0.0025414428132168763,0.006501377379084768,-0.0012964007444957006,0.008853469945936273,10,5,2,paired_protocol_crossed_training_graph_seed_bootstrap,scenario
yelpchi,r40_s0,camouflage_relation_oracle,0.3,secgfd,roc_auc,True,oracle_protocol_comparison_diagnostic,oracle_privileged_training_diagnostic,oracle_shift_sensitivity_diagnostic,False,train_on_variant,train_clean_eval_all,train_on_variant - train_clean_eval_all,0.8323854157297674,0.8070309046176994,0.025354511112068157,0.011696486838082904,0.015931013482200586,0.03463433309917206,10,5,2,paired_protocol_crossed_training_graph_seed_bootstrap,scenario
yelpchi,r40_s0,camouflage_relation_oracle,0.3,secgfd,average_precision,True,oracle_protocol_comparison_diagnostic,oracle_privileged_training_diagnostic,oracle_shift_sensitivity_diagnostic,False,train_on_variant,train_clean_eval_all,train_on_variant - train_clean_eval_all,0.5107534659349968,0.4586335880165152,0.052119877918481536,0.02713167321065286,0.029289392811468706,0.07451670070394709,10,5,2,paired_protocol_crossed_training_graph_seed_bootstrap,scenario
yelpchi,r40_s0,camouflage_relation_oracle,0.3,secgfd,f1_macro,True,oracle_protocol_comparison_diagnostic,oracle_privileged_training_diagnostic,oracle_shift_sensitivity_diagnostic,False,train_on_variant,train_clean_eval_all,train_on_variant - train_clean_eval_all,0.7068495672921415,0.6830843837327544,0.02376518355938717,0.012018395973453453,0.013917265796014733,0.03408346083792337,10,5,2,paired_protocol_crossed_training_graph_seed_bootstrap,scenario
yelpchi,r40_s0,noise_edges_uniform,0.0,mlp,roc_auc,False,non_oracle_controlled_stress,non_oracle_controlled_stress,non_oracle_controlled_stress,True,train_on_variant,train_clean_eval_all,train_on_variant - train_clean_eval_all,0.7874991091518592,0.7874991091518592,0.0,0.0,0.0,0.0,5,5,1,paired_protocol_crossed_training_graph_seed_bootstrap,clean
yelpchi,r40_s0,noise_edges_uniform,0.0,mlp,average_precision,False,non_oracle_controlled_stress,non_oracle_controlled_stress,non_oracle_controlled_stress,True,train_on_variant,train_clean_eval_all,train_on_variant - train_clean_eval_all,0.41124348128035465,0.41124348128035465,0.0,0.0,0.0,0.0,5,5,1,paired_protocol_crossed_training_graph_seed_bootstrap,clean
yelpchi,r40_s0,noise_edges_uniform,0.0,mlp,f1_macro,False,non_oracle_controlled_stress,non_oracle_controlled_stress,non_oracle_controlled_stress,True,train_on_variant,train_clean_eval_all,train_on_variant - train_clean_eval_all,0.6582643139773169,0.6582643139773169,0.0,0.0,0.0,0.0,5,5,1,paired_protocol_crossed_training_graph_seed_bootstrap,clean
yelpchi,r40_s0,noise_edges_uniform,0.0,sage,roc_auc,False,non_oracle_controlled_stress,non_oracle_controlled_stress,non_oracle_controlled_stress,True,train_on_variant,train_clean_eval_all,train_on_variant - train_clean_eval_all,0.7925929430916681,0.7924381403626047,0.00015480272906327476,0.0008853193664880135,-0.0004284431709391967,0.0009647837725770492,5,5,1,paired_protocol_crossed_training_graph_seed_bootstrap,clean
yelpchi,r40_s0,noise_edges_uniform,0.0,sage,average_precision,False,non_oracle_controlled_stress,non_oracle_controlled_stress,non_oracle_controlled_stress,True,train_on_variant,train_clean_eval_all,train_on_variant - train_clean_eval_all,0.43063980263938983,0.4294401489071168,0.0011996537322730317,0.0034442697263324783,-0.0008000264428934756,0.004249604656964334,5,5,1,paired_protocol_crossed_training_graph_seed_bootstrap,clean
yelpchi,r40_s0,noise_edges_uniform,0.0,sage,f1_macro,False,non_oracle_controlled_stress,non_oracle_controlled_stress,non_oracle_controlled_stress,True,train_on_variant,train_clean_eval_all,train_on_variant - train_clean_eval_all,0.6708008636264987,0.6706504896075932,0.00015037401890545256,0.0004284303391555302,-0.00020755708335713497,0.00044391673772068574,5,5,1,paired_protocol_crossed_training_graph_seed_bootstrap,clean
yelpchi,r40_s0,noise_edges_uniform,0.0,pmp,roc_auc,False,non_oracle_controlled_stress,non_oracle_controlled_stress,non_oracle_controlled_stress,True,train_on_variant,train_clean_eval_all,train_on_variant - train_clean_eval_all,0.8465935467722904,0.8465935467722904,0.0,0.0,0.0,0.0,5,5,1,paired_protocol_crossed_training_graph_seed_bootstrap,clean
yelpchi,r40_s0,noise_edges_uniform,0.0,pmp,average_precision,False,non_oracle_controlled_stress,non_oracle_controlled_stress,non_oracle_controlled_stress,True,train_on_variant,train_clean_eval_all,train_on_variant - train_clean_eval_all,0.5573005662067334,0.5573005662067334,0.0,0.0,0.0,0.0,5,5,1,paired_protocol_crossed_training_graph_seed_bootstrap,clean
yelpchi,r40_s0,noise_edges_uniform,0.0,pmp,f1_macro,False,non_oracle_controlled_stress,non_oracle_controlled_stress,non_oracle_controlled_stress,True,train_on_variant,train_clean_eval_all,train_on_variant - train_clean_eval_all,0.7180227604746475,0.7180227604746475,0.0,0.0,0.0,0.0,5,5,1,paired_protocol_crossed_training_graph_seed_bootstrap,clean
yelpchi,r40_s0,noise_edges_uniform,0.0,secgfd,roc_auc,False,non_oracle_controlled_stress,non_oracle_controlled_stress,non_oracle_controlled_stress,True,train_on_variant,train_clean_eval_all,train_on_variant - train_clean_eval_all,0.8024072026834824,0.8029645568206764,-0.000557354137194066,0.0009469138594290189,-0.0012218625376538394,0.0002773491331999445,5,5,1,paired_protocol_crossed_training_graph_seed_bootstrap,clean
yelpchi,r40_s0,noise_edges_uniform,0.0,secgfd,average_precision,False,non_oracle_controlled_stress,non_oracle_controlled_stress,non_oracle_controlled_stress,True,train_on_variant,train_clean_eval_all,train_on_variant - train_clean_eval_all,0.4490118904367483,0.45104574600768627,-0.0020338555709380037,0.002417253544439178,-0.003974172732550463,-0.00025195747980787385,5,5,1,paired_protocol_crossed_training_graph_seed_bootstrap,clean
yelpchi,r40_s0,noise_edges_uniform,0.0,secgfd,f1_macro,False,non_oracle_controlled_stress,non_oracle_controlled_stress,non_oracle_controlled_stress,True,train_on_variant,train_clean_eval_all,train_on_variant - train_clean_eval_all,0.6771689978312204,0.6783581022714416,-0.0011891044402212447,0.0011780076184808679,-0.0021000815251368985,-0.0002938407029182466,5,5,1,paired_protocol_crossed_training_graph_seed_bootstrap,clean
yelpchi,r40_s0,noise_edges_uniform,0.1,mlp,roc_auc,False,non_oracle_controlled_stress,non_oracle_controlled_stress,non_oracle_controlled_stress,True,train_on_variant,train_clean_eval_all,train_on_variant - train_clean_eval_all,0.7874991091518593,0.7874991091518593,0.0,0.0,0.0,0.0,10,5,2,paired_protocol_crossed_training_graph_seed_bootstrap,scenario
yelpchi,r40_s0,noise_edges_uniform,0.1,mlp,average_precision,False,non_oracle_controlled_stress,non_oracle_controlled_stress,non_oracle_controlled_stress,True,train_on_variant,train_clean_eval_all,train_on_variant - train_clean_eval_all,0.41124348128035476,0.41124348128035476,0.0,0.0,0.0,0.0,10,5,2,paired_protocol_crossed_training_graph_seed_bootstrap,scenario
yelpchi,r40_s0,noise_edges_uniform,0.1,mlp,f1_macro,False,non_oracle_controlled_stress,non_oracle_controlled_stress,non_oracle_controlled_stress,True,train_on_variant,train_clean_eval_all,train_on_variant - train_clean_eval_all,0.6582643139773169,0.6582643139773169,0.0,0.0,0.0,0.0,10,5,2,paired_protocol_crossed_training_graph_seed_bootstrap,scenario
yelpchi,r40_s0,noise_edges_uniform,0.1,sage,roc_auc,False,non_oracle_controlled_stress,non_oracle_controlled_stress,non_oracle_controlled_stress,True,train_on_variant,train_clean_eval_all,train_on_variant - train_clean_eval_all,0.7421573552710009,0.7904238517300938,-0.04826649645909299,0.07238003856711343,-0.11328158109061912,-0.0033695914084508893,10,5,2,paired_protocol_crossed_training_graph_seed_bootstrap,scenario
yelpchi,r40_s0,noise_edges_uniform,0.1,sage,average_precision,False,non_oracle_controlled_stress,non_oracle_controlled_stress,non_oracle_controlled_stress,True,train_on_variant,train_clean_eval_all,train_on_variant - train_clean_eval_all,0.36028583015030224,0.4236064479195803,-0.0633206177692781,0.09122278892027372,-0.15090355478120815,-0.004020287598934946,10,5,2,paired_protocol_crossed_training_graph_seed_bootstrap,scenario
yelpchi,r40_s0,noise_edges_uniform,0.1,sage,f1_macro,False,non_oracle_controlled_stress,non_oracle_controlled_stress,non_oracle_controlled_stress,True,train_on_variant,train_clean_eval_all,train_on_variant - train_clean_eval_all,0.6327340829539384,0.6662304633179763,-0.033496380364038014,0.0474515881237767,-0.07709591026781708,-0.002905603641072463,10,5,2,paired_protocol_crossed_training_graph_seed_bootstrap,scenario
yelpchi,r40_s0,noise_edges_uniform,0.1,pmp,roc_auc,False,non_oracle_controlled_stress,non_oracle_controlled_stress,non_oracle_controlled_stress,True,train_on_variant,train_clean_eval_all,train_on_variant - train_clean_eval_all,0.8386315617396825,0.8366863507582595,0.0019452109814230955,0.0034224852822214353,-0.0010705565066404966,0.004871257675585649,10,5,2,paired_protocol_crossed_training_graph_seed_bootstrap,scenario
yelpchi,r40_s0,noise_edges_uniform,0.1,pmp,average_precision,False,non_oracle_controlled_stress,non_oracle_controlled_stress,non_oracle_controlled_stress,True,train_on_variant,train_clean_eval_all,train_on_variant - train_clean_eval_all,0.5253697668334579,0.5264655448795087,-0.0010957780460506884,0.009824514229907495,-0.009098288262090267,0.007077331273564783,10,5,2,paired_protocol_crossed_training_graph_seed_bootstrap,scenario
yelpchi,r40_s0,noise_edges_uniform,0.1,pmp,f1_macro,False,non_oracle_controlled_stress,non_oracle_controlled_stress,non_oracle_controlled_stress,True,train_on_variant,train_clean_eval_all,train_on_variant - train_clean_eval_all,0.7097979292629053,0.7061997171849284,0.0035982120779768146,0.006733927130142064,-0.003806423299203954,0.008260493503820934,10,5,2,paired_protocol_crossed_training_graph_seed_bootstrap,scenario
yelpchi,r40_s0,noise_edges_uniform,0.1,secgfd,roc_auc,False,non_oracle_controlled_stress,non_oracle_controlled_stress,non_oracle_controlled_stress,True,train_on_variant,train_clean_eval_all,train_on_variant - train_clean_eval_all,0.8055673244905301,0.8013805061560941,0.004186818334436038,0.006201986573593296,-0.0007382934932070423,0.009356827591158093,10,5,2,paired_protocol_crossed_training_graph_seed_bootstrap,scenario
yelpchi,r40_s0,noise_edges_uniform,0.1,secgfd,average_precision,False,non_oracle_controlled_stress,non_oracle_controlled_stress,non_oracle_controlled_stress,True,train_on_variant,train_clean_eval_all,train_on_variant - train_clean_eval_all,0.4502772665342998,0.4434578313758437,0.006819435158456061,0.01830890704135601,-0.006668466771828479,0.020258145970313585,10,5,2,paired_protocol_crossed_training_graph_seed_bootstrap,scenario
yelpchi,r40_s0,noise_edges_uniform,0.1,secgfd,f1_macro,False,non_oracle_controlled_stress,non_oracle_controlled_stress,non_oracle_controlled_stress,True,train_on_variant,train_clean_eval_all,train_on_variant - train_clean_eval_all,0.6818247170532973,0.6773839157655974,0.00444080128769977,0.008097120732057763,-0.0013715088257534092,0.011177080786232186,10,5,2,paired_protocol_crossed_training_graph_seed_bootstrap,scenario
yelpchi,r40_s0,noise_edges_uniform,0.2,mlp,roc_auc,False,non_oracle_controlled_stress,non_oracle_controlled_stress,non_oracle_controlled_stress,True,train_on_variant,train_clean_eval_all,train_on_variant - train_clean_eval_all,0.7874991091518593,0.7874991091518593,0.0,0.0,0.0,0.0,10,5,2,paired_protocol_crossed_training_graph_seed_bootstrap,scenario
yelpchi,r40_s0,noise_edges_uniform,0.2,mlp,average_precision,False,non_oracle_controlled_stress,non_oracle_controlled_stress,non_oracle_controlled_stress,True,train_on_variant,train_clean_eval_all,train_on_variant - train_clean_eval_all,0.41124348128035476,0.41124348128035476,0.0,0.0,0.0,0.0,10,5,2,paired_protocol_crossed_training_graph_seed_bootstrap,scenario
yelpchi,r40_s0,noise_edges_uniform,0.2,mlp,f1_macro,False,non_oracle_controlled_stress,non_oracle_controlled_stress,non_oracle_controlled_stress,True,train_on_variant,train_clean_eval_all,train_on_variant - train_clean_eval_all,0.6582643139773169,0.6582643139773169,0.0,0.0,0.0,0.0,10,5,2,paired_protocol_crossed_training_graph_seed_bootstrap,scenario
yelpchi,r40_s0,noise_edges_uniform,0.2,sage,roc_auc,False,non_oracle_controlled_stress,non_oracle_controlled_stress,non_oracle_controlled_stress,True,train_on_variant,train_clean_eval_all,train_on_variant - train_clean_eval_all,0.730761814027876,0.7891686371719392,-0.05840682314406318,0.07221993862430165,-0.12333146275073321,-0.004063812214547468,10,5,2,paired_protocol_crossed_training_graph_seed_bootstrap,scenario
yelpchi,r40_s0,noise_edges_uniform,0.2,sage,average_precision,False,non_oracle_controlled_stress,non_oracle_controlled_stress,non_oracle_controlled_stress,True,train_on_variant,train_clean_eval_all,train_on_variant - train_clean_eval_all,0.343978485236066,0.4205309267278041,-0.07655244149173808,0.09326441774226828,-0.15252718465818477,-0.0037698231113970607,10,5,2,paired_protocol_crossed_training_graph_seed_bootstrap,scenario
yelpchi,r40_s0,noise_edges_uniform,0.2,sage,f1_macro,False,non_oracle_controlled_stress,non_oracle_controlled_stress,non_oracle_controlled_stress,True,train_on_variant,train_clean_eval_all,train_on_variant - train_clean_eval_all,0.6261194207966219,0.66555503476907,-0.03943561397244823,0.048459696976282635,-0.08145645930922915,-0.0023528162951886753,10,5,2,paired_protocol_crossed_training_graph_seed_bootstrap,scenario
yelpchi,r40_s0,noise_edges_uniform,0.2,pmp,roc_auc,False,non_oracle_controlled_stress,non_oracle_controlled_stress,non_oracle_controlled_stress,True,train_on_variant,train_clean_eval_all,train_on_variant - train_clean_eval_all,0.8376310940205892,0.8295355913364209,0.00809550268416831,0.006585738608032741,0.002487500495444972,0.012848275711020665,10,5,2,paired_protocol_crossed_training_graph_seed_bootstrap,scenario
yelpchi,r40_s0,noise_edges_uniform,0.2,pmp,average_precision,False,non_oracle_controlled_stress,non_oracle_controlled_stress,non_oracle_controlled_stress,True,train_on_variant,train_clean_eval_all,train_on_variant - train_clean_eval_all,0.5231140082324446,0.5078909515372958,0.01522305669514879,0.021131427458735457,-0.006778438691287403,0.037122262674516904,10,5,2,paired_protocol_crossed_training_graph_seed_bootstrap,scenario
yelpchi,r40_s0,noise_edges_uniform,0.2,pmp,f1_macro,False,non_oracle_controlled_stress,non_oracle_controlled_stress,non_oracle_controlled_stress,True,train_on_variant,train_clean_eval_all,train_on_variant - train_clean_eval_all,0.7070439361925935,0.6972645503607483,0.009779385831845278,0.007342092440768931,0.00292249721276396,0.01726541879283454,10,5,2,paired_protocol_crossed_training_graph_seed_bootstrap,scenario
yelpchi,r40_s0,noise_edges_uniform,0.2,secgfd,roc_auc,False,non_oracle_controlled_stress,non_oracle_controlled_stress,non_oracle_controlled_stress,True,train_on_variant,train_clean_eval_all,train_on_variant - train_clean_eval_all,0.8112215745602736,0.8003618498904685,0.010859724669804994,0.009235337799411642,0.0033773279719837234,0.01816077341839675,10,5,2,paired_protocol_crossed_training_graph_seed_bootstrap,scenario
yelpchi,r40_s0,noise_edges_uniform,0.2,secgfd,average_precision,False,non_oracle_controlled_stress,non_oracle_controlled_stress,non_oracle_controlled_stress,True,train_on_variant,train_clean_eval_all,train_on_variant - train_clean_eval_all,0.4612367082279091,0.4406929873060875,0.020543720921821645,0.02105635908784378,0.0036787230589436838,0.037408718784699604,10,5,2,paired_protocol_crossed_training_graph_seed_bootstrap,scenario
yelpchi,r40_s0,noise_edges_uniform,0.2,secgfd,f1_macro,False,non_oracle_controlled_stress,non_oracle_controlled_stress,non_oracle_controlled_stress,True,train_on_variant,train_clean_eval_all,train_on_variant - train_clean_eval_all,0.6881133845158318,0.6765361271010378,0.011577257414794196,0.010934158835901722,0.0028235360409877065,0.020330978788600684,10,5,2,paired_protocol_crossed_training_graph_seed_bootstrap,scenario
yelpchi,r40_s1,heterophily_rewire_oracle,0.0,mlp,roc_auc,True,oracle_protocol_comparison_diagnostic,oracle_privileged_training_diagnostic,oracle_shift_sensitivity_diagnostic,False,train_on_variant,train_clean_eval_all,train_on_variant - train_clean_eval_all,0.7797431422795957,0.7797431422795957,0.0,0.0,0.0,0.0,5,5,1,paired_protocol_crossed_training_graph_seed_bootstrap,clean
yelpchi,r40_s1,heterophily_rewire_oracle,0.0,mlp,average_precision,True,oracle_protocol_comparison_diagnostic,oracle_privileged_training_diagnostic,oracle_shift_sensitivity_diagnostic,False,train_on_variant,train_clean_eval_all,train_on_variant - train_clean_eval_all,0.4068835728789756,0.4068835728789756,0.0,0.0,0.0,0.0,5,5,1,paired_protocol_crossed_training_graph_seed_bootstrap,clean
yelpchi,r40_s1,heterophily_rewire_oracle,0.0,mlp,f1_macro,True,oracle_protocol_comparison_diagnostic,oracle_privileged_training_diagnostic,oracle_shift_sensitivity_diagnostic,False,train_on_variant,train_clean_eval_all,train_on_variant - train_clean_eval_all,0.6529410230883592,0.6529410230883592,0.0,0.0,0.0,0.0,5,5,1,paired_protocol_crossed_training_graph_seed_bootstrap,clean
yelpchi,r40_s1,heterophily_rewire_oracle,0.0,sage,roc_auc,True,oracle_protocol_comparison_diagnostic,oracle_privileged_training_diagnostic,oracle_shift_sensitivity_diagnostic,False,train_on_variant,train_clean_eval_all,train_on_variant - train_clean_eval_all,0.7494028649676208,0.7495764898410917,-0.00017362487347096777,0.0007971912304377194,-0.0008631794455894682,0.0004070777622771598,5,5,1,paired_protocol_crossed_training_graph_seed_bootstrap,clean
yelpchi,r40_s1,heterophily_rewire_oracle,0.0,sage,average_precision,True,oracle_protocol_comparison_diagnostic,oracle_privileged_training_diagnostic,oracle_shift_sensitivity_diagnostic,False,train_on_variant,train_clean_eval_all,train_on_variant - train_clean_eval_all,0.38337358882194267,0.38342701738238927,-5.342856044658895e-05,0.0022048287296140994,-0.0019750908342098306,0.001463601892358579,5,5,1,paired_protocol_crossed_training_graph_seed_bootstrap,clean
yelpchi,r40_s1,heterophily_rewire_oracle,0.0,sage,f1_macro,True,oracle_protocol_comparison_diagnostic,oracle_privileged_training_diagnostic,oracle_shift_sensitivity_diagnostic,False,train_on_variant,train_clean_eval_all,train_on_variant - train_clean_eval_all,0.6401908419116407,0.6389820864200455,0.0012087554915951593,0.002912094199539548,-0.0006173317310699033,0.003821802416477049,5,5,1,paired_protocol_crossed_training_graph_seed_bootstrap,clean
yelpchi,r40_s1,heterophily_rewire_oracle,0.0,pmp,roc_auc,True,oracle_protocol_comparison_diagnostic,oracle_privileged_training_diagnostic,oracle_shift_sensitivity_diagnostic,False,train_on_variant,train_clean_eval_all,train_on_variant - train_clean_eval_all,0.8451136884200032,0.8451136884200032,0.0,0.0,0.0,0.0,5,5,1,paired_protocol_crossed_training_graph_seed_bootstrap,clean
yelpchi,r40_s1,heterophily_rewire_oracle,0.0,pmp,average_precision,True,oracle_protocol_comparison_diagnostic,oracle_privileged_training_diagnostic,oracle_shift_sensitivity_diagnostic,False,train_on_variant,train_clean_eval_all,train_on_variant - train_clean_eval_all,0.5522394269132922,0.5522394269132922,0.0,0.0,0.0,0.0,5,5,1,paired_protocol_crossed_training_graph_seed_bootstrap,clean
yelpchi,r40_s1,heterophily_rewire_oracle,0.0,pmp,f1_macro,True,oracle_protocol_comparison_diagnostic,oracle_privileged_training_diagnostic,oracle_shift_sensitivity_diagnostic,False,train_on_variant,train_clean_eval_all,train_on_variant - train_clean_eval_all,0.7175168767074801,0.7175168767074801,0.0,0.0,0.0,0.0,5,5,1,paired_protocol_crossed_training_graph_seed_bootstrap,clean
yelpchi,r40_s1,heterophily_rewire_oracle,0.0,secgfd,roc_auc,True,oracle_protocol_comparison_diagnostic,oracle_privileged_training_diagnostic,oracle_shift_sensitivity_diagnostic,False,train_on_variant,train_clean_eval_all,train_on_variant - train_clean_eval_all,0.7964928142378684,0.7998226116504263,-0.003329797412557789,0.004620747439963612,-0.006855893451132378,0.0003362070411112583,5,5,1,paired_protocol_crossed_training_graph_seed_bootstrap,clean
yelpchi,r40_s1,heterophily_rewire_oracle,0.0,secgfd,average_precision,True,oracle_protocol_comparison_diagnostic,oracle_privileged_training_diagnostic,oracle_shift_sensitivity_diagnostic,False,train_on_variant,train_clean_eval_all,train_on_variant - train_clean_eval_all,0.4456039405696373,0.45127889782869746,-0.0056749572590602095,0.007340165330289257,-0.011440556563899872,-0.00010083562782269296,5,5,1,paired_protocol_crossed_training_graph_seed_bootstrap,clean
yelpchi,r40_s1,heterophily_rewire_oracle,0.0,secgfd,f1_macro,True,oracle_protocol_comparison_diagnostic,oracle_privileged_training_diagnostic,oracle_shift_sensitivity_diagnostic,False,train_on_variant,train_clean_eval_all,train_on_variant - train_clean_eval_all,0.6725465837860035,0.6741708069272654,-0.0016242231412618047,0.004057959037627552,-0.004686303645390244,0.0015049623900827535,5,5,1,paired_protocol_crossed_training_graph_seed_bootstrap,clean
yelpchi,r40_s1,heterophily_rewire_oracle,0.15,mlp,roc_auc,True,oracle_protocol_comparison_diagnostic,oracle_privileged_training_diagnostic,oracle_shift_sensitivity_diagnostic,False,train_on_variant,train_clean_eval_all,train_on_variant - train_clean_eval_all,0.7797431422795957,0.7797431422795957,0.0,0.0,0.0,0.0,10,5,2,paired_protocol_crossed_training_graph_seed_bootstrap,scenario
yelpchi,r40_s1,heterophily_rewire_oracle,0.15,mlp,average_precision,True,oracle_protocol_comparison_diagnostic,oracle_privileged_training_diagnostic,oracle_shift_sensitivity_diagnostic,False,train_on_variant,train_clean_eval_all,train_on_variant - train_clean_eval_all,0.4068835728789755,0.4068835728789755,0.0,0.0,0.0,0.0,10,5,2,paired_protocol_crossed_training_graph_seed_bootstrap,scenario
yelpchi,r40_s1,heterophily_rewire_oracle,0.15,mlp,f1_macro,True,oracle_protocol_comparison_diagnostic,oracle_privileged_training_diagnostic,oracle_shift_sensitivity_diagnostic,False,train_on_variant,train_clean_eval_all,train_on_variant - train_clean_eval_all,0.6529410230883592,0.6529410230883592,0.0,0.0,0.0,0.0,10,5,2,paired_protocol_crossed_training_graph_seed_bootstrap,scenario
yelpchi,r40_s1,heterophily_rewire_oracle,0.15,sage,roc_auc,True,oracle_protocol_comparison_diagnostic,oracle_privileged_training_diagnostic,oracle_shift_sensitivity_diagnostic,False,train_on_variant,train_clean_eval_all,train_on_variant - train_clean_eval_all,0.8426233831820829,0.7411602365692496,0.1014631466128334,0.05973422600494769,0.06554864431015767,0.15759148629294364,10,5,2,paired_protocol_crossed_training_graph_seed_bootstrap,scenario
yelpchi,r40_s1,heterophily_rewire_oracle,0.15,sage,average_precision,True,oracle_protocol_comparison_diagnostic,oracle_privileged_training_diagnostic,oracle_shift_sensitivity_diagnostic,False,train_on_variant,train_clean_eval_all,train_on_variant - train_clean_eval_all,0.5107343363243546,0.36724595660663906,0.14348837971771541,0.08061294995608609,0.09230811186301947,0.21934212388997185,10,5,2,paired_protocol_crossed_training_graph_seed_bootstrap,scenario
yelpchi,r40_s1,heterophily_rewire_oracle,0.15,sage,f1_macro,True,oracle_protocol_comparison_diagnostic,oracle_privileged_training_diagnostic,oracle_shift_sensitivity_diagnostic,False,train_on_variant,train_clean_eval_all,train_on_variant - train_clean_eval_all,0.7050733279388781,0.6312986087537668,0.07377471918511147,0.03900020853041038,0.04968660278802804,0.10962539555410422,10,5,2,paired_protocol_crossed_training_graph_seed_bootstrap,scenario
yelpchi,r40_s1,heterophily_rewire_oracle,0.15,pmp,roc_auc,True,oracle_protocol_comparison_diagnostic,oracle_privileged_training_diagnostic,oracle_shift_sensitivity_diagnostic,False,train_on_variant,train_clean_eval_all,train_on_variant - train_clean_eval_all,0.873406858635072,0.787227295663256,0.08617956297181605,0.007369213323058481,0.08014730775449476,0.09218090915292636,10,5,2,paired_protocol_crossed_training_graph_seed_bootstrap,scenario
yelpchi,r40_s1,heterophily_rewire_oracle,0.15,pmp,average_precision,True,oracle_protocol_comparison_diagnostic,oracle_privileged_training_diagnostic,oracle_shift_sensitivity_diagnostic,False,train_on_variant,train_clean_eval_all,train_on_variant - train_clean_eval_all,0.5746607169350427,0.4161720325237342,0.15848868441130842,0.013624832484319054,0.14896135073989497,0.16907605377718354,10,5,2,paired_protocol_crossed_training_graph_seed_bootstrap,scenario
yelpchi,r40_s1,heterophily_rewire_oracle,0.15,pmp,f1_macro,True,oracle_protocol_comparison_diagnostic,oracle_privileged_training_diagnostic,oracle_shift_sensitivity_diagnostic,False,train_on_variant,train_clean_eval_all,train_on_variant - train_clean_eval_all,0.7332566848134927,0.6561219276687009,0.07713475714479176,0.006211788282640141,0.07078838294580196,0.08333865282315454,10,5,2,paired_protocol_crossed_training_graph_seed_bootstrap,scenario
yelpchi,r40_s1,heterophily_rewire_oracle,0.15,secgfd,roc_auc,True,oracle_protocol_comparison_diagnostic,oracle_privileged_training_diagnostic,oracle_shift_sensitivity_diagnostic,False,train_on_variant,train_clean_eval_all,train_on_variant - train_clean_eval_all,0.9982824400206715,0.6492741481300384,0.3490082918906332,0.027249749281553652,0.32690640072959987,0.37109457772654786,10,5,2,paired_protocol_crossed_training_graph_seed_bootstrap,scenario
yelpchi,r40_s1,heterophily_rewire_oracle,0.15,secgfd,average_precision,True,oracle_protocol_comparison_diagnostic,oracle_privileged_training_diagnostic,oracle_shift_sensitivity_diagnostic,False,train_on_variant,train_clean_eval_all,train_on_variant - train_clean_eval_all,0.9944519861693536,0.23782277920080935,0.7566292069685441,0.032513374777391114,0.7313866927278173,0.7818807390432522,10,5,2,paired_protocol_crossed_training_graph_seed_bootstrap,scenario
yelpchi,r40_s1,heterophily_rewire_oracle,0.15,secgfd,f1_macro,True,oracle_protocol_comparison_diagnostic,oracle_privileged_training_diagnostic,oracle_shift_sensitivity_diagnostic,False,train_on_variant,train_clean_eval_all,train_on_variant - train_clean_eval_all,0.9864979888473835,0.5642905027967722,0.42220748605061126,0.02289967311282451,0.4042658068081012,0.4411786080721899,10,5,2,paired_protocol_crossed_training_graph_seed_bootstrap,scenario
yelpchi,r40_s1,heterophily_rewire_oracle,0.3,mlp,roc_auc,True,oracle_protocol_comparison_diagnostic,oracle_privileged_training_diagnostic,oracle_shift_sensitivity_diagnostic,False,train_on_variant,train_clean_eval_all,train_on_variant - train_clean_eval_all,0.7797431422795957,0.7797431422795957,0.0,0.0,0.0,0.0,10,5,2,paired_protocol_crossed_training_graph_seed_bootstrap,scenario
yelpchi,r40_s1,heterophily_rewire_oracle,0.3,mlp,average_precision,True,oracle_protocol_comparison_diagnostic,oracle_privileged_training_diagnostic,oracle_shift_sensitivity_diagnostic,False,train_on_variant,train_clean_eval_all,train_on_variant - train_clean_eval_all,0.4068835728789755,0.4068835728789755,0.0,0.0,0.0,0.0,10,5,2,paired_protocol_crossed_training_graph_seed_bootstrap,scenario
yelpchi,r40_s1,heterophily_rewire_oracle,0.3,mlp,f1_macro,True,oracle_protocol_comparison_diagnostic,oracle_privileged_training_diagnostic,oracle_shift_sensitivity_diagnostic,False,train_on_variant,train_clean_eval_all,train_on_variant - train_clean_eval_all,0.6529410230883592,0.6529410230883592,0.0,0.0,0.0,0.0,10,5,2,paired_protocol_crossed_training_graph_seed_bootstrap,scenario
yelpchi,r40_s1,heterophily_rewire_oracle,0.3,sage,roc_auc,True,oracle_protocol_comparison_diagnostic,oracle_privileged_training_diagnostic,oracle_shift_sensitivity_diagnostic,False,train_on_variant,train_clean_eval_all,train_on_variant - train_clean_eval_all,0.881889713524199,0.7396416179860239,0.14224809553817516,0.038856189696732185,0.12017331331481636,0.17864707512165076,10,5,2,paired_protocol_crossed_training_graph_seed_bootstrap,scenario
yelpchi,r40_s1,heterophily_rewire_oracle,0.3,sage,average_precision,True,oracle_protocol_comparison_diagnostic,oracle_privileged_training_diagnostic,oracle_shift_sensitivity_diagnostic,False,train_on_variant,train_clean_eval_all,train_on_variant - train_clean_eval_all,0.6217972186718967,0.36165803991030276,0.260139178761594,0.07990203916979562,0.19084114311145908,0.32163022582783435,10,5,2,paired_protocol_crossed_training_graph_seed_bootstrap,scenario
yelpchi,r40_s1,heterophily_rewire_oracle,0.3,sage,f1_macro,True,oracle_protocol_comparison_diagnostic,oracle_privileged_training_diagnostic,oracle_shift_sensitivity_diagnostic,False,train_on_variant,train_clean_eval_all,train_on_variant - train_clean_eval_all,0.7536291860389855,0.630002867675596,0.12362631836338948,0.03346488044887023,0.09696066884876557,0.15052604947079878,10,5,2,paired_protocol_crossed_training_graph_seed_bootstrap,scenario
yelpchi,r40_s1,heterophily_rewire_oracle,0.3,pmp,roc_auc,True,oracle_protocol_comparison_diagnostic,oracle_privileged_training_diagnostic,oracle_shift_sensitivity_diagnostic,False,train_on_variant,train_clean_eval_all,train_on_variant - train_clean_eval_all,0.8932049903026178,0.7638463692840897,0.12935862101852807,0.02218571603100043,0.10608525502457404,0.14204010167197423,10,5,2,paired_protocol_crossed_training_graph_seed_bootstrap,scenario
yelpchi,r40_s1,heterophily_rewire_oracle,0.3,pmp,average_precision,True,oracle_protocol_comparison_diagnostic,oracle_privileged_training_diagnostic,oracle_shift_sensitivity_diagnostic,False,train_on_variant,train_clean_eval_all,train_on_variant - train_clean_eval_all,0.6178050273688724,0.3753585742593924,0.24244645310948001,0.047979230220652695,0.1957822365336604,0.27353878186004565,10,5,2,paired_protocol_crossed_training_graph_seed_bootstrap,scenario
yelpchi,r40_s1,heterophily_rewire_oracle,0.3,pmp,f1_macro,True,oracle_protocol_comparison_diagnostic,oracle_privileged_training_diagnostic,oracle_shift_sensitivity_diagnostic,False,train_on_variant,train_clean_eval_all,train_on_variant - train_clean_eval_all,0.7559292380107606,0.6384915969092365,0.11743764110152415,0.0205633623345733,0.09769364311214397,0.13036316990793126,10,5,2,paired_protocol_crossed_training_graph_seed_bootstrap,scenario
yelpchi,r40_s1,heterophily_rewire_oracle,0.3,secgfd,roc_auc,True,oracle_protocol_comparison_diagnostic,oracle_privileged_training_diagnostic,oracle_shift_sensitivity_diagnostic,False,train_on_variant,train_clean_eval_all,train_on_variant - train_clean_eval_all,0.9999999952361062,0.46142531915230134,0.5385746760838048,0.055655122091744905,0.4898015716752594,0.5762754622977824,10,5,2,paired_protocol_crossed_training_graph_seed_bootstrap,scenario
yelpchi,r40_s1,heterophily_rewire_oracle,0.3,secgfd,average_precision,True,oracle_protocol_comparison_diagnostic,oracle_privileged_training_diagnostic,oracle_shift_sensitivity_diagnostic,False,train_on_variant,train_clean_eval_all,train_on_variant - train_clean_eval_all,0.9999999720081154,0.13138781348322387,0.8686121585248916,0.020367617982477694,0.8495770179672011,0.8821716401724314,10,5,2,paired_protocol_crossed_training_graph_seed_bootstrap,scenario
yelpchi,r40_s1,heterophily_rewire_oracle,0.3,secgfd,f1_macro,True,oracle_protocol_comparison_diagnostic,oracle_privileged_training_diagnostic,oracle_shift_sensitivity_diagnostic,False,train_on_variant,train_clean_eval_all,train_on_variant - train_clean_eval_all,0.999868559406103,0.47163829511002875,0.5282302642960742,0.022112348758483495,0.5087036993754513,0.5450750825695629,10,5,2,paired_protocol_crossed_training_graph_seed_bootstrap,scenario
yelpchi,r40_s1,heterophily_rewire_nonoracle,0.0,mlp,roc_auc,False,non_oracle_controlled_stress,non_oracle_controlled_stress,non_oracle_controlled_stress,True,train_on_variant,train_clean_eval_all,train_on_variant - train_clean_eval_all,0.7797431422795957,0.7797431422795957,0.0,0.0,0.0,0.0,5,5,1,paired_protocol_crossed_training_graph_seed_bootstrap,clean
yelpchi,r40_s1,heterophily_rewire_nonoracle,0.0,mlp,average_precision,False,non_oracle_controlled_stress,non_oracle_controlled_stress,non_oracle_controlled_stress,True,train_on_variant,train_clean_eval_all,train_on_variant - train_clean_eval_all,0.4068835728789756,0.4068835728789756,0.0,0.0,0.0,0.0,5,5,1,paired_protocol_crossed_training_graph_seed_bootstrap,clean
yelpchi,r40_s1,heterophily_rewire_nonoracle,0.0,mlp,f1_macro,False,non_oracle_controlled_stress,non_oracle_controlled_stress,non_oracle_controlled_stress,True,train_on_variant,train_clean_eval_all,train_on_variant - train_clean_eval_all,0.6529410230883592,0.6529410230883592,0.0,0.0,0.0,0.0,5,5,1,paired_protocol_crossed_training_graph_seed_bootstrap,clean
yelpchi,r40_s1,heterophily_rewire_nonoracle,0.0,sage,roc_auc,False,non_oracle_controlled_stress,non_oracle_controlled_stress,non_oracle_controlled_stress,True,train_on_variant,train_clean_eval_all,train_on_variant - train_clean_eval_all,0.7494028649676208,0.7495764898410917,-0.00017362487347096777,0.0007971912304377194,-0.0008631794455894682,0.0004070777622771598,5,5,1,paired_protocol_crossed_training_graph_seed_bootstrap,clean
yelpchi,r40_s1,heterophily_rewire_nonoracle,0.0,sage,average_precision,False,non_oracle_controlled_stress,non_oracle_controlled_stress,non_oracle_controlled_stress,True,train_on_variant,train_clean_eval_all,train_on_variant - train_clean_eval_all,0.38337358882194267,0.38342701738238927,-5.342856044658895e-05,0.0022048287296140994,-0.0019750908342098306,0.001463601892358579,5,5,1,paired_protocol_crossed_training_graph_seed_bootstrap,clean
yelpchi,r40_s1,heterophily_rewire_nonoracle,0.0,sage,f1_macro,False,non_oracle_controlled_stress,non_oracle_controlled_stress,non_oracle_controlled_stress,True,train_on_variant,train_clean_eval_all,train_on_variant - train_clean_eval_all,0.6401908419116407,0.6389820864200455,0.0012087554915951593,0.002912094199539548,-0.0006173317310699033,0.003821802416477049,5,5,1,paired_protocol_crossed_training_graph_seed_bootstrap,clean
yelpchi,r40_s1,heterophily_rewire_nonoracle,0.0,pmp,roc_auc,False,non_oracle_controlled_stress,non_oracle_controlled_stress,non_oracle_controlled_stress,True,train_on_variant,train_clean_eval_all,train_on_variant - train_clean_eval_all,0.8451136884200032,0.8451136884200032,0.0,0.0,0.0,0.0,5,5,1,paired_protocol_crossed_training_graph_seed_bootstrap,clean
yelpchi,r40_s1,heterophily_rewire_nonoracle,0.0,pmp,average_precision,False,non_oracle_controlled_stress,non_oracle_controlled_stress,non_oracle_controlled_stress,True,train_on_variant,train_clean_eval_all,train_on_variant - train_clean_eval_all,0.5522394269132922,0.5522394269132922,0.0,0.0,0.0,0.0,5,5,1,paired_protocol_crossed_training_graph_seed_bootstrap,clean
yelpchi,r40_s1,heterophily_rewire_nonoracle,0.0,pmp,f1_macro,False,non_oracle_controlled_stress,non_oracle_controlled_stress,non_oracle_controlled_stress,True,train_on_variant,train_clean_eval_all,train_on_variant - train_clean_eval_all,0.7175168767074801,0.7175168767074801,0.0,0.0,0.0,0.0,5,5,1,paired_protocol_crossed_training_graph_seed_bootstrap,clean
yelpchi,r40_s1,heterophily_rewire_nonoracle,0.0,secgfd,roc_auc,False,non_oracle_controlled_stress,non_oracle_controlled_stress,non_oracle_controlled_stress,True,train_on_variant,train_clean_eval_all,train_on_variant - train_clean_eval_all,0.7964928142378684,0.7998226116504263,-0.003329797412557789,0.004620747439963612,-0.006855893451132378,0.0003362070411112583,5,5,1,paired_protocol_crossed_training_graph_seed_bootstrap,clean
yelpchi,r40_s1,heterophily_rewire_nonoracle,0.0,secgfd,average_precision,False,non_oracle_controlled_stress,non_oracle_controlled_stress,non_oracle_controlled_stress,True,train_on_variant,train_clean_eval_all,train_on_variant - train_clean_eval_all,0.4456039405696373,0.45127889782869746,-0.0056749572590602095,0.007340165330289257,-0.011440556563899872,-0.00010083562782269296,5,5,1,paired_protocol_crossed_training_graph_seed_bootstrap,clean
yelpchi,r40_s1,heterophily_rewire_nonoracle,0.0,secgfd,f1_macro,False,non_oracle_controlled_stress,non_oracle_controlled_stress,non_oracle_controlled_stress,True,train_on_variant,train_clean_eval_all,train_on_variant - train_clean_eval_all,0.6725465837860035,0.6741708069272654,-0.0016242231412618047,0.004057959037627552,-0.004686303645390244,0.0015049623900827535,5,5,1,paired_protocol_crossed_training_graph_seed_bootstrap,clean
yelpchi,r40_s1,heterophily_rewire_nonoracle,0.15,mlp,roc_auc,False,non_oracle_controlled_stress,non_oracle_controlled_stress,non_oracle_controlled_stress,True,train_on_variant,train_clean_eval_all,train_on_variant - train_clean_eval_all,0.7797431422795957,0.7797431422795957,0.0,0.0,0.0,0.0,10,5,2,paired_protocol_crossed_training_graph_seed_bootstrap,scenario
yelpchi,r40_s1,heterophily_rewire_nonoracle,0.15,mlp,average_precision,False,non_oracle_controlled_stress,non_oracle_controlled_stress,non_oracle_controlled_stress,True,train_on_variant,train_clean_eval_all,train_on_variant - train_clean_eval_all,0.4068835728789755,0.4068835728789755,0.0,0.0,0.0,0.0,10,5,2,paired_protocol_crossed_training_graph_seed_bootstrap,scenario
yelpchi,r40_s1,heterophily_rewire_nonoracle,0.15,mlp,f1_macro,False,non_oracle_controlled_stress,non_oracle_controlled_stress,non_oracle_controlled_stress,True,train_on_variant,train_clean_eval_all,train_on_variant - train_clean_eval_all,0.6529410230883592,0.6529410230883592,0.0,0.0,0.0,0.0,10,5,2,paired_protocol_crossed_training_graph_seed_bootstrap,scenario
yelpchi,r40_s1,heterophily_rewire_nonoracle,0.15,sage,roc_auc,False,non_oracle_controlled_stress,non_oracle_controlled_stress,non_oracle_controlled_stress,True,train_on_variant,train_clean_eval_all,train_on_variant - train_clean_eval_all,0.7449755652741106,0.7461867709813317,-0.001211205707221008,0.0016927693972083743,-0.002658495818635126,0.00043820450843470176,10,5,2,paired_protocol_crossed_training_graph_seed_bootstrap,scenario
yelpchi,r40_s1,heterophily_rewire_nonoracle,0.15,sage,average_precision,False,non_oracle_controlled_stress,non_oracle_controlled_stress,non_oracle_controlled_stress,True,train_on_variant,train_clean_eval_all,train_on_variant - train_clean_eval_all,0.3760858150991207,0.37954985365167826,-0.003464038552557677,0.004496190518852561,-0.006985907304074818,0.0007507952411713481,10,5,2,paired_protocol_crossed_training_graph_seed_bootstrap,scenario
yelpchi,r40_s1,heterophily_rewire_nonoracle,0.15,sage,f1_macro,False,non_oracle_controlled_stress,non_oracle_controlled_stress,non_oracle_controlled_stress,True,train_on_variant,train_clean_eval_all,train_on_variant - train_clean_eval_all,0.6356015613104551,0.6368334723041572,-0.0012319109937021454,0.003684438967841128,-0.004021485872080626,0.001790809369615416,10,5,2,paired_protocol_crossed_training_graph_seed_bootstrap,scenario
yelpchi,r40_s1,heterophily_rewire_nonoracle,0.15,pmp,roc_auc,False,non_oracle_controlled_stress,non_oracle_controlled_stress,non_oracle_controlled_stress,True,train_on_variant,train_clean_eval_all,train_on_variant - train_clean_eval_all,0.8327284672952976,0.8280044877785162,0.0047239795167811184,0.006312398904784492,0.0002950922556617996,0.010297716982500172,10,5,2,paired_protocol_crossed_training_graph_seed_bootstrap,scenario
yelpchi,r40_s1,heterophily_rewire_nonoracle,0.15,pmp,average_precision,False,non_oracle_controlled_stress,non_oracle_controlled_stress,non_oracle_controlled_stress,True,train_on_variant,train_clean_eval_all,train_on_variant - train_clean_eval_all,0.5135972367871746,0.5084154902817551,0.005181746505419488,0.015659625346383002,-0.005727469245093553,0.02303684646440286,10,5,2,paired_protocol_crossed_training_graph_seed_bootstrap,scenario
yelpchi,r40_s1,heterophily_rewire_nonoracle,0.15,pmp,f1_macro,False,non_oracle_controlled_stress,non_oracle_controlled_stress,non_oracle_controlled_stress,True,train_on_variant,train_clean_eval_all,train_on_variant - train_clean_eval_all,0.7042078159753844,0.6979944102853158,0.006213405690068496,0.005640207668404041,0.0026110018777827926,0.010809545604181616,10,5,2,paired_protocol_crossed_training_graph_seed_bootstrap,scenario
yelpchi,r40_s1,heterophily_rewire_nonoracle,0.15,secgfd,roc_auc,False,non_oracle_controlled_stress,non_oracle_controlled_stress,non_oracle_controlled_stress,True,train_on_variant,train_clean_eval_all,train_on_variant - train_clean_eval_all,0.7997966293736356,0.7971955695597094,0.002601059813926121,0.01014543436031282,-0.005521645626850309,0.010121283019500682,10,5,2,paired_protocol_crossed_training_graph_seed_bootstrap,scenario
yelpchi,r40_s1,heterophily_rewire_nonoracle,0.15,secgfd,average_precision,False,non_oracle_controlled_stress,non_oracle_controlled_stress,non_oracle_controlled_stress,True,train_on_variant,train_clean_eval_all,train_on_variant - train_clean_eval_all,0.4530758201692005,0.44825219377571546,0.004823626393485015,0.015777792879695947,-0.008069757671950051,0.01669350262323791,10,5,2,paired_protocol_crossed_training_graph_seed_bootstrap,scenario
yelpchi,r40_s1,heterophily_rewire_nonoracle,0.15,secgfd,f1_macro,False,non_oracle_controlled_stress,non_oracle_controlled_stress,non_oracle_controlled_stress,True,train_on_variant,train_clean_eval_all,train_on_variant - train_clean_eval_all,0.6769173204035177,0.6730341882871855,0.003883132116332122,0.009914694925962338,-0.0035405959958971557,0.011422377837211829,10,5,2,paired_protocol_crossed_training_graph_seed_bootstrap,scenario
yelpchi,r40_s1,heterophily_rewire_nonoracle,0.3,mlp,roc_auc,False,non_oracle_controlled_stress,non_oracle_controlled_stress,non_oracle_controlled_stress,True,train_on_variant,train_clean_eval_all,train_on_variant - train_clean_eval_all,0.7797431422795957,0.7797431422795957,0.0,0.0,0.0,0.0,10,5,2,paired_protocol_crossed_training_graph_seed_bootstrap,scenario
yelpchi,r40_s1,heterophily_rewire_nonoracle,0.3,mlp,average_precision,False,non_oracle_controlled_stress,non_oracle_controlled_stress,non_oracle_controlled_stress,True,train_on_variant,train_clean_eval_all,train_on_variant - train_clean_eval_all,0.4068835728789755,0.4068835728789755,0.0,0.0,0.0,0.0,10,5,2,paired_protocol_crossed_training_graph_seed_bootstrap,scenario
yelpchi,r40_s1,heterophily_rewire_nonoracle,0.3,mlp,f1_macro,False,non_oracle_controlled_stress,non_oracle_controlled_stress,non_oracle_controlled_stress,True,train_on_variant,train_clean_eval_all,train_on_variant - train_clean_eval_all,0.6529410230883592,0.6529410230883592,0.0,0.0,0.0,0.0,10,5,2,paired_protocol_crossed_training_graph_seed_bootstrap,scenario
yelpchi,r40_s1,heterophily_rewire_nonoracle,0.3,sage,roc_auc,False,non_oracle_controlled_stress,non_oracle_controlled_stress,non_oracle_controlled_stress,True,train_on_variant,train_clean_eval_all,train_on_variant - train_clean_eval_all,0.7497635703326035,0.7444804156802229,0.005283154652380562,0.014321455351809573,-0.0027102006209068774,0.01872787832319703,10,5,2,paired_protocol_crossed_training_graph_seed_bootstrap,scenario
yelpchi,r40_s1,heterophily_rewire_nonoracle,0.3,sage,average_precision,False,non_oracle_controlled_stress,non_oracle_controlled_stress,non_oracle_controlled_stress,True,train_on_variant,train_clean_eval_all,train_on_variant - train_clean_eval_all,0.37581396743360884,0.3764274378974547,-0.0006134704638458222,0.01082145580916464,-0.008237553414514683,0.008555736973899702,10,5,2,paired_protocol_crossed_training_graph_seed_bootstrap,scenario
yelpchi,r40_s1,heterophily_rewire_nonoracle,0.3,sage,f1_macro,False,non_oracle_controlled_stress,non_oracle_controlled_stress,non_oracle_controlled_stress,True,train_on_variant,train_clean_eval_all,train_on_variant - train_clean_eval_all,0.635430123565891,0.6358499190446107,-0.0004197954787195868,0.006926638282705288,-0.005749171859728919,0.005291535401109403,10,5,2,paired_protocol_crossed_training_graph_seed_bootstrap,scenario
yelpchi,r40_s1,heterophily_rewire_nonoracle,0.3,pmp,roc_auc,False,non_oracle_controlled_stress,non_oracle_controlled_stress,non_oracle_controlled_stress,True,train_on_variant,train_clean_eval_all,train_on_variant - train_clean_eval_all,0.8301414014194117,0.8165092572937119,0.013632144125699708,0.006528042152882613,0.007495229555845038,0.01866165835335436,10,5,2,paired_protocol_crossed_training_graph_seed_bootstrap,scenario
yelpchi,r40_s1,heterophily_rewire_nonoracle,0.3,pmp,average_precision,False,non_oracle_controlled_stress,non_oracle_controlled_stress,non_oracle_controlled_stress,True,train_on_variant,train_clean_eval_all,train_on_variant - train_clean_eval_all,0.507707901356427,0.488514186117754,0.019193715238673054,0.013805801944524281,0.0038567064705886554,0.029960326668067073,10,5,2,paired_protocol_crossed_training_graph_seed_bootstrap,scenario
yelpchi,r40_s1,heterophily_rewire_nonoracle,0.3,pmp,f1_macro,False,non_oracle_controlled_stress,non_oracle_controlled_stress,non_oracle_controlled_stress,True,train_on_variant,train_clean_eval_all,train_on_variant - train_clean_eval_all,0.7008817575978508,0.6869056071464786,0.013976150451371938,0.005361466552974737,0.008570921079415794,0.01858023741995172,10,5,2,paired_protocol_crossed_training_graph_seed_bootstrap,scenario
yelpchi,r40_s1,heterophily_rewire_nonoracle,0.3,secgfd,roc_auc,False,non_oracle_controlled_stress,non_oracle_controlled_stress,non_oracle_controlled_stress,True,train_on_variant,train_clean_eval_all,train_on_variant - train_clean_eval_all,0.8024816587706715,0.7947667530900521,0.0077149056806194325,0.009431580356002514,0.00046153317728083734,0.014126622010561408,10,5,2,paired_protocol_crossed_training_graph_seed_bootstrap,scenario
yelpchi,r40_s1,heterophily_rewire_nonoracle,0.3,secgfd,average_precision,False,non_oracle_controlled_stress,non_oracle_controlled_stress,non_oracle_controlled_stress,True,train_on_variant,train_clean_eval_all,train_on_variant - train_clean_eval_all,0.45608766780988574,0.44293206630367415,0.013155601506211584,0.014281463942605101,0.0011708045263449708,0.02427105296248814,10,5,2,paired_protocol_crossed_training_graph_seed_bootstrap,scenario
yelpchi,r40_s1,heterophily_rewire_nonoracle,0.3,secgfd,f1_macro,False,non_oracle_controlled_stress,non_oracle_controlled_stress,non_oracle_controlled_stress,True,train_on_variant,train_clean_eval_all,train_on_variant - train_clean_eval_all,0.6803272362014078,0.6704676140260429,0.009859622175364813,0.009328355889089037,0.0030011419637923087,0.01642491260843957,10,5,2,paired_protocol_crossed_training_graph_seed_bootstrap,scenario
yelpchi,r40_s1,camouflage_feature_oracle,0.0,mlp,roc_auc,True,oracle_protocol_comparison_diagnostic,oracle_privileged_training_diagnostic,oracle_shift_sensitivity_diagnostic,False,train_on_variant,train_clean_eval_all,train_on_variant - train_clean_eval_all,0.7797431422795957,0.7797431422795957,0.0,0.0,0.0,0.0,5,5,1,paired_protocol_crossed_training_graph_seed_bootstrap,clean
yelpchi,r40_s1,camouflage_feature_oracle,0.0,mlp,average_precision,True,oracle_protocol_comparison_diagnostic,oracle_privileged_training_diagnostic,oracle_shift_sensitivity_diagnostic,False,train_on_variant,train_clean_eval_all,train_on_variant - train_clean_eval_all,0.4068835728789756,0.4068835728789756,0.0,0.0,0.0,0.0,5,5,1,paired_protocol_crossed_training_graph_seed_bootstrap,clean
yelpchi,r40_s1,camouflage_feature_oracle,0.0,mlp,f1_macro,True,oracle_protocol_comparison_diagnostic,oracle_privileged_training_diagnostic,oracle_shift_sensitivity_diagnostic,False,train_on_variant,train_clean_eval_all,train_on_variant - train_clean_eval_all,0.6529410230883592,0.6529410230883592,0.0,0.0,0.0,0.0,5,5,1,paired_protocol_crossed_training_graph_seed_bootstrap,clean
yelpchi,r40_s1,camouflage_feature_oracle,0.0,sage,roc_auc,True,oracle_protocol_comparison_diagnostic,oracle_privileged_training_diagnostic,oracle_shift_sensitivity_diagnostic,False,train_on_variant,train_clean_eval_all,train_on_variant - train_clean_eval_all,0.7494028649676208,0.7495764898410917,-0.00017362487347096777,0.0007971912304377194,-0.0008631794455894682,0.0004070777622771598,5,5,1,paired_protocol_crossed_training_graph_seed_bootstrap,clean
yelpchi,r40_s1,camouflage_feature_oracle,0.0,sage,average_precision,True,oracle_protocol_comparison_diagnostic,oracle_privileged_training_diagnostic,oracle_shift_sensitivity_diagnostic,False,train_on_variant,train_clean_eval_all,train_on_variant - train_clean_eval_all,0.38337358882194267,0.38342701738238927,-5.342856044658895e-05,0.0022048287296140994,-0.0019750908342098306,0.001463601892358579,5,5,1,paired_protocol_crossed_training_graph_seed_bootstrap,clean
yelpchi,r40_s1,camouflage_feature_oracle,0.0,sage,f1_macro,True,oracle_protocol_comparison_diagnostic,oracle_privileged_training_diagnostic,oracle_shift_sensitivity_diagnostic,False,train_on_variant,train_clean_eval_all,train_on_variant - train_clean_eval_all,0.6401908419116407,0.6389820864200455,0.0012087554915951593,0.002912094199539548,-0.0006173317310699033,0.003821802416477049,5,5,1,paired_protocol_crossed_training_graph_seed_bootstrap,clean
yelpchi,r40_s1,camouflage_feature_oracle,0.0,pmp,roc_auc,True,oracle_protocol_comparison_diagnostic,oracle_privileged_training_diagnostic,oracle_shift_sensitivity_diagnostic,False,train_on_variant,train_clean_eval_all,train_on_variant - train_clean_eval_all,0.8451136884200032,0.8451136884200032,0.0,0.0,0.0,0.0,5,5,1,paired_protocol_crossed_training_graph_seed_bootstrap,clean
yelpchi,r40_s1,camouflage_feature_oracle,0.0,pmp,average_precision,True,oracle_protocol_comparison_diagnostic,oracle_privileged_training_diagnostic,oracle_shift_sensitivity_diagnostic,False,train_on_variant,train_clean_eval_all,train_on_variant - train_clean_eval_all,0.5522394269132922,0.5522394269132922,0.0,0.0,0.0,0.0,5,5,1,paired_protocol_crossed_training_graph_seed_bootstrap,clean
yelpchi,r40_s1,camouflage_feature_oracle,0.0,pmp,f1_macro,True,oracle_protocol_comparison_diagnostic,oracle_privileged_training_diagnostic,oracle_shift_sensitivity_diagnostic,False,train_on_variant,train_clean_eval_all,train_on_variant - train_clean_eval_all,0.7175168767074801,0.7175168767074801,0.0,0.0,0.0,0.0,5,5,1,paired_protocol_crossed_training_graph_seed_bootstrap,clean
yelpchi,r40_s1,camouflage_feature_oracle,0.0,secgfd,roc_auc,True,oracle_protocol_comparison_diagnostic,oracle_privileged_training_diagnostic,oracle_shift_sensitivity_diagnostic,False,train_on_variant,train_clean_eval_all,train_on_variant - train_clean_eval_all,0.7964928142378684,0.7998226116504263,-0.003329797412557789,0.004620747439963612,-0.006855893451132378,0.0003362070411112583,5,5,1,paired_protocol_crossed_training_graph_seed_bootstrap,clean
yelpchi,r40_s1,camouflage_feature_oracle,0.0,secgfd,average_precision,True,oracle_protocol_comparison_diagnostic,oracle_privileged_training_diagnostic,oracle_shift_sensitivity_diagnostic,False,train_on_variant,train_clean_eval_all,train_on_variant - train_clean_eval_all,0.4456039405696373,0.45127889782869746,-0.0056749572590602095,0.007340165330289257,-0.011440556563899872,-0.00010083562782269296,5,5,1,paired_protocol_crossed_training_graph_seed_bootstrap,clean
yelpchi,r40_s1,camouflage_feature_oracle,0.0,secgfd,f1_macro,True,oracle_protocol_comparison_diagnostic,oracle_privileged_training_diagnostic,oracle_shift_sensitivity_diagnostic,False,train_on_variant,train_clean_eval_all,train_on_variant - train_clean_eval_all,0.6725465837860035,0.6741708069272654,-0.0016242231412618047,0.004057959037627552,-0.004686303645390244,0.0015049623900827535,5,5,1,paired_protocol_crossed_training_graph_seed_bootstrap,clean
yelpchi,r40_s1,camouflage_feature_oracle,0.15,mlp,roc_auc,True,oracle_protocol_comparison_diagnostic,oracle_privileged_training_diagnostic,oracle_shift_sensitivity_diagnostic,False,train_on_variant,train_clean_eval_all,train_on_variant - train_clean_eval_all,0.7346758291747716,0.736930708735914,-0.0022548795611424754,0.0015473834409012806,-0.0033708254355913924,-0.0009340783928261448,10,5,2,paired_protocol_crossed_training_graph_seed_bootstrap,scenario
yelpchi,r40_s1,camouflage_feature_oracle,0.15,mlp,average_precision,True,oracle_protocol_comparison_diagnostic,oracle_privileged_training_diagnostic,oracle_shift_sensitivity_diagnostic,False,train_on_variant,train_clean_eval_all,train_on_variant - train_clean_eval_all,0.361984727754094,0.3643428584156491,-0.0023581306615551856,0.00277829947484705,-0.005048002754835823,0.00010378491133925537,10,5,2,paired_protocol_crossed_training_graph_seed_bootstrap,scenario
yelpchi,r40_s1,camouflage_feature_oracle,0.15,mlp,f1_macro,True,oracle_protocol_comparison_diagnostic,oracle_privileged_training_diagnostic,oracle_shift_sensitivity_diagnostic,False,train_on_variant,train_clean_eval_all,train_on_variant - train_clean_eval_all,0.6330905889177731,0.6335463887833304,-0.0004557998655572937,0.0018395486325365044,-0.0019206995873789522,0.0011242049138349807,10,5,2,paired_protocol_crossed_training_graph_seed_bootstrap,scenario
yelpchi,r40_s1,camouflage_feature_oracle,0.15,sage,roc_auc,True,oracle_protocol_comparison_diagnostic,oracle_privileged_training_diagnostic,oracle_shift_sensitivity_diagnostic,False,train_on_variant,train_clean_eval_all,train_on_variant - train_clean_eval_all,0.7112532282526343,0.7114735214207533,-0.0002202931681189346,0.0070741055599208135,-0.005848478307514271,0.005698842795410971,10,5,2,paired_protocol_crossed_training_graph_seed_bootstrap,scenario
yelpchi,r40_s1,camouflage_feature_oracle,0.15,sage,average_precision,True,oracle_protocol_comparison_diagnostic,oracle_privileged_training_diagnostic,oracle_shift_sensitivity_diagnostic,False,train_on_variant,train_clean_eval_all,train_on_variant - train_clean_eval_all,0.34304988099028816,0.3457362262367181,-0.0026863452464299083,0.009392138057371848,-0.010188849780003898,0.004426359304187285,10,5,2,paired_protocol_crossed_training_graph_seed_bootstrap,scenario
yelpchi,r40_s1,camouflage_feature_oracle,0.15,sage,f1_macro,True,oracle_protocol_comparison_diagnostic,oracle_privileged_training_diagnostic,oracle_shift_sensitivity_diagnostic,False,train_on_variant,train_clean_eval_all,train_on_variant - train_clean_eval_all,0.620509955314768,0.6211277497990164,-0.0006177944842483574,0.008198916670124177,-0.007557629898797624,0.005597881189173051,10,5,2,paired_protocol_crossed_training_graph_seed_bootstrap,scenario
yelpchi,r40_s1,camouflage_feature_oracle,0.15,pmp,roc_auc,True,oracle_protocol_comparison_diagnostic,oracle_privileged_training_diagnostic,oracle_shift_sensitivity_diagnostic,False,train_on_variant,train_clean_eval_all,train_on_variant - train_clean_eval_all,0.7976047594538519,0.7990928914986981,-0.0014881320448461577,0.007140924179296841,-0.00894862912286427,0.0031371264916704167,10,5,2,paired_protocol_crossed_training_graph_seed_bootstrap,scenario
yelpchi,r40_s1,camouflage_feature_oracle,0.15,pmp,average_precision,True,oracle_protocol_comparison_diagnostic,oracle_privileged_training_diagnostic,oracle_shift_sensitivity_diagnostic,False,train_on_variant,train_clean_eval_all,train_on_variant - train_clean_eval_all,0.4862788508237477,0.49194678455129653,-0.005667933727548802,0.013959033417112845,-0.019290197663278684,0.003998572178543819,10,5,2,paired_protocol_crossed_training_graph_seed_bootstrap,scenario
yelpchi,r40_s1,camouflage_feature_oracle,0.15,pmp,f1_macro,True,oracle_protocol_comparison_diagnostic,oracle_privileged_training_diagnostic,oracle_shift_sensitivity_diagnostic,False,train_on_variant,train_clean_eval_all,train_on_variant - train_clean_eval_all,0.6883411866247592,0.6914903587964212,-0.00314917217166204,0.005169629907140934,-0.007229055132226248,0.0006429799386785007,10,5,2,paired_protocol_crossed_training_graph_seed_bootstrap,scenario
yelpchi,r40_s1,camouflage_feature_oracle,0.15,secgfd,roc_auc,True,oracle_protocol_comparison_diagnostic,oracle_privileged_training_diagnostic,oracle_shift_sensitivity_diagnostic,False,train_on_variant,train_clean_eval_all,train_on_variant - train_clean_eval_all,0.7494489901783755,0.755286832378395,-0.005837842200019516,0.0035328969952067115,-0.008185605780546857,-0.0029432947885097796,10,5,2,paired_protocol_crossed_training_graph_seed_bootstrap,scenario
yelpchi,r40_s1,camouflage_feature_oracle,0.15,secgfd,average_precision,True,oracle_protocol_comparison_diagnostic,oracle_privileged_training_diagnostic,oracle_shift_sensitivity_diagnostic,False,train_on_variant,train_clean_eval_all,train_on_variant - train_clean_eval_all,0.3967409826774856,0.40493155622150645,-0.008190573544020896,0.006383916903716608,-0.013441998892227705,-0.0013495547683125306,10,5,2,paired_protocol_crossed_training_graph_seed_bootstrap,scenario
yelpchi,r40_s1,camouflage_feature_oracle,0.15,secgfd,f1_macro,True,oracle_protocol_comparison_diagnostic,oracle_privileged_training_diagnostic,oracle_shift_sensitivity_diagnostic,False,train_on_variant,train_clean_eval_all,train_on_variant - train_clean_eval_all,0.6485515115436965,0.6528869080811482,-0.00433539653745173,0.004019265836905168,-0.007146674342517168,-0.0008674159641031132,10,5,2,paired_protocol_crossed_training_graph_seed_bootstrap,scenario
yelpchi,r40_s1,camouflage_feature_oracle,0.3,mlp,roc_auc,True,oracle_protocol_comparison_diagnostic,oracle_privileged_training_diagnostic,oracle_shift_sensitivity_diagnostic,False,train_on_variant,train_clean_eval_all,train_on_variant - train_clean_eval_all,0.691529818259357,0.6955934947029312,-0.004063676443574182,0.0175995861027642,-0.01802733475815051,0.00974632884815907,10,5,2,paired_protocol_crossed_training_graph_seed_bootstrap,scenario
yelpchi,r40_s1,camouflage_feature_oracle,0.3,mlp,average_precision,True,oracle_protocol_comparison_diagnostic,oracle_privileged_training_diagnostic,oracle_shift_sensitivity_diagnostic,False,train_on_variant,train_clean_eval_all,train_on_variant - train_clean_eval_all,0.3152556523858375,0.32131855457333425,-0.0060629021874966825,0.032883194893843386,-0.03156472951871002,0.021214379126184735,10,5,2,paired_protocol_crossed_training_graph_seed_bootstrap,scenario
yelpchi,r40_s1,camouflage_feature_oracle,0.3,mlp,f1_macro,True,oracle_protocol_comparison_diagnostic,oracle_privileged_training_diagnostic,oracle_shift_sensitivity_diagnostic,False,train_on_variant,train_clean_eval_all,train_on_variant - train_clean_eval_all,0.6076117233032662,0.6111859257124512,-0.003574202409185101,0.014417470499189936,-0.014462183435183951,0.008142489381769067,10,5,2,paired_protocol_crossed_training_graph_seed_bootstrap,scenario
yelpchi,r40_s1,camouflage_feature_oracle,0.3,sage,roc_auc,True,oracle_protocol_comparison_diagnostic,oracle_privileged_training_diagnostic,oracle_shift_sensitivity_diagnostic,False,train_on_variant,train_clean_eval_all,train_on_variant - train_clean_eval_all,0.6544335118110266,0.6742201386750429,-0.019786626864016377,0.07650245483737304,-0.08970707388684956,0.04372023042763758,10,5,2,paired_protocol_crossed_training_graph_seed_bootstrap,scenario
yelpchi,r40_s1,camouflage_feature_oracle,0.3,sage,average_precision,True,oracle_protocol_comparison_diagnostic,oracle_privileged_training_diagnostic,oracle_shift_sensitivity_diagnostic,False,train_on_variant,train_clean_eval_all,train_on_variant - train_clean_eval_all,0.28131971745820633,0.3055517010866472,-0.02423198362844095,0.08962432559257276,-0.10506219547096265,0.05326586653641523,10,5,2,paired_protocol_crossed_training_graph_seed_bootstrap,scenario
yelpchi,r40_s1,camouflage_feature_oracle,0.3,sage,f1_macro,True,oracle_protocol_comparison_diagnostic,oracle_privileged_training_diagnostic,oracle_shift_sensitivity_diagnostic,False,train_on_variant,train_clean_eval_all,train_on_variant - train_clean_eval_all,0.5881711392664652,0.6003219527274657,-0.012150813461000554,0.04821913712357079,-0.054475318472424636,0.02985896002951671,10,5,2,paired_protocol_crossed_training_graph_seed_bootstrap,scenario
yelpchi,r40_s1,camouflage_feature_oracle,0.3,pmp,roc_auc,True,oracle_protocol_comparison_diagnostic,oracle_privileged_training_diagnostic,oracle_shift_sensitivity_diagnostic,False,train_on_variant,train_clean_eval_all,train_on_variant - train_clean_eval_all,0.75647278230263,0.757032088445309,-0.0005593061426790169,0.006446994563154257,-0.005143495150737243,0.004193984421686103,10,5,2,paired_protocol_crossed_training_graph_seed_bootstrap,scenario
yelpchi,r40_s1,camouflage_feature_oracle,0.3,pmp,average_precision,True,oracle_protocol_comparison_diagnostic,oracle_privileged_training_diagnostic,oracle_shift_sensitivity_diagnostic,False,train_on_variant,train_clean_eval_all,train_on_variant - train_clean_eval_all,0.42213154424794314,0.4353137698264346,-0.013182225578491469,0.012173569960994226,-0.02231474627067926,-0.003442571818706691,10,5,2,paired_protocol_crossed_training_graph_seed_bootstrap,scenario
yelpchi,r40_s1,camouflage_feature_oracle,0.3,pmp,f1_macro,True,oracle_protocol_comparison_diagnostic,oracle_privileged_training_diagnostic,oracle_shift_sensitivity_diagnostic,False,train_on_variant,train_clean_eval_all,train_on_variant - train_clean_eval_all,0.6613420775315346,0.6660423780861607,-0.004700300554626058,0.003957103382038893,-0.007707745600556359,-0.0016425753000020471,10,5,2,paired_protocol_crossed_training_graph_seed_bootstrap,scenario
yelpchi,r40_s1,camouflage_feature_oracle,0.3,secgfd,roc_auc,True,oracle_protocol_comparison_diagnostic,oracle_privileged_training_diagnostic,oracle_shift_sensitivity_diagnostic,False,train_on_variant,train_clean_eval_all,train_on_variant - train_clean_eval_all,0.7132612702293987,0.7108161350415259,0.002445135187872738,0.01301764501880411,-0.004117554683069622,0.014329099406837997,10,5,2,paired_protocol_crossed_training_graph_seed_bootstrap,scenario
yelpchi,r40_s1,camouflage_feature_oracle,0.3,secgfd,average_precision,True,oracle_protocol_comparison_diagnostic,oracle_privileged_training_diagnostic,oracle_shift_sensitivity_diagnostic,False,train_on_variant,train_clean_eval_all,train_on_variant - train_clean_eval_all,0.3576074094204828,0.35719379603322227,0.0004136133872605141,0.019119883612018284,-0.012213243798970708,0.018751305717654078,10,5,2,paired_protocol_crossed_training_graph_seed_bootstrap,scenario
yelpchi,r40_s1,camouflage_feature_oracle,0.3,secgfd,f1_macro,True,oracle_protocol_comparison_diagnostic,oracle_privileged_training_diagnostic,oracle_shift_sensitivity_diagnostic,False,train_on_variant,train_clean_eval_all,train_on_variant - train_clean_eval_all,0.6287729722246768,0.6295283392467889,-0.0007553670221121078,0.010770496663595286,-0.008721084375998762,0.007945709541207607,10,5,2,paired_protocol_crossed_training_graph_seed_bootstrap,scenario
yelpchi,r40_s1,camouflage_relation_oracle,0.0,mlp,roc_auc,True,oracle_protocol_comparison_diagnostic,oracle_privileged_training_diagnostic,oracle_shift_sensitivity_diagnostic,False,train_on_variant,train_clean_eval_all,train_on_variant - train_clean_eval_all,0.7797431422795957,0.7797431422795957,0.0,0.0,0.0,0.0,5,5,1,paired_protocol_crossed_training_graph_seed_bootstrap,clean
yelpchi,r40_s1,camouflage_relation_oracle,0.0,mlp,average_precision,True,oracle_protocol_comparison_diagnostic,oracle_privileged_training_diagnostic,oracle_shift_sensitivity_diagnostic,False,train_on_variant,train_clean_eval_all,train_on_variant - train_clean_eval_all,0.4068835728789756,0.4068835728789756,0.0,0.0,0.0,0.0,5,5,1,paired_protocol_crossed_training_graph_seed_bootstrap,clean
yelpchi,r40_s1,camouflage_relation_oracle,0.0,mlp,f1_macro,True,oracle_protocol_comparison_diagnostic,oracle_privileged_training_diagnostic,oracle_shift_sensitivity_diagnostic,False,train_on_variant,train_clean_eval_all,train_on_variant - train_clean_eval_all,0.6529410230883592,0.6529410230883592,0.0,0.0,0.0,0.0,5,5,1,paired_protocol_crossed_training_graph_seed_bootstrap,clean
yelpchi,r40_s1,camouflage_relation_oracle,0.0,sage,roc_auc,True,oracle_protocol_comparison_diagnostic,oracle_privileged_training_diagnostic,oracle_shift_sensitivity_diagnostic,False,train_on_variant,train_clean_eval_all,train_on_variant - train_clean_eval_all,0.7494028649676208,0.7495764898410917,-0.00017362487347096777,0.0007971912304377194,-0.0008631794455894682,0.0004070777622771598,5,5,1,paired_protocol_crossed_training_graph_seed_bootstrap,clean
yelpchi,r40_s1,camouflage_relation_oracle,0.0,sage,average_precision,True,oracle_protocol_comparison_diagnostic,oracle_privileged_training_diagnostic,oracle_shift_sensitivity_diagnostic,False,train_on_variant,train_clean_eval_all,train_on_variant - train_clean_eval_all,0.38337358882194267,0.38342701738238927,-5.342856044658895e-05,0.0022048287296140994,-0.0019750908342098306,0.001463601892358579,5,5,1,paired_protocol_crossed_training_graph_seed_bootstrap,clean
yelpchi,r40_s1,camouflage_relation_oracle,0.0,sage,f1_macro,True,oracle_protocol_comparison_diagnostic,oracle_privileged_training_diagnostic,oracle_shift_sensitivity_diagnostic,False,train_on_variant,train_clean_eval_all,train_on_variant - train_clean_eval_all,0.6401908419116407,0.6389820864200455,0.0012087554915951593,0.002912094199539548,-0.0006173317310699033,0.003821802416477049,5,5,1,paired_protocol_crossed_training_graph_seed_bootstrap,clean
yelpchi,r40_s1,camouflage_relation_oracle,0.0,pmp,roc_auc,True,oracle_protocol_comparison_diagnostic,oracle_privileged_training_diagnostic,oracle_shift_sensitivity_diagnostic,False,train_on_variant,train_clean_eval_all,train_on_variant - train_clean_eval_all,0.8451136884200032,0.8451136884200032,0.0,0.0,0.0,0.0,5,5,1,paired_protocol_crossed_training_graph_seed_bootstrap,clean
yelpchi,r40_s1,camouflage_relation_oracle,0.0,pmp,average_precision,True,oracle_protocol_comparison_diagnostic,oracle_privileged_training_diagnostic,oracle_shift_sensitivity_diagnostic,False,train_on_variant,train_clean_eval_all,train_on_variant - train_clean_eval_all,0.5522394269132922,0.5522394269132922,0.0,0.0,0.0,0.0,5,5,1,paired_protocol_crossed_training_graph_seed_bootstrap,clean
yelpchi,r40_s1,camouflage_relation_oracle,0.0,pmp,f1_macro,True,oracle_protocol_comparison_diagnostic,oracle_privileged_training_diagnostic,oracle_shift_sensitivity_diagnostic,False,train_on_variant,train_clean_eval_all,train_on_variant - train_clean_eval_all,0.7175168767074801,0.7175168767074801,0.0,0.0,0.0,0.0,5,5,1,paired_protocol_crossed_training_graph_seed_bootstrap,clean
yelpchi,r40_s1,camouflage_relation_oracle,0.0,secgfd,roc_auc,True,oracle_protocol_comparison_diagnostic,oracle_privileged_training_diagnostic,oracle_shift_sensitivity_diagnostic,False,train_on_variant,train_clean_eval_all,train_on_variant - train_clean_eval_all,0.7964928142378684,0.7998226116504263,-0.003329797412557789,0.004620747439963612,-0.006855893451132378,0.0003362070411112583,5,5,1,paired_protocol_crossed_training_graph_seed_bootstrap,clean
yelpchi,r40_s1,camouflage_relation_oracle,0.0,secgfd,average_precision,True,oracle_protocol_comparison_diagnostic,oracle_privileged_training_diagnostic,oracle_shift_sensitivity_diagnostic,False,train_on_variant,train_clean_eval_all,train_on_variant - train_clean_eval_all,0.4456039405696373,0.45127889782869746,-0.0056749572590602095,0.007340165330289257,-0.011440556563899872,-0.00010083562782269296,5,5,1,paired_protocol_crossed_training_graph_seed_bootstrap,clean
yelpchi,r40_s1,camouflage_relation_oracle,0.0,secgfd,f1_macro,True,oracle_protocol_comparison_diagnostic,oracle_privileged_training_diagnostic,oracle_shift_sensitivity_diagnostic,False,train_on_variant,train_clean_eval_all,train_on_variant - train_clean_eval_all,0.6725465837860035,0.6741708069272654,-0.0016242231412618047,0.004057959037627552,-0.004686303645390244,0.0015049623900827535,5,5,1,paired_protocol_crossed_training_graph_seed_bootstrap,clean
yelpchi,r40_s1,camouflage_relation_oracle,0.15,mlp,roc_auc,True,oracle_protocol_comparison_diagnostic,oracle_privileged_training_diagnostic,oracle_shift_sensitivity_diagnostic,False,train_on_variant,train_clean_eval_all,train_on_variant - train_clean_eval_all,0.7797431422795957,0.7797431422795957,0.0,0.0,0.0,0.0,10,5,2,paired_protocol_crossed_training_graph_seed_bootstrap,scenario
yelpchi,r40_s1,camouflage_relation_oracle,0.15,mlp,average_precision,True,oracle_protocol_comparison_diagnostic,oracle_privileged_training_diagnostic,oracle_shift_sensitivity_diagnostic,False,train_on_variant,train_clean_eval_all,train_on_variant - train_clean_eval_all,0.4068835728789755,0.4068835728789755,0.0,0.0,0.0,0.0,10,5,2,paired_protocol_crossed_training_graph_seed_bootstrap,scenario
yelpchi,r40_s1,camouflage_relation_oracle,0.15,mlp,f1_macro,True,oracle_protocol_comparison_diagnostic,oracle_privileged_training_diagnostic,oracle_shift_sensitivity_diagnostic,False,train_on_variant,train_clean_eval_all,train_on_variant - train_clean_eval_all,0.6529410230883592,0.6529410230883592,0.0,0.0,0.0,0.0,10,5,2,paired_protocol_crossed_training_graph_seed_bootstrap,scenario
yelpchi,r40_s1,camouflage_relation_oracle,0.15,sage,roc_auc,True,oracle_protocol_comparison_diagnostic,oracle_privileged_training_diagnostic,oracle_shift_sensitivity_diagnostic,False,train_on_variant,train_clean_eval_all,train_on_variant - train_clean_eval_all,0.7497538769996921,0.7492830697121541,0.0004708072875379554,0.0018088180974438518,-0.0008545067769247794,0.002020636521000796,10,5,2,paired_protocol_crossed_training_graph_seed_bootstrap,scenario
yelpchi,r40_s1,camouflage_relation_oracle,0.15,sage,average_precision,True,oracle_protocol_comparison_diagnostic,oracle_privileged_training_diagnostic,oracle_shift_sensitivity_diagnostic,False,train_on_variant,train_clean_eval_all,train_on_variant - train_clean_eval_all,0.38242764294235104,0.3822425192288784,0.00018512371347254586,0.003198996119295865,-0.0022697448094337993,0.0021142783683658906,10,5,2,paired_protocol_crossed_training_graph_seed_bootstrap,scenario
yelpchi,r40_s1,camouflage_relation_oracle,0.15,sage,f1_macro,True,oracle_protocol_comparison_diagnostic,oracle_privileged_training_diagnostic,oracle_shift_sensitivity_diagnostic,False,train_on_variant,train_clean_eval_all,train_on_variant - train_clean_eval_all,0.6392728535036545,0.638492082163624,0.0007807713400306504,0.0028552204320553246,-0.0016080681619594854,0.002723915944299388,10,5,2,paired_protocol_crossed_training_graph_seed_bootstrap,scenario
yelpchi,r40_s1,camouflage_relation_oracle,0.15,pmp,roc_auc,True,oracle_protocol_comparison_diagnostic,oracle_privileged_training_diagnostic,oracle_shift_sensitivity_diagnostic,False,train_on_variant,train_clean_eval_all,train_on_variant - train_clean_eval_all,0.8415855963099259,0.8409973804777156,0.0005882158322103482,0.006609299064558582,-0.0049000351670640315,0.004933617462281445,10,5,2,paired_protocol_crossed_training_graph_seed_bootstrap,scenario
yelpchi,r40_s1,camouflage_relation_oracle,0.15,pmp,average_precision,True,oracle_protocol_comparison_diagnostic,oracle_privileged_training_diagnostic,oracle_shift_sensitivity_diagnostic,False,train_on_variant,train_clean_eval_all,train_on_variant - train_clean_eval_all,0.5417281452116365,0.5441626888382489,-0.0024345436266124732,0.017596188051059534,-0.019501058618173063,0.009781228160247546,10,5,2,paired_protocol_crossed_training_graph_seed_bootstrap,scenario
yelpchi,r40_s1,camouflage_relation_oracle,0.15,pmp,f1_macro,True,oracle_protocol_comparison_diagnostic,oracle_privileged_training_diagnostic,oracle_shift_sensitivity_diagnostic,False,train_on_variant,train_clean_eval_all,train_on_variant - train_clean_eval_all,0.714187616465002,0.7133573718928833,0.0008302445721186213,0.009425006410527818,-0.0063915885918894855,0.007709344581859212,10,5,2,paired_protocol_crossed_training_graph_seed_bootstrap,scenario
yelpchi,r40_s1,camouflage_relation_oracle,0.15,secgfd,roc_auc,True,oracle_protocol_comparison_diagnostic,oracle_privileged_training_diagnostic,oracle_shift_sensitivity_diagnostic,False,train_on_variant,train_clean_eval_all,train_on_variant - train_clean_eval_all,0.8047128200955523,0.8031660397541222,0.0015467803414301762,0.005723958417089423,-0.003297680759042631,0.0057291754004719754,10,5,2,paired_protocol_crossed_training_graph_seed_bootstrap,scenario
yelpchi,r40_s1,camouflage_relation_oracle,0.15,secgfd,average_precision,True,oracle_protocol_comparison_diagnostic,oracle_privileged_training_diagnostic,oracle_shift_sensitivity_diagnostic,False,train_on_variant,train_clean_eval_all,train_on_variant - train_clean_eval_all,0.4602999699932361,0.45754458654092806,0.0027553834523080132,0.01165540509114304,-0.0076664954195151845,0.010753638388452336,10,5,2,paired_protocol_crossed_training_graph_seed_bootstrap,scenario
yelpchi,r40_s1,camouflage_relation_oracle,0.15,secgfd,f1_macro,True,oracle_protocol_comparison_diagnostic,oracle_privileged_training_diagnostic,oracle_shift_sensitivity_diagnostic,False,train_on_variant,train_clean_eval_all,train_on_variant - train_clean_eval_all,0.678783689361611,0.6772438226648616,0.0015398666967494923,0.0063463497799861705,-0.0041331903669855116,0.0063646410128060495,10,5,2,paired_protocol_crossed_training_graph_seed_bootstrap,scenario
yelpchi,r40_s1,camouflage_relation_oracle,0.3,mlp,roc_auc,True,oracle_protocol_comparison_diagnostic,oracle_privileged_training_diagnostic,oracle_shift_sensitivity_diagnostic,False,train_on_variant,train_clean_eval_all,train_on_variant - train_clean_eval_all,0.7797431422795957,0.7797431422795957,0.0,0.0,0.0,0.0,10,5,2,paired_protocol_crossed_training_graph_seed_bootstrap,scenario
yelpchi,r40_s1,camouflage_relation_oracle,0.3,mlp,average_precision,True,oracle_protocol_comparison_diagnostic,oracle_privileged_training_diagnostic,oracle_shift_sensitivity_diagnostic,False,train_on_variant,train_clean_eval_all,train_on_variant - train_clean_eval_all,0.4068835728789755,0.4068835728789755,0.0,0.0,0.0,0.0,10,5,2,paired_protocol_crossed_training_graph_seed_bootstrap,scenario
yelpchi,r40_s1,camouflage_relation_oracle,0.3,mlp,f1_macro,True,oracle_protocol_comparison_diagnostic,oracle_privileged_training_diagnostic,oracle_shift_sensitivity_diagnostic,False,train_on_variant,train_clean_eval_all,train_on_variant - train_clean_eval_all,0.6529410230883592,0.6529410230883592,0.0,0.0,0.0,0.0,10,5,2,paired_protocol_crossed_training_graph_seed_bootstrap,scenario
yelpchi,r40_s1,camouflage_relation_oracle,0.3,sage,roc_auc,True,oracle_protocol_comparison_diagnostic,oracle_privileged_training_diagnostic,oracle_shift_sensitivity_diagnostic,False,train_on_variant,train_clean_eval_all,train_on_variant - train_clean_eval_all,0.7540634251481761,0.7486922158737515,0.005371209274424682,0.005230200885639681,0.0023210562391002077,0.010989354984023847,10,5,2,paired_protocol_crossed_training_graph_seed_bootstrap,scenario
yelpchi,r40_s1,camouflage_relation_oracle,0.3,sage,average_precision,True,oracle_protocol_comparison_diagnostic,oracle_privileged_training_diagnostic,oracle_shift_sensitivity_diagnostic,False,train_on_variant,train_clean_eval_all,train_on_variant - train_clean_eval_all,0.3899055755546649,0.38084270952521726,0.00906286602944768,0.008780151334841795,0.0031819991580338434,0.01835253171344927,10,5,2,paired_protocol_crossed_training_graph_seed_bootstrap,scenario
yelpchi,r40_s1,camouflage_relation_oracle,0.3,sage,f1_macro,True,oracle_protocol_comparison_diagnostic,oracle_privileged_training_diagnostic,oracle_shift_sensitivity_diagnostic,False,train_on_variant,train_clean_eval_all,train_on_variant - train_clean_eval_all,0.6428605472123838,0.638333960002072,0.004526587210311783,0.005784448711559184,0.0010415375024656033,0.010667824719058628,10,5,2,paired_protocol_crossed_training_graph_seed_bootstrap,scenario
yelpchi,r40_s1,camouflage_relation_oracle,0.3,pmp,roc_auc,True,oracle_protocol_comparison_diagnostic,oracle_privileged_training_diagnostic,oracle_shift_sensitivity_diagnostic,False,train_on_variant,train_clean_eval_all,train_on_variant - train_clean_eval_all,0.8417480712899558,0.8382994040083022,0.0034486672816536057,0.007363903617532253,-0.0018568403643482842,0.010331894764442563,10,5,2,paired_protocol_crossed_training_graph_seed_bootstrap,scenario
yelpchi,r40_s1,camouflage_relation_oracle,0.3,pmp,average_precision,True,oracle_protocol_comparison_diagnostic,oracle_privileged_training_diagnostic,oracle_shift_sensitivity_diagnostic,False,train_on_variant,train_clean_eval_all,train_on_variant - train_clean_eval_all,0.5443881422567447,0.5372357918414068,0.007152350415338016,0.017047867319383903,-0.00493493167063628,0.02337515100071059,10,5,2,paired_protocol_crossed_training_graph_seed_bootstrap,scenario
yelpchi,r40_s1,camouflage_relation_oracle,0.3,pmp,f1_macro,True,oracle_protocol_comparison_diagnostic,oracle_privileged_training_diagnostic,oracle_shift_sensitivity_diagnostic,False,train_on_variant,train_clean_eval_all,train_on_variant - train_clean_eval_all,0.7156011704401335,0.7104521393436557,0.005149031096477796,0.006420531495036321,-0.000965509708718912,0.00968215722249478,10,5,2,paired_protocol_crossed_training_graph_seed_bootstrap,scenario
yelpchi,r40_s1,camouflage_relation_oracle,0.3,secgfd,roc_auc,True,oracle_protocol_comparison_diagnostic,oracle_privileged_training_diagnostic,oracle_shift_sensitivity_diagnostic,False,train_on_variant,train_clean_eval_all,train_on_variant - train_clean_eval_all,0.8273339863996549,0.8071303711473439,0.02020361525231108,0.005560193583693021,0.01509567661393103,0.02464092120700684,10,5,2,paired_protocol_crossed_training_graph_seed_bootstrap,scenario
yelpchi,r40_s1,camouflage_relation_oracle,0.3,secgfd,average_precision,True,oracle_protocol_comparison_diagnostic,oracle_privileged_training_diagnostic,oracle_shift_sensitivity_diagnostic,False,train_on_variant,train_clean_eval_all,train_on_variant - train_clean_eval_all,0.5076699940824306,0.4656950192022428,0.04197497488018765,0.013413336499275246,0.029728573011367578,0.05280586421097918,10,5,2,paired_protocol_crossed_training_graph_seed_bootstrap,scenario
yelpchi,r40_s1,camouflage_relation_oracle,0.3,secgfd,f1_macro,True,oracle_protocol_comparison_diagnostic,oracle_privileged_training_diagnostic,oracle_shift_sensitivity_diagnostic,False,train_on_variant,train_clean_eval_all,train_on_variant - train_clean_eval_all,0.6994316708269992,0.6809277578963611,0.018503912930638067,0.0062892768408225695,0.013318571344447163,0.024176702122480388,10,5,2,paired_protocol_crossed_training_graph_seed_bootstrap,scenario
yelpchi,r40_s1,noise_edges_uniform,0.0,mlp,roc_auc,False,non_oracle_controlled_stress,non_oracle_controlled_stress,non_oracle_controlled_stress,True,train_on_variant,train_clean_eval_all,train_on_variant - train_clean_eval_all,0.7797431422795957,0.7797431422795957,0.0,0.0,0.0,0.0,5,5,1,paired_protocol_crossed_training_graph_seed_bootstrap,clean
yelpchi,r40_s1,noise_edges_uniform,0.0,mlp,average_precision,False,non_oracle_controlled_stress,non_oracle_controlled_stress,non_oracle_controlled_stress,True,train_on_variant,train_clean_eval_all,train_on_variant - train_clean_eval_all,0.4068835728789756,0.4068835728789756,0.0,0.0,0.0,0.0,5,5,1,paired_protocol_crossed_training_graph_seed_bootstrap,clean
yelpchi,r40_s1,noise_edges_uniform,0.0,mlp,f1_macro,False,non_oracle_controlled_stress,non_oracle_controlled_stress,non_oracle_controlled_stress,True,train_on_variant,train_clean_eval_all,train_on_variant - train_clean_eval_all,0.6529410230883592,0.6529410230883592,0.0,0.0,0.0,0.0,5,5,1,paired_protocol_crossed_training_graph_seed_bootstrap,clean
yelpchi,r40_s1,noise_edges_uniform,0.0,sage,roc_auc,False,non_oracle_controlled_stress,non_oracle_controlled_stress,non_oracle_controlled_stress,True,train_on_variant,train_clean_eval_all,train_on_variant - train_clean_eval_all,0.7494028649676208,0.7495764898410917,-0.00017362487347096777,0.0007971912304377194,-0.0008631794455894682,0.0004070777622771598,5,5,1,paired_protocol_crossed_training_graph_seed_bootstrap,clean
yelpchi,r40_s1,noise_edges_uniform,0.0,sage,average_precision,False,non_oracle_controlled_stress,non_oracle_controlled_stress,non_oracle_controlled_stress,True,train_on_variant,train_clean_eval_all,train_on_variant - train_clean_eval_all,0.38337358882194267,0.38342701738238927,-5.342856044658895e-05,0.0022048287296140994,-0.0019750908342098306,0.001463601892358579,5,5,1,paired_protocol_crossed_training_graph_seed_bootstrap,clean
yelpchi,r40_s1,noise_edges_uniform,0.0,sage,f1_macro,False,non_oracle_controlled_stress,non_oracle_controlled_stress,non_oracle_controlled_stress,True,train_on_variant,train_clean_eval_all,train_on_variant - train_clean_eval_all,0.6401908419116407,0.6389820864200455,0.0012087554915951593,0.002912094199539548,-0.0006173317310699033,0.003821802416477049,5,5,1,paired_protocol_crossed_training_graph_seed_bootstrap,clean
yelpchi,r40_s1,noise_edges_uniform,0.0,pmp,roc_auc,False,non_oracle_controlled_stress,non_oracle_controlled_stress,non_oracle_controlled_stress,True,train_on_variant,train_clean_eval_all,train_on_variant - train_clean_eval_all,0.8451136884200032,0.8451136884200032,0.0,0.0,0.0,0.0,5,5,1,paired_protocol_crossed_training_graph_seed_bootstrap,clean
yelpchi,r40_s1,noise_edges_uniform,0.0,pmp,average_precision,False,non_oracle_controlled_stress,non_oracle_controlled_stress,non_oracle_controlled_stress,True,train_on_variant,train_clean_eval_all,train_on_variant - train_clean_eval_all,0.5522394269132922,0.5522394269132922,0.0,0.0,0.0,0.0,5,5,1,paired_protocol_crossed_training_graph_seed_bootstrap,clean
yelpchi,r40_s1,noise_edges_uniform,0.0,pmp,f1_macro,False,non_oracle_controlled_stress,non_oracle_controlled_stress,non_oracle_controlled_stress,True,train_on_variant,train_clean_eval_all,train_on_variant - train_clean_eval_all,0.7175168767074801,0.7175168767074801,0.0,0.0,0.0,0.0,5,5,1,paired_protocol_crossed_training_graph_seed_bootstrap,clean
yelpchi,r40_s1,noise_edges_uniform,0.0,secgfd,roc_auc,False,non_oracle_controlled_stress,non_oracle_controlled_stress,non_oracle_controlled_stress,True,train_on_variant,train_clean_eval_all,train_on_variant - train_clean_eval_all,0.7964928142378684,0.7998226116504263,-0.003329797412557789,0.004620747439963612,-0.006855893451132378,0.0003362070411112583,5,5,1,paired_protocol_crossed_training_graph_seed_bootstrap,clean
yelpchi,r40_s1,noise_edges_uniform,0.0,secgfd,average_precision,False,non_oracle_controlled_stress,non_oracle_controlled_stress,non_oracle_controlled_stress,True,train_on_variant,train_clean_eval_all,train_on_variant - train_clean_eval_all,0.4456039405696373,0.45127889782869746,-0.0056749572590602095,0.007340165330289257,-0.011440556563899872,-0.00010083562782269296,5,5,1,paired_protocol_crossed_training_graph_seed_bootstrap,clean
yelpchi,r40_s1,noise_edges_uniform,0.0,secgfd,f1_macro,False,non_oracle_controlled_stress,non_oracle_controlled_stress,non_oracle_controlled_stress,True,train_on_variant,train_clean_eval_all,train_on_variant - train_clean_eval_all,0.6725465837860035,0.6741708069272654,-0.0016242231412618047,0.004057959037627552,-0.004686303645390244,0.0015049623900827535,5,5,1,paired_protocol_crossed_training_graph_seed_bootstrap,clean
yelpchi,r40_s1,noise_edges_uniform,0.1,mlp,roc_auc,False,non_oracle_controlled_stress,non_oracle_controlled_stress,non_oracle_controlled_stress,True,train_on_variant,train_clean_eval_all,train_on_variant - train_clean_eval_all,0.7797431422795957,0.7797431422795957,0.0,0.0,0.0,0.0,10,5,2,paired_protocol_crossed_training_graph_seed_bootstrap,scenario
yelpchi,r40_s1,noise_edges_uniform,0.1,mlp,average_precision,False,non_oracle_controlled_stress,non_oracle_controlled_stress,non_oracle_controlled_stress,True,train_on_variant,train_clean_eval_all,train_on_variant - train_clean_eval_all,0.4068835728789755,0.4068835728789755,0.0,0.0,0.0,0.0,10,5,2,paired_protocol_crossed_training_graph_seed_bootstrap,scenario
yelpchi,r40_s1,noise_edges_uniform,0.1,mlp,f1_macro,False,non_oracle_controlled_stress,non_oracle_controlled_stress,non_oracle_controlled_stress,True,train_on_variant,train_clean_eval_all,train_on_variant - train_clean_eval_all,0.6529410230883592,0.6529410230883592,0.0,0.0,0.0,0.0,10,5,2,paired_protocol_crossed_training_graph_seed_bootstrap,scenario
yelpchi,r40_s1,noise_edges_uniform,0.1,sage,roc_auc,False,non_oracle_controlled_stress,non_oracle_controlled_stress,non_oracle_controlled_stress,True,train_on_variant,train_clean_eval_all,train_on_variant - train_clean_eval_all,0.746113845295026,0.7477200135275528,-0.0016061682325268166,0.001686870356337322,-0.003306116096473066,-0.00021313690639979327,10,5,2,paired_protocol_crossed_training_graph_seed_bootstrap,scenario
yelpchi,r40_s1,noise_edges_uniform,0.1,sage,average_precision,False,non_oracle_controlled_stress,non_oracle_controlled_stress,non_oracle_controlled_stress,True,train_on_variant,train_clean_eval_all,train_on_variant - train_clean_eval_all,0.377087307862922,0.38095509083516965,-0.0038677829722477213,0.004683491701881907,-0.009824885040777033,-0.00037109972296382136,10,5,2,paired_protocol_crossed_training_graph_seed_bootstrap,scenario
yelpchi,r40_s1,noise_edges_uniform,0.1,sage,f1_macro,False,non_oracle_controlled_stress,non_oracle_controlled_stress,non_oracle_controlled_stress,True,train_on_variant,train_clean_eval_all,train_on_variant - train_clean_eval_all,0.6357491034815629,0.6372820843077431,-0.0015329808261802414,0.003697152774815844,-0.004622653794413956,0.0015144177221970035,10,5,2,paired_protocol_crossed_training_graph_seed_bootstrap,scenario
yelpchi,r40_s1,noise_edges_uniform,0.1,pmp,roc_auc,False,non_oracle_controlled_stress,non_oracle_controlled_stress,non_oracle_controlled_stress,True,train_on_variant,train_clean_eval_all,train_on_variant - train_clean_eval_all,0.8366408198432564,0.8351046868044714,0.0015361330387849482,0.0048893308979919255,-0.0019564394791120377,0.005829755490292299,10,5,2,paired_protocol_crossed_training_graph_seed_bootstrap,scenario
yelpchi,r40_s1,noise_edges_uniform,0.1,pmp,average_precision,False,non_oracle_controlled_stress,non_oracle_controlled_stress,non_oracle_controlled_stress,True,train_on_variant,train_clean_eval_all,train_on_variant - train_clean_eval_all,0.5274792899216362,0.5221417936467994,0.005337496274836895,0.013587222807762964,-0.004525016222823042,0.017020498417966556,10,5,2,paired_protocol_crossed_training_graph_seed_bootstrap,scenario
yelpchi,r40_s1,noise_edges_uniform,0.1,pmp,f1_macro,False,non_oracle_controlled_stress,non_oracle_controlled_stress,non_oracle_controlled_stress,True,train_on_variant,train_clean_eval_all,train_on_variant - train_clean_eval_all,0.7077753337591489,0.7065904609584776,0.0011848728006714992,0.004736946667394964,-0.0016293426444890402,0.004095798071634718,10,5,2,paired_protocol_crossed_training_graph_seed_bootstrap,scenario
yelpchi,r40_s1,noise_edges_uniform,0.1,secgfd,roc_auc,False,non_oracle_controlled_stress,non_oracle_controlled_stress,non_oracle_controlled_stress,True,train_on_variant,train_clean_eval_all,train_on_variant - train_clean_eval_all,0.8007638867980689,0.7991264114464555,0.00163747535161346,0.005400002936645909,-0.00209960758853982,0.006216918568667113,10,5,2,paired_protocol_crossed_training_graph_seed_bootstrap,scenario
yelpchi,r40_s1,noise_edges_uniform,0.1,secgfd,average_precision,False,non_oracle_controlled_stress,non_oracle_controlled_stress,non_oracle_controlled_stress,True,train_on_variant,train_clean_eval_all,train_on_variant - train_clean_eval_all,0.45279022788053097,0.45156808721828945,0.0012221406622415442,0.008059761742026411,-0.004007827680812823,0.008880035958103938,10,5,2,paired_protocol_crossed_training_graph_seed_bootstrap,scenario
yelpchi,r40_s1,noise_edges_uniform,0.1,secgfd,f1_macro,False,non_oracle_controlled_stress,non_oracle_controlled_stress,non_oracle_controlled_stress,True,train_on_variant,train_clean_eval_all,train_on_variant - train_clean_eval_all,0.6757363263754093,0.6750703022638198,0.0006660241115894027,0.004524443906167808,-0.002237589329933254,0.004620882527743031,10,5,2,paired_protocol_crossed_training_graph_seed_bootstrap,scenario
yelpchi,r40_s1,noise_edges_uniform,0.2,mlp,roc_auc,False,non_oracle_controlled_stress,non_oracle_controlled_stress,non_oracle_controlled_stress,True,train_on_variant,train_clean_eval_all,train_on_variant - train_clean_eval_all,0.7797431422795957,0.7797431422795957,0.0,0.0,0.0,0.0,10,5,2,paired_protocol_crossed_training_graph_seed_bootstrap,scenario
yelpchi,r40_s1,noise_edges_uniform,0.2,mlp,average_precision,False,non_oracle_controlled_stress,non_oracle_controlled_stress,non_oracle_controlled_stress,True,train_on_variant,train_clean_eval_all,train_on_variant - train_clean_eval_all,0.4068835728789755,0.4068835728789755,0.0,0.0,0.0,0.0,10,5,2,paired_protocol_crossed_training_graph_seed_bootstrap,scenario
yelpchi,r40_s1,noise_edges_uniform,0.2,mlp,f1_macro,False,non_oracle_controlled_stress,non_oracle_controlled_stress,non_oracle_controlled_stress,True,train_on_variant,train_clean_eval_all,train_on_variant - train_clean_eval_all,0.6529410230883592,0.6529410230883592,0.0,0.0,0.0,0.0,10,5,2,paired_protocol_crossed_training_graph_seed_bootstrap,scenario
yelpchi,r40_s1,noise_edges_uniform,0.2,sage,roc_auc,False,non_oracle_controlled_stress,non_oracle_controlled_stress,non_oracle_controlled_stress,True,train_on_variant,train_clean_eval_all,train_on_variant - train_clean_eval_all,0.7454565946867721,0.7470466276109949,-0.0015900329242228394,0.0018872497537679319,-0.0032748554253509087,-0.00021629623144561603,10,5,2,paired_protocol_crossed_training_graph_seed_bootstrap,scenario
yelpchi,r40_s1,noise_edges_uniform,0.2,sage,average_precision,False,non_oracle_controlled_stress,non_oracle_controlled_stress,non_oracle_controlled_stress,True,train_on_variant,train_clean_eval_all,train_on_variant - train_clean_eval_all,0.37559827574690857,0.3797623177425347,-0.004164041995626222,0.002845949509215522,-0.006660867897421696,-0.0020231297538097935,10,5,2,paired_protocol_crossed_training_graph_seed_bootstrap,scenario
yelpchi,r40_s1,noise_edges_uniform,0.2,sage,f1_macro,False,non_oracle_controlled_stress,non_oracle_controlled_stress,non_oracle_controlled_stress,True,train_on_variant,train_clean_eval_all,train_on_variant - train_clean_eval_all,0.6353511125146603,0.63735162123892,-0.002000508724259553,0.0037910710267346154,-0.005220358978468606,0.0007993142443528491,10,5,2,paired_protocol_crossed_training_graph_seed_bootstrap,scenario
yelpchi,r40_s1,noise_edges_uniform,0.2,pmp,roc_auc,False,non_oracle_controlled_stress,non_oracle_controlled_stress,non_oracle_controlled_stress,True,train_on_variant,train_clean_eval_all,train_on_variant - train_clean_eval_all,0.8312039105184489,0.8295871461951354,0.0016167643233136464,0.005598629841255114,-0.0029140083345274626,0.0055247186063209445,10,5,2,paired_protocol_crossed_training_graph_seed_bootstrap,scenario
yelpchi,r40_s1,noise_edges_uniform,0.2,pmp,average_precision,False,non_oracle_controlled_stress,non_oracle_controlled_stress,non_oracle_controlled_stress,True,train_on_variant,train_clean_eval_all,train_on_variant - train_clean_eval_all,0.5085092410868849,0.5077318961538809,0.000777344933003954,0.009509273601846861,-0.006461559919993085,0.01012892397156553,10,5,2,paired_protocol_crossed_training_graph_seed_bootstrap,scenario
yelpchi,r40_s1,noise_edges_uniform,0.2,pmp,f1_macro,False,non_oracle_controlled_stress,non_oracle_controlled_stress,non_oracle_controlled_stress,True,train_on_variant,train_clean_eval_all,train_on_variant - train_clean_eval_all,0.7014675437624645,0.7003861371796242,0.001081406582840283,0.0042038413974359555,-0.002052844359693373,0.005484806865895455,10,5,2,paired_protocol_crossed_training_graph_seed_bootstrap,scenario
yelpchi,r40_s1,noise_edges_uniform,0.2,secgfd,roc_auc,False,non_oracle_controlled_stress,non_oracle_controlled_stress,non_oracle_controlled_stress,True,train_on_variant,train_clean_eval_all,train_on_variant - train_clean_eval_all,0.8033477882574973,0.7980223135545357,0.005325474702961708,0.009159275871927287,-0.0014682644043951395,0.012392790951955534,10,5,2,paired_protocol_crossed_training_graph_seed_bootstrap,scenario
yelpchi,r40_s1,noise_edges_uniform,0.2,secgfd,average_precision,False,non_oracle_controlled_stress,non_oracle_controlled_stress,non_oracle_controlled_stress,True,train_on_variant,train_clean_eval_all,train_on_variant - train_clean_eval_all,0.4573259545490872,0.4482181444587061,0.009107810090381058,0.011795445929338377,0.0003454117105238639,0.018333088850833783,10,5,2,paired_protocol_crossed_training_graph_seed_bootstrap,scenario
yelpchi,r40_s1,noise_edges_uniform,0.2,secgfd,f1_macro,False,non_oracle_controlled_stress,non_oracle_controlled_stress,non_oracle_controlled_stress,True,train_on_variant,train_clean_eval_all,train_on_variant - train_clean_eval_all,0.6811594426616944,0.6743019938224497,0.006857448839244673,0.007717347539947617,0.0008297857596770153,0.012999763532445701,10,5,2,paired_protocol_crossed_training_graph_seed_bootstrap,scenario
yelpchi,r40_s2,heterophily_rewire_oracle,0.0,mlp,roc_auc,True,oracle_protocol_comparison_diagnostic,oracle_privileged_training_diagnostic,oracle_shift_sensitivity_diagnostic,False,train_on_variant,train_clean_eval_all,train_on_variant - train_clean_eval_all,0.7798736086571765,0.7798736086571765,0.0,0.0,0.0,0.0,5,5,1,paired_protocol_crossed_training_graph_seed_bootstrap,clean
yelpchi,r40_s2,heterophily_rewire_oracle,0.0,mlp,average_precision,True,oracle_protocol_comparison_diagnostic,oracle_privileged_training_diagnostic,oracle_shift_sensitivity_diagnostic,False,train_on_variant,train_clean_eval_all,train_on_variant - train_clean_eval_all,0.39992793265853593,0.39992793265853593,0.0,0.0,0.0,0.0,5,5,1,paired_protocol_crossed_training_graph_seed_bootstrap,clean
yelpchi,r40_s2,heterophily_rewire_oracle,0.0,mlp,f1_macro,True,oracle_protocol_comparison_diagnostic,oracle_privileged_training_diagnostic,oracle_shift_sensitivity_diagnostic,False,train_on_variant,train_clean_eval_all,train_on_variant - train_clean_eval_all,0.6502925106481887,0.6502925106481887,0.0,0.0,0.0,0.0,5,5,1,paired_protocol_crossed_training_graph_seed_bootstrap,clean
yelpchi,r40_s2,heterophily_rewire_oracle,0.0,sage,roc_auc,True,oracle_protocol_comparison_diagnostic,oracle_privileged_training_diagnostic,oracle_shift_sensitivity_diagnostic,False,train_on_variant,train_clean_eval_all,train_on_variant - train_clean_eval_all,0.7533843559063136,0.7527732912484602,0.0006110646578533441,0.000888587613354036,9.907231743231382e-05,0.0013871109971058703,5,5,1,paired_protocol_crossed_training_graph_seed_bootstrap,clean
yelpchi,r40_s2,heterophily_rewire_oracle,0.0,sage,average_precision,True,oracle_protocol_comparison_diagnostic,oracle_privileged_training_diagnostic,oracle_shift_sensitivity_diagnostic,False,train_on_variant,train_clean_eval_all,train_on_variant - train_clean_eval_all,0.3836856883555406,0.38179236868125566,0.0018933196742849767,0.0018067558448779798,0.0004700414503950201,0.00322494253840392,5,5,1,paired_protocol_crossed_training_graph_seed_bootstrap,clean
yelpchi,r40_s2,heterophily_rewire_oracle,0.0,sage,f1_macro,True,oracle_protocol_comparison_diagnostic,oracle_privileged_training_diagnostic,oracle_shift_sensitivity_diagnostic,False,train_on_variant,train_clean_eval_all,train_on_variant - train_clean_eval_all,0.6382223651484653,0.6375118690202062,0.0007104961282592859,0.00048756377470113375,0.000334776421447569,0.0010696099545517645,5,5,1,paired_protocol_crossed_training_graph_seed_bootstrap,clean
yelpchi,r40_s2,heterophily_rewire_oracle,0.0,pmp,roc_auc,True,oracle_protocol_comparison_diagnostic,oracle_privileged_training_diagnostic,oracle_shift_sensitivity_diagnostic,False,train_on_variant,train_clean_eval_all,train_on_variant - train_clean_eval_all,0.8451213011222972,0.8451213011222972,0.0,0.0,0.0,0.0,5,5,1,paired_protocol_crossed_training_graph_seed_bootstrap,clean
yelpchi,r40_s2,heterophily_rewire_oracle,0.0,pmp,average_precision,True,oracle_protocol_comparison_diagnostic,oracle_privileged_training_diagnostic,oracle_shift_sensitivity_diagnostic,False,train_on_variant,train_clean_eval_all,train_on_variant - train_clean_eval_all,0.5562439717199469,0.5562439717199469,0.0,0.0,0.0,0.0,5,5,1,paired_protocol_crossed_training_graph_seed_bootstrap,clean
yelpchi,r40_s2,heterophily_rewire_oracle,0.0,pmp,f1_macro,True,oracle_protocol_comparison_diagnostic,oracle_privileged_training_diagnostic,oracle_shift_sensitivity_diagnostic,False,train_on_variant,train_clean_eval_all,train_on_variant - train_clean_eval_all,0.7168199074913526,0.7168199074913526,0.0,0.0,0.0,0.0,5,5,1,paired_protocol_crossed_training_graph_seed_bootstrap,clean
yelpchi,r40_s2,heterophily_rewire_oracle,0.0,secgfd,roc_auc,True,oracle_protocol_comparison_diagnostic,oracle_privileged_training_diagnostic,oracle_shift_sensitivity_diagnostic,False,train_on_variant,train_clean_eval_all,train_on_variant - train_clean_eval_all,0.800746421172421,0.8006501000036585,9.632116876228114e-05,0.002196005816394365,-0.0016079165815517716,0.0017117051538471095,5,5,1,paired_protocol_crossed_training_graph_seed_bootstrap,clean
yelpchi,r40_s2,heterophily_rewire_oracle,0.0,secgfd,average_precision,True,oracle_protocol_comparison_diagnostic,oracle_privileged_training_diagnostic,oracle_shift_sensitivity_diagnostic,False,train_on_variant,train_clean_eval_all,train_on_variant - train_clean_eval_all,0.45469081684098045,0.4540566214469175,0.0006341953940629197,0.004393983964875354,-0.0027090779596615653,0.0039774687477874045,5,5,1,paired_protocol_crossed_training_graph_seed_bootstrap,clean
yelpchi,r40_s2,heterophily_rewire_oracle,0.0,secgfd,f1_macro,True,oracle_protocol_comparison_diagnostic,oracle_privileged_training_diagnostic,oracle_shift_sensitivity_diagnostic,False,train_on_variant,train_clean_eval_all,train_on_variant - train_clean_eval_all,0.6739602306018195,0.6736884583885712,0.00027177221324830024,0.0031564114690744343,-0.002577461633152911,0.002525770170015029,5,5,1,paired_protocol_crossed_training_graph_seed_bootstrap,clean
yelpchi,r40_s2,heterophily_rewire_oracle,0.15,mlp,roc_auc,True,oracle_protocol_comparison_diagnostic,oracle_privileged_training_diagnostic,oracle_shift_sensitivity_diagnostic,False,train_on_variant,train_clean_eval_all,train_on_variant - train_clean_eval_all,0.7798736086571765,0.7798736086571765,0.0,0.0,0.0,0.0,10,5,2,paired_protocol_crossed_training_graph_seed_bootstrap,scenario
yelpchi,r40_s2,heterophily_rewire_oracle,0.15,mlp,average_precision,True,oracle_protocol_comparison_diagnostic,oracle_privileged_training_diagnostic,oracle_shift_sensitivity_diagnostic,False,train_on_variant,train_clean_eval_all,train_on_variant - train_clean_eval_all,0.39992793265853593,0.39992793265853593,0.0,0.0,0.0,0.0,10,5,2,paired_protocol_crossed_training_graph_seed_bootstrap,scenario
yelpchi,r40_s2,heterophily_rewire_oracle,0.15,mlp,f1_macro,True,oracle_protocol_comparison_diagnostic,oracle_privileged_training_diagnostic,oracle_shift_sensitivity_diagnostic,False,train_on_variant,train_clean_eval_all,train_on_variant - train_clean_eval_all,0.6502925106481886,0.6502925106481886,0.0,0.0,0.0,0.0,10,5,2,paired_protocol_crossed_training_graph_seed_bootstrap,scenario
yelpchi,r40_s2,heterophily_rewire_oracle,0.15,sage,roc_auc,True,oracle_protocol_comparison_diagnostic,oracle_privileged_training_diagnostic,oracle_shift_sensitivity_diagnostic,False,train_on_variant,train_clean_eval_all,train_on_variant - train_clean_eval_all,0.8205564780571241,0.7409602637901388,0.07959621426698536,0.0078091388532517195,0.07290101886349502,0.08572275438621228,10,5,2,paired_protocol_crossed_training_graph_seed_bootstrap,scenario
yelpchi,r40_s2,heterophily_rewire_oracle,0.15,sage,average_precision,True,oracle_protocol_comparison_diagnostic,oracle_privileged_training_diagnostic,oracle_shift_sensitivity_diagnostic,False,train_on_variant,train_clean_eval_all,train_on_variant - train_clean_eval_all,0.46858753413913157,0.3579091580942615,0.11067837604487,0.03203306564897485,0.08261352860900016,0.13203641508082797,10,5,2,paired_protocol_crossed_training_graph_seed_bootstrap,scenario
yelpchi,r40_s2,heterophily_rewire_oracle,0.15,sage,f1_macro,True,oracle_protocol_comparison_diagnostic,oracle_privileged_training_diagnostic,oracle_shift_sensitivity_diagnostic,False,train_on_variant,train_clean_eval_all,train_on_variant - train_clean_eval_all,0.6852327404419233,0.6281501563120055,0.05708258412991789,0.007744892977768703,0.05099070170283547,0.06268559390526851,10,5,2,paired_protocol_crossed_training_graph_seed_bootstrap,scenario
yelpchi,r40_s2,heterophily_rewire_oracle,0.15,pmp,roc_auc,True,oracle_protocol_comparison_diagnostic,oracle_privileged_training_diagnostic,oracle_shift_sensitivity_diagnostic,False,train_on_variant,train_clean_eval_all,train_on_variant - train_clean_eval_all,0.8637865073855598,0.7835497756872966,0.08023673169826336,0.030013180137345257,0.050159929155182525,0.09714959718062284,10,5,2,paired_protocol_crossed_training_graph_seed_bootstrap,scenario
yelpchi,r40_s2,heterophily_rewire_oracle,0.15,pmp,average_precision,True,oracle_protocol_comparison_diagnostic,oracle_privileged_training_diagnostic,oracle_shift_sensitivity_diagnostic,False,train_on_variant,train_clean_eval_all,train_on_variant - train_clean_eval_all,0.5621978841791198,0.421219451346046,0.14097843283307382,0.06643041131514167,0.08099967546046065,0.18377589684491258,10,5,2,paired_protocol_crossed_training_graph_seed_bootstrap,scenario
yelpchi,r40_s2,heterophily_rewire_oracle,0.15,pmp,f1_macro,True,oracle_protocol_comparison_diagnostic,oracle_privileged_training_diagnostic,oracle_shift_sensitivity_diagnostic,False,train_on_variant,train_clean_eval_all,train_on_variant - train_clean_eval_all,0.7270105227583477,0.6550584013355762,0.07195212142277133,0.02631256321012977,0.04863211876915939,0.0876033751656444,10,5,2,paired_protocol_crossed_training_graph_seed_bootstrap,scenario
yelpchi,r40_s2,heterophily_rewire_oracle,0.15,secgfd,roc_auc,True,oracle_protocol_comparison_diagnostic,oracle_privileged_training_diagnostic,oracle_shift_sensitivity_diagnostic,False,train_on_variant,train_clean_eval_all,train_on_variant - train_clean_eval_all,0.9976351757247979,0.6531225704141616,0.34451260531063643,0.032365903295621924,0.31744969161409875,0.36980954238417263,10,5,2,paired_protocol_crossed_training_graph_seed_bootstrap,scenario
yelpchi,r40_s2,heterophily_rewire_oracle,0.15,secgfd,average_precision,True,oracle_protocol_comparison_diagnostic,oracle_privileged_training_diagnostic,oracle_shift_sensitivity_diagnostic,False,train_on_variant,train_clean_eval_all,train_on_variant - train_clean_eval_all,0.9930118335903654,0.2585127989782991,0.7344990346120661,0.04210952600261802,0.698349729768456,0.7665714022441326,10,5,2,paired_protocol_crossed_training_graph_seed_bootstrap,scenario
yelpchi,r40_s2,heterophily_rewire_oracle,0.15,secgfd,f1_macro,True,oracle_protocol_comparison_diagnostic,oracle_privileged_training_diagnostic,oracle_shift_sensitivity_diagnostic,False,train_on_variant,train_clean_eval_all,train_on_variant - train_clean_eval_all,0.9846856847408254,0.5688609917714962,0.4158246929693294,0.027463473953562096,0.39191376281966545,0.4350906993442667,10,5,2,paired_protocol_crossed_training_graph_seed_bootstrap,scenario
yelpchi,r40_s2,heterophily_rewire_oracle,0.3,mlp,roc_auc,True,oracle_protocol_comparison_diagnostic,oracle_privileged_training_diagnostic,oracle_shift_sensitivity_diagnostic,False,train_on_variant,train_clean_eval_all,train_on_variant - train_clean_eval_all,0.7798736086571765,0.7798736086571765,0.0,0.0,0.0,0.0,10,5,2,paired_protocol_crossed_training_graph_seed_bootstrap,scenario
yelpchi,r40_s2,heterophily_rewire_oracle,0.3,mlp,average_precision,True,oracle_protocol_comparison_diagnostic,oracle_privileged_training_diagnostic,oracle_shift_sensitivity_diagnostic,False,train_on_variant,train_clean_eval_all,train_on_variant - train_clean_eval_all,0.39992793265853593,0.39992793265853593,0.0,0.0,0.0,0.0,10,5,2,paired_protocol_crossed_training_graph_seed_bootstrap,scenario
yelpchi,r40_s2,heterophily_rewire_oracle,0.3,mlp,f1_macro,True,oracle_protocol_comparison_diagnostic,oracle_privileged_training_diagnostic,oracle_shift_sensitivity_diagnostic,False,train_on_variant,train_clean_eval_all,train_on_variant - train_clean_eval_all,0.6502925106481886,0.6502925106481886,0.0,0.0,0.0,0.0,10,5,2,paired_protocol_crossed_training_graph_seed_bootstrap,scenario
yelpchi,r40_s2,heterophily_rewire_oracle,0.3,sage,roc_auc,True,oracle_protocol_comparison_diagnostic,oracle_privileged_training_diagnostic,oracle_shift_sensitivity_diagnostic,False,train_on_variant,train_clean_eval_all,train_on_variant - train_clean_eval_all,0.8700813594456962,0.7367440367482958,0.13333732269740048,0.018604189922327083,0.11844701849800904,0.14795956592733575,10,5,2,paired_protocol_crossed_training_graph_seed_bootstrap,scenario
yelpchi,r40_s2,heterophily_rewire_oracle,0.3,sage,average_precision,True,oracle_protocol_comparison_diagnostic,oracle_privileged_training_diagnostic,oracle_shift_sensitivity_diagnostic,False,train_on_variant,train_clean_eval_all,train_on_variant - train_clean_eval_all,0.5869293006012797,0.3491123631028056,0.23781693749847407,0.08607067780845716,0.16039563556346448,0.29476790269152275,10,5,2,paired_protocol_crossed_training_graph_seed_bootstrap,scenario
yelpchi,r40_s2,heterophily_rewire_oracle,0.3,sage,f1_macro,True,oracle_protocol_comparison_diagnostic,oracle_privileged_training_diagnostic,oracle_shift_sensitivity_diagnostic,False,train_on_variant,train_clean_eval_all,train_on_variant - train_clean_eval_all,0.7381685959652204,0.6242304830481263,0.11393811291709419,0.029907302823607956,0.08768477592299291,0.133742602552618,10,5,2,paired_protocol_crossed_training_graph_seed_bootstrap,scenario
yelpchi,r40_s2,heterophily_rewire_oracle,0.3,pmp,roc_auc,True,oracle_protocol_comparison_diagnostic,oracle_privileged_training_diagnostic,oracle_shift_sensitivity_diagnostic,False,train_on_variant,train_clean_eval_all,train_on_variant - train_clean_eval_all,0.8871733838680838,0.761166792163509,0.12600659170457457,0.023439260660695373,0.10621533195383666,0.14100195607861418,10,5,2,paired_protocol_crossed_training_graph_seed_bootstrap,scenario
yelpchi,r40_s2,heterophily_rewire_oracle,0.3,pmp,average_precision,True,oracle_protocol_comparison_diagnostic,oracle_privileged_training_diagnostic,oracle_shift_sensitivity_diagnostic,False,train_on_variant,train_clean_eval_all,train_on_variant - train_clean_eval_all,0.6020760062414812,0.3857781129326397,0.21629789330884136,0.057809707443400915,0.1705941222380183,0.25639253691945485,10,5,2,paired_protocol_crossed_training_graph_seed_bootstrap,scenario
yelpchi,r40_s2,heterophily_rewire_oracle,0.3,pmp,f1_macro,True,oracle_protocol_comparison_diagnostic,oracle_privileged_training_diagnostic,oracle_shift_sensitivity_diagnostic,False,train_on_variant,train_clean_eval_all,train_on_variant - train_clean_eval_all,0.7468343554573431,0.6405302122389808,0.10630414321836228,0.02216201502375097,0.08614439565618562,0.1233018553362938,10,5,2,paired_protocol_crossed_training_graph_seed_bootstrap,scenario
yelpchi,r40_s2,heterophily_rewire_oracle,0.3,secgfd,roc_auc,True,oracle_protocol_comparison_diagnostic,oracle_privileged_training_diagnostic,oracle_shift_sensitivity_diagnostic,False,train_on_variant,train_clean_eval_all,train_on_variant - train_clean_eval_all,0.9999999595069028,0.4711333665408491,0.5288665929660537,0.0591563953385418,0.47918173406877695,0.5785553868396099,10,5,2,paired_protocol_crossed_training_graph_seed_bootstrap,scenario
yelpchi,r40_s2,heterophily_rewire_oracle,0.3,secgfd,average_precision,True,oracle_protocol_comparison_diagnostic,oracle_privileged_training_diagnostic,oracle_shift_sensitivity_diagnostic,False,train_on_variant,train_clean_eval_all,train_on_variant - train_clean_eval_all,0.9999997632248334,0.14118668218218172,0.8588130810426519,0.019077681536986815,0.842258628649357,0.8739783100929097,10,5,2,paired_protocol_crossed_training_graph_seed_bootstrap,scenario
yelpchi,r40_s2,heterophily_rewire_oracle,0.3,secgfd,f1_macro,True,oracle_protocol_comparison_diagnostic,oracle_privileged_training_diagnostic,oracle_shift_sensitivity_diagnostic,False,train_on_variant,train_clean_eval_all,train_on_variant - train_clean_eval_all,0.9998685798146972,0.4878997933835481,0.5119687864311492,0.017297848194165855,0.49645076858064685,0.5253796558287634,10,5,2,paired_protocol_crossed_training_graph_seed_bootstrap,scenario
yelpchi,r40_s2,heterophily_rewire_nonoracle,0.0,mlp,roc_auc,False,non_oracle_controlled_stress,non_oracle_controlled_stress,non_oracle_controlled_stress,True,train_on_variant,train_clean_eval_all,train_on_variant - train_clean_eval_all,0.7798736086571765,0.7798736086571765,0.0,0.0,0.0,0.0,5,5,1,paired_protocol_crossed_training_graph_seed_bootstrap,clean
yelpchi,r40_s2,heterophily_rewire_nonoracle,0.0,mlp,average_precision,False,non_oracle_controlled_stress,non_oracle_controlled_stress,non_oracle_controlled_stress,True,train_on_variant,train_clean_eval_all,train_on_variant - train_clean_eval_all,0.39992793265853593,0.39992793265853593,0.0,0.0,0.0,0.0,5,5,1,paired_protocol_crossed_training_graph_seed_bootstrap,clean
yelpchi,r40_s2,heterophily_rewire_nonoracle,0.0,mlp,f1_macro,False,non_oracle_controlled_stress,non_oracle_controlled_stress,non_oracle_controlled_stress,True,train_on_variant,train_clean_eval_all,train_on_variant - train_clean_eval_all,0.6502925106481887,0.6502925106481887,0.0,0.0,0.0,0.0,5,5,1,paired_protocol_crossed_training_graph_seed_bootstrap,clean
yelpchi,r40_s2,heterophily_rewire_nonoracle,0.0,sage,roc_auc,False,non_oracle_controlled_stress,non_oracle_controlled_stress,non_oracle_controlled_stress,True,train_on_variant,train_clean_eval_all,train_on_variant - train_clean_eval_all,0.7533843559063136,0.7527732912484602,0.0006110646578533441,0.000888587613354036,9.907231743231382e-05,0.0013871109971058703,5,5,1,paired_protocol_crossed_training_graph_seed_bootstrap,clean
yelpchi,r40_s2,heterophily_rewire_nonoracle,0.0,sage,average_precision,False,non_oracle_controlled_stress,non_oracle_controlled_stress,non_oracle_controlled_stress,True,train_on_variant,train_clean_eval_all,train_on_variant - train_clean_eval_all,0.3836856883555406,0.38179236868125566,0.0018933196742849767,0.0018067558448779798,0.0004700414503950201,0.00322494253840392,5,5,1,paired_protocol_crossed_training_graph_seed_bootstrap,clean
yelpchi,r40_s2,heterophily_rewire_nonoracle,0.0,sage,f1_macro,False,non_oracle_controlled_stress,non_oracle_controlled_stress,non_oracle_controlled_stress,True,train_on_variant,train_clean_eval_all,train_on_variant - train_clean_eval_all,0.6382223651484653,0.6375118690202062,0.0007104961282592859,0.00048756377470113375,0.000334776421447569,0.0010696099545517645,5,5,1,paired_protocol_crossed_training_graph_seed_bootstrap,clean
yelpchi,r40_s2,heterophily_rewire_nonoracle,0.0,pmp,roc_auc,False,non_oracle_controlled_stress,non_oracle_controlled_stress,non_oracle_controlled_stress,True,train_on_variant,train_clean_eval_all,train_on_variant - train_clean_eval_all,0.8451213011222972,0.8451213011222972,0.0,0.0,0.0,0.0,5,5,1,paired_protocol_crossed_training_graph_seed_bootstrap,clean
yelpchi,r40_s2,heterophily_rewire_nonoracle,0.0,pmp,average_precision,False,non_oracle_controlled_stress,non_oracle_controlled_stress,non_oracle_controlled_stress,True,train_on_variant,train_clean_eval_all,train_on_variant - train_clean_eval_all,0.5562439717199469,0.5562439717199469,0.0,0.0,0.0,0.0,5,5,1,paired_protocol_crossed_training_graph_seed_bootstrap,clean
yelpchi,r40_s2,heterophily_rewire_nonoracle,0.0,pmp,f1_macro,False,non_oracle_controlled_stress,non_oracle_controlled_stress,non_oracle_controlled_stress,True,train_on_variant,train_clean_eval_all,train_on_variant - train_clean_eval_all,0.7168199074913526,0.7168199074913526,0.0,0.0,0.0,0.0,5,5,1,paired_protocol_crossed_training_graph_seed_bootstrap,clean
yelpchi,r40_s2,heterophily_rewire_nonoracle,0.0,secgfd,roc_auc,False,non_oracle_controlled_stress,non_oracle_controlled_stress,non_oracle_controlled_stress,True,train_on_variant,train_clean_eval_all,train_on_variant - train_clean_eval_all,0.800746421172421,0.8006501000036585,9.632116876228114e-05,0.002196005816394365,-0.0016079165815517716,0.0017117051538471095,5,5,1,paired_protocol_crossed_training_graph_seed_bootstrap,clean
yelpchi,r40_s2,heterophily_rewire_nonoracle,0.0,secgfd,average_precision,False,non_oracle_controlled_stress,non_oracle_controlled_stress,non_oracle_controlled_stress,True,train_on_variant,train_clean_eval_all,train_on_variant - train_clean_eval_all,0.45469081684098045,0.4540566214469175,0.0006341953940629197,0.004393983964875354,-0.0027090779596615653,0.0039774687477874045,5,5,1,paired_protocol_crossed_training_graph_seed_bootstrap,clean
yelpchi,r40_s2,heterophily_rewire_nonoracle,0.0,secgfd,f1_macro,False,non_oracle_controlled_stress,non_oracle_controlled_stress,non_oracle_controlled_stress,True,train_on_variant,train_clean_eval_all,train_on_variant - train_clean_eval_all,0.6739602306018195,0.6736884583885712,0.00027177221324830024,0.0031564114690744343,-0.002577461633152911,0.002525770170015029,5,5,1,paired_protocol_crossed_training_graph_seed_bootstrap,clean
yelpchi,r40_s2,heterophily_rewire_nonoracle,0.15,mlp,roc_auc,False,non_oracle_controlled_stress,non_oracle_controlled_stress,non_oracle_controlled_stress,True,train_on_variant,train_clean_eval_all,train_on_variant - train_clean_eval_all,0.7798736086571765,0.7798736086571765,0.0,0.0,0.0,0.0,10,5,2,paired_protocol_crossed_training_graph_seed_bootstrap,scenario
yelpchi,r40_s2,heterophily_rewire_nonoracle,0.15,mlp,average_precision,False,non_oracle_controlled_stress,non_oracle_controlled_stress,non_oracle_controlled_stress,True,train_on_variant,train_clean_eval_all,train_on_variant - train_clean_eval_all,0.39992793265853593,0.39992793265853593,0.0,0.0,0.0,0.0,10,5,2,paired_protocol_crossed_training_graph_seed_bootstrap,scenario
yelpchi,r40_s2,heterophily_rewire_nonoracle,0.15,mlp,f1_macro,False,non_oracle_controlled_stress,non_oracle_controlled_stress,non_oracle_controlled_stress,True,train_on_variant,train_clean_eval_all,train_on_variant - train_clean_eval_all,0.6502925106481886,0.6502925106481886,0.0,0.0,0.0,0.0,10,5,2,paired_protocol_crossed_training_graph_seed_bootstrap,scenario
yelpchi,r40_s2,heterophily_rewire_nonoracle,0.15,sage,roc_auc,False,non_oracle_controlled_stress,non_oracle_controlled_stress,non_oracle_controlled_stress,True,train_on_variant,train_clean_eval_all,train_on_variant - train_clean_eval_all,0.7461415961673902,0.7483567246076839,-0.0022151284402935566,0.0049755246846764105,-0.006117632828792541,0.0020516342251850244,10,5,2,paired_protocol_crossed_training_graph_seed_bootstrap,scenario
yelpchi,r40_s2,heterophily_rewire_nonoracle,0.15,sage,average_precision,False,non_oracle_controlled_stress,non_oracle_controlled_stress,non_oracle_controlled_stress,True,train_on_variant,train_clean_eval_all,train_on_variant - train_clean_eval_all,0.370389475225665,0.3761761620612689,-0.005786686835603886,0.008501601383180941,-0.012976955750078498,0.0008460480340013232,10,5,2,paired_protocol_crossed_training_graph_seed_bootstrap,scenario
yelpchi,r40_s2,heterophily_rewire_nonoracle,0.15,sage,f1_macro,False,non_oracle_controlled_stress,non_oracle_controlled_stress,non_oracle_controlled_stress,True,train_on_variant,train_clean_eval_all,train_on_variant - train_clean_eval_all,0.6324888075773147,0.6343291190660911,-0.0018403114887763916,0.005129843308451434,-0.005958004477512535,0.002411676425682621,10,5,2,paired_protocol_crossed_training_graph_seed_bootstrap,scenario
yelpchi,r40_s2,heterophily_rewire_nonoracle,0.15,pmp,roc_auc,False,non_oracle_controlled_stress,non_oracle_controlled_stress,non_oracle_controlled_stress,True,train_on_variant,train_clean_eval_all,train_on_variant - train_clean_eval_all,0.8324264316644208,0.8242144553497385,0.008211976314682245,0.0051339551691781575,0.004524586741740566,0.011947231110589374,10,5,2,paired_protocol_crossed_training_graph_seed_bootstrap,scenario
yelpchi,r40_s2,heterophily_rewire_nonoracle,0.15,pmp,average_precision,False,non_oracle_controlled_stress,non_oracle_controlled_stress,non_oracle_controlled_stress,True,train_on_variant,train_clean_eval_all,train_on_variant - train_clean_eval_all,0.5217510237428752,0.5050163746801677,0.016734649062707618,0.013814218768145606,0.006382791591061987,0.029364961213558662,10,5,2,paired_protocol_crossed_training_graph_seed_bootstrap,scenario
yelpchi,r40_s2,heterophily_rewire_nonoracle,0.15,pmp,f1_macro,False,non_oracle_controlled_stress,non_oracle_controlled_stress,non_oracle_controlled_stress,True,train_on_variant,train_clean_eval_all,train_on_variant - train_clean_eval_all,0.7032270350338237,0.6948653089692722,0.008361726064551512,0.007099355890121701,0.004200282101266217,0.014763799798362065,10,5,2,paired_protocol_crossed_training_graph_seed_bootstrap,scenario
yelpchi,r40_s2,heterophily_rewire_nonoracle,0.15,secgfd,roc_auc,False,non_oracle_controlled_stress,non_oracle_controlled_stress,non_oracle_controlled_stress,True,train_on_variant,train_clean_eval_all,train_on_variant - train_clean_eval_all,0.8039805917537379,0.799913069656893,0.004067522096845011,0.005241778285142535,-0.001522049777735801,0.00976742146435237,10,5,2,paired_protocol_crossed_training_graph_seed_bootstrap,scenario
yelpchi,r40_s2,heterophily_rewire_nonoracle,0.15,secgfd,average_precision,False,non_oracle_controlled_stress,non_oracle_controlled_stress,non_oracle_controlled_stress,True,train_on_variant,train_clean_eval_all,train_on_variant - train_clean_eval_all,0.4593573212576191,0.45168785672267814,0.007669464534940951,0.015270789651874984,-0.006570479939411078,0.023684218523683187,10,5,2,paired_protocol_crossed_training_graph_seed_bootstrap,scenario
yelpchi,r40_s2,heterophily_rewire_nonoracle,0.15,secgfd,f1_macro,False,non_oracle_controlled_stress,non_oracle_controlled_stress,non_oracle_controlled_stress,True,train_on_variant,train_clean_eval_all,train_on_variant - train_clean_eval_all,0.6778237567419524,0.6747521045270318,0.0030716522149205282,0.00535295863890727,-0.0022221586460466256,0.008539139919234074,10,5,2,paired_protocol_crossed_training_graph_seed_bootstrap,scenario
yelpchi,r40_s2,heterophily_rewire_nonoracle,0.3,mlp,roc_auc,False,non_oracle_controlled_stress,non_oracle_controlled_stress,non_oracle_controlled_stress,True,train_on_variant,train_clean_eval_all,train_on_variant - train_clean_eval_all,0.7798736086571765,0.7798736086571765,0.0,0.0,0.0,0.0,10,5,2,paired_protocol_crossed_training_graph_seed_bootstrap,scenario
yelpchi,r40_s2,heterophily_rewire_nonoracle,0.3,mlp,average_precision,False,non_oracle_controlled_stress,non_oracle_controlled_stress,non_oracle_controlled_stress,True,train_on_variant,train_clean_eval_all,train_on_variant - train_clean_eval_all,0.39992793265853593,0.39992793265853593,0.0,0.0,0.0,0.0,10,5,2,paired_protocol_crossed_training_graph_seed_bootstrap,scenario
yelpchi,r40_s2,heterophily_rewire_nonoracle,0.3,mlp,f1_macro,False,non_oracle_controlled_stress,non_oracle_controlled_stress,non_oracle_controlled_stress,True,train_on_variant,train_clean_eval_all,train_on_variant - train_clean_eval_all,0.6502925106481886,0.6502925106481886,0.0,0.0,0.0,0.0,10,5,2,paired_protocol_crossed_training_graph_seed_bootstrap,scenario
yelpchi,r40_s2,heterophily_rewire_nonoracle,0.3,sage,roc_auc,False,non_oracle_controlled_stress,non_oracle_controlled_stress,non_oracle_controlled_stress,True,train_on_variant,train_clean_eval_all,train_on_variant - train_clean_eval_all,0.7437732025447578,0.7459005943529184,-0.00212739180816065,0.00253835211579884,-0.004596227427241987,-0.0003507689246157634,10,5,2,paired_protocol_crossed_training_graph_seed_bootstrap,scenario
yelpchi,r40_s2,heterophily_rewire_nonoracle,0.3,sage,average_precision,False,non_oracle_controlled_stress,non_oracle_controlled_stress,non_oracle_controlled_stress,True,train_on_variant,train_clean_eval_all,train_on_variant - train_clean_eval_all,0.3677632352144852,0.3715156333471192,-0.0037523981326340466,0.0075982415204094,-0.01074765626998601,0.0013577094634833753,10,5,2,paired_protocol_crossed_training_graph_seed_bootstrap,scenario
yelpchi,r40_s2,heterophily_rewire_nonoracle,0.3,sage,f1_macro,False,non_oracle_controlled_stress,non_oracle_controlled_stress,non_oracle_controlled_stress,True,train_on_variant,train_clean_eval_all,train_on_variant - train_clean_eval_all,0.6319778008590309,0.632891551457743,-0.0009137505987120598,0.002617404483235066,-0.0030199250806083543,0.0009609460244923707,10,5,2,paired_protocol_crossed_training_graph_seed_bootstrap,scenario
yelpchi,r40_s2,heterophily_rewire_nonoracle,0.3,pmp,roc_auc,False,non_oracle_controlled_stress,non_oracle_controlled_stress,non_oracle_controlled_stress,True,train_on_variant,train_clean_eval_all,train_on_variant - train_clean_eval_all,0.8292831383122248,0.8099156614533152,0.019367476858909473,0.004601682033478679,0.015845478959977198,0.023732051553715428,10,5,2,paired_protocol_crossed_training_graph_seed_bootstrap,scenario
yelpchi,r40_s2,heterophily_rewire_nonoracle,0.3,pmp,average_precision,False,non_oracle_controlled_stress,non_oracle_controlled_stress,non_oracle_controlled_stress,True,train_on_variant,train_clean_eval_all,train_on_variant - train_clean_eval_all,0.5077389841208657,0.48074062764828457,0.026998356472581142,0.010851577160725573,0.01778546397343699,0.03550643028874076,10,5,2,paired_protocol_crossed_training_graph_seed_bootstrap,scenario
yelpchi,r40_s2,heterophily_rewire_nonoracle,0.3,pmp,f1_macro,False,non_oracle_controlled_stress,non_oracle_controlled_stress,non_oracle_controlled_stress,True,train_on_variant,train_clean_eval_all,train_on_variant - train_clean_eval_all,0.6979098770834699,0.6817103178938142,0.01619955918965561,0.005623030070422038,0.011598158900827937,0.020718198596433555,10,5,2,paired_protocol_crossed_training_graph_seed_bootstrap,scenario
yelpchi,r40_s2,heterophily_rewire_nonoracle,0.3,secgfd,roc_auc,False,non_oracle_controlled_stress,non_oracle_controlled_stress,non_oracle_controlled_stress,True,train_on_variant,train_clean_eval_all,train_on_variant - train_clean_eval_all,0.8046353270260649,0.7978967218312863,0.006738605194778447,0.006645086610227128,0.0017382972090441927,0.011315831355205823,10,5,2,paired_protocol_crossed_training_graph_seed_bootstrap,scenario
yelpchi,r40_s2,heterophily_rewire_nonoracle,0.3,secgfd,average_precision,False,non_oracle_controlled_stress,non_oracle_controlled_stress,non_oracle_controlled_stress,True,train_on_variant,train_clean_eval_all,train_on_variant - train_clean_eval_all,0.4573856071971161,0.44972772475278744,0.007657882444328662,0.021650320203907353,-0.0102401503297413,0.024034947007918993,10,5,2,paired_protocol_crossed_training_graph_seed_bootstrap,scenario
yelpchi,r40_s2,heterophily_rewire_nonoracle,0.3,secgfd,f1_macro,False,non_oracle_controlled_stress,non_oracle_controlled_stress,non_oracle_controlled_stress,True,train_on_variant,train_clean_eval_all,train_on_variant - train_clean_eval_all,0.6768340804256867,0.6731243504795377,0.0037097299461491652,0.008650759042514064,-0.002539545698838874,0.010411174716175031,10,5,2,paired_protocol_crossed_training_graph_seed_bootstrap,scenario
yelpchi,r40_s2,camouflage_feature_oracle,0.0,mlp,roc_auc,True,oracle_protocol_comparison_diagnostic,oracle_privileged_training_diagnostic,oracle_shift_sensitivity_diagnostic,False,train_on_variant,train_clean_eval_all,train_on_variant - train_clean_eval_all,0.7798736086571765,0.7798736086571765,0.0,0.0,0.0,0.0,5,5,1,paired_protocol_crossed_training_graph_seed_bootstrap,clean
yelpchi,r40_s2,camouflage_feature_oracle,0.0,mlp,average_precision,True,oracle_protocol_comparison_diagnostic,oracle_privileged_training_diagnostic,oracle_shift_sensitivity_diagnostic,False,train_on_variant,train_clean_eval_all,train_on_variant - train_clean_eval_all,0.39992793265853593,0.39992793265853593,0.0,0.0,0.0,0.0,5,5,1,paired_protocol_crossed_training_graph_seed_bootstrap,clean
yelpchi,r40_s2,camouflage_feature_oracle,0.0,mlp,f1_macro,True,oracle_protocol_comparison_diagnostic,oracle_privileged_training_diagnostic,oracle_shift_sensitivity_diagnostic,False,train_on_variant,train_clean_eval_all,train_on_variant - train_clean_eval_all,0.6502925106481887,0.6502925106481887,0.0,0.0,0.0,0.0,5,5,1,paired_protocol_crossed_training_graph_seed_bootstrap,clean
yelpchi,r40_s2,camouflage_feature_oracle,0.0,sage,roc_auc,True,oracle_protocol_comparison_diagnostic,oracle_privileged_training_diagnostic,oracle_shift_sensitivity_diagnostic,False,train_on_variant,train_clean_eval_all,train_on_variant - train_clean_eval_all,0.7533843559063136,0.7527732912484602,0.0006110646578533441,0.000888587613354036,9.907231743231382e-05,0.0013871109971058703,5,5,1,paired_protocol_crossed_training_graph_seed_bootstrap,clean
yelpchi,r40_s2,camouflage_feature_oracle,0.0,sage,average_precision,True,oracle_protocol_comparison_diagnostic,oracle_privileged_training_diagnostic,oracle_shift_sensitivity_diagnostic,False,train_on_variant,train_clean_eval_all,train_on_variant - train_clean_eval_all,0.3836856883555406,0.38179236868125566,0.0018933196742849767,0.0018067558448779798,0.0004700414503950201,0.00322494253840392,5,5,1,paired_protocol_crossed_training_graph_seed_bootstrap,clean
yelpchi,r40_s2,camouflage_feature_oracle,0.0,sage,f1_macro,True,oracle_protocol_comparison_diagnostic,oracle_privileged_training_diagnostic,oracle_shift_sensitivity_diagnostic,False,train_on_variant,train_clean_eval_all,train_on_variant - train_clean_eval_all,0.6382223651484653,0.6375118690202062,0.0007104961282592859,0.00048756377470113375,0.000334776421447569,0.0010696099545517645,5,5,1,paired_protocol_crossed_training_graph_seed_bootstrap,clean
yelpchi,r40_s2,camouflage_feature_oracle,0.0,pmp,roc_auc,True,oracle_protocol_comparison_diagnostic,oracle_privileged_training_diagnostic,oracle_shift_sensitivity_diagnostic,False,train_on_variant,train_clean_eval_all,train_on_variant - train_clean_eval_all,0.8451213011222972,0.8451213011222972,0.0,0.0,0.0,0.0,5,5,1,paired_protocol_crossed_training_graph_seed_bootstrap,clean
yelpchi,r40_s2,camouflage_feature_oracle,0.0,pmp,average_precision,True,oracle_protocol_comparison_diagnostic,oracle_privileged_training_diagnostic,oracle_shift_sensitivity_diagnostic,False,train_on_variant,train_clean_eval_all,train_on_variant - train_clean_eval_all,0.5562439717199469,0.5562439717199469,0.0,0.0,0.0,0.0,5,5,1,paired_protocol_crossed_training_graph_seed_bootstrap,clean
yelpchi,r40_s2,camouflage_feature_oracle,0.0,pmp,f1_macro,True,oracle_protocol_comparison_diagnostic,oracle_privileged_training_diagnostic,oracle_shift_sensitivity_diagnostic,False,train_on_variant,train_clean_eval_all,train_on_variant - train_clean_eval_all,0.7168199074913526,0.7168199074913526,0.0,0.0,0.0,0.0,5,5,1,paired_protocol_crossed_training_graph_seed_bootstrap,clean
yelpchi,r40_s2,camouflage_feature_oracle,0.0,secgfd,roc_auc,True,oracle_protocol_comparison_diagnostic,oracle_privileged_training_diagnostic,oracle_shift_sensitivity_diagnostic,False,train_on_variant,train_clean_eval_all,train_on_variant - train_clean_eval_all,0.800746421172421,0.8006501000036585,9.632116876228114e-05,0.002196005816394365,-0.0016079165815517716,0.0017117051538471095,5,5,1,paired_protocol_crossed_training_graph_seed_bootstrap,clean
yelpchi,r40_s2,camouflage_feature_oracle,0.0,secgfd,average_precision,True,oracle_protocol_comparison_diagnostic,oracle_privileged_training_diagnostic,oracle_shift_sensitivity_diagnostic,False,train_on_variant,train_clean_eval_all,train_on_variant - train_clean_eval_all,0.45469081684098045,0.4540566214469175,0.0006341953940629197,0.004393983964875354,-0.0027090779596615653,0.0039774687477874045,5,5,1,paired_protocol_crossed_training_graph_seed_bootstrap,clean
yelpchi,r40_s2,camouflage_feature_oracle,0.0,secgfd,f1_macro,True,oracle_protocol_comparison_diagnostic,oracle_privileged_training_diagnostic,oracle_shift_sensitivity_diagnostic,False,train_on_variant,train_clean_eval_all,train_on_variant - train_clean_eval_all,0.6739602306018195,0.6736884583885712,0.00027177221324830024,0.0031564114690744343,-0.002577461633152911,0.002525770170015029,5,5,1,paired_protocol_crossed_training_graph_seed_bootstrap,clean
yelpchi,r40_s2,camouflage_feature_oracle,0.15,mlp,roc_auc,True,oracle_protocol_comparison_diagnostic,oracle_privileged_training_diagnostic,oracle_shift_sensitivity_diagnostic,False,train_on_variant,train_clean_eval_all,train_on_variant - train_clean_eval_all,0.7352289684569253,0.7382154689634224,-0.0029865005064971806,0.001455438209558291,-0.004199136572831908,-0.0017074135107934593,10,5,2,paired_protocol_crossed_training_graph_seed_bootstrap,scenario
yelpchi,r40_s2,camouflage_feature_oracle,0.15,mlp,average_precision,True,oracle_protocol_comparison_diagnostic,oracle_privileged_training_diagnostic,oracle_shift_sensitivity_diagnostic,False,train_on_variant,train_clean_eval_all,train_on_variant - train_clean_eval_all,0.35534581941818244,0.3591561083408502,-0.003810288922667804,0.00224032181652383,-0.0058892505854783676,-0.0017008000586551638,10,5,2,paired_protocol_crossed_training_graph_seed_bootstrap,scenario
yelpchi,r40_s2,camouflage_feature_oracle,0.15,mlp,f1_macro,True,oracle_protocol_comparison_diagnostic,oracle_privileged_training_diagnostic,oracle_shift_sensitivity_diagnostic,False,train_on_variant,train_clean_eval_all,train_on_variant - train_clean_eval_all,0.6297127378222005,0.6310559663985731,-0.001343228576372668,0.0023571641478116637,-0.0031616553924720043,0.0011938823143506513,10,5,2,paired_protocol_crossed_training_graph_seed_bootstrap,scenario
yelpchi,r40_s2,camouflage_feature_oracle,0.15,sage,roc_auc,True,oracle_protocol_comparison_diagnostic,oracle_privileged_training_diagnostic,oracle_shift_sensitivity_diagnostic,False,train_on_variant,train_clean_eval_all,train_on_variant - train_clean_eval_all,0.7123660964730417,0.7167475663172129,-0.004381469844171116,0.004103182433961792,-0.007397926905862407,-0.0011817553157432714,10,5,2,paired_protocol_crossed_training_graph_seed_bootstrap,scenario
yelpchi,r40_s2,camouflage_feature_oracle,0.15,sage,average_precision,True,oracle_protocol_comparison_diagnostic,oracle_privileged_training_diagnostic,oracle_shift_sensitivity_diagnostic,False,train_on_variant,train_clean_eval_all,train_on_variant - train_clean_eval_all,0.33998987404564013,0.3448777437426749,-0.004887869697034775,0.008008579446963877,-0.012780485592404411,0.0008990619136647033,10,5,2,paired_protocol_crossed_training_graph_seed_bootstrap,scenario
yelpchi,r40_s2,camouflage_feature_oracle,0.15,sage,f1_macro,True,oracle_protocol_comparison_diagnostic,oracle_privileged_training_diagnostic,oracle_shift_sensitivity_diagnostic,False,train_on_variant,train_clean_eval_all,train_on_variant - train_clean_eval_all,0.6181517575756517,0.6205136187422405,-0.0023618611665887747,0.0036087646562912063,-0.005731053745346282,0.0008049509179047565,10,5,2,paired_protocol_crossed_training_graph_seed_bootstrap,scenario
yelpchi,r40_s2,camouflage_feature_oracle,0.15,pmp,roc_auc,True,oracle_protocol_comparison_diagnostic,oracle_privileged_training_diagnostic,oracle_shift_sensitivity_diagnostic,False,train_on_variant,train_clean_eval_all,train_on_variant - train_clean_eval_all,0.8007739552876172,0.7989641353589919,0.0018098199286254225,0.005288541395725449,-0.0018661005699903478,0.005953976403100092,10,5,2,paired_protocol_crossed_training_graph_seed_bootstrap,scenario
yelpchi,r40_s2,camouflage_feature_oracle,0.15,pmp,average_precision,True,oracle_protocol_comparison_diagnostic,oracle_privileged_training_diagnostic,oracle_shift_sensitivity_diagnostic,False,train_on_variant,train_clean_eval_all,train_on_variant - train_clean_eval_all,0.49811014223409256,0.4966268025769079,0.0014833396571846623,0.01389477754157332,-0.007681593939117229,0.014149943439393676,10,5,2,paired_protocol_crossed_training_graph_seed_bootstrap,scenario
yelpchi,r40_s2,camouflage_feature_oracle,0.15,pmp,f1_macro,True,oracle_protocol_comparison_diagnostic,oracle_privileged_training_diagnostic,oracle_shift_sensitivity_diagnostic,False,train_on_variant,train_clean_eval_all,train_on_variant - train_clean_eval_all,0.6930618742767953,0.6905283053724617,0.0025335689043334718,0.005799680592766438,-0.0036981866637609607,0.008285938877225374,10,5,2,paired_protocol_crossed_training_graph_seed_bootstrap,scenario
yelpchi,r40_s2,camouflage_feature_oracle,0.15,secgfd,roc_auc,True,oracle_protocol_comparison_diagnostic,oracle_privileged_training_diagnostic,oracle_shift_sensitivity_diagnostic,False,train_on_variant,train_clean_eval_all,train_on_variant - train_clean_eval_all,0.7533707788089808,0.7559681299315829,-0.002597351122602043,0.0077908276201315435,-0.009401538640037883,0.006235846471517292,10,5,2,paired_protocol_crossed_training_graph_seed_bootstrap,scenario
yelpchi,r40_s2,camouflage_feature_oracle,0.15,secgfd,average_precision,True,oracle_protocol_comparison_diagnostic,oracle_privileged_training_diagnostic,oracle_shift_sensitivity_diagnostic,False,train_on_variant,train_clean_eval_all,train_on_variant - train_clean_eval_all,0.3977590911033204,0.40675663398386186,-0.008997542880541465,0.013421778127673662,-0.023103138192310337,0.0036318296528777606,10,5,2,paired_protocol_crossed_training_graph_seed_bootstrap,scenario
yelpchi,r40_s2,camouflage_feature_oracle,0.15,secgfd,f1_macro,True,oracle_protocol_comparison_diagnostic,oracle_privileged_training_diagnostic,oracle_shift_sensitivity_diagnostic,False,train_on_variant,train_clean_eval_all,train_on_variant - train_clean_eval_all,0.6498535148117508,0.6514938794208499,-0.0016403646090990542,0.007327966796012009,-0.009207577669016096,0.004931258091336499,10,5,2,paired_protocol_crossed_training_graph_seed_bootstrap,scenario
yelpchi,r40_s2,camouflage_feature_oracle,0.3,mlp,roc_auc,True,oracle_protocol_comparison_diagnostic,oracle_privileged_training_diagnostic,oracle_shift_sensitivity_diagnostic,False,train_on_variant,train_clean_eval_all,train_on_variant - train_clean_eval_all,0.6928697146027446,0.6974982637989042,-0.004628549196159603,0.0014414202638599204,-0.005755541170713552,-0.0033769956903910935,10,5,2,paired_protocol_crossed_training_graph_seed_bootstrap,scenario
yelpchi,r40_s2,camouflage_feature_oracle,0.3,mlp,average_precision,True,oracle_protocol_comparison_diagnostic,oracle_privileged_training_diagnostic,oracle_shift_sensitivity_diagnostic,False,train_on_variant,train_clean_eval_all,train_on_variant - train_clean_eval_all,0.31216367640246284,0.31789541106302255,-0.005731734660559667,0.0027298498359935564,-0.008590607522884985,-0.0034985771876057227,10,5,2,paired_protocol_crossed_training_graph_seed_bootstrap,scenario
yelpchi,r40_s2,camouflage_feature_oracle,0.3,mlp,f1_macro,True,oracle_protocol_comparison_diagnostic,oracle_privileged_training_diagnostic,oracle_shift_sensitivity_diagnostic,False,train_on_variant,train_clean_eval_all,train_on_variant - train_clean_eval_all,0.608229346277248,0.6106823852106926,-0.00245303893344464,0.0025957038146186395,-0.004595167624004103,-0.00013966519228466527,10,5,2,paired_protocol_crossed_training_graph_seed_bootstrap,scenario
yelpchi,r40_s2,camouflage_feature_oracle,0.3,sage,roc_auc,True,oracle_protocol_comparison_diagnostic,oracle_privileged_training_diagnostic,oracle_shift_sensitivity_diagnostic,False,train_on_variant,train_clean_eval_all,train_on_variant - train_clean_eval_all,0.6840565527549789,0.6791884964160274,0.004868056338951421,0.0793529747731457,-0.06905167887477973,0.07107786836904097,10,5,2,paired_protocol_crossed_training_graph_seed_bootstrap,scenario
yelpchi,r40_s2,camouflage_feature_oracle,0.3,sage,average_precision,True,oracle_protocol_comparison_diagnostic,oracle_privileged_training_diagnostic,oracle_shift_sensitivity_diagnostic,False,train_on_variant,train_clean_eval_all,train_on_variant - train_clean_eval_all,0.3147251015652216,0.3059053177781305,0.008819783787091034,0.09056478159822633,-0.06991033998750992,0.08747354909850008,10,5,2,paired_protocol_crossed_training_graph_seed_bootstrap,scenario
yelpchi,r40_s2,camouflage_feature_oracle,0.3,sage,f1_macro,True,oracle_protocol_comparison_diagnostic,oracle_privileged_training_diagnostic,oracle_shift_sensitivity_diagnostic,False,train_on_variant,train_clean_eval_all,train_on_variant - train_clean_eval_all,0.6061456095298317,0.6013082488249554,0.004837360704876348,0.05173995713404491,-0.040703433226910966,0.05040600671786859,10,5,2,paired_protocol_crossed_training_graph_seed_bootstrap,scenario
yelpchi,r40_s2,camouflage_feature_oracle,0.3,pmp,roc_auc,True,oracle_protocol_comparison_diagnostic,oracle_privileged_training_diagnostic,oracle_shift_sensitivity_diagnostic,False,train_on_variant,train_clean_eval_all,train_on_variant - train_clean_eval_all,0.7657472379420132,0.7603245690867502,0.005422668855263024,0.008120665350100855,-0.0011791834681260792,0.012276111283034807,10,5,2,paired_protocol_crossed_training_graph_seed_bootstrap,scenario
yelpchi,r40_s2,camouflage_feature_oracle,0.3,pmp,average_precision,True,oracle_protocol_comparison_diagnostic,oracle_privileged_training_diagnostic,oracle_shift_sensitivity_diagnostic,False,train_on_variant,train_clean_eval_all,train_on_variant - train_clean_eval_all,0.43585254824873393,0.44223468156036383,-0.006382133311629878,0.018753084328949704,-0.019605920236212847,0.016514518019529644,10,5,2,paired_protocol_crossed_training_graph_seed_bootstrap,scenario
yelpchi,r40_s2,camouflage_feature_oracle,0.3,pmp,f1_macro,True,oracle_protocol_comparison_diagnostic,oracle_privileged_training_diagnostic,oracle_shift_sensitivity_diagnostic,False,train_on_variant,train_clean_eval_all,train_on_variant - train_clean_eval_all,0.6636762855180998,0.6671359251631024,-0.0034596396450025215,0.008350230357091737,-0.009895533536956236,0.006083666651513409,10,5,2,paired_protocol_crossed_training_graph_seed_bootstrap,scenario
yelpchi,r40_s2,camouflage_feature_oracle,0.3,secgfd,roc_auc,True,oracle_protocol_comparison_diagnostic,oracle_privileged_training_diagnostic,oracle_shift_sensitivity_diagnostic,False,train_on_variant,train_clean_eval_all,train_on_variant - train_clean_eval_all,0.7256967242322889,0.7142810531559081,0.01141567107638084,0.019168480587703308,-0.002428594948595708,0.027793174550212196,10,5,2,paired_protocol_crossed_training_graph_seed_bootstrap,scenario
yelpchi,r40_s2,camouflage_feature_oracle,0.3,secgfd,average_precision,True,oracle_protocol_comparison_diagnostic,oracle_privileged_training_diagnostic,oracle_shift_sensitivity_diagnostic,False,train_on_variant,train_clean_eval_all,train_on_variant - train_clean_eval_all,0.3729275828989643,0.3608971663318802,0.012030416567084262,0.030540490935485696,-0.011334071182481292,0.03971285047605394,10,5,2,paired_protocol_crossed_training_graph_seed_bootstrap,scenario
yelpchi,r40_s2,camouflage_feature_oracle,0.3,secgfd,f1_macro,True,oracle_protocol_comparison_diagnostic,oracle_privileged_training_diagnostic,oracle_shift_sensitivity_diagnostic,False,train_on_variant,train_clean_eval_all,train_on_variant - train_clean_eval_all,0.6356168410082592,0.6308420153219252,0.004774825686334172,0.014095745301497063,-0.00639696167642072,0.01719179771652135,10,5,2,paired_protocol_crossed_training_graph_seed_bootstrap,scenario
yelpchi,r40_s2,camouflage_relation_oracle,0.0,mlp,roc_auc,True,oracle_protocol_comparison_diagnostic,oracle_privileged_training_diagnostic,oracle_shift_sensitivity_diagnostic,False,train_on_variant,train_clean_eval_all,train_on_variant - train_clean_eval_all,0.7798736086571765,0.7798736086571765,0.0,0.0,0.0,0.0,5,5,1,paired_protocol_crossed_training_graph_seed_bootstrap,clean
yelpchi,r40_s2,camouflage_relation_oracle,0.0,mlp,average_precision,True,oracle_protocol_comparison_diagnostic,oracle_privileged_training_diagnostic,oracle_shift_sensitivity_diagnostic,False,train_on_variant,train_clean_eval_all,train_on_variant - train_clean_eval_all,0.39992793265853593,0.39992793265853593,0.0,0.0,0.0,0.0,5,5,1,paired_protocol_crossed_training_graph_seed_bootstrap,clean
yelpchi,r40_s2,camouflage_relation_oracle,0.0,mlp,f1_macro,True,oracle_protocol_comparison_diagnostic,oracle_privileged_training_diagnostic,oracle_shift_sensitivity_diagnostic,False,train_on_variant,train_clean_eval_all,train_on_variant - train_clean_eval_all,0.6502925106481887,0.6502925106481887,0.0,0.0,0.0,0.0,5,5,1,paired_protocol_crossed_training_graph_seed_bootstrap,clean
yelpchi,r40_s2,camouflage_relation_oracle,0.0,sage,roc_auc,True,oracle_protocol_comparison_diagnostic,oracle_privileged_training_diagnostic,oracle_shift_sensitivity_diagnostic,False,train_on_variant,train_clean_eval_all,train_on_variant - train_clean_eval_all,0.7533843559063136,0.7527732912484602,0.0006110646578533441,0.000888587613354036,9.907231743231382e-05,0.0013871109971058703,5,5,1,paired_protocol_crossed_training_graph_seed_bootstrap,clean
yelpchi,r40_s2,camouflage_relation_oracle,0.0,sage,average_precision,True,oracle_protocol_comparison_diagnostic,oracle_privileged_training_diagnostic,oracle_shift_sensitivity_diagnostic,False,train_on_variant,train_clean_eval_all,train_on_variant - train_clean_eval_all,0.3836856883555406,0.38179236868125566,0.0018933196742849767,0.0018067558448779798,0.0004700414503950201,0.00322494253840392,5,5,1,paired_protocol_crossed_training_graph_seed_bootstrap,clean
yelpchi,r40_s2,camouflage_relation_oracle,0.0,sage,f1_macro,True,oracle_protocol_comparison_diagnostic,oracle_privileged_training_diagnostic,oracle_shift_sensitivity_diagnostic,False,train_on_variant,train_clean_eval_all,train_on_variant - train_clean_eval_all,0.6382223651484653,0.6375118690202062,0.0007104961282592859,0.00048756377470113375,0.000334776421447569,0.0010696099545517645,5,5,1,paired_protocol_crossed_training_graph_seed_bootstrap,clean
yelpchi,r40_s2,camouflage_relation_oracle,0.0,pmp,roc_auc,True,oracle_protocol_comparison_diagnostic,oracle_privileged_training_diagnostic,oracle_shift_sensitivity_diagnostic,False,train_on_variant,train_clean_eval_all,train_on_variant - train_clean_eval_all,0.8451213011222972,0.8451213011222972,0.0,0.0,0.0,0.0,5,5,1,paired_protocol_crossed_training_graph_seed_bootstrap,clean
yelpchi,r40_s2,camouflage_relation_oracle,0.0,pmp,average_precision,True,oracle_protocol_comparison_diagnostic,oracle_privileged_training_diagnostic,oracle_shift_sensitivity_diagnostic,False,train_on_variant,train_clean_eval_all,train_on_variant - train_clean_eval_all,0.5562439717199469,0.5562439717199469,0.0,0.0,0.0,0.0,5,5,1,paired_protocol_crossed_training_graph_seed_bootstrap,clean
yelpchi,r40_s2,camouflage_relation_oracle,0.0,pmp,f1_macro,True,oracle_protocol_comparison_diagnostic,oracle_privileged_training_diagnostic,oracle_shift_sensitivity_diagnostic,False,train_on_variant,train_clean_eval_all,train_on_variant - train_clean_eval_all,0.7168199074913526,0.7168199074913526,0.0,0.0,0.0,0.0,5,5,1,paired_protocol_crossed_training_graph_seed_bootstrap,clean
yelpchi,r40_s2,camouflage_relation_oracle,0.0,secgfd,roc_auc,True,oracle_protocol_comparison_diagnostic,oracle_privileged_training_diagnostic,oracle_shift_sensitivity_diagnostic,False,train_on_variant,train_clean_eval_all,train_on_variant - train_clean_eval_all,0.800746421172421,0.8006501000036585,9.632116876228114e-05,0.002196005816394365,-0.0016079165815517716,0.0017117051538471095,5,5,1,paired_protocol_crossed_training_graph_seed_bootstrap,clean
yelpchi,r40_s2,camouflage_relation_oracle,0.0,secgfd,average_precision,True,oracle_protocol_comparison_diagnostic,oracle_privileged_training_diagnostic,oracle_shift_sensitivity_diagnostic,False,train_on_variant,train_clean_eval_all,train_on_variant - train_clean_eval_all,0.45469081684098045,0.4540566214469175,0.0006341953940629197,0.004393983964875354,-0.0027090779596615653,0.0039774687477874045,5,5,1,paired_protocol_crossed_training_graph_seed_bootstrap,clean
yelpchi,r40_s2,camouflage_relation_oracle,0.0,secgfd,f1_macro,True,oracle_protocol_comparison_diagnostic,oracle_privileged_training_diagnostic,oracle_shift_sensitivity_diagnostic,False,train_on_variant,train_clean_eval_all,train_on_variant - train_clean_eval_all,0.6739602306018195,0.6736884583885712,0.00027177221324830024,0.0031564114690744343,-0.002577461633152911,0.002525770170015029,5,5,1,paired_protocol_crossed_training_graph_seed_bootstrap,clean
yelpchi,r40_s2,camouflage_relation_oracle,0.15,mlp,roc_auc,True,oracle_protocol_comparison_diagnostic,oracle_privileged_training_diagnostic,oracle_shift_sensitivity_diagnostic,False,train_on_variant,train_clean_eval_all,train_on_variant - train_clean_eval_all,0.7798736086571765,0.7798736086571765,0.0,0.0,0.0,0.0,10,5,2,paired_protocol_crossed_training_graph_seed_bootstrap,scenario
yelpchi,r40_s2,camouflage_relation_oracle,0.15,mlp,average_precision,True,oracle_protocol_comparison_diagnostic,oracle_privileged_training_diagnostic,oracle_shift_sensitivity_diagnostic,False,train_on_variant,train_clean_eval_all,train_on_variant - train_clean_eval_all,0.39992793265853593,0.39992793265853593,0.0,0.0,0.0,0.0,10,5,2,paired_protocol_crossed_training_graph_seed_bootstrap,scenario
yelpchi,r40_s2,camouflage_relation_oracle,0.15,mlp,f1_macro,True,oracle_protocol_comparison_diagnostic,oracle_privileged_training_diagnostic,oracle_shift_sensitivity_diagnostic,False,train_on_variant,train_clean_eval_all,train_on_variant - train_clean_eval_all,0.6502925106481886,0.6502925106481886,0.0,0.0,0.0,0.0,10,5,2,paired_protocol_crossed_training_graph_seed_bootstrap,scenario
yelpchi,r40_s2,camouflage_relation_oracle,0.15,sage,roc_auc,True,oracle_protocol_comparison_diagnostic,oracle_privileged_training_diagnostic,oracle_shift_sensitivity_diagnostic,False,train_on_variant,train_clean_eval_all,train_on_variant - train_clean_eval_all,0.7512430916394045,0.7516440149868288,-0.0004009233474242979,0.001901622097875475,-0.0024689451290900834,0.0012319858119808958,10,5,2,paired_protocol_crossed_training_graph_seed_bootstrap,scenario
yelpchi,r40_s2,camouflage_relation_oracle,0.15,sage,average_precision,True,oracle_protocol_comparison_diagnostic,oracle_privileged_training_diagnostic,oracle_shift_sensitivity_diagnostic,False,train_on_variant,train_clean_eval_all,train_on_variant - train_clean_eval_all,0.37534970679902846,0.37891668284383445,-0.0035669760448059583,0.0038190863909155544,-0.007058348785467294,-0.0006844849713096735,10,5,2,paired_protocol_crossed_training_graph_seed_bootstrap,scenario
yelpchi,r40_s2,camouflage_relation_oracle,0.15,sage,f1_macro,True,oracle_protocol_comparison_diagnostic,oracle_privileged_training_diagnostic,oracle_shift_sensitivity_diagnostic,False,train_on_variant,train_clean_eval_all,train_on_variant - train_clean_eval_all,0.6354924797996018,0.6366618299925557,-0.0011693501929538775,0.0020491067385778757,-0.0034381990497027058,0.0002443561428687593,10,5,2,paired_protocol_crossed_training_graph_seed_bootstrap,scenario
yelpchi,r40_s2,camouflage_relation_oracle,0.15,pmp,roc_auc,True,oracle_protocol_comparison_diagnostic,oracle_privileged_training_diagnostic,oracle_shift_sensitivity_diagnostic,False,train_on_variant,train_clean_eval_all,train_on_variant - train_clean_eval_all,0.8437615179042375,0.8426678386480603,0.0010936792561770602,0.0048280418027327,-0.0023568074756164367,0.004653359555075199,10,5,2,paired_protocol_crossed_training_graph_seed_bootstrap,scenario
yelpchi,r40_s2,camouflage_relation_oracle,0.15,pmp,average_precision,True,oracle_protocol_comparison_diagnostic,oracle_privileged_training_diagnostic,oracle_shift_sensitivity_diagnostic,False,train_on_variant,train_clean_eval_all,train_on_variant - train_clean_eval_all,0.5588270985428767,0.5509922676798941,0.007834830862982756,0.01448129095845554,-0.002939179693555505,0.01831772085493405,10,5,2,paired_protocol_crossed_training_graph_seed_bootstrap,scenario
yelpchi,r40_s2,camouflage_relation_oracle,0.15,pmp,f1_macro,True,oracle_protocol_comparison_diagnostic,oracle_privileged_training_diagnostic,oracle_shift_sensitivity_diagnostic,False,train_on_variant,train_clean_eval_all,train_on_variant - train_clean_eval_all,0.7170996568653212,0.7143603692677516,0.002739287597569806,0.004600878797275133,-0.000994306893782726,0.006114233309080794,10,5,2,paired_protocol_crossed_training_graph_seed_bootstrap,scenario
yelpchi,r40_s2,camouflage_relation_oracle,0.15,secgfd,roc_auc,True,oracle_protocol_comparison_diagnostic,oracle_privileged_training_diagnostic,oracle_shift_sensitivity_diagnostic,False,train_on_variant,train_clean_eval_all,train_on_variant - train_clean_eval_all,0.8063708826142267,0.8037344389790938,0.0026364436351330235,0.008950184268685355,-0.004633920486420218,0.009055850080643224,10,5,2,paired_protocol_crossed_training_graph_seed_bootstrap,scenario
yelpchi,r40_s2,camouflage_relation_oracle,0.15,secgfd,average_precision,True,oracle_protocol_comparison_diagnostic,oracle_privileged_training_diagnostic,oracle_shift_sensitivity_diagnostic,False,train_on_variant,train_clean_eval_all,train_on_variant - train_clean_eval_all,0.4648099101686779,0.45877963468373073,0.006030275484947245,0.022289944541235614,-0.011774120933874475,0.021921212197575222,10,5,2,paired_protocol_crossed_training_graph_seed_bootstrap,scenario
yelpchi,r40_s2,camouflage_relation_oracle,0.15,secgfd,f1_macro,True,oracle_protocol_comparison_diagnostic,oracle_privileged_training_diagnostic,oracle_shift_sensitivity_diagnostic,False,train_on_variant,train_clean_eval_all,train_on_variant - train_clean_eval_all,0.6790847941671989,0.6760549977070219,0.003029796460176748,0.010629231517312225,-0.005453064352352784,0.01062578572409938,10,5,2,paired_protocol_crossed_training_graph_seed_bootstrap,scenario
yelpchi,r40_s2,camouflage_relation_oracle,0.3,mlp,roc_auc,True,oracle_protocol_comparison_diagnostic,oracle_privileged_training_diagnostic,oracle_shift_sensitivity_diagnostic,False,train_on_variant,train_clean_eval_all,train_on_variant - train_clean_eval_all,0.7798736086571765,0.7798736086571765,0.0,0.0,0.0,0.0,10,5,2,paired_protocol_crossed_training_graph_seed_bootstrap,scenario
yelpchi,r40_s2,camouflage_relation_oracle,0.3,mlp,average_precision,True,oracle_protocol_comparison_diagnostic,oracle_privileged_training_diagnostic,oracle_shift_sensitivity_diagnostic,False,train_on_variant,train_clean_eval_all,train_on_variant - train_clean_eval_all,0.39992793265853593,0.39992793265853593,0.0,0.0,0.0,0.0,10,5,2,paired_protocol_crossed_training_graph_seed_bootstrap,scenario
yelpchi,r40_s2,camouflage_relation_oracle,0.3,mlp,f1_macro,True,oracle_protocol_comparison_diagnostic,oracle_privileged_training_diagnostic,oracle_shift_sensitivity_diagnostic,False,train_on_variant,train_clean_eval_all,train_on_variant - train_clean_eval_all,0.6502925106481886,0.6502925106481886,0.0,0.0,0.0,0.0,10,5,2,paired_protocol_crossed_training_graph_seed_bootstrap,scenario
yelpchi,r40_s2,camouflage_relation_oracle,0.3,sage,roc_auc,True,oracle_protocol_comparison_diagnostic,oracle_privileged_training_diagnostic,oracle_shift_sensitivity_diagnostic,False,train_on_variant,train_clean_eval_all,train_on_variant - train_clean_eval_all,0.7575392251869733,0.7507438736802108,0.006795351506762448,0.00841220797011093,0.0010360968212823265,0.013924760347558473,10,5,2,paired_protocol_crossed_training_graph_seed_bootstrap,scenario
yelpchi,r40_s2,camouflage_relation_oracle,0.3,sage,average_precision,True,oracle_protocol_comparison_diagnostic,oracle_privileged_training_diagnostic,oracle_shift_sensitivity_diagnostic,False,train_on_variant,train_clean_eval_all,train_on_variant - train_clean_eval_all,0.3868906259304246,0.376707075147383,0.010183550783041562,0.01309408300614177,0.000476927859251397,0.020933278948734167,10,5,2,paired_protocol_crossed_training_graph_seed_bootstrap,scenario
yelpchi,r40_s2,camouflage_relation_oracle,0.3,sage,f1_macro,True,oracle_protocol_comparison_diagnostic,oracle_privileged_training_diagnostic,oracle_shift_sensitivity_diagnostic,False,train_on_variant,train_clean_eval_all,train_on_variant - train_clean_eval_all,0.6410921989324795,0.6360251920376789,0.005067006894800619,0.007477564966685931,-0.0004854904052547185,0.01142800027677265,10,5,2,paired_protocol_crossed_training_graph_seed_bootstrap,scenario
yelpchi,r40_s2,camouflage_relation_oracle,0.3,pmp,roc_auc,True,oracle_protocol_comparison_diagnostic,oracle_privileged_training_diagnostic,oracle_shift_sensitivity_diagnostic,False,train_on_variant,train_clean_eval_all,train_on_variant - train_clean_eval_all,0.8384176867274871,0.8381803566841622,0.00023733004332476826,0.0040368421535294545,-0.002847717561313212,0.003409090042928398,10,5,2,paired_protocol_crossed_training_graph_seed_bootstrap,scenario
yelpchi,r40_s2,camouflage_relation_oracle,0.3,pmp,average_precision,True,oracle_protocol_comparison_diagnostic,oracle_privileged_training_diagnostic,oracle_shift_sensitivity_diagnostic,False,train_on_variant,train_clean_eval_all,train_on_variant - train_clean_eval_all,0.5469365182302022,0.5410969759072366,0.005839542322965419,0.012421821200464232,-0.0060986467879514,0.01632926635198213,10,5,2,paired_protocol_crossed_training_graph_seed_bootstrap,scenario
yelpchi,r40_s2,camouflage_relation_oracle,0.3,pmp,f1_macro,True,oracle_protocol_comparison_diagnostic,oracle_privileged_training_diagnostic,oracle_shift_sensitivity_diagnostic,False,train_on_variant,train_clean_eval_all,train_on_variant - train_clean_eval_all,0.7120507190534877,0.7094919256771067,0.002558793376381041,0.004503460116209254,-0.0007087968428078251,0.0062615753793048064,10,5,2,paired_protocol_crossed_training_graph_seed_bootstrap,scenario
yelpchi,r40_s2,camouflage_relation_oracle,0.3,secgfd,roc_auc,True,oracle_protocol_comparison_diagnostic,oracle_privileged_training_diagnostic,oracle_shift_sensitivity_diagnostic,False,train_on_variant,train_clean_eval_all,train_on_variant - train_clean_eval_all,0.8274048921949889,0.807061698427229,0.020343193767759782,0.0067770609065866605,0.014474593487414155,0.02522208995998897,10,5,2,paired_protocol_crossed_training_graph_seed_bootstrap,scenario
yelpchi,r40_s2,camouflage_relation_oracle,0.3,secgfd,average_precision,True,oracle_protocol_comparison_diagnostic,oracle_privileged_training_diagnostic,oracle_shift_sensitivity_diagnostic,False,train_on_variant,train_clean_eval_all,train_on_variant - train_clean_eval_all,0.5067952953720656,0.46413000180044256,0.04266529357162286,0.019412373614226874,0.024902490221585038,0.056768283792127346,10,5,2,paired_protocol_crossed_training_graph_seed_bootstrap,scenario
yelpchi,r40_s2,camouflage_relation_oracle,0.3,secgfd,f1_macro,True,oracle_protocol_comparison_diagnostic,oracle_privileged_training_diagnostic,oracle_shift_sensitivity_diagnostic,False,train_on_variant,train_clean_eval_all,train_on_variant - train_clean_eval_all,0.7008395521526359,0.6791029931752908,0.021736558977345267,0.009454833600744828,0.014824368177268687,0.028720274731763328,10,5,2,paired_protocol_crossed_training_graph_seed_bootstrap,scenario
yelpchi,r40_s2,noise_edges_uniform,0.0,mlp,roc_auc,False,non_oracle_controlled_stress,non_oracle_controlled_stress,non_oracle_controlled_stress,True,train_on_variant,train_clean_eval_all,train_on_variant - train_clean_eval_all,0.7798736086571765,0.7798736086571765,0.0,0.0,0.0,0.0,5,5,1,paired_protocol_crossed_training_graph_seed_bootstrap,clean
yelpchi,r40_s2,noise_edges_uniform,0.0,mlp,average_precision,False,non_oracle_controlled_stress,non_oracle_controlled_stress,non_oracle_controlled_stress,True,train_on_variant,train_clean_eval_all,train_on_variant - train_clean_eval_all,0.39992793265853593,0.39992793265853593,0.0,0.0,0.0,0.0,5,5,1,paired_protocol_crossed_training_graph_seed_bootstrap,clean
yelpchi,r40_s2,noise_edges_uniform,0.0,mlp,f1_macro,False,non_oracle_controlled_stress,non_oracle_controlled_stress,non_oracle_controlled_stress,True,train_on_variant,train_clean_eval_all,train_on_variant - train_clean_eval_all,0.6502925106481887,0.6502925106481887,0.0,0.0,0.0,0.0,5,5,1,paired_protocol_crossed_training_graph_seed_bootstrap,clean
yelpchi,r40_s2,noise_edges_uniform,0.0,sage,roc_auc,False,non_oracle_controlled_stress,non_oracle_controlled_stress,non_oracle_controlled_stress,True,train_on_variant,train_clean_eval_all,train_on_variant - train_clean_eval_all,0.7533843559063136,0.7527732912484602,0.0006110646578533441,0.000888587613354036,9.907231743231382e-05,0.0013871109971058703,5,5,1,paired_protocol_crossed_training_graph_seed_bootstrap,clean
yelpchi,r40_s2,noise_edges_uniform,0.0,sage,average_precision,False,non_oracle_controlled_stress,non_oracle_controlled_stress,non_oracle_controlled_stress,True,train_on_variant,train_clean_eval_all,train_on_variant - train_clean_eval_all,0.3836856883555406,0.38179236868125566,0.0018933196742849767,0.0018067558448779798,0.0004700414503950201,0.00322494253840392,5,5,1,paired_protocol_crossed_training_graph_seed_bootstrap,clean
yelpchi,r40_s2,noise_edges_uniform,0.0,sage,f1_macro,False,non_oracle_controlled_stress,non_oracle_controlled_stress,non_oracle_controlled_stress,True,train_on_variant,train_clean_eval_all,train_on_variant - train_clean_eval_all,0.6382223651484653,0.6375118690202062,0.0007104961282592859,0.00048756377470113375,0.000334776421447569,0.0010696099545517645,5,5,1,paired_protocol_crossed_training_graph_seed_bootstrap,clean
yelpchi,r40_s2,noise_edges_uniform,0.0,pmp,roc_auc,False,non_oracle_controlled_stress,non_oracle_controlled_stress,non_oracle_controlled_stress,True,train_on_variant,train_clean_eval_all,train_on_variant - train_clean_eval_all,0.8451213011222972,0.8451213011222972,0.0,0.0,0.0,0.0,5,5,1,paired_protocol_crossed_training_graph_seed_bootstrap,clean
yelpchi,r40_s2,noise_edges_uniform,0.0,pmp,average_precision,False,non_oracle_controlled_stress,non_oracle_controlled_stress,non_oracle_controlled_stress,True,train_on_variant,train_clean_eval_all,train_on_variant - train_clean_eval_all,0.5562439717199469,0.5562439717199469,0.0,0.0,0.0,0.0,5,5,1,paired_protocol_crossed_training_graph_seed_bootstrap,clean
yelpchi,r40_s2,noise_edges_uniform,0.0,pmp,f1_macro,False,non_oracle_controlled_stress,non_oracle_controlled_stress,non_oracle_controlled_stress,True,train_on_variant,train_clean_eval_all,train_on_variant - train_clean_eval_all,0.7168199074913526,0.7168199074913526,0.0,0.0,0.0,0.0,5,5,1,paired_protocol_crossed_training_graph_seed_bootstrap,clean
yelpchi,r40_s2,noise_edges_uniform,0.0,secgfd,roc_auc,False,non_oracle_controlled_stress,non_oracle_controlled_stress,non_oracle_controlled_stress,True,train_on_variant,train_clean_eval_all,train_on_variant - train_clean_eval_all,0.800746421172421,0.8006501000036585,9.632116876228114e-05,0.002196005816394365,-0.0016079165815517716,0.0017117051538471095,5,5,1,paired_protocol_crossed_training_graph_seed_bootstrap,clean
yelpchi,r40_s2,noise_edges_uniform,0.0,secgfd,average_precision,False,non_oracle_controlled_stress,non_oracle_controlled_stress,non_oracle_controlled_stress,True,train_on_variant,train_clean_eval_all,train_on_variant - train_clean_eval_all,0.45469081684098045,0.4540566214469175,0.0006341953940629197,0.004393983964875354,-0.0027090779596615653,0.0039774687477874045,5,5,1,paired_protocol_crossed_training_graph_seed_bootstrap,clean
yelpchi,r40_s2,noise_edges_uniform,0.0,secgfd,f1_macro,False,non_oracle_controlled_stress,non_oracle_controlled_stress,non_oracle_controlled_stress,True,train_on_variant,train_clean_eval_all,train_on_variant - train_clean_eval_all,0.6739602306018195,0.6736884583885712,0.00027177221324830024,0.0031564114690744343,-0.002577461633152911,0.002525770170015029,5,5,1,paired_protocol_crossed_training_graph_seed_bootstrap,clean
yelpchi,r40_s2,noise_edges_uniform,0.1,mlp,roc_auc,False,non_oracle_controlled_stress,non_oracle_controlled_stress,non_oracle_controlled_stress,True,train_on_variant,train_clean_eval_all,train_on_variant - train_clean_eval_all,0.7798736086571765,0.7798736086571765,0.0,0.0,0.0,0.0,10,5,2,paired_protocol_crossed_training_graph_seed_bootstrap,scenario
yelpchi,r40_s2,noise_edges_uniform,0.1,mlp,average_precision,False,non_oracle_controlled_stress,non_oracle_controlled_stress,non_oracle_controlled_stress,True,train_on_variant,train_clean_eval_all,train_on_variant - train_clean_eval_all,0.39992793265853593,0.39992793265853593,0.0,0.0,0.0,0.0,10,5,2,paired_protocol_crossed_training_graph_seed_bootstrap,scenario
yelpchi,r40_s2,noise_edges_uniform,0.1,mlp,f1_macro,False,non_oracle_controlled_stress,non_oracle_controlled_stress,non_oracle_controlled_stress,True,train_on_variant,train_clean_eval_all,train_on_variant - train_clean_eval_all,0.6502925106481886,0.6502925106481886,0.0,0.0,0.0,0.0,10,5,2,paired_protocol_crossed_training_graph_seed_bootstrap,scenario
yelpchi,r40_s2,noise_edges_uniform,0.1,sage,roc_auc,False,non_oracle_controlled_stress,non_oracle_controlled_stress,non_oracle_controlled_stress,True,train_on_variant,train_clean_eval_all,train_on_variant - train_clean_eval_all,0.7460519515957901,0.7498820269339123,-0.003830075338122141,0.004976591518121461,-0.007697143502582426,3.44319059024062e-05,10,5,2,paired_protocol_crossed_training_graph_seed_bootstrap,scenario
yelpchi,r40_s2,noise_edges_uniform,0.1,sage,average_precision,False,non_oracle_controlled_stress,non_oracle_controlled_stress,non_oracle_controlled_stress,True,train_on_variant,train_clean_eval_all,train_on_variant - train_clean_eval_all,0.3699896924001072,0.37805631724912403,-0.008066624849016832,0.01163859003796216,-0.018492189517691427,0.0015701904851063262,10,5,2,paired_protocol_crossed_training_graph_seed_bootstrap,scenario
yelpchi,r40_s2,noise_edges_uniform,0.1,sage,f1_macro,False,non_oracle_controlled_stress,non_oracle_controlled_stress,non_oracle_controlled_stress,True,train_on_variant,train_clean_eval_all,train_on_variant - train_clean_eval_all,0.6311119263934112,0.634850785826889,-0.0037388594334777925,0.005503392550986917,-0.008865001967471607,0.0008189627345650741,10,5,2,paired_protocol_crossed_training_graph_seed_bootstrap,scenario
yelpchi,r40_s2,noise_edges_uniform,0.1,pmp,roc_auc,False,non_oracle_controlled_stress,non_oracle_controlled_stress,non_oracle_controlled_stress,True,train_on_variant,train_clean_eval_all,train_on_variant - train_clean_eval_all,0.8355147032341884,0.8332025711973456,0.002312132036842829,0.005362214674718257,-0.0016224674187774956,0.006481253815878912,10,5,2,paired_protocol_crossed_training_graph_seed_bootstrap,scenario
yelpchi,r40_s2,noise_edges_uniform,0.1,pmp,average_precision,False,non_oracle_controlled_stress,non_oracle_controlled_stress,non_oracle_controlled_stress,True,train_on_variant,train_clean_eval_all,train_on_variant - train_clean_eval_all,0.5265702899681173,0.5210960736445,0.005474216323617454,0.014380631885897525,-0.005363045635824482,0.01800629826306106,10,5,2,paired_protocol_crossed_training_graph_seed_bootstrap,scenario
yelpchi,r40_s2,noise_edges_uniform,0.1,pmp,f1_macro,False,non_oracle_controlled_stress,non_oracle_controlled_stress,non_oracle_controlled_stress,True,train_on_variant,train_clean_eval_all,train_on_variant - train_clean_eval_all,0.7068411170460586,0.7026323448596189,0.004208772186439558,0.005533395199716038,0.0005184994063726164,0.008063522362398313,10,5,2,paired_protocol_crossed_training_graph_seed_bootstrap,scenario
yelpchi,r40_s2,noise_edges_uniform,0.1,secgfd,roc_auc,False,non_oracle_controlled_stress,non_oracle_controlled_stress,non_oracle_controlled_stress,True,train_on_variant,train_clean_eval_all,train_on_variant - train_clean_eval_all,0.7997880948578912,0.8014072530378398,-0.0016191581799486544,0.0030833785848795284,-0.0038530582078269895,0.0008867083170725154,10,5,2,paired_protocol_crossed_training_graph_seed_bootstrap,scenario
yelpchi,r40_s2,noise_edges_uniform,0.1,secgfd,average_precision,False,non_oracle_controlled_stress,non_oracle_controlled_stress,non_oracle_controlled_stress,True,train_on_variant,train_clean_eval_all,train_on_variant - train_clean_eval_all,0.451619730040966,0.45220757031522174,-0.0005878402742556799,0.008315281880733496,-0.007043348308039058,0.004466476724294388,10,5,2,paired_protocol_crossed_training_graph_seed_bootstrap,scenario
yelpchi,r40_s2,noise_edges_uniform,0.1,secgfd,f1_macro,False,non_oracle_controlled_stress,non_oracle_controlled_stress,non_oracle_controlled_stress,True,train_on_variant,train_clean_eval_all,train_on_variant - train_clean_eval_all,0.6713719834276182,0.6746452423528384,-0.003273258925220368,0.004296981008554176,-0.006085383680336022,0.00048703562678474864,10,5,2,paired_protocol_crossed_training_graph_seed_bootstrap,scenario
yelpchi,r40_s2,noise_edges_uniform,0.2,mlp,roc_auc,False,non_oracle_controlled_stress,non_oracle_controlled_stress,non_oracle_controlled_stress,True,train_on_variant,train_clean_eval_all,train_on_variant - train_clean_eval_all,0.7798736086571765,0.7798736086571765,0.0,0.0,0.0,0.0,10,5,2,paired_protocol_crossed_training_graph_seed_bootstrap,scenario
yelpchi,r40_s2,noise_edges_uniform,0.2,mlp,average_precision,False,non_oracle_controlled_stress,non_oracle_controlled_stress,non_oracle_controlled_stress,True,train_on_variant,train_clean_eval_all,train_on_variant - train_clean_eval_all,0.39992793265853593,0.39992793265853593,0.0,0.0,0.0,0.0,10,5,2,paired_protocol_crossed_training_graph_seed_bootstrap,scenario
yelpchi,r40_s2,noise_edges_uniform,0.2,mlp,f1_macro,False,non_oracle_controlled_stress,non_oracle_controlled_stress,non_oracle_controlled_stress,True,train_on_variant,train_clean_eval_all,train_on_variant - train_clean_eval_all,0.6502925106481886,0.6502925106481886,0.0,0.0,0.0,0.0,10,5,2,paired_protocol_crossed_training_graph_seed_bootstrap,scenario
yelpchi,r40_s2,noise_edges_uniform,0.2,sage,roc_auc,False,non_oracle_controlled_stress,non_oracle_controlled_stress,non_oracle_controlled_stress,True,train_on_variant,train_clean_eval_all,train_on_variant - train_clean_eval_all,0.7465670023560314,0.7488640483321798,-0.0022970459761485263,0.0028966034749347224,-0.004607721214266998,5.13190459709989e-06,10,5,2,paired_protocol_crossed_training_graph_seed_bootstrap,scenario
yelpchi,r40_s2,noise_edges_uniform,0.2,sage,average_precision,False,non_oracle_controlled_stress,non_oracle_controlled_stress,non_oracle_controlled_stress,True,train_on_variant,train_clean_eval_all,train_on_variant - train_clean_eval_all,0.37247936810004867,0.376161860376961,-0.0036824922769123024,0.005215945322015966,-0.008135762116600137,0.00021702104674078515,10,5,2,paired_protocol_crossed_training_graph_seed_bootstrap,scenario
yelpchi,r40_s2,noise_edges_uniform,0.2,sage,f1_macro,False,non_oracle_controlled_stress,non_oracle_controlled_stress,non_oracle_controlled_stress,True,train_on_variant,train_clean_eval_all,train_on_variant - train_clean_eval_all,0.6330597860884668,0.6347282831593783,-0.0016684970709116898,0.002590598809328847,-0.004084431222790356,0.0004218162224086976,10,5,2,paired_protocol_crossed_training_graph_seed_bootstrap,scenario
yelpchi,r40_s2,noise_edges_uniform,0.2,pmp,roc_auc,False,non_oracle_controlled_stress,non_oracle_controlled_stress,non_oracle_controlled_stress,True,train_on_variant,train_clean_eval_all,train_on_variant - train_clean_eval_all,0.8336419677511067,0.8248408085337726,0.008801159217334154,0.0036747189630489357,0.005505960834028224,0.011393745255161791,10,5,2,paired_protocol_crossed_training_graph_seed_bootstrap,scenario
yelpchi,r40_s2,noise_edges_uniform,0.2,pmp,average_precision,False,non_oracle_controlled_stress,non_oracle_controlled_stress,non_oracle_controlled_stress,True,train_on_variant,train_clean_eval_all,train_on_variant - train_clean_eval_all,0.5207438517553887,0.5028944782431127,0.017849373512275935,0.009783713017396995,0.009200986146226397,0.023361837219268967,10,5,2,paired_protocol_crossed_training_graph_seed_bootstrap,scenario
yelpchi,r40_s2,noise_edges_uniform,0.2,pmp,f1_macro,False,non_oracle_controlled_stress,non_oracle_controlled_stress,non_oracle_controlled_stress,True,train_on_variant,train_clean_eval_all,train_on_variant - train_clean_eval_all,0.7035912056299691,0.6938155112638107,0.009775694366158449,0.006833421448711675,0.004840635668977039,0.014869899334234256,10,5,2,paired_protocol_crossed_training_graph_seed_bootstrap,scenario
yelpchi,r40_s2,noise_edges_uniform,0.2,secgfd,roc_auc,False,non_oracle_controlled_stress,non_oracle_controlled_stress,non_oracle_controlled_stress,True,train_on_variant,train_clean_eval_all,train_on_variant - train_clean_eval_all,0.8007725892410698,0.8007209117120901,5.167752897972111e-05,0.004633709311445428,-0.004019671165560989,0.0032253145027409725,10,5,2,paired_protocol_crossed_training_graph_seed_bootstrap,scenario
yelpchi,r40_s2,noise_edges_uniform,0.2,secgfd,average_precision,False,non_oracle_controlled_stress,non_oracle_controlled_stress,non_oracle_controlled_stress,True,train_on_variant,train_clean_eval_all,train_on_variant - train_clean_eval_all,0.4501571377039526,0.4507712481655509,-0.0006141104615982884,0.006074535448101229,-0.004563896998648592,0.003996029318761451,10,5,2,paired_protocol_crossed_training_graph_seed_bootstrap,scenario
yelpchi,r40_s2,noise_edges_uniform,0.2,secgfd,f1_macro,False,non_oracle_controlled_stress,non_oracle_controlled_stress,non_oracle_controlled_stress,True,train_on_variant,train_clean_eval_all,train_on_variant - train_clean_eval_all,0.6735306974236703,0.6748259515850923,-0.001295254161422088,0.004926236502212751,-0.0056758652982552785,0.0029475522876920234,10,5,2,paired_protocol_crossed_training_graph_seed_bootstrap,scenario
yelpchi,r60_s0,heterophily_rewire_oracle,0.0,mlp,roc_auc,True,oracle_protocol_comparison_diagnostic,oracle_privileged_training_diagnostic,oracle_shift_sensitivity_diagnostic,False,train_on_variant,train_clean_eval_all,train_on_variant - train_clean_eval_all,0.7947175087198312,0.7947175087198312,0.0,0.0,0.0,0.0,5,5,1,paired_protocol_crossed_training_graph_seed_bootstrap,clean
yelpchi,r60_s0,heterophily_rewire_oracle,0.0,mlp,average_precision,True,oracle_protocol_comparison_diagnostic,oracle_privileged_training_diagnostic,oracle_shift_sensitivity_diagnostic,False,train_on_variant,train_clean_eval_all,train_on_variant - train_clean_eval_all,0.4209971272839546,0.4209971272839546,0.0,0.0,0.0,0.0,5,5,1,paired_protocol_crossed_training_graph_seed_bootstrap,clean
yelpchi,r60_s0,heterophily_rewire_oracle,0.0,mlp,f1_macro,True,oracle_protocol_comparison_diagnostic,oracle_privileged_training_diagnostic,oracle_shift_sensitivity_diagnostic,False,train_on_variant,train_clean_eval_all,train_on_variant - train_clean_eval_all,0.6606352434403353,0.6606352434403353,0.0,0.0,0.0,0.0,5,5,1,paired_protocol_crossed_training_graph_seed_bootstrap,clean
yelpchi,r60_s0,heterophily_rewire_oracle,0.0,sage,roc_auc,True,oracle_protocol_comparison_diagnostic,oracle_privileged_training_diagnostic,oracle_shift_sensitivity_diagnostic,False,train_on_variant,train_clean_eval_all,train_on_variant - train_clean_eval_all,0.7598486549050575,0.7595494156798419,0.0002992392252155751,0.0011808409988914137,-0.0006050752523719965,0.0011761005738014862,5,5,1,paired_protocol_crossed_training_graph_seed_bootstrap,clean
yelpchi,r60_s0,heterophily_rewire_oracle,0.0,sage,average_precision,True,oracle_protocol_comparison_diagnostic,oracle_privileged_training_diagnostic,oracle_shift_sensitivity_diagnostic,False,train_on_variant,train_clean_eval_all,train_on_variant - train_clean_eval_all,0.39163539270082737,0.3906629677661412,0.0009724249346861946,0.0016976358943004675,-0.0001434795326963112,0.0023375689760040284,5,5,1,paired_protocol_crossed_training_graph_seed_bootstrap,clean
yelpchi,r60_s0,heterophily_rewire_oracle,0.0,sage,f1_macro,True,oracle_protocol_comparison_diagnostic,oracle_privileged_training_diagnostic,oracle_shift_sensitivity_diagnostic,False,train_on_variant,train_clean_eval_all,train_on_variant - train_clean_eval_all,0.6448786617204845,0.6440656841331788,0.0008129775873056521,0.0008939308103170337,0.0001555691593847941,0.0014846485411817323,5,5,1,paired_protocol_crossed_training_graph_seed_bootstrap,clean
yelpchi,r60_s0,heterophily_rewire_oracle,0.0,pmp,roc_auc,True,oracle_protocol_comparison_diagnostic,oracle_privileged_training_diagnostic,oracle_shift_sensitivity_diagnostic,False,train_on_variant,train_clean_eval_all,train_on_variant - train_clean_eval_all,0.8589680205525813,0.8589680205525813,0.0,0.0,0.0,0.0,5,5,1,paired_protocol_crossed_training_graph_seed_bootstrap,clean
yelpchi,r60_s0,heterophily_rewire_oracle,0.0,pmp,average_precision,True,oracle_protocol_comparison_diagnostic,oracle_privileged_training_diagnostic,oracle_shift_sensitivity_diagnostic,False,train_on_variant,train_clean_eval_all,train_on_variant - train_clean_eval_all,0.5864292450400818,0.5864292450400818,0.0,0.0,0.0,0.0,5,5,1,paired_protocol_crossed_training_graph_seed_bootstrap,clean
yelpchi,r60_s0,heterophily_rewire_oracle,0.0,pmp,f1_macro,True,oracle_protocol_comparison_diagnostic,oracle_privileged_training_diagnostic,oracle_shift_sensitivity_diagnostic,False,train_on_variant,train_clean_eval_all,train_on_variant - train_clean_eval_all,0.7305881890718853,0.7305881890718853,0.0,0.0,0.0,0.0,5,5,1,paired_protocol_crossed_training_graph_seed_bootstrap,clean
yelpchi,r60_s0,heterophily_rewire_oracle,0.0,secgfd,roc_auc,True,oracle_protocol_comparison_diagnostic,oracle_privileged_training_diagnostic,oracle_shift_sensitivity_diagnostic,False,train_on_variant,train_clean_eval_all,train_on_variant - train_clean_eval_all,0.8075694842494239,0.8045983675469834,0.002971116702440302,0.005143396903567061,-0.0006885922655707422,0.0074335989426442374,5,5,1,paired_protocol_crossed_training_graph_seed_bootstrap,clean
yelpchi,r60_s0,heterophily_rewire_oracle,0.0,secgfd,average_precision,True,oracle_protocol_comparison_diagnostic,oracle_privileged_training_diagnostic,oracle_shift_sensitivity_diagnostic,False,train_on_variant,train_clean_eval_all,train_on_variant - train_clean_eval_all,0.45411508539629863,0.4465099030943345,0.007605182301964097,0.013784886897759347,-0.0015206389426955847,0.020222838425816125,5,5,1,paired_protocol_crossed_training_graph_seed_bootstrap,clean
yelpchi,r60_s0,heterophily_rewire_oracle,0.0,secgfd,f1_macro,True,oracle_protocol_comparison_diagnostic,oracle_privileged_training_diagnostic,oracle_shift_sensitivity_diagnostic,False,train_on_variant,train_clean_eval_all,train_on_variant - train_clean_eval_all,0.6783321401676335,0.6780019216311716,0.0003302185364619792,0.006576372967920166,-0.004102527656763266,0.005926351679809483,5,5,1,paired_protocol_crossed_training_graph_seed_bootstrap,clean
yelpchi,r60_s0,heterophily_rewire_oracle,0.15,mlp,roc_auc,True,oracle_protocol_comparison_diagnostic,oracle_privileged_training_diagnostic,oracle_shift_sensitivity_diagnostic,False,train_on_variant,train_clean_eval_all,train_on_variant - train_clean_eval_all,0.794717508719831,0.794717508719831,0.0,0.0,0.0,0.0,10,5,2,paired_protocol_crossed_training_graph_seed_bootstrap,scenario
yelpchi,r60_s0,heterophily_rewire_oracle,0.15,mlp,average_precision,True,oracle_protocol_comparison_diagnostic,oracle_privileged_training_diagnostic,oracle_shift_sensitivity_diagnostic,False,train_on_variant,train_clean_eval_all,train_on_variant - train_clean_eval_all,0.4209971272839546,0.4209971272839546,0.0,0.0,0.0,0.0,10,5,2,paired_protocol_crossed_training_graph_seed_bootstrap,scenario
yelpchi,r60_s0,heterophily_rewire_oracle,0.15,mlp,f1_macro,True,oracle_protocol_comparison_diagnostic,oracle_privileged_training_diagnostic,oracle_shift_sensitivity_diagnostic,False,train_on_variant,train_clean_eval_all,train_on_variant - train_clean_eval_all,0.6606352434403353,0.6606352434403353,0.0,0.0,0.0,0.0,10,5,2,paired_protocol_crossed_training_graph_seed_bootstrap,scenario
yelpchi,r60_s0,heterophily_rewire_oracle,0.15,sage,roc_auc,True,oracle_protocol_comparison_diagnostic,oracle_privileged_training_diagnostic,oracle_shift_sensitivity_diagnostic,False,train_on_variant,train_clean_eval_all,train_on_variant - train_clean_eval_all,0.8404037838274572,0.7526111854702002,0.08779259835725696,0.05101444384436012,0.06455074194787613,0.13597201583975632,10,5,2,paired_protocol_crossed_training_graph_seed_bootstrap,scenario
yelpchi,r60_s0,heterophily_rewire_oracle,0.15,sage,average_precision,True,oracle_protocol_comparison_diagnostic,oracle_privileged_training_diagnostic,oracle_shift_sensitivity_diagnostic,False,train_on_variant,train_clean_eval_all,train_on_variant - train_clean_eval_all,0.5039769662408927,0.3718162268322701,0.13216073940862264,0.05917383418240873,0.08835226358847673,0.18901596780648192,10,5,2,paired_protocol_crossed_training_graph_seed_bootstrap,scenario
yelpchi,r60_s0,heterophily_rewire_oracle,0.15,sage,f1_macro,True,oracle_protocol_comparison_diagnostic,oracle_privileged_training_diagnostic,oracle_shift_sensitivity_diagnostic,False,train_on_variant,train_clean_eval_all,train_on_variant - train_clean_eval_all,0.7023591406851752,0.6358000807209161,0.06655905996425908,0.02931513746287187,0.051546400558731255,0.09541291115171587,10,5,2,paired_protocol_crossed_training_graph_seed_bootstrap,scenario
yelpchi,r60_s0,heterophily_rewire_oracle,0.15,pmp,roc_auc,True,oracle_protocol_comparison_diagnostic,oracle_privileged_training_diagnostic,oracle_shift_sensitivity_diagnostic,False,train_on_variant,train_clean_eval_all,train_on_variant - train_clean_eval_all,0.8891634040345988,0.7908985237264777,0.09826488030812104,0.010429860098576937,0.09049188251551887,0.10770750151777654,10,5,2,paired_protocol_crossed_training_graph_seed_bootstrap,scenario
yelpchi,r60_s0,heterophily_rewire_oracle,0.15,pmp,average_precision,True,oracle_protocol_comparison_diagnostic,oracle_privileged_training_diagnostic,oracle_shift_sensitivity_diagnostic,False,train_on_variant,train_clean_eval_all,train_on_variant - train_clean_eval_all,0.6095190813275164,0.43004862140328026,0.17947045992423621,0.02964831111003001,0.15686128992046697,0.20170662875621098,10,5,2,paired_protocol_crossed_training_graph_seed_bootstrap,scenario
yelpchi,r60_s0,heterophily_rewire_oracle,0.15,pmp,f1_macro,True,oracle_protocol_comparison_diagnostic,oracle_privileged_training_diagnostic,oracle_shift_sensitivity_diagnostic,False,train_on_variant,train_clean_eval_all,train_on_variant - train_clean_eval_all,0.7506598953585188,0.666864934218637,0.08379496113988186,0.01485609372182411,0.07089014448508349,0.093470742376111,10,5,2,paired_protocol_crossed_training_graph_seed_bootstrap,scenario
yelpchi,r60_s0,heterophily_rewire_oracle,0.15,secgfd,roc_auc,True,oracle_protocol_comparison_diagnostic,oracle_privileged_training_diagnostic,oracle_shift_sensitivity_diagnostic,False,train_on_variant,train_clean_eval_all,train_on_variant - train_clean_eval_all,0.9976955664155398,0.6583416733234142,0.33935389309212544,0.035072433687689725,0.3104975067685404,0.3682102794157103,10,5,2,paired_protocol_crossed_training_graph_seed_bootstrap,scenario
yelpchi,r60_s0,heterophily_rewire_oracle,0.15,secgfd,average_precision,True,oracle_protocol_comparison_diagnostic,oracle_privileged_training_diagnostic,oracle_shift_sensitivity_diagnostic,False,train_on_variant,train_clean_eval_all,train_on_variant - train_clean_eval_all,0.9930757006679105,0.23177078918037614,0.7613049114875344,0.04762787850058468,0.7228161532063714,0.7997936697686974,10,5,2,paired_protocol_crossed_training_graph_seed_bootstrap,scenario
yelpchi,r60_s0,heterophily_rewire_oracle,0.15,secgfd,f1_macro,True,oracle_protocol_comparison_diagnostic,oracle_privileged_training_diagnostic,oracle_shift_sensitivity_diagnostic,False,train_on_variant,train_clean_eval_all,train_on_variant - train_clean_eval_all,0.9845685152004087,0.5590862389433827,0.425482276257026,0.033858717243696046,0.39344445165285247,0.45234430876742276,10,5,2,paired_protocol_crossed_training_graph_seed_bootstrap,scenario
yelpchi,r60_s0,heterophily_rewire_oracle,0.3,mlp,roc_auc,True,oracle_protocol_comparison_diagnostic,oracle_privileged_training_diagnostic,oracle_shift_sensitivity_diagnostic,False,train_on_variant,train_clean_eval_all,train_on_variant - train_clean_eval_all,0.794717508719831,0.794717508719831,0.0,0.0,0.0,0.0,10,5,2,paired_protocol_crossed_training_graph_seed_bootstrap,scenario
yelpchi,r60_s0,heterophily_rewire_oracle,0.3,mlp,average_precision,True,oracle_protocol_comparison_diagnostic,oracle_privileged_training_diagnostic,oracle_shift_sensitivity_diagnostic,False,train_on_variant,train_clean_eval_all,train_on_variant - train_clean_eval_all,0.4209971272839546,0.4209971272839546,0.0,0.0,0.0,0.0,10,5,2,paired_protocol_crossed_training_graph_seed_bootstrap,scenario
yelpchi,r60_s0,heterophily_rewire_oracle,0.3,mlp,f1_macro,True,oracle_protocol_comparison_diagnostic,oracle_privileged_training_diagnostic,oracle_shift_sensitivity_diagnostic,False,train_on_variant,train_clean_eval_all,train_on_variant - train_clean_eval_all,0.6606352434403353,0.6606352434403353,0.0,0.0,0.0,0.0,10,5,2,paired_protocol_crossed_training_graph_seed_bootstrap,scenario
yelpchi,r60_s0,heterophily_rewire_oracle,0.3,sage,roc_auc,True,oracle_protocol_comparison_diagnostic,oracle_privileged_training_diagnostic,oracle_shift_sensitivity_diagnostic,False,train_on_variant,train_clean_eval_all,train_on_variant - train_clean_eval_all,0.9020168944824201,0.7501194451092722,0.1518974493731478,0.06286134405416832,0.11392150910913663,0.21050143221703235,10,5,2,paired_protocol_crossed_training_graph_seed_bootstrap,scenario
yelpchi,r60_s0,heterophily_rewire_oracle,0.3,sage,average_precision,True,oracle_protocol_comparison_diagnostic,oracle_privileged_training_diagnostic,oracle_shift_sensitivity_diagnostic,False,train_on_variant,train_clean_eval_all,train_on_variant - train_clean_eval_all,0.6607010504737956,0.3651134912385763,0.29558755923521934,0.07349340341462479,0.24065591287645974,0.35564785827748496,10,5,2,paired_protocol_crossed_training_graph_seed_bootstrap,scenario
yelpchi,r60_s0,heterophily_rewire_oracle,0.3,sage,f1_macro,True,oracle_protocol_comparison_diagnostic,oracle_privileged_training_diagnostic,oracle_shift_sensitivity_diagnostic,False,train_on_variant,train_clean_eval_all,train_on_variant - train_clean_eval_all,0.7730404338931152,0.634501054085779,0.13853937980733605,0.03508506939715977,0.11413350350792192,0.1703035075090041,10,5,2,paired_protocol_crossed_training_graph_seed_bootstrap,scenario
yelpchi,r60_s0,heterophily_rewire_oracle,0.3,pmp,roc_auc,True,oracle_protocol_comparison_diagnostic,oracle_privileged_training_diagnostic,oracle_shift_sensitivity_diagnostic,False,train_on_variant,train_clean_eval_all,train_on_variant - train_clean_eval_all,0.9144439211571764,0.7636915070063539,0.15075241415082258,0.014691419063075795,0.13750438278229693,0.16733629545898018,10,5,2,paired_protocol_crossed_training_graph_seed_bootstrap,scenario
yelpchi,r60_s0,heterophily_rewire_oracle,0.3,pmp,average_precision,True,oracle_protocol_comparison_diagnostic,oracle_privileged_training_diagnostic,oracle_shift_sensitivity_diagnostic,False,train_on_variant,train_clean_eval_all,train_on_variant - train_clean_eval_all,0.6660191907607188,0.3813388703475634,0.2846803204131554,0.04192244045512008,0.2436880332687191,0.3305548290814687,10,5,2,paired_protocol_crossed_training_graph_seed_bootstrap,scenario
yelpchi,r60_s0,heterophily_rewire_oracle,0.3,pmp,f1_macro,True,oracle_protocol_comparison_diagnostic,oracle_privileged_training_diagnostic,oracle_shift_sensitivity_diagnostic,False,train_on_variant,train_clean_eval_all,train_on_variant - train_clean_eval_all,0.7842457901731968,0.6472016869445565,0.13704410322864033,0.017104102598137702,0.11959868617305917,0.15496631000736313,10,5,2,paired_protocol_crossed_training_graph_seed_bootstrap,scenario
yelpchi,r60_s0,heterophily_rewire_oracle,0.3,secgfd,roc_auc,True,oracle_protocol_comparison_diagnostic,oracle_privileged_training_diagnostic,oracle_shift_sensitivity_diagnostic,False,train_on_variant,train_clean_eval_all,train_on_variant - train_clean_eval_all,0.9999998856665488,0.48381595706245345,0.5161839286040953,0.05482828970864011,0.4713407007268559,0.561044790034239,10,5,2,paired_protocol_crossed_training_graph_seed_bootstrap,scenario
yelpchi,r60_s0,heterophily_rewire_oracle,0.3,secgfd,average_precision,True,oracle_protocol_comparison_diagnostic,oracle_privileged_training_diagnostic,oracle_shift_sensitivity_diagnostic,False,train_on_variant,train_clean_eval_all,train_on_variant - train_clean_eval_all,0.9999993311077997,0.13482826207373338,0.8651710690340663,0.019812930206747573,0.8462791436622783,0.8809281343948451,10,5,2,paired_protocol_crossed_training_graph_seed_bootstrap,scenario
yelpchi,r60_s0,heterophily_rewire_oracle,0.3,secgfd,f1_macro,True,oracle_protocol_comparison_diagnostic,oracle_privileged_training_diagnostic,oracle_shift_sensitivity_diagnostic,False,train_on_variant,train_clean_eval_all,train_on_variant - train_clean_eval_all,0.9997151966480597,0.46949307977514854,0.5302221168729113,0.025908855209264312,0.5063713403177874,0.5512306617692068,10,5,2,paired_protocol_crossed_training_graph_seed_bootstrap,scenario
yelpchi,r60_s0,heterophily_rewire_nonoracle,0.0,mlp,roc_auc,False,non_oracle_controlled_stress,non_oracle_controlled_stress,non_oracle_controlled_stress,True,train_on_variant,train_clean_eval_all,train_on_variant - train_clean_eval_all,0.7947175087198312,0.7947175087198312,0.0,0.0,0.0,0.0,5,5,1,paired_protocol_crossed_training_graph_seed_bootstrap,clean
yelpchi,r60_s0,heterophily_rewire_nonoracle,0.0,mlp,average_precision,False,non_oracle_controlled_stress,non_oracle_controlled_stress,non_oracle_controlled_stress,True,train_on_variant,train_clean_eval_all,train_on_variant - train_clean_eval_all,0.4209971272839546,0.4209971272839546,0.0,0.0,0.0,0.0,5,5,1,paired_protocol_crossed_training_graph_seed_bootstrap,clean
yelpchi,r60_s0,heterophily_rewire_nonoracle,0.0,mlp,f1_macro,False,non_oracle_controlled_stress,non_oracle_controlled_stress,non_oracle_controlled_stress,True,train_on_variant,train_clean_eval_all,train_on_variant - train_clean_eval_all,0.6606352434403353,0.6606352434403353,0.0,0.0,0.0,0.0,5,5,1,paired_protocol_crossed_training_graph_seed_bootstrap,clean
yelpchi,r60_s0,heterophily_rewire_nonoracle,0.0,sage,roc_auc,False,non_oracle_controlled_stress,non_oracle_controlled_stress,non_oracle_controlled_stress,True,train_on_variant,train_clean_eval_all,train_on_variant - train_clean_eval_all,0.7598486549050575,0.7595494156798419,0.0002992392252155751,0.0011808409988914137,-0.0006050752523719965,0.0011761005738014862,5,5,1,paired_protocol_crossed_training_graph_seed_bootstrap,clean
yelpchi,r60_s0,heterophily_rewire_nonoracle,0.0,sage,average_precision,False,non_oracle_controlled_stress,non_oracle_controlled_stress,non_oracle_controlled_stress,True,train_on_variant,train_clean_eval_all,train_on_variant - train_clean_eval_all,0.39163539270082737,0.3906629677661412,0.0009724249346861946,0.0016976358943004675,-0.0001434795326963112,0.0023375689760040284,5,5,1,paired_protocol_crossed_training_graph_seed_bootstrap,clean
yelpchi,r60_s0,heterophily_rewire_nonoracle,0.0,sage,f1_macro,False,non_oracle_controlled_stress,non_oracle_controlled_stress,non_oracle_controlled_stress,True,train_on_variant,train_clean_eval_all,train_on_variant - train_clean_eval_all,0.6448786617204845,0.6440656841331788,0.0008129775873056521,0.0008939308103170337,0.0001555691593847941,0.0014846485411817323,5,5,1,paired_protocol_crossed_training_graph_seed_bootstrap,clean
yelpchi,r60_s0,heterophily_rewire_nonoracle,0.0,pmp,roc_auc,False,non_oracle_controlled_stress,non_oracle_controlled_stress,non_oracle_controlled_stress,True,train_on_variant,train_clean_eval_all,train_on_variant - train_clean_eval_all,0.8589680205525813,0.8589680205525813,0.0,0.0,0.0,0.0,5,5,1,paired_protocol_crossed_training_graph_seed_bootstrap,clean
yelpchi,r60_s0,heterophily_rewire_nonoracle,0.0,pmp,average_precision,False,non_oracle_controlled_stress,non_oracle_controlled_stress,non_oracle_controlled_stress,True,train_on_variant,train_clean_eval_all,train_on_variant - train_clean_eval_all,0.5864292450400818,0.5864292450400818,0.0,0.0,0.0,0.0,5,5,1,paired_protocol_crossed_training_graph_seed_bootstrap,clean
yelpchi,r60_s0,heterophily_rewire_nonoracle,0.0,pmp,f1_macro,False,non_oracle_controlled_stress,non_oracle_controlled_stress,non_oracle_controlled_stress,True,train_on_variant,train_clean_eval_all,train_on_variant - train_clean_eval_all,0.7305881890718853,0.7305881890718853,0.0,0.0,0.0,0.0,5,5,1,paired_protocol_crossed_training_graph_seed_bootstrap,clean
yelpchi,r60_s0,heterophily_rewire_nonoracle,0.0,secgfd,roc_auc,False,non_oracle_controlled_stress,non_oracle_controlled_stress,non_oracle_controlled_stress,True,train_on_variant,train_clean_eval_all,train_on_variant - train_clean_eval_all,0.8075694842494239,0.8045983675469834,0.002971116702440302,0.005143396903567061,-0.0006885922655707422,0.0074335989426442374,5,5,1,paired_protocol_crossed_training_graph_seed_bootstrap,clean
yelpchi,r60_s0,heterophily_rewire_nonoracle,0.0,secgfd,average_precision,False,non_oracle_controlled_stress,non_oracle_controlled_stress,non_oracle_controlled_stress,True,train_on_variant,train_clean_eval_all,train_on_variant - train_clean_eval_all,0.45411508539629863,0.4465099030943345,0.007605182301964097,0.013784886897759347,-0.0015206389426955847,0.020222838425816125,5,5,1,paired_protocol_crossed_training_graph_seed_bootstrap,clean
yelpchi,r60_s0,heterophily_rewire_nonoracle,0.0,secgfd,f1_macro,False,non_oracle_controlled_stress,non_oracle_controlled_stress,non_oracle_controlled_stress,True,train_on_variant,train_clean_eval_all,train_on_variant - train_clean_eval_all,0.6783321401676335,0.6780019216311716,0.0003302185364619792,0.006576372967920166,-0.004102527656763266,0.005926351679809483,5,5,1,paired_protocol_crossed_training_graph_seed_bootstrap,clean
yelpchi,r60_s0,heterophily_rewire_nonoracle,0.15,mlp,roc_auc,False,non_oracle_controlled_stress,non_oracle_controlled_stress,non_oracle_controlled_stress,True,train_on_variant,train_clean_eval_all,train_on_variant - train_clean_eval_all,0.794717508719831,0.794717508719831,0.0,0.0,0.0,0.0,10,5,2,paired_protocol_crossed_training_graph_seed_bootstrap,scenario
yelpchi,r60_s0,heterophily_rewire_nonoracle,0.15,mlp,average_precision,False,non_oracle_controlled_stress,non_oracle_controlled_stress,non_oracle_controlled_stress,True,train_on_variant,train_clean_eval_all,train_on_variant - train_clean_eval_all,0.4209971272839546,0.4209971272839546,0.0,0.0,0.0,0.0,10,5,2,paired_protocol_crossed_training_graph_seed_bootstrap,scenario
yelpchi,r60_s0,heterophily_rewire_nonoracle,0.15,mlp,f1_macro,False,non_oracle_controlled_stress,non_oracle_controlled_stress,non_oracle_controlled_stress,True,train_on_variant,train_clean_eval_all,train_on_variant - train_clean_eval_all,0.6606352434403353,0.6606352434403353,0.0,0.0,0.0,0.0,10,5,2,paired_protocol_crossed_training_graph_seed_bootstrap,scenario
yelpchi,r60_s0,heterophily_rewire_nonoracle,0.15,sage,roc_auc,False,non_oracle_controlled_stress,non_oracle_controlled_stress,non_oracle_controlled_stress,True,train_on_variant,train_clean_eval_all,train_on_variant - train_clean_eval_all,0.7532212592381429,0.756198583294206,-0.002977324056063058,0.003940214986934861,-0.0063587215843263325,0.0001701758143590526,10,5,2,paired_protocol_crossed_training_graph_seed_bootstrap,scenario
yelpchi,r60_s0,heterophily_rewire_nonoracle,0.15,sage,average_precision,False,non_oracle_controlled_stress,non_oracle_controlled_stress,non_oracle_controlled_stress,True,train_on_variant,train_clean_eval_all,train_on_variant - train_clean_eval_all,0.3828500687884897,0.3860767277316076,-0.0032266589431179577,0.005886845906841942,-0.007440123800535245,0.0011083397968115213,10,5,2,paired_protocol_crossed_training_graph_seed_bootstrap,scenario
yelpchi,r60_s0,heterophily_rewire_nonoracle,0.15,sage,f1_macro,False,non_oracle_controlled_stress,non_oracle_controlled_stress,non_oracle_controlled_stress,True,train_on_variant,train_clean_eval_all,train_on_variant - train_clean_eval_all,0.6398172982978831,0.641729091043105,-0.001911792745221952,0.002749992342939608,-0.0043094573884553174,7.432160057008197e-05,10,5,2,paired_protocol_crossed_training_graph_seed_bootstrap,scenario
yelpchi,r60_s0,heterophily_rewire_nonoracle,0.15,pmp,roc_auc,False,non_oracle_controlled_stress,non_oracle_controlled_stress,non_oracle_controlled_stress,True,train_on_variant,train_clean_eval_all,train_on_variant - train_clean_eval_all,0.8479872167579303,0.8401578096988302,0.007829407059099746,0.007257698861121222,0.0014475091314316568,0.013471396057172801,10,5,2,paired_protocol_crossed_training_graph_seed_bootstrap,scenario
yelpchi,r60_s0,heterophily_rewire_nonoracle,0.15,pmp,average_precision,False,non_oracle_controlled_stress,non_oracle_controlled_stress,non_oracle_controlled_stress,True,train_on_variant,train_clean_eval_all,train_on_variant - train_clean_eval_all,0.5462437275528218,0.5337880218435637,0.012455705709257992,0.024231262537953106,-0.008493341627093223,0.034203413793499435,10,5,2,paired_protocol_crossed_training_graph_seed_bootstrap,scenario
yelpchi,r60_s0,heterophily_rewire_nonoracle,0.15,pmp,f1_macro,False,non_oracle_controlled_stress,non_oracle_controlled_stress,non_oracle_controlled_stress,True,train_on_variant,train_clean_eval_all,train_on_variant - train_clean_eval_all,0.7163098337759815,0.7103041045813733,0.006005729194608312,0.012815240846750566,-0.005533926902772657,0.015883315234678338,10,5,2,paired_protocol_crossed_training_graph_seed_bootstrap,scenario
yelpchi,r60_s0,heterophily_rewire_nonoracle,0.15,secgfd,roc_auc,False,non_oracle_controlled_stress,non_oracle_controlled_stress,non_oracle_controlled_stress,True,train_on_variant,train_clean_eval_all,train_on_variant - train_clean_eval_all,0.8125055642279595,0.8040110890108785,0.008494475217081122,0.007194761994899346,0.002568479067831743,0.014733448113002619,10,5,2,paired_protocol_crossed_training_graph_seed_bootstrap,scenario
yelpchi,r60_s0,heterophily_rewire_nonoracle,0.15,secgfd,average_precision,False,non_oracle_controlled_stress,non_oracle_controlled_stress,non_oracle_controlled_stress,True,train_on_variant,train_clean_eval_all,train_on_variant - train_clean_eval_all,0.46702767503548037,0.4413432989482007,0.025684376087279654,0.018613621774242858,0.010822153533539658,0.041966142889289564,10,5,2,paired_protocol_crossed_training_graph_seed_bootstrap,scenario
yelpchi,r60_s0,heterophily_rewire_nonoracle,0.15,secgfd,f1_macro,False,non_oracle_controlled_stress,non_oracle_controlled_stress,non_oracle_controlled_stress,True,train_on_variant,train_clean_eval_all,train_on_variant - train_clean_eval_all,0.6849226664090364,0.676042288104363,0.008880378304673576,0.008344289929487306,0.002272718432663968,0.015262945454553733,10,5,2,paired_protocol_crossed_training_graph_seed_bootstrap,scenario
yelpchi,r60_s0,heterophily_rewire_nonoracle,0.3,mlp,roc_auc,False,non_oracle_controlled_stress,non_oracle_controlled_stress,non_oracle_controlled_stress,True,train_on_variant,train_clean_eval_all,train_on_variant - train_clean_eval_all,0.794717508719831,0.794717508719831,0.0,0.0,0.0,0.0,10,5,2,paired_protocol_crossed_training_graph_seed_bootstrap,scenario
yelpchi,r60_s0,heterophily_rewire_nonoracle,0.3,mlp,average_precision,False,non_oracle_controlled_stress,non_oracle_controlled_stress,non_oracle_controlled_stress,True,train_on_variant,train_clean_eval_all,train_on_variant - train_clean_eval_all,0.4209971272839546,0.4209971272839546,0.0,0.0,0.0,0.0,10,5,2,paired_protocol_crossed_training_graph_seed_bootstrap,scenario
yelpchi,r60_s0,heterophily_rewire_nonoracle,0.3,mlp,f1_macro,False,non_oracle_controlled_stress,non_oracle_controlled_stress,non_oracle_controlled_stress,True,train_on_variant,train_clean_eval_all,train_on_variant - train_clean_eval_all,0.6606352434403353,0.6606352434403353,0.0,0.0,0.0,0.0,10,5,2,paired_protocol_crossed_training_graph_seed_bootstrap,scenario
yelpchi,r60_s0,heterophily_rewire_nonoracle,0.3,sage,roc_auc,False,non_oracle_controlled_stress,non_oracle_controlled_stress,non_oracle_controlled_stress,True,train_on_variant,train_clean_eval_all,train_on_variant - train_clean_eval_all,0.7549133038022733,0.7541088965145065,0.0008044072877666175,0.013946503393966062,-0.006077627792403971,0.014559517040257574,10,5,2,paired_protocol_crossed_training_graph_seed_bootstrap,scenario
yelpchi,r60_s0,heterophily_rewire_nonoracle,0.3,sage,average_precision,False,non_oracle_controlled_stress,non_oracle_controlled_stress,non_oracle_controlled_stress,True,train_on_variant,train_clean_eval_all,train_on_variant - train_clean_eval_all,0.38081635263495317,0.38286605786251593,-0.0020497052275627176,0.010797200126962492,-0.010932454448042283,0.006452326699439725,10,5,2,paired_protocol_crossed_training_graph_seed_bootstrap,scenario
yelpchi,r60_s0,heterophily_rewire_nonoracle,0.3,sage,f1_macro,False,non_oracle_controlled_stress,non_oracle_controlled_stress,non_oracle_controlled_stress,True,train_on_variant,train_clean_eval_all,train_on_variant - train_clean_eval_all,0.6397638794358494,0.6404087333963118,-0.0006448539604622771,0.005155256815047084,-0.005347473236486211,0.004018841318344649,10,5,2,paired_protocol_crossed_training_graph_seed_bootstrap,scenario
yelpchi,r60_s0,heterophily_rewire_nonoracle,0.3,pmp,roc_auc,False,non_oracle_controlled_stress,non_oracle_controlled_stress,non_oracle_controlled_stress,True,train_on_variant,train_clean_eval_all,train_on_variant - train_clean_eval_all,0.8436402875257631,0.8263587482621316,0.017281539263631594,0.005444981071404999,0.013296851752198247,0.02152253450393,10,5,2,paired_protocol_crossed_training_graph_seed_bootstrap,scenario
yelpchi,r60_s0,heterophily_rewire_nonoracle,0.3,pmp,average_precision,False,non_oracle_controlled_stress,non_oracle_controlled_stress,non_oracle_controlled_stress,True,train_on_variant,train_clean_eval_all,train_on_variant - train_clean_eval_all,0.5331861595080272,0.5079636514443011,0.025222508063726008,0.023106882241040277,0.01044526428478981,0.04660438335991042,10,5,2,paired_protocol_crossed_training_graph_seed_bootstrap,scenario
yelpchi,r60_s0,heterophily_rewire_nonoracle,0.3,pmp,f1_macro,False,non_oracle_controlled_stress,non_oracle_controlled_stress,non_oracle_controlled_stress,True,train_on_variant,train_clean_eval_all,train_on_variant - train_clean_eval_all,0.7092114342672593,0.6984806869137754,0.010730747353483994,0.010952981216040283,0.0031770291447491437,0.020937068087308906,10,5,2,paired_protocol_crossed_training_graph_seed_bootstrap,scenario
yelpchi,r60_s0,heterophily_rewire_nonoracle,0.3,secgfd,roc_auc,False,non_oracle_controlled_stress,non_oracle_controlled_stress,non_oracle_controlled_stress,True,train_on_variant,train_clean_eval_all,train_on_variant - train_clean_eval_all,0.8145479979450467,0.8017747219410467,0.012773276004000167,0.0063271149707938784,0.007731094582728648,0.017617699261291586,10,5,2,paired_protocol_crossed_training_graph_seed_bootstrap,scenario
yelpchi,r60_s0,heterophily_rewire_nonoracle,0.3,secgfd,average_precision,False,non_oracle_controlled_stress,non_oracle_controlled_stress,non_oracle_controlled_stress,True,train_on_variant,train_clean_eval_all,train_on_variant - train_clean_eval_all,0.4667063388654304,0.4356142600780785,0.03109207878735195,0.013987618882171676,0.019951333238270964,0.041843291296876195,10,5,2,paired_protocol_crossed_training_graph_seed_bootstrap,scenario
yelpchi,r60_s0,heterophily_rewire_nonoracle,0.3,secgfd,f1_macro,False,non_oracle_controlled_stress,non_oracle_controlled_stress,non_oracle_controlled_stress,True,train_on_variant,train_clean_eval_all,train_on_variant - train_clean_eval_all,0.6862845941765026,0.6734225430062015,0.012862051170301004,0.008548859122066401,0.007132750578308859,0.01976676876674477,10,5,2,paired_protocol_crossed_training_graph_seed_bootstrap,scenario
yelpchi,r60_s0,camouflage_feature_oracle,0.0,mlp,roc_auc,True,oracle_protocol_comparison_diagnostic,oracle_privileged_training_diagnostic,oracle_shift_sensitivity_diagnostic,False,train_on_variant,train_clean_eval_all,train_on_variant - train_clean_eval_all,0.7947175087198312,0.7947175087198312,0.0,0.0,0.0,0.0,5,5,1,paired_protocol_crossed_training_graph_seed_bootstrap,clean
yelpchi,r60_s0,camouflage_feature_oracle,0.0,mlp,average_precision,True,oracle_protocol_comparison_diagnostic,oracle_privileged_training_diagnostic,oracle_shift_sensitivity_diagnostic,False,train_on_variant,train_clean_eval_all,train_on_variant - train_clean_eval_all,0.4209971272839546,0.4209971272839546,0.0,0.0,0.0,0.0,5,5,1,paired_protocol_crossed_training_graph_seed_bootstrap,clean
yelpchi,r60_s0,camouflage_feature_oracle,0.0,mlp,f1_macro,True,oracle_protocol_comparison_diagnostic,oracle_privileged_training_diagnostic,oracle_shift_sensitivity_diagnostic,False,train_on_variant,train_clean_eval_all,train_on_variant - train_clean_eval_all,0.6606352434403353,0.6606352434403353,0.0,0.0,0.0,0.0,5,5,1,paired_protocol_crossed_training_graph_seed_bootstrap,clean
yelpchi,r60_s0,camouflage_feature_oracle,0.0,sage,roc_auc,True,oracle_protocol_comparison_diagnostic,oracle_privileged_training_diagnostic,oracle_shift_sensitivity_diagnostic,False,train_on_variant,train_clean_eval_all,train_on_variant - train_clean_eval_all,0.7598486549050575,0.7595494156798419,0.0002992392252155751,0.0011808409988914137,-0.0006050752523719965,0.0011761005738014862,5,5,1,paired_protocol_crossed_training_graph_seed_bootstrap,clean
yelpchi,r60_s0,camouflage_feature_oracle,0.0,sage,average_precision,True,oracle_protocol_comparison_diagnostic,oracle_privileged_training_diagnostic,oracle_shift_sensitivity_diagnostic,False,train_on_variant,train_clean_eval_all,train_on_variant - train_clean_eval_all,0.39163539270082737,0.3906629677661412,0.0009724249346861946,0.0016976358943004675,-0.0001434795326963112,0.0023375689760040284,5,5,1,paired_protocol_crossed_training_graph_seed_bootstrap,clean
yelpchi,r60_s0,camouflage_feature_oracle,0.0,sage,f1_macro,True,oracle_protocol_comparison_diagnostic,oracle_privileged_training_diagnostic,oracle_shift_sensitivity_diagnostic,False,train_on_variant,train_clean_eval_all,train_on_variant - train_clean_eval_all,0.6448786617204845,0.6440656841331788,0.0008129775873056521,0.0008939308103170337,0.0001555691593847941,0.0014846485411817323,5,5,1,paired_protocol_crossed_training_graph_seed_bootstrap,clean
yelpchi,r60_s0,camouflage_feature_oracle,0.0,pmp,roc_auc,True,oracle_protocol_comparison_diagnostic,oracle_privileged_training_diagnostic,oracle_shift_sensitivity_diagnostic,False,train_on_variant,train_clean_eval_all,train_on_variant - train_clean_eval_all,0.8589680205525813,0.8589680205525813,0.0,0.0,0.0,0.0,5,5,1,paired_protocol_crossed_training_graph_seed_bootstrap,clean
yelpchi,r60_s0,camouflage_feature_oracle,0.0,pmp,average_precision,True,oracle_protocol_comparison_diagnostic,oracle_privileged_training_diagnostic,oracle_shift_sensitivity_diagnostic,False,train_on_variant,train_clean_eval_all,train_on_variant - train_clean_eval_all,0.5864292450400818,0.5864292450400818,0.0,0.0,0.0,0.0,5,5,1,paired_protocol_crossed_training_graph_seed_bootstrap,clean
yelpchi,r60_s0,camouflage_feature_oracle,0.0,pmp,f1_macro,True,oracle_protocol_comparison_diagnostic,oracle_privileged_training_diagnostic,oracle_shift_sensitivity_diagnostic,False,train_on_variant,train_clean_eval_all,train_on_variant - train_clean_eval_all,0.7305881890718853,0.7305881890718853,0.0,0.0,0.0,0.0,5,5,1,paired_protocol_crossed_training_graph_seed_bootstrap,clean
yelpchi,r60_s0,camouflage_feature_oracle,0.0,secgfd,roc_auc,True,oracle_protocol_comparison_diagnostic,oracle_privileged_training_diagnostic,oracle_shift_sensitivity_diagnostic,False,train_on_variant,train_clean_eval_all,train_on_variant - train_clean_eval_all,0.8075694842494239,0.8045983675469834,0.002971116702440302,0.005143396903567061,-0.0006885922655707422,0.0074335989426442374,5,5,1,paired_protocol_crossed_training_graph_seed_bootstrap,clean
yelpchi,r60_s0,camouflage_feature_oracle,0.0,secgfd,average_precision,True,oracle_protocol_comparison_diagnostic,oracle_privileged_training_diagnostic,oracle_shift_sensitivity_diagnostic,False,train_on_variant,train_clean_eval_all,train_on_variant - train_clean_eval_all,0.45411508539629863,0.4465099030943345,0.007605182301964097,0.013784886897759347,-0.0015206389426955847,0.020222838425816125,5,5,1,paired_protocol_crossed_training_graph_seed_bootstrap,clean
yelpchi,r60_s0,camouflage_feature_oracle,0.0,secgfd,f1_macro,True,oracle_protocol_comparison_diagnostic,oracle_privileged_training_diagnostic,oracle_shift_sensitivity_diagnostic,False,train_on_variant,train_clean_eval_all,train_on_variant - train_clean_eval_all,0.6783321401676335,0.6780019216311716,0.0003302185364619792,0.006576372967920166,-0.004102527656763266,0.005926351679809483,5,5,1,paired_protocol_crossed_training_graph_seed_bootstrap,clean
yelpchi,r60_s0,camouflage_feature_oracle,0.15,mlp,roc_auc,True,oracle_protocol_comparison_diagnostic,oracle_privileged_training_diagnostic,oracle_shift_sensitivity_diagnostic,False,train_on_variant,train_clean_eval_all,train_on_variant - train_clean_eval_all,0.7611087905655085,0.7536858103421468,0.00742298022336183,0.02400448071512779,-0.004153995344341825,0.030157439067892734,10,5,2,paired_protocol_crossed_training_graph_seed_bootstrap,scenario
yelpchi,r60_s0,camouflage_feature_oracle,0.15,mlp,average_precision,True,oracle_protocol_comparison_diagnostic,oracle_privileged_training_diagnostic,oracle_shift_sensitivity_diagnostic,False,train_on_variant,train_clean_eval_all,train_on_variant - train_clean_eval_all,0.39322708229407044,0.3794706794234506,0.013756402870619789,0.04336457248562634,-0.007222796547192939,0.054917995687909206,10,5,2,paired_protocol_crossed_training_graph_seed_bootstrap,scenario
yelpchi,r60_s0,camouflage_feature_oracle,0.15,mlp,f1_macro,True,oracle_protocol_comparison_diagnostic,oracle_privileged_training_diagnostic,oracle_shift_sensitivity_diagnostic,False,train_on_variant,train_clean_eval_all,train_on_variant - train_clean_eval_all,0.6486891530322078,0.6402899917023686,0.008399161329839288,0.019040216783566186,-0.0017836279019887635,0.026519049124131756,10,5,2,paired_protocol_crossed_training_graph_seed_bootstrap,scenario
yelpchi,r60_s0,camouflage_feature_oracle,0.15,sage,roc_auc,True,oracle_protocol_comparison_diagnostic,oracle_privileged_training_diagnostic,oracle_shift_sensitivity_diagnostic,False,train_on_variant,train_clean_eval_all,train_on_variant - train_clean_eval_all,0.7241702011582741,0.7245300371126382,-0.00035983595436418493,0.008029375499982257,-0.005992930762710835,0.00694595295788261,10,5,2,paired_protocol_crossed_training_graph_seed_bootstrap,scenario
yelpchi,r60_s0,camouflage_feature_oracle,0.15,sage,average_precision,True,oracle_protocol_comparison_diagnostic,oracle_privileged_training_diagnostic,oracle_shift_sensitivity_diagnostic,False,train_on_variant,train_clean_eval_all,train_on_variant - train_clean_eval_all,0.3528802354674549,0.353801692373239,-0.0009214569057840322,0.006487431315667801,-0.006312872719530416,0.006291250865602016,10,5,2,paired_protocol_crossed_training_graph_seed_bootstrap,scenario
yelpchi,r60_s0,camouflage_feature_oracle,0.15,sage,f1_macro,True,oracle_protocol_comparison_diagnostic,oracle_privileged_training_diagnostic,oracle_shift_sensitivity_diagnostic,False,train_on_variant,train_clean_eval_all,train_on_variant - train_clean_eval_all,0.6271972482491474,0.6261239423282803,0.0010733059208670403,0.005857940205072706,-0.0031256368386592508,0.006477350252679348,10,5,2,paired_protocol_crossed_training_graph_seed_bootstrap,scenario
yelpchi,r60_s0,camouflage_feature_oracle,0.15,pmp,roc_auc,True,oracle_protocol_comparison_diagnostic,oracle_privileged_training_diagnostic,oracle_shift_sensitivity_diagnostic,False,train_on_variant,train_clean_eval_all,train_on_variant - train_clean_eval_all,0.8108775273409392,0.8151260345271778,-0.004248507186238526,0.005334751952621565,-0.008511458498481672,-0.0002501815996316544,10,5,2,paired_protocol_crossed_training_graph_seed_bootstrap,scenario
yelpchi,r60_s0,camouflage_feature_oracle,0.15,pmp,average_precision,True,oracle_protocol_comparison_diagnostic,oracle_privileged_training_diagnostic,oracle_shift_sensitivity_diagnostic,False,train_on_variant,train_clean_eval_all,train_on_variant - train_clean_eval_all,0.5132664648731533,0.5281580158063388,-0.014891550933185543,0.014804430127664987,-0.02677720870844651,-0.00399553338334708,10,5,2,paired_protocol_crossed_training_graph_seed_bootstrap,scenario
yelpchi,r60_s0,camouflage_feature_oracle,0.15,pmp,f1_macro,True,oracle_protocol_comparison_diagnostic,oracle_privileged_training_diagnostic,oracle_shift_sensitivity_diagnostic,False,train_on_variant,train_clean_eval_all,train_on_variant - train_clean_eval_all,0.6973382247263658,0.703485231214857,-0.006147006488491291,0.006242323041400175,-0.010791792094595088,-0.0006231877588788182,10,5,2,paired_protocol_crossed_training_graph_seed_bootstrap,scenario
yelpchi,r60_s0,camouflage_feature_oracle,0.15,secgfd,roc_auc,True,oracle_protocol_comparison_diagnostic,oracle_privileged_training_diagnostic,oracle_shift_sensitivity_diagnostic,False,train_on_variant,train_clean_eval_all,train_on_variant - train_clean_eval_all,0.7670092589134357,0.762989466268583,0.004019792644852837,0.0070861422084823,-0.0005655408886910962,0.010187110504042817,10,5,2,paired_protocol_crossed_training_graph_seed_bootstrap,scenario
yelpchi,r60_s0,camouflage_feature_oracle,0.15,secgfd,average_precision,True,oracle_protocol_comparison_diagnostic,oracle_privileged_training_diagnostic,oracle_shift_sensitivity_diagnostic,False,train_on_variant,train_clean_eval_all,train_on_variant - train_clean_eval_all,0.4124264764430098,0.40384500985654415,0.00858146658646572,0.012852512334417338,0.0003096828189189216,0.018921689378313837,10,5,2,paired_protocol_crossed_training_graph_seed_bootstrap,scenario
yelpchi,r60_s0,camouflage_feature_oracle,0.15,secgfd,f1_macro,True,oracle_protocol_comparison_diagnostic,oracle_privileged_training_diagnostic,oracle_shift_sensitivity_diagnostic,False,train_on_variant,train_clean_eval_all,train_on_variant - train_clean_eval_all,0.6591202269083687,0.657168998174264,0.0019512287341047706,0.008576770451409295,-0.004728145217488906,0.008813002620616461,10,5,2,paired_protocol_crossed_training_graph_seed_bootstrap,scenario
yelpchi,r60_s0,camouflage_feature_oracle,0.3,mlp,roc_auc,True,oracle_protocol_comparison_diagnostic,oracle_privileged_training_diagnostic,oracle_shift_sensitivity_diagnostic,False,train_on_variant,train_clean_eval_all,train_on_variant - train_clean_eval_all,0.7084516478118102,0.705450342314353,0.0030013054974572404,0.019005292334493468,-0.006849850451845762,0.021310109025520774,10,5,2,paired_protocol_crossed_training_graph_seed_bootstrap,scenario
yelpchi,r60_s0,camouflage_feature_oracle,0.3,mlp,average_precision,True,oracle_protocol_comparison_diagnostic,oracle_privileged_training_diagnostic,oracle_shift_sensitivity_diagnostic,False,train_on_variant,train_clean_eval_all,train_on_variant - train_clean_eval_all,0.33891740016551186,0.3309591586281904,0.00795824153732142,0.03530273309643744,-0.009961465550019432,0.04161531291216386,10,5,2,paired_protocol_crossed_training_graph_seed_bootstrap,scenario
yelpchi,r60_s0,camouflage_feature_oracle,0.3,mlp,f1_macro,True,oracle_protocol_comparison_diagnostic,oracle_privileged_training_diagnostic,oracle_shift_sensitivity_diagnostic,False,train_on_variant,train_clean_eval_all,train_on_variant - train_clean_eval_all,0.6225650652526177,0.618312585011652,0.004252480240965728,0.017988103069440965,-0.0056517677329834815,0.02150676120737649,10,5,2,paired_protocol_crossed_training_graph_seed_bootstrap,scenario
yelpchi,r60_s0,camouflage_feature_oracle,0.3,sage,roc_auc,True,oracle_protocol_comparison_diagnostic,oracle_privileged_training_diagnostic,oracle_shift_sensitivity_diagnostic,False,train_on_variant,train_clean_eval_all,train_on_variant - train_clean_eval_all,0.6746474670948327,0.6815682995643135,-0.006920832469480576,0.1050692138123599,-0.09914200367086604,0.07279482035642296,10,5,2,paired_protocol_crossed_training_graph_seed_bootstrap,scenario
yelpchi,r60_s0,camouflage_feature_oracle,0.3,sage,average_precision,True,oracle_protocol_comparison_diagnostic,oracle_privileged_training_diagnostic,oracle_shift_sensitivity_diagnostic,False,train_on_variant,train_clean_eval_all,train_on_variant - train_clean_eval_all,0.3001638026092823,0.3101767003998501,-0.010012897790567835,0.10776102289616638,-0.10158089709684608,0.06899720368615077,10,5,2,paired_protocol_crossed_training_graph_seed_bootstrap,scenario
yelpchi,r60_s0,camouflage_feature_oracle,0.3,sage,f1_macro,True,oracle_protocol_comparison_diagnostic,oracle_privileged_training_diagnostic,oracle_shift_sensitivity_diagnostic,False,train_on_variant,train_clean_eval_all,train_on_variant - train_clean_eval_all,0.602643756390342,0.6059304348947999,-0.0032866785044579406,0.06495140385820226,-0.0531217245180299,0.0481215673340657,10,5,2,paired_protocol_crossed_training_graph_seed_bootstrap,scenario
yelpchi,r60_s0,camouflage_feature_oracle,0.3,pmp,roc_auc,True,oracle_protocol_comparison_diagnostic,oracle_privileged_training_diagnostic,oracle_shift_sensitivity_diagnostic,False,train_on_variant,train_clean_eval_all,train_on_variant - train_clean_eval_all,0.7658955844040026,0.7698977363501103,-0.00400215194610778,0.005872725656691305,-0.008600533784772612,0.0011522715770089231,10,5,2,paired_protocol_crossed_training_graph_seed_bootstrap,scenario
yelpchi,r60_s0,camouflage_feature_oracle,0.3,pmp,average_precision,True,oracle_protocol_comparison_diagnostic,oracle_privileged_training_diagnostic,oracle_shift_sensitivity_diagnostic,False,train_on_variant,train_clean_eval_all,train_on_variant - train_clean_eval_all,0.4386580237591656,0.46277082301208344,-0.024112799252917767,0.010151259757391241,-0.03171099751849253,-0.015486284134199444,10,5,2,paired_protocol_crossed_training_graph_seed_bootstrap,scenario
yelpchi,r60_s0,camouflage_feature_oracle,0.3,pmp,f1_macro,True,oracle_protocol_comparison_diagnostic,oracle_privileged_training_diagnostic,oracle_shift_sensitivity_diagnostic,False,train_on_variant,train_clean_eval_all,train_on_variant - train_clean_eval_all,0.6664772774597726,0.6772047888238916,-0.010727511364119058,0.010359165644452679,-0.01918584099695157,-0.0018208604003103757,10,5,2,paired_protocol_crossed_training_graph_seed_bootstrap,scenario
yelpchi,r60_s0,camouflage_feature_oracle,0.3,secgfd,roc_auc,True,oracle_protocol_comparison_diagnostic,oracle_privileged_training_diagnostic,oracle_shift_sensitivity_diagnostic,False,train_on_variant,train_clean_eval_all,train_on_variant - train_clean_eval_all,0.7254645415762162,0.71259915092168,0.012865390654536124,0.018523861699914546,0.000715689293510724,0.029232712258146585,10,5,2,paired_protocol_crossed_training_graph_seed_bootstrap,scenario
yelpchi,r60_s0,camouflage_feature_oracle,0.3,secgfd,average_precision,True,oracle_protocol_comparison_diagnostic,oracle_privileged_training_diagnostic,oracle_shift_sensitivity_diagnostic,False,train_on_variant,train_clean_eval_all,train_on_variant - train_clean_eval_all,0.3709002956442519,0.3514415475214936,0.019458748122758263,0.02666589125117554,0.001480616584619099,0.04049970495362239,10,5,2,paired_protocol_crossed_training_graph_seed_bootstrap,scenario
yelpchi,r60_s0,camouflage_feature_oracle,0.3,secgfd,f1_macro,True,oracle_protocol_comparison_diagnostic,oracle_privileged_training_diagnostic,oracle_shift_sensitivity_diagnostic,False,train_on_variant,train_clean_eval_all,train_on_variant - train_clean_eval_all,0.6399489994141262,0.6320769093795571,0.00787209003456909,0.011114580544746075,-0.00016241769629667945,0.016962363808447956,10,5,2,paired_protocol_crossed_training_graph_seed_bootstrap,scenario
yelpchi,r60_s0,camouflage_relation_oracle,0.0,mlp,roc_auc,True,oracle_protocol_comparison_diagnostic,oracle_privileged_training_diagnostic,oracle_shift_sensitivity_diagnostic,False,train_on_variant,train_clean_eval_all,train_on_variant - train_clean_eval_all,0.7947175087198312,0.7947175087198312,0.0,0.0,0.0,0.0,5,5,1,paired_protocol_crossed_training_graph_seed_bootstrap,clean
yelpchi,r60_s0,camouflage_relation_oracle,0.0,mlp,average_precision,True,oracle_protocol_comparison_diagnostic,oracle_privileged_training_diagnostic,oracle_shift_sensitivity_diagnostic,False,train_on_variant,train_clean_eval_all,train_on_variant - train_clean_eval_all,0.4209971272839546,0.4209971272839546,0.0,0.0,0.0,0.0,5,5,1,paired_protocol_crossed_training_graph_seed_bootstrap,clean
yelpchi,r60_s0,camouflage_relation_oracle,0.0,mlp,f1_macro,True,oracle_protocol_comparison_diagnostic,oracle_privileged_training_diagnostic,oracle_shift_sensitivity_diagnostic,False,train_on_variant,train_clean_eval_all,train_on_variant - train_clean_eval_all,0.6606352434403353,0.6606352434403353,0.0,0.0,0.0,0.0,5,5,1,paired_protocol_crossed_training_graph_seed_bootstrap,clean
yelpchi,r60_s0,camouflage_relation_oracle,0.0,sage,roc_auc,True,oracle_protocol_comparison_diagnostic,oracle_privileged_training_diagnostic,oracle_shift_sensitivity_diagnostic,False,train_on_variant,train_clean_eval_all,train_on_variant - train_clean_eval_all,0.7598486549050575,0.7595494156798419,0.0002992392252155751,0.0011808409988914137,-0.0006050752523719965,0.0011761005738014862,5,5,1,paired_protocol_crossed_training_graph_seed_bootstrap,clean
yelpchi,r60_s0,camouflage_relation_oracle,0.0,sage,average_precision,True,oracle_protocol_comparison_diagnostic,oracle_privileged_training_diagnostic,oracle_shift_sensitivity_diagnostic,False,train_on_variant,train_clean_eval_all,train_on_variant - train_clean_eval_all,0.39163539270082737,0.3906629677661412,0.0009724249346861946,0.0016976358943004675,-0.0001434795326963112,0.0023375689760040284,5,5,1,paired_protocol_crossed_training_graph_seed_bootstrap,clean
yelpchi,r60_s0,camouflage_relation_oracle,0.0,sage,f1_macro,True,oracle_protocol_comparison_diagnostic,oracle_privileged_training_diagnostic,oracle_shift_sensitivity_diagnostic,False,train_on_variant,train_clean_eval_all,train_on_variant - train_clean_eval_all,0.6448786617204845,0.6440656841331788,0.0008129775873056521,0.0008939308103170337,0.0001555691593847941,0.0014846485411817323,5,5,1,paired_protocol_crossed_training_graph_seed_bootstrap,clean
yelpchi,r60_s0,camouflage_relation_oracle,0.0,pmp,roc_auc,True,oracle_protocol_comparison_diagnostic,oracle_privileged_training_diagnostic,oracle_shift_sensitivity_diagnostic,False,train_on_variant,train_clean_eval_all,train_on_variant - train_clean_eval_all,0.8589680205525813,0.8589680205525813,0.0,0.0,0.0,0.0,5,5,1,paired_protocol_crossed_training_graph_seed_bootstrap,clean
yelpchi,r60_s0,camouflage_relation_oracle,0.0,pmp,average_precision,True,oracle_protocol_comparison_diagnostic,oracle_privileged_training_diagnostic,oracle_shift_sensitivity_diagnostic,False,train_on_variant,train_clean_eval_all,train_on_variant - train_clean_eval_all,0.5864292450400818,0.5864292450400818,0.0,0.0,0.0,0.0,5,5,1,paired_protocol_crossed_training_graph_seed_bootstrap,clean
yelpchi,r60_s0,camouflage_relation_oracle,0.0,pmp,f1_macro,True,oracle_protocol_comparison_diagnostic,oracle_privileged_training_diagnostic,oracle_shift_sensitivity_diagnostic,False,train_on_variant,train_clean_eval_all,train_on_variant - train_clean_eval_all,0.7305881890718853,0.7305881890718853,0.0,0.0,0.0,0.0,5,5,1,paired_protocol_crossed_training_graph_seed_bootstrap,clean
yelpchi,r60_s0,camouflage_relation_oracle,0.0,secgfd,roc_auc,True,oracle_protocol_comparison_diagnostic,oracle_privileged_training_diagnostic,oracle_shift_sensitivity_diagnostic,False,train_on_variant,train_clean_eval_all,train_on_variant - train_clean_eval_all,0.8075694842494239,0.8045983675469834,0.002971116702440302,0.005143396903567061,-0.0006885922655707422,0.0074335989426442374,5,5,1,paired_protocol_crossed_training_graph_seed_bootstrap,clean
yelpchi,r60_s0,camouflage_relation_oracle,0.0,secgfd,average_precision,True,oracle_protocol_comparison_diagnostic,oracle_privileged_training_diagnostic,oracle_shift_sensitivity_diagnostic,False,train_on_variant,train_clean_eval_all,train_on_variant - train_clean_eval_all,0.45411508539629863,0.4465099030943345,0.007605182301964097,0.013784886897759347,-0.0015206389426955847,0.020222838425816125,5,5,1,paired_protocol_crossed_training_graph_seed_bootstrap,clean
yelpchi,r60_s0,camouflage_relation_oracle,0.0,secgfd,f1_macro,True,oracle_protocol_comparison_diagnostic,oracle_privileged_training_diagnostic,oracle_shift_sensitivity_diagnostic,False,train_on_variant,train_clean_eval_all,train_on_variant - train_clean_eval_all,0.6783321401676335,0.6780019216311716,0.0003302185364619792,0.006576372967920166,-0.004102527656763266,0.005926351679809483,5,5,1,paired_protocol_crossed_training_graph_seed_bootstrap,clean
yelpchi,r60_s0,camouflage_relation_oracle,0.15,mlp,roc_auc,True,oracle_protocol_comparison_diagnostic,oracle_privileged_training_diagnostic,oracle_shift_sensitivity_diagnostic,False,train_on_variant,train_clean_eval_all,train_on_variant - train_clean_eval_all,0.794717508719831,0.794717508719831,0.0,0.0,0.0,0.0,10,5,2,paired_protocol_crossed_training_graph_seed_bootstrap,scenario
yelpchi,r60_s0,camouflage_relation_oracle,0.15,mlp,average_precision,True,oracle_protocol_comparison_diagnostic,oracle_privileged_training_diagnostic,oracle_shift_sensitivity_diagnostic,False,train_on_variant,train_clean_eval_all,train_on_variant - train_clean_eval_all,0.4209971272839546,0.4209971272839546,0.0,0.0,0.0,0.0,10,5,2,paired_protocol_crossed_training_graph_seed_bootstrap,scenario
yelpchi,r60_s0,camouflage_relation_oracle,0.15,mlp,f1_macro,True,oracle_protocol_comparison_diagnostic,oracle_privileged_training_diagnostic,oracle_shift_sensitivity_diagnostic,False,train_on_variant,train_clean_eval_all,train_on_variant - train_clean_eval_all,0.6606352434403353,0.6606352434403353,0.0,0.0,0.0,0.0,10,5,2,paired_protocol_crossed_training_graph_seed_bootstrap,scenario
yelpchi,r60_s0,camouflage_relation_oracle,0.15,sage,roc_auc,True,oracle_protocol_comparison_diagnostic,oracle_privileged_training_diagnostic,oracle_shift_sensitivity_diagnostic,False,train_on_variant,train_clean_eval_all,train_on_variant - train_clean_eval_all,0.7624403369940363,0.758921820310499,0.0035185166835372205,0.0064254392312568815,-0.0004966788037976899,0.009513442207679875,10,5,2,paired_protocol_crossed_training_graph_seed_bootstrap,scenario
yelpchi,r60_s0,camouflage_relation_oracle,0.15,sage,average_precision,True,oracle_protocol_comparison_diagnostic,oracle_privileged_training_diagnostic,oracle_shift_sensitivity_diagnostic,False,train_on_variant,train_clean_eval_all,train_on_variant - train_clean_eval_all,0.39429272655762293,0.38920896170359814,0.005083764854024819,0.0060256228445991575,0.0004667697797083148,0.01018107657097384,10,5,2,paired_protocol_crossed_training_graph_seed_bootstrap,scenario
yelpchi,r60_s0,camouflage_relation_oracle,0.15,sage,f1_macro,True,oracle_protocol_comparison_diagnostic,oracle_privileged_training_diagnostic,oracle_shift_sensitivity_diagnostic,False,train_on_variant,train_clean_eval_all,train_on_variant - train_clean_eval_all,0.6457619333934818,0.6437828776717383,0.00197905572174355,0.006681943933855306,-0.002560596246248747,0.007762578219473959,10,5,2,paired_protocol_crossed_training_graph_seed_bootstrap,scenario
yelpchi,r60_s0,camouflage_relation_oracle,0.15,pmp,roc_auc,True,oracle_protocol_comparison_diagnostic,oracle_privileged_training_diagnostic,oracle_shift_sensitivity_diagnostic,False,train_on_variant,train_clean_eval_all,train_on_variant - train_clean_eval_all,0.8571979815191408,0.8553171438436772,0.0018808376754637201,0.006356655926660092,-0.0027755588619096327,0.007663375832347508,10,5,2,paired_protocol_crossed_training_graph_seed_bootstrap,scenario
yelpchi,r60_s0,camouflage_relation_oracle,0.15,pmp,average_precision,True,oracle_protocol_comparison_diagnostic,oracle_privileged_training_diagnostic,oracle_shift_sensitivity_diagnostic,False,train_on_variant,train_clean_eval_all,train_on_variant - train_clean_eval_all,0.5832285408717047,0.5750643890661447,0.00816415180556015,0.017948995858156506,-0.003618971483783373,0.0245530312914594,10,5,2,paired_protocol_crossed_training_graph_seed_bootstrap,scenario
yelpchi,r60_s0,camouflage_relation_oracle,0.15,pmp,f1_macro,True,oracle_protocol_comparison_diagnostic,oracle_privileged_training_diagnostic,oracle_shift_sensitivity_diagnostic,False,train_on_variant,train_clean_eval_all,train_on_variant - train_clean_eval_all,0.7279814027883427,0.7269031598815168,0.0010782429068259991,0.006010239800081383,-0.0035460265193002823,0.00630507701947951,10,5,2,paired_protocol_crossed_training_graph_seed_bootstrap,scenario
yelpchi,r60_s0,camouflage_relation_oracle,0.15,secgfd,roc_auc,True,oracle_protocol_comparison_diagnostic,oracle_privileged_training_diagnostic,oracle_shift_sensitivity_diagnostic,False,train_on_variant,train_clean_eval_all,train_on_variant - train_clean_eval_all,0.8191841860449163,0.8073447904344062,0.01183939561051015,0.007102739667018688,0.006080585574967698,0.017559092410583576,10,5,2,paired_protocol_crossed_training_graph_seed_bootstrap,scenario
yelpchi,r60_s0,camouflage_relation_oracle,0.15,secgfd,average_precision,True,oracle_protocol_comparison_diagnostic,oracle_privileged_training_diagnostic,oracle_shift_sensitivity_diagnostic,False,train_on_variant,train_clean_eval_all,train_on_variant - train_clean_eval_all,0.47838820225560835,0.45206939600915924,0.02631880624644912,0.018047051254350584,0.01232794522223023,0.040672399541285084,10,5,2,paired_protocol_crossed_training_graph_seed_bootstrap,scenario
yelpchi,r60_s0,camouflage_relation_oracle,0.15,secgfd,f1_macro,True,oracle_protocol_comparison_diagnostic,oracle_privileged_training_diagnostic,oracle_shift_sensitivity_diagnostic,False,train_on_variant,train_clean_eval_all,train_on_variant - train_clean_eval_all,0.6909350227231966,0.6800841947464709,0.010850827976725774,0.009136656984130602,0.0029543234171749864,0.018382440841575233,10,5,2,paired_protocol_crossed_training_graph_seed_bootstrap,scenario
yelpchi,r60_s0,camouflage_relation_oracle,0.3,mlp,roc_auc,True,oracle_protocol_comparison_diagnostic,oracle_privileged_training_diagnostic,oracle_shift_sensitivity_diagnostic,False,train_on_variant,train_clean_eval_all,train_on_variant - train_clean_eval_all,0.794717508719831,0.794717508719831,0.0,0.0,0.0,0.0,10,5,2,paired_protocol_crossed_training_graph_seed_bootstrap,scenario
yelpchi,r60_s0,camouflage_relation_oracle,0.3,mlp,average_precision,True,oracle_protocol_comparison_diagnostic,oracle_privileged_training_diagnostic,oracle_shift_sensitivity_diagnostic,False,train_on_variant,train_clean_eval_all,train_on_variant - train_clean_eval_all,0.4209971272839546,0.4209971272839546,0.0,0.0,0.0,0.0,10,5,2,paired_protocol_crossed_training_graph_seed_bootstrap,scenario
yelpchi,r60_s0,camouflage_relation_oracle,0.3,mlp,f1_macro,True,oracle_protocol_comparison_diagnostic,oracle_privileged_training_diagnostic,oracle_shift_sensitivity_diagnostic,False,train_on_variant,train_clean_eval_all,train_on_variant - train_clean_eval_all,0.6606352434403353,0.6606352434403353,0.0,0.0,0.0,0.0,10,5,2,paired_protocol_crossed_training_graph_seed_bootstrap,scenario
yelpchi,r60_s0,camouflage_relation_oracle,0.3,sage,roc_auc,True,oracle_protocol_comparison_diagnostic,oracle_privileged_training_diagnostic,oracle_shift_sensitivity_diagnostic,False,train_on_variant,train_clean_eval_all,train_on_variant - train_clean_eval_all,0.7623741855647157,0.7582373631047478,0.004136822459968048,0.004238374108148821,0.0010612752505426955,0.007467072918826289,10,5,2,paired_protocol_crossed_training_graph_seed_bootstrap,scenario
yelpchi,r60_s0,camouflage_relation_oracle,0.3,sage,average_precision,True,oracle_protocol_comparison_diagnostic,oracle_privileged_training_diagnostic,oracle_shift_sensitivity_diagnostic,False,train_on_variant,train_clean_eval_all,train_on_variant - train_clean_eval_all,0.3962149487773987,0.3877213800013556,0.008493568776043093,0.009671904842194068,0.001517143533658627,0.01677875201388874,10,5,2,paired_protocol_crossed_training_graph_seed_bootstrap,scenario
yelpchi,r60_s0,camouflage_relation_oracle,0.3,sage,f1_macro,True,oracle_protocol_comparison_diagnostic,oracle_privileged_training_diagnostic,oracle_shift_sensitivity_diagnostic,False,train_on_variant,train_clean_eval_all,train_on_variant - train_clean_eval_all,0.6473741210608097,0.6430493703484599,0.004324750712349912,0.005450978139317015,0.0006002926965369978,0.009522804290814316,10,5,2,paired_protocol_crossed_training_graph_seed_bootstrap,scenario
yelpchi,r60_s0,camouflage_relation_oracle,0.3,pmp,roc_auc,True,oracle_protocol_comparison_diagnostic,oracle_privileged_training_diagnostic,oracle_shift_sensitivity_diagnostic,False,train_on_variant,train_clean_eval_all,train_on_variant - train_clean_eval_all,0.8592226220928815,0.8524902873733187,0.006732334719562927,0.0071176847195083765,0.0016038124870422666,0.012399453257436233,10,5,2,paired_protocol_crossed_training_graph_seed_bootstrap,scenario
yelpchi,r60_s0,camouflage_relation_oracle,0.3,pmp,average_precision,True,oracle_protocol_comparison_diagnostic,oracle_privileged_training_diagnostic,oracle_shift_sensitivity_diagnostic,False,train_on_variant,train_clean_eval_all,train_on_variant - train_clean_eval_all,0.5847454682095626,0.569605090862846,0.015140377346716472,0.020840167384814312,0.0003507230755530499,0.03366251363221072,10,5,2,paired_protocol_crossed_training_graph_seed_bootstrap,scenario
yelpchi,r60_s0,camouflage_relation_oracle,0.3,pmp,f1_macro,True,oracle_protocol_comparison_diagnostic,oracle_privileged_training_diagnostic,oracle_shift_sensitivity_diagnostic,False,train_on_variant,train_clean_eval_all,train_on_variant - train_clean_eval_all,0.7317420882635407,0.7219283738959351,0.009813714367605664,0.00984314297121134,0.0036300701782641287,0.019340026132772,10,5,2,paired_protocol_crossed_training_graph_seed_bootstrap,scenario
yelpchi,r60_s0,camouflage_relation_oracle,0.3,secgfd,roc_auc,True,oracle_protocol_comparison_diagnostic,oracle_privileged_training_diagnostic,oracle_shift_sensitivity_diagnostic,False,train_on_variant,train_clean_eval_all,train_on_variant - train_clean_eval_all,0.839416643101272,0.8104094461916288,0.02900719690964302,0.00754122021027176,0.021751348372501433,0.035499193186945804,10,5,2,paired_protocol_crossed_training_graph_seed_bootstrap,scenario
yelpchi,r60_s0,camouflage_relation_oracle,0.3,secgfd,average_precision,True,oracle_protocol_comparison_diagnostic,oracle_privileged_training_diagnostic,oracle_shift_sensitivity_diagnostic,False,train_on_variant,train_clean_eval_all,train_on_variant - train_clean_eval_all,0.5240049622977633,0.458475203981559,0.06552975831620438,0.021985534700592568,0.044191924561135985,0.08305137540198151,10,5,2,paired_protocol_crossed_training_graph_seed_bootstrap,scenario
yelpchi,r60_s0,camouflage_relation_oracle,0.3,secgfd,f1_macro,True,oracle_protocol_comparison_diagnostic,oracle_privileged_training_diagnostic,oracle_shift_sensitivity_diagnostic,False,train_on_variant,train_clean_eval_all,train_on_variant - train_clean_eval_all,0.7099660538454627,0.68287505194769,0.02709100189777287,0.008330200112380701,0.01916440041577442,0.0340237823437225,10,5,2,paired_protocol_crossed_training_graph_seed_bootstrap,scenario
yelpchi,r60_s0,noise_edges_uniform,0.0,mlp,roc_auc,False,non_oracle_controlled_stress,non_oracle_controlled_stress,non_oracle_controlled_stress,True,train_on_variant,train_clean_eval_all,train_on_variant - train_clean_eval_all,0.7947175087198312,0.7947175087198312,0.0,0.0,0.0,0.0,5,5,1,paired_protocol_crossed_training_graph_seed_bootstrap,clean
yelpchi,r60_s0,noise_edges_uniform,0.0,mlp,average_precision,False,non_oracle_controlled_stress,non_oracle_controlled_stress,non_oracle_controlled_stress,True,train_on_variant,train_clean_eval_all,train_on_variant - train_clean_eval_all,0.4209971272839546,0.4209971272839546,0.0,0.0,0.0,0.0,5,5,1,paired_protocol_crossed_training_graph_seed_bootstrap,clean
yelpchi,r60_s0,noise_edges_uniform,0.0,mlp,f1_macro,False,non_oracle_controlled_stress,non_oracle_controlled_stress,non_oracle_controlled_stress,True,train_on_variant,train_clean_eval_all,train_on_variant - train_clean_eval_all,0.6606352434403353,0.6606352434403353,0.0,0.0,0.0,0.0,5,5,1,paired_protocol_crossed_training_graph_seed_bootstrap,clean
yelpchi,r60_s0,noise_edges_uniform,0.0,sage,roc_auc,False,non_oracle_controlled_stress,non_oracle_controlled_stress,non_oracle_controlled_stress,True,train_on_variant,train_clean_eval_all,train_on_variant - train_clean_eval_all,0.7598486549050575,0.7595494156798419,0.0002992392252155751,0.0011808409988914137,-0.0006050752523719965,0.0011761005738014862,5,5,1,paired_protocol_crossed_training_graph_seed_bootstrap,clean
yelpchi,r60_s0,noise_edges_uniform,0.0,sage,average_precision,False,non_oracle_controlled_stress,non_oracle_controlled_stress,non_oracle_controlled_stress,True,train_on_variant,train_clean_eval_all,train_on_variant - train_clean_eval_all,0.39163539270082737,0.3906629677661412,0.0009724249346861946,0.0016976358943004675,-0.0001434795326963112,0.0023375689760040284,5,5,1,paired_protocol_crossed_training_graph_seed_bootstrap,clean
yelpchi,r60_s0,noise_edges_uniform,0.0,sage,f1_macro,False,non_oracle_controlled_stress,non_oracle_controlled_stress,non_oracle_controlled_stress,True,train_on_variant,train_clean_eval_all,train_on_variant - train_clean_eval_all,0.6448786617204845,0.6440656841331788,0.0008129775873056521,0.0008939308103170337,0.0001555691593847941,0.0014846485411817323,5,5,1,paired_protocol_crossed_training_graph_seed_bootstrap,clean
yelpchi,r60_s0,noise_edges_uniform,0.0,pmp,roc_auc,False,non_oracle_controlled_stress,non_oracle_controlled_stress,non_oracle_controlled_stress,True,train_on_variant,train_clean_eval_all,train_on_variant - train_clean_eval_all,0.8589680205525813,0.8589680205525813,0.0,0.0,0.0,0.0,5,5,1,paired_protocol_crossed_training_graph_seed_bootstrap,clean
yelpchi,r60_s0,noise_edges_uniform,0.0,pmp,average_precision,False,non_oracle_controlled_stress,non_oracle_controlled_stress,non_oracle_controlled_stress,True,train_on_variant,train_clean_eval_all,train_on_variant - train_clean_eval_all,0.5864292450400818,0.5864292450400818,0.0,0.0,0.0,0.0,5,5,1,paired_protocol_crossed_training_graph_seed_bootstrap,clean
yelpchi,r60_s0,noise_edges_uniform,0.0,pmp,f1_macro,False,non_oracle_controlled_stress,non_oracle_controlled_stress,non_oracle_controlled_stress,True,train_on_variant,train_clean_eval_all,train_on_variant - train_clean_eval_all,0.7305881890718853,0.7305881890718853,0.0,0.0,0.0,0.0,5,5,1,paired_protocol_crossed_training_graph_seed_bootstrap,clean
yelpchi,r60_s0,noise_edges_uniform,0.0,secgfd,roc_auc,False,non_oracle_controlled_stress,non_oracle_controlled_stress,non_oracle_controlled_stress,True,train_on_variant,train_clean_eval_all,train_on_variant - train_clean_eval_all,0.8075694842494239,0.8045983675469834,0.002971116702440302,0.005143396903567061,-0.0006885922655707422,0.0074335989426442374,5,5,1,paired_protocol_crossed_training_graph_seed_bootstrap,clean
yelpchi,r60_s0,noise_edges_uniform,0.0,secgfd,average_precision,False,non_oracle_controlled_stress,non_oracle_controlled_stress,non_oracle_controlled_stress,True,train_on_variant,train_clean_eval_all,train_on_variant - train_clean_eval_all,0.45411508539629863,0.4465099030943345,0.007605182301964097,0.013784886897759347,-0.0015206389426955847,0.020222838425816125,5,5,1,paired_protocol_crossed_training_graph_seed_bootstrap,clean
yelpchi,r60_s0,noise_edges_uniform,0.0,secgfd,f1_macro,False,non_oracle_controlled_stress,non_oracle_controlled_stress,non_oracle_controlled_stress,True,train_on_variant,train_clean_eval_all,train_on_variant - train_clean_eval_all,0.6783321401676335,0.6780019216311716,0.0003302185364619792,0.006576372967920166,-0.004102527656763266,0.005926351679809483,5,5,1,paired_protocol_crossed_training_graph_seed_bootstrap,clean
yelpchi,r60_s0,noise_edges_uniform,0.1,mlp,roc_auc,False,non_oracle_controlled_stress,non_oracle_controlled_stress,non_oracle_controlled_stress,True,train_on_variant,train_clean_eval_all,train_on_variant - train_clean_eval_all,0.794717508719831,0.794717508719831,0.0,0.0,0.0,0.0,10,5,2,paired_protocol_crossed_training_graph_seed_bootstrap,scenario
yelpchi,r60_s0,noise_edges_uniform,0.1,mlp,average_precision,False,non_oracle_controlled_stress,non_oracle_controlled_stress,non_oracle_controlled_stress,True,train_on_variant,train_clean_eval_all,train_on_variant - train_clean_eval_all,0.4209971272839546,0.4209971272839546,0.0,0.0,0.0,0.0,10,5,2,paired_protocol_crossed_training_graph_seed_bootstrap,scenario
yelpchi,r60_s0,noise_edges_uniform,0.1,mlp,f1_macro,False,non_oracle_controlled_stress,non_oracle_controlled_stress,non_oracle_controlled_stress,True,train_on_variant,train_clean_eval_all,train_on_variant - train_clean_eval_all,0.6606352434403353,0.6606352434403353,0.0,0.0,0.0,0.0,10,5,2,paired_protocol_crossed_training_graph_seed_bootstrap,scenario
yelpchi,r60_s0,noise_edges_uniform,0.1,sage,roc_auc,False,non_oracle_controlled_stress,non_oracle_controlled_stress,non_oracle_controlled_stress,True,train_on_variant,train_clean_eval_all,train_on_variant - train_clean_eval_all,0.7550579070347085,0.7577791289239242,-0.0027212218892154636,0.0030429399587337557,-0.005258942757623762,-0.0002681976932082497,10,5,2,paired_protocol_crossed_training_graph_seed_bootstrap,scenario
yelpchi,r60_s0,noise_edges_uniform,0.1,sage,average_precision,False,non_oracle_controlled_stress,non_oracle_controlled_stress,non_oracle_controlled_stress,True,train_on_variant,train_clean_eval_all,train_on_variant - train_clean_eval_all,0.3842721693142714,0.3880416765360608,-0.00376950722178942,0.004920933205049664,-0.007570615580867218,-0.00013308237978776772,10,5,2,paired_protocol_crossed_training_graph_seed_bootstrap,scenario
yelpchi,r60_s0,noise_edges_uniform,0.1,sage,f1_macro,False,non_oracle_controlled_stress,non_oracle_controlled_stress,non_oracle_controlled_stress,True,train_on_variant,train_clean_eval_all,train_on_variant - train_clean_eval_all,0.6408099231329503,0.6419584941216668,-0.001148570988716613,0.0022391586704012655,-0.0027641648799662465,0.0007503051328029762,10,5,2,paired_protocol_crossed_training_graph_seed_bootstrap,scenario
yelpchi,r60_s0,noise_edges_uniform,0.1,pmp,roc_auc,False,non_oracle_controlled_stress,non_oracle_controlled_stress,non_oracle_controlled_stress,True,train_on_variant,train_clean_eval_all,train_on_variant - train_clean_eval_all,0.8496634451946413,0.8483481579356564,0.001315287258985065,0.006471188465653256,-0.0037785776461334076,0.0064146687531250746,10,5,2,paired_protocol_crossed_training_graph_seed_bootstrap,scenario
yelpchi,r60_s0,noise_edges_uniform,0.1,pmp,average_precision,False,non_oracle_controlled_stress,non_oracle_controlled_stress,non_oracle_controlled_stress,True,train_on_variant,train_clean_eval_all,train_on_variant - train_clean_eval_all,0.5571673620880802,0.5509872660376296,0.006180096050450579,0.01950568174471819,-0.011172855693799777,0.020042987982951167,10,5,2,paired_protocol_crossed_training_graph_seed_bootstrap,scenario
yelpchi,r60_s0,noise_edges_uniform,0.1,pmp,f1_macro,False,non_oracle_controlled_stress,non_oracle_controlled_stress,non_oracle_controlled_stress,True,train_on_variant,train_clean_eval_all,train_on_variant - train_clean_eval_all,0.719219426287206,0.7189504816896504,0.0002689445975555205,0.010663409616924385,-0.009108932752166699,0.007598612701332419,10,5,2,paired_protocol_crossed_training_graph_seed_bootstrap,scenario
yelpchi,r60_s0,noise_edges_uniform,0.1,secgfd,roc_auc,False,non_oracle_controlled_stress,non_oracle_controlled_stress,non_oracle_controlled_stress,True,train_on_variant,train_clean_eval_all,train_on_variant - train_clean_eval_all,0.8114558497566984,0.8052234142331427,0.006232435523555735,0.007298569613359188,0.0013782509287687474,0.012386794400633566,10,5,2,paired_protocol_crossed_training_graph_seed_bootstrap,scenario
yelpchi,r60_s0,noise_edges_uniform,0.1,secgfd,average_precision,False,non_oracle_controlled_stress,non_oracle_controlled_stress,non_oracle_controlled_stress,True,train_on_variant,train_clean_eval_all,train_on_variant - train_clean_eval_all,0.4634915165204042,0.44420470925565836,0.019286807264745704,0.01834993888885798,0.007381963409029396,0.03460442756525804,10,5,2,paired_protocol_crossed_training_graph_seed_bootstrap,scenario
yelpchi,r60_s0,noise_edges_uniform,0.1,secgfd,f1_macro,False,non_oracle_controlled_stress,non_oracle_controlled_stress,non_oracle_controlled_stress,True,train_on_variant,train_clean_eval_all,train_on_variant - train_clean_eval_all,0.6843581651589566,0.6785602663515427,0.005797898807414092,0.010648544124122578,-0.0008331369479732675,0.01468247257888993,10,5,2,paired_protocol_crossed_training_graph_seed_bootstrap,scenario
yelpchi,r60_s0,noise_edges_uniform,0.2,mlp,roc_auc,False,non_oracle_controlled_stress,non_oracle_controlled_stress,non_oracle_controlled_stress,True,train_on_variant,train_clean_eval_all,train_on_variant - train_clean_eval_all,0.794717508719831,0.794717508719831,0.0,0.0,0.0,0.0,10,5,2,paired_protocol_crossed_training_graph_seed_bootstrap,scenario
yelpchi,r60_s0,noise_edges_uniform,0.2,mlp,average_precision,False,non_oracle_controlled_stress,non_oracle_controlled_stress,non_oracle_controlled_stress,True,train_on_variant,train_clean_eval_all,train_on_variant - train_clean_eval_all,0.4209971272839546,0.4209971272839546,0.0,0.0,0.0,0.0,10,5,2,paired_protocol_crossed_training_graph_seed_bootstrap,scenario
yelpchi,r60_s0,noise_edges_uniform,0.2,mlp,f1_macro,False,non_oracle_controlled_stress,non_oracle_controlled_stress,non_oracle_controlled_stress,True,train_on_variant,train_clean_eval_all,train_on_variant - train_clean_eval_all,0.6606352434403353,0.6606352434403353,0.0,0.0,0.0,0.0,10,5,2,paired_protocol_crossed_training_graph_seed_bootstrap,scenario
yelpchi,r60_s0,noise_edges_uniform,0.2,sage,roc_auc,False,non_oracle_controlled_stress,non_oracle_controlled_stress,non_oracle_controlled_stress,True,train_on_variant,train_clean_eval_all,train_on_variant - train_clean_eval_all,0.7530253059944266,0.756834620283364,-0.0038093142889374155,0.0033275352740713845,-0.006540827022444479,-0.001300704980060252,10,5,2,paired_protocol_crossed_training_graph_seed_bootstrap,scenario
yelpchi,r60_s0,noise_edges_uniform,0.2,sage,average_precision,False,non_oracle_controlled_stress,non_oracle_controlled_stress,non_oracle_controlled_stress,True,train_on_variant,train_clean_eval_all,train_on_variant - train_clean_eval_all,0.3812703386291827,0.3864421176757199,-0.00517177904653709,0.008013943429226098,-0.01263834713262143,0.0003559387604846143,10,5,2,paired_protocol_crossed_training_graph_seed_bootstrap,scenario
yelpchi,r60_s0,noise_edges_uniform,0.2,sage,f1_macro,False,non_oracle_controlled_stress,non_oracle_controlled_stress,non_oracle_controlled_stress,True,train_on_variant,train_clean_eval_all,train_on_variant - train_clean_eval_all,0.6393442023924989,0.6418319418227012,-0.0024877394302024736,0.0035770124092587272,-0.006049805845440257,0.000723455091197341,10,5,2,paired_protocol_crossed_training_graph_seed_bootstrap,scenario
yelpchi,r60_s0,noise_edges_uniform,0.2,pmp,roc_auc,False,non_oracle_controlled_stress,non_oracle_controlled_stress,non_oracle_controlled_stress,True,train_on_variant,train_clean_eval_all,train_on_variant - train_clean_eval_all,0.8438034508884471,0.8397961682287155,0.004007282659731481,0.008024039097319252,-0.002516663385931772,0.009300254506262451,10,5,2,paired_protocol_crossed_training_graph_seed_bootstrap,scenario
yelpchi,r60_s0,noise_edges_uniform,0.2,pmp,average_precision,False,non_oracle_controlled_stress,non_oracle_controlled_stress,non_oracle_controlled_stress,True,train_on_variant,train_clean_eval_all,train_on_variant - train_clean_eval_all,0.5368495995091195,0.5312230146403258,0.005626584868793682,0.025566714702009066,-0.01578532384493585,0.023490116914933294,10,5,2,paired_protocol_crossed_training_graph_seed_bootstrap,scenario
yelpchi,r60_s0,noise_edges_uniform,0.2,pmp,f1_macro,False,non_oracle_controlled_stress,non_oracle_controlled_stress,non_oracle_controlled_stress,True,train_on_variant,train_clean_eval_all,train_on_variant - train_clean_eval_all,0.7127049035229945,0.7082970472984483,0.004407856224546336,0.010261759137144083,-0.004374497561844337,0.011451962385946061,10,5,2,paired_protocol_crossed_training_graph_seed_bootstrap,scenario
yelpchi,r60_s0,noise_edges_uniform,0.2,secgfd,roc_auc,False,non_oracle_controlled_stress,non_oracle_controlled_stress,non_oracle_controlled_stress,True,train_on_variant,train_clean_eval_all,train_on_variant - train_clean_eval_all,0.8133743793599155,0.804461881989585,0.00891249737033063,0.00792780623939831,0.003306752076295516,0.015230041762198615,10,5,2,paired_protocol_crossed_training_graph_seed_bootstrap,scenario
yelpchi,r60_s0,noise_edges_uniform,0.2,secgfd,average_precision,False,non_oracle_controlled_stress,non_oracle_controlled_stress,non_oracle_controlled_stress,True,train_on_variant,train_clean_eval_all,train_on_variant - train_clean_eval_all,0.4673280018416296,0.44061257347526456,0.026715428366365014,0.0196776535170237,0.014300383612270285,0.04240551986256541,10,5,2,paired_protocol_crossed_training_graph_seed_bootstrap,scenario
yelpchi,r60_s0,noise_edges_uniform,0.2,secgfd,f1_macro,False,non_oracle_controlled_stress,non_oracle_controlled_stress,non_oracle_controlled_stress,True,train_on_variant,train_clean_eval_all,train_on_variant - train_clean_eval_all,0.6869194237555689,0.6769022823512927,0.010017141404276331,0.010935048214229998,0.001196829930998966,0.018744890132858006,10,5,2,paired_protocol_crossed_training_graph_seed_bootstrap,scenario
yelpchi,r60_s1,heterophily_rewire_oracle,0.0,mlp,roc_auc,True,oracle_protocol_comparison_diagnostic,oracle_privileged_training_diagnostic,oracle_shift_sensitivity_diagnostic,False,train_on_variant,train_clean_eval_all,train_on_variant - train_clean_eval_all,0.7723720551514079,0.7723720551514079,0.0,0.0,0.0,0.0,5,5,1,paired_protocol_crossed_training_graph_seed_bootstrap,clean
yelpchi,r60_s1,heterophily_rewire_oracle,0.0,mlp,average_precision,True,oracle_protocol_comparison_diagnostic,oracle_privileged_training_diagnostic,oracle_shift_sensitivity_diagnostic,False,train_on_variant,train_clean_eval_all,train_on_variant - train_clean_eval_all,0.4015628914180921,0.4015628914180921,0.0,0.0,0.0,0.0,5,5,1,paired_protocol_crossed_training_graph_seed_bootstrap,clean
yelpchi,r60_s1,heterophily_rewire_oracle,0.0,mlp,f1_macro,True,oracle_protocol_comparison_diagnostic,oracle_privileged_training_diagnostic,oracle_shift_sensitivity_diagnostic,False,train_on_variant,train_clean_eval_all,train_on_variant - train_clean_eval_all,0.6440492461958326,0.6440492461958326,0.0,0.0,0.0,0.0,5,5,1,paired_protocol_crossed_training_graph_seed_bootstrap,clean
yelpchi,r60_s1,heterophily_rewire_oracle,0.0,sage,roc_auc,True,oracle_protocol_comparison_diagnostic,oracle_privileged_training_diagnostic,oracle_shift_sensitivity_diagnostic,False,train_on_variant,train_clean_eval_all,train_on_variant - train_clean_eval_all,0.7430837218129931,0.7434806113333414,-0.00039688952034830913,0.002415252291181281,-0.002350844867037827,0.0016571966809760807,5,5,1,paired_protocol_crossed_training_graph_seed_bootstrap,clean
yelpchi,r60_s1,heterophily_rewire_oracle,0.0,sage,average_precision,True,oracle_protocol_comparison_diagnostic,oracle_privileged_training_diagnostic,oracle_shift_sensitivity_diagnostic,False,train_on_variant,train_clean_eval_all,train_on_variant - train_clean_eval_all,0.37358739300957405,0.3749213195313294,-0.0013339265217553243,0.005107739788117348,-0.005874496233554205,0.002177929743223761,5,5,1,paired_protocol_crossed_training_graph_seed_bootstrap,clean
yelpchi,r60_s1,heterophily_rewire_oracle,0.0,sage,f1_macro,True,oracle_protocol_comparison_diagnostic,oracle_privileged_training_diagnostic,oracle_shift_sensitivity_diagnostic,False,train_on_variant,train_clean_eval_all,train_on_variant - train_clean_eval_all,0.6294743036604813,0.6302244403032474,-0.0007501366427661527,0.001987574795562864,-0.0025534480597342534,0.00040440989900398795,5,5,1,paired_protocol_crossed_training_graph_seed_bootstrap,clean
yelpchi,r60_s1,heterophily_rewire_oracle,0.0,pmp,roc_auc,True,oracle_protocol_comparison_diagnostic,oracle_privileged_training_diagnostic,oracle_shift_sensitivity_diagnostic,False,train_on_variant,train_clean_eval_all,train_on_variant - train_clean_eval_all,0.8411706849793286,0.8411706849793286,0.0,0.0,0.0,0.0,5,5,1,paired_protocol_crossed_training_graph_seed_bootstrap,clean
yelpchi,r60_s1,heterophily_rewire_oracle,0.0,pmp,average_precision,True,oracle_protocol_comparison_diagnostic,oracle_privileged_training_diagnostic,oracle_shift_sensitivity_diagnostic,False,train_on_variant,train_clean_eval_all,train_on_variant - train_clean_eval_all,0.5566655594418857,0.5566655594418857,0.0,0.0,0.0,0.0,5,5,1,paired_protocol_crossed_training_graph_seed_bootstrap,clean
yelpchi,r60_s1,heterophily_rewire_oracle,0.0,pmp,f1_macro,True,oracle_protocol_comparison_diagnostic,oracle_privileged_training_diagnostic,oracle_shift_sensitivity_diagnostic,False,train_on_variant,train_clean_eval_all,train_on_variant - train_clean_eval_all,0.7145996249882615,0.7145996249882615,0.0,0.0,0.0,0.0,5,5,1,paired_protocol_crossed_training_graph_seed_bootstrap,clean
yelpchi,r60_s1,heterophily_rewire_oracle,0.0,secgfd,roc_auc,True,oracle_protocol_comparison_diagnostic,oracle_privileged_training_diagnostic,oracle_shift_sensitivity_diagnostic,False,train_on_variant,train_clean_eval_all,train_on_variant - train_clean_eval_all,0.7917109010085734,0.7901452377830896,0.0015656632254838598,0.003278253863212336,-0.0006799355559502112,0.003836047831780437,5,5,1,paired_protocol_crossed_training_graph_seed_bootstrap,clean
yelpchi,r60_s1,heterophily_rewire_oracle,0.0,secgfd,average_precision,True,oracle_protocol_comparison_diagnostic,oracle_privileged_training_diagnostic,oracle_shift_sensitivity_diagnostic,False,train_on_variant,train_clean_eval_all,train_on_variant - train_clean_eval_all,0.4463996215618966,0.44289324339708525,0.003506378164811319,0.00973038980843412,-0.00206620026246315,0.011532755970648335,5,5,1,paired_protocol_crossed_training_graph_seed_bootstrap,clean
yelpchi,r60_s1,heterophily_rewire_oracle,0.0,secgfd,f1_macro,True,oracle_protocol_comparison_diagnostic,oracle_privileged_training_diagnostic,oracle_shift_sensitivity_diagnostic,False,train_on_variant,train_clean_eval_all,train_on_variant - train_clean_eval_all,0.6661710464070382,0.6653530420084003,0.0008180043986379726,0.005827656776054783,-0.003283307812588876,0.005563399735138886,5,5,1,paired_protocol_crossed_training_graph_seed_bootstrap,clean
yelpchi,r60_s1,heterophily_rewire_oracle,0.15,mlp,roc_auc,True,oracle_protocol_comparison_diagnostic,oracle_privileged_training_diagnostic,oracle_shift_sensitivity_diagnostic,False,train_on_variant,train_clean_eval_all,train_on_variant - train_clean_eval_all,0.7723720551514079,0.7723720551514079,0.0,0.0,0.0,0.0,10,5,2,paired_protocol_crossed_training_graph_seed_bootstrap,scenario
yelpchi,r60_s1,heterophily_rewire_oracle,0.15,mlp,average_precision,True,oracle_protocol_comparison_diagnostic,oracle_privileged_training_diagnostic,oracle_shift_sensitivity_diagnostic,False,train_on_variant,train_clean_eval_all,train_on_variant - train_clean_eval_all,0.4015628914180921,0.4015628914180921,0.0,0.0,0.0,0.0,10,5,2,paired_protocol_crossed_training_graph_seed_bootstrap,scenario
yelpchi,r60_s1,heterophily_rewire_oracle,0.15,mlp,f1_macro,True,oracle_protocol_comparison_diagnostic,oracle_privileged_training_diagnostic,oracle_shift_sensitivity_diagnostic,False,train_on_variant,train_clean_eval_all,train_on_variant - train_clean_eval_all,0.6440492461958326,0.6440492461958326,0.0,0.0,0.0,0.0,10,5,2,paired_protocol_crossed_training_graph_seed_bootstrap,scenario
yelpchi,r60_s1,heterophily_rewire_oracle,0.15,sage,roc_auc,True,oracle_protocol_comparison_diagnostic,oracle_privileged_training_diagnostic,oracle_shift_sensitivity_diagnostic,False,train_on_variant,train_clean_eval_all,train_on_variant - train_clean_eval_all,0.8342034760036953,0.7308643818523849,0.10333909415131041,0.05339798971402802,0.06935059361927878,0.15262295228788858,10,5,2,paired_protocol_crossed_training_graph_seed_bootstrap,scenario
yelpchi,r60_s1,heterophily_rewire_oracle,0.15,sage,average_precision,True,oracle_protocol_comparison_diagnostic,oracle_privileged_training_diagnostic,oracle_shift_sensitivity_diagnostic,False,train_on_variant,train_clean_eval_all,train_on_variant - train_clean_eval_all,0.49457710143568595,0.3541351360123861,0.14044196542329995,0.06964922711169726,0.09255434484169585,0.20460736390016604,10,5,2,paired_protocol_crossed_training_graph_seed_bootstrap,scenario
yelpchi,r60_s1,heterophily_rewire_oracle,0.15,sage,f1_macro,True,oracle_protocol_comparison_diagnostic,oracle_privileged_training_diagnostic,oracle_shift_sensitivity_diagnostic,False,train_on_variant,train_clean_eval_all,train_on_variant - train_clean_eval_all,0.6896963429741169,0.6180114680166038,0.07168487495751301,0.03164754177869386,0.05094714732909204,0.10074327254824991,10,5,2,paired_protocol_crossed_training_graph_seed_bootstrap,scenario
yelpchi,r60_s1,heterophily_rewire_oracle,0.15,pmp,roc_auc,True,oracle_protocol_comparison_diagnostic,oracle_privileged_training_diagnostic,oracle_shift_sensitivity_diagnostic,False,train_on_variant,train_clean_eval_all,train_on_variant - train_clean_eval_all,0.8752009553322072,0.7758974080225495,0.09930354730965765,0.009051022558687961,0.09227772814859078,0.1067308674402722,10,5,2,paired_protocol_crossed_training_graph_seed_bootstrap,scenario
yelpchi,r60_s1,heterophily_rewire_oracle,0.15,pmp,average_precision,True,oracle_protocol_comparison_diagnostic,oracle_privileged_training_diagnostic,oracle_shift_sensitivity_diagnostic,False,train_on_variant,train_clean_eval_all,train_on_variant - train_clean_eval_all,0.5851510265165512,0.4094842126778877,0.1756668138386635,0.027024409441606917,0.15459112737028774,0.19590338212874087,10,5,2,paired_protocol_crossed_training_graph_seed_bootstrap,scenario
yelpchi,r60_s1,heterophily_rewire_oracle,0.15,pmp,f1_macro,True,oracle_protocol_comparison_diagnostic,oracle_privileged_training_diagnostic,oracle_shift_sensitivity_diagnostic,False,train_on_variant,train_clean_eval_all,train_on_variant - train_clean_eval_all,0.737195446110971,0.6501618306015751,0.08703361550939612,0.010694559456676361,0.07921937144773648,0.09707312609373056,10,5,2,paired_protocol_crossed_training_graph_seed_bootstrap,scenario
yelpchi,r60_s1,heterophily_rewire_oracle,0.15,secgfd,roc_auc,True,oracle_protocol_comparison_diagnostic,oracle_privileged_training_diagnostic,oracle_shift_sensitivity_diagnostic,False,train_on_variant,train_clean_eval_all,train_on_variant - train_clean_eval_all,0.9984383193897337,0.639297621978548,0.3591406974111857,0.014191422233506648,0.34812740862470576,0.3710969096525634,10,5,2,paired_protocol_crossed_training_graph_seed_bootstrap,scenario
yelpchi,r60_s1,heterophily_rewire_oracle,0.15,secgfd,average_precision,True,oracle_protocol_comparison_diagnostic,oracle_privileged_training_diagnostic,oracle_shift_sensitivity_diagnostic,False,train_on_variant,train_clean_eval_all,train_on_variant - train_clean_eval_all,0.9952251731058295,0.23775986445437428,0.7574653086514552,0.023401867221214255,0.7366040610355697,0.7754237895831795,10,5,2,paired_protocol_crossed_training_graph_seed_bootstrap,scenario
yelpchi,r60_s1,heterophily_rewire_oracle,0.15,secgfd,f1_macro,True,oracle_protocol_comparison_diagnostic,oracle_privileged_training_diagnostic,oracle_shift_sensitivity_diagnostic,False,train_on_variant,train_clean_eval_all,train_on_variant - train_clean_eval_all,0.9876770782368904,0.5591378213093503,0.4285392569275402,0.020084068233146086,0.4103590213681024,0.44354390484392847,10,5,2,paired_protocol_crossed_training_graph_seed_bootstrap,scenario
yelpchi,r60_s1,heterophily_rewire_oracle,0.3,mlp,roc_auc,True,oracle_protocol_comparison_diagnostic,oracle_privileged_training_diagnostic,oracle_shift_sensitivity_diagnostic,False,train_on_variant,train_clean_eval_all,train_on_variant - train_clean_eval_all,0.7723720551514079,0.7723720551514079,0.0,0.0,0.0,0.0,10,5,2,paired_protocol_crossed_training_graph_seed_bootstrap,scenario
yelpchi,r60_s1,heterophily_rewire_oracle,0.3,mlp,average_precision,True,oracle_protocol_comparison_diagnostic,oracle_privileged_training_diagnostic,oracle_shift_sensitivity_diagnostic,False,train_on_variant,train_clean_eval_all,train_on_variant - train_clean_eval_all,0.4015628914180921,0.4015628914180921,0.0,0.0,0.0,0.0,10,5,2,paired_protocol_crossed_training_graph_seed_bootstrap,scenario
yelpchi,r60_s1,heterophily_rewire_oracle,0.3,mlp,f1_macro,True,oracle_protocol_comparison_diagnostic,oracle_privileged_training_diagnostic,oracle_shift_sensitivity_diagnostic,False,train_on_variant,train_clean_eval_all,train_on_variant - train_clean_eval_all,0.6440492461958326,0.6440492461958326,0.0,0.0,0.0,0.0,10,5,2,paired_protocol_crossed_training_graph_seed_bootstrap,scenario
yelpchi,r60_s1,heterophily_rewire_oracle,0.3,sage,roc_auc,True,oracle_protocol_comparison_diagnostic,oracle_privileged_training_diagnostic,oracle_shift_sensitivity_diagnostic,False,train_on_variant,train_clean_eval_all,train_on_variant - train_clean_eval_all,0.8767659039736211,0.7278398380809664,0.1489260658926546,0.06620646845703758,0.08630140431967026,0.2010704831426759,10,5,2,paired_protocol_crossed_training_graph_seed_bootstrap,scenario
yelpchi,r60_s1,heterophily_rewire_oracle,0.3,sage,average_precision,True,oracle_protocol_comparison_diagnostic,oracle_privileged_training_diagnostic,oracle_shift_sensitivity_diagnostic,False,train_on_variant,train_clean_eval_all,train_on_variant - train_clean_eval_all,0.6060266899296082,0.3479411538008679,0.2580855361287403,0.1099121014982173,0.1465446625586156,0.33047644290759565,10,5,2,paired_protocol_crossed_training_graph_seed_bootstrap,scenario
yelpchi,r60_s1,heterophily_rewire_oracle,0.3,sage,f1_macro,True,oracle_protocol_comparison_diagnostic,oracle_privileged_training_diagnostic,oracle_shift_sensitivity_diagnostic,False,train_on_variant,train_clean_eval_all,train_on_variant - train_clean_eval_all,0.7422042295651918,0.6147327498606263,0.12747147970456538,0.047667883614644274,0.08078812918796356,0.1592915946163525,10,5,2,paired_protocol_crossed_training_graph_seed_bootstrap,scenario
yelpchi,r60_s1,heterophily_rewire_oracle,0.3,pmp,roc_auc,True,oracle_protocol_comparison_diagnostic,oracle_privileged_training_diagnostic,oracle_shift_sensitivity_diagnostic,False,train_on_variant,train_clean_eval_all,train_on_variant - train_clean_eval_all,0.8951724653417198,0.7499091906563654,0.14526327468535438,0.02101955142752627,0.13052450661304685,0.16086203039440475,10,5,2,paired_protocol_crossed_training_graph_seed_bootstrap,scenario
yelpchi,r60_s1,heterophily_rewire_oracle,0.3,pmp,average_precision,True,oracle_protocol_comparison_diagnostic,oracle_privileged_training_diagnostic,oracle_shift_sensitivity_diagnostic,False,train_on_variant,train_clean_eval_all,train_on_variant - train_clean_eval_all,0.6142161681916206,0.36622481371086224,0.24799135448075837,0.0491389527964462,0.21567067479216723,0.29068982937448457,10,5,2,paired_protocol_crossed_training_graph_seed_bootstrap,scenario
yelpchi,r60_s1,heterophily_rewire_oracle,0.3,pmp,f1_macro,True,oracle_protocol_comparison_diagnostic,oracle_privileged_training_diagnostic,oracle_shift_sensitivity_diagnostic,False,train_on_variant,train_clean_eval_all,train_on_variant - train_clean_eval_all,0.7529964509994538,0.6311522162050401,0.12184423479441357,0.021074481983078947,0.10768406248507953,0.14044480465292225,10,5,2,paired_protocol_crossed_training_graph_seed_bootstrap,scenario
yelpchi,r60_s1,heterophily_rewire_oracle,0.3,secgfd,roc_auc,True,oracle_protocol_comparison_diagnostic,oracle_privileged_training_diagnostic,oracle_shift_sensitivity_diagnostic,False,train_on_variant,train_clean_eval_all,train_on_variant - train_clean_eval_all,1.0,0.463027958530495,0.536972041469505,0.026219903943206144,0.5200095211181506,0.5607293864409674,10,5,2,paired_protocol_crossed_training_graph_seed_bootstrap,scenario
yelpchi,r60_s1,heterophily_rewire_oracle,0.3,secgfd,average_precision,True,oracle_protocol_comparison_diagnostic,oracle_privileged_training_diagnostic,oracle_shift_sensitivity_diagnostic,False,train_on_variant,train_clean_eval_all,train_on_variant - train_clean_eval_all,1.0,0.1308168627378466,0.8691831372621532,0.006105236467225042,0.8648710640720714,0.8745836926907449,10,5,2,paired_protocol_crossed_training_graph_seed_bootstrap,scenario
yelpchi,r60_s1,heterophily_rewire_oracle,0.3,secgfd,f1_macro,True,oracle_protocol_comparison_diagnostic,oracle_privileged_training_diagnostic,oracle_shift_sensitivity_diagnostic,False,train_on_variant,train_clean_eval_all,train_on_variant - train_clean_eval_all,0.9997369210304428,0.474413821230349,0.525323099800094,0.010307428872562988,0.5168890943568218,0.5333292979741011,10,5,2,paired_protocol_crossed_training_graph_seed_bootstrap,scenario
yelpchi,r60_s1,heterophily_rewire_nonoracle,0.0,mlp,roc_auc,False,non_oracle_controlled_stress,non_oracle_controlled_stress,non_oracle_controlled_stress,True,train_on_variant,train_clean_eval_all,train_on_variant - train_clean_eval_all,0.7723720551514079,0.7723720551514079,0.0,0.0,0.0,0.0,5,5,1,paired_protocol_crossed_training_graph_seed_bootstrap,clean
yelpchi,r60_s1,heterophily_rewire_nonoracle,0.0,mlp,average_precision,False,non_oracle_controlled_stress,non_oracle_controlled_stress,non_oracle_controlled_stress,True,train_on_variant,train_clean_eval_all,train_on_variant - train_clean_eval_all,0.4015628914180921,0.4015628914180921,0.0,0.0,0.0,0.0,5,5,1,paired_protocol_crossed_training_graph_seed_bootstrap,clean
yelpchi,r60_s1,heterophily_rewire_nonoracle,0.0,mlp,f1_macro,False,non_oracle_controlled_stress,non_oracle_controlled_stress,non_oracle_controlled_stress,True,train_on_variant,train_clean_eval_all,train_on_variant - train_clean_eval_all,0.6440492461958326,0.6440492461958326,0.0,0.0,0.0,0.0,5,5,1,paired_protocol_crossed_training_graph_seed_bootstrap,clean
yelpchi,r60_s1,heterophily_rewire_nonoracle,0.0,sage,roc_auc,False,non_oracle_controlled_stress,non_oracle_controlled_stress,non_oracle_controlled_stress,True,train_on_variant,train_clean_eval_all,train_on_variant - train_clean_eval_all,0.7430837218129931,0.7434806113333414,-0.00039688952034830913,0.002415252291181281,-0.002350844867037827,0.0016571966809760807,5,5,1,paired_protocol_crossed_training_graph_seed_bootstrap,clean
yelpchi,r60_s1,heterophily_rewire_nonoracle,0.0,sage,average_precision,False,non_oracle_controlled_stress,non_oracle_controlled_stress,non_oracle_controlled_stress,True,train_on_variant,train_clean_eval_all,train_on_variant - train_clean_eval_all,0.37358739300957405,0.3749213195313294,-0.0013339265217553243,0.005107739788117348,-0.005874496233554205,0.002177929743223761,5,5,1,paired_protocol_crossed_training_graph_seed_bootstrap,clean
yelpchi,r60_s1,heterophily_rewire_nonoracle,0.0,sage,f1_macro,False,non_oracle_controlled_stress,non_oracle_controlled_stress,non_oracle_controlled_stress,True,train_on_variant,train_clean_eval_all,train_on_variant - train_clean_eval_all,0.6294743036604813,0.6302244403032474,-0.0007501366427661527,0.001987574795562864,-0.0025534480597342534,0.00040440989900398795,5,5,1,paired_protocol_crossed_training_graph_seed_bootstrap,clean
yelpchi,r60_s1,heterophily_rewire_nonoracle,0.0,pmp,roc_auc,False,non_oracle_controlled_stress,non_oracle_controlled_stress,non_oracle_controlled_stress,True,train_on_variant,train_clean_eval_all,train_on_variant - train_clean_eval_all,0.8411706849793286,0.8411706849793286,0.0,0.0,0.0,0.0,5,5,1,paired_protocol_crossed_training_graph_seed_bootstrap,clean
yelpchi,r60_s1,heterophily_rewire_nonoracle,0.0,pmp,average_precision,False,non_oracle_controlled_stress,non_oracle_controlled_stress,non_oracle_controlled_stress,True,train_on_variant,train_clean_eval_all,train_on_variant - train_clean_eval_all,0.5566655594418857,0.5566655594418857,0.0,0.0,0.0,0.0,5,5,1,paired_protocol_crossed_training_graph_seed_bootstrap,clean
yelpchi,r60_s1,heterophily_rewire_nonoracle,0.0,pmp,f1_macro,False,non_oracle_controlled_stress,non_oracle_controlled_stress,non_oracle_controlled_stress,True,train_on_variant,train_clean_eval_all,train_on_variant - train_clean_eval_all,0.7145996249882615,0.7145996249882615,0.0,0.0,0.0,0.0,5,5,1,paired_protocol_crossed_training_graph_seed_bootstrap,clean
yelpchi,r60_s1,heterophily_rewire_nonoracle,0.0,secgfd,roc_auc,False,non_oracle_controlled_stress,non_oracle_controlled_stress,non_oracle_controlled_stress,True,train_on_variant,train_clean_eval_all,train_on_variant - train_clean_eval_all,0.7917109010085734,0.7901452377830896,0.0015656632254838598,0.003278253863212336,-0.0006799355559502112,0.003836047831780437,5,5,1,paired_protocol_crossed_training_graph_seed_bootstrap,clean
yelpchi,r60_s1,heterophily_rewire_nonoracle,0.0,secgfd,average_precision,False,non_oracle_controlled_stress,non_oracle_controlled_stress,non_oracle_controlled_stress,True,train_on_variant,train_clean_eval_all,train_on_variant - train_clean_eval_all,0.4463996215618966,0.44289324339708525,0.003506378164811319,0.00973038980843412,-0.00206620026246315,0.011532755970648335,5,5,1,paired_protocol_crossed_training_graph_seed_bootstrap,clean
yelpchi,r60_s1,heterophily_rewire_nonoracle,0.0,secgfd,f1_macro,False,non_oracle_controlled_stress,non_oracle_controlled_stress,non_oracle_controlled_stress,True,train_on_variant,train_clean_eval_all,train_on_variant - train_clean_eval_all,0.6661710464070382,0.6653530420084003,0.0008180043986379726,0.005827656776054783,-0.003283307812588876,0.005563399735138886,5,5,1,paired_protocol_crossed_training_graph_seed_bootstrap,clean
yelpchi,r60_s1,heterophily_rewire_nonoracle,0.15,mlp,roc_auc,False,non_oracle_controlled_stress,non_oracle_controlled_stress,non_oracle_controlled_stress,True,train_on_variant,train_clean_eval_all,train_on_variant - train_clean_eval_all,0.7723720551514079,0.7723720551514079,0.0,0.0,0.0,0.0,10,5,2,paired_protocol_crossed_training_graph_seed_bootstrap,scenario
yelpchi,r60_s1,heterophily_rewire_nonoracle,0.15,mlp,average_precision,False,non_oracle_controlled_stress,non_oracle_controlled_stress,non_oracle_controlled_stress,True,train_on_variant,train_clean_eval_all,train_on_variant - train_clean_eval_all,0.4015628914180921,0.4015628914180921,0.0,0.0,0.0,0.0,10,5,2,paired_protocol_crossed_training_graph_seed_bootstrap,scenario
yelpchi,r60_s1,heterophily_rewire_nonoracle,0.15,mlp,f1_macro,False,non_oracle_controlled_stress,non_oracle_controlled_stress,non_oracle_controlled_stress,True,train_on_variant,train_clean_eval_all,train_on_variant - train_clean_eval_all,0.6440492461958326,0.6440492461958326,0.0,0.0,0.0,0.0,10,5,2,paired_protocol_crossed_training_graph_seed_bootstrap,scenario
yelpchi,r60_s1,heterophily_rewire_nonoracle,0.15,sage,roc_auc,False,non_oracle_controlled_stress,non_oracle_controlled_stress,non_oracle_controlled_stress,True,train_on_variant,train_clean_eval_all,train_on_variant - train_clean_eval_all,0.7351224549373757,0.7385075778305914,-0.0033851228932156086,0.006743026312895701,-0.009387232726502163,0.0008298845918143338,10,5,2,paired_protocol_crossed_training_graph_seed_bootstrap,scenario
yelpchi,r60_s1,heterophily_rewire_nonoracle,0.15,sage,average_precision,False,non_oracle_controlled_stress,non_oracle_controlled_stress,non_oracle_controlled_stress,True,train_on_variant,train_clean_eval_all,train_on_variant - train_clean_eval_all,0.36738017107841264,0.3707138906463309,-0.0033337195679182833,0.01128100397266403,-0.013066903075565638,0.005093819310556405,10,5,2,paired_protocol_crossed_training_graph_seed_bootstrap,scenario
yelpchi,r60_s1,heterophily_rewire_nonoracle,0.15,sage,f1_macro,False,non_oracle_controlled_stress,non_oracle_controlled_stress,non_oracle_controlled_stress,True,train_on_variant,train_clean_eval_all,train_on_variant - train_clean_eval_all,0.6256091902166678,0.6268213566436367,-0.0012121664269690413,0.006757817060798373,-0.007168824675237769,0.003850818485066449,10,5,2,paired_protocol_crossed_training_graph_seed_bootstrap,scenario
yelpchi,r60_s1,heterophily_rewire_nonoracle,0.15,pmp,roc_auc,False,non_oracle_controlled_stress,non_oracle_controlled_stress,non_oracle_controlled_stress,True,train_on_variant,train_clean_eval_all,train_on_variant - train_clean_eval_all,0.8301214383224386,0.8267514836670854,0.0033699546553532466,0.005530077501022545,-0.000855818515082924,0.0075489328115662556,10,5,2,paired_protocol_crossed_training_graph_seed_bootstrap,scenario
yelpchi,r60_s1,heterophily_rewire_nonoracle,0.15,pmp,average_precision,False,non_oracle_controlled_stress,non_oracle_controlled_stress,non_oracle_controlled_stress,True,train_on_variant,train_clean_eval_all,train_on_variant - train_clean_eval_all,0.5143779578412796,0.510669150730395,0.0037088071108846766,0.014334863409195653,-0.007713867799620444,0.015290766315974192,10,5,2,paired_protocol_crossed_training_graph_seed_bootstrap,scenario
yelpchi,r60_s1,heterophily_rewire_nonoracle,0.15,pmp,f1_macro,False,non_oracle_controlled_stress,non_oracle_controlled_stress,non_oracle_controlled_stress,True,train_on_variant,train_clean_eval_all,train_on_variant - train_clean_eval_all,0.6997723841154825,0.6956916221972408,0.004080761918241549,0.007833550217744125,-0.002274052291935509,0.010036506897927988,10,5,2,paired_protocol_crossed_training_graph_seed_bootstrap,scenario
yelpchi,r60_s1,heterophily_rewire_nonoracle,0.15,secgfd,roc_auc,False,non_oracle_controlled_stress,non_oracle_controlled_stress,non_oracle_controlled_stress,True,train_on_variant,train_clean_eval_all,train_on_variant - train_clean_eval_all,0.7917796487600157,0.7862067695693136,0.0055728791907020845,0.008725638139324803,-0.0011985669778696176,0.01220155158115539,10,5,2,paired_protocol_crossed_training_graph_seed_bootstrap,scenario
yelpchi,r60_s1,heterophily_rewire_nonoracle,0.15,secgfd,average_precision,False,non_oracle_controlled_stress,non_oracle_controlled_stress,non_oracle_controlled_stress,True,train_on_variant,train_clean_eval_all,train_on_variant - train_clean_eval_all,0.44751775799281307,0.4395275013294949,0.007990256663318202,0.012057823230315703,-0.0018031946776512606,0.016521259675125154,10,5,2,paired_protocol_crossed_training_graph_seed_bootstrap,scenario
yelpchi,r60_s1,heterophily_rewire_nonoracle,0.15,secgfd,f1_macro,False,non_oracle_controlled_stress,non_oracle_controlled_stress,non_oracle_controlled_stress,True,train_on_variant,train_clean_eval_all,train_on_variant - train_clean_eval_all,0.6685561596380869,0.6642588625839752,0.004297297054111793,0.011191339039099912,-0.0038105267062648164,0.013315717299424957,10,5,2,paired_protocol_crossed_training_graph_seed_bootstrap,scenario
yelpchi,r60_s1,heterophily_rewire_nonoracle,0.3,mlp,roc_auc,False,non_oracle_controlled_stress,non_oracle_controlled_stress,non_oracle_controlled_stress,True,train_on_variant,train_clean_eval_all,train_on_variant - train_clean_eval_all,0.7723720551514079,0.7723720551514079,0.0,0.0,0.0,0.0,10,5,2,paired_protocol_crossed_training_graph_seed_bootstrap,scenario
yelpchi,r60_s1,heterophily_rewire_nonoracle,0.3,mlp,average_precision,False,non_oracle_controlled_stress,non_oracle_controlled_stress,non_oracle_controlled_stress,True,train_on_variant,train_clean_eval_all,train_on_variant - train_clean_eval_all,0.4015628914180921,0.4015628914180921,0.0,0.0,0.0,0.0,10,5,2,paired_protocol_crossed_training_graph_seed_bootstrap,scenario
yelpchi,r60_s1,heterophily_rewire_nonoracle,0.3,mlp,f1_macro,False,non_oracle_controlled_stress,non_oracle_controlled_stress,non_oracle_controlled_stress,True,train_on_variant,train_clean_eval_all,train_on_variant - train_clean_eval_all,0.6440492461958326,0.6440492461958326,0.0,0.0,0.0,0.0,10,5,2,paired_protocol_crossed_training_graph_seed_bootstrap,scenario
yelpchi,r60_s1,heterophily_rewire_nonoracle,0.3,sage,roc_auc,False,non_oracle_controlled_stress,non_oracle_controlled_stress,non_oracle_controlled_stress,True,train_on_variant,train_clean_eval_all,train_on_variant - train_clean_eval_all,0.7404454059675964,0.7357308851619572,0.004714520805639222,0.016775607820057797,-0.006526710771430666,0.019976195299065747,10,5,2,paired_protocol_crossed_training_graph_seed_bootstrap,scenario
yelpchi,r60_s1,heterophily_rewire_nonoracle,0.3,sage,average_precision,False,non_oracle_controlled_stress,non_oracle_controlled_stress,non_oracle_controlled_stress,True,train_on_variant,train_clean_eval_all,train_on_variant - train_clean_eval_all,0.36911292441761656,0.36711025503029493,0.0020026693873217093,0.01423910160631602,-0.009995340971812499,0.012889647977551395,10,5,2,paired_protocol_crossed_training_graph_seed_bootstrap,scenario
yelpchi,r60_s1,heterophily_rewire_nonoracle,0.3,sage,f1_macro,False,non_oracle_controlled_stress,non_oracle_controlled_stress,non_oracle_controlled_stress,True,train_on_variant,train_clean_eval_all,train_on_variant - train_clean_eval_all,0.6246733512560766,0.624183243866839,0.0004901073892376928,0.008295311228639798,-0.005534552063397169,0.0074982914157050605,10,5,2,paired_protocol_crossed_training_graph_seed_bootstrap,scenario
yelpchi,r60_s1,heterophily_rewire_nonoracle,0.3,pmp,roc_auc,False,non_oracle_controlled_stress,non_oracle_controlled_stress,non_oracle_controlled_stress,True,train_on_variant,train_clean_eval_all,train_on_variant - train_clean_eval_all,0.8270061661935802,0.8117759643645499,0.01523020182903031,0.010835137966001798,0.00913827330382514,0.024324775220434858,10,5,2,paired_protocol_crossed_training_graph_seed_bootstrap,scenario
yelpchi,r60_s1,heterophily_rewire_nonoracle,0.3,pmp,average_precision,False,non_oracle_controlled_stress,non_oracle_controlled_stress,non_oracle_controlled_stress,True,train_on_variant,train_clean_eval_all,train_on_variant - train_clean_eval_all,0.5123045732491577,0.48413132741071185,0.02817324583844577,0.02721746071638222,0.010974126798420903,0.04917077867325933,10,5,2,paired_protocol_crossed_training_graph_seed_bootstrap,scenario
yelpchi,r60_s1,heterophily_rewire_nonoracle,0.3,pmp,f1_macro,False,non_oracle_controlled_stress,non_oracle_controlled_stress,non_oracle_controlled_stress,True,train_on_variant,train_clean_eval_all,train_on_variant - train_clean_eval_all,0.6998539635770832,0.681096863375225,0.018757100201858036,0.01217127368269479,0.01060647293144612,0.02749273992702874,10,5,2,paired_protocol_crossed_training_graph_seed_bootstrap,scenario
yelpchi,r60_s1,heterophily_rewire_nonoracle,0.3,secgfd,roc_auc,False,non_oracle_controlled_stress,non_oracle_controlled_stress,non_oracle_controlled_stress,True,train_on_variant,train_clean_eval_all,train_on_variant - train_clean_eval_all,0.791699305691062,0.7841612202656805,0.007538085425381436,0.011160222839567786,-0.0009256293294266582,0.01631482135017135,10,5,2,paired_protocol_crossed_training_graph_seed_bootstrap,scenario
yelpchi,r60_s1,heterophily_rewire_nonoracle,0.3,secgfd,average_precision,False,non_oracle_controlled_stress,non_oracle_controlled_stress,non_oracle_controlled_stress,True,train_on_variant,train_clean_eval_all,train_on_variant - train_clean_eval_all,0.44603175792500743,0.4369699452387715,0.00906181268623601,0.016652165292544808,-0.002951850219268513,0.021720290802936915,10,5,2,paired_protocol_crossed_training_graph_seed_bootstrap,scenario
yelpchi,r60_s1,heterophily_rewire_nonoracle,0.3,secgfd,f1_macro,False,non_oracle_controlled_stress,non_oracle_controlled_stress,non_oracle_controlled_stress,True,train_on_variant,train_clean_eval_all,train_on_variant - train_clean_eval_all,0.6692847687701315,0.6614673792582347,0.007817389511896821,0.013299259956341267,-0.0020863206859045857,0.017545759837683292,10,5,2,paired_protocol_crossed_training_graph_seed_bootstrap,scenario
yelpchi,r60_s1,camouflage_feature_oracle,0.0,mlp,roc_auc,True,oracle_protocol_comparison_diagnostic,oracle_privileged_training_diagnostic,oracle_shift_sensitivity_diagnostic,False,train_on_variant,train_clean_eval_all,train_on_variant - train_clean_eval_all,0.7723720551514079,0.7723720551514079,0.0,0.0,0.0,0.0,5,5,1,paired_protocol_crossed_training_graph_seed_bootstrap,clean
yelpchi,r60_s1,camouflage_feature_oracle,0.0,mlp,average_precision,True,oracle_protocol_comparison_diagnostic,oracle_privileged_training_diagnostic,oracle_shift_sensitivity_diagnostic,False,train_on_variant,train_clean_eval_all,train_on_variant - train_clean_eval_all,0.4015628914180921,0.4015628914180921,0.0,0.0,0.0,0.0,5,5,1,paired_protocol_crossed_training_graph_seed_bootstrap,clean
yelpchi,r60_s1,camouflage_feature_oracle,0.0,mlp,f1_macro,True,oracle_protocol_comparison_diagnostic,oracle_privileged_training_diagnostic,oracle_shift_sensitivity_diagnostic,False,train_on_variant,train_clean_eval_all,train_on_variant - train_clean_eval_all,0.6440492461958326,0.6440492461958326,0.0,0.0,0.0,0.0,5,5,1,paired_protocol_crossed_training_graph_seed_bootstrap,clean
yelpchi,r60_s1,camouflage_feature_oracle,0.0,sage,roc_auc,True,oracle_protocol_comparison_diagnostic,oracle_privileged_training_diagnostic,oracle_shift_sensitivity_diagnostic,False,train_on_variant,train_clean_eval_all,train_on_variant - train_clean_eval_all,0.7430837218129931,0.7434806113333414,-0.00039688952034830913,0.002415252291181281,-0.002350844867037827,0.0016571966809760807,5,5,1,paired_protocol_crossed_training_graph_seed_bootstrap,clean
yelpchi,r60_s1,camouflage_feature_oracle,0.0,sage,average_precision,True,oracle_protocol_comparison_diagnostic,oracle_privileged_training_diagnostic,oracle_shift_sensitivity_diagnostic,False,train_on_variant,train_clean_eval_all,train_on_variant - train_clean_eval_all,0.37358739300957405,0.3749213195313294,-0.0013339265217553243,0.005107739788117348,-0.005874496233554205,0.002177929743223761,5,5,1,paired_protocol_crossed_training_graph_seed_bootstrap,clean
yelpchi,r60_s1,camouflage_feature_oracle,0.0,sage,f1_macro,True,oracle_protocol_comparison_diagnostic,oracle_privileged_training_diagnostic,oracle_shift_sensitivity_diagnostic,False,train_on_variant,train_clean_eval_all,train_on_variant - train_clean_eval_all,0.6294743036604813,0.6302244403032474,-0.0007501366427661527,0.001987574795562864,-0.0025534480597342534,0.00040440989900398795,5,5,1,paired_protocol_crossed_training_graph_seed_bootstrap,clean
yelpchi,r60_s1,camouflage_feature_oracle,0.0,pmp,roc_auc,True,oracle_protocol_comparison_diagnostic,oracle_privileged_training_diagnostic,oracle_shift_sensitivity_diagnostic,False,train_on_variant,train_clean_eval_all,train_on_variant - train_clean_eval_all,0.8411706849793286,0.8411706849793286,0.0,0.0,0.0,0.0,5,5,1,paired_protocol_crossed_training_graph_seed_bootstrap,clean
yelpchi,r60_s1,camouflage_feature_oracle,0.0,pmp,average_precision,True,oracle_protocol_comparison_diagnostic,oracle_privileged_training_diagnostic,oracle_shift_sensitivity_diagnostic,False,train_on_variant,train_clean_eval_all,train_on_variant - train_clean_eval_all,0.5566655594418857,0.5566655594418857,0.0,0.0,0.0,0.0,5,5,1,paired_protocol_crossed_training_graph_seed_bootstrap,clean
yelpchi,r60_s1,camouflage_feature_oracle,0.0,pmp,f1_macro,True,oracle_protocol_comparison_diagnostic,oracle_privileged_training_diagnostic,oracle_shift_sensitivity_diagnostic,False,train_on_variant,train_clean_eval_all,train_on_variant - train_clean_eval_all,0.7145996249882615,0.7145996249882615,0.0,0.0,0.0,0.0,5,5,1,paired_protocol_crossed_training_graph_seed_bootstrap,clean
yelpchi,r60_s1,camouflage_feature_oracle,0.0,secgfd,roc_auc,True,oracle_protocol_comparison_diagnostic,oracle_privileged_training_diagnostic,oracle_shift_sensitivity_diagnostic,False,train_on_variant,train_clean_eval_all,train_on_variant - train_clean_eval_all,0.7917109010085734,0.7901452377830896,0.0015656632254838598,0.003278253863212336,-0.0006799355559502112,0.003836047831780437,5,5,1,paired_protocol_crossed_training_graph_seed_bootstrap,clean
yelpchi,r60_s1,camouflage_feature_oracle,0.0,secgfd,average_precision,True,oracle_protocol_comparison_diagnostic,oracle_privileged_training_diagnostic,oracle_shift_sensitivity_diagnostic,False,train_on_variant,train_clean_eval_all,train_on_variant - train_clean_eval_all,0.4463996215618966,0.44289324339708525,0.003506378164811319,0.00973038980843412,-0.00206620026246315,0.011532755970648335,5,5,1,paired_protocol_crossed_training_graph_seed_bootstrap,clean
yelpchi,r60_s1,camouflage_feature_oracle,0.0,secgfd,f1_macro,True,oracle_protocol_comparison_diagnostic,oracle_privileged_training_diagnostic,oracle_shift_sensitivity_diagnostic,False,train_on_variant,train_clean_eval_all,train_on_variant - train_clean_eval_all,0.6661710464070382,0.6653530420084003,0.0008180043986379726,0.005827656776054783,-0.003283307812588876,0.005563399735138886,5,5,1,paired_protocol_crossed_training_graph_seed_bootstrap,clean
yelpchi,r60_s1,camouflage_feature_oracle,0.15,mlp,roc_auc,True,oracle_protocol_comparison_diagnostic,oracle_privileged_training_diagnostic,oracle_shift_sensitivity_diagnostic,False,train_on_variant,train_clean_eval_all,train_on_variant - train_clean_eval_all,0.7300865570920279,0.7329781167679916,-0.0028915596759637396,0.001916018529294818,-0.004249450437211144,-0.0012597580027699092,10,5,2,paired_protocol_crossed_training_graph_seed_bootstrap,scenario
yelpchi,r60_s1,camouflage_feature_oracle,0.15,mlp,average_precision,True,oracle_protocol_comparison_diagnostic,oracle_privileged_training_diagnostic,oracle_shift_sensitivity_diagnostic,False,train_on_variant,train_clean_eval_all,train_on_variant - train_clean_eval_all,0.3611973707292504,0.36323032845023867,-0.0020329577209882654,0.002652635228515782,-0.004568977284793485,0.00034347139729592644,10,5,2,paired_protocol_crossed_training_graph_seed_bootstrap,scenario
yelpchi,r60_s1,camouflage_feature_oracle,0.15,mlp,f1_macro,True,oracle_protocol_comparison_diagnostic,oracle_privileged_training_diagnostic,oracle_shift_sensitivity_diagnostic,False,train_on_variant,train_clean_eval_all,train_on_variant - train_clean_eval_all,0.6245128852392696,0.6272522038816071,-0.002739318642337418,0.0035734539769213835,-0.005420185103922432,8.681642736036998e-05,10,5,2,paired_protocol_crossed_training_graph_seed_bootstrap,scenario
yelpchi,r60_s1,camouflage_feature_oracle,0.15,sage,roc_auc,True,oracle_protocol_comparison_diagnostic,oracle_privileged_training_diagnostic,oracle_shift_sensitivity_diagnostic,False,train_on_variant,train_clean_eval_all,train_on_variant - train_clean_eval_all,0.7038146546138884,0.7086488825429589,-0.0048342279290706,0.006154450487554014,-0.010000623117309138,0.0001447425763290655,10,5,2,paired_protocol_crossed_training_graph_seed_bootstrap,scenario
yelpchi,r60_s1,camouflage_feature_oracle,0.15,sage,average_precision,True,oracle_protocol_comparison_diagnostic,oracle_privileged_training_diagnostic,oracle_shift_sensitivity_diagnostic,False,train_on_variant,train_clean_eval_all,train_on_variant - train_clean_eval_all,0.333688256876098,0.3403853231766025,-0.006697066300504461,0.009836168630050627,-0.01593603086937252,0.0004722183862010232,10,5,2,paired_protocol_crossed_training_graph_seed_bootstrap,scenario
yelpchi,r60_s1,camouflage_feature_oracle,0.15,sage,f1_macro,True,oracle_protocol_comparison_diagnostic,oracle_privileged_training_diagnostic,oracle_shift_sensitivity_diagnostic,False,train_on_variant,train_clean_eval_all,train_on_variant - train_clean_eval_all,0.6090125617429019,0.6130294284688147,-0.004016866725912826,0.007165818760045074,-0.01031823224843964,0.0008661525586925478,10,5,2,paired_protocol_crossed_training_graph_seed_bootstrap,scenario
yelpchi,r60_s1,camouflage_feature_oracle,0.15,pmp,roc_auc,True,oracle_protocol_comparison_diagnostic,oracle_privileged_training_diagnostic,oracle_shift_sensitivity_diagnostic,False,train_on_variant,train_clean_eval_all,train_on_variant - train_clean_eval_all,0.7979465092854008,0.7962239091064308,0.0017226001789699575,0.007484064474183835,-0.005630770028171761,0.007534046596216937,10,5,2,paired_protocol_crossed_training_graph_seed_bootstrap,scenario
yelpchi,r60_s1,camouflage_feature_oracle,0.15,pmp,average_precision,True,oracle_protocol_comparison_diagnostic,oracle_privileged_training_diagnostic,oracle_shift_sensitivity_diagnostic,False,train_on_variant,train_clean_eval_all,train_on_variant - train_clean_eval_all,0.49539300215402077,0.4949892501414131,0.0004037520126076666,0.013310787183395621,-0.01152578875104537,0.012835391922306894,10,5,2,paired_protocol_crossed_training_graph_seed_bootstrap,scenario
yelpchi,r60_s1,camouflage_feature_oracle,0.15,pmp,f1_macro,True,oracle_protocol_comparison_diagnostic,oracle_privileged_training_diagnostic,oracle_shift_sensitivity_diagnostic,False,train_on_variant,train_clean_eval_all,train_on_variant - train_clean_eval_all,0.6892674999520978,0.6867252964863136,0.002542203465784143,0.00869161607935262,-0.0034535244490308424,0.007725461521207744,10,5,2,paired_protocol_crossed_training_graph_seed_bootstrap,scenario
yelpchi,r60_s1,camouflage_feature_oracle,0.15,secgfd,roc_auc,True,oracle_protocol_comparison_diagnostic,oracle_privileged_training_diagnostic,oracle_shift_sensitivity_diagnostic,False,train_on_variant,train_clean_eval_all,train_on_variant - train_clean_eval_all,0.7471195830716367,0.7485429821365416,-0.0014233990649047956,0.013301883446487828,-0.010453478862031518,0.010823307202740658,10,5,2,paired_protocol_crossed_training_graph_seed_bootstrap,scenario
yelpchi,r60_s1,camouflage_feature_oracle,0.15,secgfd,average_precision,True,oracle_protocol_comparison_diagnostic,oracle_privileged_training_diagnostic,oracle_shift_sensitivity_diagnostic,False,train_on_variant,train_clean_eval_all,train_on_variant - train_clean_eval_all,0.40513831885225676,0.40050330062744816,0.004635018224808535,0.017757994802003907,-0.007262193184045207,0.020749773850333088,10,5,2,paired_protocol_crossed_training_graph_seed_bootstrap,scenario
yelpchi,r60_s1,camouflage_feature_oracle,0.15,secgfd,f1_macro,True,oracle_protocol_comparison_diagnostic,oracle_privileged_training_diagnostic,oracle_shift_sensitivity_diagnostic,False,train_on_variant,train_clean_eval_all,train_on_variant - train_clean_eval_all,0.6446761407070485,0.6464501311860932,-0.0017739904790447403,0.012357903571743503,-0.010594925435324783,0.008321798795265923,10,5,2,paired_protocol_crossed_training_graph_seed_bootstrap,scenario
yelpchi,r60_s1,camouflage_feature_oracle,0.3,mlp,roc_auc,True,oracle_protocol_comparison_diagnostic,oracle_privileged_training_diagnostic,oracle_shift_sensitivity_diagnostic,False,train_on_variant,train_clean_eval_all,train_on_variant - train_clean_eval_all,0.6908522567898825,0.6907582699290827,9.398686079982177e-05,0.012180614434903253,-0.005586351482371276,0.010502270662341351,10,5,2,paired_protocol_crossed_training_graph_seed_bootstrap,scenario
yelpchi,r60_s1,camouflage_feature_oracle,0.3,mlp,average_precision,True,oracle_protocol_comparison_diagnostic,oracle_privileged_training_diagnostic,oracle_shift_sensitivity_diagnostic,False,train_on_variant,train_clean_eval_all,train_on_variant - train_clean_eval_all,0.32014120655353506,0.31720663531057264,0.0029345712429624192,0.023109075731942482,-0.005421441268325877,0.024353238397412165,10,5,2,paired_protocol_crossed_training_graph_seed_bootstrap,scenario
yelpchi,r60_s1,camouflage_feature_oracle,0.3,mlp,f1_macro,True,oracle_protocol_comparison_diagnostic,oracle_privileged_training_diagnostic,oracle_shift_sensitivity_diagnostic,False,train_on_variant,train_clean_eval_all,train_on_variant - train_clean_eval_all,0.6047564323896217,0.6038680298487146,0.0008884025409071295,0.011345520930983963,-0.004977421402082483,0.01040828298132804,10,5,2,paired_protocol_crossed_training_graph_seed_bootstrap,scenario
yelpchi,r60_s1,camouflage_feature_oracle,0.3,sage,roc_auc,True,oracle_protocol_comparison_diagnostic,oracle_privileged_training_diagnostic,oracle_shift_sensitivity_diagnostic,False,train_on_variant,train_clean_eval_all,train_on_variant - train_clean_eval_all,0.6495710923494152,0.6703748974810055,-0.02080380513159018,0.07786814083821356,-0.08361069040635634,0.04595770272083129,10,5,2,paired_protocol_crossed_training_graph_seed_bootstrap,scenario
yelpchi,r60_s1,camouflage_feature_oracle,0.3,sage,average_precision,True,oracle_protocol_comparison_diagnostic,oracle_privileged_training_diagnostic,oracle_shift_sensitivity_diagnostic,False,train_on_variant,train_clean_eval_all,train_on_variant - train_clean_eval_all,0.278754249186852,0.29830935050964164,-0.019555101322789672,0.08692258695772119,-0.0934672607043056,0.05109756334411552,10,5,2,paired_protocol_crossed_training_graph_seed_bootstrap,scenario
yelpchi,r60_s1,camouflage_feature_oracle,0.3,sage,f1_macro,True,oracle_protocol_comparison_diagnostic,oracle_privileged_training_diagnostic,oracle_shift_sensitivity_diagnostic,False,train_on_variant,train_clean_eval_all,train_on_variant - train_clean_eval_all,0.5822860034902865,0.5928545291605214,-0.010568525670234929,0.044971340197178945,-0.04837184014355443,0.022753804067492823,10,5,2,paired_protocol_crossed_training_graph_seed_bootstrap,scenario
yelpchi,r60_s1,camouflage_feature_oracle,0.3,pmp,roc_auc,True,oracle_protocol_comparison_diagnostic,oracle_privileged_training_diagnostic,oracle_shift_sensitivity_diagnostic,False,train_on_variant,train_clean_eval_all,train_on_variant - train_clean_eval_all,0.7565982501646402,0.7578668655560569,-0.0012686153914167498,0.011910023726391746,-0.009997183585984847,0.007568321859336313,10,5,2,paired_protocol_crossed_training_graph_seed_bootstrap,scenario
yelpchi,r60_s1,camouflage_feature_oracle,0.3,pmp,average_precision,True,oracle_protocol_comparison_diagnostic,oracle_privileged_training_diagnostic,oracle_shift_sensitivity_diagnostic,False,train_on_variant,train_clean_eval_all,train_on_variant - train_clean_eval_all,0.43008856405221785,0.44095915426550014,-0.010870590213282294,0.022679902310382666,-0.02849515468624928,0.005306223057585906,10,5,2,paired_protocol_crossed_training_graph_seed_bootstrap,scenario
yelpchi,r60_s1,camouflage_feature_oracle,0.3,pmp,f1_macro,True,oracle_protocol_comparison_diagnostic,oracle_privileged_training_diagnostic,oracle_shift_sensitivity_diagnostic,False,train_on_variant,train_clean_eval_all,train_on_variant - train_clean_eval_all,0.65747790231863,0.6656718375756256,-0.008193935256995443,0.009203152666839761,-0.014452284435887237,-0.0014518799390180303,10,5,2,paired_protocol_crossed_training_graph_seed_bootstrap,scenario
yelpchi,r60_s1,camouflage_feature_oracle,0.3,secgfd,roc_auc,True,oracle_protocol_comparison_diagnostic,oracle_privileged_training_diagnostic,oracle_shift_sensitivity_diagnostic,False,train_on_variant,train_clean_eval_all,train_on_variant - train_clean_eval_all,0.7147735778443114,0.7056886036989158,0.009084974145395552,0.015461850231942584,-0.000488851726282702,0.0230600744396517,10,5,2,paired_protocol_crossed_training_graph_seed_bootstrap,scenario
yelpchi,r60_s1,camouflage_feature_oracle,0.3,secgfd,average_precision,True,oracle_protocol_comparison_diagnostic,oracle_privileged_training_diagnostic,oracle_shift_sensitivity_diagnostic,False,train_on_variant,train_clean_eval_all,train_on_variant - train_clean_eval_all,0.37024439982652785,0.3530771130954186,0.017167286731109288,0.0186750152091308,0.004777292031366731,0.033229266316628966,10,5,2,paired_protocol_crossed_training_graph_seed_bootstrap,scenario
yelpchi,r60_s1,camouflage_feature_oracle,0.3,secgfd,f1_macro,True,oracle_protocol_comparison_diagnostic,oracle_privileged_training_diagnostic,oracle_shift_sensitivity_diagnostic,False,train_on_variant,train_clean_eval_all,train_on_variant - train_clean_eval_all,0.6294479445538282,0.6234760235267175,0.005971921027110738,0.01232340356031394,-0.002021310843522617,0.015906002116748908,10,5,2,paired_protocol_crossed_training_graph_seed_bootstrap,scenario
yelpchi,r60_s1,camouflage_relation_oracle,0.0,mlp,roc_auc,True,oracle_protocol_comparison_diagnostic,oracle_privileged_training_diagnostic,oracle_shift_sensitivity_diagnostic,False,train_on_variant,train_clean_eval_all,train_on_variant - train_clean_eval_all,0.7723720551514079,0.7723720551514079,0.0,0.0,0.0,0.0,5,5,1,paired_protocol_crossed_training_graph_seed_bootstrap,clean
yelpchi,r60_s1,camouflage_relation_oracle,0.0,mlp,average_precision,True,oracle_protocol_comparison_diagnostic,oracle_privileged_training_diagnostic,oracle_shift_sensitivity_diagnostic,False,train_on_variant,train_clean_eval_all,train_on_variant - train_clean_eval_all,0.4015628914180921,0.4015628914180921,0.0,0.0,0.0,0.0,5,5,1,paired_protocol_crossed_training_graph_seed_bootstrap,clean
yelpchi,r60_s1,camouflage_relation_oracle,0.0,mlp,f1_macro,True,oracle_protocol_comparison_diagnostic,oracle_privileged_training_diagnostic,oracle_shift_sensitivity_diagnostic,False,train_on_variant,train_clean_eval_all,train_on_variant - train_clean_eval_all,0.6440492461958326,0.6440492461958326,0.0,0.0,0.0,0.0,5,5,1,paired_protocol_crossed_training_graph_seed_bootstrap,clean
yelpchi,r60_s1,camouflage_relation_oracle,0.0,sage,roc_auc,True,oracle_protocol_comparison_diagnostic,oracle_privileged_training_diagnostic,oracle_shift_sensitivity_diagnostic,False,train_on_variant,train_clean_eval_all,train_on_variant - train_clean_eval_all,0.7430837218129931,0.7434806113333414,-0.00039688952034830913,0.002415252291181281,-0.002350844867037827,0.0016571966809760807,5,5,1,paired_protocol_crossed_training_graph_seed_bootstrap,clean
yelpchi,r60_s1,camouflage_relation_oracle,0.0,sage,average_precision,True,oracle_protocol_comparison_diagnostic,oracle_privileged_training_diagnostic,oracle_shift_sensitivity_diagnostic,False,train_on_variant,train_clean_eval_all,train_on_variant - train_clean_eval_all,0.37358739300957405,0.3749213195313294,-0.0013339265217553243,0.005107739788117348,-0.005874496233554205,0.002177929743223761,5,5,1,paired_protocol_crossed_training_graph_seed_bootstrap,clean
yelpchi,r60_s1,camouflage_relation_oracle,0.0,sage,f1_macro,True,oracle_protocol_comparison_diagnostic,oracle_privileged_training_diagnostic,oracle_shift_sensitivity_diagnostic,False,train_on_variant,train_clean_eval_all,train_on_variant - train_clean_eval_all,0.6294743036604813,0.6302244403032474,-0.0007501366427661527,0.001987574795562864,-0.0025534480597342534,0.00040440989900398795,5,5,1,paired_protocol_crossed_training_graph_seed_bootstrap,clean
yelpchi,r60_s1,camouflage_relation_oracle,0.0,pmp,roc_auc,True,oracle_protocol_comparison_diagnostic,oracle_privileged_training_diagnostic,oracle_shift_sensitivity_diagnostic,False,train_on_variant,train_clean_eval_all,train_on_variant - train_clean_eval_all,0.8411706849793286,0.8411706849793286,0.0,0.0,0.0,0.0,5,5,1,paired_protocol_crossed_training_graph_seed_bootstrap,clean
yelpchi,r60_s1,camouflage_relation_oracle,0.0,pmp,average_precision,True,oracle_protocol_comparison_diagnostic,oracle_privileged_training_diagnostic,oracle_shift_sensitivity_diagnostic,False,train_on_variant,train_clean_eval_all,train_on_variant - train_clean_eval_all,0.5566655594418857,0.5566655594418857,0.0,0.0,0.0,0.0,5,5,1,paired_protocol_crossed_training_graph_seed_bootstrap,clean
yelpchi,r60_s1,camouflage_relation_oracle,0.0,pmp,f1_macro,True,oracle_protocol_comparison_diagnostic,oracle_privileged_training_diagnostic,oracle_shift_sensitivity_diagnostic,False,train_on_variant,train_clean_eval_all,train_on_variant - train_clean_eval_all,0.7145996249882615,0.7145996249882615,0.0,0.0,0.0,0.0,5,5,1,paired_protocol_crossed_training_graph_seed_bootstrap,clean
yelpchi,r60_s1,camouflage_relation_oracle,0.0,secgfd,roc_auc,True,oracle_protocol_comparison_diagnostic,oracle_privileged_training_diagnostic,oracle_shift_sensitivity_diagnostic,False,train_on_variant,train_clean_eval_all,train_on_variant - train_clean_eval_all,0.7917109010085734,0.7901452377830896,0.0015656632254838598,0.003278253863212336,-0.0006799355559502112,0.003836047831780437,5,5,1,paired_protocol_crossed_training_graph_seed_bootstrap,clean
yelpchi,r60_s1,camouflage_relation_oracle,0.0,secgfd,average_precision,True,oracle_protocol_comparison_diagnostic,oracle_privileged_training_diagnostic,oracle_shift_sensitivity_diagnostic,False,train_on_variant,train_clean_eval_all,train_on_variant - train_clean_eval_all,0.4463996215618966,0.44289324339708525,0.003506378164811319,0.00973038980843412,-0.00206620026246315,0.011532755970648335,5,5,1,paired_protocol_crossed_training_graph_seed_bootstrap,clean
yelpchi,r60_s1,camouflage_relation_oracle,0.0,secgfd,f1_macro,True,oracle_protocol_comparison_diagnostic,oracle_privileged_training_diagnostic,oracle_shift_sensitivity_diagnostic,False,train_on_variant,train_clean_eval_all,train_on_variant - train_clean_eval_all,0.6661710464070382,0.6653530420084003,0.0008180043986379726,0.005827656776054783,-0.003283307812588876,0.005563399735138886,5,5,1,paired_protocol_crossed_training_graph_seed_bootstrap,clean
yelpchi,r60_s1,camouflage_relation_oracle,0.15,mlp,roc_auc,True,oracle_protocol_comparison_diagnostic,oracle_privileged_training_diagnostic,oracle_shift_sensitivity_diagnostic,False,train_on_variant,train_clean_eval_all,train_on_variant - train_clean_eval_all,0.7723720551514079,0.7723720551514079,0.0,0.0,0.0,0.0,10,5,2,paired_protocol_crossed_training_graph_seed_bootstrap,scenario
yelpchi,r60_s1,camouflage_relation_oracle,0.15,mlp,average_precision,True,oracle_protocol_comparison_diagnostic,oracle_privileged_training_diagnostic,oracle_shift_sensitivity_diagnostic,False,train_on_variant,train_clean_eval_all,train_on_variant - train_clean_eval_all,0.4015628914180921,0.4015628914180921,0.0,0.0,0.0,0.0,10,5,2,paired_protocol_crossed_training_graph_seed_bootstrap,scenario
yelpchi,r60_s1,camouflage_relation_oracle,0.15,mlp,f1_macro,True,oracle_protocol_comparison_diagnostic,oracle_privileged_training_diagnostic,oracle_shift_sensitivity_diagnostic,False,train_on_variant,train_clean_eval_all,train_on_variant - train_clean_eval_all,0.6440492461958326,0.6440492461958326,0.0,0.0,0.0,0.0,10,5,2,paired_protocol_crossed_training_graph_seed_bootstrap,scenario
yelpchi,r60_s1,camouflage_relation_oracle,0.15,sage,roc_auc,True,oracle_protocol_comparison_diagnostic,oracle_privileged_training_diagnostic,oracle_shift_sensitivity_diagnostic,False,train_on_variant,train_clean_eval_all,train_on_variant - train_clean_eval_all,0.7418796238353231,0.7429517238435552,-0.001072100008232002,0.00779590600849307,-0.00765074913182799,0.003826111778479724,10,5,2,paired_protocol_crossed_training_graph_seed_bootstrap,scenario
yelpchi,r60_s1,camouflage_relation_oracle,0.15,sage,average_precision,True,oracle_protocol_comparison_diagnostic,oracle_privileged_training_diagnostic,oracle_shift_sensitivity_diagnostic,False,train_on_variant,train_clean_eval_all,train_on_variant - train_clean_eval_all,0.3737383480060914,0.37357098463483457,0.00016736337125684565,0.01176819036627012,-0.00964280416596198,0.008542459884034459,10,5,2,paired_protocol_crossed_training_graph_seed_bootstrap,scenario
yelpchi,r60_s1,camouflage_relation_oracle,0.15,sage,f1_macro,True,oracle_protocol_comparison_diagnostic,oracle_privileged_training_diagnostic,oracle_shift_sensitivity_diagnostic,False,train_on_variant,train_clean_eval_all,train_on_variant - train_clean_eval_all,0.6295454002983424,0.6293488246200255,0.0001965756783170014,0.007155861069441852,-0.005886053815304684,0.0043805839371123464,10,5,2,paired_protocol_crossed_training_graph_seed_bootstrap,scenario
yelpchi,r60_s1,camouflage_relation_oracle,0.15,pmp,roc_auc,True,oracle_protocol_comparison_diagnostic,oracle_privileged_training_diagnostic,oracle_shift_sensitivity_diagnostic,False,train_on_variant,train_clean_eval_all,train_on_variant - train_clean_eval_all,0.8363076736039122,0.8361880284111003,0.00011964519281192354,0.005003756845226054,-0.0037167334913929795,0.003853171648048096,10,5,2,paired_protocol_crossed_training_graph_seed_bootstrap,scenario
yelpchi,r60_s1,camouflage_relation_oracle,0.15,pmp,average_precision,True,oracle_protocol_comparison_diagnostic,oracle_privileged_training_diagnostic,oracle_shift_sensitivity_diagnostic,False,train_on_variant,train_clean_eval_all,train_on_variant - train_clean_eval_all,0.5459999714588243,0.5453782795283451,0.0006216919304792623,0.012462518750155284,-0.012581922058840966,0.008818232825209748,10,5,2,paired_protocol_crossed_training_graph_seed_bootstrap,scenario
yelpchi,r60_s1,camouflage_relation_oracle,0.15,pmp,f1_macro,True,oracle_protocol_comparison_diagnostic,oracle_privileged_training_diagnostic,oracle_shift_sensitivity_diagnostic,False,train_on_variant,train_clean_eval_all,train_on_variant - train_clean_eval_all,0.7097009881905578,0.7106793504330222,-0.0009783622424644812,0.0065033736104707545,-0.007967370972534733,0.0036168976279143143,10,5,2,paired_protocol_crossed_training_graph_seed_bootstrap,scenario
yelpchi,r60_s1,camouflage_relation_oracle,0.15,secgfd,roc_auc,True,oracle_protocol_comparison_diagnostic,oracle_privileged_training_diagnostic,oracle_shift_sensitivity_diagnostic,False,train_on_variant,train_clean_eval_all,train_on_variant - train_clean_eval_all,0.7953354476764395,0.792955511139127,0.002379936537312388,0.004721446135883971,-0.001582157493185649,0.006176178701659851,10,5,2,paired_protocol_crossed_training_graph_seed_bootstrap,scenario
yelpchi,r60_s1,camouflage_relation_oracle,0.15,secgfd,average_precision,True,oracle_protocol_comparison_diagnostic,oracle_privileged_training_diagnostic,oracle_shift_sensitivity_diagnostic,False,train_on_variant,train_clean_eval_all,train_on_variant - train_clean_eval_all,0.4569369174520645,0.44783911894755307,0.009097798504511478,0.009321152907071828,0.0008760823061177203,0.0178884222785206,10,5,2,paired_protocol_crossed_training_graph_seed_bootstrap,scenario
yelpchi,r60_s1,camouflage_relation_oracle,0.15,secgfd,f1_macro,True,oracle_protocol_comparison_diagnostic,oracle_privileged_training_diagnostic,oracle_shift_sensitivity_diagnostic,False,train_on_variant,train_clean_eval_all,train_on_variant - train_clean_eval_all,0.6710378111483652,0.668817634839472,0.0022201763088934177,0.006794160728189142,-0.002216758375399398,0.007910337418567481,10,5,2,paired_protocol_crossed_training_graph_seed_bootstrap,scenario
yelpchi,r60_s1,camouflage_relation_oracle,0.3,mlp,roc_auc,True,oracle_protocol_comparison_diagnostic,oracle_privileged_training_diagnostic,oracle_shift_sensitivity_diagnostic,False,train_on_variant,train_clean_eval_all,train_on_variant - train_clean_eval_all,0.7723720551514079,0.7723720551514079,0.0,0.0,0.0,0.0,10,5,2,paired_protocol_crossed_training_graph_seed_bootstrap,scenario
yelpchi,r60_s1,camouflage_relation_oracle,0.3,mlp,average_precision,True,oracle_protocol_comparison_diagnostic,oracle_privileged_training_diagnostic,oracle_shift_sensitivity_diagnostic,False,train_on_variant,train_clean_eval_all,train_on_variant - train_clean_eval_all,0.4015628914180921,0.4015628914180921,0.0,0.0,0.0,0.0,10,5,2,paired_protocol_crossed_training_graph_seed_bootstrap,scenario
yelpchi,r60_s1,camouflage_relation_oracle,0.3,mlp,f1_macro,True,oracle_protocol_comparison_diagnostic,oracle_privileged_training_diagnostic,oracle_shift_sensitivity_diagnostic,False,train_on_variant,train_clean_eval_all,train_on_variant - train_clean_eval_all,0.6440492461958326,0.6440492461958326,0.0,0.0,0.0,0.0,10,5,2,paired_protocol_crossed_training_graph_seed_bootstrap,scenario
yelpchi,r60_s1,camouflage_relation_oracle,0.3,sage,roc_auc,True,oracle_protocol_comparison_diagnostic,oracle_privileged_training_diagnostic,oracle_shift_sensitivity_diagnostic,False,train_on_variant,train_clean_eval_all,train_on_variant - train_clean_eval_all,0.747882968469883,0.7420172479633402,0.005865720506542926,0.010936535799121749,-0.0039654175610083445,0.014970126574752763,10,5,2,paired_protocol_crossed_training_graph_seed_bootstrap,scenario
yelpchi,r60_s1,camouflage_relation_oracle,0.3,sage,average_precision,True,oracle_protocol_comparison_diagnostic,oracle_privileged_training_diagnostic,oracle_shift_sensitivity_diagnostic,False,train_on_variant,train_clean_eval_all,train_on_variant - train_clean_eval_all,0.3848619726260229,0.3717016615119048,0.013160311114118115,0.01684943639803333,-0.0008995831993289238,0.028479902381100163,10,5,2,paired_protocol_crossed_training_graph_seed_bootstrap,scenario
yelpchi,r60_s1,camouflage_relation_oracle,0.3,sage,f1_macro,True,oracle_protocol_comparison_diagnostic,oracle_privileged_training_diagnostic,oracle_shift_sensitivity_diagnostic,False,train_on_variant,train_clean_eval_all,train_on_variant - train_clean_eval_all,0.6352167721934556,0.6289512891527578,0.006265483040697928,0.011500269401568175,-0.002696760591742902,0.015450751236236782,10,5,2,paired_protocol_crossed_training_graph_seed_bootstrap,scenario
yelpchi,r60_s1,camouflage_relation_oracle,0.3,pmp,roc_auc,True,oracle_protocol_comparison_diagnostic,oracle_privileged_training_diagnostic,oracle_shift_sensitivity_diagnostic,False,train_on_variant,train_clean_eval_all,train_on_variant - train_clean_eval_all,0.8382319532269472,0.8313455922930109,0.0068863609339365976,0.010807209750956108,-0.001496386681829831,0.014957054450162776,10,5,2,paired_protocol_crossed_training_graph_seed_bootstrap,scenario
yelpchi,r60_s1,camouflage_relation_oracle,0.3,pmp,average_precision,True,oracle_protocol_comparison_diagnostic,oracle_privileged_training_diagnostic,oracle_shift_sensitivity_diagnostic,False,train_on_variant,train_clean_eval_all,train_on_variant - train_clean_eval_all,0.5539931720112006,0.5352963623201942,0.018696809691006566,0.02202482196460483,0.0030506160702817196,0.03906466002314921,10,5,2,paired_protocol_crossed_training_graph_seed_bootstrap,scenario
yelpchi,r60_s1,camouflage_relation_oracle,0.3,pmp,f1_macro,True,oracle_protocol_comparison_diagnostic,oracle_privileged_training_diagnostic,oracle_shift_sensitivity_diagnostic,False,train_on_variant,train_clean_eval_all,train_on_variant - train_clean_eval_all,0.7130593696574119,0.7050728742331412,0.007986495424270513,0.010665979895742486,0.0006726494041584985,0.0185056786780746,10,5,2,paired_protocol_crossed_training_graph_seed_bootstrap,scenario
yelpchi,r60_s1,camouflage_relation_oracle,0.3,secgfd,roc_auc,True,oracle_protocol_comparison_diagnostic,oracle_privileged_training_diagnostic,oracle_shift_sensitivity_diagnostic,False,train_on_variant,train_clean_eval_all,train_on_variant - train_clean_eval_all,0.8227394561691282,0.7962921137739795,0.026447342395148586,0.004390131973200572,0.023596795080917565,0.030123091393587553,10,5,2,paired_protocol_crossed_training_graph_seed_bootstrap,scenario
yelpchi,r60_s1,camouflage_relation_oracle,0.3,secgfd,average_precision,True,oracle_protocol_comparison_diagnostic,oracle_privileged_training_diagnostic,oracle_shift_sensitivity_diagnostic,False,train_on_variant,train_clean_eval_all,train_on_variant - train_clean_eval_all,0.5088492730730405,0.4540822977558867,0.054766975317153875,0.017075080193387507,0.04250114598302372,0.06952597905937238,10,5,2,paired_protocol_crossed_training_graph_seed_bootstrap,scenario
yelpchi,r60_s1,camouflage_relation_oracle,0.3,secgfd,f1_macro,True,oracle_protocol_comparison_diagnostic,oracle_privileged_training_diagnostic,oracle_shift_sensitivity_diagnostic,False,train_on_variant,train_clean_eval_all,train_on_variant - train_clean_eval_all,0.6986760470777402,0.6714392604070671,0.02723678667067314,0.006805684533339103,0.02256122126492004,0.03338673848330116,10,5,2,paired_protocol_crossed_training_graph_seed_bootstrap,scenario
yelpchi,r60_s1,noise_edges_uniform,0.0,mlp,roc_auc,False,non_oracle_controlled_stress,non_oracle_controlled_stress,non_oracle_controlled_stress,True,train_on_variant,train_clean_eval_all,train_on_variant - train_clean_eval_all,0.7723720551514079,0.7723720551514079,0.0,0.0,0.0,0.0,5,5,1,paired_protocol_crossed_training_graph_seed_bootstrap,clean
yelpchi,r60_s1,noise_edges_uniform,0.0,mlp,average_precision,False,non_oracle_controlled_stress,non_oracle_controlled_stress,non_oracle_controlled_stress,True,train_on_variant,train_clean_eval_all,train_on_variant - train_clean_eval_all,0.4015628914180921,0.4015628914180921,0.0,0.0,0.0,0.0,5,5,1,paired_protocol_crossed_training_graph_seed_bootstrap,clean
yelpchi,r60_s1,noise_edges_uniform,0.0,mlp,f1_macro,False,non_oracle_controlled_stress,non_oracle_controlled_stress,non_oracle_controlled_stress,True,train_on_variant,train_clean_eval_all,train_on_variant - train_clean_eval_all,0.6440492461958326,0.6440492461958326,0.0,0.0,0.0,0.0,5,5,1,paired_protocol_crossed_training_graph_seed_bootstrap,clean
yelpchi,r60_s1,noise_edges_uniform,0.0,sage,roc_auc,False,non_oracle_controlled_stress,non_oracle_controlled_stress,non_oracle_controlled_stress,True,train_on_variant,train_clean_eval_all,train_on_variant - train_clean_eval_all,0.7430837218129931,0.7434806113333414,-0.00039688952034830913,0.002415252291181281,-0.002350844867037827,0.0016571966809760807,5,5,1,paired_protocol_crossed_training_graph_seed_bootstrap,clean
yelpchi,r60_s1,noise_edges_uniform,0.0,sage,average_precision,False,non_oracle_controlled_stress,non_oracle_controlled_stress,non_oracle_controlled_stress,True,train_on_variant,train_clean_eval_all,train_on_variant - train_clean_eval_all,0.37358739300957405,0.3749213195313294,-0.0013339265217553243,0.005107739788117348,-0.005874496233554205,0.002177929743223761,5,5,1,paired_protocol_crossed_training_graph_seed_bootstrap,clean
yelpchi,r60_s1,noise_edges_uniform,0.0,sage,f1_macro,False,non_oracle_controlled_stress,non_oracle_controlled_stress,non_oracle_controlled_stress,True,train_on_variant,train_clean_eval_all,train_on_variant - train_clean_eval_all,0.6294743036604813,0.6302244403032474,-0.0007501366427661527,0.001987574795562864,-0.0025534480597342534,0.00040440989900398795,5,5,1,paired_protocol_crossed_training_graph_seed_bootstrap,clean
yelpchi,r60_s1,noise_edges_uniform,0.0,pmp,roc_auc,False,non_oracle_controlled_stress,non_oracle_controlled_stress,non_oracle_controlled_stress,True,train_on_variant,train_clean_eval_all,train_on_variant - train_clean_eval_all,0.8411706849793286,0.8411706849793286,0.0,0.0,0.0,0.0,5,5,1,paired_protocol_crossed_training_graph_seed_bootstrap,clean
yelpchi,r60_s1,noise_edges_uniform,0.0,pmp,average_precision,False,non_oracle_controlled_stress,non_oracle_controlled_stress,non_oracle_controlled_stress,True,train_on_variant,train_clean_eval_all,train_on_variant - train_clean_eval_all,0.5566655594418857,0.5566655594418857,0.0,0.0,0.0,0.0,5,5,1,paired_protocol_crossed_training_graph_seed_bootstrap,clean
yelpchi,r60_s1,noise_edges_uniform,0.0,pmp,f1_macro,False,non_oracle_controlled_stress,non_oracle_controlled_stress,non_oracle_controlled_stress,True,train_on_variant,train_clean_eval_all,train_on_variant - train_clean_eval_all,0.7145996249882615,0.7145996249882615,0.0,0.0,0.0,0.0,5,5,1,paired_protocol_crossed_training_graph_seed_bootstrap,clean
yelpchi,r60_s1,noise_edges_uniform,0.0,secgfd,roc_auc,False,non_oracle_controlled_stress,non_oracle_controlled_stress,non_oracle_controlled_stress,True,train_on_variant,train_clean_eval_all,train_on_variant - train_clean_eval_all,0.7917109010085734,0.7901452377830896,0.0015656632254838598,0.003278253863212336,-0.0006799355559502112,0.003836047831780437,5,5,1,paired_protocol_crossed_training_graph_seed_bootstrap,clean
yelpchi,r60_s1,noise_edges_uniform,0.0,secgfd,average_precision,False,non_oracle_controlled_stress,non_oracle_controlled_stress,non_oracle_controlled_stress,True,train_on_variant,train_clean_eval_all,train_on_variant - train_clean_eval_all,0.4463996215618966,0.44289324339708525,0.003506378164811319,0.00973038980843412,-0.00206620026246315,0.011532755970648335,5,5,1,paired_protocol_crossed_training_graph_seed_bootstrap,clean
yelpchi,r60_s1,noise_edges_uniform,0.0,secgfd,f1_macro,False,non_oracle_controlled_stress,non_oracle_controlled_stress,non_oracle_controlled_stress,True,train_on_variant,train_clean_eval_all,train_on_variant - train_clean_eval_all,0.6661710464070382,0.6653530420084003,0.0008180043986379726,0.005827656776054783,-0.003283307812588876,0.005563399735138886,5,5,1,paired_protocol_crossed_training_graph_seed_bootstrap,clean
yelpchi,r60_s1,noise_edges_uniform,0.1,mlp,roc_auc,False,non_oracle_controlled_stress,non_oracle_controlled_stress,non_oracle_controlled_stress,True,train_on_variant,train_clean_eval_all,train_on_variant - train_clean_eval_all,0.7723720551514079,0.7723720551514079,0.0,0.0,0.0,0.0,10,5,2,paired_protocol_crossed_training_graph_seed_bootstrap,scenario
yelpchi,r60_s1,noise_edges_uniform,0.1,mlp,average_precision,False,non_oracle_controlled_stress,non_oracle_controlled_stress,non_oracle_controlled_stress,True,train_on_variant,train_clean_eval_all,train_on_variant - train_clean_eval_all,0.4015628914180921,0.4015628914180921,0.0,0.0,0.0,0.0,10,5,2,paired_protocol_crossed_training_graph_seed_bootstrap,scenario
yelpchi,r60_s1,noise_edges_uniform,0.1,mlp,f1_macro,False,non_oracle_controlled_stress,non_oracle_controlled_stress,non_oracle_controlled_stress,True,train_on_variant,train_clean_eval_all,train_on_variant - train_clean_eval_all,0.6440492461958326,0.6440492461958326,0.0,0.0,0.0,0.0,10,5,2,paired_protocol_crossed_training_graph_seed_bootstrap,scenario
yelpchi,r60_s1,noise_edges_uniform,0.1,sage,roc_auc,False,non_oracle_controlled_stress,non_oracle_controlled_stress,non_oracle_controlled_stress,True,train_on_variant,train_clean_eval_all,train_on_variant - train_clean_eval_all,0.7363205742283255,0.7404926590302083,-0.0041720848018829805,0.007094596798721236,-0.010842831902386663,0.00042715930155983183,10,5,2,paired_protocol_crossed_training_graph_seed_bootstrap,scenario
yelpchi,r60_s1,noise_edges_uniform,0.1,sage,average_precision,False,non_oracle_controlled_stress,non_oracle_controlled_stress,non_oracle_controlled_stress,True,train_on_variant,train_clean_eval_all,train_on_variant - train_clean_eval_all,0.36633097601689796,0.3724400007617995,-0.0061090247449015036,0.012287297165737015,-0.017139700862283835,0.003125241598202738,10,5,2,paired_protocol_crossed_training_graph_seed_bootstrap,scenario
yelpchi,r60_s1,noise_edges_uniform,0.1,sage,f1_macro,False,non_oracle_controlled_stress,non_oracle_controlled_stress,non_oracle_controlled_stress,True,train_on_variant,train_clean_eval_all,train_on_variant - train_clean_eval_all,0.6246877484609228,0.6276971837437298,-0.003009435282807149,0.006901364185149446,-0.009225873206833568,0.0022827335027347036,10,5,2,paired_protocol_crossed_training_graph_seed_bootstrap,scenario
yelpchi,r60_s1,noise_edges_uniform,0.1,pmp,roc_auc,False,non_oracle_controlled_stress,non_oracle_controlled_stress,non_oracle_controlled_stress,True,train_on_variant,train_clean_eval_all,train_on_variant - train_clean_eval_all,0.8347035705193482,0.8304249698159689,0.004278600703379376,0.007147189634945207,-0.0011690500109760027,0.010745205426722904,10,5,2,paired_protocol_crossed_training_graph_seed_bootstrap,scenario
yelpchi,r60_s1,noise_edges_uniform,0.1,pmp,average_precision,False,non_oracle_controlled_stress,non_oracle_controlled_stress,non_oracle_controlled_stress,True,train_on_variant,train_clean_eval_all,train_on_variant - train_clean_eval_all,0.5305591745628572,0.5203143070860031,0.010244867476854047,0.020229669452059274,-0.005136427448245018,0.026852976194989067,10,5,2,paired_protocol_crossed_training_graph_seed_bootstrap,scenario
yelpchi,r60_s1,noise_edges_uniform,0.1,pmp,f1_macro,False,non_oracle_controlled_stress,non_oracle_controlled_stress,non_oracle_controlled_stress,True,train_on_variant,train_clean_eval_all,train_on_variant - train_clean_eval_all,0.7057046972279291,0.7010640488097651,0.004640648418163829,0.011290135990037156,-0.005220643863968022,0.013891560490801726,10,5,2,paired_protocol_crossed_training_graph_seed_bootstrap,scenario
yelpchi,r60_s1,noise_edges_uniform,0.1,secgfd,roc_auc,False,non_oracle_controlled_stress,non_oracle_controlled_stress,non_oracle_controlled_stress,True,train_on_variant,train_clean_eval_all,train_on_variant - train_clean_eval_all,0.7936819001381148,0.7885104980974914,0.005171402040623429,0.006107056558752631,0.0006823610924789891,0.00966044298876787,10,5,2,paired_protocol_crossed_training_graph_seed_bootstrap,scenario
yelpchi,r60_s1,noise_edges_uniform,0.1,secgfd,average_precision,False,non_oracle_controlled_stress,non_oracle_controlled_stress,non_oracle_controlled_stress,True,train_on_variant,train_clean_eval_all,train_on_variant - train_clean_eval_all,0.45256927827252164,0.4414222040853705,0.011147074187151034,0.011940990715476095,0.0015427258688240908,0.02056655046705541,10,5,2,paired_protocol_crossed_training_graph_seed_bootstrap,scenario
yelpchi,r60_s1,noise_edges_uniform,0.1,secgfd,f1_macro,False,non_oracle_controlled_stress,non_oracle_controlled_stress,non_oracle_controlled_stress,True,train_on_variant,train_clean_eval_all,train_on_variant - train_clean_eval_all,0.6680262610554649,0.6684492528456561,-0.00042299179019127385,0.010018153441427044,-0.007437435899064893,0.006511613639456404,10,5,2,paired_protocol_crossed_training_graph_seed_bootstrap,scenario
yelpchi,r60_s1,noise_edges_uniform,0.2,mlp,roc_auc,False,non_oracle_controlled_stress,non_oracle_controlled_stress,non_oracle_controlled_stress,True,train_on_variant,train_clean_eval_all,train_on_variant - train_clean_eval_all,0.7723720551514079,0.7723720551514079,0.0,0.0,0.0,0.0,10,5,2,paired_protocol_crossed_training_graph_seed_bootstrap,scenario
yelpchi,r60_s1,noise_edges_uniform,0.2,mlp,average_precision,False,non_oracle_controlled_stress,non_oracle_controlled_stress,non_oracle_controlled_stress,True,train_on_variant,train_clean_eval_all,train_on_variant - train_clean_eval_all,0.4015628914180921,0.4015628914180921,0.0,0.0,0.0,0.0,10,5,2,paired_protocol_crossed_training_graph_seed_bootstrap,scenario
yelpchi,r60_s1,noise_edges_uniform,0.2,mlp,f1_macro,False,non_oracle_controlled_stress,non_oracle_controlled_stress,non_oracle_controlled_stress,True,train_on_variant,train_clean_eval_all,train_on_variant - train_clean_eval_all,0.6440492461958326,0.6440492461958326,0.0,0.0,0.0,0.0,10,5,2,paired_protocol_crossed_training_graph_seed_bootstrap,scenario
yelpchi,r60_s1,noise_edges_uniform,0.2,sage,roc_auc,False,non_oracle_controlled_stress,non_oracle_controlled_stress,non_oracle_controlled_stress,True,train_on_variant,train_clean_eval_all,train_on_variant - train_clean_eval_all,0.7352237543751601,0.7393519922984987,-0.004128237923338662,0.006971609540429613,-0.010074730249277408,0.0005435983938436806,10,5,2,paired_protocol_crossed_training_graph_seed_bootstrap,scenario
yelpchi,r60_s1,noise_edges_uniform,0.2,sage,average_precision,False,non_oracle_controlled_stress,non_oracle_controlled_stress,non_oracle_controlled_stress,True,train_on_variant,train_clean_eval_all,train_on_variant - train_clean_eval_all,0.3648819765882084,0.3711931860045166,-0.006311209416308134,0.01376211718698228,-0.01891666060574706,0.004355335060322332,10,5,2,paired_protocol_crossed_training_graph_seed_bootstrap,scenario
yelpchi,r60_s1,noise_edges_uniform,0.2,sage,f1_macro,False,non_oracle_controlled_stress,non_oracle_controlled_stress,non_oracle_controlled_stress,True,train_on_variant,train_clean_eval_all,train_on_variant - train_clean_eval_all,0.6237905413572649,0.6266548950522763,-0.0028643536950116013,0.00707158825860657,-0.009457108679675174,0.0025517390968466747,10,5,2,paired_protocol_crossed_training_graph_seed_bootstrap,scenario
yelpchi,r60_s1,noise_edges_uniform,0.2,pmp,roc_auc,False,non_oracle_controlled_stress,non_oracle_controlled_stress,non_oracle_controlled_stress,True,train_on_variant,train_clean_eval_all,train_on_variant - train_clean_eval_all,0.8289449471093453,0.8238778505234945,0.0050670965858506944,0.005155430336746805,-0.0011130075643011495,0.008232380071831868,10,5,2,paired_protocol_crossed_training_graph_seed_bootstrap,scenario
yelpchi,r60_s1,noise_edges_uniform,0.2,pmp,average_precision,False,non_oracle_controlled_stress,non_oracle_controlled_stress,non_oracle_controlled_stress,True,train_on_variant,train_clean_eval_all,train_on_variant - train_clean_eval_all,0.5117158764446335,0.5050931549485959,0.006622721496037554,0.015191426709486852,-0.01035829581912181,0.018067243885951434,10,5,2,paired_protocol_crossed_training_graph_seed_bootstrap,scenario
yelpchi,r60_s1,noise_edges_uniform,0.2,pmp,f1_macro,False,non_oracle_controlled_stress,non_oracle_controlled_stress,non_oracle_controlled_stress,True,train_on_variant,train_clean_eval_all,train_on_variant - train_clean_eval_all,0.7000217237093087,0.6934318579829066,0.006589865726402122,0.007100341748788802,-0.001752609155782548,0.012239235608011094,10,5,2,paired_protocol_crossed_training_graph_seed_bootstrap,scenario
yelpchi,r60_s1,noise_edges_uniform,0.2,secgfd,roc_auc,False,non_oracle_controlled_stress,non_oracle_controlled_stress,non_oracle_controlled_stress,True,train_on_variant,train_clean_eval_all,train_on_variant - train_clean_eval_all,0.7944289167972609,0.7870019539586813,0.007426962838579465,0.007530095747704385,0.0014870208666170725,0.01337023882161848,10,5,2,paired_protocol_crossed_training_graph_seed_bootstrap,scenario
yelpchi,r60_s1,noise_edges_uniform,0.2,secgfd,average_precision,False,non_oracle_controlled_stress,non_oracle_controlled_stress,non_oracle_controlled_stress,True,train_on_variant,train_clean_eval_all,train_on_variant - train_clean_eval_all,0.4528785277365185,0.43884651626713966,0.014032011469378736,0.013495111221833606,0.005142979775186707,0.02620900162004604,10,5,2,paired_protocol_crossed_training_graph_seed_bootstrap,scenario
yelpchi,r60_s1,noise_edges_uniform,0.2,secgfd,f1_macro,False,non_oracle_controlled_stress,non_oracle_controlled_stress,non_oracle_controlled_stress,True,train_on_variant,train_clean_eval_all,train_on_variant - train_clean_eval_all,0.6721276177022476,0.6676904607688691,0.004437156933378561,0.009695488835413652,-0.002927542805958483,0.011550023914388459,10,5,2,paired_protocol_crossed_training_graph_seed_bootstrap,scenario
yelpchi,r60_s2,heterophily_rewire_oracle,0.0,mlp,roc_auc,True,oracle_protocol_comparison_diagnostic,oracle_privileged_training_diagnostic,oracle_shift_sensitivity_diagnostic,False,train_on_variant,train_clean_eval_all,train_on_variant - train_clean_eval_all,0.8043380779174848,0.8043380779174848,0.0,0.0,0.0,0.0,5,5,1,paired_protocol_crossed_training_graph_seed_bootstrap,clean
yelpchi,r60_s2,heterophily_rewire_oracle,0.0,mlp,average_precision,True,oracle_protocol_comparison_diagnostic,oracle_privileged_training_diagnostic,oracle_shift_sensitivity_diagnostic,False,train_on_variant,train_clean_eval_all,train_on_variant - train_clean_eval_all,0.44951416512595044,0.44951416512595044,0.0,0.0,0.0,0.0,5,5,1,paired_protocol_crossed_training_graph_seed_bootstrap,clean
yelpchi,r60_s2,heterophily_rewire_oracle,0.0,mlp,f1_macro,True,oracle_protocol_comparison_diagnostic,oracle_privileged_training_diagnostic,oracle_shift_sensitivity_diagnostic,False,train_on_variant,train_clean_eval_all,train_on_variant - train_clean_eval_all,0.6650650304700133,0.6650650304700133,0.0,0.0,0.0,0.0,5,5,1,paired_protocol_crossed_training_graph_seed_bootstrap,clean
yelpchi,r60_s2,heterophily_rewire_oracle,0.0,sage,roc_auc,True,oracle_protocol_comparison_diagnostic,oracle_privileged_training_diagnostic,oracle_shift_sensitivity_diagnostic,False,train_on_variant,train_clean_eval_all,train_on_variant - train_clean_eval_all,0.7650934542574729,0.7655131533013403,-0.00041969904386742753,0.000256019083598543,-0.000592485472029436,-0.00019555784053073566,5,5,1,paired_protocol_crossed_training_graph_seed_bootstrap,clean
yelpchi,r60_s2,heterophily_rewire_oracle,0.0,sage,average_precision,True,oracle_protocol_comparison_diagnostic,oracle_privileged_training_diagnostic,oracle_shift_sensitivity_diagnostic,False,train_on_variant,train_clean_eval_all,train_on_variant - train_clean_eval_all,0.4052185679425593,0.4053550541139853,-0.00013648617142608677,0.0009572595461561558,-0.0009122951338852104,0.0005800817403154746,5,5,1,paired_protocol_crossed_training_graph_seed_bootstrap,clean
yelpchi,r60_s2,heterophily_rewire_oracle,0.0,sage,f1_macro,True,oracle_protocol_comparison_diagnostic,oracle_privileged_training_diagnostic,oracle_shift_sensitivity_diagnostic,False,train_on_variant,train_clean_eval_all,train_on_variant - train_clean_eval_all,0.6444943460577893,0.6451509597762669,-0.0006566137184775611,0.0009106719892673757,-0.0014443520240256236,4.1813838779147797e-05,5,5,1,paired_protocol_crossed_training_graph_seed_bootstrap,clean
yelpchi,r60_s2,heterophily_rewire_oracle,0.0,pmp,roc_auc,True,oracle_protocol_comparison_diagnostic,oracle_privileged_training_diagnostic,oracle_shift_sensitivity_diagnostic,False,train_on_variant,train_clean_eval_all,train_on_variant - train_clean_eval_all,0.8606255411783359,0.8606255411783359,0.0,0.0,0.0,0.0,5,5,1,paired_protocol_crossed_training_graph_seed_bootstrap,clean
yelpchi,r60_s2,heterophily_rewire_oracle,0.0,pmp,average_precision,True,oracle_protocol_comparison_diagnostic,oracle_privileged_training_diagnostic,oracle_shift_sensitivity_diagnostic,False,train_on_variant,train_clean_eval_all,train_on_variant - train_clean_eval_all,0.6043637621026958,0.6043637621026958,0.0,0.0,0.0,0.0,5,5,1,paired_protocol_crossed_training_graph_seed_bootstrap,clean
yelpchi,r60_s2,heterophily_rewire_oracle,0.0,pmp,f1_macro,True,oracle_protocol_comparison_diagnostic,oracle_privileged_training_diagnostic,oracle_shift_sensitivity_diagnostic,False,train_on_variant,train_clean_eval_all,train_on_variant - train_clean_eval_all,0.7349455131926848,0.7349455131926848,0.0,0.0,0.0,0.0,5,5,1,paired_protocol_crossed_training_graph_seed_bootstrap,clean
yelpchi,r60_s2,heterophily_rewire_oracle,0.0,secgfd,roc_auc,True,oracle_protocol_comparison_diagnostic,oracle_privileged_training_diagnostic,oracle_shift_sensitivity_diagnostic,False,train_on_variant,train_clean_eval_all,train_on_variant - train_clean_eval_all,0.8117870356537434,0.811166662347403,0.000620373306340527,0.0032961970512060575,-0.0016122255234946926,0.0033308573789285756,5,5,1,paired_protocol_crossed_training_graph_seed_bootstrap,clean
yelpchi,r60_s2,heterophily_rewire_oracle,0.0,secgfd,average_precision,True,oracle_protocol_comparison_diagnostic,oracle_privileged_training_diagnostic,oracle_shift_sensitivity_diagnostic,False,train_on_variant,train_clean_eval_all,train_on_variant - train_clean_eval_all,0.473482231719539,0.47246815575813184,0.0010140759614071237,0.007358166487099288,-0.004221870048806644,0.0067196754980889725,5,5,1,paired_protocol_crossed_training_graph_seed_bootstrap,clean
yelpchi,r60_s2,heterophily_rewire_oracle,0.0,secgfd,f1_macro,True,oracle_protocol_comparison_diagnostic,oracle_privileged_training_diagnostic,oracle_shift_sensitivity_diagnostic,False,train_on_variant,train_clean_eval_all,train_on_variant - train_clean_eval_all,0.6792523383320177,0.6776423590692239,0.001609979262793848,0.0061627430874527135,-0.001698977733921798,0.007120115573339015,5,5,1,paired_protocol_crossed_training_graph_seed_bootstrap,clean
yelpchi,r60_s2,heterophily_rewire_oracle,0.15,mlp,roc_auc,True,oracle_protocol_comparison_diagnostic,oracle_privileged_training_diagnostic,oracle_shift_sensitivity_diagnostic,False,train_on_variant,train_clean_eval_all,train_on_variant - train_clean_eval_all,0.8043380779174848,0.8043380779174848,0.0,0.0,0.0,0.0,10,5,2,paired_protocol_crossed_training_graph_seed_bootstrap,scenario
yelpchi,r60_s2,heterophily_rewire_oracle,0.15,mlp,average_precision,True,oracle_protocol_comparison_diagnostic,oracle_privileged_training_diagnostic,oracle_shift_sensitivity_diagnostic,False,train_on_variant,train_clean_eval_all,train_on_variant - train_clean_eval_all,0.44951416512595044,0.44951416512595044,0.0,0.0,0.0,0.0,10,5,2,paired_protocol_crossed_training_graph_seed_bootstrap,scenario
yelpchi,r60_s2,heterophily_rewire_oracle,0.15,mlp,f1_macro,True,oracle_protocol_comparison_diagnostic,oracle_privileged_training_diagnostic,oracle_shift_sensitivity_diagnostic,False,train_on_variant,train_clean_eval_all,train_on_variant - train_clean_eval_all,0.6650650304700133,0.6650650304700133,0.0,0.0,0.0,0.0,10,5,2,paired_protocol_crossed_training_graph_seed_bootstrap,scenario
yelpchi,r60_s2,heterophily_rewire_oracle,0.15,sage,roc_auc,True,oracle_protocol_comparison_diagnostic,oracle_privileged_training_diagnostic,oracle_shift_sensitivity_diagnostic,False,train_on_variant,train_clean_eval_all,train_on_variant - train_clean_eval_all,0.8527336318325671,0.7542089430482213,0.0985246887843458,0.05902178183081157,0.06360040230130377,0.15407746910710146,10,5,2,paired_protocol_crossed_training_graph_seed_bootstrap,scenario
yelpchi,r60_s2,heterophily_rewire_oracle,0.15,sage,average_precision,True,oracle_protocol_comparison_diagnostic,oracle_privileged_training_diagnostic,oracle_shift_sensitivity_diagnostic,False,train_on_variant,train_clean_eval_all,train_on_variant - train_clean_eval_all,0.5319840872331023,0.3818045768322054,0.150179510400897,0.0735353190681557,0.10441226451372959,0.21897799184073527,10,5,2,paired_protocol_crossed_training_graph_seed_bootstrap,scenario
yelpchi,r60_s2,heterophily_rewire_oracle,0.15,sage,f1_macro,True,oracle_protocol_comparison_diagnostic,oracle_privileged_training_diagnostic,oracle_shift_sensitivity_diagnostic,False,train_on_variant,train_clean_eval_all,train_on_variant - train_clean_eval_all,0.7096111300076353,0.6340206192771483,0.07559051073048716,0.03451665307341668,0.05382632937950336,0.10816312149414689,10,5,2,paired_protocol_crossed_training_graph_seed_bootstrap,scenario
yelpchi,r60_s2,heterophily_rewire_oracle,0.15,pmp,roc_auc,True,oracle_protocol_comparison_diagnostic,oracle_privileged_training_diagnostic,oracle_shift_sensitivity_diagnostic,False,train_on_variant,train_clean_eval_all,train_on_variant - train_clean_eval_all,0.8894913838311158,0.7948039066978061,0.09468747713330976,0.012881948851720724,0.08395076572923399,0.10407067579454128,10,5,2,paired_protocol_crossed_training_graph_seed_bootstrap,scenario
yelpchi,r60_s2,heterophily_rewire_oracle,0.15,pmp,average_precision,True,oracle_protocol_comparison_diagnostic,oracle_privileged_training_diagnostic,oracle_shift_sensitivity_diagnostic,False,train_on_variant,train_clean_eval_all,train_on_variant - train_clean_eval_all,0.6251337755056946,0.4427404078025202,0.18239336770317433,0.027401572555933767,0.16020757101558852,0.2038150709148882,10,5,2,paired_protocol_crossed_training_graph_seed_bootstrap,scenario
yelpchi,r60_s2,heterophily_rewire_oracle,0.15,pmp,f1_macro,True,oracle_protocol_comparison_diagnostic,oracle_privileged_training_diagnostic,oracle_shift_sensitivity_diagnostic,False,train_on_variant,train_clean_eval_all,train_on_variant - train_clean_eval_all,0.7527653255991387,0.6666562362201361,0.08610908937900255,0.014134869148061285,0.07500094018127831,0.09663710394906669,10,5,2,paired_protocol_crossed_training_graph_seed_bootstrap,scenario
yelpchi,r60_s2,heterophily_rewire_oracle,0.15,secgfd,roc_auc,True,oracle_protocol_comparison_diagnostic,oracle_privileged_training_diagnostic,oracle_shift_sensitivity_diagnostic,False,train_on_variant,train_clean_eval_all,train_on_variant - train_clean_eval_all,0.9970618875538131,0.6839534144541874,0.3131084730996257,0.028627527116812306,0.2889800655816677,0.3367191025281413,10,5,2,paired_protocol_crossed_training_graph_seed_bootstrap,scenario
yelpchi,r60_s2,heterophily_rewire_oracle,0.15,secgfd,average_precision,True,oracle_protocol_comparison_diagnostic,oracle_privileged_training_diagnostic,oracle_shift_sensitivity_diagnostic,False,train_on_variant,train_clean_eval_all,train_on_variant - train_clean_eval_all,0.9918607582226711,0.27488273177622313,0.7169780264464478,0.0495592209094328,0.6750613886357364,0.756349105094753,10,5,2,paired_protocol_crossed_training_graph_seed_bootstrap,scenario
yelpchi,r60_s2,heterophily_rewire_oracle,0.15,secgfd,f1_macro,True,oracle_protocol_comparison_diagnostic,oracle_privileged_training_diagnostic,oracle_shift_sensitivity_diagnostic,False,train_on_variant,train_clean_eval_all,train_on_variant - train_clean_eval_all,0.9845471269660123,0.575971096873614,0.4085760300923983,0.03081482169480169,0.3838158534549317,0.4339929885631836,10,5,2,paired_protocol_crossed_training_graph_seed_bootstrap,scenario
yelpchi,r60_s2,heterophily_rewire_oracle,0.3,mlp,roc_auc,True,oracle_protocol_comparison_diagnostic,oracle_privileged_training_diagnostic,oracle_shift_sensitivity_diagnostic,False,train_on_variant,train_clean_eval_all,train_on_variant - train_clean_eval_all,0.8043380779174848,0.8043380779174848,0.0,0.0,0.0,0.0,10,5,2,paired_protocol_crossed_training_graph_seed_bootstrap,scenario
yelpchi,r60_s2,heterophily_rewire_oracle,0.3,mlp,average_precision,True,oracle_protocol_comparison_diagnostic,oracle_privileged_training_diagnostic,oracle_shift_sensitivity_diagnostic,False,train_on_variant,train_clean_eval_all,train_on_variant - train_clean_eval_all,0.44951416512595044,0.44951416512595044,0.0,0.0,0.0,0.0,10,5,2,paired_protocol_crossed_training_graph_seed_bootstrap,scenario
yelpchi,r60_s2,heterophily_rewire_oracle,0.3,mlp,f1_macro,True,oracle_protocol_comparison_diagnostic,oracle_privileged_training_diagnostic,oracle_shift_sensitivity_diagnostic,False,train_on_variant,train_clean_eval_all,train_on_variant - train_clean_eval_all,0.6650650304700133,0.6650650304700133,0.0,0.0,0.0,0.0,10,5,2,paired_protocol_crossed_training_graph_seed_bootstrap,scenario
yelpchi,r60_s2,heterophily_rewire_oracle,0.3,sage,roc_auc,True,oracle_protocol_comparison_diagnostic,oracle_privileged_training_diagnostic,oracle_shift_sensitivity_diagnostic,False,train_on_variant,train_clean_eval_all,train_on_variant - train_clean_eval_all,0.8775932970489775,0.751393229325463,0.12620006772351428,0.013658985677472401,0.11533990477547959,0.13673636151989554,10,5,2,paired_protocol_crossed_training_graph_seed_bootstrap,scenario
yelpchi,r60_s2,heterophily_rewire_oracle,0.3,sage,average_precision,True,oracle_protocol_comparison_diagnostic,oracle_privileged_training_diagnostic,oracle_shift_sensitivity_diagnostic,False,train_on_variant,train_clean_eval_all,train_on_variant - train_clean_eval_all,0.6036150595351473,0.3744931636437242,0.2291218958914231,0.08028467055362082,0.15537074010011476,0.27930059764707943,10,5,2,paired_protocol_crossed_training_graph_seed_bootstrap,scenario
yelpchi,r60_s2,heterophily_rewire_oracle,0.3,sage,f1_macro,True,oracle_protocol_comparison_diagnostic,oracle_privileged_training_diagnostic,oracle_shift_sensitivity_diagnostic,False,train_on_variant,train_clean_eval_all,train_on_variant - train_clean_eval_all,0.7445853201295031,0.6305373437758627,0.11404797635364025,0.027377362211789276,0.09001200685600437,0.13353211316582067,10,5,2,paired_protocol_crossed_training_graph_seed_bootstrap,scenario
yelpchi,r60_s2,heterophily_rewire_oracle,0.3,pmp,roc_auc,True,oracle_protocol_comparison_diagnostic,oracle_privileged_training_diagnostic,oracle_shift_sensitivity_diagnostic,False,train_on_variant,train_clean_eval_all,train_on_variant - train_clean_eval_all,0.9169081452675097,0.7662360313105968,0.15067211395691305,0.02172119642658429,0.1345265108784468,0.1675129692244838,10,5,2,paired_protocol_crossed_training_graph_seed_bootstrap,scenario
yelpchi,r60_s2,heterophily_rewire_oracle,0.3,pmp,average_precision,True,oracle_protocol_comparison_diagnostic,oracle_privileged_training_diagnostic,oracle_shift_sensitivity_diagnostic,False,train_on_variant,train_clean_eval_all,train_on_variant - train_clean_eval_all,0.6847313909685092,0.39006159432491805,0.2946697966435911,0.05214781951319684,0.26016083119949,0.3368180053574117,10,5,2,paired_protocol_crossed_training_graph_seed_bootstrap,scenario
yelpchi,r60_s2,heterophily_rewire_oracle,0.3,pmp,f1_macro,True,oracle_protocol_comparison_diagnostic,oracle_privileged_training_diagnostic,oracle_shift_sensitivity_diagnostic,False,train_on_variant,train_clean_eval_all,train_on_variant - train_clean_eval_all,0.7859603736839196,0.6448762931529398,0.1410840805309797,0.024568114440592488,0.1262158062346008,0.16042063545076996,10,5,2,paired_protocol_crossed_training_graph_seed_bootstrap,scenario
yelpchi,r60_s2,heterophily_rewire_oracle,0.3,secgfd,roc_auc,True,oracle_protocol_comparison_diagnostic,oracle_privileged_training_diagnostic,oracle_shift_sensitivity_diagnostic,False,train_on_variant,train_clean_eval_all,train_on_variant - train_clean_eval_all,1.0,0.5283198956592925,0.4716801043407076,0.057290728940546876,0.42305079568459825,0.5184146990514897,10,5,2,paired_protocol_crossed_training_graph_seed_bootstrap,scenario
yelpchi,r60_s2,heterophily_rewire_oracle,0.3,secgfd,average_precision,True,oracle_protocol_comparison_diagnostic,oracle_privileged_training_diagnostic,oracle_shift_sensitivity_diagnostic,False,train_on_variant,train_clean_eval_all,train_on_variant - train_clean_eval_all,1.0,0.15876865444542598,0.8412313455545739,0.028821724659854036,0.8181166179312219,0.864023342946736,10,5,2,paired_protocol_crossed_training_graph_seed_bootstrap,scenario
yelpchi,r60_s2,heterophily_rewire_oracle,0.3,secgfd,f1_macro,True,oracle_protocol_comparison_diagnostic,oracle_privileged_training_diagnostic,oracle_shift_sensitivity_diagnostic,False,train_on_variant,train_clean_eval_all,train_on_variant - train_clean_eval_all,0.9999123524958252,0.49192644316652007,0.5079859093293051,0.02807623572297392,0.485379199042296,0.5310893732204669,10,5,2,paired_protocol_crossed_training_graph_seed_bootstrap,scenario
yelpchi,r60_s2,heterophily_rewire_nonoracle,0.0,mlp,roc_auc,False,non_oracle_controlled_stress,non_oracle_controlled_stress,non_oracle_controlled_stress,True,train_on_variant,train_clean_eval_all,train_on_variant - train_clean_eval_all,0.8043380779174848,0.8043380779174848,0.0,0.0,0.0,0.0,5,5,1,paired_protocol_crossed_training_graph_seed_bootstrap,clean
yelpchi,r60_s2,heterophily_rewire_nonoracle,0.0,mlp,average_precision,False,non_oracle_controlled_stress,non_oracle_controlled_stress,non_oracle_controlled_stress,True,train_on_variant,train_clean_eval_all,train_on_variant - train_clean_eval_all,0.44951416512595044,0.44951416512595044,0.0,0.0,0.0,0.0,5,5,1,paired_protocol_crossed_training_graph_seed_bootstrap,clean
yelpchi,r60_s2,heterophily_rewire_nonoracle,0.0,mlp,f1_macro,False,non_oracle_controlled_stress,non_oracle_controlled_stress,non_oracle_controlled_stress,True,train_on_variant,train_clean_eval_all,train_on_variant - train_clean_eval_all,0.6650650304700133,0.6650650304700133,0.0,0.0,0.0,0.0,5,5,1,paired_protocol_crossed_training_graph_seed_bootstrap,clean
yelpchi,r60_s2,heterophily_rewire_nonoracle,0.0,sage,roc_auc,False,non_oracle_controlled_stress,non_oracle_controlled_stress,non_oracle_controlled_stress,True,train_on_variant,train_clean_eval_all,train_on_variant - train_clean_eval_all,0.7650934542574729,0.7655131533013403,-0.00041969904386742753,0.000256019083598543,-0.000592485472029436,-0.00019555784053073566,5,5,1,paired_protocol_crossed_training_graph_seed_bootstrap,clean
yelpchi,r60_s2,heterophily_rewire_nonoracle,0.0,sage,average_precision,False,non_oracle_controlled_stress,non_oracle_controlled_stress,non_oracle_controlled_stress,True,train_on_variant,train_clean_eval_all,train_on_variant - train_clean_eval_all,0.4052185679425593,0.4053550541139853,-0.00013648617142608677,0.0009572595461561558,-0.0009122951338852104,0.0005800817403154746,5,5,1,paired_protocol_crossed_training_graph_seed_bootstrap,clean
yelpchi,r60_s2,heterophily_rewire_nonoracle,0.0,sage,f1_macro,False,non_oracle_controlled_stress,non_oracle_controlled_stress,non_oracle_controlled_stress,True,train_on_variant,train_clean_eval_all,train_on_variant - train_clean_eval_all,0.6444943460577893,0.6451509597762669,-0.0006566137184775611,0.0009106719892673757,-0.0014443520240256236,4.1813838779147797e-05,5,5,1,paired_protocol_crossed_training_graph_seed_bootstrap,clean
yelpchi,r60_s2,heterophily_rewire_nonoracle,0.0,pmp,roc_auc,False,non_oracle_controlled_stress,non_oracle_controlled_stress,non_oracle_controlled_stress,True,train_on_variant,train_clean_eval_all,train_on_variant - train_clean_eval_all,0.8606255411783359,0.8606255411783359,0.0,0.0,0.0,0.0,5,5,1,paired_protocol_crossed_training_graph_seed_bootstrap,clean
yelpchi,r60_s2,heterophily_rewire_nonoracle,0.0,pmp,average_precision,False,non_oracle_controlled_stress,non_oracle_controlled_stress,non_oracle_controlled_stress,True,train_on_variant,train_clean_eval_all,train_on_variant - train_clean_eval_all,0.6043637621026958,0.6043637621026958,0.0,0.0,0.0,0.0,5,5,1,paired_protocol_crossed_training_graph_seed_bootstrap,clean
yelpchi,r60_s2,heterophily_rewire_nonoracle,0.0,pmp,f1_macro,False,non_oracle_controlled_stress,non_oracle_controlled_stress,non_oracle_controlled_stress,True,train_on_variant,train_clean_eval_all,train_on_variant - train_clean_eval_all,0.7349455131926848,0.7349455131926848,0.0,0.0,0.0,0.0,5,5,1,paired_protocol_crossed_training_graph_seed_bootstrap,clean
yelpchi,r60_s2,heterophily_rewire_nonoracle,0.0,secgfd,roc_auc,False,non_oracle_controlled_stress,non_oracle_controlled_stress,non_oracle_controlled_stress,True,train_on_variant,train_clean_eval_all,train_on_variant - train_clean_eval_all,0.8117870356537434,0.811166662347403,0.000620373306340527,0.0032961970512060575,-0.0016122255234946926,0.0033308573789285756,5,5,1,paired_protocol_crossed_training_graph_seed_bootstrap,clean
yelpchi,r60_s2,heterophily_rewire_nonoracle,0.0,secgfd,average_precision,False,non_oracle_controlled_stress,non_oracle_controlled_stress,non_oracle_controlled_stress,True,train_on_variant,train_clean_eval_all,train_on_variant - train_clean_eval_all,0.473482231719539,0.47246815575813184,0.0010140759614071237,0.007358166487099288,-0.004221870048806644,0.0067196754980889725,5,5,1,paired_protocol_crossed_training_graph_seed_bootstrap,clean
yelpchi,r60_s2,heterophily_rewire_nonoracle,0.0,secgfd,f1_macro,False,non_oracle_controlled_stress,non_oracle_controlled_stress,non_oracle_controlled_stress,True,train_on_variant,train_clean_eval_all,train_on_variant - train_clean_eval_all,0.6792523383320177,0.6776423590692239,0.001609979262793848,0.0061627430874527135,-0.001698977733921798,0.007120115573339015,5,5,1,paired_protocol_crossed_training_graph_seed_bootstrap,clean
yelpchi,r60_s2,heterophily_rewire_nonoracle,0.15,mlp,roc_auc,False,non_oracle_controlled_stress,non_oracle_controlled_stress,non_oracle_controlled_stress,True,train_on_variant,train_clean_eval_all,train_on_variant - train_clean_eval_all,0.8043380779174848,0.8043380779174848,0.0,0.0,0.0,0.0,10,5,2,paired_protocol_crossed_training_graph_seed_bootstrap,scenario
yelpchi,r60_s2,heterophily_rewire_nonoracle,0.15,mlp,average_precision,False,non_oracle_controlled_stress,non_oracle_controlled_stress,non_oracle_controlled_stress,True,train_on_variant,train_clean_eval_all,train_on_variant - train_clean_eval_all,0.44951416512595044,0.44951416512595044,0.0,0.0,0.0,0.0,10,5,2,paired_protocol_crossed_training_graph_seed_bootstrap,scenario
yelpchi,r60_s2,heterophily_rewire_nonoracle,0.15,mlp,f1_macro,False,non_oracle_controlled_stress,non_oracle_controlled_stress,non_oracle_controlled_stress,True,train_on_variant,train_clean_eval_all,train_on_variant - train_clean_eval_all,0.6650650304700133,0.6650650304700133,0.0,0.0,0.0,0.0,10,5,2,paired_protocol_crossed_training_graph_seed_bootstrap,scenario
yelpchi,r60_s2,heterophily_rewire_nonoracle,0.15,sage,roc_auc,False,non_oracle_controlled_stress,non_oracle_controlled_stress,non_oracle_controlled_stress,True,train_on_variant,train_clean_eval_all,train_on_variant - train_clean_eval_all,0.7548475906511823,0.7594919774122835,-0.004644386761101027,0.005663009258144428,-0.009619773627388839,-0.0004975758450004659,10,5,2,paired_protocol_crossed_training_graph_seed_bootstrap,scenario
yelpchi,r60_s2,heterophily_rewire_nonoracle,0.15,sage,average_precision,False,non_oracle_controlled_stress,non_oracle_controlled_stress,non_oracle_controlled_stress,True,train_on_variant,train_clean_eval_all,train_on_variant - train_clean_eval_all,0.3901787905354659,0.39689819109671676,-0.006719400561250791,0.007993303804389838,-0.013145439621439582,-0.0006856997676807781,10,5,2,paired_protocol_crossed_training_graph_seed_bootstrap,scenario
yelpchi,r60_s2,heterophily_rewire_nonoracle,0.15,sage,f1_macro,False,non_oracle_controlled_stress,non_oracle_controlled_stress,non_oracle_controlled_stress,True,train_on_variant,train_clean_eval_all,train_on_variant - train_clean_eval_all,0.6371574548061237,0.6393613980907789,-0.0022039432846551964,0.00405921142304605,-0.005225585196880667,0.0017531505917345092,10,5,2,paired_protocol_crossed_training_graph_seed_bootstrap,scenario
yelpchi,r60_s2,heterophily_rewire_nonoracle,0.15,pmp,roc_auc,False,non_oracle_controlled_stress,non_oracle_controlled_stress,non_oracle_controlled_stress,True,train_on_variant,train_clean_eval_all,train_on_variant - train_clean_eval_all,0.8482182084405527,0.8391289991935681,0.009089209246984642,0.0071200673201494685,0.0036721410634688013,0.014761337257384417,10,5,2,paired_protocol_crossed_training_graph_seed_bootstrap,scenario
yelpchi,r60_s2,heterophily_rewire_nonoracle,0.15,pmp,average_precision,False,non_oracle_controlled_stress,non_oracle_controlled_stress,non_oracle_controlled_stress,True,train_on_variant,train_clean_eval_all,train_on_variant - train_clean_eval_all,0.5602023110925745,0.5466840948332738,0.013518216259300475,0.01809133453904455,0.0006220828299690362,0.030316789927608823,10,5,2,paired_protocol_crossed_training_graph_seed_bootstrap,scenario
yelpchi,r60_s2,heterophily_rewire_nonoracle,0.15,pmp,f1_macro,False,non_oracle_controlled_stress,non_oracle_controlled_stress,non_oracle_controlled_stress,True,train_on_variant,train_clean_eval_all,train_on_variant - train_clean_eval_all,0.7183239725991623,0.7105833724384895,0.007740600160672939,0.010036587661557487,-0.00045499403155463576,0.014856267105670163,10,5,2,paired_protocol_crossed_training_graph_seed_bootstrap,scenario
yelpchi,r60_s2,heterophily_rewire_nonoracle,0.15,secgfd,roc_auc,False,non_oracle_controlled_stress,non_oracle_controlled_stress,non_oracle_controlled_stress,True,train_on_variant,train_clean_eval_all,train_on_variant - train_clean_eval_all,0.8141649284806152,0.8103014153719037,0.0038635131087112694,0.007665844298450546,-0.0020283421192238914,0.009244854351569229,10,5,2,paired_protocol_crossed_training_graph_seed_bootstrap,scenario
yelpchi,r60_s2,heterophily_rewire_nonoracle,0.15,secgfd,average_precision,False,non_oracle_controlled_stress,non_oracle_controlled_stress,non_oracle_controlled_stress,True,train_on_variant,train_clean_eval_all,train_on_variant - train_clean_eval_all,0.48307509576531354,0.4721166060709311,0.010958489694382489,0.014838555026176424,0.0007730579131513149,0.022845957668269874,10,5,2,paired_protocol_crossed_training_graph_seed_bootstrap,scenario
yelpchi,r60_s2,heterophily_rewire_nonoracle,0.15,secgfd,f1_macro,False,non_oracle_controlled_stress,non_oracle_controlled_stress,non_oracle_controlled_stress,True,train_on_variant,train_clean_eval_all,train_on_variant - train_clean_eval_all,0.6836672008778374,0.6823238773144993,0.0013433235633379058,0.009938265718054366,-0.006474850339957964,0.008205261503824604,10,5,2,paired_protocol_crossed_training_graph_seed_bootstrap,scenario
yelpchi,r60_s2,heterophily_rewire_nonoracle,0.3,mlp,roc_auc,False,non_oracle_controlled_stress,non_oracle_controlled_stress,non_oracle_controlled_stress,True,train_on_variant,train_clean_eval_all,train_on_variant - train_clean_eval_all,0.8043380779174848,0.8043380779174848,0.0,0.0,0.0,0.0,10,5,2,paired_protocol_crossed_training_graph_seed_bootstrap,scenario
yelpchi,r60_s2,heterophily_rewire_nonoracle,0.3,mlp,average_precision,False,non_oracle_controlled_stress,non_oracle_controlled_stress,non_oracle_controlled_stress,True,train_on_variant,train_clean_eval_all,train_on_variant - train_clean_eval_all,0.44951416512595044,0.44951416512595044,0.0,0.0,0.0,0.0,10,5,2,paired_protocol_crossed_training_graph_seed_bootstrap,scenario
yelpchi,r60_s2,heterophily_rewire_nonoracle,0.3,mlp,f1_macro,False,non_oracle_controlled_stress,non_oracle_controlled_stress,non_oracle_controlled_stress,True,train_on_variant,train_clean_eval_all,train_on_variant - train_clean_eval_all,0.6650650304700133,0.6650650304700133,0.0,0.0,0.0,0.0,10,5,2,paired_protocol_crossed_training_graph_seed_bootstrap,scenario
yelpchi,r60_s2,heterophily_rewire_nonoracle,0.3,sage,roc_auc,False,non_oracle_controlled_stress,non_oracle_controlled_stress,non_oracle_controlled_stress,True,train_on_variant,train_clean_eval_all,train_on_variant - train_clean_eval_all,0.7525792006872202,0.7564568101576887,-0.003877609470468424,0.004297297358702464,-0.007916443398843852,-0.0005363858586290071,10,5,2,paired_protocol_crossed_training_graph_seed_bootstrap,scenario
yelpchi,r60_s2,heterophily_rewire_nonoracle,0.3,sage,average_precision,False,non_oracle_controlled_stress,non_oracle_controlled_stress,non_oracle_controlled_stress,True,train_on_variant,train_clean_eval_all,train_on_variant - train_clean_eval_all,0.38453376934462374,0.3911079898454878,-0.006574220500864048,0.007480851614355123,-0.012510922599767816,-0.0007607839652279735,10,5,2,paired_protocol_crossed_training_graph_seed_bootstrap,scenario
yelpchi,r60_s2,heterophily_rewire_nonoracle,0.3,sage,f1_macro,False,non_oracle_controlled_stress,non_oracle_controlled_stress,non_oracle_controlled_stress,True,train_on_variant,train_clean_eval_all,train_on_variant - train_clean_eval_all,0.6355196150036122,0.6371076972448517,-0.001588082241239408,0.004724900620277368,-0.005334879485289462,0.0019893114723154724,10,5,2,paired_protocol_crossed_training_graph_seed_bootstrap,scenario
yelpchi,r60_s2,heterophily_rewire_nonoracle,0.3,pmp,roc_auc,False,non_oracle_controlled_stress,non_oracle_controlled_stress,non_oracle_controlled_stress,True,train_on_variant,train_clean_eval_all,train_on_variant - train_clean_eval_all,0.8451497320405015,0.8253081619983048,0.019841570042196666,0.008582773463086389,0.013885102122638581,0.02618944900423188,10,5,2,paired_protocol_crossed_training_graph_seed_bootstrap,scenario
yelpchi,r60_s2,heterophily_rewire_nonoracle,0.3,pmp,average_precision,False,non_oracle_controlled_stress,non_oracle_controlled_stress,non_oracle_controlled_stress,True,train_on_variant,train_clean_eval_all,train_on_variant - train_clean_eval_all,0.5506841350413346,0.5145733341744505,0.03611080086688424,0.0208820564560377,0.018771869342150315,0.04994651810489015,10,5,2,paired_protocol_crossed_training_graph_seed_bootstrap,scenario
yelpchi,r60_s2,heterophily_rewire_nonoracle,0.3,pmp,f1_macro,False,non_oracle_controlled_stress,non_oracle_controlled_stress,non_oracle_controlled_stress,True,train_on_variant,train_clean_eval_all,train_on_variant - train_clean_eval_all,0.7159271704183078,0.6980514367055377,0.017875733712770014,0.013836218274401768,0.005766247899145416,0.02740931853455795,10,5,2,paired_protocol_crossed_training_graph_seed_bootstrap,scenario
yelpchi,r60_s2,heterophily_rewire_nonoracle,0.3,secgfd,roc_auc,False,non_oracle_controlled_stress,non_oracle_controlled_stress,non_oracle_controlled_stress,True,train_on_variant,train_clean_eval_all,train_on_variant - train_clean_eval_all,0.8168949969206192,0.8075796789821579,0.009315317938461177,0.007443628090768769,0.0031860064240155418,0.015011624734555827,10,5,2,paired_protocol_crossed_training_graph_seed_bootstrap,scenario
yelpchi,r60_s2,heterophily_rewire_nonoracle,0.3,secgfd,average_precision,False,non_oracle_controlled_stress,non_oracle_controlled_stress,non_oracle_controlled_stress,True,train_on_variant,train_clean_eval_all,train_on_variant - train_clean_eval_all,0.4836897439481489,0.4674739904818287,0.016215753466320267,0.014548069892384262,0.005489502971513715,0.02842381605198408,10,5,2,paired_protocol_crossed_training_graph_seed_bootstrap,scenario
yelpchi,r60_s2,heterophily_rewire_nonoracle,0.3,secgfd,f1_macro,False,non_oracle_controlled_stress,non_oracle_controlled_stress,non_oracle_controlled_stress,True,train_on_variant,train_clean_eval_all,train_on_variant - train_clean_eval_all,0.6837710056032573,0.6797972834976471,0.003973722105610211,0.007506870094315179,-0.0029312623992391986,0.009899059940982858,10,5,2,paired_protocol_crossed_training_graph_seed_bootstrap,scenario
yelpchi,r60_s2,camouflage_feature_oracle,0.0,mlp,roc_auc,True,oracle_protocol_comparison_diagnostic,oracle_privileged_training_diagnostic,oracle_shift_sensitivity_diagnostic,False,train_on_variant,train_clean_eval_all,train_on_variant - train_clean_eval_all,0.8043380779174848,0.8043380779174848,0.0,0.0,0.0,0.0,5,5,1,paired_protocol_crossed_training_graph_seed_bootstrap,clean
yelpchi,r60_s2,camouflage_feature_oracle,0.0,mlp,average_precision,True,oracle_protocol_comparison_diagnostic,oracle_privileged_training_diagnostic,oracle_shift_sensitivity_diagnostic,False,train_on_variant,train_clean_eval_all,train_on_variant - train_clean_eval_all,0.44951416512595044,0.44951416512595044,0.0,0.0,0.0,0.0,5,5,1,paired_protocol_crossed_training_graph_seed_bootstrap,clean
yelpchi,r60_s2,camouflage_feature_oracle,0.0,mlp,f1_macro,True,oracle_protocol_comparison_diagnostic,oracle_privileged_training_diagnostic,oracle_shift_sensitivity_diagnostic,False,train_on_variant,train_clean_eval_all,train_on_variant - train_clean_eval_all,0.6650650304700133,0.6650650304700133,0.0,0.0,0.0,0.0,5,5,1,paired_protocol_crossed_training_graph_seed_bootstrap,clean
yelpchi,r60_s2,camouflage_feature_oracle,0.0,sage,roc_auc,True,oracle_protocol_comparison_diagnostic,oracle_privileged_training_diagnostic,oracle_shift_sensitivity_diagnostic,False,train_on_variant,train_clean_eval_all,train_on_variant - train_clean_eval_all,0.7650934542574729,0.7655131533013403,-0.00041969904386742753,0.000256019083598543,-0.000592485472029436,-0.00019555784053073566,5,5,1,paired_protocol_crossed_training_graph_seed_bootstrap,clean
yelpchi,r60_s2,camouflage_feature_oracle,0.0,sage,average_precision,True,oracle_protocol_comparison_diagnostic,oracle_privileged_training_diagnostic,oracle_shift_sensitivity_diagnostic,False,train_on_variant,train_clean_eval_all,train_on_variant - train_clean_eval_all,0.4052185679425593,0.4053550541139853,-0.00013648617142608677,0.0009572595461561558,-0.0009122951338852104,0.0005800817403154746,5,5,1,paired_protocol_crossed_training_graph_seed_bootstrap,clean
yelpchi,r60_s2,camouflage_feature_oracle,0.0,sage,f1_macro,True,oracle_protocol_comparison_diagnostic,oracle_privileged_training_diagnostic,oracle_shift_sensitivity_diagnostic,False,train_on_variant,train_clean_eval_all,train_on_variant - train_clean_eval_all,0.6444943460577893,0.6451509597762669,-0.0006566137184775611,0.0009106719892673757,-0.0014443520240256236,4.1813838779147797e-05,5,5,1,paired_protocol_crossed_training_graph_seed_bootstrap,clean
yelpchi,r60_s2,camouflage_feature_oracle,0.0,pmp,roc_auc,True,oracle_protocol_comparison_diagnostic,oracle_privileged_training_diagnostic,oracle_shift_sensitivity_diagnostic,False,train_on_variant,train_clean_eval_all,train_on_variant - train_clean_eval_all,0.8606255411783359,0.8606255411783359,0.0,0.0,0.0,0.0,5,5,1,paired_protocol_crossed_training_graph_seed_bootstrap,clean
yelpchi,r60_s2,camouflage_feature_oracle,0.0,pmp,average_precision,True,oracle_protocol_comparison_diagnostic,oracle_privileged_training_diagnostic,oracle_shift_sensitivity_diagnostic,False,train_on_variant,train_clean_eval_all,train_on_variant - train_clean_eval_all,0.6043637621026958,0.6043637621026958,0.0,0.0,0.0,0.0,5,5,1,paired_protocol_crossed_training_graph_seed_bootstrap,clean
yelpchi,r60_s2,camouflage_feature_oracle,0.0,pmp,f1_macro,True,oracle_protocol_comparison_diagnostic,oracle_privileged_training_diagnostic,oracle_shift_sensitivity_diagnostic,False,train_on_variant,train_clean_eval_all,train_on_variant - train_clean_eval_all,0.7349455131926848,0.7349455131926848,0.0,0.0,0.0,0.0,5,5,1,paired_protocol_crossed_training_graph_seed_bootstrap,clean
yelpchi,r60_s2,camouflage_feature_oracle,0.0,secgfd,roc_auc,True,oracle_protocol_comparison_diagnostic,oracle_privileged_training_diagnostic,oracle_shift_sensitivity_diagnostic,False,train_on_variant,train_clean_eval_all,train_on_variant - train_clean_eval_all,0.8117870356537434,0.811166662347403,0.000620373306340527,0.0032961970512060575,-0.0016122255234946926,0.0033308573789285756,5,5,1,paired_protocol_crossed_training_graph_seed_bootstrap,clean
yelpchi,r60_s2,camouflage_feature_oracle,0.0,secgfd,average_precision,True,oracle_protocol_comparison_diagnostic,oracle_privileged_training_diagnostic,oracle_shift_sensitivity_diagnostic,False,train_on_variant,train_clean_eval_all,train_on_variant - train_clean_eval_all,0.473482231719539,0.47246815575813184,0.0010140759614071237,0.007358166487099288,-0.004221870048806644,0.0067196754980889725,5,5,1,paired_protocol_crossed_training_graph_seed_bootstrap,clean
yelpchi,r60_s2,camouflage_feature_oracle,0.0,secgfd,f1_macro,True,oracle_protocol_comparison_diagnostic,oracle_privileged_training_diagnostic,oracle_shift_sensitivity_diagnostic,False,train_on_variant,train_clean_eval_all,train_on_variant - train_clean_eval_all,0.6792523383320177,0.6776423590692239,0.001609979262793848,0.0061627430874527135,-0.001698977733921798,0.007120115573339015,5,5,1,paired_protocol_crossed_training_graph_seed_bootstrap,clean
yelpchi,r60_s2,camouflage_feature_oracle,0.15,mlp,roc_auc,True,oracle_protocol_comparison_diagnostic,oracle_privileged_training_diagnostic,oracle_shift_sensitivity_diagnostic,False,train_on_variant,train_clean_eval_all,train_on_variant - train_clean_eval_all,0.7563789062023611,0.7638016958699708,-0.007422789667609786,0.015743130710918863,-0.022591625398642658,-0.0017185322900533063,10,5,2,paired_protocol_crossed_training_graph_seed_bootstrap,scenario
yelpchi,r60_s2,camouflage_feature_oracle,0.15,mlp,average_precision,True,oracle_protocol_comparison_diagnostic,oracle_privileged_training_diagnostic,oracle_shift_sensitivity_diagnostic,False,train_on_variant,train_clean_eval_all,train_on_variant - train_clean_eval_all,0.39362980672924186,0.4078196364365879,-0.01418982970734598,0.03338188284836909,-0.046351460602669065,-0.002570198742394758,10,5,2,paired_protocol_crossed_training_graph_seed_bootstrap,scenario
yelpchi,r60_s2,camouflage_feature_oracle,0.15,mlp,f1_macro,True,oracle_protocol_comparison_diagnostic,oracle_privileged_training_diagnostic,oracle_shift_sensitivity_diagnostic,False,train_on_variant,train_clean_eval_all,train_on_variant - train_clean_eval_all,0.6418953020139249,0.6475423374066283,-0.00564703539270357,0.013128692834510099,-0.017699373571085576,-0.0003083355409778998,10,5,2,paired_protocol_crossed_training_graph_seed_bootstrap,scenario
yelpchi,r60_s2,camouflage_feature_oracle,0.15,sage,roc_auc,True,oracle_protocol_comparison_diagnostic,oracle_privileged_training_diagnostic,oracle_shift_sensitivity_diagnostic,False,train_on_variant,train_clean_eval_all,train_on_variant - train_clean_eval_all,0.7294607767662231,0.7324650930445626,-0.003004316278339436,0.004058668659254906,-0.005919790701184169,0.00012881830852046322,10,5,2,paired_protocol_crossed_training_graph_seed_bootstrap,scenario
yelpchi,r60_s2,camouflage_feature_oracle,0.15,sage,average_precision,True,oracle_protocol_comparison_diagnostic,oracle_privileged_training_diagnostic,oracle_shift_sensitivity_diagnostic,False,train_on_variant,train_clean_eval_all,train_on_variant - train_clean_eval_all,0.3650052001936769,0.37106277701827073,-0.0060575768245937885,0.005123927436008029,-0.009532836530936676,-0.0014728754349604162,10,5,2,paired_protocol_crossed_training_graph_seed_bootstrap,scenario
yelpchi,r60_s2,camouflage_feature_oracle,0.15,sage,f1_macro,True,oracle_protocol_comparison_diagnostic,oracle_privileged_training_diagnostic,oracle_shift_sensitivity_diagnostic,False,train_on_variant,train_clean_eval_all,train_on_variant - train_clean_eval_all,0.6252580010890112,0.6300656540291791,-0.004807652940168006,0.004591994505834536,-0.007990910374759729,-0.0007648957913258385,10,5,2,paired_protocol_crossed_training_graph_seed_bootstrap,scenario
yelpchi,r60_s2,camouflage_feature_oracle,0.15,pmp,roc_auc,True,oracle_protocol_comparison_diagnostic,oracle_privileged_training_diagnostic,oracle_shift_sensitivity_diagnostic,False,train_on_variant,train_clean_eval_all,train_on_variant - train_clean_eval_all,0.8169212173920997,0.8182569131721282,-0.001335695780028523,0.005542563419081384,-0.006053132088673951,0.0028393628825598193,10,5,2,paired_protocol_crossed_training_graph_seed_bootstrap,scenario
yelpchi,r60_s2,camouflage_feature_oracle,0.15,pmp,average_precision,True,oracle_protocol_comparison_diagnostic,oracle_privileged_training_diagnostic,oracle_shift_sensitivity_diagnostic,False,train_on_variant,train_clean_eval_all,train_on_variant - train_clean_eval_all,0.535213513371268,0.5476038089657816,-0.0123902955945136,0.01477687881196852,-0.024517676847810654,-0.0016823899725852828,10,5,2,paired_protocol_crossed_training_graph_seed_bootstrap,scenario
yelpchi,r60_s2,camouflage_feature_oracle,0.15,pmp,f1_macro,True,oracle_protocol_comparison_diagnostic,oracle_privileged_training_diagnostic,oracle_shift_sensitivity_diagnostic,False,train_on_variant,train_clean_eval_all,train_on_variant - train_clean_eval_all,0.7057572333751063,0.7110458359227068,-0.005288602547600285,0.009722271979757688,-0.01338648490030816,0.002958736688236787,10,5,2,paired_protocol_crossed_training_graph_seed_bootstrap,scenario
yelpchi,r60_s2,camouflage_feature_oracle,0.15,secgfd,roc_auc,True,oracle_protocol_comparison_diagnostic,oracle_privileged_training_diagnostic,oracle_shift_sensitivity_diagnostic,False,train_on_variant,train_clean_eval_all,train_on_variant - train_clean_eval_all,0.7714548340945401,0.7701790395151652,0.001275794579374856,0.012154717568592788,-0.006751433884395136,0.013269945518204929,10,5,2,paired_protocol_crossed_training_graph_seed_bootstrap,scenario
yelpchi,r60_s2,camouflage_feature_oracle,0.15,secgfd,average_precision,True,oracle_protocol_comparison_diagnostic,oracle_privileged_training_diagnostic,oracle_shift_sensitivity_diagnostic,False,train_on_variant,train_clean_eval_all,train_on_variant - train_clean_eval_all,0.4299904190840375,0.42945301108153994,0.0005374080024975858,0.028213806070056437,-0.02064240990008463,0.027620114173495233,10,5,2,paired_protocol_crossed_training_graph_seed_bootstrap,scenario
yelpchi,r60_s2,camouflage_feature_oracle,0.15,secgfd,f1_macro,True,oracle_protocol_comparison_diagnostic,oracle_privileged_training_diagnostic,oracle_shift_sensitivity_diagnostic,False,train_on_variant,train_clean_eval_all,train_on_variant - train_clean_eval_all,0.6574002106703658,0.6592891964005754,-0.0018889857302094915,0.013732106105237377,-0.010144144425090717,0.011044576845491495,10,5,2,paired_protocol_crossed_training_graph_seed_bootstrap,scenario
yelpchi,r60_s2,camouflage_feature_oracle,0.3,mlp,roc_auc,True,oracle_protocol_comparison_diagnostic,oracle_privileged_training_diagnostic,oracle_shift_sensitivity_diagnostic,False,train_on_variant,train_clean_eval_all,train_on_variant - train_clean_eval_all,0.7100301211477249,0.7155452333621961,-0.005515112214471263,0.0021054606863599233,-0.007170489088015408,-0.004014257000256127,10,5,2,paired_protocol_crossed_training_graph_seed_bootstrap,scenario
yelpchi,r60_s2,camouflage_feature_oracle,0.3,mlp,average_precision,True,oracle_protocol_comparison_diagnostic,oracle_privileged_training_diagnostic,oracle_shift_sensitivity_diagnostic,False,train_on_variant,train_clean_eval_all,train_on_variant - train_clean_eval_all,0.3522246590146302,0.35949772010699055,-0.00727306109236035,0.002989155733135745,-0.010281960809101176,-0.00433881144588274,10,5,2,paired_protocol_crossed_training_graph_seed_bootstrap,scenario
yelpchi,r60_s2,camouflage_feature_oracle,0.3,mlp,f1_macro,True,oracle_protocol_comparison_diagnostic,oracle_privileged_training_diagnostic,oracle_shift_sensitivity_diagnostic,False,train_on_variant,train_clean_eval_all,train_on_variant - train_clean_eval_all,0.6185687348842357,0.6232417558380089,-0.004673020953773299,0.004275022607348853,-0.008313954926744893,-0.0013144973483711158,10,5,2,paired_protocol_crossed_training_graph_seed_bootstrap,scenario
yelpchi,r60_s2,camouflage_feature_oracle,0.3,sage,roc_auc,True,oracle_protocol_comparison_diagnostic,oracle_privileged_training_diagnostic,oracle_shift_sensitivity_diagnostic,False,train_on_variant,train_clean_eval_all,train_on_variant - train_clean_eval_all,0.6643054681116383,0.6887409514601144,-0.02443548334847615,0.058724455616844765,-0.0832776180073661,-0.0015557152624486041,10,5,2,paired_protocol_crossed_training_graph_seed_bootstrap,scenario
yelpchi,r60_s2,camouflage_feature_oracle,0.3,sage,average_precision,True,oracle_protocol_comparison_diagnostic,oracle_privileged_training_diagnostic,oracle_shift_sensitivity_diagnostic,False,train_on_variant,train_clean_eval_all,train_on_variant - train_clean_eval_all,0.30143196680006634,0.32816128204720174,-0.026729315247135444,0.06267487292838943,-0.08980655937026556,-0.0028034087571157345,10,5,2,paired_protocol_crossed_training_graph_seed_bootstrap,scenario
yelpchi,r60_s2,camouflage_feature_oracle,0.3,sage,f1_macro,True,oracle_protocol_comparison_diagnostic,oracle_privileged_training_diagnostic,oracle_shift_sensitivity_diagnostic,False,train_on_variant,train_clean_eval_all,train_on_variant - train_clean_eval_all,0.591038665767347,0.6078298285757097,-0.016791162808362726,0.03443263357174493,-0.05265661923290059,-0.0034910937803338373,10,5,2,paired_protocol_crossed_training_graph_seed_bootstrap,scenario
yelpchi,r60_s2,camouflage_feature_oracle,0.3,pmp,roc_auc,True,oracle_protocol_comparison_diagnostic,oracle_privileged_training_diagnostic,oracle_shift_sensitivity_diagnostic,False,train_on_variant,train_clean_eval_all,train_on_variant - train_clean_eval_all,0.7789045397621255,0.7736966415310926,0.0052078982310328256,0.010707633534434095,-0.003734848912155316,0.013812992729535798,10,5,2,paired_protocol_crossed_training_graph_seed_bootstrap,scenario
yelpchi,r60_s2,camouflage_feature_oracle,0.3,pmp,average_precision,True,oracle_protocol_comparison_diagnostic,oracle_privileged_training_diagnostic,oracle_shift_sensitivity_diagnostic,False,train_on_variant,train_clean_eval_all,train_on_variant - train_clean_eval_all,0.4775315856085827,0.4850971414201354,-0.007565555811552688,0.0237173015193901,-0.02648489293554024,0.01299950148494733,10,5,2,paired_protocol_crossed_training_graph_seed_bootstrap,scenario
yelpchi,r60_s2,camouflage_feature_oracle,0.3,pmp,f1_macro,True,oracle_protocol_comparison_diagnostic,oracle_privileged_training_diagnostic,oracle_shift_sensitivity_diagnostic,False,train_on_variant,train_clean_eval_all,train_on_variant - train_clean_eval_all,0.6784130667254968,0.6811840425853931,-0.0027709758598963075,0.010161109493574731,-0.010886506150914178,0.005639081276698174,10,5,2,paired_protocol_crossed_training_graph_seed_bootstrap,scenario
yelpchi,r60_s2,camouflage_feature_oracle,0.3,secgfd,roc_auc,True,oracle_protocol_comparison_diagnostic,oracle_privileged_training_diagnostic,oracle_shift_sensitivity_diagnostic,False,train_on_variant,train_clean_eval_all,train_on_variant - train_clean_eval_all,0.7334760437119651,0.7216545174671024,0.011821526244862634,0.025995803531475764,-0.008485609610717459,0.03301526227712596,10,5,2,paired_protocol_crossed_training_graph_seed_bootstrap,scenario
yelpchi,r60_s2,camouflage_feature_oracle,0.3,secgfd,average_precision,True,oracle_protocol_comparison_diagnostic,oracle_privileged_training_diagnostic,oracle_shift_sensitivity_diagnostic,False,train_on_variant,train_clean_eval_all,train_on_variant - train_clean_eval_all,0.39300806636323765,0.379825747386512,0.013182318976725671,0.04261016933464123,-0.020580049374559088,0.049763842249099084,10,5,2,paired_protocol_crossed_training_graph_seed_bootstrap,scenario
yelpchi,r60_s2,camouflage_feature_oracle,0.3,secgfd,f1_macro,True,oracle_protocol_comparison_diagnostic,oracle_privileged_training_diagnostic,oracle_shift_sensitivity_diagnostic,False,train_on_variant,train_clean_eval_all,train_on_variant - train_clean_eval_all,0.6422265671206263,0.6350949820059328,0.007131585114693484,0.018363029977083178,-0.007627499136765381,0.02167449955037525,10,5,2,paired_protocol_crossed_training_graph_seed_bootstrap,scenario
yelpchi,r60_s2,camouflage_relation_oracle,0.0,mlp,roc_auc,True,oracle_protocol_comparison_diagnostic,oracle_privileged_training_diagnostic,oracle_shift_sensitivity_diagnostic,False,train_on_variant,train_clean_eval_all,train_on_variant - train_clean_eval_all,0.8043380779174848,0.8043380779174848,0.0,0.0,0.0,0.0,5,5,1,paired_protocol_crossed_training_graph_seed_bootstrap,clean
yelpchi,r60_s2,camouflage_relation_oracle,0.0,mlp,average_precision,True,oracle_protocol_comparison_diagnostic,oracle_privileged_training_diagnostic,oracle_shift_sensitivity_diagnostic,False,train_on_variant,train_clean_eval_all,train_on_variant - train_clean_eval_all,0.44951416512595044,0.44951416512595044,0.0,0.0,0.0,0.0,5,5,1,paired_protocol_crossed_training_graph_seed_bootstrap,clean
yelpchi,r60_s2,camouflage_relation_oracle,0.0,mlp,f1_macro,True,oracle_protocol_comparison_diagnostic,oracle_privileged_training_diagnostic,oracle_shift_sensitivity_diagnostic,False,train_on_variant,train_clean_eval_all,train_on_variant - train_clean_eval_all,0.6650650304700133,0.6650650304700133,0.0,0.0,0.0,0.0,5,5,1,paired_protocol_crossed_training_graph_seed_bootstrap,clean
yelpchi,r60_s2,camouflage_relation_oracle,0.0,sage,roc_auc,True,oracle_protocol_comparison_diagnostic,oracle_privileged_training_diagnostic,oracle_shift_sensitivity_diagnostic,False,train_on_variant,train_clean_eval_all,train_on_variant - train_clean_eval_all,0.7650934542574729,0.7655131533013403,-0.00041969904386742753,0.000256019083598543,-0.000592485472029436,-0.00019555784053073566,5,5,1,paired_protocol_crossed_training_graph_seed_bootstrap,clean
yelpchi,r60_s2,camouflage_relation_oracle,0.0,sage,average_precision,True,oracle_protocol_comparison_diagnostic,oracle_privileged_training_diagnostic,oracle_shift_sensitivity_diagnostic,False,train_on_variant,train_clean_eval_all,train_on_variant - train_clean_eval_all,0.4052185679425593,0.4053550541139853,-0.00013648617142608677,0.0009572595461561558,-0.0009122951338852104,0.0005800817403154746,5,5,1,paired_protocol_crossed_training_graph_seed_bootstrap,clean
yelpchi,r60_s2,camouflage_relation_oracle,0.0,sage,f1_macro,True,oracle_protocol_comparison_diagnostic,oracle_privileged_training_diagnostic,oracle_shift_sensitivity_diagnostic,False,train_on_variant,train_clean_eval_all,train_on_variant - train_clean_eval_all,0.6444943460577893,0.6451509597762669,-0.0006566137184775611,0.0009106719892673757,-0.0014443520240256236,4.1813838779147797e-05,5,5,1,paired_protocol_crossed_training_graph_seed_bootstrap,clean
yelpchi,r60_s2,camouflage_relation_oracle,0.0,pmp,roc_auc,True,oracle_protocol_comparison_diagnostic,oracle_privileged_training_diagnostic,oracle_shift_sensitivity_diagnostic,False,train_on_variant,train_clean_eval_all,train_on_variant - train_clean_eval_all,0.8606255411783359,0.8606255411783359,0.0,0.0,0.0,0.0,5,5,1,paired_protocol_crossed_training_graph_seed_bootstrap,clean
yelpchi,r60_s2,camouflage_relation_oracle,0.0,pmp,average_precision,True,oracle_protocol_comparison_diagnostic,oracle_privileged_training_diagnostic,oracle_shift_sensitivity_diagnostic,False,train_on_variant,train_clean_eval_all,train_on_variant - train_clean_eval_all,0.6043637621026958,0.6043637621026958,0.0,0.0,0.0,0.0,5,5,1,paired_protocol_crossed_training_graph_seed_bootstrap,clean
yelpchi,r60_s2,camouflage_relation_oracle,0.0,pmp,f1_macro,True,oracle_protocol_comparison_diagnostic,oracle_privileged_training_diagnostic,oracle_shift_sensitivity_diagnostic,False,train_on_variant,train_clean_eval_all,train_on_variant - train_clean_eval_all,0.7349455131926848,0.7349455131926848,0.0,0.0,0.0,0.0,5,5,1,paired_protocol_crossed_training_graph_seed_bootstrap,clean
yelpchi,r60_s2,camouflage_relation_oracle,0.0,secgfd,roc_auc,True,oracle_protocol_comparison_diagnostic,oracle_privileged_training_diagnostic,oracle_shift_sensitivity_diagnostic,False,train_on_variant,train_clean_eval_all,train_on_variant - train_clean_eval_all,0.8117870356537434,0.811166662347403,0.000620373306340527,0.0032961970512060575,-0.0016122255234946926,0.0033308573789285756,5,5,1,paired_protocol_crossed_training_graph_seed_bootstrap,clean
yelpchi,r60_s2,camouflage_relation_oracle,0.0,secgfd,average_precision,True,oracle_protocol_comparison_diagnostic,oracle_privileged_training_diagnostic,oracle_shift_sensitivity_diagnostic,False,train_on_variant,train_clean_eval_all,train_on_variant - train_clean_eval_all,0.473482231719539,0.47246815575813184,0.0010140759614071237,0.007358166487099288,-0.004221870048806644,0.0067196754980889725,5,5,1,paired_protocol_crossed_training_graph_seed_bootstrap,clean
yelpchi,r60_s2,camouflage_relation_oracle,0.0,secgfd,f1_macro,True,oracle_protocol_comparison_diagnostic,oracle_privileged_training_diagnostic,oracle_shift_sensitivity_diagnostic,False,train_on_variant,train_clean_eval_all,train_on_variant - train_clean_eval_all,0.6792523383320177,0.6776423590692239,0.001609979262793848,0.0061627430874527135,-0.001698977733921798,0.007120115573339015,5,5,1,paired_protocol_crossed_training_graph_seed_bootstrap,clean
yelpchi,r60_s2,camouflage_relation_oracle,0.15,mlp,roc_auc,True,oracle_protocol_comparison_diagnostic,oracle_privileged_training_diagnostic,oracle_shift_sensitivity_diagnostic,False,train_on_variant,train_clean_eval_all,train_on_variant - train_clean_eval_all,0.8043380779174848,0.8043380779174848,0.0,0.0,0.0,0.0,10,5,2,paired_protocol_crossed_training_graph_seed_bootstrap,scenario
yelpchi,r60_s2,camouflage_relation_oracle,0.15,mlp,average_precision,True,oracle_protocol_comparison_diagnostic,oracle_privileged_training_diagnostic,oracle_shift_sensitivity_diagnostic,False,train_on_variant,train_clean_eval_all,train_on_variant - train_clean_eval_all,0.44951416512595044,0.44951416512595044,0.0,0.0,0.0,0.0,10,5,2,paired_protocol_crossed_training_graph_seed_bootstrap,scenario
yelpchi,r60_s2,camouflage_relation_oracle,0.15,mlp,f1_macro,True,oracle_protocol_comparison_diagnostic,oracle_privileged_training_diagnostic,oracle_shift_sensitivity_diagnostic,False,train_on_variant,train_clean_eval_all,train_on_variant - train_clean_eval_all,0.6650650304700133,0.6650650304700133,0.0,0.0,0.0,0.0,10,5,2,paired_protocol_crossed_training_graph_seed_bootstrap,scenario
yelpchi,r60_s2,camouflage_relation_oracle,0.15,sage,roc_auc,True,oracle_protocol_comparison_diagnostic,oracle_privileged_training_diagnostic,oracle_shift_sensitivity_diagnostic,False,train_on_variant,train_clean_eval_all,train_on_variant - train_clean_eval_all,0.7630299164908472,0.7647864355936803,-0.0017565191028330318,0.006817440356267323,-0.007911922463626708,0.00314651850829909,10,5,2,paired_protocol_crossed_training_graph_seed_bootstrap,scenario
yelpchi,r60_s2,camouflage_relation_oracle,0.15,sage,average_precision,True,oracle_protocol_comparison_diagnostic,oracle_privileged_training_diagnostic,oracle_shift_sensitivity_diagnostic,False,train_on_variant,train_clean_eval_all,train_on_variant - train_clean_eval_all,0.40015991980124105,0.4027382896951009,-0.002578369893859811,0.00874821549623669,-0.009960355918329356,0.0035036970262551353,10,5,2,paired_protocol_crossed_training_graph_seed_bootstrap,scenario
yelpchi,r60_s2,camouflage_relation_oracle,0.15,sage,f1_macro,True,oracle_protocol_comparison_diagnostic,oracle_privileged_training_diagnostic,oracle_shift_sensitivity_diagnostic,False,train_on_variant,train_clean_eval_all,train_on_variant - train_clean_eval_all,0.6406416712753902,0.6444406065877782,-0.003798935312388052,0.008243388492077855,-0.011360943248151543,0.0016189743719403182,10,5,2,paired_protocol_crossed_training_graph_seed_bootstrap,scenario
yelpchi,r60_s2,camouflage_relation_oracle,0.15,pmp,roc_auc,True,oracle_protocol_comparison_diagnostic,oracle_privileged_training_diagnostic,oracle_shift_sensitivity_diagnostic,False,train_on_variant,train_clean_eval_all,train_on_variant - train_clean_eval_all,0.8606878862565093,0.8571751719956218,0.003512714260887584,0.01085496801847187,-0.006382247359278359,0.014829595756933192,10,5,2,paired_protocol_crossed_training_graph_seed_bootstrap,scenario
yelpchi,r60_s2,camouflage_relation_oracle,0.15,pmp,average_precision,True,oracle_protocol_comparison_diagnostic,oracle_privileged_training_diagnostic,oracle_shift_sensitivity_diagnostic,False,train_on_variant,train_clean_eval_all,train_on_variant - train_clean_eval_all,0.6068137133003415,0.5970607883944129,0.009752924905928528,0.024653447398502348,-0.013666889578577266,0.03579041747067406,10,5,2,paired_protocol_crossed_training_graph_seed_bootstrap,scenario
yelpchi,r60_s2,camouflage_relation_oracle,0.15,pmp,f1_macro,True,oracle_protocol_comparison_diagnostic,oracle_privileged_training_diagnostic,oracle_shift_sensitivity_diagnostic,False,train_on_variant,train_clean_eval_all,train_on_variant - train_clean_eval_all,0.7349091766563176,0.7310709531689754,0.0038382234873421406,0.012918984809714951,-0.00964285781865335,0.016535837394019197,10,5,2,paired_protocol_crossed_training_graph_seed_bootstrap,scenario
yelpchi,r60_s2,camouflage_relation_oracle,0.15,secgfd,roc_auc,True,oracle_protocol_comparison_diagnostic,oracle_privileged_training_diagnostic,oracle_shift_sensitivity_diagnostic,False,train_on_variant,train_clean_eval_all,train_on_variant - train_clean_eval_all,0.8195214268509824,0.8138173214416382,0.0057041054093442175,0.004583432948789429,0.0028780252154804145,0.009926968555251992,10,5,2,paired_protocol_crossed_training_graph_seed_bootstrap,scenario
yelpchi,r60_s2,camouflage_relation_oracle,0.15,secgfd,average_precision,True,oracle_protocol_comparison_diagnostic,oracle_privileged_training_diagnostic,oracle_shift_sensitivity_diagnostic,False,train_on_variant,train_clean_eval_all,train_on_variant - train_clean_eval_all,0.4865539063452326,0.4776950092878658,0.008858897057366848,0.011607889549942654,-0.0003564007870005679,0.018630946427778017,10,5,2,paired_protocol_crossed_training_graph_seed_bootstrap,scenario
yelpchi,r60_s2,camouflage_relation_oracle,0.15,secgfd,f1_macro,True,oracle_protocol_comparison_diagnostic,oracle_privileged_training_diagnostic,oracle_shift_sensitivity_diagnostic,False,train_on_variant,train_clean_eval_all,train_on_variant - train_clean_eval_all,0.6862801334099704,0.680896371803799,0.005383761606171422,0.008040575603129412,-0.0007427359767258818,0.012829090458686522,10,5,2,paired_protocol_crossed_training_graph_seed_bootstrap,scenario
yelpchi,r60_s2,camouflage_relation_oracle,0.3,mlp,roc_auc,True,oracle_protocol_comparison_diagnostic,oracle_privileged_training_diagnostic,oracle_shift_sensitivity_diagnostic,False,train_on_variant,train_clean_eval_all,train_on_variant - train_clean_eval_all,0.8043380779174848,0.8043380779174848,0.0,0.0,0.0,0.0,10,5,2,paired_protocol_crossed_training_graph_seed_bootstrap,scenario
yelpchi,r60_s2,camouflage_relation_oracle,0.3,mlp,average_precision,True,oracle_protocol_comparison_diagnostic,oracle_privileged_training_diagnostic,oracle_shift_sensitivity_diagnostic,False,train_on_variant,train_clean_eval_all,train_on_variant - train_clean_eval_all,0.44951416512595044,0.44951416512595044,0.0,0.0,0.0,0.0,10,5,2,paired_protocol_crossed_training_graph_seed_bootstrap,scenario
yelpchi,r60_s2,camouflage_relation_oracle,0.3,mlp,f1_macro,True,oracle_protocol_comparison_diagnostic,oracle_privileged_training_diagnostic,oracle_shift_sensitivity_diagnostic,False,train_on_variant,train_clean_eval_all,train_on_variant - train_clean_eval_all,0.6650650304700133,0.6650650304700133,0.0,0.0,0.0,0.0,10,5,2,paired_protocol_crossed_training_graph_seed_bootstrap,scenario
yelpchi,r60_s2,camouflage_relation_oracle,0.3,sage,roc_auc,True,oracle_protocol_comparison_diagnostic,oracle_privileged_training_diagnostic,oracle_shift_sensitivity_diagnostic,False,train_on_variant,train_clean_eval_all,train_on_variant - train_clean_eval_all,0.7674032567502469,0.7643098842411917,0.0030933725090552034,0.008719266794881995,-0.007015357650279941,0.012060692769247705,10,5,2,paired_protocol_crossed_training_graph_seed_bootstrap,scenario
yelpchi,r60_s2,camouflage_relation_oracle,0.3,sage,average_precision,True,oracle_protocol_comparison_diagnostic,oracle_privileged_training_diagnostic,oracle_shift_sensitivity_diagnostic,False,train_on_variant,train_clean_eval_all,train_on_variant - train_clean_eval_all,0.4069908918758398,0.4008493350063378,0.0061415568695020765,0.012298714383894327,-0.007253360437173094,0.018191782998414386,10,5,2,paired_protocol_crossed_training_graph_seed_bootstrap,scenario
yelpchi,r60_s2,camouflage_relation_oracle,0.3,sage,f1_macro,True,oracle_protocol_comparison_diagnostic,oracle_privileged_training_diagnostic,oracle_shift_sensitivity_diagnostic,False,train_on_variant,train_clean_eval_all,train_on_variant - train_clean_eval_all,0.6441879871829298,0.6440154437960899,0.00017254338683994063,0.009283082607377303,-0.010187049707116435,0.010091404114935984,10,5,2,paired_protocol_crossed_training_graph_seed_bootstrap,scenario
yelpchi,r60_s2,camouflage_relation_oracle,0.3,pmp,roc_auc,True,oracle_protocol_comparison_diagnostic,oracle_privileged_training_diagnostic,oracle_shift_sensitivity_diagnostic,False,train_on_variant,train_clean_eval_all,train_on_variant - train_clean_eval_all,0.860460148313353,0.8536944615732892,0.006765686740063681,0.015890368148204104,-0.0066272051111625485,0.022205223590497213,10,5,2,paired_protocol_crossed_training_graph_seed_bootstrap,scenario
yelpchi,r60_s2,camouflage_relation_oracle,0.3,pmp,average_precision,True,oracle_protocol_comparison_diagnostic,oracle_privileged_training_diagnostic,oracle_shift_sensitivity_diagnostic,False,train_on_variant,train_clean_eval_all,train_on_variant - train_clean_eval_all,0.6039132838854665,0.5860276353632731,0.017885648522193452,0.03207445919917864,-0.008465627203085347,0.05169546808310177,10,5,2,paired_protocol_crossed_training_graph_seed_bootstrap,scenario
yelpchi,r60_s2,camouflage_relation_oracle,0.3,pmp,f1_macro,True,oracle_protocol_comparison_diagnostic,oracle_privileged_training_diagnostic,oracle_shift_sensitivity_diagnostic,False,train_on_variant,train_clean_eval_all,train_on_variant - train_clean_eval_all,0.7360100645505254,0.7264181037397952,0.009591960810730027,0.01822685322741202,-0.004553713956854266,0.029236678539277916,10,5,2,paired_protocol_crossed_training_graph_seed_bootstrap,scenario
yelpchi,r60_s2,camouflage_relation_oracle,0.3,secgfd,roc_auc,True,oracle_protocol_comparison_diagnostic,oracle_privileged_training_diagnostic,oracle_shift_sensitivity_diagnostic,False,train_on_variant,train_clean_eval_all,train_on_variant - train_clean_eval_all,0.8394795693744893,0.8166784350723197,0.022801134302169578,0.007632776398323481,0.017848061514445623,0.02976809102962606,10,5,2,paired_protocol_crossed_training_graph_seed_bootstrap,scenario
yelpchi,r60_s2,camouflage_relation_oracle,0.3,secgfd,average_precision,True,oracle_protocol_comparison_diagnostic,oracle_privileged_training_diagnostic,oracle_shift_sensitivity_diagnostic,False,train_on_variant,train_clean_eval_all,train_on_variant - train_clean_eval_all,0.5252454335226392,0.4836863578556094,0.04155907566702974,0.01938916395768626,0.025893298364076167,0.05683786953081918,10,5,2,paired_protocol_crossed_training_graph_seed_bootstrap,scenario
yelpchi,r60_s2,camouflage_relation_oracle,0.3,secgfd,f1_macro,True,oracle_protocol_comparison_diagnostic,oracle_privileged_training_diagnostic,oracle_shift_sensitivity_diagnostic,False,train_on_variant,train_clean_eval_all,train_on_variant - train_clean_eval_all,0.7079575684816956,0.6837874321006406,0.024170136381054853,0.012330144771255342,0.014606978209820211,0.034214540912530435,10,5,2,paired_protocol_crossed_training_graph_seed_bootstrap,scenario
yelpchi,r60_s2,noise_edges_uniform,0.0,mlp,roc_auc,False,non_oracle_controlled_stress,non_oracle_controlled_stress,non_oracle_controlled_stress,True,train_on_variant,train_clean_eval_all,train_on_variant - train_clean_eval_all,0.8043380779174848,0.8043380779174848,0.0,0.0,0.0,0.0,5,5,1,paired_protocol_crossed_training_graph_seed_bootstrap,clean
yelpchi,r60_s2,noise_edges_uniform,0.0,mlp,average_precision,False,non_oracle_controlled_stress,non_oracle_controlled_stress,non_oracle_controlled_stress,True,train_on_variant,train_clean_eval_all,train_on_variant - train_clean_eval_all,0.44951416512595044,0.44951416512595044,0.0,0.0,0.0,0.0,5,5,1,paired_protocol_crossed_training_graph_seed_bootstrap,clean
yelpchi,r60_s2,noise_edges_uniform,0.0,mlp,f1_macro,False,non_oracle_controlled_stress,non_oracle_controlled_stress,non_oracle_controlled_stress,True,train_on_variant,train_clean_eval_all,train_on_variant - train_clean_eval_all,0.6650650304700133,0.6650650304700133,0.0,0.0,0.0,0.0,5,5,1,paired_protocol_crossed_training_graph_seed_bootstrap,clean
yelpchi,r60_s2,noise_edges_uniform,0.0,sage,roc_auc,False,non_oracle_controlled_stress,non_oracle_controlled_stress,non_oracle_controlled_stress,True,train_on_variant,train_clean_eval_all,train_on_variant - train_clean_eval_all,0.7650934542574729,0.7655131533013403,-0.00041969904386742753,0.000256019083598543,-0.000592485472029436,-0.00019555784053073566,5,5,1,paired_protocol_crossed_training_graph_seed_bootstrap,clean
yelpchi,r60_s2,noise_edges_uniform,0.0,sage,average_precision,False,non_oracle_controlled_stress,non_oracle_controlled_stress,non_oracle_controlled_stress,True,train_on_variant,train_clean_eval_all,train_on_variant - train_clean_eval_all,0.4052185679425593,0.4053550541139853,-0.00013648617142608677,0.0009572595461561558,-0.0009122951338852104,0.0005800817403154746,5,5,1,paired_protocol_crossed_training_graph_seed_bootstrap,clean
yelpchi,r60_s2,noise_edges_uniform,0.0,sage,f1_macro,False,non_oracle_controlled_stress,non_oracle_controlled_stress,non_oracle_controlled_stress,True,train_on_variant,train_clean_eval_all,train_on_variant - train_clean_eval_all,0.6444943460577893,0.6451509597762669,-0.0006566137184775611,0.0009106719892673757,-0.0014443520240256236,4.1813838779147797e-05,5,5,1,paired_protocol_crossed_training_graph_seed_bootstrap,clean
yelpchi,r60_s2,noise_edges_uniform,0.0,pmp,roc_auc,False,non_oracle_controlled_stress,non_oracle_controlled_stress,non_oracle_controlled_stress,True,train_on_variant,train_clean_eval_all,train_on_variant - train_clean_eval_all,0.8606255411783359,0.8606255411783359,0.0,0.0,0.0,0.0,5,5,1,paired_protocol_crossed_training_graph_seed_bootstrap,clean
yelpchi,r60_s2,noise_edges_uniform,0.0,pmp,average_precision,False,non_oracle_controlled_stress,non_oracle_controlled_stress,non_oracle_controlled_stress,True,train_on_variant,train_clean_eval_all,train_on_variant - train_clean_eval_all,0.6043637621026958,0.6043637621026958,0.0,0.0,0.0,0.0,5,5,1,paired_protocol_crossed_training_graph_seed_bootstrap,clean
yelpchi,r60_s2,noise_edges_uniform,0.0,pmp,f1_macro,False,non_oracle_controlled_stress,non_oracle_controlled_stress,non_oracle_controlled_stress,True,train_on_variant,train_clean_eval_all,train_on_variant - train_clean_eval_all,0.7349455131926848,0.7349455131926848,0.0,0.0,0.0,0.0,5,5,1,paired_protocol_crossed_training_graph_seed_bootstrap,clean
yelpchi,r60_s2,noise_edges_uniform,0.0,secgfd,roc_auc,False,non_oracle_controlled_stress,non_oracle_controlled_stress,non_oracle_controlled_stress,True,train_on_variant,train_clean_eval_all,train_on_variant - train_clean_eval_all,0.8117870356537434,0.811166662347403,0.000620373306340527,0.0032961970512060575,-0.0016122255234946926,0.0033308573789285756,5,5,1,paired_protocol_crossed_training_graph_seed_bootstrap,clean
yelpchi,r60_s2,noise_edges_uniform,0.0,secgfd,average_precision,False,non_oracle_controlled_stress,non_oracle_controlled_stress,non_oracle_controlled_stress,True,train_on_variant,train_clean_eval_all,train_on_variant - train_clean_eval_all,0.473482231719539,0.47246815575813184,0.0010140759614071237,0.007358166487099288,-0.004221870048806644,0.0067196754980889725,5,5,1,paired_protocol_crossed_training_graph_seed_bootstrap,clean
yelpchi,r60_s2,noise_edges_uniform,0.0,secgfd,f1_macro,False,non_oracle_controlled_stress,non_oracle_controlled_stress,non_oracle_controlled_stress,True,train_on_variant,train_clean_eval_all,train_on_variant - train_clean_eval_all,0.6792523383320177,0.6776423590692239,0.001609979262793848,0.0061627430874527135,-0.001698977733921798,0.007120115573339015,5,5,1,paired_protocol_crossed_training_graph_seed_bootstrap,clean
yelpchi,r60_s2,noise_edges_uniform,0.1,mlp,roc_auc,False,non_oracle_controlled_stress,non_oracle_controlled_stress,non_oracle_controlled_stress,True,train_on_variant,train_clean_eval_all,train_on_variant - train_clean_eval_all,0.8043380779174848,0.8043380779174848,0.0,0.0,0.0,0.0,10,5,2,paired_protocol_crossed_training_graph_seed_bootstrap,scenario
yelpchi,r60_s2,noise_edges_uniform,0.1,mlp,average_precision,False,non_oracle_controlled_stress,non_oracle_controlled_stress,non_oracle_controlled_stress,True,train_on_variant,train_clean_eval_all,train_on_variant - train_clean_eval_all,0.44951416512595044,0.44951416512595044,0.0,0.0,0.0,0.0,10,5,2,paired_protocol_crossed_training_graph_seed_bootstrap,scenario
yelpchi,r60_s2,noise_edges_uniform,0.1,mlp,f1_macro,False,non_oracle_controlled_stress,non_oracle_controlled_stress,non_oracle_controlled_stress,True,train_on_variant,train_clean_eval_all,train_on_variant - train_clean_eval_all,0.6650650304700133,0.6650650304700133,0.0,0.0,0.0,0.0,10,5,2,paired_protocol_crossed_training_graph_seed_bootstrap,scenario
yelpchi,r60_s2,noise_edges_uniform,0.1,sage,roc_auc,False,non_oracle_controlled_stress,non_oracle_controlled_stress,non_oracle_controlled_stress,True,train_on_variant,train_clean_eval_all,train_on_variant - train_clean_eval_all,0.7572952316471945,0.7617926856317915,-0.004497453984597,0.007426025397591563,-0.011411259710721123,0.001170988915753013,10,5,2,paired_protocol_crossed_training_graph_seed_bootstrap,scenario
yelpchi,r60_s2,noise_edges_uniform,0.1,sage,average_precision,False,non_oracle_controlled_stress,non_oracle_controlled_stress,non_oracle_controlled_stress,True,train_on_variant,train_clean_eval_all,train_on_variant - train_clean_eval_all,0.3917529906769313,0.3994253303266072,-0.007672339649675844,0.011193024631757573,-0.018122201037460327,0.0009261490451847543,10,5,2,paired_protocol_crossed_training_graph_seed_bootstrap,scenario
yelpchi,r60_s2,noise_edges_uniform,0.1,sage,f1_macro,False,non_oracle_controlled_stress,non_oracle_controlled_stress,non_oracle_controlled_stress,True,train_on_variant,train_clean_eval_all,train_on_variant - train_clean_eval_all,0.6364269827410486,0.6404028101722695,-0.003975827431220968,0.006262760892140284,-0.00905984597335963,0.0008263235756564291,10,5,2,paired_protocol_crossed_training_graph_seed_bootstrap,scenario
yelpchi,r60_s2,noise_edges_uniform,0.1,pmp,roc_auc,False,non_oracle_controlled_stress,non_oracle_controlled_stress,non_oracle_controlled_stress,True,train_on_variant,train_clean_eval_all,train_on_variant - train_clean_eval_all,0.8532900403368417,0.8494053040812469,0.003884736255594712,0.010624767707659634,-0.005025622126419238,0.012347745954120271,10,5,2,paired_protocol_crossed_training_graph_seed_bootstrap,scenario
yelpchi,r60_s2,noise_edges_uniform,0.1,pmp,average_precision,False,non_oracle_controlled_stress,non_oracle_controlled_stress,non_oracle_controlled_stress,True,train_on_variant,train_clean_eval_all,train_on_variant - train_clean_eval_all,0.569737816143995,0.5663706137684741,0.003367202375520828,0.025462973797513645,-0.018379883301015927,0.022827830220615873,10,5,2,paired_protocol_crossed_training_graph_seed_bootstrap,scenario
yelpchi,r60_s2,noise_edges_uniform,0.1,pmp,f1_macro,False,non_oracle_controlled_stress,non_oracle_controlled_stress,non_oracle_controlled_stress,True,train_on_variant,train_clean_eval_all,train_on_variant - train_clean_eval_all,0.7227832814915889,0.7203726183095657,0.0024106631820232315,0.013794018356499304,-0.008286463191725279,0.013213042978385721,10,5,2,paired_protocol_crossed_training_graph_seed_bootstrap,scenario
yelpchi,r60_s2,noise_edges_uniform,0.1,secgfd,roc_auc,False,non_oracle_controlled_stress,non_oracle_controlled_stress,non_oracle_controlled_stress,True,train_on_variant,train_clean_eval_all,train_on_variant - train_clean_eval_all,0.8132537432771931,0.811350339036794,0.0019034042403990425,0.005675212470104616,-0.0026872600903081858,0.005999509700049988,10,5,2,paired_protocol_crossed_training_graph_seed_bootstrap,scenario
yelpchi,r60_s2,noise_edges_uniform,0.1,secgfd,average_precision,False,non_oracle_controlled_stress,non_oracle_controlled_stress,non_oracle_controlled_stress,True,train_on_variant,train_clean_eval_all,train_on_variant - train_clean_eval_all,0.4807239136447355,0.4723150242450257,0.008408889399709834,0.012515827415941322,-0.001115694699976133,0.018361664999674353,10,5,2,paired_protocol_crossed_training_graph_seed_bootstrap,scenario
yelpchi,r60_s2,noise_edges_uniform,0.1,secgfd,f1_macro,False,non_oracle_controlled_stress,non_oracle_controlled_stress,non_oracle_controlled_stress,True,train_on_variant,train_clean_eval_all,train_on_variant - train_clean_eval_all,0.6787337873678542,0.680795543047187,-0.0020617556793328883,0.00722287134868796,-0.007461094281315477,0.00324040579700497,10,5,2,paired_protocol_crossed_training_graph_seed_bootstrap,scenario
yelpchi,r60_s2,noise_edges_uniform,0.2,mlp,roc_auc,False,non_oracle_controlled_stress,non_oracle_controlled_stress,non_oracle_controlled_stress,True,train_on_variant,train_clean_eval_all,train_on_variant - train_clean_eval_all,0.8043380779174848,0.8043380779174848,0.0,0.0,0.0,0.0,10,5,2,paired_protocol_crossed_training_graph_seed_bootstrap,scenario
yelpchi,r60_s2,noise_edges_uniform,0.2,mlp,average_precision,False,non_oracle_controlled_stress,non_oracle_controlled_stress,non_oracle_controlled_stress,True,train_on_variant,train_clean_eval_all,train_on_variant - train_clean_eval_all,0.44951416512595044,0.44951416512595044,0.0,0.0,0.0,0.0,10,5,2,paired_protocol_crossed_training_graph_seed_bootstrap,scenario
yelpchi,r60_s2,noise_edges_uniform,0.2,mlp,f1_macro,False,non_oracle_controlled_stress,non_oracle_controlled_stress,non_oracle_controlled_stress,True,train_on_variant,train_clean_eval_all,train_on_variant - train_clean_eval_all,0.6650650304700133,0.6650650304700133,0.0,0.0,0.0,0.0,10,5,2,paired_protocol_crossed_training_graph_seed_bootstrap,scenario
yelpchi,r60_s2,noise_edges_uniform,0.2,sage,roc_auc,False,non_oracle_controlled_stress,non_oracle_controlled_stress,non_oracle_controlled_stress,True,train_on_variant,train_clean_eval_all,train_on_variant - train_clean_eval_all,0.7552848351159189,0.7603161739148993,-0.005031338798980445,0.008679204834405678,-0.013087566037095882,0.0012300469072039522,10,5,2,paired_protocol_crossed_training_graph_seed_bootstrap,scenario
yelpchi,r60_s2,noise_edges_uniform,0.2,sage,average_precision,False,non_oracle_controlled_stress,non_oracle_controlled_stress,non_oracle_controlled_stress,True,train_on_variant,train_clean_eval_all,train_on_variant - train_clean_eval_all,0.3871200276633724,0.3971879201499854,-0.010067892486612948,0.01496642069759983,-0.02409744843394338,0.0004880310447476499,10,5,2,paired_protocol_crossed_training_graph_seed_bootstrap,scenario
yelpchi,r60_s2,noise_edges_uniform,0.2,sage,f1_macro,False,non_oracle_controlled_stress,non_oracle_controlled_stress,non_oracle_controlled_stress,True,train_on_variant,train_clean_eval_all,train_on_variant - train_clean_eval_all,0.6349084560107784,0.639739325928744,-0.004830869917965585,0.006867950562014492,-0.010557654969726427,0.0010271571038475535,10,5,2,paired_protocol_crossed_training_graph_seed_bootstrap,scenario
yelpchi,r60_s2,noise_edges_uniform,0.2,pmp,roc_auc,False,non_oracle_controlled_stress,non_oracle_controlled_stress,non_oracle_controlled_stress,True,train_on_variant,train_clean_eval_all,train_on_variant - train_clean_eval_all,0.8478626599906095,0.8414674707992364,0.006395189191372874,0.00850858198381183,-0.001552012764186481,0.01240829099502117,10,5,2,paired_protocol_crossed_training_graph_seed_bootstrap,scenario
yelpchi,r60_s2,noise_edges_uniform,0.2,pmp,average_precision,False,non_oracle_controlled_stress,non_oracle_controlled_stress,non_oracle_controlled_stress,True,train_on_variant,train_clean_eval_all,train_on_variant - train_clean_eval_all,0.5579995286248091,0.5497329977164755,0.008266530908333436,0.01829014835743606,-0.007818990838951835,0.020272007374650586,10,5,2,paired_protocol_crossed_training_graph_seed_bootstrap,scenario
yelpchi,r60_s2,noise_edges_uniform,0.2,pmp,f1_macro,False,non_oracle_controlled_stress,non_oracle_controlled_stress,non_oracle_controlled_stress,True,train_on_variant,train_clean_eval_all,train_on_variant - train_clean_eval_all,0.7176665342058591,0.7134455922997708,0.004220941906088638,0.009364284063258316,-0.0054199506556888545,0.012085744692647466,10,5,2,paired_protocol_crossed_training_graph_seed_bootstrap,scenario
yelpchi,r60_s2,noise_edges_uniform,0.2,secgfd,roc_auc,False,non_oracle_controlled_stress,non_oracle_controlled_stress,non_oracle_controlled_stress,True,train_on_variant,train_clean_eval_all,train_on_variant - train_clean_eval_all,0.8148617718102491,0.8107643229325463,0.004097448877702836,0.0067772470776236125,-0.0028020270558678727,0.008723813828554671,10,5,2,paired_protocol_crossed_training_graph_seed_bootstrap,scenario
yelpchi,r60_s2,noise_edges_uniform,0.2,secgfd,average_precision,False,non_oracle_controlled_stress,non_oracle_controlled_stress,non_oracle_controlled_stress,True,train_on_variant,train_clean_eval_all,train_on_variant - train_clean_eval_all,0.4823855456605782,0.47048391124557243,0.011901634415005736,0.01209823626980511,0.0013505088595068492,0.02245054566301758,10,5,2,paired_protocol_crossed_training_graph_seed_bootstrap,scenario
yelpchi,r60_s2,noise_edges_uniform,0.2,secgfd,f1_macro,False,non_oracle_controlled_stress,non_oracle_controlled_stress,non_oracle_controlled_stress,True,train_on_variant,train_clean_eval_all,train_on_variant - train_clean_eval_all,0.6841406711435565,0.6801625980186414,0.00397807312491516,0.00864595922637322,-0.0033652708156498568,0.01037460739922369,10,5,2,paired_protocol_crossed_training_graph_seed_bootstrap,scenario
