experiment_name,dataset_id,split_id,graph_seed,training_seed,scenario_id,severity,model_id,protocol,roc_auc,average_precision,f1_macro,threshold,duration_sec,epochs_trained,best_epoch,best_validation_monitor,validation_monitor,stopping_reason,n_nodes,n_edges,mean_in_degree,median_in_degree,mean_out_degree,median_out_degree,heterophily_ratio,pos_rate,base_graph_path,graph_path,train_graph_ref,status,error
gfd_robustness_benchmark_v4_factorial,yelpchi,r60_s0,0,0,camouflage_feature_oracle,0.15,mlp,train_clean_eval_all,0.7182046770766004,0.3135488249470203,0.6111417617121135,0.504684567451477,0.0980843360011931,17,7,0.7453053352310248,roc_auc,early_stopping,45954,8051348,175.2045135498047,175.0,175.2045135498047,175.0,0.2268800139427185,0.1452974677085876,/kaggle/working/gfd-robustness-v4-factorial-r1/graphs/base/yelpchi/r60_s0/graph.bin,/kaggle/working/gfd-robustness-v4-factorial-r1/graphs/variants/yelpchi/r60_s0/camouflage_feature_oracle/0.15/seed_0/graph.bin,/kaggle/working/gfd-robustness-v4-factorial-r1/graphs/base/yelpchi/r60_s0/graph.bin,ok,
gfd_robustness_benchmark_v4_factorial,yelpchi,r60_s0,0,0,camouflage_feature_oracle,0.15,mlp,train_on_variant,0.7740061660030245,0.412521721420738,0.6568252272455537,0.646111249923706,1.6480271399996127,100,100,0.7624241340590334,roc_auc,max_epochs,45954,8051348,175.2045135498047,175.0,175.2045135498047,175.0,0.2268800139427185,0.1452974677085876,/kaggle/working/gfd-robustness-v4-factorial-r1/graphs/base/yelpchi/r60_s0/graph.bin,/kaggle/working/gfd-robustness-v4-factorial-r1/graphs/variants/yelpchi/r60_s0/camouflage_feature_oracle/0.15/seed_0/graph.bin,/kaggle/working/gfd-robustness-v4-factorial-r1/graphs/variants/yelpchi/r60_s0/camouflage_feature_oracle/0.15/seed_0/graph.bin,ok,
gfd_robustness_benchmark_v4_factorial,yelpchi,r60_s0,0,0,camouflage_feature_oracle,0.15,pmp,train_clean_eval_all,0.8186776269253753,0.5273808669278475,0.7031509488810214,0.2222334295511245,0.3110925940018205,47,37,0.8544697072643919,roc_auc,early_stopping,45954,8051348,175.2045135498047,175.0,175.2045135498047,175.0,0.2268800139427185,0.1452974677085876,/kaggle/working/gfd-robustness-v4-factorial-r1/graphs/base/yelpchi/r60_s0/graph.bin,/kaggle/working/gfd-robustness-v4-factorial-r1/graphs/variants/yelpchi/r60_s0/camouflage_feature_oracle/0.15/seed_0/graph.bin,/kaggle/working/gfd-robustness-v4-factorial-r1/graphs/base/yelpchi/r60_s0/graph.bin,ok,
gfd_robustness_benchmark_v4_factorial,yelpchi,r60_s0,0,0,camouflage_feature_oracle,0.15,pmp,train_on_variant,0.8156592238130663,0.516174278344459,0.6983516243436719,0.2806266546249389,50.262462658,61,51,0.8184244868961539,roc_auc,early_stopping,45954,8051348,175.2045135498047,175.0,175.2045135498047,175.0,0.2268800139427185,0.1452974677085876,/kaggle/working/gfd-robustness-v4-factorial-r1/graphs/base/yelpchi/r60_s0/graph.bin,/kaggle/working/gfd-robustness-v4-factorial-r1/graphs/variants/yelpchi/r60_s0/camouflage_feature_oracle/0.15/seed_0/graph.bin,/kaggle/working/gfd-robustness-v4-factorial-r1/graphs/variants/yelpchi/r60_s0/camouflage_feature_oracle/0.15/seed_0/graph.bin,ok,
gfd_robustness_benchmark_v4_factorial,yelpchi,r60_s0,0,0,camouflage_feature_oracle,0.15,sage,train_clean_eval_all,0.7621366387642231,0.4082319019192676,0.6489065535995544,0.6509830951690674,0.1415274969986057,100,100,0.7853851527093361,roc_auc,max_epochs,45954,8051348,175.2045135498047,175.0,175.2045135498047,175.0,0.2268800139427185,0.1452974677085876,/kaggle/working/gfd-robustness-v4-factorial-r1/graphs/base/yelpchi/r60_s0/graph.bin,/kaggle/working/gfd-robustness-v4-factorial-r1/graphs/variants/yelpchi/r60_s0/camouflage_feature_oracle/0.15/seed_0/graph.bin,/kaggle/working/gfd-robustness-v4-factorial-r1/graphs/base/yelpchi/r60_s0/graph.bin,ok,
gfd_robustness_benchmark_v4_factorial,yelpchi,r60_s0,0,0,camouflage_feature_oracle,0.15,sage,train_on_variant,0.779325720376965,0.4204201751883883,0.6646857705636182,0.6500266194343567,3.246493213999201,100,100,0.7727289805629659,roc_auc,max_epochs,45954,8051348,175.2045135498047,175.0,175.2045135498047,175.0,0.2268800139427185,0.1452974677085876,/kaggle/working/gfd-robustness-v4-factorial-r1/graphs/base/yelpchi/r60_s0/graph.bin,/kaggle/working/gfd-robustness-v4-factorial-r1/graphs/variants/yelpchi/r60_s0/camouflage_feature_oracle/0.15/seed_0/graph.bin,/kaggle/working/gfd-robustness-v4-factorial-r1/graphs/variants/yelpchi/r60_s0/camouflage_feature_oracle/0.15/seed_0/graph.bin,ok,
gfd_robustness_benchmark_v4_factorial,yelpchi,r60_s0,0,0,camouflage_feature_oracle,0.15,secgfd,train_clean_eval_all,0.7784351104308694,0.4317101757299945,0.6685415972499459,0.7366681694984436,0.164920286002598,50,50,0.8122382508814968,roc_auc,max_epochs,45954,8051348,175.2045135498047,175.0,175.2045135498047,175.0,0.2268800139427185,0.1452974677085876,/kaggle/working/gfd-robustness-v4-factorial-r1/graphs/base/yelpchi/r60_s0/graph.bin,/kaggle/working/gfd-robustness-v4-factorial-r1/graphs/variants/yelpchi/r60_s0/camouflage_feature_oracle/0.15/seed_0/graph.bin,/kaggle/working/gfd-robustness-v4-factorial-r1/graphs/base/yelpchi/r60_s0/graph.bin,ok,
gfd_robustness_benchmark_v4_factorial,yelpchi,r60_s0,0,0,camouflage_feature_oracle,0.15,secgfd,train_on_variant,0.7809126210410137,0.4326476845734853,0.6585754114987696,0.7004197835922241,4.743399704000694,50,50,0.7747556483739692,roc_auc,max_epochs,45954,8051348,175.2045135498047,175.0,175.2045135498047,175.0,0.2268800139427185,0.1452974677085876,/kaggle/working/gfd-robustness-v4-factorial-r1/graphs/base/yelpchi/r60_s0/graph.bin,/kaggle/working/gfd-robustness-v4-factorial-r1/graphs/variants/yelpchi/r60_s0/camouflage_feature_oracle/0.15/seed_0/graph.bin,/kaggle/working/gfd-robustness-v4-factorial-r1/graphs/variants/yelpchi/r60_s0/camouflage_feature_oracle/0.15/seed_0/graph.bin,ok,
gfd_robustness_benchmark_v4_factorial,yelpchi,r60_s0,0,1,camouflage_feature_oracle,0.15,mlp,train_clean_eval_all,0.7714195622248375,0.406206797311193,0.6513745174302787,0.6548792123794556,0.0756890289994771,100,100,0.7960902786221233,roc_auc,max_epochs,45954,8051348,175.2045135498047,175.0,175.2045135498047,175.0,0.2268800139427185,0.1452974677085876,/kaggle/working/gfd-robustness-v4-factorial-r1/graphs/base/yelpchi/r60_s0/graph.bin,/kaggle/working/gfd-robustness-v4-factorial-r1/graphs/variants/yelpchi/r60_s0/camouflage_feature_oracle/0.15/seed_0/graph.bin,/kaggle/working/gfd-robustness-v4-factorial-r1/graphs/base/yelpchi/r60_s0/graph.bin,ok,
gfd_robustness_benchmark_v4_factorial,yelpchi,r60_s0,0,1,camouflage_feature_oracle,0.15,mlp,train_on_variant,0.7674374710355257,0.3995058962300483,0.653251490916588,0.6559277772903442,1.9108564150010352,100,100,0.7551911161334773,roc_auc,max_epochs,45954,8051348,175.2045135498047,175.0,175.2045135498047,175.0,0.2268800139427185,0.1452974677085876,/kaggle/working/gfd-robustness-v4-factorial-r1/graphs/base/yelpchi/r60_s0/graph.bin,/kaggle/working/gfd-robustness-v4-factorial-r1/graphs/variants/yelpchi/r60_s0/camouflage_feature_oracle/0.15/seed_0/graph.bin,/kaggle/working/gfd-robustness-v4-factorial-r1/graphs/variants/yelpchi/r60_s0/camouflage_feature_oracle/0.15/seed_0/graph.bin,ok,
gfd_robustness_benchmark_v4_factorial,yelpchi,r60_s0,0,1,camouflage_feature_oracle,0.15,pmp,train_clean_eval_all,0.8223294373574643,0.5337703526116935,0.7072697478041465,0.2552038431167602,0.3308452959972783,85,75,0.8577235807246035,roc_auc,early_stopping,45954,8051348,175.2045135498047,175.0,175.2045135498047,175.0,0.2268800139427185,0.1452974677085876,/kaggle/working/gfd-robustness-v4-factorial-r1/graphs/base/yelpchi/r60_s0/graph.bin,/kaggle/working/gfd-robustness-v4-factorial-r1/graphs/variants/yelpchi/r60_s0/camouflage_feature_oracle/0.15/seed_0/graph.bin,/kaggle/working/gfd-robustness-v4-factorial-r1/graphs/base/yelpchi/r60_s0/graph.bin,ok,
gfd_robustness_benchmark_v4_factorial,yelpchi,r60_s0,0,1,camouflage_feature_oracle,0.15,pmp,train_on_variant,0.8097113118467749,0.4975277869759775,0.6956074505599434,0.348330020904541,35.11443201200018,43,33,0.8137564517936284,roc_auc,early_stopping,45954,8051348,175.2045135498047,175.0,175.2045135498047,175.0,0.2268800139427185,0.1452974677085876,/kaggle/working/gfd-robustness-v4-factorial-r1/graphs/base/yelpchi/r60_s0/graph.bin,/kaggle/working/gfd-robustness-v4-factorial-r1/graphs/variants/yelpchi/r60_s0/camouflage_feature_oracle/0.15/seed_0/graph.bin,/kaggle/working/gfd-robustness-v4-factorial-r1/graphs/variants/yelpchi/r60_s0/camouflage_feature_oracle/0.15/seed_0/graph.bin,ok,
gfd_robustness_benchmark_v4_factorial,yelpchi,r60_s0,0,1,camouflage_feature_oracle,0.15,sage,train_clean_eval_all,0.5806454809322292,0.1802891002071157,0.5320692511761891,0.2802307903766632,0.1455517700014752,23,13,0.6150002980043247,roc_auc,early_stopping,45954,8051348,175.2045135498047,175.0,175.2045135498047,175.0,0.2268800139427185,0.1452974677085876,/kaggle/working/gfd-robustness-v4-factorial-r1/graphs/base/yelpchi/r60_s0/graph.bin,/kaggle/working/gfd-robustness-v4-factorial-r1/graphs/variants/yelpchi/r60_s0/camouflage_feature_oracle/0.15/seed_0/graph.bin,/kaggle/working/gfd-robustness-v4-factorial-r1/graphs/base/yelpchi/r60_s0/graph.bin,ok,
gfd_robustness_benchmark_v4_factorial,yelpchi,r60_s0,0,1,camouflage_feature_oracle,0.15,sage,train_on_variant,0.5703730967291486,0.1740705734905843,0.5312180163938433,0.2754240036010742,0.8382528379988798,23,13,0.5980644976719902,roc_auc,early_stopping,45954,8051348,175.2045135498047,175.0,175.2045135498047,175.0,0.2268800139427185,0.1452974677085876,/kaggle/working/gfd-robustness-v4-factorial-r1/graphs/base/yelpchi/r60_s0/graph.bin,/kaggle/working/gfd-robustness-v4-factorial-r1/graphs/variants/yelpchi/r60_s0/camouflage_feature_oracle/0.15/seed_0/graph.bin,/kaggle/working/gfd-robustness-v4-factorial-r1/graphs/variants/yelpchi/r60_s0/camouflage_feature_oracle/0.15/seed_0/graph.bin,ok,
gfd_robustness_benchmark_v4_factorial,yelpchi,r60_s0,0,1,camouflage_feature_oracle,0.15,secgfd,train_clean_eval_all,0.7646648372044099,0.4025864920621848,0.6578605890484277,0.669256865978241,0.16233151599954,50,50,0.7873268058466064,roc_auc,max_epochs,45954,8051348,175.2045135498047,175.0,175.2045135498047,175.0,0.2268800139427185,0.1452974677085876,/kaggle/working/gfd-robustness-v4-factorial-r1/graphs/base/yelpchi/r60_s0/graph.bin,/kaggle/working/gfd-robustness-v4-factorial-r1/graphs/variants/yelpchi/r60_s0/camouflage_feature_oracle/0.15/seed_0/graph.bin,/kaggle/working/gfd-robustness-v4-factorial-r1/graphs/base/yelpchi/r60_s0/graph.bin,ok,
gfd_robustness_benchmark_v4_factorial,yelpchi,r60_s0,0,1,camouflage_feature_oracle,0.15,secgfd,train_on_variant,0.7728130488005659,0.4191610696637141,0.667575967377132,0.6698240637779236,4.750029969000025,50,50,0.7659233246792877,roc_auc,max_epochs,45954,8051348,175.2045135498047,175.0,175.2045135498047,175.0,0.2268800139427185,0.1452974677085876,/kaggle/working/gfd-robustness-v4-factorial-r1/graphs/base/yelpchi/r60_s0/graph.bin,/kaggle/working/gfd-robustness-v4-factorial-r1/graphs/variants/yelpchi/r60_s0/camouflage_feature_oracle/0.15/seed_0/graph.bin,/kaggle/working/gfd-robustness-v4-factorial-r1/graphs/variants/yelpchi/r60_s0/camouflage_feature_oracle/0.15/seed_0/graph.bin,ok,
gfd_robustness_benchmark_v4_factorial,yelpchi,r60_s0,0,2,camouflage_feature_oracle,0.15,mlp,train_clean_eval_all,0.7703269631815798,0.4074211057820841,0.6515048182578675,0.6908261179924011,0.0904557530011516,100,100,0.797094624717194,roc_auc,max_epochs,45954,8051348,175.2045135498047,175.0,175.2045135498047,175.0,0.2268800139427185,0.1452974677085876,/kaggle/working/gfd-robustness-v4-factorial-r1/graphs/base/yelpchi/r60_s0/graph.bin,/kaggle/working/gfd-robustness-v4-factorial-r1/graphs/variants/yelpchi/r60_s0/camouflage_feature_oracle/0.15/seed_0/graph.bin,/kaggle/working/gfd-robustness-v4-factorial-r1/graphs/base/yelpchi/r60_s0/graph.bin,ok,
gfd_robustness_benchmark_v4_factorial,yelpchi,r60_s0,0,2,camouflage_feature_oracle,0.15,mlp,train_on_variant,0.7666172238008707,0.4011983533219294,0.6517698740321776,0.6545805335044861,1.9538429109998103,100,100,0.7579777188126554,roc_auc,max_epochs,45954,8051348,175.2045135498047,175.0,175.2045135498047,175.0,0.2268800139427185,0.1452974677085876,/kaggle/working/gfd-robustness-v4-factorial-r1/graphs/base/yelpchi/r60_s0/graph.bin,/kaggle/working/gfd-robustness-v4-factorial-r1/graphs/variants/yelpchi/r60_s0/camouflage_feature_oracle/0.15/seed_0/graph.bin,/kaggle/working/gfd-robustness-v4-factorial-r1/graphs/variants/yelpchi/r60_s0/camouflage_feature_oracle/0.15/seed_0/graph.bin,ok,
gfd_robustness_benchmark_v4_factorial,yelpchi,r60_s0,0,2,camouflage_feature_oracle,0.15,pmp,train_clean_eval_all,0.8133534039355098,0.5077638273434663,0.698972267275521,0.402582585811615,0.2836055719999422,36,26,0.8494535554299965,roc_auc,early_stopping,45954,8051348,175.2045135498047,175.0,175.2045135498047,175.0,0.2268800139427185,0.1452974677085876,/kaggle/working/gfd-robustness-v4-factorial-r1/graphs/base/yelpchi/r60_s0/graph.bin,/kaggle/working/gfd-robustness-v4-factorial-r1/graphs/variants/yelpchi/r60_s0/camouflage_feature_oracle/0.15/seed_0/graph.bin,/kaggle/working/gfd-robustness-v4-factorial-r1/graphs/base/yelpchi/r60_s0/graph.bin,ok,
gfd_robustness_benchmark_v4_factorial,yelpchi,r60_s0,0,2,camouflage_feature_oracle,0.15,pmp,train_on_variant,0.8175768816237179,0.5156445977642973,0.6981947809414284,0.3088213205337524,64.02980594499968,78,68,0.8165642723807208,roc_auc,early_stopping,45954,8051348,175.2045135498047,175.0,175.2045135498047,175.0,0.2268800139427185,0.1452974677085876,/kaggle/working/gfd-robustness-v4-factorial-r1/graphs/base/yelpchi/r60_s0/graph.bin,/kaggle/working/gfd-robustness-v4-factorial-r1/graphs/variants/yelpchi/r60_s0/camouflage_feature_oracle/0.15/seed_0/graph.bin,/kaggle/working/gfd-robustness-v4-factorial-r1/graphs/variants/yelpchi/r60_s0/camouflage_feature_oracle/0.15/seed_0/graph.bin,ok,
gfd_robustness_benchmark_v4_factorial,yelpchi,r60_s0,0,2,camouflage_feature_oracle,0.15,sage,train_clean_eval_all,0.7635845290071588,0.4039666997235577,0.6555066883383888,0.6172454953193665,0.1197477980022085,100,100,0.7885236865757396,roc_auc,max_epochs,45954,8051348,175.2045135498047,175.0,175.2045135498047,175.0,0.2268800139427185,0.1452974677085876,/kaggle/working/gfd-robustness-v4-factorial-r1/graphs/base/yelpchi/r60_s0/graph.bin,/kaggle/working/gfd-robustness-v4-factorial-r1/graphs/variants/yelpchi/r60_s0/camouflage_feature_oracle/0.15/seed_0/graph.bin,/kaggle/working/gfd-robustness-v4-factorial-r1/graphs/base/yelpchi/r60_s0/graph.bin,ok,
gfd_robustness_benchmark_v4_factorial,yelpchi,r60_s0,0,2,camouflage_feature_oracle,0.15,sage,train_on_variant,0.7712675463736478,0.411450545440737,0.6563464643971962,0.6200540661811829,3.30324037399987,100,100,0.7608591107074146,roc_auc,max_epochs,45954,8051348,175.2045135498047,175.0,175.2045135498047,175.0,0.2268800139427185,0.1452974677085876,/kaggle/working/gfd-robustness-v4-factorial-r1/graphs/base/yelpchi/r60_s0/graph.bin,/kaggle/working/gfd-robustness-v4-factorial-r1/graphs/variants/yelpchi/r60_s0/camouflage_feature_oracle/0.15/seed_0/graph.bin,/kaggle/working/gfd-robustness-v4-factorial-r1/graphs/variants/yelpchi/r60_s0/camouflage_feature_oracle/0.15/seed_0/graph.bin,ok,
gfd_robustness_benchmark_v4_factorial,yelpchi,r60_s0,0,2,camouflage_feature_oracle,0.15,secgfd,train_clean_eval_all,0.7791616042355208,0.4433855956010384,0.6777293891761105,0.6859545111656189,0.1775262519986427,50,50,0.8053339913268821,roc_auc,max_epochs,45954,8051348,175.2045135498047,175.0,175.2045135498047,175.0,0.2268800139427185,0.1452974677085876,/kaggle/working/gfd-robustness-v4-factorial-r1/graphs/base/yelpchi/r60_s0/graph.bin,/kaggle/working/gfd-robustness-v4-factorial-r1/graphs/variants/yelpchi/r60_s0/camouflage_feature_oracle/0.15/seed_0/graph.bin,/kaggle/working/gfd-robustness-v4-factorial-r1/graphs/base/yelpchi/r60_s0/graph.bin,ok,
gfd_robustness_benchmark_v4_factorial,yelpchi,r60_s0,0,2,camouflage_feature_oracle,0.15,secgfd,train_on_variant,0.7778409575960096,0.4476282356457475,0.669938864286554,0.7247099280357361,4.882524863000072,50,50,0.7702551632229286,roc_auc,max_epochs,45954,8051348,175.2045135498047,175.0,175.2045135498047,175.0,0.2268800139427185,0.1452974677085876,/kaggle/working/gfd-robustness-v4-factorial-r1/graphs/base/yelpchi/r60_s0/graph.bin,/kaggle/working/gfd-robustness-v4-factorial-r1/graphs/variants/yelpchi/r60_s0/camouflage_feature_oracle/0.15/seed_0/graph.bin,/kaggle/working/gfd-robustness-v4-factorial-r1/graphs/variants/yelpchi/r60_s0/camouflage_feature_oracle/0.15/seed_0/graph.bin,ok,
gfd_robustness_benchmark_v4_factorial,yelpchi,r60_s0,0,3,camouflage_feature_oracle,0.15,mlp,train_clean_eval_all,0.7704795983389636,0.4020026927938295,0.6527810645372811,0.6890000104904175,0.0890584900007525,100,100,0.7965709953582847,roc_auc,max_epochs,45954,8051348,175.2045135498047,175.0,175.2045135498047,175.0,0.2268800139427185,0.1452974677085876,/kaggle/working/gfd-robustness-v4-factorial-r1/graphs/base/yelpchi/r60_s0/graph.bin,/kaggle/working/gfd-robustness-v4-factorial-r1/graphs/variants/yelpchi/r60_s0/camouflage_feature_oracle/0.15/seed_0/graph.bin,/kaggle/working/gfd-robustness-v4-factorial-r1/graphs/base/yelpchi/r60_s0/graph.bin,ok,
gfd_robustness_benchmark_v4_factorial,yelpchi,r60_s0,0,3,camouflage_feature_oracle,0.15,mlp,train_on_variant,0.7662738423356952,0.3950299675526473,0.6475390352477894,0.6376954913139343,1.7153284519990848,100,100,0.7573282601077107,roc_auc,max_epochs,45954,8051348,175.2045135498047,175.0,175.2045135498047,175.0,0.2268800139427185,0.1452974677085876,/kaggle/working/gfd-robustness-v4-factorial-r1/graphs/base/yelpchi/r60_s0/graph.bin,/kaggle/working/gfd-robustness-v4-factorial-r1/graphs/variants/yelpchi/r60_s0/camouflage_feature_oracle/0.15/seed_0/graph.bin,/kaggle/working/gfd-robustness-v4-factorial-r1/graphs/variants/yelpchi/r60_s0/camouflage_feature_oracle/0.15/seed_0/graph.bin,ok,
gfd_robustness_benchmark_v4_factorial,yelpchi,r60_s0,0,3,camouflage_feature_oracle,0.15,pmp,train_clean_eval_all,0.8309952936540361,0.564019489005835,0.7202651970693932,0.311098039150238,0.2724485719991207,95,85,0.8754252760116055,roc_auc,early_stopping,45954,8051348,175.2045135498047,175.0,175.2045135498047,175.0,0.2268800139427185,0.1452974677085876,/kaggle/working/gfd-robustness-v4-factorial-r1/graphs/base/yelpchi/r60_s0/graph.bin,/kaggle/working/gfd-robustness-v4-factorial-r1/graphs/variants/yelpchi/r60_s0/camouflage_feature_oracle/0.15/seed_0/graph.bin,/kaggle/working/gfd-robustness-v4-factorial-r1/graphs/base/yelpchi/r60_s0/graph.bin,ok,
gfd_robustness_benchmark_v4_factorial,yelpchi,r60_s0,0,3,camouflage_feature_oracle,0.15,pmp,train_on_variant,0.8215156690183787,0.5362742146392846,0.7081618950688522,0.1923849284648895,73.51783681899906,91,81,0.8232104840305442,roc_auc,early_stopping,45954,8051348,175.2045135498047,175.0,175.2045135498047,175.0,0.2268800139427185,0.1452974677085876,/kaggle/working/gfd-robustness-v4-factorial-r1/graphs/base/yelpchi/r60_s0/graph.bin,/kaggle/working/gfd-robustness-v4-factorial-r1/graphs/variants/yelpchi/r60_s0/camouflage_feature_oracle/0.15/seed_0/graph.bin,/kaggle/working/gfd-robustness-v4-factorial-r1/graphs/variants/yelpchi/r60_s0/camouflage_feature_oracle/0.15/seed_0/graph.bin,ok,
gfd_robustness_benchmark_v4_factorial,yelpchi,r60_s0,0,3,camouflage_feature_oracle,0.15,sage,train_clean_eval_all,0.7649875910094271,0.4062572084158389,0.6552401998455732,0.678034782409668,0.1571489250018203,100,100,0.790009846062886,roc_auc,max_epochs,45954,8051348,175.2045135498047,175.0,175.2045135498047,175.0,0.2268800139427185,0.1452974677085876,/kaggle/working/gfd-robustness-v4-factorial-r1/graphs/base/yelpchi/r60_s0/graph.bin,/kaggle/working/gfd-robustness-v4-factorial-r1/graphs/variants/yelpchi/r60_s0/camouflage_feature_oracle/0.15/seed_0/graph.bin,/kaggle/working/gfd-robustness-v4-factorial-r1/graphs/base/yelpchi/r60_s0/graph.bin,ok,
gfd_robustness_benchmark_v4_factorial,yelpchi,r60_s0,0,3,camouflage_feature_oracle,0.15,sage,train_on_variant,0.7657236126016805,0.405732067510655,0.6559802473666445,0.5631258487701416,3.3193376179988263,100,99,0.7563337362351803,roc_auc,max_epochs,45954,8051348,175.2045135498047,175.0,175.2045135498047,175.0,0.2268800139427185,0.1452974677085876,/kaggle/working/gfd-robustness-v4-factorial-r1/graphs/base/yelpchi/r60_s0/graph.bin,/kaggle/working/gfd-robustness-v4-factorial-r1/graphs/variants/yelpchi/r60_s0/camouflage_feature_oracle/0.15/seed_0/graph.bin,/kaggle/working/gfd-robustness-v4-factorial-r1/graphs/variants/yelpchi/r60_s0/camouflage_feature_oracle/0.15/seed_0/graph.bin,ok,
gfd_robustness_benchmark_v4_factorial,yelpchi,r60_s0,0,3,camouflage_feature_oracle,0.15,secgfd,train_clean_eval_all,0.7653504091613108,0.3993307161466111,0.651465830280968,0.7169128656387329,0.1572907690024294,50,50,0.7874013307681121,roc_auc,max_epochs,45954,8051348,175.2045135498047,175.0,175.2045135498047,175.0,0.2268800139427185,0.1452974677085876,/kaggle/working/gfd-robustness-v4-factorial-r1/graphs/base/yelpchi/r60_s0/graph.bin,/kaggle/working/gfd-robustness-v4-factorial-r1/graphs/variants/yelpchi/r60_s0/camouflage_feature_oracle/0.15/seed_0/graph.bin,/kaggle/working/gfd-robustness-v4-factorial-r1/graphs/base/yelpchi/r60_s0/graph.bin,ok,
gfd_robustness_benchmark_v4_factorial,yelpchi,r60_s0,0,3,camouflage_feature_oracle,0.15,secgfd,train_on_variant,0.7611830977810163,0.3905188324648059,0.6508613832783623,0.615426778793335,4.83360482200078,50,50,0.7503087086399798,roc_auc,max_epochs,45954,8051348,175.2045135498047,175.0,175.2045135498047,175.0,0.2268800139427185,0.1452974677085876,/kaggle/working/gfd-robustness-v4-factorial-r1/graphs/base/yelpchi/r60_s0/graph.bin,/kaggle/working/gfd-robustness-v4-factorial-r1/graphs/variants/yelpchi/r60_s0/camouflage_feature_oracle/0.15/seed_0/graph.bin,/kaggle/working/gfd-robustness-v4-factorial-r1/graphs/variants/yelpchi/r60_s0/camouflage_feature_oracle/0.15/seed_0/graph.bin,ok,
gfd_robustness_benchmark_v4_factorial,yelpchi,r60_s0,0,4,camouflage_feature_oracle,0.15,mlp,train_clean_eval_all,0.770836080512092,0.4113131894004516,0.6549646508326542,0.6745531558990479,0.0895635280030546,100,100,0.7943539385443562,roc_auc,max_epochs,45954,8051348,175.2045135498047,175.0,175.2045135498047,175.0,0.2268800139427185,0.1452974677085876,/kaggle/working/gfd-robustness-v4-factorial-r1/graphs/base/yelpchi/r60_s0/graph.bin,/kaggle/working/gfd-robustness-v4-factorial-r1/graphs/variants/yelpchi/r60_s0/camouflage_feature_oracle/0.15/seed_0/graph.bin,/kaggle/working/gfd-robustness-v4-factorial-r1/graphs/base/yelpchi/r60_s0/graph.bin,ok,
gfd_robustness_benchmark_v4_factorial,yelpchi,r60_s0,0,4,camouflage_feature_oracle,0.15,mlp,train_on_variant,0.7675325107168555,0.4040664524098132,0.6586463409879528,0.6678540706634521,1.845279240002128,100,100,0.7548070004791909,roc_auc,max_epochs,45954,8051348,175.2045135498047,175.0,175.2045135498047,175.0,0.2268800139427185,0.1452974677085876,/kaggle/working/gfd-robustness-v4-factorial-r1/graphs/base/yelpchi/r60_s0/graph.bin,/kaggle/working/gfd-robustness-v4-factorial-r1/graphs/variants/yelpchi/r60_s0/camouflage_feature_oracle/0.15/seed_0/graph.bin,/kaggle/working/gfd-robustness-v4-factorial-r1/graphs/variants/yelpchi/r60_s0/camouflage_feature_oracle/0.15/seed_0/graph.bin,ok,
gfd_robustness_benchmark_v4_factorial,yelpchi,r60_s0,0,4,camouflage_feature_oracle,0.15,pmp,train_clean_eval_all,0.8199726914551752,0.5341394629603624,0.7053100480890914,0.2526274025440216,0.2838657150023209,72,62,0.8613409240994905,roc_auc,early_stopping,45954,8051348,175.2045135498047,175.0,175.2045135498047,175.0,0.2268800139427185,0.1452974677085876,/kaggle/working/gfd-robustness-v4-factorial-r1/graphs/base/yelpchi/r60_s0/graph.bin,/kaggle/working/gfd-robustness-v4-factorial-r1/graphs/variants/yelpchi/r60_s0/camouflage_feature_oracle/0.15/seed_0/graph.bin,/kaggle/working/gfd-robustness-v4-factorial-r1/graphs/base/yelpchi/r60_s0/graph.bin,ok,
gfd_robustness_benchmark_v4_factorial,yelpchi,r60_s0,0,4,camouflage_feature_oracle,0.15,pmp,train_on_variant,0.8202456625699721,0.5224108191458167,0.7003654375598342,0.2851869165897369,50.50836172000345,62,52,0.8189867376155363,roc_auc,early_stopping,45954,8051348,175.2045135498047,175.0,175.2045135498047,175.0,0.2268800139427185,0.1452974677085876,/kaggle/working/gfd-robustness-v4-factorial-r1/graphs/base/yelpchi/r60_s0/graph.bin,/kaggle/working/gfd-robustness-v4-factorial-r1/graphs/variants/yelpchi/r60_s0/camouflage_feature_oracle/0.15/seed_0/graph.bin,/kaggle/working/gfd-robustness-v4-factorial-r1/graphs/variants/yelpchi/r60_s0/camouflage_feature_oracle/0.15/seed_0/graph.bin,ok,
gfd_robustness_benchmark_v4_factorial,yelpchi,r60_s0,0,4,camouflage_feature_oracle,0.15,sage,train_clean_eval_all,0.773850291397856,0.4063766011293034,0.6528487704278583,0.652508556842804,0.129245839001669,100,99,0.7973325990506774,roc_auc,max_epochs,45954,8051348,175.2045135498047,175.0,175.2045135498047,175.0,0.2268800139427185,0.1452974677085876,/kaggle/working/gfd-robustness-v4-factorial-r1/graphs/base/yelpchi/r60_s0/graph.bin,/kaggle/working/gfd-robustness-v4-factorial-r1/graphs/variants/yelpchi/r60_s0/camouflage_feature_oracle/0.15/seed_0/graph.bin,/kaggle/working/gfd-robustness-v4-factorial-r1/graphs/base/yelpchi/r60_s0/graph.bin,ok,
gfd_robustness_benchmark_v4_factorial,yelpchi,r60_s0,0,4,camouflage_feature_oracle,0.15,sage,train_on_variant,0.7683155043019867,0.4064976041070767,0.6527539514958343,0.5951149463653564,3.243056865001563,100,100,0.756767868935314,roc_auc,max_epochs,45954,8051348,175.2045135498047,175.0,175.2045135498047,175.0,0.2268800139427185,0.1452974677085876,/kaggle/working/gfd-robustness-v4-factorial-r1/graphs/base/yelpchi/r60_s0/graph.bin,/kaggle/working/gfd-robustness-v4-factorial-r1/graphs/variants/yelpchi/r60_s0/camouflage_feature_oracle/0.15/seed_0/graph.bin,/kaggle/working/gfd-robustness-v4-factorial-r1/graphs/variants/yelpchi/r60_s0/camouflage_feature_oracle/0.15/seed_0/graph.bin,ok,
gfd_robustness_benchmark_v4_factorial,yelpchi,r60_s0,0,4,camouflage_feature_oracle,0.15,secgfd,train_clean_eval_all,0.7624247590613071,0.3901903017096695,0.6516269250368959,0.6925545334815979,0.1784031030001642,50,50,0.7887418257413752,roc_auc,max_epochs,45954,8051348,175.2045135498047,175.0,175.2045135498047,175.0,0.2268800139427185,0.1452974677085876,/kaggle/working/gfd-robustness-v4-factorial-r1/graphs/base/yelpchi/r60_s0/graph.bin,/kaggle/working/gfd-robustness-v4-factorial-r1/graphs/variants/yelpchi/r60_s0/camouflage_feature_oracle/0.15/seed_0/graph.bin,/kaggle/working/gfd-robustness-v4-factorial-r1/graphs/base/yelpchi/r60_s0/graph.bin,ok,
gfd_robustness_benchmark_v4_factorial,yelpchi,r60_s0,0,4,camouflage_feature_oracle,0.15,secgfd,train_on_variant,0.7696009457663086,0.406711340201278,0.6577737873497604,0.667290449142456,4.820144509001693,50,50,0.7604361829698872,roc_auc,max_epochs,45954,8051348,175.2045135498047,175.0,175.2045135498047,175.0,0.2268800139427185,0.1452974677085876,/kaggle/working/gfd-robustness-v4-factorial-r1/graphs/base/yelpchi/r60_s0/graph.bin,/kaggle/working/gfd-robustness-v4-factorial-r1/graphs/variants/yelpchi/r60_s0/camouflage_feature_oracle/0.15/seed_0/graph.bin,/kaggle/working/gfd-robustness-v4-factorial-r1/graphs/variants/yelpchi/r60_s0/camouflage_feature_oracle/0.15/seed_0/graph.bin,ok,
gfd_robustness_benchmark_v4_factorial,yelpchi,r60_s0,1,0,camouflage_feature_oracle,0.15,mlp,train_clean_eval_all,0.7095943201428101,0.2996592610127854,0.6067985389070903,0.504684567451477,0.0715623050018621,17,7,0.7453053352310248,roc_auc,early_stopping,45954,8051348,175.2045135498047,175.0,175.2045135498047,175.0,0.2268800139427185,0.1452974677085876,/kaggle/working/gfd-robustness-v4-factorial-r1/graphs/base/yelpchi/r60_s0/graph.bin,/kaggle/working/gfd-robustness-v4-factorial-r1/graphs/variants/yelpchi/r60_s0/camouflage_feature_oracle/0.15/seed_1/graph.bin,/kaggle/working/gfd-robustness-v4-factorial-r1/graphs/base/yelpchi/r60_s0/graph.bin,ok,
gfd_robustness_benchmark_v4_factorial,yelpchi,r60_s0,1,0,camouflage_feature_oracle,0.15,mlp,train_on_variant,0.759563993194873,0.3926417272485294,0.6495227025734494,0.6578182578086853,1.7522025469988876,100,100,0.7508519347632773,roc_auc,max_epochs,45954,8051348,175.2045135498047,175.0,175.2045135498047,175.0,0.2268800139427185,0.1452974677085876,/kaggle/working/gfd-robustness-v4-factorial-r1/graphs/base/yelpchi/r60_s0/graph.bin,/kaggle/working/gfd-robustness-v4-factorial-r1/graphs/variants/yelpchi/r60_s0/camouflage_feature_oracle/0.15/seed_1/graph.bin,/kaggle/working/gfd-robustness-v4-factorial-r1/graphs/variants/yelpchi/r60_s0/camouflage_feature_oracle/0.15/seed_1/graph.bin,ok,
gfd_robustness_benchmark_v4_factorial,yelpchi,r60_s0,1,0,camouflage_feature_oracle,0.15,pmp,train_clean_eval_all,0.806414697336488,0.5116698159867178,0.696732572088643,0.2222334295511245,0.2794869069984997,47,37,0.8544697072643919,roc_auc,early_stopping,45954,8051348,175.2045135498047,175.0,175.2045135498047,175.0,0.2268800139427185,0.1452974677085876,/kaggle/working/gfd-robustness-v4-factorial-r1/graphs/base/yelpchi/r60_s0/graph.bin,/kaggle/working/gfd-robustness-v4-factorial-r1/graphs/variants/yelpchi/r60_s0/camouflage_feature_oracle/0.15/seed_1/graph.bin,/kaggle/working/gfd-robustness-v4-factorial-r1/graphs/base/yelpchi/r60_s0/graph.bin,ok,
gfd_robustness_benchmark_v4_factorial,yelpchi,r60_s0,1,0,camouflage_feature_oracle,0.15,pmp,train_on_variant,0.8064960646426089,0.511423993130944,0.7008733595463492,0.2449107617139816,49.07025399900158,60,50,0.8094251377375988,roc_auc,early_stopping,45954,8051348,175.2045135498047,175.0,175.2045135498047,175.0,0.2268800139427185,0.1452974677085876,/kaggle/working/gfd-robustness-v4-factorial-r1/graphs/base/yelpchi/r60_s0/graph.bin,/kaggle/working/gfd-robustness-v4-factorial-r1/graphs/variants/yelpchi/r60_s0/camouflage_feature_oracle/0.15/seed_1/graph.bin,/kaggle/working/gfd-robustness-v4-factorial-r1/graphs/variants/yelpchi/r60_s0/camouflage_feature_oracle/0.15/seed_1/graph.bin,ok,
gfd_robustness_benchmark_v4_factorial,yelpchi,r60_s0,1,0,camouflage_feature_oracle,0.15,sage,train_clean_eval_all,0.7492251050343305,0.3899576448407065,0.640671212851483,0.6509830951690674,0.1455504030018346,100,100,0.7853851527093361,roc_auc,max_epochs,45954,8051348,175.2045135498047,175.0,175.2045135498047,175.0,0.2268800139427185,0.1452974677085876,/kaggle/working/gfd-robustness-v4-factorial-r1/graphs/base/yelpchi/r60_s0/graph.bin,/kaggle/working/gfd-robustness-v4-factorial-r1/graphs/variants/yelpchi/r60_s0/camouflage_feature_oracle/0.15/seed_1/graph.bin,/kaggle/working/gfd-robustness-v4-factorial-r1/graphs/base/yelpchi/r60_s0/graph.bin,ok,
gfd_robustness_benchmark_v4_factorial,yelpchi,r60_s0,1,0,camouflage_feature_oracle,0.15,sage,train_on_variant,0.7477273368232984,0.3846368215779159,0.6395807763736897,0.5966776013374329,3.190414256001532,100,100,0.7399482664492427,roc_auc,max_epochs,45954,8051348,175.2045135498047,175.0,175.2045135498047,175.0,0.2268800139427185,0.1452974677085876,/kaggle/working/gfd-robustness-v4-factorial-r1/graphs/base/yelpchi/r60_s0/graph.bin,/kaggle/working/gfd-robustness-v4-factorial-r1/graphs/variants/yelpchi/r60_s0/camouflage_feature_oracle/0.15/seed_1/graph.bin,/kaggle/working/gfd-robustness-v4-factorial-r1/graphs/variants/yelpchi/r60_s0/camouflage_feature_oracle/0.15/seed_1/graph.bin,ok,
gfd_robustness_benchmark_v4_factorial,yelpchi,r60_s0,1,0,camouflage_feature_oracle,0.15,secgfd,train_clean_eval_all,0.7641740132260937,0.4132376974887338,0.6606037718191645,0.7366681694984436,0.1636435459986387,50,50,0.8122382508814968,roc_auc,max_epochs,45954,8051348,175.2045135498047,175.0,175.2045135498047,175.0,0.2268800139427185,0.1452974677085876,/kaggle/working/gfd-robustness-v4-factorial-r1/graphs/base/yelpchi/r60_s0/graph.bin,/kaggle/working/gfd-robustness-v4-factorial-r1/graphs/variants/yelpchi/r60_s0/camouflage_feature_oracle/0.15/seed_1/graph.bin,/kaggle/working/gfd-robustness-v4-factorial-r1/graphs/base/yelpchi/r60_s0/graph.bin,ok,
gfd_robustness_benchmark_v4_factorial,yelpchi,r60_s0,1,0,camouflage_feature_oracle,0.15,secgfd,train_on_variant,0.7827301418039685,0.4486314579002545,0.6688863168782607,0.7067831158638,4.779602519000036,50,50,0.7723034303873818,roc_auc,max_epochs,45954,8051348,175.2045135498047,175.0,175.2045135498047,175.0,0.2268800139427185,0.1452974677085876,/kaggle/working/gfd-robustness-v4-factorial-r1/graphs/base/yelpchi/r60_s0/graph.bin,/kaggle/working/gfd-robustness-v4-factorial-r1/graphs/variants/yelpchi/r60_s0/camouflage_feature_oracle/0.15/seed_1/graph.bin,/kaggle/working/gfd-robustness-v4-factorial-r1/graphs/variants/yelpchi/r60_s0/camouflage_feature_oracle/0.15/seed_1/graph.bin,ok,
gfd_robustness_benchmark_v4_factorial,yelpchi,r60_s0,1,1,camouflage_feature_oracle,0.15,mlp,train_clean_eval_all,0.7579608476529629,0.3888243705193302,0.6445896013339926,0.6548792123794556,0.0892512190002889,100,100,0.7960902786221233,roc_auc,max_epochs,45954,8051348,175.2045135498047,175.0,175.2045135498047,175.0,0.2268800139427185,0.1452974677085876,/kaggle/working/gfd-robustness-v4-factorial-r1/graphs/base/yelpchi/r60_s0/graph.bin,/kaggle/working/gfd-robustness-v4-factorial-r1/graphs/variants/yelpchi/r60_s0/camouflage_feature_oracle/0.15/seed_1/graph.bin,/kaggle/working/gfd-robustness-v4-factorial-r1/graphs/base/yelpchi/r60_s0/graph.bin,ok,
gfd_robustness_benchmark_v4_factorial,yelpchi,r60_s0,1,1,camouflage_feature_oracle,0.15,mlp,train_on_variant,0.7546520375745455,0.3839194531454991,0.6419343118900894,0.6269675493240356,1.93317437499718,100,100,0.746048486495636,roc_auc,max_epochs,45954,8051348,175.2045135498047,175.0,175.2045135498047,175.0,0.2268800139427185,0.1452974677085876,/kaggle/working/gfd-robustness-v4-factorial-r1/graphs/base/yelpchi/r60_s0/graph.bin,/kaggle/working/gfd-robustness-v4-factorial-r1/graphs/variants/yelpchi/r60_s0/camouflage_feature_oracle/0.15/seed_1/graph.bin,/kaggle/working/gfd-robustness-v4-factorial-r1/graphs/variants/yelpchi/r60_s0/camouflage_feature_oracle/0.15/seed_1/graph.bin,ok,
gfd_robustness_benchmark_v4_factorial,yelpchi,r60_s0,1,1,camouflage_feature_oracle,0.15,pmp,train_clean_eval_all,0.8089395610510141,0.5247459189103697,0.6990114203045109,0.2552038431167602,0.3139634059989475,85,75,0.8577235807246035,roc_auc,early_stopping,45954,8051348,175.2045135498047,175.0,175.2045135498047,175.0,0.2268800139427185,0.1452974677085876,/kaggle/working/gfd-robustness-v4-factorial-r1/graphs/base/yelpchi/r60_s0/graph.bin,/kaggle/working/gfd-robustness-v4-factorial-r1/graphs/variants/yelpchi/r60_s0/camouflage_feature_oracle/0.15/seed_1/graph.bin,/kaggle/working/gfd-robustness-v4-factorial-r1/graphs/base/yelpchi/r60_s0/graph.bin,ok,
gfd_robustness_benchmark_v4_factorial,yelpchi,r60_s0,1,1,camouflage_feature_oracle,0.15,pmp,train_on_variant,0.8064409940302694,0.5103548239542524,0.6932899619817992,0.2626688778400421,81.59038239599977,99,89,0.8060648409729722,roc_auc,early_stopping,45954,8051348,175.2045135498047,175.0,175.2045135498047,175.0,0.2268800139427185,0.1452974677085876,/kaggle/working/gfd-robustness-v4-factorial-r1/graphs/base/yelpchi/r60_s0/graph.bin,/kaggle/working/gfd-robustness-v4-factorial-r1/graphs/variants/yelpchi/r60_s0/camouflage_feature_oracle/0.15/seed_1/graph.bin,/kaggle/working/gfd-robustness-v4-factorial-r1/graphs/variants/yelpchi/r60_s0/camouflage_feature_oracle/0.15/seed_1/graph.bin,ok,
gfd_robustness_benchmark_v4_factorial,yelpchi,r60_s0,1,1,camouflage_feature_oracle,0.15,sage,train_clean_eval_all,0.5880705334493945,0.182697163511899,0.5386798680787034,0.2802307903766632,0.1427113880017714,23,13,0.6150002980043247,roc_auc,early_stopping,45954,8051348,175.2045135498047,175.0,175.2045135498047,175.0,0.2268800139427185,0.1452974677085876,/kaggle/working/gfd-robustness-v4-factorial-r1/graphs/base/yelpchi/r60_s0/graph.bin,/kaggle/working/gfd-robustness-v4-factorial-r1/graphs/variants/yelpchi/r60_s0/camouflage_feature_oracle/0.15/seed_1/graph.bin,/kaggle/working/gfd-robustness-v4-factorial-r1/graphs/base/yelpchi/r60_s0/graph.bin,ok,
gfd_robustness_benchmark_v4_factorial,yelpchi,r60_s0,1,1,camouflage_feature_oracle,0.15,sage,train_on_variant,0.5790086070222081,0.1774967528123429,0.5356510733320454,0.2801441550254822,0.8713671679979598,23,13,0.5889580576793331,roc_auc,early_stopping,45954,8051348,175.2045135498047,175.0,175.2045135498047,175.0,0.2268800139427185,0.1452974677085876,/kaggle/working/gfd-robustness-v4-factorial-r1/graphs/base/yelpchi/r60_s0/graph.bin,/kaggle/working/gfd-robustness-v4-factorial-r1/graphs/variants/yelpchi/r60_s0/camouflage_feature_oracle/0.15/seed_1/graph.bin,/kaggle/working/gfd-robustness-v4-factorial-r1/graphs/variants/yelpchi/r60_s0/camouflage_feature_oracle/0.15/seed_1/graph.bin,ok,
gfd_robustness_benchmark_v4_factorial,yelpchi,r60_s0,1,1,camouflage_feature_oracle,0.15,secgfd,train_clean_eval_all,0.7505627587747112,0.3845886121892076,0.6506112466851357,0.669256865978241,0.1782317189972673,50,50,0.7873268058466064,roc_auc,max_epochs,45954,8051348,175.2045135498047,175.0,175.2045135498047,175.0,0.2268800139427185,0.1452974677085876,/kaggle/working/gfd-robustness-v4-factorial-r1/graphs/base/yelpchi/r60_s0/graph.bin,/kaggle/working/gfd-robustness-v4-factorial-r1/graphs/variants/yelpchi/r60_s0/camouflage_feature_oracle/0.15/seed_1/graph.bin,/kaggle/working/gfd-robustness-v4-factorial-r1/graphs/base/yelpchi/r60_s0/graph.bin,ok,
gfd_robustness_benchmark_v4_factorial,yelpchi,r60_s0,1,1,camouflage_feature_oracle,0.15,secgfd,train_on_variant,0.7460673103894044,0.3880809305714013,0.6495169351857331,0.6656290888786316,4.893164858000091,50,48,0.74041906560148,roc_auc,max_epochs,45954,8051348,175.2045135498047,175.0,175.2045135498047,175.0,0.2268800139427185,0.1452974677085876,/kaggle/working/gfd-robustness-v4-factorial-r1/graphs/base/yelpchi/r60_s0/graph.bin,/kaggle/working/gfd-robustness-v4-factorial-r1/graphs/variants/yelpchi/r60_s0/camouflage_feature_oracle/0.15/seed_1/graph.bin,/kaggle/working/gfd-robustness-v4-factorial-r1/graphs/variants/yelpchi/r60_s0/camouflage_feature_oracle/0.15/seed_1/graph.bin,ok,
gfd_robustness_benchmark_v4_factorial,yelpchi,r60_s0,1,2,camouflage_feature_oracle,0.15,mlp,train_clean_eval_all,0.755610008978987,0.3894121233734387,0.6426348164741835,0.6908261179924011,0.0888747650024015,100,100,0.797094624717194,roc_auc,max_epochs,45954,8051348,175.2045135498047,175.0,175.2045135498047,175.0,0.2268800139427185,0.1452974677085876,/kaggle/working/gfd-robustness-v4-factorial-r1/graphs/base/yelpchi/r60_s0/graph.bin,/kaggle/working/gfd-robustness-v4-factorial-r1/graphs/variants/yelpchi/r60_s0/camouflage_feature_oracle/0.15/seed_1/graph.bin,/kaggle/working/gfd-robustness-v4-factorial-r1/graphs/base/yelpchi/r60_s0/graph.bin,ok,
gfd_robustness_benchmark_v4_factorial,yelpchi,r60_s0,1,2,camouflage_feature_oracle,0.15,mlp,train_on_variant,0.7508715543708916,0.3822918102089469,0.6431156802993875,0.6422011256217957,1.8346293160029743,100,100,0.7466979452005807,roc_auc,max_epochs,45954,8051348,175.2045135498047,175.0,175.2045135498047,175.0,0.2268800139427185,0.1452974677085876,/kaggle/working/gfd-robustness-v4-factorial-r1/graphs/base/yelpchi/r60_s0/graph.bin,/kaggle/working/gfd-robustness-v4-factorial-r1/graphs/variants/yelpchi/r60_s0/camouflage_feature_oracle/0.15/seed_1/graph.bin,/kaggle/working/gfd-robustness-v4-factorial-r1/graphs/variants/yelpchi/r60_s0/camouflage_feature_oracle/0.15/seed_1/graph.bin,ok,
gfd_robustness_benchmark_v4_factorial,yelpchi,r60_s0,1,2,camouflage_feature_oracle,0.15,pmp,train_clean_eval_all,0.8031980209641816,0.4984472731521434,0.6890111872970046,0.402582585811615,0.2902920529995754,36,26,0.8494535554299965,roc_auc,early_stopping,45954,8051348,175.2045135498047,175.0,175.2045135498047,175.0,0.2268800139427185,0.1452974677085876,/kaggle/working/gfd-robustness-v4-factorial-r1/graphs/base/yelpchi/r60_s0/graph.bin,/kaggle/working/gfd-robustness-v4-factorial-r1/graphs/variants/yelpchi/r60_s0/camouflage_feature_oracle/0.15/seed_1/graph.bin,/kaggle/working/gfd-robustness-v4-factorial-r1/graphs/base/yelpchi/r60_s0/graph.bin,ok,
gfd_robustness_benchmark_v4_factorial,yelpchi,r60_s0,1,2,camouflage_feature_oracle,0.15,pmp,train_on_variant,0.7970696527007085,0.4871992482995304,0.6891819306849581,0.3033714294433594,55.743802543998754,62,52,0.7977509971224702,roc_auc,early_stopping,45954,8051348,175.2045135498047,175.0,175.2045135498047,175.0,0.2268800139427185,0.1452974677085876,/kaggle/working/gfd-robustness-v4-factorial-r1/graphs/base/yelpchi/r60_s0/graph.bin,/kaggle/working/gfd-robustness-v4-factorial-r1/graphs/variants/yelpchi/r60_s0/camouflage_feature_oracle/0.15/seed_1/graph.bin,/kaggle/working/gfd-robustness-v4-factorial-r1/graphs/variants/yelpchi/r60_s0/camouflage_feature_oracle/0.15/seed_1/graph.bin,ok,
gfd_robustness_benchmark_v4_factorial,yelpchi,r60_s0,1,2,camouflage_feature_oracle,0.15,sage,train_clean_eval_all,0.7510948857122821,0.3853026399187355,0.6473538683329885,0.6172454953193665,0.1213208730005135,100,100,0.7885236865757396,roc_auc,max_epochs,45954,8051348,175.2045135498047,175.0,175.2045135498047,175.0,0.2268800139427185,0.1452974677085876,/kaggle/working/gfd-robustness-v4-factorial-r1/graphs/base/yelpchi/r60_s0/graph.bin,/kaggle/working/gfd-robustness-v4-factorial-r1/graphs/variants/yelpchi/r60_s0/camouflage_feature_oracle/0.15/seed_1/graph.bin,/kaggle/working/gfd-robustness-v4-factorial-r1/graphs/base/yelpchi/r60_s0/graph.bin,ok,
gfd_robustness_benchmark_v4_factorial,yelpchi,r60_s0,1,2,camouflage_feature_oracle,0.15,sage,train_on_variant,0.7497054484462846,0.3765770770475377,0.6419093107680052,0.6099589467048645,3.2093602390013984,100,100,0.7404748996917443,roc_auc,max_epochs,45954,8051348,175.2045135498047,175.0,175.2045135498047,175.0,0.2268800139427185,0.1452974677085876,/kaggle/working/gfd-robustness-v4-factorial-r1/graphs/base/yelpchi/r60_s0/graph.bin,/kaggle/working/gfd-robustness-v4-factorial-r1/graphs/variants/yelpchi/r60_s0/camouflage_feature_oracle/0.15/seed_1/graph.bin,/kaggle/working/gfd-robustness-v4-factorial-r1/graphs/variants/yelpchi/r60_s0/camouflage_feature_oracle/0.15/seed_1/graph.bin,ok,
gfd_robustness_benchmark_v4_factorial,yelpchi,r60_s0,1,2,camouflage_feature_oracle,0.15,secgfd,train_clean_eval_all,0.7662490700879301,0.4225397720948348,0.6677421267552386,0.6859545111656189,0.1827043560006132,50,50,0.8053339913268821,roc_auc,max_epochs,45954,8051348,175.2045135498047,175.0,175.2045135498047,175.0,0.2268800139427185,0.1452974677085876,/kaggle/working/gfd-robustness-v4-factorial-r1/graphs/base/yelpchi/r60_s0/graph.bin,/kaggle/working/gfd-robustness-v4-factorial-r1/graphs/variants/yelpchi/r60_s0/camouflage_feature_oracle/0.15/seed_1/graph.bin,/kaggle/working/gfd-robustness-v4-factorial-r1/graphs/base/yelpchi/r60_s0/graph.bin,ok,
gfd_robustness_benchmark_v4_factorial,yelpchi,r60_s0,1,2,camouflage_feature_oracle,0.15,secgfd,train_on_variant,0.7656890267326854,0.4167154001797465,0.6635422759118456,0.6720269322395325,4.726296648001153,50,50,0.7540145473791116,roc_auc,max_epochs,45954,8051348,175.2045135498047,175.0,175.2045135498047,175.0,0.2268800139427185,0.1452974677085876,/kaggle/working/gfd-robustness-v4-factorial-r1/graphs/base/yelpchi/r60_s0/graph.bin,/kaggle/working/gfd-robustness-v4-factorial-r1/graphs/variants/yelpchi/r60_s0/camouflage_feature_oracle/0.15/seed_1/graph.bin,/kaggle/working/gfd-robustness-v4-factorial-r1/graphs/variants/yelpchi/r60_s0/camouflage_feature_oracle/0.15/seed_1/graph.bin,ok,
gfd_robustness_benchmark_v4_factorial,yelpchi,r60_s0,1,3,camouflage_feature_oracle,0.15,mlp,train_clean_eval_all,0.7564586966596338,0.3833764047261366,0.6413697970015565,0.6890000104904175,0.0909299270024348,100,100,0.7965709953582847,roc_auc,max_epochs,45954,8051348,175.2045135498047,175.0,175.2045135498047,175.0,0.2268800139427185,0.1452974677085876,/kaggle/working/gfd-robustness-v4-factorial-r1/graphs/base/yelpchi/r60_s0/graph.bin,/kaggle/working/gfd-robustness-v4-factorial-r1/graphs/variants/yelpchi/r60_s0/camouflage_feature_oracle/0.15/seed_1/graph.bin,/kaggle/working/gfd-robustness-v4-factorial-r1/graphs/base/yelpchi/r60_s0/graph.bin,ok,
gfd_robustness_benchmark_v4_factorial,yelpchi,r60_s0,1,3,camouflage_feature_oracle,0.15,mlp,train_on_variant,0.7520302286211691,0.375801575184057,0.6399718883607115,0.6555521488189697,1.954290223999124,100,100,0.7458623887549856,roc_auc,max_epochs,45954,8051348,175.2045135498047,175.0,175.2045135498047,175.0,0.2268800139427185,0.1452974677085876,/kaggle/working/gfd-robustness-v4-factorial-r1/graphs/base/yelpchi/r60_s0/graph.bin,/kaggle/working/gfd-robustness-v4-factorial-r1/graphs/variants/yelpchi/r60_s0/camouflage_feature_oracle/0.15/seed_1/graph.bin,/kaggle/working/gfd-robustness-v4-factorial-r1/graphs/variants/yelpchi/r60_s0/camouflage_feature_oracle/0.15/seed_1/graph.bin,ok,
gfd_robustness_benchmark_v4_factorial,yelpchi,r60_s0,1,3,camouflage_feature_oracle,0.15,pmp,train_clean_eval_all,0.81649242883886,0.5508783660313424,0.7120425513478926,0.311098039150238,0.2799589799979003,95,85,0.8754252760116055,roc_auc,early_stopping,45954,8051348,175.2045135498047,175.0,175.2045135498047,175.0,0.2268800139427185,0.1452974677085876,/kaggle/working/gfd-robustness-v4-factorial-r1/graphs/base/yelpchi/r60_s0/graph.bin,/kaggle/working/gfd-robustness-v4-factorial-r1/graphs/variants/yelpchi/r60_s0/camouflage_feature_oracle/0.15/seed_1/graph.bin,/kaggle/working/gfd-robustness-v4-factorial-r1/graphs/base/yelpchi/r60_s0/graph.bin,ok,
gfd_robustness_benchmark_v4_factorial,yelpchi,r60_s0,1,3,camouflage_feature_oracle,0.15,pmp,train_on_variant,0.8060897997792602,0.513386195680761,0.6963335067924264,0.2890945971012115,60.54167537100148,65,55,0.8055699630713041,roc_auc,early_stopping,45954,8051348,175.2045135498047,175.0,175.2045135498047,175.0,0.2268800139427185,0.1452974677085876,/kaggle/working/gfd-robustness-v4-factorial-r1/graphs/base/yelpchi/r60_s0/graph.bin,/kaggle/working/gfd-robustness-v4-factorial-r1/graphs/variants/yelpchi/r60_s0/camouflage_feature_oracle/0.15/seed_1/graph.bin,/kaggle/working/gfd-robustness-v4-factorial-r1/graphs/variants/yelpchi/r60_s0/camouflage_feature_oracle/0.15/seed_1/graph.bin,ok,
gfd_robustness_benchmark_v4_factorial,yelpchi,r60_s0,1,3,camouflage_feature_oracle,0.15,sage,train_clean_eval_all,0.7520598600406112,0.3881673157439722,0.6484110997233122,0.678034782409668,0.1136750279983971,100,100,0.790009846062886,roc_auc,max_epochs,45954,8051348,175.2045135498047,175.0,175.2045135498047,175.0,0.2268800139427185,0.1452974677085876,/kaggle/working/gfd-robustness-v4-factorial-r1/graphs/base/yelpchi/r60_s0/graph.bin,/kaggle/working/gfd-robustness-v4-factorial-r1/graphs/variants/yelpchi/r60_s0/camouflage_feature_oracle/0.15/seed_1/graph.bin,/kaggle/working/gfd-robustness-v4-factorial-r1/graphs/base/yelpchi/r60_s0/graph.bin,ok,
gfd_robustness_benchmark_v4_factorial,yelpchi,r60_s0,1,3,camouflage_feature_oracle,0.15,sage,train_on_variant,0.750110427058307,0.3846957244142969,0.6470484268236869,0.6284599900245667,3.3197227060009027,100,99,0.7420132218558756,roc_auc,max_epochs,45954,8051348,175.2045135498047,175.0,175.2045135498047,175.0,0.2268800139427185,0.1452974677085876,/kaggle/working/gfd-robustness-v4-factorial-r1/graphs/base/yelpchi/r60_s0/graph.bin,/kaggle/working/gfd-robustness-v4-factorial-r1/graphs/variants/yelpchi/r60_s0/camouflage_feature_oracle/0.15/seed_1/graph.bin,/kaggle/working/gfd-robustness-v4-factorial-r1/graphs/variants/yelpchi/r60_s0/camouflage_feature_oracle/0.15/seed_1/graph.bin,ok,
gfd_robustness_benchmark_v4_factorial,yelpchi,r60_s0,1,3,camouflage_feature_oracle,0.15,secgfd,train_clean_eval_all,0.7521202185750698,0.3795067086978194,0.6419257216659366,0.7169128656387329,0.1610280649983906,50,50,0.7874013307681121,roc_auc,max_epochs,45954,8051348,175.2045135498047,175.0,175.2045135498047,175.0,0.2268800139427185,0.1452974677085876,/kaggle/working/gfd-robustness-v4-factorial-r1/graphs/base/yelpchi/r60_s0/graph.bin,/kaggle/working/gfd-robustness-v4-factorial-r1/graphs/variants/yelpchi/r60_s0/camouflage_feature_oracle/0.15/seed_1/graph.bin,/kaggle/working/gfd-robustness-v4-factorial-r1/graphs/base/yelpchi/r60_s0/graph.bin,ok,
gfd_robustness_benchmark_v4_factorial,yelpchi,r60_s0,1,3,camouflage_feature_oracle,0.15,secgfd,train_on_variant,0.7603305989853287,0.3932585395107481,0.6597796795828086,0.7276062965393066,4.68524106500081,50,46,0.7482138097588072,roc_auc,max_epochs,45954,8051348,175.2045135498047,175.0,175.2045135498047,175.0,0.2268800139427185,0.1452974677085876,/kaggle/working/gfd-robustness-v4-factorial-r1/graphs/base/yelpchi/r60_s0/graph.bin,/kaggle/working/gfd-robustness-v4-factorial-r1/graphs/variants/yelpchi/r60_s0/camouflage_feature_oracle/0.15/seed_1/graph.bin,/kaggle/working/gfd-robustness-v4-factorial-r1/graphs/variants/yelpchi/r60_s0/camouflage_feature_oracle/0.15/seed_1/graph.bin,ok,
gfd_robustness_benchmark_v4_factorial,yelpchi,r60_s0,1,4,camouflage_feature_oracle,0.15,mlp,train_clean_eval_all,0.7559673486529995,0.3929420243682366,0.6457403505366671,0.6745531558990479,0.095130470002914,100,100,0.7943539385443562,roc_auc,max_epochs,45954,8051348,175.2045135498047,175.0,175.2045135498047,175.0,0.2268800139427185,0.1452974677085876,/kaggle/working/gfd-robustness-v4-factorial-r1/graphs/base/yelpchi/r60_s0/graph.bin,/kaggle/working/gfd-robustness-v4-factorial-r1/graphs/variants/yelpchi/r60_s0/camouflage_feature_oracle/0.15/seed_1/graph.bin,/kaggle/working/gfd-robustness-v4-factorial-r1/graphs/base/yelpchi/r60_s0/graph.bin,ok,
gfd_robustness_benchmark_v4_factorial,yelpchi,r60_s0,1,4,camouflage_feature_oracle,0.15,mlp,train_on_variant,0.7521028780016342,0.3852938662184954,0.6443149787683788,0.6590243577957153,2.058580857999914,100,100,0.7451840832314158,roc_auc,max_epochs,45954,8051348,175.2045135498047,175.0,175.2045135498047,175.0,0.2268800139427185,0.1452974677085876,/kaggle/working/gfd-robustness-v4-factorial-r1/graphs/base/yelpchi/r60_s0/graph.bin,/kaggle/working/gfd-robustness-v4-factorial-r1/graphs/variants/yelpchi/r60_s0/camouflage_feature_oracle/0.15/seed_1/graph.bin,/kaggle/working/gfd-robustness-v4-factorial-r1/graphs/variants/yelpchi/r60_s0/camouflage_feature_oracle/0.15/seed_1/graph.bin,ok,
gfd_robustness_benchmark_v4_factorial,yelpchi,r60_s0,1,4,camouflage_feature_oracle,0.15,pmp,train_clean_eval_all,0.810887183753674,0.52876478513361,0.7030863719913454,0.2526274025440216,0.2828513620006561,72,62,0.8613409240994905,roc_auc,early_stopping,45954,8051348,175.2045135498047,175.0,175.2045135498047,175.0,0.2268800139427185,0.1452974677085876,/kaggle/working/gfd-robustness-v4-factorial-r1/graphs/base/yelpchi/r60_s0/graph.bin,/kaggle/working/gfd-robustness-v4-factorial-r1/graphs/variants/yelpchi/r60_s0/camouflage_feature_oracle/0.15/seed_1/graph.bin,/kaggle/working/gfd-robustness-v4-factorial-r1/graphs/base/yelpchi/r60_s0/graph.bin,ok,
gfd_robustness_benchmark_v4_factorial,yelpchi,r60_s0,1,4,camouflage_feature_oracle,0.15,pmp,train_on_variant,0.807970013384636,0.5222686907962097,0.693022299784394,0.3030898571014404,64.78405175900116,70,60,0.8093883282434194,roc_auc,early_stopping,45954,8051348,175.2045135498047,175.0,175.2045135498047,175.0,0.2268800139427185,0.1452974677085876,/kaggle/working/gfd-robustness-v4-factorial-r1/graphs/base/yelpchi/r60_s0/graph.bin,/kaggle/working/gfd-robustness-v4-factorial-r1/graphs/variants/yelpchi/r60_s0/camouflage_feature_oracle/0.15/seed_1/graph.bin,/kaggle/working/gfd-robustness-v4-factorial-r1/graphs/variants/yelpchi/r60_s0/camouflage_feature_oracle/0.15/seed_1/graph.bin,ok,
gfd_robustness_benchmark_v4_factorial,yelpchi,r60_s0,1,4,camouflage_feature_oracle,0.15,sage,train_clean_eval_all,0.75964545577887,0.3867706483219934,0.6415519109087526,0.652508556842804,0.1550148210008046,100,99,0.7973325990506774,roc_auc,max_epochs,45954,8051348,175.2045135498047,175.0,175.2045135498047,175.0,0.2268800139427185,0.1452974677085876,/kaggle/working/gfd-robustness-v4-factorial-r1/graphs/base/yelpchi/r60_s0/graph.bin,/kaggle/working/gfd-robustness-v4-factorial-r1/graphs/variants/yelpchi/r60_s0/camouflage_feature_oracle/0.15/seed_1/graph.bin,/kaggle/working/gfd-robustness-v4-factorial-r1/graphs/base/yelpchi/r60_s0/graph.bin,ok,
gfd_robustness_benchmark_v4_factorial,yelpchi,r60_s0,1,4,camouflage_feature_oracle,0.15,sage,train_on_variant,0.760144711849214,0.3872250130850149,0.6467984449769102,0.6149768829345703,3.440374846999476,100,100,0.7507467034761608,roc_auc,max_epochs,45954,8051348,175.2045135498047,175.0,175.2045135498047,175.0,0.2268800139427185,0.1452974677085876,/kaggle/working/gfd-robustness-v4-factorial-r1/graphs/base/yelpchi/r60_s0/graph.bin,/kaggle/working/gfd-robustness-v4-factorial-r1/graphs/variants/yelpchi/r60_s0/camouflage_feature_oracle/0.15/seed_1/graph.bin,/kaggle/working/gfd-robustness-v4-factorial-r1/graphs/variants/yelpchi/r60_s0/camouflage_feature_oracle/0.15/seed_1/graph.bin,ok,
gfd_robustness_benchmark_v4_factorial,yelpchi,r60_s0,1,4,camouflage_feature_oracle,0.15,secgfd,train_clean_eval_all,0.7467518819286072,0.3713740268453475,0.6435827840248158,0.6925545334815979,0.1810026099992683,50,50,0.7887418257413752,roc_auc,max_epochs,45954,8051348,175.2045135498047,175.0,175.2045135498047,175.0,0.2268800139427185,0.1452974677085876,/kaggle/working/gfd-robustness-v4-factorial-r1/graphs/base/yelpchi/r60_s0/graph.bin,/kaggle/working/gfd-robustness-v4-factorial-r1/graphs/variants/yelpchi/r60_s0/camouflage_feature_oracle/0.15/seed_1/graph.bin,/kaggle/working/gfd-robustness-v4-factorial-r1/graphs/base/yelpchi/r60_s0/graph.bin,ok,
gfd_robustness_benchmark_v4_factorial,yelpchi,r60_s0,1,4,camouflage_feature_oracle,0.15,secgfd,train_on_variant,0.7529248402380575,0.3809112737189173,0.6447516477344607,0.7912185192108154,4.658076505998906,50,50,0.7477343327206365,roc_auc,max_epochs,45954,8051348,175.2045135498047,175.0,175.2045135498047,175.0,0.2268800139427185,0.1452974677085876,/kaggle/working/gfd-robustness-v4-factorial-r1/graphs/base/yelpchi/r60_s0/graph.bin,/kaggle/working/gfd-robustness-v4-factorial-r1/graphs/variants/yelpchi/r60_s0/camouflage_feature_oracle/0.15/seed_1/graph.bin,/kaggle/working/gfd-robustness-v4-factorial-r1/graphs/variants/yelpchi/r60_s0/camouflage_feature_oracle/0.15/seed_1/graph.bin,ok,
gfd_robustness_benchmark_v4_factorial,yelpchi,r60_s0,0,0,camouflage_feature_oracle,0.3,mlp,train_clean_eval_all,0.6827029494981524,0.2805814693595487,0.5929039680689646,0.504684567451477,0.0786530500008666,17,7,0.7453053352310248,roc_auc,early_stopping,45954,8051348,175.2045135498047,175.0,175.2045135498047,175.0,0.2268800139427185,0.1452974677085876,/kaggle/working/gfd-robustness-v4-factorial-r1/graphs/base/yelpchi/r60_s0/graph.bin,/kaggle/working/gfd-robustness-v4-factorial-r1/graphs/variants/yelpchi/r60_s0/camouflage_feature_oracle/0.30/seed_0/graph.bin,/kaggle/working/gfd-robustness-v4-factorial-r1/graphs/base/yelpchi/r60_s0/graph.bin,ok,
gfd_robustness_benchmark_v4_factorial,yelpchi,r60_s0,0,0,camouflage_feature_oracle,0.3,mlp,train_on_variant,0.7202486733508543,0.3555416757098889,0.6311091426216403,0.6414080858230591,1.933288210999308,100,100,0.7130519695701824,roc_auc,max_epochs,45954,8051348,175.2045135498047,175.0,175.2045135498047,175.0,0.2268800139427185,0.1452974677085876,/kaggle/working/gfd-robustness-v4-factorial-r1/graphs/base/yelpchi/r60_s0/graph.bin,/kaggle/working/gfd-robustness-v4-factorial-r1/graphs/variants/yelpchi/r60_s0/camouflage_feature_oracle/0.30/seed_0/graph.bin,/kaggle/working/gfd-robustness-v4-factorial-r1/graphs/variants/yelpchi/r60_s0/camouflage_feature_oracle/0.30/seed_0/graph.bin,ok,
gfd_robustness_benchmark_v4_factorial,yelpchi,r60_s0,0,0,camouflage_feature_oracle,0.3,pmp,train_clean_eval_all,0.7749223104198935,0.4617248799033404,0.6716711473933865,0.2222334295511245,0.3184455740010889,47,37,0.8544697072643919,roc_auc,early_stopping,45954,8051348,175.2045135498047,175.0,175.2045135498047,175.0,0.2268800139427185,0.1452974677085876,/kaggle/working/gfd-robustness-v4-factorial-r1/graphs/base/yelpchi/r60_s0/graph.bin,/kaggle/working/gfd-robustness-v4-factorial-r1/graphs/variants/yelpchi/r60_s0/camouflage_feature_oracle/0.30/seed_0/graph.bin,/kaggle/working/gfd-robustness-v4-factorial-r1/graphs/base/yelpchi/r60_s0/graph.bin,ok,
gfd_robustness_benchmark_v4_factorial,yelpchi,r60_s0,0,0,camouflage_feature_oracle,0.3,pmp,train_on_variant,0.7721502006170957,0.4448007587757858,0.6733051267214767,0.2262264490127563,42.55376109400095,45,35,0.7747263247484247,roc_auc,early_stopping,45954,8051348,175.2045135498047,175.0,175.2045135498047,175.0,0.2268800139427185,0.1452974677085876,/kaggle/working/gfd-robustness-v4-factorial-r1/graphs/base/yelpchi/r60_s0/graph.bin,/kaggle/working/gfd-robustness-v4-factorial-r1/graphs/variants/yelpchi/r60_s0/camouflage_feature_oracle/0.30/seed_0/graph.bin,/kaggle/working/gfd-robustness-v4-factorial-r1/graphs/variants/yelpchi/r60_s0/camouflage_feature_oracle/0.30/seed_0/graph.bin,ok,
gfd_robustness_benchmark_v4_factorial,yelpchi,r60_s0,0,0,camouflage_feature_oracle,0.3,sage,train_clean_eval_all,0.7168289121858117,0.3603922254780123,0.6304084793143203,0.6509830951690674,0.1443635929972515,100,100,0.7853851527093361,roc_auc,max_epochs,45954,8051348,175.2045135498047,175.0,175.2045135498047,175.0,0.2268800139427185,0.1452974677085876,/kaggle/working/gfd-robustness-v4-factorial-r1/graphs/base/yelpchi/r60_s0/graph.bin,/kaggle/working/gfd-robustness-v4-factorial-r1/graphs/variants/yelpchi/r60_s0/camouflage_feature_oracle/0.30/seed_0/graph.bin,/kaggle/working/gfd-robustness-v4-factorial-r1/graphs/base/yelpchi/r60_s0/graph.bin,ok,
gfd_robustness_benchmark_v4_factorial,yelpchi,r60_s0,0,0,camouflage_feature_oracle,0.3,sage,train_on_variant,0.7278975812377282,0.3630542125183993,0.6342377118307129,0.5966686010360718,3.4039588069972524,100,100,0.7182002446019496,roc_auc,max_epochs,45954,8051348,175.2045135498047,175.0,175.2045135498047,175.0,0.2268800139427185,0.1452974677085876,/kaggle/working/gfd-robustness-v4-factorial-r1/graphs/base/yelpchi/r60_s0/graph.bin,/kaggle/working/gfd-robustness-v4-factorial-r1/graphs/variants/yelpchi/r60_s0/camouflage_feature_oracle/0.30/seed_0/graph.bin,/kaggle/working/gfd-robustness-v4-factorial-r1/graphs/variants/yelpchi/r60_s0/camouflage_feature_oracle/0.30/seed_0/graph.bin,ok,
gfd_robustness_benchmark_v4_factorial,yelpchi,r60_s0,0,0,camouflage_feature_oracle,0.3,secgfd,train_clean_eval_all,0.7293257489603279,0.3773635613087707,0.6491284504818676,0.7366681694984436,0.2047969289997127,50,50,0.8122382508814968,roc_auc,max_epochs,45954,8051348,175.2045135498047,175.0,175.2045135498047,175.0,0.2268800139427185,0.1452974677085876,/kaggle/working/gfd-robustness-v4-factorial-r1/graphs/base/yelpchi/r60_s0/graph.bin,/kaggle/working/gfd-robustness-v4-factorial-r1/graphs/variants/yelpchi/r60_s0/camouflage_feature_oracle/0.30/seed_0/graph.bin,/kaggle/working/gfd-robustness-v4-factorial-r1/graphs/base/yelpchi/r60_s0/graph.bin,ok,
gfd_robustness_benchmark_v4_factorial,yelpchi,r60_s0,0,0,camouflage_feature_oracle,0.3,secgfd,train_on_variant,0.7740098342012512,0.4562368551572742,0.674368063249474,0.6838144659996033,4.829582746000597,50,49,0.7766620177992023,roc_auc,max_epochs,45954,8051348,175.2045135498047,175.0,175.2045135498047,175.0,0.2268800139427185,0.1452974677085876,/kaggle/working/gfd-robustness-v4-factorial-r1/graphs/base/yelpchi/r60_s0/graph.bin,/kaggle/working/gfd-robustness-v4-factorial-r1/graphs/variants/yelpchi/r60_s0/camouflage_feature_oracle/0.30/seed_0/graph.bin,/kaggle/working/gfd-robustness-v4-factorial-r1/graphs/variants/yelpchi/r60_s0/camouflage_feature_oracle/0.30/seed_0/graph.bin,ok,
gfd_robustness_benchmark_v4_factorial,yelpchi,r60_s0,0,1,camouflage_feature_oracle,0.3,mlp,train_clean_eval_all,0.7230335503890386,0.356551452116693,0.6298202192399747,0.6548792123794556,0.0885202280005614,100,100,0.7960902786221233,roc_auc,max_epochs,45954,8051348,175.2045135498047,175.0,175.2045135498047,175.0,0.2268800139427185,0.1452974677085876,/kaggle/working/gfd-robustness-v4-factorial-r1/graphs/base/yelpchi/r60_s0/graph.bin,/kaggle/working/gfd-robustness-v4-factorial-r1/graphs/variants/yelpchi/r60_s0/camouflage_feature_oracle/0.30/seed_0/graph.bin,/kaggle/working/gfd-robustness-v4-factorial-r1/graphs/base/yelpchi/r60_s0/graph.bin,ok,
gfd_robustness_benchmark_v4_factorial,yelpchi,r60_s0,0,1,camouflage_feature_oracle,0.3,mlp,train_on_variant,0.7164698575100309,0.3478649993401955,0.6267354474461355,0.6175838112831116,1.7907313010000507,100,100,0.7092728456075355,roc_auc,max_epochs,45954,8051348,175.2045135498047,175.0,175.2045135498047,175.0,0.2268800139427185,0.1452974677085876,/kaggle/working/gfd-robustness-v4-factorial-r1/graphs/base/yelpchi/r60_s0/graph.bin,/kaggle/working/gfd-robustness-v4-factorial-r1/graphs/variants/yelpchi/r60_s0/camouflage_feature_oracle/0.30/seed_0/graph.bin,/kaggle/working/gfd-robustness-v4-factorial-r1/graphs/variants/yelpchi/r60_s0/camouflage_feature_oracle/0.30/seed_0/graph.bin,ok,
gfd_robustness_benchmark_v4_factorial,yelpchi,r60_s0,0,1,camouflage_feature_oracle,0.3,pmp,train_clean_eval_all,0.781465756750247,0.4756070852205235,0.681674477921854,0.2552038431167602,0.3071592870001041,85,75,0.8577235807246035,roc_auc,early_stopping,45954,8051348,175.2045135498047,175.0,175.2045135498047,175.0,0.2268800139427185,0.1452974677085876,/kaggle/working/gfd-robustness-v4-factorial-r1/graphs/base/yelpchi/r60_s0/graph.bin,/kaggle/working/gfd-robustness-v4-factorial-r1/graphs/variants/yelpchi/r60_s0/camouflage_feature_oracle/0.30/seed_0/graph.bin,/kaggle/working/gfd-robustness-v4-factorial-r1/graphs/base/yelpchi/r60_s0/graph.bin,ok,
gfd_robustness_benchmark_v4_factorial,yelpchi,r60_s0,0,1,camouflage_feature_oracle,0.3,pmp,train_on_variant,0.7710554101826896,0.4423853665749055,0.6729085463535671,0.243050217628479,38.30393159699816,42,32,0.771021344261748,roc_auc,early_stopping,45954,8051348,175.2045135498047,175.0,175.2045135498047,175.0,0.2268800139427185,0.1452974677085876,/kaggle/working/gfd-robustness-v4-factorial-r1/graphs/base/yelpchi/r60_s0/graph.bin,/kaggle/working/gfd-robustness-v4-factorial-r1/graphs/variants/yelpchi/r60_s0/camouflage_feature_oracle/0.30/seed_0/graph.bin,/kaggle/working/gfd-robustness-v4-factorial-r1/graphs/variants/yelpchi/r60_s0/camouflage_feature_oracle/0.30/seed_0/graph.bin,ok,
gfd_robustness_benchmark_v4_factorial,yelpchi,r60_s0,0,1,camouflage_feature_oracle,0.3,sage,train_clean_eval_all,0.5612127482560337,0.1726591327018927,0.5247597793414768,0.2802307903766632,0.1560468600000604,23,13,0.6150002980043247,roc_auc,early_stopping,45954,8051348,175.2045135498047,175.0,175.2045135498047,175.0,0.2268800139427185,0.1452974677085876,/kaggle/working/gfd-robustness-v4-factorial-r1/graphs/base/yelpchi/r60_s0/graph.bin,/kaggle/working/gfd-robustness-v4-factorial-r1/graphs/variants/yelpchi/r60_s0/camouflage_feature_oracle/0.30/seed_0/graph.bin,/kaggle/working/gfd-robustness-v4-factorial-r1/graphs/base/yelpchi/r60_s0/graph.bin,ok,
gfd_robustness_benchmark_v4_factorial,yelpchi,r60_s0,0,1,camouflage_feature_oracle,0.3,sage,train_on_variant,0.7125345001189068,0.3432723522608301,0.6287305019239928,0.5897675156593323,3.2652064870017057,100,100,0.7025212596285197,roc_auc,max_epochs,45954,8051348,175.2045135498047,175.0,175.2045135498047,175.0,0.2268800139427185,0.1452974677085876,/kaggle/working/gfd-robustness-v4-factorial-r1/graphs/base/yelpchi/r60_s0/graph.bin,/kaggle/working/gfd-robustness-v4-factorial-r1/graphs/variants/yelpchi/r60_s0/camouflage_feature_oracle/0.30/seed_0/graph.bin,/kaggle/working/gfd-robustness-v4-factorial-r1/graphs/variants/yelpchi/r60_s0/camouflage_feature_oracle/0.30/seed_0/graph.bin,ok,
gfd_robustness_benchmark_v4_factorial,yelpchi,r60_s0,0,1,camouflage_feature_oracle,0.3,secgfd,train_clean_eval_all,0.7174869011976048,0.3539053106246687,0.6357754072530375,0.669256865978241,0.2157398749986896,50,50,0.7873268058466064,roc_auc,max_epochs,45954,8051348,175.2045135498047,175.0,175.2045135498047,175.0,0.2268800139427185,0.1452974677085876,/kaggle/working/gfd-robustness-v4-factorial-r1/graphs/base/yelpchi/r60_s0/graph.bin,/kaggle/working/gfd-robustness-v4-factorial-r1/graphs/variants/yelpchi/r60_s0/camouflage_feature_oracle/0.30/seed_0/graph.bin,/kaggle/working/gfd-robustness-v4-factorial-r1/graphs/base/yelpchi/r60_s0/graph.bin,ok,
gfd_robustness_benchmark_v4_factorial,yelpchi,r60_s0,0,1,camouflage_feature_oracle,0.3,secgfd,train_on_variant,0.7185334810267449,0.3625693908588525,0.6289787957054067,0.6485453248023987,4.796354629999769,50,50,0.7213073568923632,roc_auc,max_epochs,45954,8051348,175.2045135498047,175.0,175.2045135498047,175.0,0.2268800139427185,0.1452974677085876,/kaggle/working/gfd-robustness-v4-factorial-r1/graphs/base/yelpchi/r60_s0/graph.bin,/kaggle/working/gfd-robustness-v4-factorial-r1/graphs/variants/yelpchi/r60_s0/camouflage_feature_oracle/0.30/seed_0/graph.bin,/kaggle/working/gfd-robustness-v4-factorial-r1/graphs/variants/yelpchi/r60_s0/camouflage_feature_oracle/0.30/seed_0/graph.bin,ok,
gfd_robustness_benchmark_v4_factorial,yelpchi,r60_s0,0,2,camouflage_feature_oracle,0.3,mlp,train_clean_eval_all,0.7220267014341988,0.356784713869001,0.6283660305052907,0.6908261179924011,0.0922946659993613,100,100,0.797094624717194,roc_auc,max_epochs,45954,8051348,175.2045135498047,175.0,175.2045135498047,175.0,0.2268800139427185,0.1452974677085876,/kaggle/working/gfd-robustness-v4-factorial-r1/graphs/base/yelpchi/r60_s0/graph.bin,/kaggle/working/gfd-robustness-v4-factorial-r1/graphs/variants/yelpchi/r60_s0/camouflage_feature_oracle/0.30/seed_0/graph.bin,/kaggle/working/gfd-robustness-v4-factorial-r1/graphs/base/yelpchi/r60_s0/graph.bin,ok,
gfd_robustness_benchmark_v4_factorial,yelpchi,r60_s0,0,2,camouflage_feature_oracle,0.3,mlp,train_on_variant,0.7163893477047941,0.3491622996807892,0.6275070923079609,0.6260532736778259,1.838122157001635,100,100,0.7106279308725328,roc_auc,max_epochs,45954,8051348,175.2045135498047,175.0,175.2045135498047,175.0,0.2268800139427185,0.1452974677085876,/kaggle/working/gfd-robustness-v4-factorial-r1/graphs/base/yelpchi/r60_s0/graph.bin,/kaggle/working/gfd-robustness-v4-factorial-r1/graphs/variants/yelpchi/r60_s0/camouflage_feature_oracle/0.30/seed_0/graph.bin,/kaggle/working/gfd-robustness-v4-factorial-r1/graphs/variants/yelpchi/r60_s0/camouflage_feature_oracle/0.30/seed_0/graph.bin,ok,
gfd_robustness_benchmark_v4_factorial,yelpchi,r60_s0,0,2,camouflage_feature_oracle,0.3,pmp,train_clean_eval_all,0.769982152548264,0.4578993888374677,0.6825799277284907,0.402582585811615,0.2909309349997784,36,26,0.8494535554299965,roc_auc,early_stopping,45954,8051348,175.2045135498047,175.0,175.2045135498047,175.0,0.2268800139427185,0.1452974677085876,/kaggle/working/gfd-robustness-v4-factorial-r1/graphs/base/yelpchi/r60_s0/graph.bin,/kaggle/working/gfd-robustness-v4-factorial-r1/graphs/variants/yelpchi/r60_s0/camouflage_feature_oracle/0.30/seed_0/graph.bin,/kaggle/working/gfd-robustness-v4-factorial-r1/graphs/base/yelpchi/r60_s0/graph.bin,ok,
gfd_robustness_benchmark_v4_factorial,yelpchi,r60_s0,0,2,camouflage_feature_oracle,0.3,pmp,train_on_variant,0.7602858660225374,0.4242803381428023,0.6590194260031239,0.3219477534294128,33.0980799099998,36,26,0.7632385679580982,roc_auc,early_stopping,45954,8051348,175.2045135498047,175.0,175.2045135498047,175.0,0.2268800139427185,0.1452974677085876,/kaggle/working/gfd-robustness-v4-factorial-r1/graphs/base/yelpchi/r60_s0/graph.bin,/kaggle/working/gfd-robustness-v4-factorial-r1/graphs/variants/yelpchi/r60_s0/camouflage_feature_oracle/0.30/seed_0/graph.bin,/kaggle/working/gfd-robustness-v4-factorial-r1/graphs/variants/yelpchi/r60_s0/camouflage_feature_oracle/0.30/seed_0/graph.bin,ok,
gfd_robustness_benchmark_v4_factorial,yelpchi,r60_s0,0,2,camouflage_feature_oracle,0.3,sage,train_clean_eval_all,0.7191737959925363,0.355063608787508,0.6358100423873786,0.6172454953193665,0.1204157700012729,100,100,0.7885236865757396,roc_auc,max_epochs,45954,8051348,175.2045135498047,175.0,175.2045135498047,175.0,0.2268800139427185,0.1452974677085876,/kaggle/working/gfd-robustness-v4-factorial-r1/graphs/base/yelpchi/r60_s0/graph.bin,/kaggle/working/gfd-robustness-v4-factorial-r1/graphs/variants/yelpchi/r60_s0/camouflage_feature_oracle/0.30/seed_0/graph.bin,/kaggle/working/gfd-robustness-v4-factorial-r1/graphs/base/yelpchi/r60_s0/graph.bin,ok,
gfd_robustness_benchmark_v4_factorial,yelpchi,r60_s0,0,2,camouflage_feature_oracle,0.3,sage,train_on_variant,0.7208451604936766,0.3463390212359641,0.6302358593716575,0.6069386005401611,3.098507203998452,100,100,0.7080858347816343,roc_auc,max_epochs,45954,8051348,175.2045135498047,175.0,175.2045135498047,175.0,0.2268800139427185,0.1452974677085876,/kaggle/working/gfd-robustness-v4-factorial-r1/graphs/base/yelpchi/r60_s0/graph.bin,/kaggle/working/gfd-robustness-v4-factorial-r1/graphs/variants/yelpchi/r60_s0/camouflage_feature_oracle/0.30/seed_0/graph.bin,/kaggle/working/gfd-robustness-v4-factorial-r1/graphs/variants/yelpchi/r60_s0/camouflage_feature_oracle/0.30/seed_0/graph.bin,ok,
gfd_robustness_benchmark_v4_factorial,yelpchi,r60_s0,0,2,camouflage_feature_oracle,0.3,secgfd,train_clean_eval_all,0.7273338696842567,0.3814519615687093,0.6477526078028664,0.6859545111656189,0.1938261379982577,50,50,0.8053339913268821,roc_auc,max_epochs,45954,8051348,175.2045135498047,175.0,175.2045135498047,175.0,0.2268800139427185,0.1452974677085876,/kaggle/working/gfd-robustness-v4-factorial-r1/graphs/base/yelpchi/r60_s0/graph.bin,/kaggle/working/gfd-robustness-v4-factorial-r1/graphs/variants/yelpchi/r60_s0/camouflage_feature_oracle/0.30/seed_0/graph.bin,/kaggle/working/gfd-robustness-v4-factorial-r1/graphs/base/yelpchi/r60_s0/graph.bin,ok,
gfd_robustness_benchmark_v4_factorial,yelpchi,r60_s0,0,2,camouflage_feature_oracle,0.3,secgfd,train_on_variant,0.732834452022635,0.3778810817556206,0.645673357267747,0.6754401922225952,4.817173453000578,50,50,0.7334261676405448,roc_auc,max_epochs,45954,8051348,175.2045135498047,175.0,175.2045135498047,175.0,0.2268800139427185,0.1452974677085876,/kaggle/working/gfd-robustness-v4-factorial-r1/graphs/base/yelpchi/r60_s0/graph.bin,/kaggle/working/gfd-robustness-v4-factorial-r1/graphs/variants/yelpchi/r60_s0/camouflage_feature_oracle/0.30/seed_0/graph.bin,/kaggle/working/gfd-robustness-v4-factorial-r1/graphs/variants/yelpchi/r60_s0/camouflage_feature_oracle/0.30/seed_0/graph.bin,ok,
gfd_robustness_benchmark_v4_factorial,yelpchi,r60_s0,0,3,camouflage_feature_oracle,0.3,mlp,train_clean_eval_all,0.7207726063910875,0.352010090145605,0.6306993177715794,0.6890000104904175,0.0916894479996699,100,100,0.7965709953582847,roc_auc,max_epochs,45954,8051348,175.2045135498047,175.0,175.2045135498047,175.0,0.2268800139427185,0.1452974677085876,/kaggle/working/gfd-robustness-v4-factorial-r1/graphs/base/yelpchi/r60_s0/graph.bin,/kaggle/working/gfd-robustness-v4-factorial-r1/graphs/variants/yelpchi/r60_s0/camouflage_feature_oracle/0.30/seed_0/graph.bin,/kaggle/working/gfd-robustness-v4-factorial-r1/graphs/base/yelpchi/r60_s0/graph.bin,ok,
gfd_robustness_benchmark_v4_factorial,yelpchi,r60_s0,0,3,camouflage_feature_oracle,0.3,mlp,train_on_variant,0.7143518303261095,0.3433023639015532,0.62436512163481,0.6255848407745361,1.9637341130001005,100,100,0.7060204025680821,roc_auc,max_epochs,45954,8051348,175.2045135498047,175.0,175.2045135498047,175.0,0.2268800139427185,0.1452974677085876,/kaggle/working/gfd-robustness-v4-factorial-r1/graphs/base/yelpchi/r60_s0/graph.bin,/kaggle/working/gfd-robustness-v4-factorial-r1/graphs/variants/yelpchi/r60_s0/camouflage_feature_oracle/0.30/seed_0/graph.bin,/kaggle/working/gfd-robustness-v4-factorial-r1/graphs/variants/yelpchi/r60_s0/camouflage_feature_oracle/0.30/seed_0/graph.bin,ok,
gfd_robustness_benchmark_v4_factorial,yelpchi,r60_s0,0,3,camouflage_feature_oracle,0.3,pmp,train_clean_eval_all,0.7857532135322024,0.500749659299084,0.6993409842846338,0.311098039150238,0.2756815339998866,95,85,0.8754252760116055,roc_auc,early_stopping,45954,8051348,175.2045135498047,175.0,175.2045135498047,175.0,0.2268800139427185,0.1452974677085876,/kaggle/working/gfd-robustness-v4-factorial-r1/graphs/base/yelpchi/r60_s0/graph.bin,/kaggle/working/gfd-robustness-v4-factorial-r1/graphs/variants/yelpchi/r60_s0/camouflage_feature_oracle/0.30/seed_0/graph.bin,/kaggle/working/gfd-robustness-v4-factorial-r1/graphs/base/yelpchi/r60_s0/graph.bin,ok,
gfd_robustness_benchmark_v4_factorial,yelpchi,r60_s0,0,3,camouflage_feature_oracle,0.3,pmp,train_on_variant,0.7818920776064978,0.4733621040002518,0.6734367349555024,0.1882707923650741,54.852319137997256,61,51,0.7816777881880622,roc_auc,early_stopping,45954,8051348,175.2045135498047,175.0,175.2045135498047,175.0,0.2268800139427185,0.1452974677085876,/kaggle/working/gfd-robustness-v4-factorial-r1/graphs/base/yelpchi/r60_s0/graph.bin,/kaggle/working/gfd-robustness-v4-factorial-r1/graphs/variants/yelpchi/r60_s0/camouflage_feature_oracle/0.30/seed_0/graph.bin,/kaggle/working/gfd-robustness-v4-factorial-r1/graphs/variants/yelpchi/r60_s0/camouflage_feature_oracle/0.30/seed_0/graph.bin,ok,
gfd_robustness_benchmark_v4_factorial,yelpchi,r60_s0,0,3,camouflage_feature_oracle,0.3,sage,train_clean_eval_all,0.7197536571459932,0.3583609771917491,0.6392292180884621,0.678034782409668,0.1362385210013599,100,100,0.790009846062886,roc_auc,max_epochs,45954,8051348,175.2045135498047,175.0,175.2045135498047,175.0,0.2268800139427185,0.1452974677085876,/kaggle/working/gfd-robustness-v4-factorial-r1/graphs/base/yelpchi/r60_s0/graph.bin,/kaggle/working/gfd-robustness-v4-factorial-r1/graphs/variants/yelpchi/r60_s0/camouflage_feature_oracle/0.30/seed_0/graph.bin,/kaggle/working/gfd-robustness-v4-factorial-r1/graphs/base/yelpchi/r60_s0/graph.bin,ok,
gfd_robustness_benchmark_v4_factorial,yelpchi,r60_s0,0,3,camouflage_feature_oracle,0.3,sage,train_on_variant,0.7184937025135066,0.3549614597762044,0.6346970721495763,0.6388338804244995,3.269459850998828,100,100,0.7111481272216222,roc_auc,max_epochs,45954,8051348,175.2045135498047,175.0,175.2045135498047,175.0,0.2268800139427185,0.1452974677085876,/kaggle/working/gfd-robustness-v4-factorial-r1/graphs/base/yelpchi/r60_s0/graph.bin,/kaggle/working/gfd-robustness-v4-factorial-r1/graphs/variants/yelpchi/r60_s0/camouflage_feature_oracle/0.30/seed_0/graph.bin,/kaggle/working/gfd-robustness-v4-factorial-r1/graphs/variants/yelpchi/r60_s0/camouflage_feature_oracle/0.30/seed_0/graph.bin,ok,
gfd_robustness_benchmark_v4_factorial,yelpchi,r60_s0,0,3,camouflage_feature_oracle,0.3,secgfd,train_clean_eval_all,0.7170969288510556,0.3490740948519862,0.6252202170417411,0.7169128656387329,0.1680938000026799,50,50,0.7874013307681121,roc_auc,max_epochs,45954,8051348,175.2045135498047,175.0,175.2045135498047,175.0,0.2268800139427185,0.1452974677085876,/kaggle/working/gfd-robustness-v4-factorial-r1/graphs/base/yelpchi/r60_s0/graph.bin,/kaggle/working/gfd-robustness-v4-factorial-r1/graphs/variants/yelpchi/r60_s0/camouflage_feature_oracle/0.30/seed_0/graph.bin,/kaggle/working/gfd-robustness-v4-factorial-r1/graphs/base/yelpchi/r60_s0/graph.bin,ok,
gfd_robustness_benchmark_v4_factorial,yelpchi,r60_s0,0,3,camouflage_feature_oracle,0.3,secgfd,train_on_variant,0.7139580468645195,0.3520144760095308,0.6300431158575319,0.6785392165184021,4.802195887999915,50,49,0.7132366845707665,roc_auc,max_epochs,45954,8051348,175.2045135498047,175.0,175.2045135498047,175.0,0.2268800139427185,0.1452974677085876,/kaggle/working/gfd-robustness-v4-factorial-r1/graphs/base/yelpchi/r60_s0/graph.bin,/kaggle/working/gfd-robustness-v4-factorial-r1/graphs/variants/yelpchi/r60_s0/camouflage_feature_oracle/0.30/seed_0/graph.bin,/kaggle/working/gfd-robustness-v4-factorial-r1/graphs/variants/yelpchi/r60_s0/camouflage_feature_oracle/0.30/seed_0/graph.bin,ok,
gfd_robustness_benchmark_v4_factorial,yelpchi,r60_s0,0,4,camouflage_feature_oracle,0.3,mlp,train_clean_eval_all,0.7208235800547581,0.3594538446774404,0.6317363314160291,0.6745531558990479,0.0985639609971258,100,100,0.7943539385443562,roc_auc,max_epochs,45954,8051348,175.2045135498047,175.0,175.2045135498047,175.0,0.2268800139427185,0.1452974677085876,/kaggle/working/gfd-robustness-v4-factorial-r1/graphs/base/yelpchi/r60_s0/graph.bin,/kaggle/working/gfd-robustness-v4-factorial-r1/graphs/variants/yelpchi/r60_s0/camouflage_feature_oracle/0.30/seed_0/graph.bin,/kaggle/working/gfd-robustness-v4-factorial-r1/graphs/base/yelpchi/r60_s0/graph.bin,ok,
gfd_robustness_benchmark_v4_factorial,yelpchi,r60_s0,0,4,camouflage_feature_oracle,0.3,mlp,train_on_variant,0.7150757516281083,0.3475801258854825,0.6240166533371128,0.5973954796791077,1.815732511000533,100,100,0.7063230319198393,roc_auc,max_epochs,45954,8051348,175.2045135498047,175.0,175.2045135498047,175.0,0.2268800139427185,0.1452974677085876,/kaggle/working/gfd-robustness-v4-factorial-r1/graphs/base/yelpchi/r60_s0/graph.bin,/kaggle/working/gfd-robustness-v4-factorial-r1/graphs/variants/yelpchi/r60_s0/camouflage_feature_oracle/0.30/seed_0/graph.bin,/kaggle/working/gfd-robustness-v4-factorial-r1/graphs/variants/yelpchi/r60_s0/camouflage_feature_oracle/0.30/seed_0/graph.bin,ok,
gfd_robustness_benchmark_v4_factorial,yelpchi,r60_s0,0,4,camouflage_feature_oracle,0.3,pmp,train_clean_eval_all,0.7782152090930156,0.484126765314573,0.6832169203047416,0.2526274025440216,0.2792859840010351,72,62,0.8613409240994905,roc_auc,early_stopping,45954,8051348,175.2045135498047,175.0,175.2045135498047,175.0,0.2268800139427185,0.1452974677085876,/kaggle/working/gfd-robustness-v4-factorial-r1/graphs/base/yelpchi/r60_s0/graph.bin,/kaggle/working/gfd-robustness-v4-factorial-r1/graphs/variants/yelpchi/r60_s0/camouflage_feature_oracle/0.30/seed_0/graph.bin,/kaggle/working/gfd-robustness-v4-factorial-r1/graphs/base/yelpchi/r60_s0/graph.bin,ok,
gfd_robustness_benchmark_v4_factorial,yelpchi,r60_s0,0,4,camouflage_feature_oracle,0.3,pmp,train_on_variant,0.780011816362184,0.466608140934365,0.6757402492420079,0.1929753273725509,57.28146339999876,62,52,0.7840206266673342,roc_auc,early_stopping,45954,8051348,175.2045135498047,175.0,175.2045135498047,175.0,0.2268800139427185,0.1452974677085876,/kaggle/working/gfd-robustness-v4-factorial-r1/graphs/base/yelpchi/r60_s0/graph.bin,/kaggle/working/gfd-robustness-v4-factorial-r1/graphs/variants/yelpchi/r60_s0/camouflage_feature_oracle/0.30/seed_0/graph.bin,/kaggle/working/gfd-robustness-v4-factorial-r1/graphs/variants/yelpchi/r60_s0/camouflage_feature_oracle/0.30/seed_0/graph.bin,ok,
gfd_robustness_benchmark_v4_factorial,yelpchi,r60_s0,0,4,camouflage_feature_oracle,0.3,sage,train_clean_eval_all,0.7277253664768223,0.3583211728596591,0.6365125589676774,0.652508556842804,0.1368705300010333,100,99,0.7973325990506774,roc_auc,max_epochs,45954,8051348,175.2045135498047,175.0,175.2045135498047,175.0,0.2268800139427185,0.1452974677085876,/kaggle/working/gfd-robustness-v4-factorial-r1/graphs/base/yelpchi/r60_s0/graph.bin,/kaggle/working/gfd-robustness-v4-factorial-r1/graphs/variants/yelpchi/r60_s0/camouflage_feature_oracle/0.30/seed_0/graph.bin,/kaggle/working/gfd-robustness-v4-factorial-r1/graphs/base/yelpchi/r60_s0/graph.bin,ok,
gfd_robustness_benchmark_v4_factorial,yelpchi,r60_s0,0,4,camouflage_feature_oracle,0.3,sage,train_on_variant,0.5395403185482396,0.1693324201134513,0.5211042195301563,0.7377290725708008,0.7064658929994039,16,6,0.5466510750804016,roc_auc,early_stopping,45954,8051348,175.2045135498047,175.0,175.2045135498047,175.0,0.2268800139427185,0.1452974677085876,/kaggle/working/gfd-robustness-v4-factorial-r1/graphs/base/yelpchi/r60_s0/graph.bin,/kaggle/working/gfd-robustness-v4-factorial-r1/graphs/variants/yelpchi/r60_s0/camouflage_feature_oracle/0.30/seed_0/graph.bin,/kaggle/working/gfd-robustness-v4-factorial-r1/graphs/variants/yelpchi/r60_s0/camouflage_feature_oracle/0.30/seed_0/graph.bin,ok,
gfd_robustness_benchmark_v4_factorial,yelpchi,r60_s0,0,4,camouflage_feature_oracle,0.3,secgfd,train_clean_eval_all,0.7142202515793261,0.3432649990149096,0.6281878282480171,0.6925545334815979,0.1779807829989295,50,50,0.7887418257413752,roc_auc,max_epochs,45954,8051348,175.2045135498047,175.0,175.2045135498047,175.0,0.2268800139427185,0.1452974677085876,/kaggle/working/gfd-robustness-v4-factorial-r1/graphs/base/yelpchi/r60_s0/graph.bin,/kaggle/working/gfd-robustness-v4-factorial-r1/graphs/variants/yelpchi/r60_s0/camouflage_feature_oracle/0.30/seed_0/graph.bin,/kaggle/working/gfd-robustness-v4-factorial-r1/graphs/base/yelpchi/r60_s0/graph.bin,ok,
gfd_robustness_benchmark_v4_factorial,yelpchi,r60_s0,0,4,camouflage_feature_oracle,0.3,secgfd,train_on_variant,0.7208155767131724,0.3618770492740371,0.6429426755936353,0.6478107571601868,4.833110007000869,50,50,0.7261136183208291,roc_auc,max_epochs,45954,8051348,175.2045135498047,175.0,175.2045135498047,175.0,0.2268800139427185,0.1452974677085876,/kaggle/working/gfd-robustness-v4-factorial-r1/graphs/base/yelpchi/r60_s0/graph.bin,/kaggle/working/gfd-robustness-v4-factorial-r1/graphs/variants/yelpchi/r60_s0/camouflage_feature_oracle/0.30/seed_0/graph.bin,/kaggle/working/gfd-robustness-v4-factorial-r1/graphs/variants/yelpchi/r60_s0/camouflage_feature_oracle/0.30/seed_0/graph.bin,ok,
gfd_robustness_benchmark_v4_factorial,yelpchi,r60_s0,1,0,camouflage_feature_oracle,0.3,mlp,train_clean_eval_all,0.6657605899453638,0.2632254805086054,0.5877570208920831,0.504684567451477,0.0876328209997154,17,7,0.7453053352310248,roc_auc,early_stopping,45954,8051348,175.2045135498047,175.0,175.2045135498047,175.0,0.2268800139427185,0.1452974677085876,/kaggle/working/gfd-robustness-v4-factorial-r1/graphs/base/yelpchi/r60_s0/graph.bin,/kaggle/working/gfd-robustness-v4-factorial-r1/graphs/variants/yelpchi/r60_s0/camouflage_feature_oracle/0.30/seed_1/graph.bin,/kaggle/working/gfd-robustness-v4-factorial-r1/graphs/base/yelpchi/r60_s0/graph.bin,ok,
gfd_robustness_benchmark_v4_factorial,yelpchi,r60_s0,1,0,camouflage_feature_oracle,0.3,mlp,train_on_variant,0.7061254432326792,0.3379454191202032,0.6257414281942314,0.6431864500045776,1.9833299669990083,100,100,0.7110839490102681,roc_auc,max_epochs,45954,8051348,175.2045135498047,175.0,175.2045135498047,175.0,0.2268800139427185,0.1452974677085876,/kaggle/working/gfd-robustness-v4-factorial-r1/graphs/base/yelpchi/r60_s0/graph.bin,/kaggle/working/gfd-robustness-v4-factorial-r1/graphs/variants/yelpchi/r60_s0/camouflage_feature_oracle/0.30/seed_1/graph.bin,/kaggle/working/gfd-robustness-v4-factorial-r1/graphs/variants/yelpchi/r60_s0/camouflage_feature_oracle/0.30/seed_1/graph.bin,ok,
gfd_robustness_benchmark_v4_factorial,yelpchi,r60_s0,1,0,camouflage_feature_oracle,0.3,pmp,train_clean_eval_all,0.7590102381794456,0.4418082755796911,0.6584822451353916,0.2222334295511245,0.289678178000031,47,37,0.8544697072643919,roc_auc,early_stopping,45954,8051348,175.2045135498047,175.0,175.2045135498047,175.0,0.2268800139427185,0.1452974677085876,/kaggle/working/gfd-robustness-v4-factorial-r1/graphs/base/yelpchi/r60_s0/graph.bin,/kaggle/working/gfd-robustness-v4-factorial-r1/graphs/variants/yelpchi/r60_s0/camouflage_feature_oracle/0.30/seed_1/graph.bin,/kaggle/working/gfd-robustness-v4-factorial-r1/graphs/base/yelpchi/r60_s0/graph.bin,ok,
gfd_robustness_benchmark_v4_factorial,yelpchi,r60_s0,1,0,camouflage_feature_oracle,0.3,pmp,train_on_variant,0.7557448748124932,0.4302254284883153,0.6634019420027825,0.2198161482810974,44.21624386199983,47,37,0.7719277065348772,roc_auc,early_stopping,45954,8051348,175.2045135498047,175.0,175.2045135498047,175.0,0.2268800139427185,0.1452974677085876,/kaggle/working/gfd-robustness-v4-factorial-r1/graphs/base/yelpchi/r60_s0/graph.bin,/kaggle/working/gfd-robustness-v4-factorial-r1/graphs/variants/yelpchi/r60_s0/camouflage_feature_oracle/0.30/seed_1/graph.bin,/kaggle/working/gfd-robustness-v4-factorial-r1/graphs/variants/yelpchi/r60_s0/camouflage_feature_oracle/0.30/seed_1/graph.bin,ok,
gfd_robustness_benchmark_v4_factorial,yelpchi,r60_s0,1,0,camouflage_feature_oracle,0.3,sage,train_clean_eval_all,0.6977035935765943,0.3335157375093954,0.6136265807334323,0.6509830951690674,0.1394500019996485,100,100,0.7853851527093361,roc_auc,max_epochs,45954,8051348,175.2045135498047,175.0,175.2045135498047,175.0,0.2268800139427185,0.1452974677085876,/kaggle/working/gfd-robustness-v4-factorial-r1/graphs/base/yelpchi/r60_s0/graph.bin,/kaggle/working/gfd-robustness-v4-factorial-r1/graphs/variants/yelpchi/r60_s0/camouflage_feature_oracle/0.30/seed_1/graph.bin,/kaggle/working/gfd-robustness-v4-factorial-r1/graphs/base/yelpchi/r60_s0/graph.bin,ok,
gfd_robustness_benchmark_v4_factorial,yelpchi,r60_s0,1,0,camouflage_feature_oracle,0.3,sage,train_on_variant,0.7019667545001647,0.3243720694284527,0.613181581931582,0.5785914063453674,3.349743562997901,100,100,0.7079737851555702,roc_auc,max_epochs,45954,8051348,175.2045135498047,175.0,175.2045135498047,175.0,0.2268800139427185,0.1452974677085876,/kaggle/working/gfd-robustness-v4-factorial-r1/graphs/base/yelpchi/r60_s0/graph.bin,/kaggle/working/gfd-robustness-v4-factorial-r1/graphs/variants/yelpchi/r60_s0/camouflage_feature_oracle/0.30/seed_1/graph.bin,/kaggle/working/gfd-robustness-v4-factorial-r1/graphs/variants/yelpchi/r60_s0/camouflage_feature_oracle/0.30/seed_1/graph.bin,ok,
gfd_robustness_benchmark_v4_factorial,yelpchi,r60_s0,1,0,camouflage_feature_oracle,0.3,secgfd,train_clean_eval_all,0.710534474584436,0.361020212953606,0.6351945805645565,0.7366681694984436,0.2092270710018056,50,50,0.8122382508814968,roc_auc,max_epochs,45954,8051348,175.2045135498047,175.0,175.2045135498047,175.0,0.2268800139427185,0.1452974677085876,/kaggle/working/gfd-robustness-v4-factorial-r1/graphs/base/yelpchi/r60_s0/graph.bin,/kaggle/working/gfd-robustness-v4-factorial-r1/graphs/variants/yelpchi/r60_s0/camouflage_feature_oracle/0.30/seed_1/graph.bin,/kaggle/working/gfd-robustness-v4-factorial-r1/graphs/base/yelpchi/r60_s0/graph.bin,ok,
gfd_robustness_benchmark_v4_factorial,yelpchi,r60_s0,1,0,camouflage_feature_oracle,0.3,secgfd,train_on_variant,0.7536416156993548,0.404690913196673,0.6570390654557736,0.6252408623695374,4.832190731998708,50,50,0.7668097564231852,roc_auc,max_epochs,45954,8051348,175.2045135498047,175.0,175.2045135498047,175.0,0.2268800139427185,0.1452974677085876,/kaggle/working/gfd-robustness-v4-factorial-r1/graphs/base/yelpchi/r60_s0/graph.bin,/kaggle/working/gfd-robustness-v4-factorial-r1/graphs/variants/yelpchi/r60_s0/camouflage_feature_oracle/0.30/seed_1/graph.bin,/kaggle/working/gfd-robustness-v4-factorial-r1/graphs/variants/yelpchi/r60_s0/camouflage_feature_oracle/0.30/seed_1/graph.bin,ok,
gfd_robustness_benchmark_v4_factorial,yelpchi,r60_s0,1,1,camouflage_feature_oracle,0.3,mlp,train_clean_eval_all,0.7054927028580313,0.3341223299254777,0.6199352888533138,0.6548792123794556,0.0884877850003249,100,100,0.7960902786221233,roc_auc,max_epochs,45954,8051348,175.2045135498047,175.0,175.2045135498047,175.0,0.2268800139427185,0.1452974677085876,/kaggle/working/gfd-robustness-v4-factorial-r1/graphs/base/yelpchi/r60_s0/graph.bin,/kaggle/working/gfd-robustness-v4-factorial-r1/graphs/variants/yelpchi/r60_s0/camouflage_feature_oracle/0.30/seed_1/graph.bin,/kaggle/working/gfd-robustness-v4-factorial-r1/graphs/base/yelpchi/r60_s0/graph.bin,ok,
gfd_robustness_benchmark_v4_factorial,yelpchi,r60_s0,1,1,camouflage_feature_oracle,0.3,mlp,train_on_variant,0.7001504723495982,0.3271967614552764,0.6180465561588678,0.6125468015670776,1.8298092690019985,100,100,0.7053661281132512,roc_auc,max_epochs,45954,8051348,175.2045135498047,175.0,175.2045135498047,175.0,0.2268800139427185,0.1452974677085876,/kaggle/working/gfd-robustness-v4-factorial-r1/graphs/base/yelpchi/r60_s0/graph.bin,/kaggle/working/gfd-robustness-v4-factorial-r1/graphs/variants/yelpchi/r60_s0/camouflage_feature_oracle/0.30/seed_1/graph.bin,/kaggle/working/gfd-robustness-v4-factorial-r1/graphs/variants/yelpchi/r60_s0/camouflage_feature_oracle/0.30/seed_1/graph.bin,ok,
gfd_robustness_benchmark_v4_factorial,yelpchi,r60_s0,1,1,camouflage_feature_oracle,0.3,pmp,train_clean_eval_all,0.7595858118284815,0.4462820914987717,0.6709421216690195,0.2552038431167602,0.3128238130011596,85,75,0.8577235807246035,roc_auc,early_stopping,45954,8051348,175.2045135498047,175.0,175.2045135498047,175.0,0.2268800139427185,0.1452974677085876,/kaggle/working/gfd-robustness-v4-factorial-r1/graphs/base/yelpchi/r60_s0/graph.bin,/kaggle/working/gfd-robustness-v4-factorial-r1/graphs/variants/yelpchi/r60_s0/camouflage_feature_oracle/0.30/seed_1/graph.bin,/kaggle/working/gfd-robustness-v4-factorial-r1/graphs/base/yelpchi/r60_s0/graph.bin,ok,
gfd_robustness_benchmark_v4_factorial,yelpchi,r60_s0,1,1,camouflage_feature_oracle,0.3,pmp,train_on_variant,0.7487736784577484,0.4075294867739589,0.6589493672388121,0.2465387135744094,38.42310107799858,42,32,0.7674192110275905,roc_auc,early_stopping,45954,8051348,175.2045135498047,175.0,175.2045135498047,175.0,0.2268800139427185,0.1452974677085876,/kaggle/working/gfd-robustness-v4-factorial-r1/graphs/base/yelpchi/r60_s0/graph.bin,/kaggle/working/gfd-robustness-v4-factorial-r1/graphs/variants/yelpchi/r60_s0/camouflage_feature_oracle/0.30/seed_1/graph.bin,/kaggle/working/gfd-robustness-v4-factorial-r1/graphs/variants/yelpchi/r60_s0/camouflage_feature_oracle/0.30/seed_1/graph.bin,ok,
gfd_robustness_benchmark_v4_factorial,yelpchi,r60_s0,1,1,camouflage_feature_oracle,0.3,sage,train_clean_eval_all,0.5639143524305767,0.1730213039241302,0.5242795715592518,0.2802307903766632,0.1531441359984455,23,13,0.6150002980043247,roc_auc,early_stopping,45954,8051348,175.2045135498047,175.0,175.2045135498047,175.0,0.2268800139427185,0.1452974677085876,/kaggle/working/gfd-robustness-v4-factorial-r1/graphs/base/yelpchi/r60_s0/graph.bin,/kaggle/working/gfd-robustness-v4-factorial-r1/graphs/variants/yelpchi/r60_s0/camouflage_feature_oracle/0.30/seed_1/graph.bin,/kaggle/working/gfd-robustness-v4-factorial-r1/graphs/base/yelpchi/r60_s0/graph.bin,ok,
gfd_robustness_benchmark_v4_factorial,yelpchi,r60_s0,1,1,camouflage_feature_oracle,0.3,sage,train_on_variant,0.6820929805358733,0.2909052022881269,0.6045762307951105,0.5867000222206116,3.305341485000099,100,100,0.6906167735906183,roc_auc,max_epochs,45954,8051348,175.2045135498047,175.0,175.2045135498047,175.0,0.2268800139427185,0.1452974677085876,/kaggle/working/gfd-robustness-v4-factorial-r1/graphs/base/yelpchi/r60_s0/graph.bin,/kaggle/working/gfd-robustness-v4-factorial-r1/graphs/variants/yelpchi/r60_s0/camouflage_feature_oracle/0.30/seed_1/graph.bin,/kaggle/working/gfd-robustness-v4-factorial-r1/graphs/variants/yelpchi/r60_s0/camouflage_feature_oracle/0.30/seed_1/graph.bin,ok,
gfd_robustness_benchmark_v4_factorial,yelpchi,r60_s0,1,1,camouflage_feature_oracle,0.3,secgfd,train_clean_eval_all,0.6991286647682232,0.3340678321844955,0.626149705910175,0.669256865978241,0.1663673480034049,50,50,0.7873268058466064,roc_auc,max_epochs,45954,8051348,175.2045135498047,175.0,175.2045135498047,175.0,0.2268800139427185,0.1452974677085876,/kaggle/working/gfd-robustness-v4-factorial-r1/graphs/base/yelpchi/r60_s0/graph.bin,/kaggle/working/gfd-robustness-v4-factorial-r1/graphs/variants/yelpchi/r60_s0/camouflage_feature_oracle/0.30/seed_1/graph.bin,/kaggle/working/gfd-robustness-v4-factorial-r1/graphs/base/yelpchi/r60_s0/graph.bin,ok,
gfd_robustness_benchmark_v4_factorial,yelpchi,r60_s0,1,1,camouflage_feature_oracle,0.3,secgfd,train_on_variant,0.7244582881081015,0.3705811652270402,0.6424178380673029,0.676033616065979,4.730982676999702,50,50,0.7320080961814918,roc_auc,max_epochs,45954,8051348,175.2045135498047,175.0,175.2045135498047,175.0,0.2268800139427185,0.1452974677085876,/kaggle/working/gfd-robustness-v4-factorial-r1/graphs/base/yelpchi/r60_s0/graph.bin,/kaggle/working/gfd-robustness-v4-factorial-r1/graphs/variants/yelpchi/r60_s0/camouflage_feature_oracle/0.30/seed_1/graph.bin,/kaggle/working/gfd-robustness-v4-factorial-r1/graphs/variants/yelpchi/r60_s0/camouflage_feature_oracle/0.30/seed_1/graph.bin,ok,
gfd_robustness_benchmark_v4_factorial,yelpchi,r60_s0,1,2,camouflage_feature_oracle,0.3,mlp,train_clean_eval_all,0.705001211934583,0.33695392096525,0.620740942623009,0.6908261179924011,0.088245523002115,100,100,0.797094624717194,roc_auc,max_epochs,45954,8051348,175.2045135498047,175.0,175.2045135498047,175.0,0.2268800139427185,0.1452974677085876,/kaggle/working/gfd-robustness-v4-factorial-r1/graphs/base/yelpchi/r60_s0/graph.bin,/kaggle/working/gfd-robustness-v4-factorial-r1/graphs/variants/yelpchi/r60_s0/camouflage_feature_oracle/0.30/seed_1/graph.bin,/kaggle/working/gfd-robustness-v4-factorial-r1/graphs/base/yelpchi/r60_s0/graph.bin,ok,
gfd_robustness_benchmark_v4_factorial,yelpchi,r60_s0,1,2,camouflage_feature_oracle,0.3,mlp,train_on_variant,0.7012690822530092,0.3316596982549343,0.6184025291983133,0.6188254356384277,1.9574595000012776,100,100,0.7095868229639749,roc_auc,max_epochs,45954,8051348,175.2045135498047,175.0,175.2045135498047,175.0,0.2268800139427185,0.1452974677085876,/kaggle/working/gfd-robustness-v4-factorial-r1/graphs/base/yelpchi/r60_s0/graph.bin,/kaggle/working/gfd-robustness-v4-factorial-r1/graphs/variants/yelpchi/r60_s0/camouflage_feature_oracle/0.30/seed_1/graph.bin,/kaggle/working/gfd-robustness-v4-factorial-r1/graphs/variants/yelpchi/r60_s0/camouflage_feature_oracle/0.30/seed_1/graph.bin,ok,
gfd_robustness_benchmark_v4_factorial,yelpchi,r60_s0,1,2,camouflage_feature_oracle,0.3,pmp,train_clean_eval_all,0.7582578764314548,0.4299863949112787,0.666539936972214,0.402582585811615,0.3150731740024639,36,26,0.8494535554299965,roc_auc,early_stopping,45954,8051348,175.2045135498047,175.0,175.2045135498047,175.0,0.2268800139427185,0.1452974677085876,/kaggle/working/gfd-robustness-v4-factorial-r1/graphs/base/yelpchi/r60_s0/graph.bin,/kaggle/working/gfd-robustness-v4-factorial-r1/graphs/variants/yelpchi/r60_s0/camouflage_feature_oracle/0.30/seed_1/graph.bin,/kaggle/working/gfd-robustness-v4-factorial-r1/graphs/base/yelpchi/r60_s0/graph.bin,ok,
gfd_robustness_benchmark_v4_factorial,yelpchi,r60_s0,1,2,camouflage_feature_oracle,0.3,pmp,train_on_variant,0.7491927105564837,0.405302491547549,0.6537148084697796,0.2427139580249786,36.56337727999926,40,30,0.7636120508180815,roc_auc,early_stopping,45954,8051348,175.2045135498047,175.0,175.2045135498047,175.0,0.2268800139427185,0.1452974677085876,/kaggle/working/gfd-robustness-v4-factorial-r1/graphs/base/yelpchi/r60_s0/graph.bin,/kaggle/working/gfd-robustness-v4-factorial-r1/graphs/variants/yelpchi/r60_s0/camouflage_feature_oracle/0.30/seed_1/graph.bin,/kaggle/working/gfd-robustness-v4-factorial-r1/graphs/variants/yelpchi/r60_s0/camouflage_feature_oracle/0.30/seed_1/graph.bin,ok,
gfd_robustness_benchmark_v4_factorial,yelpchi,r60_s0,1,2,camouflage_feature_oracle,0.3,sage,train_clean_eval_all,0.7004702725404588,0.3286657359672273,0.6174892639064755,0.6172454953193665,0.1136821790023532,100,100,0.7885236865757396,roc_auc,max_epochs,45954,8051348,175.2045135498047,175.0,175.2045135498047,175.0,0.2268800139427185,0.1452974677085876,/kaggle/working/gfd-robustness-v4-factorial-r1/graphs/base/yelpchi/r60_s0/graph.bin,/kaggle/working/gfd-robustness-v4-factorial-r1/graphs/variants/yelpchi/r60_s0/camouflage_feature_oracle/0.30/seed_1/graph.bin,/kaggle/working/gfd-robustness-v4-factorial-r1/graphs/base/yelpchi/r60_s0/graph.bin,ok,
gfd_robustness_benchmark_v4_factorial,yelpchi,r60_s0,1,2,camouflage_feature_oracle,0.3,sage,train_on_variant,0.7031628253167799,0.3212004483235319,0.6159098623349785,0.5683949589729309,3.268305549001525,100,100,0.7086305390063821,roc_auc,max_epochs,45954,8051348,175.2045135498047,175.0,175.2045135498047,175.0,0.2268800139427185,0.1452974677085876,/kaggle/working/gfd-robustness-v4-factorial-r1/graphs/base/yelpchi/r60_s0/graph.bin,/kaggle/working/gfd-robustness-v4-factorial-r1/graphs/variants/yelpchi/r60_s0/camouflage_feature_oracle/0.30/seed_1/graph.bin,/kaggle/working/gfd-robustness-v4-factorial-r1/graphs/variants/yelpchi/r60_s0/camouflage_feature_oracle/0.30/seed_1/graph.bin,ok,
gfd_robustness_benchmark_v4_factorial,yelpchi,r60_s0,1,2,camouflage_feature_oracle,0.3,secgfd,train_clean_eval_all,0.7135645968754954,0.3645270364033365,0.6387200380916386,0.6859545111656189,0.1904531479995057,50,50,0.8053339913268821,roc_auc,max_epochs,45954,8051348,175.2045135498047,175.0,175.2045135498047,175.0,0.2268800139427185,0.1452974677085876,/kaggle/working/gfd-robustness-v4-factorial-r1/graphs/base/yelpchi/r60_s0/graph.bin,/kaggle/working/gfd-robustness-v4-factorial-r1/graphs/variants/yelpchi/r60_s0/camouflage_feature_oracle/0.30/seed_1/graph.bin,/kaggle/working/gfd-robustness-v4-factorial-r1/graphs/base/yelpchi/r60_s0/graph.bin,ok,
gfd_robustness_benchmark_v4_factorial,yelpchi,r60_s0,1,2,camouflage_feature_oracle,0.3,secgfd,train_on_variant,0.7118423063496225,0.3575989228141965,0.6342818196617235,0.6302982568740845,4.840498342000501,50,49,0.7237693017401069,roc_auc,max_epochs,45954,8051348,175.2045135498047,175.0,175.2045135498047,175.0,0.2268800139427185,0.1452974677085876,/kaggle/working/gfd-robustness-v4-factorial-r1/graphs/base/yelpchi/r60_s0/graph.bin,/kaggle/working/gfd-robustness-v4-factorial-r1/graphs/variants/yelpchi/r60_s0/camouflage_feature_oracle/0.30/seed_1/graph.bin,/kaggle/working/gfd-robustness-v4-factorial-r1/graphs/variants/yelpchi/r60_s0/camouflage_feature_oracle/0.30/seed_1/graph.bin,ok,
gfd_robustness_benchmark_v4_factorial,yelpchi,r60_s0,1,3,camouflage_feature_oracle,0.3,mlp,train_clean_eval_all,0.7051592302919619,0.3304860872606592,0.619103748493447,0.6890000104904175,0.0931606600024679,100,100,0.7965709953582847,roc_auc,max_epochs,45954,8051348,175.2045135498047,175.0,175.2045135498047,175.0,0.2268800139427185,0.1452974677085876,/kaggle/working/gfd-robustness-v4-factorial-r1/graphs/base/yelpchi/r60_s0/graph.bin,/kaggle/working/gfd-robustness-v4-factorial-r1/graphs/variants/yelpchi/r60_s0/camouflage_feature_oracle/0.30/seed_1/graph.bin,/kaggle/working/gfd-robustness-v4-factorial-r1/graphs/base/yelpchi/r60_s0/graph.bin,ok,
gfd_robustness_benchmark_v4_factorial,yelpchi,r60_s0,1,3,camouflage_feature_oracle,0.3,mlp,train_on_variant,0.6962236899673159,0.319223144639063,0.6151287277999276,0.6287655830383301,1.703477203998773,100,100,0.7020740147381018,roc_auc,max_epochs,45954,8051348,175.2045135498047,175.0,175.2045135498047,175.0,0.2268800139427185,0.1452974677085876,/kaggle/working/gfd-robustness-v4-factorial-r1/graphs/base/yelpchi/r60_s0/graph.bin,/kaggle/working/gfd-robustness-v4-factorial-r1/graphs/variants/yelpchi/r60_s0/camouflage_feature_oracle/0.30/seed_1/graph.bin,/kaggle/working/gfd-robustness-v4-factorial-r1/graphs/variants/yelpchi/r60_s0/camouflage_feature_oracle/0.30/seed_1/graph.bin,ok,
gfd_robustness_benchmark_v4_factorial,yelpchi,r60_s0,1,3,camouflage_feature_oracle,0.3,pmp,train_clean_eval_all,0.7668720921192239,0.469857007225109,0.6823152847696361,0.311098039150238,0.2734003170007781,95,85,0.8754252760116055,roc_auc,early_stopping,45954,8051348,175.2045135498047,175.0,175.2045135498047,175.0,0.2268800139427185,0.1452974677085876,/kaggle/working/gfd-robustness-v4-factorial-r1/graphs/base/yelpchi/r60_s0/graph.bin,/kaggle/working/gfd-robustness-v4-factorial-r1/graphs/variants/yelpchi/r60_s0/camouflage_feature_oracle/0.30/seed_1/graph.bin,/kaggle/working/gfd-robustness-v4-factorial-r1/graphs/base/yelpchi/r60_s0/graph.bin,ok,
gfd_robustness_benchmark_v4_factorial,yelpchi,r60_s0,1,3,camouflage_feature_oracle,0.3,pmp,train_on_variant,0.7706819685476298,0.4406891421966676,0.6619737126197466,0.2351522445678711,54.36169449099907,61,51,0.7819038423485601,roc_auc,early_stopping,45954,8051348,175.2045135498047,175.0,175.2045135498047,175.0,0.2268800139427185,0.1452974677085876,/kaggle/working/gfd-robustness-v4-factorial-r1/graphs/base/yelpchi/r60_s0/graph.bin,/kaggle/working/gfd-robustness-v4-factorial-r1/graphs/variants/yelpchi/r60_s0/camouflage_feature_oracle/0.30/seed_1/graph.bin,/kaggle/working/gfd-robustness-v4-factorial-r1/graphs/variants/yelpchi/r60_s0/camouflage_feature_oracle/0.30/seed_1/graph.bin,ok,
gfd_robustness_benchmark_v4_factorial,yelpchi,r60_s0,1,3,camouflage_feature_oracle,0.3,sage,train_clean_eval_all,0.7006537777296731,0.3304722885761781,0.6207781800143125,0.678034782409668,0.1666416339976422,100,100,0.790009846062886,roc_auc,max_epochs,45954,8051348,175.2045135498047,175.0,175.2045135498047,175.0,0.2268800139427185,0.1452974677085876,/kaggle/working/gfd-robustness-v4-factorial-r1/graphs/base/yelpchi/r60_s0/graph.bin,/kaggle/working/gfd-robustness-v4-factorial-r1/graphs/variants/yelpchi/r60_s0/camouflage_feature_oracle/0.30/seed_1/graph.bin,/kaggle/working/gfd-robustness-v4-factorial-r1/graphs/base/yelpchi/r60_s0/graph.bin,ok,
gfd_robustness_benchmark_v4_factorial,yelpchi,r60_s0,1,3,camouflage_feature_oracle,0.3,sage,train_on_variant,0.6972011933363416,0.3195032931312245,0.6132234959876552,0.591140627861023,3.1979543730012665,100,95,0.7057913445239917,roc_auc,max_epochs,45954,8051348,175.2045135498047,175.0,175.2045135498047,175.0,0.2268800139427185,0.1452974677085876,/kaggle/working/gfd-robustness-v4-factorial-r1/graphs/base/yelpchi/r60_s0/graph.bin,/kaggle/working/gfd-robustness-v4-factorial-r1/graphs/variants/yelpchi/r60_s0/camouflage_feature_oracle/0.30/seed_1/graph.bin,/kaggle/working/gfd-robustness-v4-factorial-r1/graphs/variants/yelpchi/r60_s0/camouflage_feature_oracle/0.30/seed_1/graph.bin,ok,
gfd_robustness_benchmark_v4_factorial,yelpchi,r60_s0,1,3,camouflage_feature_oracle,0.3,secgfd,train_clean_eval_all,0.7010028282284718,0.3292277108061083,0.6166197123415236,0.7169128656387329,0.1685584169972571,50,50,0.7874013307681121,roc_auc,max_epochs,45954,8051348,175.2045135498047,175.0,175.2045135498047,175.0,0.2268800139427185,0.1452974677085876,/kaggle/working/gfd-robustness-v4-factorial-r1/graphs/base/yelpchi/r60_s0/graph.bin,/kaggle/working/gfd-robustness-v4-factorial-r1/graphs/variants/yelpchi/r60_s0/camouflage_feature_oracle/0.30/seed_1/graph.bin,/kaggle/working/gfd-robustness-v4-factorial-r1/graphs/base/yelpchi/r60_s0/graph.bin,ok,
gfd_robustness_benchmark_v4_factorial,yelpchi,r60_s0,1,3,camouflage_feature_oracle,0.3,secgfd,train_on_variant,0.6964758428662025,0.3297578390045395,0.6211718140379578,0.6636766195297241,4.673519644000407,50,50,0.7082887638065404,roc_auc,max_epochs,45954,8051348,175.2045135498047,175.0,175.2045135498047,175.0,0.2268800139427185,0.1452974677085876,/kaggle/working/gfd-robustness-v4-factorial-r1/graphs/base/yelpchi/r60_s0/graph.bin,/kaggle/working/gfd-robustness-v4-factorial-r1/graphs/variants/yelpchi/r60_s0/camouflage_feature_oracle/0.30/seed_1/graph.bin,/kaggle/working/gfd-robustness-v4-factorial-r1/graphs/variants/yelpchi/r60_s0/camouflage_feature_oracle/0.30/seed_1/graph.bin,ok,
gfd_robustness_benchmark_v4_factorial,yelpchi,r60_s0,1,4,camouflage_feature_oracle,0.3,mlp,train_clean_eval_all,0.7037303003463541,0.3394221974536234,0.6220629822528287,0.6745531558990479,0.0975570390000939,100,100,0.7943539385443562,roc_auc,max_epochs,45954,8051348,175.2045135498047,175.0,175.2045135498047,175.0,0.2268800139427185,0.1452974677085876,/kaggle/working/gfd-robustness-v4-factorial-r1/graphs/base/yelpchi/r60_s0/graph.bin,/kaggle/working/gfd-robustness-v4-factorial-r1/graphs/variants/yelpchi/r60_s0/camouflage_feature_oracle/0.30/seed_1/graph.bin,/kaggle/working/gfd-robustness-v4-factorial-r1/graphs/base/yelpchi/r60_s0/graph.bin,ok,
gfd_robustness_benchmark_v4_factorial,yelpchi,r60_s0,1,4,camouflage_feature_oracle,0.3,mlp,train_on_variant,0.6982123297956023,0.3296975136677318,0.6145979538271781,0.6191574931144714,1.743178578999505,100,100,0.7050579201205368,roc_auc,max_epochs,45954,8051348,175.2045135498047,175.0,175.2045135498047,175.0,0.2268800139427185,0.1452974677085876,/kaggle/working/gfd-robustness-v4-factorial-r1/graphs/base/yelpchi/r60_s0/graph.bin,/kaggle/working/gfd-robustness-v4-factorial-r1/graphs/variants/yelpchi/r60_s0/camouflage_feature_oracle/0.30/seed_1/graph.bin,/kaggle/working/gfd-robustness-v4-factorial-r1/graphs/variants/yelpchi/r60_s0/camouflage_feature_oracle/0.30/seed_1/graph.bin,ok,
gfd_robustness_benchmark_v4_factorial,yelpchi,r60_s0,1,4,camouflage_feature_oracle,0.3,pmp,train_clean_eval_all,0.7649127025988756,0.4596666823309946,0.6752848420595485,0.2526274025440216,0.2740471639990574,72,62,0.8613409240994905,roc_auc,early_stopping,45954,8051348,175.2045135498047,175.0,175.2045135498047,175.0,0.2268800139427185,0.1452974677085876,/kaggle/working/gfd-robustness-v4-factorial-r1/graphs/base/yelpchi/r60_s0/graph.bin,/kaggle/working/gfd-robustness-v4-factorial-r1/graphs/variants/yelpchi/r60_s0/camouflage_feature_oracle/0.30/seed_1/graph.bin,/kaggle/working/gfd-robustness-v4-factorial-r1/graphs/base/yelpchi/r60_s0/graph.bin,ok,
gfd_robustness_benchmark_v4_factorial,yelpchi,r60_s0,1,4,camouflage_feature_oracle,0.3,pmp,train_on_variant,0.7691672408746661,0.4513969801570548,0.6723228609909269,0.2167595028877258,62.7355938940018,72,62,0.7867394274025704,roc_auc,early_stopping,45954,8051348,175.2045135498047,175.0,175.2045135498047,175.0,0.2268800139427185,0.1452974677085876,/kaggle/working/gfd-robustness-v4-factorial-r1/graphs/base/yelpchi/r60_s0/graph.bin,/kaggle/working/gfd-robustness-v4-factorial-r1/graphs/variants/yelpchi/r60_s0/camouflage_feature_oracle/0.30/seed_1/graph.bin,/kaggle/working/gfd-robustness-v4-factorial-r1/graphs/variants/yelpchi/r60_s0/camouflage_feature_oracle/0.30/seed_1/graph.bin,ok,
gfd_robustness_benchmark_v4_factorial,yelpchi,r60_s0,1,4,camouflage_feature_oracle,0.3,sage,train_clean_eval_all,0.7082465193086332,0.331294821002749,0.6164106746352116,0.652508556842804,0.1355725899993558,100,99,0.7973325990506774,roc_auc,max_epochs,45954,8051348,175.2045135498047,175.0,175.2045135498047,175.0,0.2268800139427185,0.1452974677085876,/kaggle/working/gfd-robustness-v4-factorial-r1/graphs/base/yelpchi/r60_s0/graph.bin,/kaggle/working/gfd-robustness-v4-factorial-r1/graphs/variants/yelpchi/r60_s0/camouflage_feature_oracle/0.30/seed_1/graph.bin,/kaggle/working/gfd-robustness-v4-factorial-r1/graphs/base/yelpchi/r60_s0/graph.bin,ok,
gfd_robustness_benchmark_v4_factorial,yelpchi,r60_s0,1,4,camouflage_feature_oracle,0.3,sage,train_on_variant,0.5427396543471102,0.1686975470166376,0.5305410280479976,0.7441510558128357,0.7400608220013964,16,6,0.5396396770109928,roc_auc,early_stopping,45954,8051348,175.2045135498047,175.0,175.2045135498047,175.0,0.2268800139427185,0.1452974677085876,/kaggle/working/gfd-robustness-v4-factorial-r1/graphs/base/yelpchi/r60_s0/graph.bin,/kaggle/working/gfd-robustness-v4-factorial-r1/graphs/variants/yelpchi/r60_s0/camouflage_feature_oracle/0.30/seed_1/graph.bin,/kaggle/working/gfd-robustness-v4-factorial-r1/graphs/variants/yelpchi/r60_s0/camouflage_feature_oracle/0.30/seed_1/graph.bin,ok,
gfd_robustness_benchmark_v4_factorial,yelpchi,r60_s0,1,4,camouflage_feature_oracle,0.3,secgfd,train_clean_eval_all,0.6962972444876032,0.3205127554983454,0.6180205460601481,0.6925545334815979,0.1673961369997414,50,50,0.7887418257413752,roc_auc,max_epochs,45954,8051348,175.2045135498047,175.0,175.2045135498047,175.0,0.2268800139427185,0.1452974677085876,/kaggle/working/gfd-robustness-v4-factorial-r1/graphs/base/yelpchi/r60_s0/graph.bin,/kaggle/working/gfd-robustness-v4-factorial-r1/graphs/variants/yelpchi/r60_s0/camouflage_feature_oracle/0.30/seed_1/graph.bin,/kaggle/working/gfd-robustness-v4-factorial-r1/graphs/base/yelpchi/r60_s0/graph.bin,ok,
gfd_robustness_benchmark_v4_factorial,yelpchi,r60_s0,1,4,camouflage_feature_oracle,0.3,secgfd,train_on_variant,0.7080759719105577,0.3357952631447545,0.6225734492447097,0.6803687810897827,4.654675053001483,50,50,0.7156252011529192,roc_auc,max_epochs,45954,8051348,175.2045135498047,175.0,175.2045135498047,175.0,0.2268800139427185,0.1452974677085876,/kaggle/working/gfd-robustness-v4-factorial-r1/graphs/base/yelpchi/r60_s0/graph.bin,/kaggle/working/gfd-robustness-v4-factorial-r1/graphs/variants/yelpchi/r60_s0/camouflage_feature_oracle/0.30/seed_1/graph.bin,/kaggle/working/gfd-robustness-v4-factorial-r1/graphs/variants/yelpchi/r60_s0/camouflage_feature_oracle/0.30/seed_1/graph.bin,ok,
gfd_robustness_benchmark_v4_factorial,yelpchi,r60_s0,0,0,camouflage_relation_oracle,0.15,mlp,train_clean_eval_all,0.7500588817273802,0.3386673790685267,0.6257580788607755,0.504684567451477,0.0906760329999087,17,7,0.7453053352310248,roc_auc,early_stopping,45954,8071230,175.6371612548828,176.0,175.6371612548828,176.0,0.2312477827072143,0.1452974677085876,/kaggle/working/gfd-robustness-v4-factorial-r1/graphs/base/yelpchi/r60_s0/graph.bin,/kaggle/working/gfd-robustness-v4-factorial-r1/graphs/variants/yelpchi/r60_s0/camouflage_relation_oracle/0.15/seed_0/graph.bin,/kaggle/working/gfd-robustness-v4-factorial-r1/graphs/base/yelpchi/r60_s0/graph.bin,ok,
gfd_robustness_benchmark_v4_factorial,yelpchi,r60_s0,0,0,camouflage_relation_oracle,0.15,mlp,train_on_variant,0.7500588817273802,0.3386673790685267,0.6257580788607755,0.504684567451477,0.4588520389988844,17,7,0.7453053352310248,roc_auc,early_stopping,45954,8071230,175.6371612548828,176.0,175.6371612548828,176.0,0.2312477827072143,0.1452974677085876,/kaggle/working/gfd-robustness-v4-factorial-r1/graphs/base/yelpchi/r60_s0/graph.bin,/kaggle/working/gfd-robustness-v4-factorial-r1/graphs/variants/yelpchi/r60_s0/camouflage_relation_oracle/0.15/seed_0/graph.bin,/kaggle/working/gfd-robustness-v4-factorial-r1/graphs/variants/yelpchi/r60_s0/camouflage_relation_oracle/0.15/seed_0/graph.bin,ok,
gfd_robustness_benchmark_v4_factorial,yelpchi,r60_s0,0,0,camouflage_relation_oracle,0.15,pmp,train_clean_eval_all,0.8516306236813542,0.5721005513193418,0.7211827370980328,0.2222334295511245,0.2896517240005778,47,37,0.8544697072643919,roc_auc,early_stopping,45954,8071230,175.6371612548828,176.0,175.6371612548828,176.0,0.2312477827072143,0.1452974677085876,/kaggle/working/gfd-robustness-v4-factorial-r1/graphs/base/yelpchi/r60_s0/graph.bin,/kaggle/working/gfd-robustness-v4-factorial-r1/graphs/variants/yelpchi/r60_s0/camouflage_relation_oracle/0.15/seed_0/graph.bin,/kaggle/working/gfd-robustness-v4-factorial-r1/graphs/base/yelpchi/r60_s0/graph.bin,ok,
gfd_robustness_benchmark_v4_factorial,yelpchi,r60_s0,0,0,camouflage_relation_oracle,0.15,pmp,train_on_variant,0.8573153781540788,0.5812268298515813,0.7292615288166204,0.3578076064586639,68.19439514999976,76,66,0.8550572764311956,roc_auc,early_stopping,45954,8071230,175.6371612548828,176.0,175.6371612548828,176.0,0.2312477827072143,0.1452974677085876,/kaggle/working/gfd-robustness-v4-factorial-r1/graphs/base/yelpchi/r60_s0/graph.bin,/kaggle/working/gfd-robustness-v4-factorial-r1/graphs/variants/yelpchi/r60_s0/camouflage_relation_oracle/0.15/seed_0/graph.bin,/kaggle/working/gfd-robustness-v4-factorial-r1/graphs/variants/yelpchi/r60_s0/camouflage_relation_oracle/0.15/seed_0/graph.bin,ok,
gfd_robustness_benchmark_v4_factorial,yelpchi,r60_s0,0,0,camouflage_relation_oracle,0.15,sage,train_clean_eval_all,0.7944127338500189,0.4418845411466192,0.6656685688975642,0.6509830951690674,0.1398495770008594,100,100,0.7853851527093361,roc_auc,max_epochs,45954,8071230,175.6371612548828,176.0,175.6371612548828,176.0,0.2312477827072143,0.1452974677085876,/kaggle/working/gfd-robustness-v4-factorial-r1/graphs/base/yelpchi/r60_s0/graph.bin,/kaggle/working/gfd-robustness-v4-factorial-r1/graphs/variants/yelpchi/r60_s0/camouflage_relation_oracle/0.15/seed_0/graph.bin,/kaggle/working/gfd-robustness-v4-factorial-r1/graphs/base/yelpchi/r60_s0/graph.bin,ok,
gfd_robustness_benchmark_v4_factorial,yelpchi,r60_s0,0,0,camouflage_relation_oracle,0.15,sage,train_on_variant,0.8109119560014391,0.4575715854515178,0.6816715223432281,0.6653355360031128,3.2219937670015497,100,100,0.8013549899036135,roc_auc,max_epochs,45954,8071230,175.6371612548828,176.0,175.6371612548828,176.0,0.2312477827072143,0.1452974677085876,/kaggle/working/gfd-robustness-v4-factorial-r1/graphs/base/yelpchi/r60_s0/graph.bin,/kaggle/working/gfd-robustness-v4-factorial-r1/graphs/variants/yelpchi/r60_s0/camouflage_relation_oracle/0.15/seed_0/graph.bin,/kaggle/working/gfd-robustness-v4-factorial-r1/graphs/variants/yelpchi/r60_s0/camouflage_relation_oracle/0.15/seed_0/graph.bin,ok,
gfd_robustness_benchmark_v4_factorial,yelpchi,r60_s0,0,0,camouflage_relation_oracle,0.15,secgfd,train_clean_eval_all,0.8195417496219374,0.4779475590393084,0.6921840466144263,0.7366681694984436,0.1945254640013445,50,50,0.8122382508814968,roc_auc,max_epochs,45954,8071230,175.6371612548828,176.0,175.6371612548828,176.0,0.2312477827072143,0.1452974677085876,/kaggle/working/gfd-robustness-v4-factorial-r1/graphs/base/yelpchi/r60_s0/graph.bin,/kaggle/working/gfd-robustness-v4-factorial-r1/graphs/variants/yelpchi/r60_s0/camouflage_relation_oracle/0.15/seed_0/graph.bin,/kaggle/working/gfd-robustness-v4-factorial-r1/graphs/base/yelpchi/r60_s0/graph.bin,ok,
gfd_robustness_benchmark_v4_factorial,yelpchi,r60_s0,0,0,camouflage_relation_oracle,0.15,secgfd,train_on_variant,0.8257411475419832,0.4857639981629871,0.6909520207230131,0.7139118313789368,4.696321841998724,50,49,0.8172822482399864,roc_auc,max_epochs,45954,8071230,175.6371612548828,176.0,175.6371612548828,176.0,0.2312477827072143,0.1452974677085876,/kaggle/working/gfd-robustness-v4-factorial-r1/graphs/base/yelpchi/r60_s0/graph.bin,/kaggle/working/gfd-robustness-v4-factorial-r1/graphs/variants/yelpchi/r60_s0/camouflage_relation_oracle/0.15/seed_0/graph.bin,/kaggle/working/gfd-robustness-v4-factorial-r1/graphs/variants/yelpchi/r60_s0/camouflage_relation_oracle/0.15/seed_0/graph.bin,ok,
gfd_robustness_benchmark_v4_factorial,yelpchi,r60_s0,0,1,camouflage_relation_oracle,0.15,mlp,train_clean_eval_all,0.8072627657109407,0.4418110196452536,0.668932800089991,0.6548792123794556,0.0895447549992241,100,100,0.7960902786221233,roc_auc,max_epochs,45954,8071230,175.6371612548828,176.0,175.6371612548828,176.0,0.2312477827072143,0.1452974677085876,/kaggle/working/gfd-robustness-v4-factorial-r1/graphs/base/yelpchi/r60_s0/graph.bin,/kaggle/working/gfd-robustness-v4-factorial-r1/graphs/variants/yelpchi/r60_s0/camouflage_relation_oracle/0.15/seed_0/graph.bin,/kaggle/working/gfd-robustness-v4-factorial-r1/graphs/base/yelpchi/r60_s0/graph.bin,ok,
gfd_robustness_benchmark_v4_factorial,yelpchi,r60_s0,0,1,camouflage_relation_oracle,0.15,mlp,train_on_variant,0.8072627657109407,0.4418110196452536,0.668932800089991,0.6548792123794556,1.6537095220010087,100,100,0.7960902786221233,roc_auc,max_epochs,45954,8071230,175.6371612548828,176.0,175.6371612548828,176.0,0.2312477827072143,0.1452974677085876,/kaggle/working/gfd-robustness-v4-factorial-r1/graphs/base/yelpchi/r60_s0/graph.bin,/kaggle/working/gfd-robustness-v4-factorial-r1/graphs/variants/yelpchi/r60_s0/camouflage_relation_oracle/0.15/seed_0/graph.bin,/kaggle/working/gfd-robustness-v4-factorial-r1/graphs/variants/yelpchi/r60_s0/camouflage_relation_oracle/0.15/seed_0/graph.bin,ok,
gfd_robustness_benchmark_v4_factorial,yelpchi,r60_s0,0,1,camouflage_relation_oracle,0.15,pmp,train_clean_eval_all,0.8567181287882484,0.5724937122031554,0.7270706399802646,0.2552038431167602,0.3315841379990161,85,75,0.8577235807246035,roc_auc,early_stopping,45954,8071230,175.6371612548828,176.0,175.6371612548828,176.0,0.2312477827072143,0.1452974677085876,/kaggle/working/gfd-robustness-v4-factorial-r1/graphs/base/yelpchi/r60_s0/graph.bin,/kaggle/working/gfd-robustness-v4-factorial-r1/graphs/variants/yelpchi/r60_s0/camouflage_relation_oracle/0.15/seed_0/graph.bin,/kaggle/working/gfd-robustness-v4-factorial-r1/graphs/base/yelpchi/r60_s0/graph.bin,ok,
gfd_robustness_benchmark_v4_factorial,yelpchi,r60_s0,0,1,camouflage_relation_oracle,0.15,pmp,train_on_variant,0.8554278281522495,0.5796226926881586,0.7245705237052746,0.1814955472946167,53.21933355999863,60,50,0.8519676152740329,roc_auc,early_stopping,45954,8071230,175.6371612548828,176.0,175.6371612548828,176.0,0.2312477827072143,0.1452974677085876,/kaggle/working/gfd-robustness-v4-factorial-r1/graphs/base/yelpchi/r60_s0/graph.bin,/kaggle/working/gfd-robustness-v4-factorial-r1/graphs/variants/yelpchi/r60_s0/camouflage_relation_oracle/0.15/seed_0/graph.bin,/kaggle/working/gfd-robustness-v4-factorial-r1/graphs/variants/yelpchi/r60_s0/camouflage_relation_oracle/0.15/seed_0/graph.bin,ok,
gfd_robustness_benchmark_v4_factorial,yelpchi,r60_s0,0,1,camouflage_relation_oracle,0.15,sage,train_clean_eval_all,0.6017194703007427,0.192483823352897,0.543953806743945,0.2802307903766632,0.1572315719968173,23,13,0.6150002980043247,roc_auc,early_stopping,45954,8071230,175.6371612548828,176.0,175.6371612548828,176.0,0.2312477827072143,0.1452974677085876,/kaggle/working/gfd-robustness-v4-factorial-r1/graphs/base/yelpchi/r60_s0/graph.bin,/kaggle/working/gfd-robustness-v4-factorial-r1/graphs/variants/yelpchi/r60_s0/camouflage_relation_oracle/0.15/seed_0/graph.bin,/kaggle/working/gfd-robustness-v4-factorial-r1/graphs/base/yelpchi/r60_s0/graph.bin,ok,
gfd_robustness_benchmark_v4_factorial,yelpchi,r60_s0,0,1,camouflage_relation_oracle,0.15,sage,train_on_variant,0.6024236214434674,0.1926832913870993,0.5418047698915665,0.2793191373348236,0.8371841270018194,23,13,0.6185937533525486,roc_auc,early_stopping,45954,8071230,175.6371612548828,176.0,175.6371612548828,176.0,0.2312477827072143,0.1452974677085876,/kaggle/working/gfd-robustness-v4-factorial-r1/graphs/base/yelpchi/r60_s0/graph.bin,/kaggle/working/gfd-robustness-v4-factorial-r1/graphs/variants/yelpchi/r60_s0/camouflage_relation_oracle/0.15/seed_0/graph.bin,/kaggle/working/gfd-robustness-v4-factorial-r1/graphs/variants/yelpchi/r60_s0/camouflage_relation_oracle/0.15/seed_0/graph.bin,ok,
gfd_robustness_benchmark_v4_factorial,yelpchi,r60_s0,0,1,camouflage_relation_oracle,0.15,secgfd,train_clean_eval_all,0.7998548155725209,0.4372827942094783,0.6740202485350708,0.669256865978241,0.1673392839984444,50,50,0.7873268058466064,roc_auc,max_epochs,45954,8071230,175.6371612548828,176.0,175.6371612548828,176.0,0.2312477827072143,0.1452974677085876,/kaggle/working/gfd-robustness-v4-factorial-r1/graphs/base/yelpchi/r60_s0/graph.bin,/kaggle/working/gfd-robustness-v4-factorial-r1/graphs/variants/yelpchi/r60_s0/camouflage_relation_oracle/0.15/seed_0/graph.bin,/kaggle/working/gfd-robustness-v4-factorial-r1/graphs/base/yelpchi/r60_s0/graph.bin,ok,
gfd_robustness_benchmark_v4_factorial,yelpchi,r60_s0,0,1,camouflage_relation_oracle,0.15,secgfd,train_on_variant,0.8195650450626243,0.4827373490449116,0.6956649295003521,0.6622774600982666,4.797505784999885,50,50,0.809858984353581,roc_auc,max_epochs,45954,8071230,175.6371612548828,176.0,175.6371612548828,176.0,0.2312477827072143,0.1452974677085876,/kaggle/working/gfd-robustness-v4-factorial-r1/graphs/base/yelpchi/r60_s0/graph.bin,/kaggle/working/gfd-robustness-v4-factorial-r1/graphs/variants/yelpchi/r60_s0/camouflage_relation_oracle/0.15/seed_0/graph.bin,/kaggle/working/gfd-robustness-v4-factorial-r1/graphs/variants/yelpchi/r60_s0/camouflage_relation_oracle/0.15/seed_0/graph.bin,ok,
gfd_robustness_benchmark_v4_factorial,yelpchi,r60_s0,0,2,camouflage_relation_oracle,0.15,mlp,train_clean_eval_all,0.8058664207989317,0.4426646605102433,0.6681705838275631,0.6908261179924011,0.0901475459977518,100,100,0.797094624717194,roc_auc,max_epochs,45954,8071230,175.6371612548828,176.0,175.6371612548828,176.0,0.2312477827072143,0.1452974677085876,/kaggle/working/gfd-robustness-v4-factorial-r1/graphs/base/yelpchi/r60_s0/graph.bin,/kaggle/working/gfd-robustness-v4-factorial-r1/graphs/variants/yelpchi/r60_s0/camouflage_relation_oracle/0.15/seed_0/graph.bin,/kaggle/working/gfd-robustness-v4-factorial-r1/graphs/base/yelpchi/r60_s0/graph.bin,ok,
gfd_robustness_benchmark_v4_factorial,yelpchi,r60_s0,0,2,camouflage_relation_oracle,0.15,mlp,train_on_variant,0.8058664207989317,0.4426646605102433,0.6681705838275631,0.6908261179924011,1.5665950820002763,100,100,0.797094624717194,roc_auc,max_epochs,45954,8071230,175.6371612548828,176.0,175.6371612548828,176.0,0.2312477827072143,0.1452974677085876,/kaggle/working/gfd-robustness-v4-factorial-r1/graphs/base/yelpchi/r60_s0/graph.bin,/kaggle/working/gfd-robustness-v4-factorial-r1/graphs/variants/yelpchi/r60_s0/camouflage_relation_oracle/0.15/seed_0/graph.bin,/kaggle/working/gfd-robustness-v4-factorial-r1/graphs/variants/yelpchi/r60_s0/camouflage_relation_oracle/0.15/seed_0/graph.bin,ok,
gfd_robustness_benchmark_v4_factorial,yelpchi,r60_s0,0,2,camouflage_relation_oracle,0.15,pmp,train_clean_eval_all,0.8458418257680159,0.552567518584831,0.7212887868740967,0.402582585811615,0.2841964559993357,36,26,0.8494535554299965,roc_auc,early_stopping,45954,8071230,175.6371612548828,176.0,175.6371612548828,176.0,0.2312477827072143,0.1452974677085876,/kaggle/working/gfd-robustness-v4-factorial-r1/graphs/base/yelpchi/r60_s0/graph.bin,/kaggle/working/gfd-robustness-v4-factorial-r1/graphs/variants/yelpchi/r60_s0/camouflage_relation_oracle/0.15/seed_0/graph.bin,/kaggle/working/gfd-robustness-v4-factorial-r1/graphs/base/yelpchi/r60_s0/graph.bin,ok,
gfd_robustness_benchmark_v4_factorial,yelpchi,r60_s0,0,2,camouflage_relation_oracle,0.15,pmp,train_on_variant,0.8562807556983792,0.5841754263169905,0.7306123018595834,0.322226881980896,66.72139596299894,78,68,0.8554043918685348,roc_auc,early_stopping,45954,8071230,175.6371612548828,176.0,175.6371612548828,176.0,0.2312477827072143,0.1452974677085876,/kaggle/working/gfd-robustness-v4-factorial-r1/graphs/base/yelpchi/r60_s0/graph.bin,/kaggle/working/gfd-robustness-v4-factorial-r1/graphs/variants/yelpchi/r60_s0/camouflage_relation_oracle/0.15/seed_0/graph.bin,/kaggle/working/gfd-robustness-v4-factorial-r1/graphs/variants/yelpchi/r60_s0/camouflage_relation_oracle/0.15/seed_0/graph.bin,ok,
gfd_robustness_benchmark_v4_factorial,yelpchi,r60_s0,0,2,camouflage_relation_oracle,0.15,sage,train_clean_eval_all,0.7964541099826823,0.4360122892698125,0.6697563628367865,0.6172454953193665,0.1238357510010246,100,100,0.7885236865757396,roc_auc,max_epochs,45954,8071230,175.6371612548828,176.0,175.6371612548828,176.0,0.2312477827072143,0.1452974677085876,/kaggle/working/gfd-robustness-v4-factorial-r1/graphs/base/yelpchi/r60_s0/graph.bin,/kaggle/working/gfd-robustness-v4-factorial-r1/graphs/variants/yelpchi/r60_s0/camouflage_relation_oracle/0.15/seed_0/graph.bin,/kaggle/working/gfd-robustness-v4-factorial-r1/graphs/base/yelpchi/r60_s0/graph.bin,ok,
gfd_robustness_benchmark_v4_factorial,yelpchi,r60_s0,0,2,camouflage_relation_oracle,0.15,sage,train_on_variant,0.7999099814627364,0.4456782023752473,0.6671678370700773,0.6611175537109375,3.4139585209995857,100,100,0.7916871574440288,roc_auc,max_epochs,45954,8071230,175.6371612548828,176.0,175.6371612548828,176.0,0.2312477827072143,0.1452974677085876,/kaggle/working/gfd-robustness-v4-factorial-r1/graphs/base/yelpchi/r60_s0/graph.bin,/kaggle/working/gfd-robustness-v4-factorial-r1/graphs/variants/yelpchi/r60_s0/camouflage_relation_oracle/0.15/seed_0/graph.bin,/kaggle/working/gfd-robustness-v4-factorial-r1/graphs/variants/yelpchi/r60_s0/camouflage_relation_oracle/0.15/seed_0/graph.bin,ok,
gfd_robustness_benchmark_v4_factorial,yelpchi,r60_s0,0,2,camouflage_relation_oracle,0.15,secgfd,train_clean_eval_all,0.8185031731343829,0.4828875121960878,0.6923692904473505,0.6859545111656189,0.1887241390031704,50,50,0.8053339913268821,roc_auc,max_epochs,45954,8071230,175.6371612548828,176.0,175.6371612548828,176.0,0.2312477827072143,0.1452974677085876,/kaggle/working/gfd-robustness-v4-factorial-r1/graphs/base/yelpchi/r60_s0/graph.bin,/kaggle/working/gfd-robustness-v4-factorial-r1/graphs/variants/yelpchi/r60_s0/camouflage_relation_oracle/0.15/seed_0/graph.bin,/kaggle/working/gfd-robustness-v4-factorial-r1/graphs/base/yelpchi/r60_s0/graph.bin,ok,
gfd_robustness_benchmark_v4_factorial,yelpchi,r60_s0,0,2,camouflage_relation_oracle,0.15,secgfd,train_on_variant,0.8215617835103723,0.4893873222349961,0.6962954788599582,0.6732434630393982,4.799675791000482,50,49,0.81332122243758,roc_auc,max_epochs,45954,8071230,175.6371612548828,176.0,175.6371612548828,176.0,0.2312477827072143,0.1452974677085876,/kaggle/working/gfd-robustness-v4-factorial-r1/graphs/base/yelpchi/r60_s0/graph.bin,/kaggle/working/gfd-robustness-v4-factorial-r1/graphs/variants/yelpchi/r60_s0/camouflage_relation_oracle/0.15/seed_0/graph.bin,/kaggle/working/gfd-robustness-v4-factorial-r1/graphs/variants/yelpchi/r60_s0/camouflage_relation_oracle/0.15/seed_0/graph.bin,ok,
gfd_robustness_benchmark_v4_factorial,yelpchi,r60_s0,0,3,camouflage_relation_oracle,0.15,mlp,train_clean_eval_all,0.805465110385136,0.435856309524571,0.6683207551370244,0.6890000104904175,0.0881638790015131,100,100,0.7965709953582847,roc_auc,max_epochs,45954,8071230,175.6371612548828,176.0,175.6371612548828,176.0,0.2312477827072143,0.1452974677085876,/kaggle/working/gfd-robustness-v4-factorial-r1/graphs/base/yelpchi/r60_s0/graph.bin,/kaggle/working/gfd-robustness-v4-factorial-r1/graphs/variants/yelpchi/r60_s0/camouflage_relation_oracle/0.15/seed_0/graph.bin,/kaggle/working/gfd-robustness-v4-factorial-r1/graphs/base/yelpchi/r60_s0/graph.bin,ok,
gfd_robustness_benchmark_v4_factorial,yelpchi,r60_s0,0,3,camouflage_relation_oracle,0.15,mlp,train_on_variant,0.805465110385136,0.435856309524571,0.6683207551370244,0.6890000104904175,1.8127371769987803,100,100,0.7965709953582847,roc_auc,max_epochs,45954,8071230,175.6371612548828,176.0,175.6371612548828,176.0,0.2312477827072143,0.1452974677085876,/kaggle/working/gfd-robustness-v4-factorial-r1/graphs/base/yelpchi/r60_s0/graph.bin,/kaggle/working/gfd-robustness-v4-factorial-r1/graphs/variants/yelpchi/r60_s0/camouflage_relation_oracle/0.15/seed_0/graph.bin,/kaggle/working/gfd-robustness-v4-factorial-r1/graphs/variants/yelpchi/r60_s0/camouflage_relation_oracle/0.15/seed_0/graph.bin,ok,
gfd_robustness_benchmark_v4_factorial,yelpchi,r60_s0,0,3,camouflage_relation_oracle,0.15,pmp,train_clean_eval_all,0.8710990379221191,0.6134960949737805,0.7407192672603029,0.311098039150238,0.2831078170020191,95,85,0.8754252760116055,roc_auc,early_stopping,45954,8071230,175.6371612548828,176.0,175.6371612548828,176.0,0.2312477827072143,0.1452974677085876,/kaggle/working/gfd-robustness-v4-factorial-r1/graphs/base/yelpchi/r60_s0/graph.bin,/kaggle/working/gfd-robustness-v4-factorial-r1/graphs/variants/yelpchi/r60_s0/camouflage_relation_oracle/0.15/seed_0/graph.bin,/kaggle/working/gfd-robustness-v4-factorial-r1/graphs/base/yelpchi/r60_s0/graph.bin,ok,
gfd_robustness_benchmark_v4_factorial,yelpchi,r60_s0,0,3,camouflage_relation_oracle,0.15,pmp,train_on_variant,0.8673908229874264,0.6065888759657959,0.7413907293323676,0.2759805917739868,75.14955095500045,88,78,0.8706141988332534,roc_auc,early_stopping,45954,8071230,175.6371612548828,176.0,175.6371612548828,176.0,0.2312477827072143,0.1452974677085876,/kaggle/working/gfd-robustness-v4-factorial-r1/graphs/base/yelpchi/r60_s0/graph.bin,/kaggle/working/gfd-robustness-v4-factorial-r1/graphs/variants/yelpchi/r60_s0/camouflage_relation_oracle/0.15/seed_0/graph.bin,/kaggle/working/gfd-robustness-v4-factorial-r1/graphs/variants/yelpchi/r60_s0/camouflage_relation_oracle/0.15/seed_0/graph.bin,ok,
gfd_robustness_benchmark_v4_factorial,yelpchi,r60_s0,0,3,camouflage_relation_oracle,0.15,sage,train_clean_eval_all,0.7970273493237557,0.4382182927807935,0.6708243876818437,0.678034782409668,0.1201065390014264,100,100,0.790009846062886,roc_auc,max_epochs,45954,8071230,175.6371612548828,176.0,175.6371612548828,176.0,0.2312477827072143,0.1452974677085876,/kaggle/working/gfd-robustness-v4-factorial-r1/graphs/base/yelpchi/r60_s0/graph.bin,/kaggle/working/gfd-robustness-v4-factorial-r1/graphs/variants/yelpchi/r60_s0/camouflage_relation_oracle/0.15/seed_0/graph.bin,/kaggle/working/gfd-robustness-v4-factorial-r1/graphs/base/yelpchi/r60_s0/graph.bin,ok,
gfd_robustness_benchmark_v4_factorial,yelpchi,r60_s0,0,3,camouflage_relation_oracle,0.15,sage,train_on_variant,0.7955165280437089,0.4376259354085019,0.6750874674603488,0.6684178113937378,3.128995881001174,100,100,0.7864100491826337,roc_auc,max_epochs,45954,8071230,175.6371612548828,176.0,175.6371612548828,176.0,0.2312477827072143,0.1452974677085876,/kaggle/working/gfd-robustness-v4-factorial-r1/graphs/base/yelpchi/r60_s0/graph.bin,/kaggle/working/gfd-robustness-v4-factorial-r1/graphs/variants/yelpchi/r60_s0/camouflage_relation_oracle/0.15/seed_0/graph.bin,/kaggle/working/gfd-robustness-v4-factorial-r1/graphs/variants/yelpchi/r60_s0/camouflage_relation_oracle/0.15/seed_0/graph.bin,ok,
gfd_robustness_benchmark_v4_factorial,yelpchi,r60_s0,0,3,camouflage_relation_oracle,0.15,secgfd,train_clean_eval_all,0.8012635942473505,0.4360770084699557,0.6696558099897992,0.7169128656387329,0.1648122039987356,50,50,0.7874013307681121,roc_auc,max_epochs,45954,8071230,175.6371612548828,176.0,175.6371612548828,176.0,0.2312477827072143,0.1452974677085876,/kaggle/working/gfd-robustness-v4-factorial-r1/graphs/base/yelpchi/r60_s0/graph.bin,/kaggle/working/gfd-robustness-v4-factorial-r1/graphs/variants/yelpchi/r60_s0/camouflage_relation_oracle/0.15/seed_0/graph.bin,/kaggle/working/gfd-robustness-v4-factorial-r1/graphs/base/yelpchi/r60_s0/graph.bin,ok,
gfd_robustness_benchmark_v4_factorial,yelpchi,r60_s0,0,3,camouflage_relation_oracle,0.15,secgfd,train_on_variant,0.818954456794151,0.4749756553185653,0.689321323581919,0.6981447339057922,4.72215487199901,50,50,0.8099611163957211,roc_auc,max_epochs,45954,8071230,175.6371612548828,176.0,175.6371612548828,176.0,0.2312477827072143,0.1452974677085876,/kaggle/working/gfd-robustness-v4-factorial-r1/graphs/base/yelpchi/r60_s0/graph.bin,/kaggle/working/gfd-robustness-v4-factorial-r1/graphs/variants/yelpchi/r60_s0/camouflage_relation_oracle/0.15/seed_0/graph.bin,/kaggle/working/gfd-robustness-v4-factorial-r1/graphs/variants/yelpchi/r60_s0/camouflage_relation_oracle/0.15/seed_0/graph.bin,ok,
gfd_robustness_benchmark_v4_factorial,yelpchi,r60_s0,0,4,camouflage_relation_oracle,0.15,mlp,train_clean_eval_all,0.8049343649767674,0.4459862676711785,0.6719939992863229,0.6745531558990479,0.0941910330002429,100,100,0.7943539385443562,roc_auc,max_epochs,45954,8071230,175.6371612548828,176.0,175.6371612548828,176.0,0.2312477827072143,0.1452974677085876,/kaggle/working/gfd-robustness-v4-factorial-r1/graphs/base/yelpchi/r60_s0/graph.bin,/kaggle/working/gfd-robustness-v4-factorial-r1/graphs/variants/yelpchi/r60_s0/camouflage_relation_oracle/0.15/seed_0/graph.bin,/kaggle/working/gfd-robustness-v4-factorial-r1/graphs/base/yelpchi/r60_s0/graph.bin,ok,
gfd_robustness_benchmark_v4_factorial,yelpchi,r60_s0,0,4,camouflage_relation_oracle,0.15,mlp,train_on_variant,0.8049343649767674,0.4459862676711785,0.6719939992863229,0.6745531558990479,1.7803205339987471,100,100,0.7943539385443562,roc_auc,max_epochs,45954,8071230,175.6371612548828,176.0,175.6371612548828,176.0,0.2312477827072143,0.1452974677085876,/kaggle/working/gfd-robustness-v4-factorial-r1/graphs/base/yelpchi/r60_s0/graph.bin,/kaggle/working/gfd-robustness-v4-factorial-r1/graphs/variants/yelpchi/r60_s0/camouflage_relation_oracle/0.15/seed_0/graph.bin,/kaggle/working/gfd-robustness-v4-factorial-r1/graphs/variants/yelpchi/r60_s0/camouflage_relation_oracle/0.15/seed_0/graph.bin,ok,
gfd_robustness_benchmark_v4_factorial,yelpchi,r60_s0,0,4,camouflage_relation_oracle,0.15,pmp,train_clean_eval_all,0.8516301949309121,0.5783389980692162,0.7222157259451738,0.2526274025440216,0.271813432998897,72,62,0.8613409240994905,roc_auc,early_stopping,45954,8071230,175.6371612548828,176.0,175.6371612548828,176.0,0.2312477827072143,0.1452974677085876,/kaggle/working/gfd-robustness-v4-factorial-r1/graphs/base/yelpchi/r60_s0/graph.bin,/kaggle/working/gfd-robustness-v4-factorial-r1/graphs/variants/yelpchi/r60_s0/camouflage_relation_oracle/0.15/seed_0/graph.bin,/kaggle/working/gfd-robustness-v4-factorial-r1/graphs/base/yelpchi/r60_s0/graph.bin,ok,
gfd_robustness_benchmark_v4_factorial,yelpchi,r60_s0,0,4,camouflage_relation_oracle,0.15,pmp,train_on_variant,0.852483932338988,0.5713564124438792,0.7176917743675237,0.2939105927944183,41.6755685470016,49,39,0.8530628407679453,roc_auc,early_stopping,45954,8071230,175.6371612548828,176.0,175.6371612548828,176.0,0.2312477827072143,0.1452974677085876,/kaggle/working/gfd-robustness-v4-factorial-r1/graphs/base/yelpchi/r60_s0/graph.bin,/kaggle/working/gfd-robustness-v4-factorial-r1/graphs/variants/yelpchi/r60_s0/camouflage_relation_oracle/0.15/seed_0/graph.bin,/kaggle/working/gfd-robustness-v4-factorial-r1/graphs/variants/yelpchi/r60_s0/camouflage_relation_oracle/0.15/seed_0/graph.bin,ok,
gfd_robustness_benchmark_v4_factorial,yelpchi,r60_s0,0,4,camouflage_relation_oracle,0.15,sage,train_clean_eval_all,0.8046525330195007,0.4372446750068141,0.667106761652174,0.652508556842804,0.1241952589989523,100,99,0.7973325990506774,roc_auc,max_epochs,45954,8071230,175.6371612548828,176.0,175.6371612548828,176.0,0.2312477827072143,0.1452974677085876,/kaggle/working/gfd-robustness-v4-factorial-r1/graphs/base/yelpchi/r60_s0/graph.bin,/kaggle/working/gfd-robustness-v4-factorial-r1/graphs/variants/yelpchi/r60_s0/camouflage_relation_oracle/0.15/seed_0/graph.bin,/kaggle/working/gfd-robustness-v4-factorial-r1/graphs/base/yelpchi/r60_s0/graph.bin,ok,
gfd_robustness_benchmark_v4_factorial,yelpchi,r60_s0,0,4,camouflage_relation_oracle,0.15,sage,train_on_variant,0.8054607276028392,0.4401782666320206,0.6636850280906652,0.6716875433921814,3.3204543300016667,100,100,0.7960431224177925,roc_auc,max_epochs,45954,8071230,175.6371612548828,176.0,175.6371612548828,176.0,0.2312477827072143,0.1452974677085876,/kaggle/working/gfd-robustness-v4-factorial-r1/graphs/base/yelpchi/r60_s0/graph.bin,/kaggle/working/gfd-robustness-v4-factorial-r1/graphs/variants/yelpchi/r60_s0/camouflage_relation_oracle/0.15/seed_0/graph.bin,/kaggle/working/gfd-robustness-v4-factorial-r1/graphs/variants/yelpchi/r60_s0/camouflage_relation_oracle/0.15/seed_0/graph.bin,ok,
gfd_robustness_benchmark_v4_factorial,yelpchi,r60_s0,0,4,camouflage_relation_oracle,0.15,secgfd,train_clean_eval_all,0.7973967416490847,0.425091085281746,0.6711509710814729,0.6925545334815979,0.1904298970002855,50,50,0.7887418257413752,roc_auc,max_epochs,45954,8071230,175.6371612548828,176.0,175.6371612548828,176.0,0.2312477827072143,0.1452974677085876,/kaggle/working/gfd-robustness-v4-factorial-r1/graphs/base/yelpchi/r60_s0/graph.bin,/kaggle/working/gfd-robustness-v4-factorial-r1/graphs/variants/yelpchi/r60_s0/camouflage_relation_oracle/0.15/seed_0/graph.bin,/kaggle/working/gfd-robustness-v4-factorial-r1/graphs/base/yelpchi/r60_s0/graph.bin,ok,
gfd_robustness_benchmark_v4_factorial,yelpchi,r60_s0,0,4,camouflage_relation_oracle,0.15,secgfd,train_on_variant,0.8119644430588924,0.4573545510450541,0.6856924774289799,0.6914753317832947,4.793808362001073,50,50,0.8043333166450911,roc_auc,max_epochs,45954,8071230,175.6371612548828,176.0,175.6371612548828,176.0,0.2312477827072143,0.1452974677085876,/kaggle/working/gfd-robustness-v4-factorial-r1/graphs/base/yelpchi/r60_s0/graph.bin,/kaggle/working/gfd-robustness-v4-factorial-r1/graphs/variants/yelpchi/r60_s0/camouflage_relation_oracle/0.15/seed_0/graph.bin,/kaggle/working/gfd-robustness-v4-factorial-r1/graphs/variants/yelpchi/r60_s0/camouflage_relation_oracle/0.15/seed_0/graph.bin,ok,
gfd_robustness_benchmark_v4_factorial,yelpchi,r60_s0,1,0,camouflage_relation_oracle,0.15,mlp,train_clean_eval_all,0.7500588817273802,0.3386673790685267,0.6257580788607755,0.504684567451477,0.0902945230009208,17,7,0.7453053352310248,roc_auc,early_stopping,45954,8070570,175.622802734375,176.0,175.622802734375,176.0,0.2311030030250549,0.1452974677085876,/kaggle/working/gfd-robustness-v4-factorial-r1/graphs/base/yelpchi/r60_s0/graph.bin,/kaggle/working/gfd-robustness-v4-factorial-r1/graphs/variants/yelpchi/r60_s0/camouflage_relation_oracle/0.15/seed_1/graph.bin,/kaggle/working/gfd-robustness-v4-factorial-r1/graphs/base/yelpchi/r60_s0/graph.bin,ok,
gfd_robustness_benchmark_v4_factorial,yelpchi,r60_s0,1,0,camouflage_relation_oracle,0.15,mlp,train_on_variant,0.7500588817273802,0.3386673790685267,0.6257580788607755,0.504684567451477,0.386118496000563,17,7,0.7453053352310248,roc_auc,early_stopping,45954,8070570,175.622802734375,176.0,175.622802734375,176.0,0.2311030030250549,0.1452974677085876,/kaggle/working/gfd-robustness-v4-factorial-r1/graphs/base/yelpchi/r60_s0/graph.bin,/kaggle/working/gfd-robustness-v4-factorial-r1/graphs/variants/yelpchi/r60_s0/camouflage_relation_oracle/0.15/seed_1/graph.bin,/kaggle/working/gfd-robustness-v4-factorial-r1/graphs/variants/yelpchi/r60_s0/camouflage_relation_oracle/0.15/seed_1/graph.bin,ok,
gfd_robustness_benchmark_v4_factorial,yelpchi,r60_s0,1,0,camouflage_relation_oracle,0.15,pmp,train_clean_eval_all,0.8499519227837604,0.5560830979693705,0.7221852923144696,0.2222334295511245,0.2851092240016442,47,37,0.8544697072643919,roc_auc,early_stopping,45954,8070570,175.622802734375,176.0,175.622802734375,176.0,0.2311030030250549,0.1452974677085876,/kaggle/working/gfd-robustness-v4-factorial-r1/graphs/base/yelpchi/r60_s0/graph.bin,/kaggle/working/gfd-robustness-v4-factorial-r1/graphs/variants/yelpchi/r60_s0/camouflage_relation_oracle/0.15/seed_1/graph.bin,/kaggle/working/gfd-robustness-v4-factorial-r1/graphs/base/yelpchi/r60_s0/graph.bin,ok,
gfd_robustness_benchmark_v4_factorial,yelpchi,r60_s0,1,0,camouflage_relation_oracle,0.15,pmp,train_on_variant,0.8551802485914118,0.5764422859000488,0.7244087783484048,0.2892208397388458,69.72114276099819,84,74,0.8541957816891839,roc_auc,early_stopping,45954,8070570,175.622802734375,176.0,175.622802734375,176.0,0.2311030030250549,0.1452974677085876,/kaggle/working/gfd-robustness-v4-factorial-r1/graphs/base/yelpchi/r60_s0/graph.bin,/kaggle/working/gfd-robustness-v4-factorial-r1/graphs/variants/yelpchi/r60_s0/camouflage_relation_oracle/0.15/seed_1/graph.bin,/kaggle/working/gfd-robustness-v4-factorial-r1/graphs/variants/yelpchi/r60_s0/camouflage_relation_oracle/0.15/seed_1/graph.bin,ok,
gfd_robustness_benchmark_v4_factorial,yelpchi,r60_s0,1,0,camouflage_relation_oracle,0.15,sage,train_clean_eval_all,0.7944268349756698,0.442175585575179,0.6656303386594312,0.6509830951690674,0.1388769650002359,100,100,0.7853851527093361,roc_auc,max_epochs,45954,8070570,175.622802734375,176.0,175.622802734375,176.0,0.2311030030250549,0.1452974677085876,/kaggle/working/gfd-robustness-v4-factorial-r1/graphs/base/yelpchi/r60_s0/graph.bin,/kaggle/working/gfd-robustness-v4-factorial-r1/graphs/variants/yelpchi/r60_s0/camouflage_relation_oracle/0.15/seed_1/graph.bin,/kaggle/working/gfd-robustness-v4-factorial-r1/graphs/base/yelpchi/r60_s0/graph.bin,ok,
gfd_robustness_benchmark_v4_factorial,yelpchi,r60_s0,1,0,camouflage_relation_oracle,0.15,sage,train_on_variant,0.8085237684000635,0.4539297658144461,0.6764552557531907,0.6034721732139587,3.177743100997759,100,100,0.7992465020252374,roc_auc,max_epochs,45954,8070570,175.622802734375,176.0,175.622802734375,176.0,0.2311030030250549,0.1452974677085876,/kaggle/working/gfd-robustness-v4-factorial-r1/graphs/base/yelpchi/r60_s0/graph.bin,/kaggle/working/gfd-robustness-v4-factorial-r1/graphs/variants/yelpchi/r60_s0/camouflage_relation_oracle/0.15/seed_1/graph.bin,/kaggle/working/gfd-robustness-v4-factorial-r1/graphs/variants/yelpchi/r60_s0/camouflage_relation_oracle/0.15/seed_1/graph.bin,ok,
gfd_robustness_benchmark_v4_factorial,yelpchi,r60_s0,1,0,camouflage_relation_oracle,0.15,secgfd,train_clean_eval_all,0.8196605134943962,0.4781698654454614,0.6931922255840124,0.7366681694984436,0.1716110390007088,50,50,0.8122382508814968,roc_auc,max_epochs,45954,8070570,175.622802734375,176.0,175.622802734375,176.0,0.2311030030250549,0.1452974677085876,/kaggle/working/gfd-robustness-v4-factorial-r1/graphs/base/yelpchi/r60_s0/graph.bin,/kaggle/working/gfd-robustness-v4-factorial-r1/graphs/variants/yelpchi/r60_s0/camouflage_relation_oracle/0.15/seed_1/graph.bin,/kaggle/working/gfd-robustness-v4-factorial-r1/graphs/base/yelpchi/r60_s0/graph.bin,ok,
gfd_robustness_benchmark_v4_factorial,yelpchi,r60_s0,1,0,camouflage_relation_oracle,0.15,secgfd,train_on_variant,0.8244691402581802,0.4951792126015917,0.6933868771422868,0.6838626861572266,4.832044834000044,50,45,0.8176660778101211,roc_auc,max_epochs,45954,8070570,175.622802734375,176.0,175.622802734375,176.0,0.2311030030250549,0.1452974677085876,/kaggle/working/gfd-robustness-v4-factorial-r1/graphs/base/yelpchi/r60_s0/graph.bin,/kaggle/working/gfd-robustness-v4-factorial-r1/graphs/variants/yelpchi/r60_s0/camouflage_relation_oracle/0.15/seed_1/graph.bin,/kaggle/working/gfd-robustness-v4-factorial-r1/graphs/variants/yelpchi/r60_s0/camouflage_relation_oracle/0.15/seed_1/graph.bin,ok,
gfd_robustness_benchmark_v4_factorial,yelpchi,r60_s0,1,1,camouflage_relation_oracle,0.15,mlp,train_clean_eval_all,0.8072627657109407,0.4418110196452536,0.668932800089991,0.6548792123794556,0.0899745110000367,100,100,0.7960902786221233,roc_auc,max_epochs,45954,8070570,175.622802734375,176.0,175.622802734375,176.0,0.2311030030250549,0.1452974677085876,/kaggle/working/gfd-robustness-v4-factorial-r1/graphs/base/yelpchi/r60_s0/graph.bin,/kaggle/working/gfd-robustness-v4-factorial-r1/graphs/variants/yelpchi/r60_s0/camouflage_relation_oracle/0.15/seed_1/graph.bin,/kaggle/working/gfd-robustness-v4-factorial-r1/graphs/base/yelpchi/r60_s0/graph.bin,ok,
gfd_robustness_benchmark_v4_factorial,yelpchi,r60_s0,1,1,camouflage_relation_oracle,0.15,mlp,train_on_variant,0.8072627657109407,0.4418110196452536,0.668932800089991,0.6548792123794556,1.6801502570015143,100,100,0.7960902786221233,roc_auc,max_epochs,45954,8070570,175.622802734375,176.0,175.622802734375,176.0,0.2311030030250549,0.1452974677085876,/kaggle/working/gfd-robustness-v4-factorial-r1/graphs/base/yelpchi/r60_s0/graph.bin,/kaggle/working/gfd-robustness-v4-factorial-r1/graphs/variants/yelpchi/r60_s0/camouflage_relation_oracle/0.15/seed_1/graph.bin,/kaggle/working/gfd-robustness-v4-factorial-r1/graphs/variants/yelpchi/r60_s0/camouflage_relation_oracle/0.15/seed_1/graph.bin,ok,
gfd_robustness_benchmark_v4_factorial,yelpchi,r60_s0,1,1,camouflage_relation_oracle,0.15,pmp,train_clean_eval_all,0.8554966187787358,0.573260268238768,0.7240186160070283,0.2552038431167602,0.3136471259967948,85,75,0.8577235807246035,roc_auc,early_stopping,45954,8070570,175.622802734375,176.0,175.622802734375,176.0,0.2311030030250549,0.1452974677085876,/kaggle/working/gfd-robustness-v4-factorial-r1/graphs/base/yelpchi/r60_s0/graph.bin,/kaggle/working/gfd-robustness-v4-factorial-r1/graphs/variants/yelpchi/r60_s0/camouflage_relation_oracle/0.15/seed_1/graph.bin,/kaggle/working/gfd-robustness-v4-factorial-r1/graphs/base/yelpchi/r60_s0/graph.bin,ok,
gfd_robustness_benchmark_v4_factorial,yelpchi,r60_s0,1,1,camouflage_relation_oracle,0.15,pmp,train_on_variant,0.8481065808810079,0.558633099412922,0.7188014745225463,0.2706257700920105,39.75537821999751,48,38,0.8476410216065056,roc_auc,early_stopping,45954,8070570,175.622802734375,176.0,175.622802734375,176.0,0.2311030030250549,0.1452974677085876,/kaggle/working/gfd-robustness-v4-factorial-r1/graphs/base/yelpchi/r60_s0/graph.bin,/kaggle/working/gfd-robustness-v4-factorial-r1/graphs/variants/yelpchi/r60_s0/camouflage_relation_oracle/0.15/seed_1/graph.bin,/kaggle/working/gfd-robustness-v4-factorial-r1/graphs/variants/yelpchi/r60_s0/camouflage_relation_oracle/0.15/seed_1/graph.bin,ok,
gfd_robustness_benchmark_v4_factorial,yelpchi,r60_s0,1,1,camouflage_relation_oracle,0.15,sage,train_clean_eval_all,0.6021591776985743,0.1927519381293117,0.5430300773117683,0.2802307903766632,0.1171365029986191,23,13,0.6150002980043247,roc_auc,early_stopping,45954,8070570,175.622802734375,176.0,175.622802734375,176.0,0.2311030030250549,0.1452974677085876,/kaggle/working/gfd-robustness-v4-factorial-r1/graphs/base/yelpchi/r60_s0/graph.bin,/kaggle/working/gfd-robustness-v4-factorial-r1/graphs/variants/yelpchi/r60_s0/camouflage_relation_oracle/0.15/seed_1/graph.bin,/kaggle/working/gfd-robustness-v4-factorial-r1/graphs/base/yelpchi/r60_s0/graph.bin,ok,
gfd_robustness_benchmark_v4_factorial,yelpchi,r60_s0,1,1,camouflage_relation_oracle,0.15,sage,train_on_variant,0.6030965214428576,0.1930422622988719,0.5421703249441715,0.2788847386837005,0.8583569090005767,23,13,0.6190432869161797,roc_auc,early_stopping,45954,8070570,175.622802734375,176.0,175.622802734375,176.0,0.2311030030250549,0.1452974677085876,/kaggle/working/gfd-robustness-v4-factorial-r1/graphs/base/yelpchi/r60_s0/graph.bin,/kaggle/working/gfd-robustness-v4-factorial-r1/graphs/variants/yelpchi/r60_s0/camouflage_relation_oracle/0.15/seed_1/graph.bin,/kaggle/working/gfd-robustness-v4-factorial-r1/graphs/variants/yelpchi/r60_s0/camouflage_relation_oracle/0.15/seed_1/graph.bin,ok,
gfd_robustness_benchmark_v4_factorial,yelpchi,r60_s0,1,1,camouflage_relation_oracle,0.15,secgfd,train_clean_eval_all,0.8000289358909473,0.4379146061093585,0.6742112000914223,0.669256865978241,0.1686525300028734,50,50,0.7873268058466064,roc_auc,max_epochs,45954,8070570,175.622802734375,176.0,175.622802734375,176.0,0.2311030030250549,0.1452974677085876,/kaggle/working/gfd-robustness-v4-factorial-r1/graphs/base/yelpchi/r60_s0/graph.bin,/kaggle/working/gfd-robustness-v4-factorial-r1/graphs/variants/yelpchi/r60_s0/camouflage_relation_oracle/0.15/seed_1/graph.bin,/kaggle/working/gfd-robustness-v4-factorial-r1/graphs/base/yelpchi/r60_s0/graph.bin,ok,
gfd_robustness_benchmark_v4_factorial,yelpchi,r60_s0,1,1,camouflage_relation_oracle,0.15,secgfd,train_on_variant,0.822438578164445,0.4947672503879684,0.6946126711314194,0.7266517877578735,4.774873984999431,50,50,0.8144764779226477,roc_auc,max_epochs,45954,8070570,175.622802734375,176.0,175.622802734375,176.0,0.2311030030250549,0.1452974677085876,/kaggle/working/gfd-robustness-v4-factorial-r1/graphs/base/yelpchi/r60_s0/graph.bin,/kaggle/working/gfd-robustness-v4-factorial-r1/graphs/variants/yelpchi/r60_s0/camouflage_relation_oracle/0.15/seed_1/graph.bin,/kaggle/working/gfd-robustness-v4-factorial-r1/graphs/variants/yelpchi/r60_s0/camouflage_relation_oracle/0.15/seed_1/graph.bin,ok,
gfd_robustness_benchmark_v4_factorial,yelpchi,r60_s0,1,2,camouflage_relation_oracle,0.15,mlp,train_clean_eval_all,0.8058664207989317,0.4426646605102433,0.6681705838275631,0.6908261179924011,0.0897838559976662,100,100,0.797094624717194,roc_auc,max_epochs,45954,8070570,175.622802734375,176.0,175.622802734375,176.0,0.2311030030250549,0.1452974677085876,/kaggle/working/gfd-robustness-v4-factorial-r1/graphs/base/yelpchi/r60_s0/graph.bin,/kaggle/working/gfd-robustness-v4-factorial-r1/graphs/variants/yelpchi/r60_s0/camouflage_relation_oracle/0.15/seed_1/graph.bin,/kaggle/working/gfd-robustness-v4-factorial-r1/graphs/base/yelpchi/r60_s0/graph.bin,ok,
gfd_robustness_benchmark_v4_factorial,yelpchi,r60_s0,1,2,camouflage_relation_oracle,0.15,mlp,train_on_variant,0.8058664207989317,0.4426646605102433,0.6681705838275631,0.6908261179924011,1.7680612630028918,100,100,0.797094624717194,roc_auc,max_epochs,45954,8070570,175.622802734375,176.0,175.622802734375,176.0,0.2311030030250549,0.1452974677085876,/kaggle/working/gfd-robustness-v4-factorial-r1/graphs/base/yelpchi/r60_s0/graph.bin,/kaggle/working/gfd-robustness-v4-factorial-r1/graphs/variants/yelpchi/r60_s0/camouflage_relation_oracle/0.15/seed_1/graph.bin,/kaggle/working/gfd-robustness-v4-factorial-r1/graphs/variants/yelpchi/r60_s0/camouflage_relation_oracle/0.15/seed_1/graph.bin,ok,
gfd_robustness_benchmark_v4_factorial,yelpchi,r60_s0,1,2,camouflage_relation_oracle,0.15,pmp,train_clean_eval_all,0.8455999628797395,0.5409143066296491,0.7169040942979857,0.402582585811615,0.2795962519994646,36,26,0.8494535554299965,roc_auc,early_stopping,45954,8070570,175.622802734375,176.0,175.622802734375,176.0,0.2311030030250549,0.1452974677085876,/kaggle/working/gfd-robustness-v4-factorial-r1/graphs/base/yelpchi/r60_s0/graph.bin,/kaggle/working/gfd-robustness-v4-factorial-r1/graphs/variants/yelpchi/r60_s0/camouflage_relation_oracle/0.15/seed_1/graph.bin,/kaggle/working/gfd-robustness-v4-factorial-r1/graphs/base/yelpchi/r60_s0/graph.bin,ok,
gfd_robustness_benchmark_v4_factorial,yelpchi,r60_s0,1,2,camouflage_relation_oracle,0.15,pmp,train_on_variant,0.8578350236898911,0.5821981311240731,0.7251483193636269,0.2672764956951141,59.2555969290006,71,61,0.8534371818803834,roc_auc,early_stopping,45954,8070570,175.622802734375,176.0,175.622802734375,176.0,0.2311030030250549,0.1452974677085876,/kaggle/working/gfd-robustness-v4-factorial-r1/graphs/base/yelpchi/r60_s0/graph.bin,/kaggle/working/gfd-robustness-v4-factorial-r1/graphs/variants/yelpchi/r60_s0/camouflage_relation_oracle/0.15/seed_1/graph.bin,/kaggle/working/gfd-robustness-v4-factorial-r1/graphs/variants/yelpchi/r60_s0/camouflage_relation_oracle/0.15/seed_1/graph.bin,ok,
gfd_robustness_benchmark_v4_factorial,yelpchi,r60_s0,1,2,camouflage_relation_oracle,0.15,sage,train_clean_eval_all,0.796649572545337,0.4360836103273803,0.6709984026088512,0.6172454953193665,0.131380294002156,100,100,0.7885236865757396,roc_auc,max_epochs,45954,8070570,175.622802734375,176.0,175.622802734375,176.0,0.2311030030250549,0.1452974677085876,/kaggle/working/gfd-robustness-v4-factorial-r1/graphs/base/yelpchi/r60_s0/graph.bin,/kaggle/working/gfd-robustness-v4-factorial-r1/graphs/variants/yelpchi/r60_s0/camouflage_relation_oracle/0.15/seed_1/graph.bin,/kaggle/working/gfd-robustness-v4-factorial-r1/graphs/base/yelpchi/r60_s0/graph.bin,ok,
gfd_robustness_benchmark_v4_factorial,yelpchi,r60_s0,1,2,camouflage_relation_oracle,0.15,sage,train_on_variant,0.7988864112406552,0.437026650895046,0.6664463735989767,0.6356295347213745,3.214388503001828,100,100,0.788253575455887,roc_auc,max_epochs,45954,8070570,175.622802734375,176.0,175.622802734375,176.0,0.2311030030250549,0.1452974677085876,/kaggle/working/gfd-robustness-v4-factorial-r1/graphs/base/yelpchi/r60_s0/graph.bin,/kaggle/working/gfd-robustness-v4-factorial-r1/graphs/variants/yelpchi/r60_s0/camouflage_relation_oracle/0.15/seed_1/graph.bin,/kaggle/working/gfd-robustness-v4-factorial-r1/graphs/variants/yelpchi/r60_s0/camouflage_relation_oracle/0.15/seed_1/graph.bin,ok,
gfd_robustness_benchmark_v4_factorial,yelpchi,r60_s0,1,2,camouflage_relation_oracle,0.15,secgfd,train_clean_eval_all,0.8184979328512019,0.4835715874350273,0.6935880541151702,0.6859545111656189,0.1904993579992151,50,50,0.8053339913268821,roc_auc,max_epochs,45954,8070570,175.622802734375,176.0,175.622802734375,176.0,0.2311030030250549,0.1452974677085876,/kaggle/working/gfd-robustness-v4-factorial-r1/graphs/base/yelpchi/r60_s0/graph.bin,/kaggle/working/gfd-robustness-v4-factorial-r1/graphs/variants/yelpchi/r60_s0/camouflage_relation_oracle/0.15/seed_1/graph.bin,/kaggle/working/gfd-robustness-v4-factorial-r1/graphs/base/yelpchi/r60_s0/graph.bin,ok,
gfd_robustness_benchmark_v4_factorial,yelpchi,r60_s0,1,2,camouflage_relation_oracle,0.15,secgfd,train_on_variant,0.8224217139803895,0.4891426380799487,0.6960759210432224,0.6636258959770203,4.723801395000919,50,50,0.8143170813694849,roc_auc,max_epochs,45954,8070570,175.622802734375,176.0,175.622802734375,176.0,0.2311030030250549,0.1452974677085876,/kaggle/working/gfd-robustness-v4-factorial-r1/graphs/base/yelpchi/r60_s0/graph.bin,/kaggle/working/gfd-robustness-v4-factorial-r1/graphs/variants/yelpchi/r60_s0/camouflage_relation_oracle/0.15/seed_1/graph.bin,/kaggle/working/gfd-robustness-v4-factorial-r1/graphs/variants/yelpchi/r60_s0/camouflage_relation_oracle/0.15/seed_1/graph.bin,ok,
gfd_robustness_benchmark_v4_factorial,yelpchi,r60_s0,1,3,camouflage_relation_oracle,0.15,mlp,train_clean_eval_all,0.805465110385136,0.435856309524571,0.6683207551370244,0.6890000104904175,0.0909495669984608,100,100,0.7965709953582847,roc_auc,max_epochs,45954,8070570,175.622802734375,176.0,175.622802734375,176.0,0.2311030030250549,0.1452974677085876,/kaggle/working/gfd-robustness-v4-factorial-r1/graphs/base/yelpchi/r60_s0/graph.bin,/kaggle/working/gfd-robustness-v4-factorial-r1/graphs/variants/yelpchi/r60_s0/camouflage_relation_oracle/0.15/seed_1/graph.bin,/kaggle/working/gfd-robustness-v4-factorial-r1/graphs/base/yelpchi/r60_s0/graph.bin,ok,
gfd_robustness_benchmark_v4_factorial,yelpchi,r60_s0,1,3,camouflage_relation_oracle,0.15,mlp,train_on_variant,0.805465110385136,0.435856309524571,0.6683207551370244,0.6890000104904175,1.61158316500223,100,100,0.7965709953582847,roc_auc,max_epochs,45954,8070570,175.622802734375,176.0,175.622802734375,176.0,0.2311030030250549,0.1452974677085876,/kaggle/working/gfd-robustness-v4-factorial-r1/graphs/base/yelpchi/r60_s0/graph.bin,/kaggle/working/gfd-robustness-v4-factorial-r1/graphs/variants/yelpchi/r60_s0/camouflage_relation_oracle/0.15/seed_1/graph.bin,/kaggle/working/gfd-robustness-v4-factorial-r1/graphs/variants/yelpchi/r60_s0/camouflage_relation_oracle/0.15/seed_1/graph.bin,ok,
gfd_robustness_benchmark_v4_factorial,yelpchi,r60_s0,1,3,camouflage_relation_oracle,0.15,pmp,train_clean_eval_all,0.869586549279242,0.6113973938639115,0.7486739958705415,0.311098039150238,0.2852809729993169,95,85,0.8754252760116055,roc_auc,early_stopping,45954,8070570,175.622802734375,176.0,175.622802734375,176.0,0.2311030030250549,0.1452974677085876,/kaggle/working/gfd-robustness-v4-factorial-r1/graphs/base/yelpchi/r60_s0/graph.bin,/kaggle/working/gfd-robustness-v4-factorial-r1/graphs/variants/yelpchi/r60_s0/camouflage_relation_oracle/0.15/seed_1/graph.bin,/kaggle/working/gfd-robustness-v4-factorial-r1/graphs/base/yelpchi/r60_s0/graph.bin,ok,
gfd_robustness_benchmark_v4_factorial,yelpchi,r60_s0,1,3,camouflage_relation_oracle,0.15,pmp,train_on_variant,0.8694977026598534,0.6130229664419303,0.7413315425313673,0.2329371273517608,83.04668722899805,100,98,0.8702941183482454,roc_auc,max_epochs,45954,8070570,175.622802734375,176.0,175.622802734375,176.0,0.2311030030250549,0.1452974677085876,/kaggle/working/gfd-robustness-v4-factorial-r1/graphs/base/yelpchi/r60_s0/graph.bin,/kaggle/working/gfd-robustness-v4-factorial-r1/graphs/variants/yelpchi/r60_s0/camouflage_relation_oracle/0.15/seed_1/graph.bin,/kaggle/working/gfd-robustness-v4-factorial-r1/graphs/variants/yelpchi/r60_s0/camouflage_relation_oracle/0.15/seed_1/graph.bin,ok,
gfd_robustness_benchmark_v4_factorial,yelpchi,r60_s0,1,3,camouflage_relation_oracle,0.15,sage,train_clean_eval_all,0.7970933768918375,0.4383214404501533,0.6726125138920175,0.678034782409668,0.1555560769993462,100,100,0.790009846062886,roc_auc,max_epochs,45954,8070570,175.622802734375,176.0,175.622802734375,176.0,0.2311030030250549,0.1452974677085876,/kaggle/working/gfd-robustness-v4-factorial-r1/graphs/base/yelpchi/r60_s0/graph.bin,/kaggle/working/gfd-robustness-v4-factorial-r1/graphs/variants/yelpchi/r60_s0/camouflage_relation_oracle/0.15/seed_1/graph.bin,/kaggle/working/gfd-robustness-v4-factorial-r1/graphs/base/yelpchi/r60_s0/graph.bin,ok,
gfd_robustness_benchmark_v4_factorial,yelpchi,r60_s0,1,3,camouflage_relation_oracle,0.15,sage,train_on_variant,0.7953354048013952,0.4384001622469783,0.6726321594665656,0.6510445475578308,3.127039398001216,100,100,0.7860887289996352,roc_auc,max_epochs,45954,8070570,175.622802734375,176.0,175.622802734375,176.0,0.2311030030250549,0.1452974677085876,/kaggle/working/gfd-robustness-v4-factorial-r1/graphs/base/yelpchi/r60_s0/graph.bin,/kaggle/working/gfd-robustness-v4-factorial-r1/graphs/variants/yelpchi/r60_s0/camouflage_relation_oracle/0.15/seed_1/graph.bin,/kaggle/working/gfd-robustness-v4-factorial-r1/graphs/variants/yelpchi/r60_s0/camouflage_relation_oracle/0.15/seed_1/graph.bin,ok,
gfd_robustness_benchmark_v4_factorial,yelpchi,r60_s0,1,3,camouflage_relation_oracle,0.15,secgfd,train_clean_eval_all,0.8012540188208105,0.4361433059885014,0.6689210076134713,0.7169128656387329,0.1665504080010578,50,50,0.7874013307681121,roc_auc,max_epochs,45954,8070570,175.622802734375,176.0,175.622802734375,176.0,0.2311030030250549,0.1452974677085876,/kaggle/working/gfd-robustness-v4-factorial-r1/graphs/base/yelpchi/r60_s0/graph.bin,/kaggle/working/gfd-robustness-v4-factorial-r1/graphs/variants/yelpchi/r60_s0/camouflage_relation_oracle/0.15/seed_1/graph.bin,/kaggle/working/gfd-robustness-v4-factorial-r1/graphs/base/yelpchi/r60_s0/graph.bin,ok,
gfd_robustness_benchmark_v4_factorial,yelpchi,r60_s0,1,3,camouflage_relation_oracle,0.15,secgfd,train_on_variant,0.8169982114437113,0.4722212709308039,0.6879021516720887,0.6196256875991821,4.862932605999959,50,50,0.8061222962067626,roc_auc,max_epochs,45954,8070570,175.622802734375,176.0,175.622802734375,176.0,0.2311030030250549,0.1452974677085876,/kaggle/working/gfd-robustness-v4-factorial-r1/graphs/base/yelpchi/r60_s0/graph.bin,/kaggle/working/gfd-robustness-v4-factorial-r1/graphs/variants/yelpchi/r60_s0/camouflage_relation_oracle/0.15/seed_1/graph.bin,/kaggle/working/gfd-robustness-v4-factorial-r1/graphs/variants/yelpchi/r60_s0/camouflage_relation_oracle/0.15/seed_1/graph.bin,ok,
gfd_robustness_benchmark_v4_factorial,yelpchi,r60_s0,1,4,camouflage_relation_oracle,0.15,mlp,train_clean_eval_all,0.8049343649767674,0.4459862676711785,0.6719939992863229,0.6745531558990479,0.0932081409991951,100,100,0.7943539385443562,roc_auc,max_epochs,45954,8070570,175.622802734375,176.0,175.622802734375,176.0,0.2311030030250549,0.1452974677085876,/kaggle/working/gfd-robustness-v4-factorial-r1/graphs/base/yelpchi/r60_s0/graph.bin,/kaggle/working/gfd-robustness-v4-factorial-r1/graphs/variants/yelpchi/r60_s0/camouflage_relation_oracle/0.15/seed_1/graph.bin,/kaggle/working/gfd-robustness-v4-factorial-r1/graphs/base/yelpchi/r60_s0/graph.bin,ok,
gfd_robustness_benchmark_v4_factorial,yelpchi,r60_s0,1,4,camouflage_relation_oracle,0.15,mlp,train_on_variant,0.8049343649767674,0.4459862676711785,0.6719939992863229,0.6745531558990479,1.9351148219975585,100,100,0.7943539385443562,roc_auc,max_epochs,45954,8070570,175.622802734375,176.0,175.622802734375,176.0,0.2311030030250549,0.1452974677085876,/kaggle/working/gfd-robustness-v4-factorial-r1/graphs/base/yelpchi/r60_s0/graph.bin,/kaggle/working/gfd-robustness-v4-factorial-r1/graphs/variants/yelpchi/r60_s0/camouflage_relation_oracle/0.15/seed_1/graph.bin,/kaggle/working/gfd-robustness-v4-factorial-r1/graphs/variants/yelpchi/r60_s0/camouflage_relation_oracle/0.15/seed_1/graph.bin,ok,
gfd_robustness_benchmark_v4_factorial,yelpchi,r60_s0,1,4,camouflage_relation_oracle,0.15,pmp,train_clean_eval_all,0.8556165736246448,0.5799919488094223,0.7247724431672713,0.2526274025440216,0.2886471190031443,72,62,0.8613409240994905,roc_auc,early_stopping,45954,8070570,175.622802734375,176.0,175.622802734375,176.0,0.2311030030250549,0.1452974677085876,/kaggle/working/gfd-robustness-v4-factorial-r1/graphs/base/yelpchi/r60_s0/graph.bin,/kaggle/working/gfd-robustness-v4-factorial-r1/graphs/variants/yelpchi/r60_s0/camouflage_relation_oracle/0.15/seed_1/graph.bin,/kaggle/working/gfd-robustness-v4-factorial-r1/graphs/base/yelpchi/r60_s0/graph.bin,ok,
gfd_robustness_benchmark_v4_factorial,yelpchi,r60_s0,1,4,camouflage_relation_oracle,0.15,pmp,train_on_variant,0.8524615420381233,0.5790186885716679,0.7265970550361122,0.2873980104923248,48.59018171199932,58,48,0.8525311056914058,roc_auc,early_stopping,45954,8070570,175.622802734375,176.0,175.622802734375,176.0,0.2311030030250549,0.1452974677085876,/kaggle/working/gfd-robustness-v4-factorial-r1/graphs/base/yelpchi/r60_s0/graph.bin,/kaggle/working/gfd-robustness-v4-factorial-r1/graphs/variants/yelpchi/r60_s0/camouflage_relation_oracle/0.15/seed_1/graph.bin,/kaggle/working/gfd-robustness-v4-factorial-r1/graphs/variants/yelpchi/r60_s0/camouflage_relation_oracle/0.15/seed_1/graph.bin,ok,
gfd_robustness_benchmark_v4_factorial,yelpchi,r60_s0,1,4,camouflage_relation_oracle,0.15,sage,train_clean_eval_all,0.8046230445168726,0.4369134209970208,0.6682475564330008,0.652508556842804,0.1220661650004331,100,99,0.7973325990506774,roc_auc,max_epochs,45954,8070570,175.622802734375,176.0,175.622802734375,176.0,0.2311030030250549,0.1452974677085876,/kaggle/working/gfd-robustness-v4-factorial-r1/graphs/base/yelpchi/r60_s0/graph.bin,/kaggle/working/gfd-robustness-v4-factorial-r1/graphs/variants/yelpchi/r60_s0/camouflage_relation_oracle/0.15/seed_1/graph.bin,/kaggle/working/gfd-robustness-v4-factorial-r1/graphs/base/yelpchi/r60_s0/graph.bin,ok,
gfd_robustness_benchmark_v4_factorial,yelpchi,r60_s0,1,4,camouflage_relation_oracle,0.15,sage,train_on_variant,0.8043384495012013,0.4467911430665003,0.6704985953160276,0.6524640321731567,3.3873143599994364,100,99,0.795541187773717,roc_auc,max_epochs,45954,8070570,175.622802734375,176.0,175.622802734375,176.0,0.2311030030250549,0.1452974677085876,/kaggle/working/gfd-robustness-v4-factorial-r1/graphs/base/yelpchi/r60_s0/graph.bin,/kaggle/working/gfd-robustness-v4-factorial-r1/graphs/variants/yelpchi/r60_s0/camouflage_relation_oracle/0.15/seed_1/graph.bin,/kaggle/working/gfd-robustness-v4-factorial-r1/graphs/variants/yelpchi/r60_s0/camouflage_relation_oracle/0.15/seed_1/graph.bin,ok,
gfd_robustness_benchmark_v4_factorial,yelpchi,r60_s0,1,4,camouflage_relation_oracle,0.15,secgfd,train_clean_eval_all,0.797446429061429,0.4256086359166673,0.6715490933925123,0.6925545334815979,0.1887472590024117,50,50,0.7887418257413752,roc_auc,max_epochs,45954,8070570,175.622802734375,176.0,175.622802734375,176.0,0.2311030030250549,0.1452974677085876,/kaggle/working/gfd-robustness-v4-factorial-r1/graphs/base/yelpchi/r60_s0/graph.bin,/kaggle/working/gfd-robustness-v4-factorial-r1/graphs/variants/yelpchi/r60_s0/camouflage_relation_oracle/0.15/seed_1/graph.bin,/kaggle/working/gfd-robustness-v4-factorial-r1/graphs/base/yelpchi/r60_s0/graph.bin,ok,
gfd_robustness_benchmark_v4_factorial,yelpchi,r60_s0,1,4,camouflage_relation_oracle,0.15,secgfd,train_on_variant,0.8077273406344134,0.4423527747492564,0.6794463761487266,0.686840832233429,4.835633859000154,50,49,0.797069735396,roc_auc,max_epochs,45954,8070570,175.622802734375,176.0,175.622802734375,176.0,0.2311030030250549,0.1452974677085876,/kaggle/working/gfd-robustness-v4-factorial-r1/graphs/base/yelpchi/r60_s0/graph.bin,/kaggle/working/gfd-robustness-v4-factorial-r1/graphs/variants/yelpchi/r60_s0/camouflage_relation_oracle/0.15/seed_1/graph.bin,/kaggle/working/gfd-robustness-v4-factorial-r1/graphs/variants/yelpchi/r60_s0/camouflage_relation_oracle/0.15/seed_1/graph.bin,ok,
gfd_robustness_benchmark_v4_factorial,yelpchi,r60_s0,0,0,camouflage_relation_oracle,0.3,mlp,train_clean_eval_all,0.7500588817273802,0.3386673790685267,0.6257580788607755,0.504684567451477,0.0955171099994913,17,7,0.7453053352310248,roc_auc,early_stopping,45954,8089930,176.04408264160156,176.0,176.04408264160156,176.0,0.2353361546993255,0.1452974677085876,/kaggle/working/gfd-robustness-v4-factorial-r1/graphs/base/yelpchi/r60_s0/graph.bin,/kaggle/working/gfd-robustness-v4-factorial-r1/graphs/variants/yelpchi/r60_s0/camouflage_relation_oracle/0.30/seed_0/graph.bin,/kaggle/working/gfd-robustness-v4-factorial-r1/graphs/base/yelpchi/r60_s0/graph.bin,ok,
gfd_robustness_benchmark_v4_factorial,yelpchi,r60_s0,0,0,camouflage_relation_oracle,0.3,mlp,train_on_variant,0.7500588817273802,0.3386673790685267,0.6257580788607755,0.504684567451477,0.3765059699981066,17,7,0.7453053352310248,roc_auc,early_stopping,45954,8089930,176.04408264160156,176.0,176.04408264160156,176.0,0.2353361546993255,0.1452974677085876,/kaggle/working/gfd-robustness-v4-factorial-r1/graphs/base/yelpchi/r60_s0/graph.bin,/kaggle/working/gfd-robustness-v4-factorial-r1/graphs/variants/yelpchi/r60_s0/camouflage_relation_oracle/0.30/seed_0/graph.bin,/kaggle/working/gfd-robustness-v4-factorial-r1/graphs/variants/yelpchi/r60_s0/camouflage_relation_oracle/0.30/seed_0/graph.bin,ok,
gfd_robustness_benchmark_v4_factorial,yelpchi,r60_s0,0,0,camouflage_relation_oracle,0.3,pmp,train_clean_eval_all,0.84668674997256,0.550816666956376,0.7092159548910993,0.2222334295511245,0.2889739150014065,47,37,0.8544697072643919,roc_auc,early_stopping,45954,8089930,176.04408264160156,176.0,176.04408264160156,176.0,0.2353361546993255,0.1452974677085876,/kaggle/working/gfd-robustness-v4-factorial-r1/graphs/base/yelpchi/r60_s0/graph.bin,/kaggle/working/gfd-robustness-v4-factorial-r1/graphs/variants/yelpchi/r60_s0/camouflage_relation_oracle/0.30/seed_0/graph.bin,/kaggle/working/gfd-robustness-v4-factorial-r1/graphs/base/yelpchi/r60_s0/graph.bin,ok,
gfd_robustness_benchmark_v4_factorial,yelpchi,r60_s0,0,0,camouflage_relation_oracle,0.3,pmp,train_on_variant,0.855986918728734,0.5684004812999541,0.7206857155060115,0.2721631824970245,40.19433466799819,49,39,0.8492116712797736,roc_auc,early_stopping,45954,8089930,176.04408264160156,176.0,176.04408264160156,176.0,0.2353361546993255,0.1452974677085876,/kaggle/working/gfd-robustness-v4-factorial-r1/graphs/base/yelpchi/r60_s0/graph.bin,/kaggle/working/gfd-robustness-v4-factorial-r1/graphs/variants/yelpchi/r60_s0/camouflage_relation_oracle/0.30/seed_0/graph.bin,/kaggle/working/gfd-robustness-v4-factorial-r1/graphs/variants/yelpchi/r60_s0/camouflage_relation_oracle/0.30/seed_0/graph.bin,ok,
gfd_robustness_benchmark_v4_factorial,yelpchi,r60_s0,0,0,camouflage_relation_oracle,0.3,sage,train_clean_eval_all,0.7939231008451528,0.441593917612755,0.6655205540567295,0.6509830951690674,0.14558805300112,100,100,0.7853851527093361,roc_auc,max_epochs,45954,8089930,176.04408264160156,176.0,176.04408264160156,176.0,0.2353361546993255,0.1452974677085876,/kaggle/working/gfd-robustness-v4-factorial-r1/graphs/base/yelpchi/r60_s0/graph.bin,/kaggle/working/gfd-robustness-v4-factorial-r1/graphs/variants/yelpchi/r60_s0/camouflage_relation_oracle/0.30/seed_0/graph.bin,/kaggle/working/gfd-robustness-v4-factorial-r1/graphs/base/yelpchi/r60_s0/graph.bin,ok,
gfd_robustness_benchmark_v4_factorial,yelpchi,r60_s0,0,0,camouflage_relation_oracle,0.3,sage,train_on_variant,0.7957321418771418,0.443127288449458,0.6648671594766196,0.65105801820755,3.33044440699814,100,98,0.788839237395013,roc_auc,max_epochs,45954,8089930,176.04408264160156,176.0,176.04408264160156,176.0,0.2353361546993255,0.1452974677085876,/kaggle/working/gfd-robustness-v4-factorial-r1/graphs/base/yelpchi/r60_s0/graph.bin,/kaggle/working/gfd-robustness-v4-factorial-r1/graphs/variants/yelpchi/r60_s0/camouflage_relation_oracle/0.30/seed_0/graph.bin,/kaggle/working/gfd-robustness-v4-factorial-r1/graphs/variants/yelpchi/r60_s0/camouflage_relation_oracle/0.30/seed_0/graph.bin,ok,
gfd_robustness_benchmark_v4_factorial,yelpchi,r60_s0,0,0,camouflage_relation_oracle,0.3,secgfd,train_clean_eval_all,0.8238122469419613,0.4865040910720968,0.6974705404203789,0.7366681694984436,0.1773225629985972,50,50,0.8122382508814968,roc_auc,max_epochs,45954,8089930,176.04408264160156,176.0,176.04408264160156,176.0,0.2353361546993255,0.1452974677085876,/kaggle/working/gfd-robustness-v4-factorial-r1/graphs/base/yelpchi/r60_s0/graph.bin,/kaggle/working/gfd-robustness-v4-factorial-r1/graphs/variants/yelpchi/r60_s0/camouflage_relation_oracle/0.30/seed_0/graph.bin,/kaggle/working/gfd-robustness-v4-factorial-r1/graphs/base/yelpchi/r60_s0/graph.bin,ok,
gfd_robustness_benchmark_v4_factorial,yelpchi,r60_s0,0,0,camouflage_relation_oracle,0.3,secgfd,train_on_variant,0.8485063192098491,0.5346987813930213,0.717800737655088,0.7365310192108154,4.833443841000189,50,50,0.8433679733560293,roc_auc,max_epochs,45954,8089930,176.04408264160156,176.0,176.04408264160156,176.0,0.2353361546993255,0.1452974677085876,/kaggle/working/gfd-robustness-v4-factorial-r1/graphs/base/yelpchi/r60_s0/graph.bin,/kaggle/working/gfd-robustness-v4-factorial-r1/graphs/variants/yelpchi/r60_s0/camouflage_relation_oracle/0.30/seed_0/graph.bin,/kaggle/working/gfd-robustness-v4-factorial-r1/graphs/variants/yelpchi/r60_s0/camouflage_relation_oracle/0.30/seed_0/graph.bin,ok,
gfd_robustness_benchmark_v4_factorial,yelpchi,r60_s0,0,1,camouflage_relation_oracle,0.3,mlp,train_clean_eval_all,0.8072627657109407,0.4418110196452536,0.668932800089991,0.6548792123794556,0.0738992510014213,100,100,0.7960902786221233,roc_auc,max_epochs,45954,8089930,176.04408264160156,176.0,176.04408264160156,176.0,0.2353361546993255,0.1452974677085876,/kaggle/working/gfd-robustness-v4-factorial-r1/graphs/base/yelpchi/r60_s0/graph.bin,/kaggle/working/gfd-robustness-v4-factorial-r1/graphs/variants/yelpchi/r60_s0/camouflage_relation_oracle/0.30/seed_0/graph.bin,/kaggle/working/gfd-robustness-v4-factorial-r1/graphs/base/yelpchi/r60_s0/graph.bin,ok,
gfd_robustness_benchmark_v4_factorial,yelpchi,r60_s0,0,1,camouflage_relation_oracle,0.3,mlp,train_on_variant,0.8072627657109407,0.4418110196452536,0.668932800089991,0.6548792123794556,1.934907185997872,100,100,0.7960902786221233,roc_auc,max_epochs,45954,8089930,176.04408264160156,176.0,176.04408264160156,176.0,0.2353361546993255,0.1452974677085876,/kaggle/working/gfd-robustness-v4-factorial-r1/graphs/base/yelpchi/r60_s0/graph.bin,/kaggle/working/gfd-robustness-v4-factorial-r1/graphs/variants/yelpchi/r60_s0/camouflage_relation_oracle/0.30/seed_0/graph.bin,/kaggle/working/gfd-robustness-v4-factorial-r1/graphs/variants/yelpchi/r60_s0/camouflage_relation_oracle/0.30/seed_0/graph.bin,ok,
gfd_robustness_benchmark_v4_factorial,yelpchi,r60_s0,0,1,camouflage_relation_oracle,0.3,pmp,train_clean_eval_all,0.8545147326274132,0.5718483840342719,0.72031416789974,0.2552038431167602,0.3139896829998179,85,75,0.8577235807246035,roc_auc,early_stopping,45954,8089930,176.04408264160156,176.0,176.04408264160156,176.0,0.2353361546993255,0.1452974677085876,/kaggle/working/gfd-robustness-v4-factorial-r1/graphs/base/yelpchi/r60_s0/graph.bin,/kaggle/working/gfd-robustness-v4-factorial-r1/graphs/variants/yelpchi/r60_s0/camouflage_relation_oracle/0.30/seed_0/graph.bin,/kaggle/working/gfd-robustness-v4-factorial-r1/graphs/base/yelpchi/r60_s0/graph.bin,ok,
gfd_robustness_benchmark_v4_factorial,yelpchi,r60_s0,0,1,camouflage_relation_oracle,0.3,pmp,train_on_variant,0.8512238824286255,0.5710311692807593,0.7224034105707038,0.3127875924110412,41.88924838499952,51,41,0.8487194158161623,roc_auc,early_stopping,45954,8089930,176.04408264160156,176.0,176.04408264160156,176.0,0.2353361546993255,0.1452974677085876,/kaggle/working/gfd-robustness-v4-factorial-r1/graphs/base/yelpchi/r60_s0/graph.bin,/kaggle/working/gfd-robustness-v4-factorial-r1/graphs/variants/yelpchi/r60_s0/camouflage_relation_oracle/0.30/seed_0/graph.bin,/kaggle/working/gfd-robustness-v4-factorial-r1/graphs/variants/yelpchi/r60_s0/camouflage_relation_oracle/0.30/seed_0/graph.bin,ok,
gfd_robustness_benchmark_v4_factorial,yelpchi,r60_s0,0,1,camouflage_relation_oracle,0.3,sage,train_clean_eval_all,0.6045442687689794,0.1954770156342393,0.54556972805949,0.2802307903766632,0.1228739159996621,23,13,0.6150002980043247,roc_auc,early_stopping,45954,8089930,176.04408264160156,176.0,176.04408264160156,176.0,0.2353361546993255,0.1452974677085876,/kaggle/working/gfd-robustness-v4-factorial-r1/graphs/base/yelpchi/r60_s0/graph.bin,/kaggle/working/gfd-robustness-v4-factorial-r1/graphs/variants/yelpchi/r60_s0/camouflage_relation_oracle/0.30/seed_0/graph.bin,/kaggle/working/gfd-robustness-v4-factorial-r1/graphs/base/yelpchi/r60_s0/graph.bin,ok,
gfd_robustness_benchmark_v4_factorial,yelpchi,r60_s0,0,1,camouflage_relation_oracle,0.3,sage,train_on_variant,0.6061386487462956,0.1961256084263206,0.5462547798173042,0.2816928625106811,0.9380430659984996,23,13,0.6224964179880178,roc_auc,early_stopping,45954,8089930,176.04408264160156,176.0,176.04408264160156,176.0,0.2353361546993255,0.1452974677085876,/kaggle/working/gfd-robustness-v4-factorial-r1/graphs/base/yelpchi/r60_s0/graph.bin,/kaggle/working/gfd-robustness-v4-factorial-r1/graphs/variants/yelpchi/r60_s0/camouflage_relation_oracle/0.30/seed_0/graph.bin,/kaggle/working/gfd-robustness-v4-factorial-r1/graphs/variants/yelpchi/r60_s0/camouflage_relation_oracle/0.30/seed_0/graph.bin,ok,
gfd_robustness_benchmark_v4_factorial,yelpchi,r60_s0,0,1,camouflage_relation_oracle,0.3,secgfd,train_clean_eval_all,0.8009837154865422,0.4396995956580279,0.6749312684716589,0.669256865978241,0.1669250880004256,50,50,0.7873268058466064,roc_auc,max_epochs,45954,8089930,176.04408264160156,176.0,176.04408264160156,176.0,0.2353361546993255,0.1452974677085876,/kaggle/working/gfd-robustness-v4-factorial-r1/graphs/base/yelpchi/r60_s0/graph.bin,/kaggle/working/gfd-robustness-v4-factorial-r1/graphs/variants/yelpchi/r60_s0/camouflage_relation_oracle/0.30/seed_0/graph.bin,/kaggle/working/gfd-robustness-v4-factorial-r1/graphs/base/yelpchi/r60_s0/graph.bin,ok,
gfd_robustness_benchmark_v4_factorial,yelpchi,r60_s0,0,1,camouflage_relation_oracle,0.3,secgfd,train_on_variant,0.8406939621266631,0.5266543128309339,0.7095309661282145,0.67841637134552,4.824531824000587,50,48,0.8339378768264685,roc_auc,max_epochs,45954,8089930,176.04408264160156,176.0,176.04408264160156,176.0,0.2353361546993255,0.1452974677085876,/kaggle/working/gfd-robustness-v4-factorial-r1/graphs/base/yelpchi/r60_s0/graph.bin,/kaggle/working/gfd-robustness-v4-factorial-r1/graphs/variants/yelpchi/r60_s0/camouflage_relation_oracle/0.30/seed_0/graph.bin,/kaggle/working/gfd-robustness-v4-factorial-r1/graphs/variants/yelpchi/r60_s0/camouflage_relation_oracle/0.30/seed_0/graph.bin,ok,
gfd_robustness_benchmark_v4_factorial,yelpchi,r60_s0,0,2,camouflage_relation_oracle,0.3,mlp,train_clean_eval_all,0.8058664207989317,0.4426646605102433,0.6681705838275631,0.6908261179924011,0.0935635800015006,100,100,0.797094624717194,roc_auc,max_epochs,45954,8089930,176.04408264160156,176.0,176.04408264160156,176.0,0.2353361546993255,0.1452974677085876,/kaggle/working/gfd-robustness-v4-factorial-r1/graphs/base/yelpchi/r60_s0/graph.bin,/kaggle/working/gfd-robustness-v4-factorial-r1/graphs/variants/yelpchi/r60_s0/camouflage_relation_oracle/0.30/seed_0/graph.bin,/kaggle/working/gfd-robustness-v4-factorial-r1/graphs/base/yelpchi/r60_s0/graph.bin,ok,
gfd_robustness_benchmark_v4_factorial,yelpchi,r60_s0,0,2,camouflage_relation_oracle,0.3,mlp,train_on_variant,0.8058664207989317,0.4426646605102433,0.6681705838275631,0.6908261179924011,1.940239362000284,100,100,0.797094624717194,roc_auc,max_epochs,45954,8089930,176.04408264160156,176.0,176.04408264160156,176.0,0.2353361546993255,0.1452974677085876,/kaggle/working/gfd-robustness-v4-factorial-r1/graphs/base/yelpchi/r60_s0/graph.bin,/kaggle/working/gfd-robustness-v4-factorial-r1/graphs/variants/yelpchi/r60_s0/camouflage_relation_oracle/0.30/seed_0/graph.bin,/kaggle/working/gfd-robustness-v4-factorial-r1/graphs/variants/yelpchi/r60_s0/camouflage_relation_oracle/0.30/seed_0/graph.bin,ok,
gfd_robustness_benchmark_v4_factorial,yelpchi,r60_s0,0,2,camouflage_relation_oracle,0.3,pmp,train_clean_eval_all,0.8469822066660976,0.5441315110514636,0.7108842631197487,0.402582585811615,0.2792345090019807,36,26,0.8494535554299965,roc_auc,early_stopping,45954,8089930,176.04408264160156,176.0,176.04408264160156,176.0,0.2353361546993255,0.1452974677085876,/kaggle/working/gfd-robustness-v4-factorial-r1/graphs/base/yelpchi/r60_s0/graph.bin,/kaggle/working/gfd-robustness-v4-factorial-r1/graphs/variants/yelpchi/r60_s0/camouflage_relation_oracle/0.30/seed_0/graph.bin,/kaggle/working/gfd-robustness-v4-factorial-r1/graphs/base/yelpchi/r60_s0/graph.bin,ok,
gfd_robustness_benchmark_v4_factorial,yelpchi,r60_s0,0,2,camouflage_relation_oracle,0.3,pmp,train_on_variant,0.8660038629462053,0.6037720682149568,0.7441924043716848,0.2933024764060974,74.13202941100099,92,82,0.8685896289726956,roc_auc,early_stopping,45954,8089930,176.04408264160156,176.0,176.04408264160156,176.0,0.2353361546993255,0.1452974677085876,/kaggle/working/gfd-robustness-v4-factorial-r1/graphs/base/yelpchi/r60_s0/graph.bin,/kaggle/working/gfd-robustness-v4-factorial-r1/graphs/variants/yelpchi/r60_s0/camouflage_relation_oracle/0.30/seed_0/graph.bin,/kaggle/working/gfd-robustness-v4-factorial-r1/graphs/variants/yelpchi/r60_s0/camouflage_relation_oracle/0.30/seed_0/graph.bin,ok,
gfd_robustness_benchmark_v4_factorial,yelpchi,r60_s0,0,2,camouflage_relation_oracle,0.3,sage,train_clean_eval_all,0.7951285565325561,0.4328420380687112,0.668490916193296,0.6172454953193665,0.1158090620010625,100,100,0.7885236865757396,roc_auc,max_epochs,45954,8089930,176.04408264160156,176.0,176.04408264160156,176.0,0.2353361546993255,0.1452974677085876,/kaggle/working/gfd-robustness-v4-factorial-r1/graphs/base/yelpchi/r60_s0/graph.bin,/kaggle/working/gfd-robustness-v4-factorial-r1/graphs/variants/yelpchi/r60_s0/camouflage_relation_oracle/0.30/seed_0/graph.bin,/kaggle/working/gfd-robustness-v4-factorial-r1/graphs/base/yelpchi/r60_s0/graph.bin,ok,
gfd_robustness_benchmark_v4_factorial,yelpchi,r60_s0,0,2,camouflage_relation_oracle,0.3,sage,train_on_variant,0.8022169446748052,0.4467395618644284,0.6726005903142778,0.6807540655136108,3.3369270069997583,100,97,0.7934536793997955,roc_auc,max_epochs,45954,8089930,176.04408264160156,176.0,176.04408264160156,176.0,0.2353361546993255,0.1452974677085876,/kaggle/working/gfd-robustness-v4-factorial-r1/graphs/base/yelpchi/r60_s0/graph.bin,/kaggle/working/gfd-robustness-v4-factorial-r1/graphs/variants/yelpchi/r60_s0/camouflage_relation_oracle/0.30/seed_0/graph.bin,/kaggle/working/gfd-robustness-v4-factorial-r1/graphs/variants/yelpchi/r60_s0/camouflage_relation_oracle/0.30/seed_0/graph.bin,ok,
gfd_robustness_benchmark_v4_factorial,yelpchi,r60_s0,0,2,camouflage_relation_oracle,0.3,secgfd,train_clean_eval_all,0.8215203852732417,0.4893184002909412,0.6943730633780908,0.6859545111656189,0.191464884999732,50,50,0.8053339913268821,roc_auc,max_epochs,45954,8089930,176.04408264160156,176.0,176.04408264160156,176.0,0.2353361546993255,0.1452974677085876,/kaggle/working/gfd-robustness-v4-factorial-r1/graphs/base/yelpchi/r60_s0/graph.bin,/kaggle/working/gfd-robustness-v4-factorial-r1/graphs/variants/yelpchi/r60_s0/camouflage_relation_oracle/0.30/seed_0/graph.bin,/kaggle/working/gfd-robustness-v4-factorial-r1/graphs/base/yelpchi/r60_s0/graph.bin,ok,
gfd_robustness_benchmark_v4_factorial,yelpchi,r60_s0,0,2,camouflage_relation_oracle,0.3,secgfd,train_on_variant,0.8465307800895154,0.5430290012812378,0.717640898352687,0.7140031456947327,4.819302228999732,50,49,0.8418323689913388,roc_auc,max_epochs,45954,8089930,176.04408264160156,176.0,176.04408264160156,176.0,0.2353361546993255,0.1452974677085876,/kaggle/working/gfd-robustness-v4-factorial-r1/graphs/base/yelpchi/r60_s0/graph.bin,/kaggle/working/gfd-robustness-v4-factorial-r1/graphs/variants/yelpchi/r60_s0/camouflage_relation_oracle/0.30/seed_0/graph.bin,/kaggle/working/gfd-robustness-v4-factorial-r1/graphs/variants/yelpchi/r60_s0/camouflage_relation_oracle/0.30/seed_0/graph.bin,ok,
gfd_robustness_benchmark_v4_factorial,yelpchi,r60_s0,0,3,camouflage_relation_oracle,0.3,mlp,train_clean_eval_all,0.805465110385136,0.435856309524571,0.6683207551370244,0.6890000104904175,0.0912810599984368,100,100,0.7965709953582847,roc_auc,max_epochs,45954,8089930,176.04408264160156,176.0,176.04408264160156,176.0,0.2353361546993255,0.1452974677085876,/kaggle/working/gfd-robustness-v4-factorial-r1/graphs/base/yelpchi/r60_s0/graph.bin,/kaggle/working/gfd-robustness-v4-factorial-r1/graphs/variants/yelpchi/r60_s0/camouflage_relation_oracle/0.30/seed_0/graph.bin,/kaggle/working/gfd-robustness-v4-factorial-r1/graphs/base/yelpchi/r60_s0/graph.bin,ok,
gfd_robustness_benchmark_v4_factorial,yelpchi,r60_s0,0,3,camouflage_relation_oracle,0.3,mlp,train_on_variant,0.805465110385136,0.435856309524571,0.6683207551370244,0.6890000104904175,1.7812036870018346,100,100,0.7965709953582847,roc_auc,max_epochs,45954,8089930,176.04408264160156,176.0,176.04408264160156,176.0,0.2353361546993255,0.1452974677085876,/kaggle/working/gfd-robustness-v4-factorial-r1/graphs/base/yelpchi/r60_s0/graph.bin,/kaggle/working/gfd-robustness-v4-factorial-r1/graphs/variants/yelpchi/r60_s0/camouflage_relation_oracle/0.30/seed_0/graph.bin,/kaggle/working/gfd-robustness-v4-factorial-r1/graphs/variants/yelpchi/r60_s0/camouflage_relation_oracle/0.30/seed_0/graph.bin,ok,
gfd_robustness_benchmark_v4_factorial,yelpchi,r60_s0,0,3,camouflage_relation_oracle,0.3,pmp,train_clean_eval_all,0.8662919356043514,0.6058249986004399,0.7368913354094437,0.311098039150238,0.2708715549997578,95,85,0.8754252760116055,roc_auc,early_stopping,45954,8089930,176.04408264160156,176.0,176.04408264160156,176.0,0.2353361546993255,0.1452974677085876,/kaggle/working/gfd-robustness-v4-factorial-r1/graphs/base/yelpchi/r60_s0/graph.bin,/kaggle/working/gfd-robustness-v4-factorial-r1/graphs/variants/yelpchi/r60_s0/camouflage_relation_oracle/0.30/seed_0/graph.bin,/kaggle/working/gfd-robustness-v4-factorial-r1/graphs/base/yelpchi/r60_s0/graph.bin,ok,
gfd_robustness_benchmark_v4_factorial,yelpchi,r60_s0,0,3,camouflage_relation_oracle,0.3,pmp,train_on_variant,0.871645551818969,0.6164913206226532,0.74617100301942,0.2105459719896316,80.39810618100091,100,99,0.8719912648972362,roc_auc,max_epochs,45954,8089930,176.04408264160156,176.0,176.04408264160156,176.0,0.2353361546993255,0.1452974677085876,/kaggle/working/gfd-robustness-v4-factorial-r1/graphs/base/yelpchi/r60_s0/graph.bin,/kaggle/working/gfd-robustness-v4-factorial-r1/graphs/variants/yelpchi/r60_s0/camouflage_relation_oracle/0.30/seed_0/graph.bin,/kaggle/working/gfd-robustness-v4-factorial-r1/graphs/variants/yelpchi/r60_s0/camouflage_relation_oracle/0.30/seed_0/graph.bin,ok,
gfd_robustness_benchmark_v4_factorial,yelpchi,r60_s0,0,3,camouflage_relation_oracle,0.3,sage,train_clean_eval_all,0.7955808406100223,0.4344990367766594,0.6708243876818437,0.678034782409668,0.1211045989984995,100,100,0.790009846062886,roc_auc,max_epochs,45954,8089930,176.04408264160156,176.0,176.04408264160156,176.0,0.2353361546993255,0.1452974677085876,/kaggle/working/gfd-robustness-v4-factorial-r1/graphs/base/yelpchi/r60_s0/graph.bin,/kaggle/working/gfd-robustness-v4-factorial-r1/graphs/variants/yelpchi/r60_s0/camouflage_relation_oracle/0.30/seed_0/graph.bin,/kaggle/working/gfd-robustness-v4-factorial-r1/graphs/base/yelpchi/r60_s0/graph.bin,ok,
gfd_robustness_benchmark_v4_factorial,yelpchi,r60_s0,0,3,camouflage_relation_oracle,0.3,sage,train_on_variant,0.795199776744881,0.4368766174003732,0.6703499357431142,0.6487195491790771,3.2488568680018943,100,100,0.7864537246964528,roc_auc,max_epochs,45954,8089930,176.04408264160156,176.0,176.04408264160156,176.0,0.2353361546993255,0.1452974677085876,/kaggle/working/gfd-robustness-v4-factorial-r1/graphs/base/yelpchi/r60_s0/graph.bin,/kaggle/working/gfd-robustness-v4-factorial-r1/graphs/variants/yelpchi/r60_s0/camouflage_relation_oracle/0.30/seed_0/graph.bin,/kaggle/working/gfd-robustness-v4-factorial-r1/graphs/variants/yelpchi/r60_s0/camouflage_relation_oracle/0.30/seed_0/graph.bin,ok,
gfd_robustness_benchmark_v4_factorial,yelpchi,r60_s0,0,3,camouflage_relation_oracle,0.3,secgfd,train_clean_eval_all,0.8038154216007902,0.4417263222712866,0.6718221041456204,0.7169128656387329,0.1641303770011291,50,50,0.7874013307681121,roc_auc,max_epochs,45954,8089930,176.04408264160156,176.0,176.04408264160156,176.0,0.2353361546993255,0.1452974677085876,/kaggle/working/gfd-robustness-v4-factorial-r1/graphs/base/yelpchi/r60_s0/graph.bin,/kaggle/working/gfd-robustness-v4-factorial-r1/graphs/variants/yelpchi/r60_s0/camouflage_relation_oracle/0.30/seed_0/graph.bin,/kaggle/working/gfd-robustness-v4-factorial-r1/graphs/base/yelpchi/r60_s0/graph.bin,ok,
gfd_robustness_benchmark_v4_factorial,yelpchi,r60_s0,0,3,camouflage_relation_oracle,0.3,secgfd,train_on_variant,0.8374786672835591,0.5348115752431615,0.709943589556695,0.6247004866600037,4.775488589000815,50,50,0.8314256765294178,roc_auc,max_epochs,45954,8089930,176.04408264160156,176.0,176.04408264160156,176.0,0.2353361546993255,0.1452974677085876,/kaggle/working/gfd-robustness-v4-factorial-r1/graphs/base/yelpchi/r60_s0/graph.bin,/kaggle/working/gfd-robustness-v4-factorial-r1/graphs/variants/yelpchi/r60_s0/camouflage_relation_oracle/0.30/seed_0/graph.bin,/kaggle/working/gfd-robustness-v4-factorial-r1/graphs/variants/yelpchi/r60_s0/camouflage_relation_oracle/0.30/seed_0/graph.bin,ok,
gfd_robustness_benchmark_v4_factorial,yelpchi,r60_s0,0,4,camouflage_relation_oracle,0.3,mlp,train_clean_eval_all,0.8049343649767674,0.4459862676711785,0.6719939992863229,0.6745531558990479,0.0984097750006185,100,100,0.7943539385443562,roc_auc,max_epochs,45954,8089930,176.04408264160156,176.0,176.04408264160156,176.0,0.2353361546993255,0.1452974677085876,/kaggle/working/gfd-robustness-v4-factorial-r1/graphs/base/yelpchi/r60_s0/graph.bin,/kaggle/working/gfd-robustness-v4-factorial-r1/graphs/variants/yelpchi/r60_s0/camouflage_relation_oracle/0.30/seed_0/graph.bin,/kaggle/working/gfd-robustness-v4-factorial-r1/graphs/base/yelpchi/r60_s0/graph.bin,ok,
gfd_robustness_benchmark_v4_factorial,yelpchi,r60_s0,0,4,camouflage_relation_oracle,0.3,mlp,train_on_variant,0.8049343649767674,0.4459862676711785,0.6719939992863229,0.6745531558990479,1.5841220089969283,100,100,0.7943539385443562,roc_auc,max_epochs,45954,8089930,176.04408264160156,176.0,176.04408264160156,176.0,0.2353361546993255,0.1452974677085876,/kaggle/working/gfd-robustness-v4-factorial-r1/graphs/base/yelpchi/r60_s0/graph.bin,/kaggle/working/gfd-robustness-v4-factorial-r1/graphs/variants/yelpchi/r60_s0/camouflage_relation_oracle/0.30/seed_0/graph.bin,/kaggle/working/gfd-robustness-v4-factorial-r1/graphs/variants/yelpchi/r60_s0/camouflage_relation_oracle/0.30/seed_0/graph.bin,ok,
gfd_robustness_benchmark_v4_factorial,yelpchi,r60_s0,0,4,camouflage_relation_oracle,0.3,pmp,train_clean_eval_all,0.8518572897484055,0.5731753296083406,0.7314398035574059,0.2526274025440216,0.2708472390004317,72,62,0.8613409240994905,roc_auc,early_stopping,45954,8089930,176.04408264160156,176.0,176.04408264160156,176.0,0.2353361546993255,0.1452974677085876,/kaggle/working/gfd-robustness-v4-factorial-r1/graphs/base/yelpchi/r60_s0/graph.bin,/kaggle/working/gfd-robustness-v4-factorial-r1/graphs/variants/yelpchi/r60_s0/camouflage_relation_oracle/0.30/seed_0/graph.bin,/kaggle/working/gfd-robustness-v4-factorial-r1/graphs/base/yelpchi/r60_s0/graph.bin,ok,
gfd_robustness_benchmark_v4_factorial,yelpchi,r60_s0,0,4,camouflage_relation_oracle,0.3,pmp,train_on_variant,0.8585143549459127,0.5809612766223503,0.7321586817190895,0.4227813482284546,63.68484238100064,79,69,0.8553688220723459,roc_auc,early_stopping,45954,8089930,176.04408264160156,176.0,176.04408264160156,176.0,0.2353361546993255,0.1452974677085876,/kaggle/working/gfd-robustness-v4-factorial-r1/graphs/base/yelpchi/r60_s0/graph.bin,/kaggle/working/gfd-robustness-v4-factorial-r1/graphs/variants/yelpchi/r60_s0/camouflage_relation_oracle/0.30/seed_0/graph.bin,/kaggle/working/gfd-robustness-v4-factorial-r1/graphs/variants/yelpchi/r60_s0/camouflage_relation_oracle/0.30/seed_0/graph.bin,ok,
gfd_robustness_benchmark_v4_factorial,yelpchi,r60_s0,0,4,camouflage_relation_oracle,0.3,sage,train_clean_eval_all,0.8028822224441138,0.4338424450415533,0.6668470665565019,0.652508556842804,0.1256059400002414,100,99,0.7973325990506774,roc_auc,max_epochs,45954,8089930,176.04408264160156,176.0,176.04408264160156,176.0,0.2353361546993255,0.1452974677085876,/kaggle/working/gfd-robustness-v4-factorial-r1/graphs/base/yelpchi/r60_s0/graph.bin,/kaggle/working/gfd-robustness-v4-factorial-r1/graphs/variants/yelpchi/r60_s0/camouflage_relation_oracle/0.30/seed_0/graph.bin,/kaggle/working/gfd-robustness-v4-factorial-r1/graphs/base/yelpchi/r60_s0/graph.bin,ok,
gfd_robustness_benchmark_v4_factorial,yelpchi,r60_s0,0,4,camouflage_relation_oracle,0.3,sage,train_on_variant,0.8090573245057746,0.444624112403131,0.6714564498461852,0.6640755534172058,3.401641827000276,100,100,0.8000254614894972,roc_auc,max_epochs,45954,8089930,176.04408264160156,176.0,176.04408264160156,176.0,0.2353361546993255,0.1452974677085876,/kaggle/working/gfd-robustness-v4-factorial-r1/graphs/base/yelpchi/r60_s0/graph.bin,/kaggle/working/gfd-robustness-v4-factorial-r1/graphs/variants/yelpchi/r60_s0/camouflage_relation_oracle/0.30/seed_0/graph.bin,/kaggle/working/gfd-robustness-v4-factorial-r1/graphs/variants/yelpchi/r60_s0/camouflage_relation_oracle/0.30/seed_0/graph.bin,ok,
gfd_robustness_benchmark_v4_factorial,yelpchi,r60_s0,0,4,camouflage_relation_oracle,0.3,secgfd,train_clean_eval_all,0.7998067955230069,0.4305979335722104,0.6736177849103197,0.6925545334815979,0.1867560479986423,50,50,0.7887418257413752,roc_auc,max_epochs,45954,8089930,176.04408264160156,176.0,176.04408264160156,176.0,0.2353361546993255,0.1452974677085876,/kaggle/working/gfd-robustness-v4-factorial-r1/graphs/base/yelpchi/r60_s0/graph.bin,/kaggle/working/gfd-robustness-v4-factorial-r1/graphs/variants/yelpchi/r60_s0/camouflage_relation_oracle/0.30/seed_0/graph.bin,/kaggle/working/gfd-robustness-v4-factorial-r1/graphs/base/yelpchi/r60_s0/graph.bin,ok,
gfd_robustness_benchmark_v4_factorial,yelpchi,r60_s0,0,4,camouflage_relation_oracle,0.3,secgfd,train_on_variant,0.8342533682634731,0.5077344988810242,0.7088947471386152,0.662466824054718,4.809800511000503,50,50,0.826225906350353,roc_auc,max_epochs,45954,8089930,176.04408264160156,176.0,176.04408264160156,176.0,0.2353361546993255,0.1452974677085876,/kaggle/working/gfd-robustness-v4-factorial-r1/graphs/base/yelpchi/r60_s0/graph.bin,/kaggle/working/gfd-robustness-v4-factorial-r1/graphs/variants/yelpchi/r60_s0/camouflage_relation_oracle/0.30/seed_0/graph.bin,/kaggle/working/gfd-robustness-v4-factorial-r1/graphs/variants/yelpchi/r60_s0/camouflage_relation_oracle/0.30/seed_0/graph.bin,ok,
gfd_robustness_benchmark_v4_factorial,yelpchi,r60_s0,1,0,camouflage_relation_oracle,0.3,mlp,train_clean_eval_all,0.7500588817273802,0.3386673790685267,0.6257580788607755,0.504684567451477,0.0942383719993813,17,7,0.7453053352310248,roc_auc,early_stopping,45954,8090118,176.0481719970703,176.0,176.0481719970703,176.0,0.2353772819042205,0.1452974677085876,/kaggle/working/gfd-robustness-v4-factorial-r1/graphs/base/yelpchi/r60_s0/graph.bin,/kaggle/working/gfd-robustness-v4-factorial-r1/graphs/variants/yelpchi/r60_s0/camouflage_relation_oracle/0.30/seed_1/graph.bin,/kaggle/working/gfd-robustness-v4-factorial-r1/graphs/base/yelpchi/r60_s0/graph.bin,ok,
gfd_robustness_benchmark_v4_factorial,yelpchi,r60_s0,1,0,camouflage_relation_oracle,0.3,mlp,train_on_variant,0.7500588817273802,0.3386673790685267,0.6257580788607755,0.504684567451477,0.3973219769977731,17,7,0.7453053352310248,roc_auc,early_stopping,45954,8090118,176.0481719970703,176.0,176.0481719970703,176.0,0.2353772819042205,0.1452974677085876,/kaggle/working/gfd-robustness-v4-factorial-r1/graphs/base/yelpchi/r60_s0/graph.bin,/kaggle/working/gfd-robustness-v4-factorial-r1/graphs/variants/yelpchi/r60_s0/camouflage_relation_oracle/0.30/seed_1/graph.bin,/kaggle/working/gfd-robustness-v4-factorial-r1/graphs/variants/yelpchi/r60_s0/camouflage_relation_oracle/0.30/seed_1/graph.bin,ok,
gfd_robustness_benchmark_v4_factorial,yelpchi,r60_s0,1,0,camouflage_relation_oracle,0.3,pmp,train_clean_eval_all,0.8475645450443309,0.5526225072707228,0.7142278222562711,0.2222334295511245,0.2769533639984729,47,37,0.8544697072643919,roc_auc,early_stopping,45954,8090118,176.0481719970703,176.0,176.0481719970703,176.0,0.2353772819042205,0.1452974677085876,/kaggle/working/gfd-robustness-v4-factorial-r1/graphs/base/yelpchi/r60_s0/graph.bin,/kaggle/working/gfd-robustness-v4-factorial-r1/graphs/variants/yelpchi/r60_s0/camouflage_relation_oracle/0.30/seed_1/graph.bin,/kaggle/working/gfd-robustness-v4-factorial-r1/graphs/base/yelpchi/r60_s0/graph.bin,ok,
gfd_robustness_benchmark_v4_factorial,yelpchi,r60_s0,1,0,camouflage_relation_oracle,0.3,pmp,train_on_variant,0.8512910533312195,0.5668905299849365,0.7189123766083558,0.2379057705402374,41.11904806500024,51,41,0.8496506674104854,roc_auc,early_stopping,45954,8090118,176.0481719970703,176.0,176.0481719970703,176.0,0.2353772819042205,0.1452974677085876,/kaggle/working/gfd-robustness-v4-factorial-r1/graphs/base/yelpchi/r60_s0/graph.bin,/kaggle/working/gfd-robustness-v4-factorial-r1/graphs/variants/yelpchi/r60_s0/camouflage_relation_oracle/0.30/seed_1/graph.bin,/kaggle/working/gfd-robustness-v4-factorial-r1/graphs/variants/yelpchi/r60_s0/camouflage_relation_oracle/0.30/seed_1/graph.bin,ok,
gfd_robustness_benchmark_v4_factorial,yelpchi,r60_s0,1,0,camouflage_relation_oracle,0.3,sage,train_clean_eval_all,0.7934616700915887,0.4414144387831846,0.6644275700934579,0.6509830951690674,0.1366955560006317,100,100,0.7853851527093361,roc_auc,max_epochs,45954,8090118,176.0481719970703,176.0,176.0481719970703,176.0,0.2353772819042205,0.1452974677085876,/kaggle/working/gfd-robustness-v4-factorial-r1/graphs/base/yelpchi/r60_s0/graph.bin,/kaggle/working/gfd-robustness-v4-factorial-r1/graphs/variants/yelpchi/r60_s0/camouflage_relation_oracle/0.30/seed_1/graph.bin,/kaggle/working/gfd-robustness-v4-factorial-r1/graphs/base/yelpchi/r60_s0/graph.bin,ok,
gfd_robustness_benchmark_v4_factorial,yelpchi,r60_s0,1,0,camouflage_relation_oracle,0.3,sage,train_on_variant,0.7962737966023147,0.4461981799600459,0.6668799693296128,0.6621718406677246,3.321871256001032,100,100,0.7891597470062486,roc_auc,max_epochs,45954,8090118,176.0481719970703,176.0,176.0481719970703,176.0,0.2353772819042205,0.1452974677085876,/kaggle/working/gfd-robustness-v4-factorial-r1/graphs/base/yelpchi/r60_s0/graph.bin,/kaggle/working/gfd-robustness-v4-factorial-r1/graphs/variants/yelpchi/r60_s0/camouflage_relation_oracle/0.30/seed_1/graph.bin,/kaggle/working/gfd-robustness-v4-factorial-r1/graphs/variants/yelpchi/r60_s0/camouflage_relation_oracle/0.30/seed_1/graph.bin,ok,
gfd_robustness_benchmark_v4_factorial,yelpchi,r60_s0,1,0,camouflage_relation_oracle,0.3,secgfd,train_clean_eval_all,0.8244690926192422,0.4891684152439978,0.6965038749880585,0.7366681694984436,0.1968383790008374,50,50,0.8122382508814968,roc_auc,max_epochs,45954,8090118,176.0481719970703,176.0,176.0481719970703,176.0,0.2353772819042205,0.1452974677085876,/kaggle/working/gfd-robustness-v4-factorial-r1/graphs/base/yelpchi/r60_s0/graph.bin,/kaggle/working/gfd-robustness-v4-factorial-r1/graphs/variants/yelpchi/r60_s0/camouflage_relation_oracle/0.30/seed_1/graph.bin,/kaggle/working/gfd-robustness-v4-factorial-r1/graphs/base/yelpchi/r60_s0/graph.bin,ok,
gfd_robustness_benchmark_v4_factorial,yelpchi,r60_s0,1,0,camouflage_relation_oracle,0.3,secgfd,train_on_variant,0.8407418868983012,0.5239298578072917,0.7149123763341227,0.6741683483123779,4.814710111999375,50,49,0.8357128382647089,roc_auc,max_epochs,45954,8090118,176.0481719970703,176.0,176.0481719970703,176.0,0.2353772819042205,0.1452974677085876,/kaggle/working/gfd-robustness-v4-factorial-r1/graphs/base/yelpchi/r60_s0/graph.bin,/kaggle/working/gfd-robustness-v4-factorial-r1/graphs/variants/yelpchi/r60_s0/camouflage_relation_oracle/0.30/seed_1/graph.bin,/kaggle/working/gfd-robustness-v4-factorial-r1/graphs/variants/yelpchi/r60_s0/camouflage_relation_oracle/0.30/seed_1/graph.bin,ok,
gfd_robustness_benchmark_v4_factorial,yelpchi,r60_s0,1,1,camouflage_relation_oracle,0.3,mlp,train_clean_eval_all,0.8072627657109407,0.4418110196452536,0.668932800089991,0.6548792123794556,0.0717410690012911,100,100,0.7960902786221233,roc_auc,max_epochs,45954,8090118,176.0481719970703,176.0,176.0481719970703,176.0,0.2353772819042205,0.1452974677085876,/kaggle/working/gfd-robustness-v4-factorial-r1/graphs/base/yelpchi/r60_s0/graph.bin,/kaggle/working/gfd-robustness-v4-factorial-r1/graphs/variants/yelpchi/r60_s0/camouflage_relation_oracle/0.30/seed_1/graph.bin,/kaggle/working/gfd-robustness-v4-factorial-r1/graphs/base/yelpchi/r60_s0/graph.bin,ok,
gfd_robustness_benchmark_v4_factorial,yelpchi,r60_s0,1,1,camouflage_relation_oracle,0.3,mlp,train_on_variant,0.8072627657109407,0.4418110196452536,0.668932800089991,0.6548792123794556,1.6983527580014195,100,100,0.7960902786221233,roc_auc,max_epochs,45954,8090118,176.0481719970703,176.0,176.0481719970703,176.0,0.2353772819042205,0.1452974677085876,/kaggle/working/gfd-robustness-v4-factorial-r1/graphs/base/yelpchi/r60_s0/graph.bin,/kaggle/working/gfd-robustness-v4-factorial-r1/graphs/variants/yelpchi/r60_s0/camouflage_relation_oracle/0.30/seed_1/graph.bin,/kaggle/working/gfd-robustness-v4-factorial-r1/graphs/variants/yelpchi/r60_s0/camouflage_relation_oracle/0.30/seed_1/graph.bin,ok,
gfd_robustness_benchmark_v4_factorial,yelpchi,r60_s0,1,1,camouflage_relation_oracle,0.3,pmp,train_clean_eval_all,0.8477579591326512,0.5683538341091817,0.7162201743829482,0.2552038431167602,0.295213599998533,85,75,0.8577235807246035,roc_auc,early_stopping,45954,8090118,176.0481719970703,176.0,176.0481719970703,176.0,0.2353772819042205,0.1452974677085876,/kaggle/working/gfd-robustness-v4-factorial-r1/graphs/base/yelpchi/r60_s0/graph.bin,/kaggle/working/gfd-robustness-v4-factorial-r1/graphs/variants/yelpchi/r60_s0/camouflage_relation_oracle/0.30/seed_1/graph.bin,/kaggle/working/gfd-robustness-v4-factorial-r1/graphs/base/yelpchi/r60_s0/graph.bin,ok,
gfd_robustness_benchmark_v4_factorial,yelpchi,r60_s0,1,1,camouflage_relation_oracle,0.3,pmp,train_on_variant,0.8567594317475029,0.5792442765359138,0.7320599783863616,0.2886880040168762,53.177676242001326,66,56,0.8524016049320908,roc_auc,early_stopping,45954,8090118,176.0481719970703,176.0,176.0481719970703,176.0,0.2353772819042205,0.1452974677085876,/kaggle/working/gfd-robustness-v4-factorial-r1/graphs/base/yelpchi/r60_s0/graph.bin,/kaggle/working/gfd-robustness-v4-factorial-r1/graphs/variants/yelpchi/r60_s0/camouflage_relation_oracle/0.30/seed_1/graph.bin,/kaggle/working/gfd-robustness-v4-factorial-r1/graphs/variants/yelpchi/r60_s0/camouflage_relation_oracle/0.30/seed_1/graph.bin,ok,
gfd_robustness_benchmark_v4_factorial,yelpchi,r60_s0,1,1,camouflage_relation_oracle,0.3,sage,train_clean_eval_all,0.6041666825463127,0.1956135463468627,0.5453334997571112,0.2802307903766632,0.1326909210001758,23,13,0.6150002980043247,roc_auc,early_stopping,45954,8090118,176.0481719970703,176.0,176.0481719970703,176.0,0.2353772819042205,0.1452974677085876,/kaggle/working/gfd-robustness-v4-factorial-r1/graphs/base/yelpchi/r60_s0/graph.bin,/kaggle/working/gfd-robustness-v4-factorial-r1/graphs/variants/yelpchi/r60_s0/camouflage_relation_oracle/0.30/seed_1/graph.bin,/kaggle/working/gfd-robustness-v4-factorial-r1/graphs/base/yelpchi/r60_s0/graph.bin,ok,
gfd_robustness_benchmark_v4_factorial,yelpchi,r60_s0,1,1,camouflage_relation_oracle,0.3,sage,train_on_variant,0.6054906639114845,0.1961565219507971,0.5465772806475552,0.2848471999168396,0.9390266290029105,23,13,0.622055753033088,roc_auc,early_stopping,45954,8090118,176.0481719970703,176.0,176.0481719970703,176.0,0.2353772819042205,0.1452974677085876,/kaggle/working/gfd-robustness-v4-factorial-r1/graphs/base/yelpchi/r60_s0/graph.bin,/kaggle/working/gfd-robustness-v4-factorial-r1/graphs/variants/yelpchi/r60_s0/camouflage_relation_oracle/0.30/seed_1/graph.bin,/kaggle/working/gfd-robustness-v4-factorial-r1/graphs/variants/yelpchi/r60_s0/camouflage_relation_oracle/0.30/seed_1/graph.bin,ok,
gfd_robustness_benchmark_v4_factorial,yelpchi,r60_s0,1,1,camouflage_relation_oracle,0.3,secgfd,train_clean_eval_all,0.8021340529226679,0.4411238400347516,0.6758125881782187,0.669256865978241,0.1662869959982345,50,50,0.7873268058466064,roc_auc,max_epochs,45954,8090118,176.0481719970703,176.0,176.0481719970703,176.0,0.2353772819042205,0.1452974677085876,/kaggle/working/gfd-robustness-v4-factorial-r1/graphs/base/yelpchi/r60_s0/graph.bin,/kaggle/working/gfd-robustness-v4-factorial-r1/graphs/variants/yelpchi/r60_s0/camouflage_relation_oracle/0.30/seed_1/graph.bin,/kaggle/working/gfd-robustness-v4-factorial-r1/graphs/base/yelpchi/r60_s0/graph.bin,ok,
gfd_robustness_benchmark_v4_factorial,yelpchi,r60_s0,1,1,camouflage_relation_oracle,0.3,secgfd,train_on_variant,0.8401121001378099,0.5348888527697567,0.7119873753950142,0.7648072242736816,4.838256531000297,50,49,0.8323303699783291,roc_auc,max_epochs,45954,8090118,176.0481719970703,176.0,176.0481719970703,176.0,0.2353772819042205,0.1452974677085876,/kaggle/working/gfd-robustness-v4-factorial-r1/graphs/base/yelpchi/r60_s0/graph.bin,/kaggle/working/gfd-robustness-v4-factorial-r1/graphs/variants/yelpchi/r60_s0/camouflage_relation_oracle/0.30/seed_1/graph.bin,/kaggle/working/gfd-robustness-v4-factorial-r1/graphs/variants/yelpchi/r60_s0/camouflage_relation_oracle/0.30/seed_1/graph.bin,ok,
gfd_robustness_benchmark_v4_factorial,yelpchi,r60_s0,1,2,camouflage_relation_oracle,0.3,mlp,train_clean_eval_all,0.8058664207989317,0.4426646605102433,0.6681705838275631,0.6908261179924011,0.1047350230001029,100,100,0.797094624717194,roc_auc,max_epochs,45954,8090118,176.0481719970703,176.0,176.0481719970703,176.0,0.2353772819042205,0.1452974677085876,/kaggle/working/gfd-robustness-v4-factorial-r1/graphs/base/yelpchi/r60_s0/graph.bin,/kaggle/working/gfd-robustness-v4-factorial-r1/graphs/variants/yelpchi/r60_s0/camouflage_relation_oracle/0.30/seed_1/graph.bin,/kaggle/working/gfd-robustness-v4-factorial-r1/graphs/base/yelpchi/r60_s0/graph.bin,ok,
gfd_robustness_benchmark_v4_factorial,yelpchi,r60_s0,1,2,camouflage_relation_oracle,0.3,mlp,train_on_variant,0.8058664207989317,0.4426646605102433,0.6681705838275631,0.6908261179924011,1.951362321000488,100,100,0.797094624717194,roc_auc,max_epochs,45954,8090118,176.0481719970703,176.0,176.0481719970703,176.0,0.2353772819042205,0.1452974677085876,/kaggle/working/gfd-robustness-v4-factorial-r1/graphs/base/yelpchi/r60_s0/graph.bin,/kaggle/working/gfd-robustness-v4-factorial-r1/graphs/variants/yelpchi/r60_s0/camouflage_relation_oracle/0.30/seed_1/graph.bin,/kaggle/working/gfd-robustness-v4-factorial-r1/graphs/variants/yelpchi/r60_s0/camouflage_relation_oracle/0.30/seed_1/graph.bin,ok,
gfd_robustness_benchmark_v4_factorial,yelpchi,r60_s0,1,2,camouflage_relation_oracle,0.3,pmp,train_clean_eval_all,0.8427227139407539,0.5433998513976522,0.7171577971105516,0.402582585811615,0.2846139549983491,36,26,0.8494535554299965,roc_auc,early_stopping,45954,8090118,176.0481719970703,176.0,176.0481719970703,176.0,0.2353772819042205,0.1452974677085876,/kaggle/working/gfd-robustness-v4-factorial-r1/graphs/base/yelpchi/r60_s0/graph.bin,/kaggle/working/gfd-robustness-v4-factorial-r1/graphs/variants/yelpchi/r60_s0/camouflage_relation_oracle/0.30/seed_1/graph.bin,/kaggle/working/gfd-robustness-v4-factorial-r1/graphs/base/yelpchi/r60_s0/graph.bin,ok,
gfd_robustness_benchmark_v4_factorial,yelpchi,r60_s0,1,2,camouflage_relation_oracle,0.3,pmp,train_on_variant,0.8546471212361428,0.5749935985690182,0.7235245741148779,0.2634081244468689,52.96551984300095,66,56,0.8526753397845309,roc_auc,early_stopping,45954,8090118,176.0481719970703,176.0,176.0481719970703,176.0,0.2353772819042205,0.1452974677085876,/kaggle/working/gfd-robustness-v4-factorial-r1/graphs/base/yelpchi/r60_s0/graph.bin,/kaggle/working/gfd-robustness-v4-factorial-r1/graphs/variants/yelpchi/r60_s0/camouflage_relation_oracle/0.30/seed_1/graph.bin,/kaggle/working/gfd-robustness-v4-factorial-r1/graphs/variants/yelpchi/r60_s0/camouflage_relation_oracle/0.30/seed_1/graph.bin,ok,
gfd_robustness_benchmark_v4_factorial,yelpchi,r60_s0,1,2,camouflage_relation_oracle,0.3,sage,train_clean_eval_all,0.7949446225928998,0.4333369756463291,0.6678710796357855,0.6172454953193665,0.1214887739988626,100,100,0.7885236865757396,roc_auc,max_epochs,45954,8090118,176.0481719970703,176.0,176.0481719970703,176.0,0.2353772819042205,0.1452974677085876,/kaggle/working/gfd-robustness-v4-factorial-r1/graphs/base/yelpchi/r60_s0/graph.bin,/kaggle/working/gfd-robustness-v4-factorial-r1/graphs/variants/yelpchi/r60_s0/camouflage_relation_oracle/0.30/seed_1/graph.bin,/kaggle/working/gfd-robustness-v4-factorial-r1/graphs/base/yelpchi/r60_s0/graph.bin,ok,
gfd_robustness_benchmark_v4_factorial,yelpchi,r60_s0,1,2,camouflage_relation_oracle,0.3,sage,train_on_variant,0.8064175080338305,0.4564799300131512,0.6829533251133562,0.6505319476127625,3.3367485939998005,100,100,0.7977054620616655,roc_auc,max_epochs,45954,8090118,176.0481719970703,176.0,176.0481719970703,176.0,0.2353772819042205,0.1452974677085876,/kaggle/working/gfd-robustness-v4-factorial-r1/graphs/base/yelpchi/r60_s0/graph.bin,/kaggle/working/gfd-robustness-v4-factorial-r1/graphs/variants/yelpchi/r60_s0/camouflage_relation_oracle/0.30/seed_1/graph.bin,/kaggle/working/gfd-robustness-v4-factorial-r1/graphs/variants/yelpchi/r60_s0/camouflage_relation_oracle/0.30/seed_1/graph.bin,ok,
gfd_robustness_benchmark_v4_factorial,yelpchi,r60_s0,1,2,camouflage_relation_oracle,0.3,secgfd,train_clean_eval_all,0.8218380893508299,0.4907437101762872,0.6951408600850767,0.6859545111656189,0.1985356090008281,50,50,0.8053339913268821,roc_auc,max_epochs,45954,8090118,176.0481719970703,176.0,176.0481719970703,176.0,0.2353772819042205,0.1452974677085876,/kaggle/working/gfd-robustness-v4-factorial-r1/graphs/base/yelpchi/r60_s0/graph.bin,/kaggle/working/gfd-robustness-v4-factorial-r1/graphs/variants/yelpchi/r60_s0/camouflage_relation_oracle/0.30/seed_1/graph.bin,/kaggle/working/gfd-robustness-v4-factorial-r1/graphs/base/yelpchi/r60_s0/graph.bin,ok,
gfd_robustness_benchmark_v4_factorial,yelpchi,r60_s0,1,2,camouflage_relation_oracle,0.3,secgfd,train_on_variant,0.8442725038720928,0.5303220994199955,0.7099365033694616,0.6018084287643433,4.746086732999174,50,50,0.8390698450615915,roc_auc,max_epochs,45954,8090118,176.0481719970703,176.0,176.0481719970703,176.0,0.2353772819042205,0.1452974677085876,/kaggle/working/gfd-robustness-v4-factorial-r1/graphs/base/yelpchi/r60_s0/graph.bin,/kaggle/working/gfd-robustness-v4-factorial-r1/graphs/variants/yelpchi/r60_s0/camouflage_relation_oracle/0.30/seed_1/graph.bin,/kaggle/working/gfd-robustness-v4-factorial-r1/graphs/variants/yelpchi/r60_s0/camouflage_relation_oracle/0.30/seed_1/graph.bin,ok,
gfd_robustness_benchmark_v4_factorial,yelpchi,r60_s0,1,3,camouflage_relation_oracle,0.3,mlp,train_clean_eval_all,0.805465110385136,0.435856309524571,0.6683207551370244,0.6890000104904175,0.09402944699832,100,100,0.7965709953582847,roc_auc,max_epochs,45954,8090118,176.0481719970703,176.0,176.0481719970703,176.0,0.2353772819042205,0.1452974677085876,/kaggle/working/gfd-robustness-v4-factorial-r1/graphs/base/yelpchi/r60_s0/graph.bin,/kaggle/working/gfd-robustness-v4-factorial-r1/graphs/variants/yelpchi/r60_s0/camouflage_relation_oracle/0.30/seed_1/graph.bin,/kaggle/working/gfd-robustness-v4-factorial-r1/graphs/base/yelpchi/r60_s0/graph.bin,ok,
gfd_robustness_benchmark_v4_factorial,yelpchi,r60_s0,1,3,camouflage_relation_oracle,0.3,mlp,train_on_variant,0.805465110385136,0.435856309524571,0.6683207551370244,0.6890000104904175,1.6692027690005489,100,100,0.7965709953582847,roc_auc,max_epochs,45954,8090118,176.0481719970703,176.0,176.0481719970703,176.0,0.2353772819042205,0.1452974677085876,/kaggle/working/gfd-robustness-v4-factorial-r1/graphs/base/yelpchi/r60_s0/graph.bin,/kaggle/working/gfd-robustness-v4-factorial-r1/graphs/variants/yelpchi/r60_s0/camouflage_relation_oracle/0.30/seed_1/graph.bin,/kaggle/working/gfd-robustness-v4-factorial-r1/graphs/variants/yelpchi/r60_s0/camouflage_relation_oracle/0.30/seed_1/graph.bin,ok,
gfd_robustness_benchmark_v4_factorial,yelpchi,r60_s0,1,3,camouflage_relation_oracle,0.3,pmp,train_clean_eval_all,0.8659359298206032,0.6063749134149873,0.7411118267834371,0.311098039150238,0.2707221269993169,95,85,0.8754252760116055,roc_auc,early_stopping,45954,8090118,176.0481719970703,176.0,176.0481719970703,176.0,0.2353772819042205,0.1452974677085876,/kaggle/working/gfd-robustness-v4-factorial-r1/graphs/base/yelpchi/r60_s0/graph.bin,/kaggle/working/gfd-robustness-v4-factorial-r1/graphs/variants/yelpchi/r60_s0/camouflage_relation_oracle/0.30/seed_1/graph.bin,/kaggle/working/gfd-robustness-v4-factorial-r1/graphs/base/yelpchi/r60_s0/graph.bin,ok,
gfd_robustness_benchmark_v4_factorial,yelpchi,r60_s0,1,3,camouflage_relation_oracle,0.3,pmp,train_on_variant,0.8766284894569314,0.6267589404525619,0.7548715509237424,0.3061801791191101,80.13625917999889,100,99,0.8793702334208274,roc_auc,max_epochs,45954,8090118,176.0481719970703,176.0,176.0481719970703,176.0,0.2353772819042205,0.1452974677085876,/kaggle/working/gfd-robustness-v4-factorial-r1/graphs/base/yelpchi/r60_s0/graph.bin,/kaggle/working/gfd-robustness-v4-factorial-r1/graphs/variants/yelpchi/r60_s0/camouflage_relation_oracle/0.30/seed_1/graph.bin,/kaggle/working/gfd-robustness-v4-factorial-r1/graphs/variants/yelpchi/r60_s0/camouflage_relation_oracle/0.30/seed_1/graph.bin,ok,
gfd_robustness_benchmark_v4_factorial,yelpchi,r60_s0,1,3,camouflage_relation_oracle,0.3,sage,train_clean_eval_all,0.7951285565325561,0.4348774202790988,0.6697514497187892,0.678034782409668,0.1219913459972303,100,100,0.790009846062886,roc_auc,max_epochs,45954,8090118,176.0481719970703,176.0,176.0481719970703,176.0,0.2353772819042205,0.1452974677085876,/kaggle/working/gfd-robustness-v4-factorial-r1/graphs/base/yelpchi/r60_s0/graph.bin,/kaggle/working/gfd-robustness-v4-factorial-r1/graphs/variants/yelpchi/r60_s0/camouflage_relation_oracle/0.30/seed_1/graph.bin,/kaggle/working/gfd-robustness-v4-factorial-r1/graphs/base/yelpchi/r60_s0/graph.bin,ok,
gfd_robustness_benchmark_v4_factorial,yelpchi,r60_s0,1,3,camouflage_relation_oracle,0.3,sage,train_on_variant,0.7947510655877654,0.435919849163238,0.6728952377487942,0.6698533296585083,3.3359598950009968,100,100,0.7862511294363904,roc_auc,max_epochs,45954,8090118,176.0481719970703,176.0,176.0481719970703,176.0,0.2353772819042205,0.1452974677085876,/kaggle/working/gfd-robustness-v4-factorial-r1/graphs/base/yelpchi/r60_s0/graph.bin,/kaggle/working/gfd-robustness-v4-factorial-r1/graphs/variants/yelpchi/r60_s0/camouflage_relation_oracle/0.30/seed_1/graph.bin,/kaggle/working/gfd-robustness-v4-factorial-r1/graphs/variants/yelpchi/r60_s0/camouflage_relation_oracle/0.30/seed_1/graph.bin,ok,
gfd_robustness_benchmark_v4_factorial,yelpchi,r60_s0,1,3,camouflage_relation_oracle,0.3,secgfd,train_clean_eval_all,0.8050170185342147,0.4438034902364866,0.673922714997845,0.7169128656387329,0.1674992650005151,50,50,0.7874013307681121,roc_auc,max_epochs,45954,8090118,176.0481719970703,176.0,176.0481719970703,176.0,0.2353772819042205,0.1452974677085876,/kaggle/working/gfd-robustness-v4-factorial-r1/graphs/base/yelpchi/r60_s0/graph.bin,/kaggle/working/gfd-robustness-v4-factorial-r1/graphs/variants/yelpchi/r60_s0/camouflage_relation_oracle/0.30/seed_1/graph.bin,/kaggle/working/gfd-robustness-v4-factorial-r1/graphs/base/yelpchi/r60_s0/graph.bin,ok,
gfd_robustness_benchmark_v4_factorial,yelpchi,r60_s0,1,3,camouflage_relation_oracle,0.3,secgfd,train_on_variant,0.8363593427960779,0.516083449428162,0.6981665415571128,0.6723927855491638,4.761852686000566,50,50,0.8307149481353273,roc_auc,max_epochs,45954,8090118,176.0481719970703,176.0,176.0481719970703,176.0,0.2353772819042205,0.1452974677085876,/kaggle/working/gfd-robustness-v4-factorial-r1/graphs/base/yelpchi/r60_s0/graph.bin,/kaggle/working/gfd-robustness-v4-factorial-r1/graphs/variants/yelpchi/r60_s0/camouflage_relation_oracle/0.30/seed_1/graph.bin,/kaggle/working/gfd-robustness-v4-factorial-r1/graphs/variants/yelpchi/r60_s0/camouflage_relation_oracle/0.30/seed_1/graph.bin,ok,
gfd_robustness_benchmark_v4_factorial,yelpchi,r60_s0,1,4,camouflage_relation_oracle,0.3,mlp,train_clean_eval_all,0.8049343649767674,0.4459862676711785,0.6719939992863229,0.6745531558990479,0.1072231209982419,100,100,0.7943539385443562,roc_auc,max_epochs,45954,8090118,176.0481719970703,176.0,176.0481719970703,176.0,0.2353772819042205,0.1452974677085876,/kaggle/working/gfd-robustness-v4-factorial-r1/graphs/base/yelpchi/r60_s0/graph.bin,/kaggle/working/gfd-robustness-v4-factorial-r1/graphs/variants/yelpchi/r60_s0/camouflage_relation_oracle/0.30/seed_1/graph.bin,/kaggle/working/gfd-robustness-v4-factorial-r1/graphs/base/yelpchi/r60_s0/graph.bin,ok,
gfd_robustness_benchmark_v4_factorial,yelpchi,r60_s0,1,4,camouflage_relation_oracle,0.3,mlp,train_on_variant,0.8049343649767674,0.4459862676711785,0.6719939992863229,0.6745531558990479,1.9772664129995967,100,100,0.7943539385443562,roc_auc,max_epochs,45954,8090118,176.0481719970703,176.0,176.0481719970703,176.0,0.2353772819042205,0.1452974677085876,/kaggle/working/gfd-robustness-v4-factorial-r1/graphs/base/yelpchi/r60_s0/graph.bin,/kaggle/working/gfd-robustness-v4-factorial-r1/graphs/variants/yelpchi/r60_s0/camouflage_relation_oracle/0.30/seed_1/graph.bin,/kaggle/working/gfd-robustness-v4-factorial-r1/graphs/variants/yelpchi/r60_s0/camouflage_relation_oracle/0.30/seed_1/graph.bin,ok,
gfd_robustness_benchmark_v4_factorial,yelpchi,r60_s0,1,4,camouflage_relation_oracle,0.3,pmp,train_clean_eval_all,0.8545888111760186,0.5795029121850247,0.7218205935487048,0.2526274025440216,0.2701820000002044,72,62,0.8613409240994905,roc_auc,early_stopping,45954,8090118,176.0481719970703,176.0,176.0481719970703,176.0,0.2353772819042205,0.1452974677085876,/kaggle/working/gfd-robustness-v4-factorial-r1/graphs/base/yelpchi/r60_s0/graph.bin,/kaggle/working/gfd-robustness-v4-factorial-r1/graphs/variants/yelpchi/r60_s0/camouflage_relation_oracle/0.30/seed_1/graph.bin,/kaggle/working/gfd-robustness-v4-factorial-r1/graphs/base/yelpchi/r60_s0/graph.bin,ok,
gfd_robustness_benchmark_v4_factorial,yelpchi,r60_s0,1,4,camouflage_relation_oracle,0.3,pmp,train_on_variant,0.8495255542885716,0.5589110205125214,0.72244118741516,0.277350902557373,40.51846285699867,51,41,0.8489489029864802,roc_auc,early_stopping,45954,8090118,176.0481719970703,176.0,176.0481719970703,176.0,0.2353772819042205,0.1452974677085876,/kaggle/working/gfd-robustness-v4-factorial-r1/graphs/base/yelpchi/r60_s0/graph.bin,/kaggle/working/gfd-robustness-v4-factorial-r1/graphs/variants/yelpchi/r60_s0/camouflage_relation_oracle/0.30/seed_1/graph.bin,/kaggle/working/gfd-robustness-v4-factorial-r1/graphs/variants/yelpchi/r60_s0/camouflage_relation_oracle/0.30/seed_1/graph.bin,ok,
gfd_robustness_benchmark_v4_factorial,yelpchi,r60_s0,1,4,camouflage_relation_oracle,0.3,sage,train_clean_eval_all,0.8026131100832957,0.4337169658241625,0.6658574517315935,0.652508556842804,0.1319557780007016,100,99,0.7973325990506774,roc_auc,max_epochs,45954,8090118,176.0481719970703,176.0,176.0481719970703,176.0,0.2353772819042205,0.1452974677085876,/kaggle/working/gfd-robustness-v4-factorial-r1/graphs/base/yelpchi/r60_s0/graph.bin,/kaggle/working/gfd-robustness-v4-factorial-r1/graphs/variants/yelpchi/r60_s0/camouflage_relation_oracle/0.30/seed_1/graph.bin,/kaggle/working/gfd-robustness-v4-factorial-r1/graphs/base/yelpchi/r60_s0/graph.bin,ok,
gfd_robustness_benchmark_v4_factorial,yelpchi,r60_s0,1,4,camouflage_relation_oracle,0.3,sage,train_on_variant,0.8124639849628645,0.4599018181430435,0.6789064825712783,0.640332818031311,3.4129526460019406,100,99,0.805307623904238,roc_auc,max_epochs,45954,8090118,176.0481719970703,176.0,176.0481719970703,176.0,0.2353772819042205,0.1452974677085876,/kaggle/working/gfd-robustness-v4-factorial-r1/graphs/base/yelpchi/r60_s0/graph.bin,/kaggle/working/gfd-robustness-v4-factorial-r1/graphs/variants/yelpchi/r60_s0/camouflage_relation_oracle/0.30/seed_1/graph.bin,/kaggle/working/gfd-robustness-v4-factorial-r1/graphs/variants/yelpchi/r60_s0/camouflage_relation_oracle/0.30/seed_1/graph.bin,ok,
gfd_robustness_benchmark_v4_factorial,yelpchi,r60_s0,1,4,camouflage_relation_oracle,0.3,secgfd,train_clean_eval_all,0.8006976436637926,0.4320662412595034,0.6751557199016317,0.6925545334815979,0.1887993430027563,50,50,0.7887418257413752,roc_auc,max_epochs,45954,8090118,176.0481719970703,176.0,176.0481719970703,176.0,0.2353772819042205,0.1452974677085876,/kaggle/working/gfd-robustness-v4-factorial-r1/graphs/base/yelpchi/r60_s0/graph.bin,/kaggle/working/gfd-robustness-v4-factorial-r1/graphs/variants/yelpchi/r60_s0/camouflage_relation_oracle/0.30/seed_1/graph.bin,/kaggle/working/gfd-robustness-v4-factorial-r1/graphs/base/yelpchi/r60_s0/graph.bin,ok,
gfd_robustness_benchmark_v4_factorial,yelpchi,r60_s0,1,4,camouflage_relation_oracle,0.3,secgfd,train_on_variant,0.8252175003353781,0.4878971939230486,0.7008468029676168,0.5605735778808594,4.758246422999946,50,50,0.8188836519595573,roc_auc,max_epochs,45954,8090118,176.0481719970703,176.0,176.0481719970703,176.0,0.2353772819042205,0.1452974677085876,/kaggle/working/gfd-robustness-v4-factorial-r1/graphs/base/yelpchi/r60_s0/graph.bin,/kaggle/working/gfd-robustness-v4-factorial-r1/graphs/variants/yelpchi/r60_s0/camouflage_relation_oracle/0.30/seed_1/graph.bin,/kaggle/working/gfd-robustness-v4-factorial-r1/graphs/variants/yelpchi/r60_s0/camouflage_relation_oracle/0.30/seed_1/graph.bin,ok,
gfd_robustness_benchmark_v4_factorial,yelpchi,r60_s0,717,0,clean,0.0,mlp,train_clean_eval_all,0.7500588817273802,0.3386673790685267,0.6257580788607755,0.504684567451477,1.5012894589999632,17,7,0.7453053352310248,roc_auc,early_stopping,45954,8051348,175.2045135498047,175.0,175.2045135498047,175.0,0.2268800139427185,0.1452974677085876,/kaggle/working/gfd-robustness-v4-factorial-r1/graphs/base/yelpchi/r60_s0/graph.bin,/kaggle/working/gfd-robustness-v4-factorial-r1/graphs/base/yelpchi/r60_s0/graph.bin,/kaggle/working/gfd-robustness-v4-factorial-r1/graphs/base/yelpchi/r60_s0/graph.bin,ok,
gfd_robustness_benchmark_v4_factorial,yelpchi,r60_s0,717,0,clean,0.0,mlp,train_on_variant,0.7500588817273802,0.3386673790685267,0.6257580788607755,0.504684567451477,1.4680535010011226,17,7,0.7453053352310248,roc_auc,early_stopping,45954,8051348,175.2045135498047,175.0,175.2045135498047,175.0,0.2268800139427185,0.1452974677085876,/kaggle/working/gfd-robustness-v4-factorial-r1/graphs/base/yelpchi/r60_s0/graph.bin,/kaggle/working/gfd-robustness-v4-factorial-r1/graphs/base/yelpchi/r60_s0/graph.bin,/kaggle/working/gfd-robustness-v4-factorial-r1/graphs/base/yelpchi/r60_s0/graph.bin,ok,
gfd_robustness_benchmark_v4_factorial,yelpchi,r60_s0,717,0,clean,0.0,pmp,train_clean_eval_all,0.855554976477798,0.5732781172822681,0.7242743575977855,0.2222334295511245,45.36229051199916,47,37,0.8544697072643919,roc_auc,early_stopping,45954,8051348,175.2045135498047,175.0,175.2045135498047,175.0,0.2268800139427185,0.1452974677085876,/kaggle/working/gfd-robustness-v4-factorial-r1/graphs/base/yelpchi/r60_s0/graph.bin,/kaggle/working/gfd-robustness-v4-factorial-r1/graphs/base/yelpchi/r60_s0/graph.bin,/kaggle/working/gfd-robustness-v4-factorial-r1/graphs/base/yelpchi/r60_s0/graph.bin,ok,
gfd_robustness_benchmark_v4_factorial,yelpchi,r60_s0,717,0,clean,0.0,pmp,train_on_variant,0.855554976477798,0.5732781172822681,0.7242743575977855,0.2222334295511245,46.37423745900014,47,37,0.8544697072643919,roc_auc,early_stopping,45954,8051348,175.2045135498047,175.0,175.2045135498047,175.0,0.2268800139427185,0.1452974677085876,/kaggle/working/gfd-robustness-v4-factorial-r1/graphs/base/yelpchi/r60_s0/graph.bin,/kaggle/working/gfd-robustness-v4-factorial-r1/graphs/base/yelpchi/r60_s0/graph.bin,/kaggle/working/gfd-robustness-v4-factorial-r1/graphs/base/yelpchi/r60_s0/graph.bin,ok,
gfd_robustness_benchmark_v4_factorial,yelpchi,r60_s0,717,0,clean,0.0,sage,train_clean_eval_all,0.795229265247509,0.4424521861401155,0.6650852629054264,0.6509830951690674,3.418147980999493,100,100,0.7853851527093361,roc_auc,max_epochs,45954,8051348,175.2045135498047,175.0,175.2045135498047,175.0,0.2268800139427185,0.1452974677085876,/kaggle/working/gfd-robustness-v4-factorial-r1/graphs/base/yelpchi/r60_s0/graph.bin,/kaggle/working/gfd-robustness-v4-factorial-r1/graphs/base/yelpchi/r60_s0/graph.bin,/kaggle/working/gfd-robustness-v4-factorial-r1/graphs/base/yelpchi/r60_s0/graph.bin,ok,
gfd_robustness_benchmark_v4_factorial,yelpchi,r60_s0,717,0,clean,0.0,sage,train_on_variant,0.796045082060929,0.4437148822783162,0.6662051782419793,0.6495292782783508,3.4555456259986386,100,100,0.7861871896284959,roc_auc,max_epochs,45954,8051348,175.2045135498047,175.0,175.2045135498047,175.0,0.2268800139427185,0.1452974677085876,/kaggle/working/gfd-robustness-v4-factorial-r1/graphs/base/yelpchi/r60_s0/graph.bin,/kaggle/working/gfd-robustness-v4-factorial-r1/graphs/base/yelpchi/r60_s0/graph.bin,/kaggle/working/gfd-robustness-v4-factorial-r1/graphs/base/yelpchi/r60_s0/graph.bin,ok,
gfd_robustness_benchmark_v4_factorial,yelpchi,r60_s0,717,0,clean,0.0,secgfd,train_clean_eval_all,0.8154110249460346,0.46886040140634,0.689985581901247,0.7366681694984436,5.871747864002828,50,50,0.8122382508814968,roc_auc,max_epochs,45954,8051348,175.2045135498047,175.0,175.2045135498047,175.0,0.2268800139427185,0.1452974677085876,/kaggle/working/gfd-robustness-v4-factorial-r1/graphs/base/yelpchi/r60_s0/graph.bin,/kaggle/working/gfd-robustness-v4-factorial-r1/graphs/base/yelpchi/r60_s0/graph.bin,/kaggle/working/gfd-robustness-v4-factorial-r1/graphs/base/yelpchi/r60_s0/graph.bin,ok,
gfd_robustness_benchmark_v4_factorial,yelpchi,r60_s0,717,0,clean,0.0,secgfd,train_on_variant,0.825797837878215,0.498672032645831,0.7006892309918775,0.7063826322555542,6.088999591000174,50,50,0.8220431653304153,roc_auc,max_epochs,45954,8051348,175.2045135498047,175.0,175.2045135498047,175.0,0.2268800139427185,0.1452974677085876,/kaggle/working/gfd-robustness-v4-factorial-r1/graphs/base/yelpchi/r60_s0/graph.bin,/kaggle/working/gfd-robustness-v4-factorial-r1/graphs/base/yelpchi/r60_s0/graph.bin,/kaggle/working/gfd-robustness-v4-factorial-r1/graphs/base/yelpchi/r60_s0/graph.bin,ok,
gfd_robustness_benchmark_v4_factorial,yelpchi,r60_s0,717,1,clean,0.0,mlp,train_clean_eval_all,0.8072627657109407,0.4418110196452536,0.668932800089991,0.6548792123794556,2.21338466099769,100,100,0.7960902786221233,roc_auc,max_epochs,45954,8051348,175.2045135498047,175.0,175.2045135498047,175.0,0.2268800139427185,0.1452974677085876,/kaggle/working/gfd-robustness-v4-factorial-r1/graphs/base/yelpchi/r60_s0/graph.bin,/kaggle/working/gfd-robustness-v4-factorial-r1/graphs/base/yelpchi/r60_s0/graph.bin,/kaggle/working/gfd-robustness-v4-factorial-r1/graphs/base/yelpchi/r60_s0/graph.bin,ok,
gfd_robustness_benchmark_v4_factorial,yelpchi,r60_s0,717,1,clean,0.0,mlp,train_on_variant,0.8072627657109407,0.4418110196452536,0.668932800089991,0.6548792123794556,1.7933455589991354,100,100,0.7960902786221233,roc_auc,max_epochs,45954,8051348,175.2045135498047,175.0,175.2045135498047,175.0,0.2268800139427185,0.1452974677085876,/kaggle/working/gfd-robustness-v4-factorial-r1/graphs/base/yelpchi/r60_s0/graph.bin,/kaggle/working/gfd-robustness-v4-factorial-r1/graphs/base/yelpchi/r60_s0/graph.bin,/kaggle/working/gfd-robustness-v4-factorial-r1/graphs/base/yelpchi/r60_s0/graph.bin,ok,
gfd_robustness_benchmark_v4_factorial,yelpchi,r60_s0,717,1,clean,0.0,pmp,train_clean_eval_all,0.8603403554398331,0.5896736871011538,0.7309516558191804,0.2552038431167602,81.55971899799624,85,75,0.8577235807246035,roc_auc,early_stopping,45954,8051348,175.2045135498047,175.0,175.2045135498047,175.0,0.2268800139427185,0.1452974677085876,/kaggle/working/gfd-robustness-v4-factorial-r1/graphs/base/yelpchi/r60_s0/graph.bin,/kaggle/working/gfd-robustness-v4-factorial-r1/graphs/base/yelpchi/r60_s0/graph.bin,/kaggle/working/gfd-robustness-v4-factorial-r1/graphs/base/yelpchi/r60_s0/graph.bin,ok,
gfd_robustness_benchmark_v4_factorial,yelpchi,r60_s0,717,1,clean,0.0,pmp,train_on_variant,0.8603403554398331,0.5896736871011538,0.7309516558191804,0.2552038431167602,79.09852335699907,85,75,0.8577235807246035,roc_auc,early_stopping,45954,8051348,175.2045135498047,175.0,175.2045135498047,175.0,0.2268800139427185,0.1452974677085876,/kaggle/working/gfd-robustness-v4-factorial-r1/graphs/base/yelpchi/r60_s0/graph.bin,/kaggle/working/gfd-robustness-v4-factorial-r1/graphs/base/yelpchi/r60_s0/graph.bin,/kaggle/working/gfd-robustness-v4-factorial-r1/graphs/base/yelpchi/r60_s0/graph.bin,ok,
gfd_robustness_benchmark_v4_factorial,yelpchi,r60_s0,717,1,clean,0.0,sage,train_clean_eval_all,0.5987448950114028,0.1893350037748827,0.5402006738323025,0.2802307903766632,1.0556393410006422,23,13,0.6150002980043247,roc_auc,early_stopping,45954,8051348,175.2045135498047,175.0,175.2045135498047,175.0,0.2268800139427185,0.1452974677085876,/kaggle/working/gfd-robustness-v4-factorial-r1/graphs/base/yelpchi/r60_s0/graph.bin,/kaggle/working/gfd-robustness-v4-factorial-r1/graphs/base/yelpchi/r60_s0/graph.bin,/kaggle/working/gfd-robustness-v4-factorial-r1/graphs/base/yelpchi/r60_s0/graph.bin,ok,
gfd_robustness_benchmark_v4_factorial,yelpchi,r60_s0,717,1,clean,0.0,sage,train_on_variant,0.5987448950114028,0.1893349621438548,0.5402006738323025,0.2802307903766632,0.9301162060000934,23,13,0.6150003933657086,roc_auc,early_stopping,45954,8051348,175.2045135498047,175.0,175.2045135498047,175.0,0.2268800139427185,0.1452974677085876,/kaggle/working/gfd-robustness-v4-factorial-r1/graphs/base/yelpchi/r60_s0/graph.bin,/kaggle/working/gfd-robustness-v4-factorial-r1/graphs/base/yelpchi/r60_s0/graph.bin,/kaggle/working/gfd-robustness-v4-factorial-r1/graphs/base/yelpchi/r60_s0/graph.bin,ok,
gfd_robustness_benchmark_v4_factorial,yelpchi,r60_s0,717,1,clean,0.0,secgfd,train_clean_eval_all,0.7984213599278023,0.4351122577656073,0.674213820865759,0.669256865978241,4.35323966100259,50,50,0.7873268058466064,roc_auc,max_epochs,45954,8051348,175.2045135498047,175.0,175.2045135498047,175.0,0.2268800139427185,0.1452974677085876,/kaggle/working/gfd-robustness-v4-factorial-r1/graphs/base/yelpchi/r60_s0/graph.bin,/kaggle/working/gfd-robustness-v4-factorial-r1/graphs/base/yelpchi/r60_s0/graph.bin,/kaggle/working/gfd-robustness-v4-factorial-r1/graphs/base/yelpchi/r60_s0/graph.bin,ok,
gfd_robustness_benchmark_v4_factorial,yelpchi,r60_s0,717,1,clean,0.0,secgfd,train_on_variant,0.798055969273266,0.4342496772856178,0.6753733960699094,0.6436026692390442,4.356480614000247,50,50,0.7868394614942652,roc_auc,max_epochs,45954,8051348,175.2045135498047,175.0,175.2045135498047,175.0,0.2268800139427185,0.1452974677085876,/kaggle/working/gfd-robustness-v4-factorial-r1/graphs/base/yelpchi/r60_s0/graph.bin,/kaggle/working/gfd-robustness-v4-factorial-r1/graphs/base/yelpchi/r60_s0/graph.bin,/kaggle/working/gfd-robustness-v4-factorial-r1/graphs/base/yelpchi/r60_s0/graph.bin,ok,
gfd_robustness_benchmark_v4_factorial,yelpchi,r60_s0,717,2,clean,0.0,mlp,train_clean_eval_all,0.8058664207989317,0.4426646605102433,0.6681705838275631,0.6908261179924011,2.01523274200008,100,100,0.797094624717194,roc_auc,max_epochs,45954,8051348,175.2045135498047,175.0,175.2045135498047,175.0,0.2268800139427185,0.1452974677085876,/kaggle/working/gfd-robustness-v4-factorial-r1/graphs/base/yelpchi/r60_s0/graph.bin,/kaggle/working/gfd-robustness-v4-factorial-r1/graphs/base/yelpchi/r60_s0/graph.bin,/kaggle/working/gfd-robustness-v4-factorial-r1/graphs/base/yelpchi/r60_s0/graph.bin,ok,
gfd_robustness_benchmark_v4_factorial,yelpchi,r60_s0,717,2,clean,0.0,mlp,train_on_variant,0.8058664207989317,0.4426646605102433,0.6681705838275631,0.6908261179924011,1.903490779999629,100,100,0.797094624717194,roc_auc,max_epochs,45954,8051348,175.2045135498047,175.0,175.2045135498047,175.0,0.2268800139427185,0.1452974677085876,/kaggle/working/gfd-robustness-v4-factorial-r1/graphs/base/yelpchi/r60_s0/graph.bin,/kaggle/working/gfd-robustness-v4-factorial-r1/graphs/base/yelpchi/r60_s0/graph.bin,/kaggle/working/gfd-robustness-v4-factorial-r1/graphs/base/yelpchi/r60_s0/graph.bin,ok,
gfd_robustness_benchmark_v4_factorial,yelpchi,r60_s0,717,2,clean,0.0,pmp,train_clean_eval_all,0.8495718593363172,0.5600132915411682,0.7206965537431489,0.402582585811615,32.95116179799879,36,26,0.8494535554299965,roc_auc,early_stopping,45954,8051348,175.2045135498047,175.0,175.2045135498047,175.0,0.2268800139427185,0.1452974677085876,/kaggle/working/gfd-robustness-v4-factorial-r1/graphs/base/yelpchi/r60_s0/graph.bin,/kaggle/working/gfd-robustness-v4-factorial-r1/graphs/base/yelpchi/r60_s0/graph.bin,/kaggle/working/gfd-robustness-v4-factorial-r1/graphs/base/yelpchi/r60_s0/graph.bin,ok,
gfd_robustness_benchmark_v4_factorial,yelpchi,r60_s0,717,2,clean,0.0,pmp,train_on_variant,0.8495718593363172,0.5600132915411682,0.7206965537431489,0.402582585811615,32.99771886899907,36,26,0.8494535554299965,roc_auc,early_stopping,45954,8051348,175.2045135498047,175.0,175.2045135498047,175.0,0.2268800139427185,0.1452974677085876,/kaggle/working/gfd-robustness-v4-factorial-r1/graphs/base/yelpchi/r60_s0/graph.bin,/kaggle/working/gfd-robustness-v4-factorial-r1/graphs/base/yelpchi/r60_s0/graph.bin,/kaggle/working/gfd-robustness-v4-factorial-r1/graphs/base/yelpchi/r60_s0/graph.bin,ok,
gfd_robustness_benchmark_v4_factorial,yelpchi,r60_s0,717,2,clean,0.0,sage,train_clean_eval_all,0.7981587741014915,0.439110435662145,0.6709984026088512,0.6172454953193665,3.385053409001557,100,100,0.7885236865757396,roc_auc,max_epochs,45954,8051348,175.2045135498047,175.0,175.2045135498047,175.0,0.2268800139427185,0.1452974677085876,/kaggle/working/gfd-robustness-v4-factorial-r1/graphs/base/yelpchi/r60_s0/graph.bin,/kaggle/working/gfd-robustness-v4-factorial-r1/graphs/base/yelpchi/r60_s0/graph.bin,/kaggle/working/gfd-robustness-v4-factorial-r1/graphs/base/yelpchi/r60_s0/graph.bin,ok,
gfd_robustness_benchmark_v4_factorial,yelpchi,r60_s0,717,2,clean,0.0,sage,train_on_variant,0.7968546105345318,0.4394834268418754,0.6730995117319698,0.7000614404678345,3.384531944000628,100,100,0.7882064669322482,roc_auc,max_epochs,45954,8051348,175.2045135498047,175.0,175.2045135498047,175.0,0.2268800139427185,0.1452974677085876,/kaggle/working/gfd-robustness-v4-factorial-r1/graphs/base/yelpchi/r60_s0/graph.bin,/kaggle/working/gfd-robustness-v4-factorial-r1/graphs/base/yelpchi/r60_s0/graph.bin,/kaggle/working/gfd-robustness-v4-factorial-r1/graphs/base/yelpchi/r60_s0/graph.bin,ok,
gfd_robustness_benchmark_v4_factorial,yelpchi,r60_s0,717,2,clean,0.0,secgfd,train_clean_eval_all,0.815815813002305,0.4777110327690904,0.691626944770551,0.6859545111656189,4.474412896004651,50,50,0.8053339913268821,roc_auc,max_epochs,45954,8051348,175.2045135498047,175.0,175.2045135498047,175.0,0.2268800139427185,0.1452974677085876,/kaggle/working/gfd-robustness-v4-factorial-r1/graphs/base/yelpchi/r60_s0/graph.bin,/kaggle/working/gfd-robustness-v4-factorial-r1/graphs/base/yelpchi/r60_s0/graph.bin,/kaggle/working/gfd-robustness-v4-factorial-r1/graphs/base/yelpchi/r60_s0/graph.bin,ok,
gfd_robustness_benchmark_v4_factorial,yelpchi,r60_s0,717,2,clean,0.0,secgfd,train_on_variant,0.8147837154103199,0.4751085951088017,0.6849652021762002,0.6541464328765869,4.386097164999228,50,50,0.8039136311946159,roc_auc,max_epochs,45954,8051348,175.2045135498047,175.0,175.2045135498047,175.0,0.2268800139427185,0.1452974677085876,/kaggle/working/gfd-robustness-v4-factorial-r1/graphs/base/yelpchi/r60_s0/graph.bin,/kaggle/working/gfd-robustness-v4-factorial-r1/graphs/base/yelpchi/r60_s0/graph.bin,/kaggle/working/gfd-robustness-v4-factorial-r1/graphs/base/yelpchi/r60_s0/graph.bin,ok,
gfd_robustness_benchmark_v4_factorial,yelpchi,r60_s0,717,3,clean,0.0,mlp,train_clean_eval_all,0.805465110385136,0.435856309524571,0.6683207551370244,0.6890000104904175,2.1700988640004653,100,100,0.7965709953582847,roc_auc,max_epochs,45954,8051348,175.2045135498047,175.0,175.2045135498047,175.0,0.2268800139427185,0.1452974677085876,/kaggle/working/gfd-robustness-v4-factorial-r1/graphs/base/yelpchi/r60_s0/graph.bin,/kaggle/working/gfd-robustness-v4-factorial-r1/graphs/base/yelpchi/r60_s0/graph.bin,/kaggle/working/gfd-robustness-v4-factorial-r1/graphs/base/yelpchi/r60_s0/graph.bin,ok,
gfd_robustness_benchmark_v4_factorial,yelpchi,r60_s0,717,3,clean,0.0,mlp,train_on_variant,0.805465110385136,0.435856309524571,0.6683207551370244,0.6890000104904175,1.8368477519998123,100,100,0.7965709953582847,roc_auc,max_epochs,45954,8051348,175.2045135498047,175.0,175.2045135498047,175.0,0.2268800139427185,0.1452974677085876,/kaggle/working/gfd-robustness-v4-factorial-r1/graphs/base/yelpchi/r60_s0/graph.bin,/kaggle/working/gfd-robustness-v4-factorial-r1/graphs/base/yelpchi/r60_s0/graph.bin,/kaggle/working/gfd-robustness-v4-factorial-r1/graphs/base/yelpchi/r60_s0/graph.bin,ok,
gfd_robustness_benchmark_v4_factorial,yelpchi,r60_s0,717,3,clean,0.0,pmp,train_clean_eval_all,0.8712111799821944,0.6171076557543602,0.7426669479990236,0.311098039150238,82.0063826680016,95,85,0.8754252760116055,roc_auc,early_stopping,45954,8051348,175.2045135498047,175.0,175.2045135498047,175.0,0.2268800139427185,0.1452974677085876,/kaggle/working/gfd-robustness-v4-factorial-r1/graphs/base/yelpchi/r60_s0/graph.bin,/kaggle/working/gfd-robustness-v4-factorial-r1/graphs/base/yelpchi/r60_s0/graph.bin,/kaggle/working/gfd-robustness-v4-factorial-r1/graphs/base/yelpchi/r60_s0/graph.bin,ok,
gfd_robustness_benchmark_v4_factorial,yelpchi,r60_s0,717,3,clean,0.0,pmp,train_on_variant,0.8712111799821944,0.6171076557543602,0.7426669479990236,0.311098039150238,87.33567294200111,95,85,0.8754252760116055,roc_auc,early_stopping,45954,8051348,175.2045135498047,175.0,175.2045135498047,175.0,0.2268800139427185,0.1452974677085876,/kaggle/working/gfd-robustness-v4-factorial-r1/graphs/base/yelpchi/r60_s0/graph.bin,/kaggle/working/gfd-robustness-v4-factorial-r1/graphs/base/yelpchi/r60_s0/graph.bin,/kaggle/working/gfd-robustness-v4-factorial-r1/graphs/base/yelpchi/r60_s0/graph.bin,ok,
gfd_robustness_benchmark_v4_factorial,yelpchi,r60_s0,717,3,clean,0.0,sage,train_clean_eval_all,0.7990949745112627,0.4418981716500805,0.6754950510043675,0.678034782409668,3.172142988001724,100,100,0.790009846062886,roc_auc,max_epochs,45954,8051348,175.2045135498047,175.0,175.2045135498047,175.0,0.2268800139427185,0.1452974677085876,/kaggle/working/gfd-robustness-v4-factorial-r1/graphs/base/yelpchi/r60_s0/graph.bin,/kaggle/working/gfd-robustness-v4-factorial-r1/graphs/base/yelpchi/r60_s0/graph.bin,/kaggle/working/gfd-robustness-v4-factorial-r1/graphs/base/yelpchi/r60_s0/graph.bin,ok,
gfd_robustness_benchmark_v4_factorial,yelpchi,r60_s0,717,3,clean,0.0,sage,train_on_variant,0.8010063916210349,0.4456698034271864,0.6764049321611569,0.627804696559906,3.218537718001244,100,100,0.7915025854855205,roc_auc,max_epochs,45954,8051348,175.2045135498047,175.0,175.2045135498047,175.0,0.2268800139427185,0.1452974677085876,/kaggle/working/gfd-robustness-v4-factorial-r1/graphs/base/yelpchi/r60_s0/graph.bin,/kaggle/working/gfd-robustness-v4-factorial-r1/graphs/base/yelpchi/r60_s0/graph.bin,/kaggle/working/gfd-robustness-v4-factorial-r1/graphs/base/yelpchi/r60_s0/graph.bin,ok,
gfd_robustness_benchmark_v4_factorial,yelpchi,r60_s0,717,3,clean,0.0,secgfd,train_clean_eval_all,0.7984553741295414,0.4307306564081845,0.6661883704215591,0.7169128656387329,4.471891792996757,50,50,0.7874013307681121,roc_auc,max_epochs,45954,8051348,175.2045135498047,175.0,175.2045135498047,175.0,0.2268800139427185,0.1452974677085876,/kaggle/working/gfd-robustness-v4-factorial-r1/graphs/base/yelpchi/r60_s0/graph.bin,/kaggle/working/gfd-robustness-v4-factorial-r1/graphs/base/yelpchi/r60_s0/graph.bin,/kaggle/working/gfd-robustness-v4-factorial-r1/graphs/base/yelpchi/r60_s0/graph.bin,ok,
gfd_robustness_benchmark_v4_factorial,yelpchi,r60_s0,717,3,clean,0.0,secgfd,train_on_variant,0.7979486863848677,0.4300574979752629,0.6625496063445646,0.6995875239372253,4.412876841999605,50,50,0.7872460824351483,roc_auc,max_epochs,45954,8051348,175.2045135498047,175.0,175.2045135498047,175.0,0.2268800139427185,0.1452974677085876,/kaggle/working/gfd-robustness-v4-factorial-r1/graphs/base/yelpchi/r60_s0/graph.bin,/kaggle/working/gfd-robustness-v4-factorial-r1/graphs/base/yelpchi/r60_s0/graph.bin,/kaggle/working/gfd-robustness-v4-factorial-r1/graphs/base/yelpchi/r60_s0/graph.bin,ok,
gfd_robustness_benchmark_v4_factorial,yelpchi,r60_s0,717,4,clean,0.0,mlp,train_clean_eval_all,0.8049343649767674,0.4459862676711785,0.6719939992863229,0.6745531558990479,2.100416491000942,100,100,0.7943539385443562,roc_auc,max_epochs,45954,8051348,175.2045135498047,175.0,175.2045135498047,175.0,0.2268800139427185,0.1452974677085876,/kaggle/working/gfd-robustness-v4-factorial-r1/graphs/base/yelpchi/r60_s0/graph.bin,/kaggle/working/gfd-robustness-v4-factorial-r1/graphs/base/yelpchi/r60_s0/graph.bin,/kaggle/working/gfd-robustness-v4-factorial-r1/graphs/base/yelpchi/r60_s0/graph.bin,ok,
gfd_robustness_benchmark_v4_factorial,yelpchi,r60_s0,717,4,clean,0.0,mlp,train_on_variant,0.8049343649767674,0.4459862676711785,0.6719939992863229,0.6745531558990479,1.6002769340011582,100,100,0.7943539385443562,roc_auc,max_epochs,45954,8051348,175.2045135498047,175.0,175.2045135498047,175.0,0.2268800139427185,0.1452974677085876,/kaggle/working/gfd-robustness-v4-factorial-r1/graphs/base/yelpchi/r60_s0/graph.bin,/kaggle/working/gfd-robustness-v4-factorial-r1/graphs/base/yelpchi/r60_s0/graph.bin,/kaggle/working/gfd-robustness-v4-factorial-r1/graphs/base/yelpchi/r60_s0/graph.bin,ok,
gfd_robustness_benchmark_v4_factorial,yelpchi,r60_s0,717,4,clean,0.0,pmp,train_clean_eval_all,0.8581617315267632,0.5920734735214587,0.734351430200288,0.2526274025440216,59.64630346100239,72,62,0.8613409240994905,roc_auc,early_stopping,45954,8051348,175.2045135498047,175.0,175.2045135498047,175.0,0.2268800139427185,0.1452974677085876,/kaggle/working/gfd-robustness-v4-factorial-r1/graphs/base/yelpchi/r60_s0/graph.bin,/kaggle/working/gfd-robustness-v4-factorial-r1/graphs/base/yelpchi/r60_s0/graph.bin,/kaggle/working/gfd-robustness-v4-factorial-r1/graphs/base/yelpchi/r60_s0/graph.bin,ok,
gfd_robustness_benchmark_v4_factorial,yelpchi,r60_s0,717,4,clean,0.0,pmp,train_on_variant,0.8581617315267632,0.5920734735214587,0.734351430200288,0.2526274025440216,67.0503324679994,72,62,0.8613409240994905,roc_auc,early_stopping,45954,8051348,175.2045135498047,175.0,175.2045135498047,175.0,0.2268800139427185,0.1452974677085876,/kaggle/working/gfd-robustness-v4-factorial-r1/graphs/base/yelpchi/r60_s0/graph.bin,/kaggle/working/gfd-robustness-v4-factorial-r1/graphs/base/yelpchi/r60_s0/graph.bin,/kaggle/working/gfd-robustness-v4-factorial-r1/graphs/base/yelpchi/r60_s0/graph.bin,ok,
gfd_robustness_benchmark_v4_factorial,yelpchi,r60_s0,717,4,clean,0.0,sage,train_clean_eval_all,0.8065191695275437,0.4405190416034821,0.6685490303149463,0.652508556842804,3.3377413070011244,100,99,0.7973325990506774,roc_auc,max_epochs,45954,8051348,175.2045135498047,175.0,175.2045135498047,175.0,0.2268800139427185,0.1452974677085876,/kaggle/working/gfd-robustness-v4-factorial-r1/graphs/base/yelpchi/r60_s0/graph.bin,/kaggle/working/gfd-robustness-v4-factorial-r1/graphs/base/yelpchi/r60_s0/graph.bin,/kaggle/working/gfd-robustness-v4-factorial-r1/graphs/base/yelpchi/r60_s0/graph.bin,ok,
gfd_robustness_benchmark_v4_factorial,yelpchi,r60_s0,717,4,clean,0.0,sage,train_on_variant,0.806592295297389,0.439973888812904,0.6684830126350135,0.6509861946105957,3.3748407120001502,100,99,0.7970751233141895,roc_auc,max_epochs,45954,8051348,175.2045135498047,175.0,175.2045135498047,175.0,0.2268800139427185,0.1452974677085876,/kaggle/working/gfd-robustness-v4-factorial-r1/graphs/base/yelpchi/r60_s0/graph.bin,/kaggle/working/gfd-robustness-v4-factorial-r1/graphs/base/yelpchi/r60_s0/graph.bin,/kaggle/working/gfd-robustness-v4-factorial-r1/graphs/base/yelpchi/r60_s0/graph.bin,ok,
gfd_robustness_benchmark_v4_factorial,yelpchi,r60_s0,717,4,clean,0.0,secgfd,train_clean_eval_all,0.794888265729234,0.4201351671224504,0.6679948901967414,0.6925545334815979,4.530164855001203,50,50,0.7887418257413752,roc_auc,max_epochs,45954,8051348,175.2045135498047,175.0,175.2045135498047,175.0,0.2268800139427185,0.1452974677085876,/kaggle/working/gfd-robustness-v4-factorial-r1/graphs/base/yelpchi/r60_s0/graph.bin,/kaggle/working/gfd-robustness-v4-factorial-r1/graphs/base/yelpchi/r60_s0/graph.bin,/kaggle/working/gfd-robustness-v4-factorial-r1/graphs/base/yelpchi/r60_s0/graph.bin,ok,
gfd_robustness_benchmark_v4_factorial,yelpchi,r60_s0,717,4,clean,0.0,secgfd,train_on_variant,0.80126121230045,0.4324876239659797,0.6680832652556157,0.7117243409156799,4.537443687000632,50,50,0.7961289476632885,roc_auc,max_epochs,45954,8051348,175.2045135498047,175.0,175.2045135498047,175.0,0.2268800139427185,0.1452974677085876,/kaggle/working/gfd-robustness-v4-factorial-r1/graphs/base/yelpchi/r60_s0/graph.bin,/kaggle/working/gfd-robustness-v4-factorial-r1/graphs/base/yelpchi/r60_s0/graph.bin,/kaggle/working/gfd-robustness-v4-factorial-r1/graphs/base/yelpchi/r60_s0/graph.bin,ok,
gfd_robustness_benchmark_v4_factorial,yelpchi,r60_s0,0,0,heterophily_rewire_nonoracle,0.15,mlp,train_clean_eval_all,0.7500588817273802,0.3386673790685267,0.6257580788607755,0.504684567451477,0.0840731460011738,17,7,0.7453053352310248,roc_auc,early_stopping,45954,8051348,175.2045135498047,174.0,175.2045135498047,175.0,0.2294831871986389,0.1452974677085876,/kaggle/working/gfd-robustness-v4-factorial-r1/graphs/base/yelpchi/r60_s0/graph.bin,/kaggle/working/gfd-robustness-v4-factorial-r1/graphs/variants/yelpchi/r60_s0/heterophily_rewire_nonoracle/0.15/seed_0/graph.bin,/kaggle/working/gfd-robustness-v4-factorial-r1/graphs/base/yelpchi/r60_s0/graph.bin,ok,
gfd_robustness_benchmark_v4_factorial,yelpchi,r60_s0,0,0,heterophily_rewire_nonoracle,0.15,mlp,train_on_variant,0.7500588817273802,0.3386673790685267,0.6257580788607755,0.504684567451477,0.4411335900003905,17,7,0.7453053352310248,roc_auc,early_stopping,45954,8051348,175.2045135498047,174.0,175.2045135498047,175.0,0.2294831871986389,0.1452974677085876,/kaggle/working/gfd-robustness-v4-factorial-r1/graphs/base/yelpchi/r60_s0/graph.bin,/kaggle/working/gfd-robustness-v4-factorial-r1/graphs/variants/yelpchi/r60_s0/heterophily_rewire_nonoracle/0.15/seed_0/graph.bin,/kaggle/working/gfd-robustness-v4-factorial-r1/graphs/variants/yelpchi/r60_s0/heterophily_rewire_nonoracle/0.15/seed_0/graph.bin,ok,
gfd_robustness_benchmark_v4_factorial,yelpchi,r60_s0,0,0,heterophily_rewire_nonoracle,0.15,pmp,train_clean_eval_all,0.8355808749100577,0.5257950344725001,0.7070943282124043,0.2222334295511245,0.3886716329980118,47,37,0.8544697072643919,roc_auc,early_stopping,45954,8051348,175.2045135498047,174.0,175.2045135498047,175.0,0.2294831871986389,0.1452974677085876,/kaggle/working/gfd-robustness-v4-factorial-r1/graphs/base/yelpchi/r60_s0/graph.bin,/kaggle/working/gfd-robustness-v4-factorial-r1/graphs/variants/yelpchi/r60_s0/heterophily_rewire_nonoracle/0.15/seed_0/graph.bin,/kaggle/working/gfd-robustness-v4-factorial-r1/graphs/base/yelpchi/r60_s0/graph.bin,ok,
gfd_robustness_benchmark_v4_factorial,yelpchi,r60_s0,0,0,heterophily_rewire_nonoracle,0.15,pmp,train_on_variant,0.849494017311609,0.5551954234966637,0.7188473301061953,0.2545524835586548,57.62806230000206,100,95,0.847141518677719,roc_auc,max_epochs,45954,8051348,175.2045135498047,174.0,175.2045135498047,175.0,0.2294831871986389,0.1452974677085876,/kaggle/working/gfd-robustness-v4-factorial-r1/graphs/base/yelpchi/r60_s0/graph.bin,/kaggle/working/gfd-robustness-v4-factorial-r1/graphs/variants/yelpchi/r60_s0/heterophily_rewire_nonoracle/0.15/seed_0/graph.bin,/kaggle/working/gfd-robustness-v4-factorial-r1/graphs/variants/yelpchi/r60_s0/heterophily_rewire_nonoracle/0.15/seed_0/graph.bin,ok,
gfd_robustness_benchmark_v4_factorial,yelpchi,r60_s0,0,0,heterophily_rewire_nonoracle,0.15,sage,train_clean_eval_all,0.7915620197995049,0.4357247490364331,0.6598009357993061,0.6509830951690674,0.1397346349986037,100,100,0.7853851527093361,roc_auc,max_epochs,45954,8051348,175.2045135498047,174.0,175.2045135498047,175.0,0.2294831871986389,0.1452974677085876,/kaggle/working/gfd-robustness-v4-factorial-r1/graphs/base/yelpchi/r60_s0/graph.bin,/kaggle/working/gfd-robustness-v4-factorial-r1/graphs/variants/yelpchi/r60_s0/heterophily_rewire_nonoracle/0.15/seed_0/graph.bin,/kaggle/working/gfd-robustness-v4-factorial-r1/graphs/base/yelpchi/r60_s0/graph.bin,ok,
gfd_robustness_benchmark_v4_factorial,yelpchi,r60_s0,0,0,heterophily_rewire_nonoracle,0.15,sage,train_on_variant,0.7927151679329731,0.4265066627903282,0.659814563789529,0.6484679579734802,3.386491840999952,100,100,0.7835458700176657,roc_auc,max_epochs,45954,8051348,175.2045135498047,174.0,175.2045135498047,175.0,0.2294831871986389,0.1452974677085876,/kaggle/working/gfd-robustness-v4-factorial-r1/graphs/base/yelpchi/r60_s0/graph.bin,/kaggle/working/gfd-robustness-v4-factorial-r1/graphs/variants/yelpchi/r60_s0/heterophily_rewire_nonoracle/0.15/seed_0/graph.bin,/kaggle/working/gfd-robustness-v4-factorial-r1/graphs/variants/yelpchi/r60_s0/heterophily_rewire_nonoracle/0.15/seed_0/graph.bin,ok,
gfd_robustness_benchmark_v4_factorial,yelpchi,r60_s0,0,0,heterophily_rewire_nonoracle,0.15,secgfd,train_clean_eval_all,0.8178299396624267,0.4752729586292354,0.6929913463379942,0.7366681694984436,0.1575013379988377,50,50,0.8122382508814968,roc_auc,max_epochs,45954,8051348,175.2045135498047,174.0,175.2045135498047,175.0,0.2294831871986389,0.1452974677085876,/kaggle/working/gfd-robustness-v4-factorial-r1/graphs/base/yelpchi/r60_s0/graph.bin,/kaggle/working/gfd-robustness-v4-factorial-r1/graphs/variants/yelpchi/r60_s0/heterophily_rewire_nonoracle/0.15/seed_0/graph.bin,/kaggle/working/gfd-robustness-v4-factorial-r1/graphs/base/yelpchi/r60_s0/graph.bin,ok,
gfd_robustness_benchmark_v4_factorial,yelpchi,r60_s0,0,0,heterophily_rewire_nonoracle,0.15,secgfd,train_on_variant,0.836940347284047,0.5219933597553795,0.7025320209047352,0.7221904993057251,4.829650489000414,50,50,0.8339220945174356,roc_auc,max_epochs,45954,8051348,175.2045135498047,174.0,175.2045135498047,175.0,0.2294831871986389,0.1452974677085876,/kaggle/working/gfd-robustness-v4-factorial-r1/graphs/base/yelpchi/r60_s0/graph.bin,/kaggle/working/gfd-robustness-v4-factorial-r1/graphs/variants/yelpchi/r60_s0/heterophily_rewire_nonoracle/0.15/seed_0/graph.bin,/kaggle/working/gfd-robustness-v4-factorial-r1/graphs/variants/yelpchi/r60_s0/heterophily_rewire_nonoracle/0.15/seed_0/graph.bin,ok,
gfd_robustness_benchmark_v4_factorial,yelpchi,r60_s0,0,1,heterophily_rewire_nonoracle,0.15,mlp,train_clean_eval_all,0.8072627657109407,0.4418110196452536,0.668932800089991,0.6548792123794556,0.0696983679990808,100,100,0.7960902786221233,roc_auc,max_epochs,45954,8051348,175.2045135498047,174.0,175.2045135498047,175.0,0.2294831871986389,0.1452974677085876,/kaggle/working/gfd-robustness-v4-factorial-r1/graphs/base/yelpchi/r60_s0/graph.bin,/kaggle/working/gfd-robustness-v4-factorial-r1/graphs/variants/yelpchi/r60_s0/heterophily_rewire_nonoracle/0.15/seed_0/graph.bin,/kaggle/working/gfd-robustness-v4-factorial-r1/graphs/base/yelpchi/r60_s0/graph.bin,ok,
gfd_robustness_benchmark_v4_factorial,yelpchi,r60_s0,0,1,heterophily_rewire_nonoracle,0.15,mlp,train_on_variant,0.8072627657109407,0.4418110196452536,0.668932800089991,0.6548792123794556,1.8845631800031697,100,100,0.7960902786221233,roc_auc,max_epochs,45954,8051348,175.2045135498047,174.0,175.2045135498047,175.0,0.2294831871986389,0.1452974677085876,/kaggle/working/gfd-robustness-v4-factorial-r1/graphs/base/yelpchi/r60_s0/graph.bin,/kaggle/working/gfd-robustness-v4-factorial-r1/graphs/variants/yelpchi/r60_s0/heterophily_rewire_nonoracle/0.15/seed_0/graph.bin,/kaggle/working/gfd-robustness-v4-factorial-r1/graphs/variants/yelpchi/r60_s0/heterophily_rewire_nonoracle/0.15/seed_0/graph.bin,ok,
gfd_robustness_benchmark_v4_factorial,yelpchi,r60_s0,0,1,heterophily_rewire_nonoracle,0.15,pmp,train_clean_eval_all,0.8440597007360026,0.5304557749341697,0.7138159865205733,0.2552038431167602,0.3475219399988418,85,75,0.8577235807246035,roc_auc,early_stopping,45954,8051348,175.2045135498047,174.0,175.2045135498047,175.0,0.2294831871986389,0.1452974677085876,/kaggle/working/gfd-robustness-v4-factorial-r1/graphs/base/yelpchi/r60_s0/graph.bin,/kaggle/working/gfd-robustness-v4-factorial-r1/graphs/variants/yelpchi/r60_s0/heterophily_rewire_nonoracle/0.15/seed_0/graph.bin,/kaggle/working/gfd-robustness-v4-factorial-r1/graphs/base/yelpchi/r60_s0/graph.bin,ok,
gfd_robustness_benchmark_v4_factorial,yelpchi,r60_s0,0,1,heterophily_rewire_nonoracle,0.15,pmp,train_on_variant,0.85449924997256,0.5721837992304976,0.7338257777116498,0.2790417671203613,57.243047694999404,100,95,0.8558098684728113,roc_auc,max_epochs,45954,8051348,175.2045135498047,174.0,175.2045135498047,175.0,0.2294831871986389,0.1452974677085876,/kaggle/working/gfd-robustness-v4-factorial-r1/graphs/base/yelpchi/r60_s0/graph.bin,/kaggle/working/gfd-robustness-v4-factorial-r1/graphs/variants/yelpchi/r60_s0/heterophily_rewire_nonoracle/0.15/seed_0/graph.bin,/kaggle/working/gfd-robustness-v4-factorial-r1/graphs/variants/yelpchi/r60_s0/heterophily_rewire_nonoracle/0.15/seed_0/graph.bin,ok,
gfd_robustness_benchmark_v4_factorial,yelpchi,r60_s0,0,1,heterophily_rewire_nonoracle,0.15,sage,train_clean_eval_all,0.5985475268912277,0.1989194469695018,0.5474828982361635,0.2802307903766632,0.1440158690020325,23,13,0.6150002980043247,roc_auc,early_stopping,45954,8051348,175.2045135498047,174.0,175.2045135498047,175.0,0.2294831871986389,0.1452974677085876,/kaggle/working/gfd-robustness-v4-factorial-r1/graphs/base/yelpchi/r60_s0/graph.bin,/kaggle/working/gfd-robustness-v4-factorial-r1/graphs/variants/yelpchi/r60_s0/heterophily_rewire_nonoracle/0.15/seed_0/graph.bin,/kaggle/working/gfd-robustness-v4-factorial-r1/graphs/base/yelpchi/r60_s0/graph.bin,ok,
gfd_robustness_benchmark_v4_factorial,yelpchi,r60_s0,0,1,heterophily_rewire_nonoracle,0.15,sage,train_on_variant,0.5985208490859422,0.1995691493049971,0.5492272628822717,0.2878170609474182,0.8601211919994967,23,13,0.6152656887356749,roc_auc,early_stopping,45954,8051348,175.2045135498047,174.0,175.2045135498047,175.0,0.2294831871986389,0.1452974677085876,/kaggle/working/gfd-robustness-v4-factorial-r1/graphs/base/yelpchi/r60_s0/graph.bin,/kaggle/working/gfd-robustness-v4-factorial-r1/graphs/variants/yelpchi/r60_s0/heterophily_rewire_nonoracle/0.15/seed_0/graph.bin,/kaggle/working/gfd-robustness-v4-factorial-r1/graphs/variants/yelpchi/r60_s0/heterophily_rewire_nonoracle/0.15/seed_0/graph.bin,ok,
gfd_robustness_benchmark_v4_factorial,yelpchi,r60_s0,0,1,heterophily_rewire_nonoracle,0.15,secgfd,train_clean_eval_all,0.7990664864263327,0.4297823920644737,0.6713527067022281,0.669256865978241,0.1958275199976924,50,50,0.7873268058466064,roc_auc,max_epochs,45954,8051348,175.2045135498047,174.0,175.2045135498047,175.0,0.2294831871986389,0.1452974677085876,/kaggle/working/gfd-robustness-v4-factorial-r1/graphs/base/yelpchi/r60_s0/graph.bin,/kaggle/working/gfd-robustness-v4-factorial-r1/graphs/variants/yelpchi/r60_s0/heterophily_rewire_nonoracle/0.15/seed_0/graph.bin,/kaggle/working/gfd-robustness-v4-factorial-r1/graphs/base/yelpchi/r60_s0/graph.bin,ok,
gfd_robustness_benchmark_v4_factorial,yelpchi,r60_s0,0,1,heterophily_rewire_nonoracle,0.15,secgfd,train_on_variant,0.8032568074136859,0.4413955797252618,0.6736613601551342,0.7030836343765259,4.903642276000028,50,50,0.7964545591085618,roc_auc,max_epochs,45954,8051348,175.2045135498047,174.0,175.2045135498047,175.0,0.2294831871986389,0.1452974677085876,/kaggle/working/gfd-robustness-v4-factorial-r1/graphs/base/yelpchi/r60_s0/graph.bin,/kaggle/working/gfd-robustness-v4-factorial-r1/graphs/variants/yelpchi/r60_s0/heterophily_rewire_nonoracle/0.15/seed_0/graph.bin,/kaggle/working/gfd-robustness-v4-factorial-r1/graphs/variants/yelpchi/r60_s0/heterophily_rewire_nonoracle/0.15/seed_0/graph.bin,ok,
gfd_robustness_benchmark_v4_factorial,yelpchi,r60_s0,0,2,heterophily_rewire_nonoracle,0.15,mlp,train_clean_eval_all,0.8058664207989317,0.4426646605102433,0.6681705838275631,0.6908261179924011,0.0828176049981266,100,100,0.797094624717194,roc_auc,max_epochs,45954,8051348,175.2045135498047,174.0,175.2045135498047,175.0,0.2294831871986389,0.1452974677085876,/kaggle/working/gfd-robustness-v4-factorial-r1/graphs/base/yelpchi/r60_s0/graph.bin,/kaggle/working/gfd-robustness-v4-factorial-r1/graphs/variants/yelpchi/r60_s0/heterophily_rewire_nonoracle/0.15/seed_0/graph.bin,/kaggle/working/gfd-robustness-v4-factorial-r1/graphs/base/yelpchi/r60_s0/graph.bin,ok,
gfd_robustness_benchmark_v4_factorial,yelpchi,r60_s0,0,2,heterophily_rewire_nonoracle,0.15,mlp,train_on_variant,0.8058664207989317,0.4426646605102433,0.6681705838275631,0.6908261179924011,1.8588588860002344,100,100,0.797094624717194,roc_auc,max_epochs,45954,8051348,175.2045135498047,174.0,175.2045135498047,175.0,0.2294831871986389,0.1452974677085876,/kaggle/working/gfd-robustness-v4-factorial-r1/graphs/base/yelpchi/r60_s0/graph.bin,/kaggle/working/gfd-robustness-v4-factorial-r1/graphs/variants/yelpchi/r60_s0/heterophily_rewire_nonoracle/0.15/seed_0/graph.bin,/kaggle/working/gfd-robustness-v4-factorial-r1/graphs/variants/yelpchi/r60_s0/heterophily_rewire_nonoracle/0.15/seed_0/graph.bin,ok,
gfd_robustness_benchmark_v4_factorial,yelpchi,r60_s0,0,2,heterophily_rewire_nonoracle,0.15,pmp,train_clean_eval_all,0.8331343772485579,0.5117518762211405,0.6993896794331844,0.402582585811615,0.2842960649977613,36,26,0.8494535554299965,roc_auc,early_stopping,45954,8051348,175.2045135498047,174.0,175.2045135498047,175.0,0.2294831871986389,0.1452974677085876,/kaggle/working/gfd-robustness-v4-factorial-r1/graphs/base/yelpchi/r60_s0/graph.bin,/kaggle/working/gfd-robustness-v4-factorial-r1/graphs/variants/yelpchi/r60_s0/heterophily_rewire_nonoracle/0.15/seed_0/graph.bin,/kaggle/working/gfd-robustness-v4-factorial-r1/graphs/base/yelpchi/r60_s0/graph.bin,ok,
gfd_robustness_benchmark_v4_factorial,yelpchi,r60_s0,0,2,heterophily_rewire_nonoracle,0.15,pmp,train_on_variant,0.8494167469541568,0.5405397385300468,0.7146004992500103,0.3934036493301391,47.27363930399952,83,73,0.8440097077888794,roc_auc,early_stopping,45954,8051348,175.2045135498047,174.0,175.2045135498047,175.0,0.2294831871986389,0.1452974677085876,/kaggle/working/gfd-robustness-v4-factorial-r1/graphs/base/yelpchi/r60_s0/graph.bin,/kaggle/working/gfd-robustness-v4-factorial-r1/graphs/variants/yelpchi/r60_s0/heterophily_rewire_nonoracle/0.15/seed_0/graph.bin,/kaggle/working/gfd-robustness-v4-factorial-r1/graphs/variants/yelpchi/r60_s0/heterophily_rewire_nonoracle/0.15/seed_0/graph.bin,ok,
gfd_robustness_benchmark_v4_factorial,yelpchi,r60_s0,0,2,heterophily_rewire_nonoracle,0.15,sage,train_clean_eval_all,0.794245235343976,0.4309728520906772,0.6654868393288011,0.6172454953193665,0.1144219190027797,100,100,0.7885236865757396,roc_auc,max_epochs,45954,8051348,175.2045135498047,174.0,175.2045135498047,175.0,0.2294831871986389,0.1452974677085876,/kaggle/working/gfd-robustness-v4-factorial-r1/graphs/base/yelpchi/r60_s0/graph.bin,/kaggle/working/gfd-robustness-v4-factorial-r1/graphs/variants/yelpchi/r60_s0/heterophily_rewire_nonoracle/0.15/seed_0/graph.bin,/kaggle/working/gfd-robustness-v4-factorial-r1/graphs/base/yelpchi/r60_s0/graph.bin,ok,
gfd_robustness_benchmark_v4_factorial,yelpchi,r60_s0,0,2,heterophily_rewire_nonoracle,0.15,sage,train_on_variant,0.7947650714355403,0.4389644899121836,0.6632130970841523,0.6437404751777649,3.2917516689994955,100,99,0.7851199050200617,roc_auc,max_epochs,45954,8051348,175.2045135498047,174.0,175.2045135498047,175.0,0.2294831871986389,0.1452974677085876,/kaggle/working/gfd-robustness-v4-factorial-r1/graphs/base/yelpchi/r60_s0/graph.bin,/kaggle/working/gfd-robustness-v4-factorial-r1/graphs/variants/yelpchi/r60_s0/heterophily_rewire_nonoracle/0.15/seed_0/graph.bin,/kaggle/working/gfd-robustness-v4-factorial-r1/graphs/variants/yelpchi/r60_s0/heterophily_rewire_nonoracle/0.15/seed_0/graph.bin,ok,
gfd_robustness_benchmark_v4_factorial,yelpchi,r60_s0,0,2,heterophily_rewire_nonoracle,0.15,secgfd,train_clean_eval_all,0.8120277075685696,0.470951037529849,0.689645148912557,0.6859545111656189,0.1689320060031605,50,50,0.8053339913268821,roc_auc,max_epochs,45954,8051348,175.2045135498047,174.0,175.2045135498047,175.0,0.2294831871986389,0.1452974677085876,/kaggle/working/gfd-robustness-v4-factorial-r1/graphs/base/yelpchi/r60_s0/graph.bin,/kaggle/working/gfd-robustness-v4-factorial-r1/graphs/variants/yelpchi/r60_s0/heterophily_rewire_nonoracle/0.15/seed_0/graph.bin,/kaggle/working/gfd-robustness-v4-factorial-r1/graphs/base/yelpchi/r60_s0/graph.bin,ok,
gfd_robustness_benchmark_v4_factorial,yelpchi,r60_s0,0,2,heterophily_rewire_nonoracle,0.15,secgfd,train_on_variant,0.8193161316115224,0.4972330725334387,0.7007744205129203,0.7511388063430786,5.046169454999472,50,50,0.8141167271019437,roc_auc,max_epochs,45954,8051348,175.2045135498047,174.0,175.2045135498047,175.0,0.2294831871986389,0.1452974677085876,/kaggle/working/gfd-robustness-v4-factorial-r1/graphs/base/yelpchi/r60_s0/graph.bin,/kaggle/working/gfd-robustness-v4-factorial-r1/graphs/variants/yelpchi/r60_s0/heterophily_rewire_nonoracle/0.15/seed_0/graph.bin,/kaggle/working/gfd-robustness-v4-factorial-r1/graphs/variants/yelpchi/r60_s0/heterophily_rewire_nonoracle/0.15/seed_0/graph.bin,ok,
gfd_robustness_benchmark_v4_factorial,yelpchi,r60_s0,0,3,heterophily_rewire_nonoracle,0.15,mlp,train_clean_eval_all,0.805465110385136,0.435856309524571,0.6683207551370244,0.6890000104904175,0.0928861829997913,100,100,0.7965709953582847,roc_auc,max_epochs,45954,8051348,175.2045135498047,174.0,175.2045135498047,175.0,0.2294831871986389,0.1452974677085876,/kaggle/working/gfd-robustness-v4-factorial-r1/graphs/base/yelpchi/r60_s0/graph.bin,/kaggle/working/gfd-robustness-v4-factorial-r1/graphs/variants/yelpchi/r60_s0/heterophily_rewire_nonoracle/0.15/seed_0/graph.bin,/kaggle/working/gfd-robustness-v4-factorial-r1/graphs/base/yelpchi/r60_s0/graph.bin,ok,
gfd_robustness_benchmark_v4_factorial,yelpchi,r60_s0,0,3,heterophily_rewire_nonoracle,0.15,mlp,train_on_variant,0.805465110385136,0.435856309524571,0.6683207551370244,0.6890000104904175,1.858086191001348,100,100,0.7965709953582847,roc_auc,max_epochs,45954,8051348,175.2045135498047,174.0,175.2045135498047,175.0,0.2294831871986389,0.1452974677085876,/kaggle/working/gfd-robustness-v4-factorial-r1/graphs/base/yelpchi/r60_s0/graph.bin,/kaggle/working/gfd-robustness-v4-factorial-r1/graphs/variants/yelpchi/r60_s0/heterophily_rewire_nonoracle/0.15/seed_0/graph.bin,/kaggle/working/gfd-robustness-v4-factorial-r1/graphs/variants/yelpchi/r60_s0/heterophily_rewire_nonoracle/0.15/seed_0/graph.bin,ok,
gfd_robustness_benchmark_v4_factorial,yelpchi,r60_s0,0,3,heterophily_rewire_nonoracle,0.15,pmp,train_clean_eval_all,0.848477211818725,0.5617109532684375,0.7256321206702886,0.311098039150238,0.2739585230010561,95,85,0.8754252760116055,roc_auc,early_stopping,45954,8051348,175.2045135498047,174.0,175.2045135498047,175.0,0.2294831871986389,0.1452974677085876,/kaggle/working/gfd-robustness-v4-factorial-r1/graphs/base/yelpchi/r60_s0/graph.bin,/kaggle/working/gfd-robustness-v4-factorial-r1/graphs/variants/yelpchi/r60_s0/heterophily_rewire_nonoracle/0.15/seed_0/graph.bin,/kaggle/working/gfd-robustness-v4-factorial-r1/graphs/base/yelpchi/r60_s0/graph.bin,ok,
gfd_robustness_benchmark_v4_factorial,yelpchi,r60_s0,0,3,heterophily_rewire_nonoracle,0.15,pmp,train_on_variant,0.8454573795382758,0.5379826162774547,0.7105995602342959,0.2639466822147369,31.516753528001573,55,45,0.8410126425354685,roc_auc,early_stopping,45954,8051348,175.2045135498047,174.0,175.2045135498047,175.0,0.2294831871986389,0.1452974677085876,/kaggle/working/gfd-robustness-v4-factorial-r1/graphs/base/yelpchi/r60_s0/graph.bin,/kaggle/working/gfd-robustness-v4-factorial-r1/graphs/variants/yelpchi/r60_s0/heterophily_rewire_nonoracle/0.15/seed_0/graph.bin,/kaggle/working/gfd-robustness-v4-factorial-r1/graphs/variants/yelpchi/r60_s0/heterophily_rewire_nonoracle/0.15/seed_0/graph.bin,ok,
gfd_robustness_benchmark_v4_factorial,yelpchi,r60_s0,0,3,heterophily_rewire_nonoracle,0.15,sage,train_clean_eval_all,0.7950197968370794,0.4332903249442242,0.6686740425054553,0.678034782409668,0.1149374030028411,100,100,0.790009846062886,roc_auc,max_epochs,45954,8051348,175.2045135498047,174.0,175.2045135498047,175.0,0.2294831871986389,0.1452974677085876,/kaggle/working/gfd-robustness-v4-factorial-r1/graphs/base/yelpchi/r60_s0/graph.bin,/kaggle/working/gfd-robustness-v4-factorial-r1/graphs/variants/yelpchi/r60_s0/heterophily_rewire_nonoracle/0.15/seed_0/graph.bin,/kaggle/working/gfd-robustness-v4-factorial-r1/graphs/base/yelpchi/r60_s0/graph.bin,ok,
gfd_robustness_benchmark_v4_factorial,yelpchi,r60_s0,0,3,heterophily_rewire_nonoracle,0.15,sage,train_on_variant,0.7925247074588094,0.4307705605160128,0.6658910029431961,0.6560118794441223,3.236304239999299,100,100,0.7851911399738233,roc_auc,max_epochs,45954,8051348,175.2045135498047,174.0,175.2045135498047,175.0,0.2294831871986389,0.1452974677085876,/kaggle/working/gfd-robustness-v4-factorial-r1/graphs/base/yelpchi/r60_s0/graph.bin,/kaggle/working/gfd-robustness-v4-factorial-r1/graphs/variants/yelpchi/r60_s0/heterophily_rewire_nonoracle/0.15/seed_0/graph.bin,/kaggle/working/gfd-robustness-v4-factorial-r1/graphs/variants/yelpchi/r60_s0/heterophily_rewire_nonoracle/0.15/seed_0/graph.bin,ok,
gfd_robustness_benchmark_v4_factorial,yelpchi,r60_s0,0,3,heterophily_rewire_nonoracle,0.15,secgfd,train_clean_eval_all,0.7973204240703928,0.4203115753904922,0.6609764855323531,0.7169128656387329,0.1698577619972638,50,50,0.7874013307681121,roc_auc,max_epochs,45954,8051348,175.2045135498047,174.0,175.2045135498047,175.0,0.2294831871986389,0.1452974677085876,/kaggle/working/gfd-robustness-v4-factorial-r1/graphs/base/yelpchi/r60_s0/graph.bin,/kaggle/working/gfd-robustness-v4-factorial-r1/graphs/variants/yelpchi/r60_s0/heterophily_rewire_nonoracle/0.15/seed_0/graph.bin,/kaggle/working/gfd-robustness-v4-factorial-r1/graphs/base/yelpchi/r60_s0/graph.bin,ok,
gfd_robustness_benchmark_v4_factorial,yelpchi,r60_s0,0,3,heterophily_rewire_nonoracle,0.15,secgfd,train_on_variant,0.8179050186287303,0.4813476141986422,0.6850833465378746,0.6332517266273499,4.976882148001096,50,50,0.8081405245352921,roc_auc,max_epochs,45954,8051348,175.2045135498047,174.0,175.2045135498047,175.0,0.2294831871986389,0.1452974677085876,/kaggle/working/gfd-robustness-v4-factorial-r1/graphs/base/yelpchi/r60_s0/graph.bin,/kaggle/working/gfd-robustness-v4-factorial-r1/graphs/variants/yelpchi/r60_s0/heterophily_rewire_nonoracle/0.15/seed_0/graph.bin,/kaggle/working/gfd-robustness-v4-factorial-r1/graphs/variants/yelpchi/r60_s0/heterophily_rewire_nonoracle/0.15/seed_0/graph.bin,ok,
gfd_robustness_benchmark_v4_factorial,yelpchi,r60_s0,0,4,heterophily_rewire_nonoracle,0.15,mlp,train_clean_eval_all,0.8049343649767674,0.4459862676711785,0.6719939992863229,0.6745531558990479,0.0960503440001048,100,100,0.7943539385443562,roc_auc,max_epochs,45954,8051348,175.2045135498047,174.0,175.2045135498047,175.0,0.2294831871986389,0.1452974677085876,/kaggle/working/gfd-robustness-v4-factorial-r1/graphs/base/yelpchi/r60_s0/graph.bin,/kaggle/working/gfd-robustness-v4-factorial-r1/graphs/variants/yelpchi/r60_s0/heterophily_rewire_nonoracle/0.15/seed_0/graph.bin,/kaggle/working/gfd-robustness-v4-factorial-r1/graphs/base/yelpchi/r60_s0/graph.bin,ok,
gfd_robustness_benchmark_v4_factorial,yelpchi,r60_s0,0,4,heterophily_rewire_nonoracle,0.15,mlp,train_on_variant,0.8049343649767674,0.4459862676711785,0.6719939992863229,0.6745531558990479,2.012220774002344,100,100,0.7943539385443562,roc_auc,max_epochs,45954,8051348,175.2045135498047,174.0,175.2045135498047,175.0,0.2294831871986389,0.1452974677085876,/kaggle/working/gfd-robustness-v4-factorial-r1/graphs/base/yelpchi/r60_s0/graph.bin,/kaggle/working/gfd-robustness-v4-factorial-r1/graphs/variants/yelpchi/r60_s0/heterophily_rewire_nonoracle/0.15/seed_0/graph.bin,/kaggle/working/gfd-robustness-v4-factorial-r1/graphs/variants/yelpchi/r60_s0/heterophily_rewire_nonoracle/0.15/seed_0/graph.bin,ok,
gfd_robustness_benchmark_v4_factorial,yelpchi,r60_s0,0,4,heterophily_rewire_nonoracle,0.15,pmp,train_clean_eval_all,0.8415778549824994,0.529972128902743,0.7066963364572936,0.2526274025440216,0.2766164069980732,72,62,0.8613409240994905,roc_auc,early_stopping,45954,8051348,175.2045135498047,174.0,175.2045135498047,175.0,0.2294831871986389,0.1452974677085876,/kaggle/working/gfd-robustness-v4-factorial-r1/graphs/base/yelpchi/r60_s0/graph.bin,/kaggle/working/gfd-robustness-v4-factorial-r1/graphs/variants/yelpchi/r60_s0/heterophily_rewire_nonoracle/0.15/seed_0/graph.bin,/kaggle/working/gfd-robustness-v4-factorial-r1/graphs/base/yelpchi/r60_s0/graph.bin,ok,
gfd_robustness_benchmark_v4_factorial,yelpchi,r60_s0,0,4,heterophily_rewire_nonoracle,0.15,pmp,train_on_variant,0.8512818113772455,0.5593585331256955,0.722519110981471,0.3389914333820343,43.27792312400197,77,67,0.8474073385352968,roc_auc,early_stopping,45954,8051348,175.2045135498047,174.0,175.2045135498047,175.0,0.2294831871986389,0.1452974677085876,/kaggle/working/gfd-robustness-v4-factorial-r1/graphs/base/yelpchi/r60_s0/graph.bin,/kaggle/working/gfd-robustness-v4-factorial-r1/graphs/variants/yelpchi/r60_s0/heterophily_rewire_nonoracle/0.15/seed_0/graph.bin,/kaggle/working/gfd-robustness-v4-factorial-r1/graphs/variants/yelpchi/r60_s0/heterophily_rewire_nonoracle/0.15/seed_0/graph.bin,ok,
gfd_robustness_benchmark_v4_factorial,yelpchi,r60_s0,0,4,heterophily_rewire_nonoracle,0.15,sage,train_clean_eval_all,0.8033833364330403,0.4343392901557394,0.6659677121619907,0.652508556842804,0.1151593620015773,100,99,0.7973325990506774,roc_auc,max_epochs,45954,8051348,175.2045135498047,174.0,175.2045135498047,175.0,0.2294831871986389,0.1452974677085876,/kaggle/working/gfd-robustness-v4-factorial-r1/graphs/base/yelpchi/r60_s0/graph.bin,/kaggle/working/gfd-robustness-v4-factorial-r1/graphs/variants/yelpchi/r60_s0/heterophily_rewire_nonoracle/0.15/seed_0/graph.bin,/kaggle/working/gfd-robustness-v4-factorial-r1/graphs/base/yelpchi/r60_s0/graph.bin,ok,
gfd_robustness_benchmark_v4_factorial,yelpchi,r60_s0,0,4,heterophily_rewire_nonoracle,0.15,sage,train_on_variant,0.7925716318127493,0.4230023212041336,0.6586046820578256,0.6523641347885132,3.3160793940005533,100,99,0.7833821345215362,roc_auc,max_epochs,45954,8051348,175.2045135498047,174.0,175.2045135498047,175.0,0.2294831871986389,0.1452974677085876,/kaggle/working/gfd-robustness-v4-factorial-r1/graphs/base/yelpchi/r60_s0/graph.bin,/kaggle/working/gfd-robustness-v4-factorial-r1/graphs/variants/yelpchi/r60_s0/heterophily_rewire_nonoracle/0.15/seed_0/graph.bin,/kaggle/working/gfd-robustness-v4-factorial-r1/graphs/variants/yelpchi/r60_s0/heterophily_rewire_nonoracle/0.15/seed_0/graph.bin,ok,
gfd_robustness_benchmark_v4_factorial,yelpchi,r60_s0,0,4,heterophily_rewire_nonoracle,0.15,secgfd,train_clean_eval_all,0.7943631417155506,0.4128304600041878,0.6665414554781726,0.6925545334815979,0.1865573290015163,50,50,0.7887418257413752,roc_auc,max_epochs,45954,8051348,175.2045135498047,174.0,175.2045135498047,175.0,0.2294831871986389,0.1452974677085876,/kaggle/working/gfd-robustness-v4-factorial-r1/graphs/base/yelpchi/r60_s0/graph.bin,/kaggle/working/gfd-robustness-v4-factorial-r1/graphs/variants/yelpchi/r60_s0/heterophily_rewire_nonoracle/0.15/seed_0/graph.bin,/kaggle/working/gfd-robustness-v4-factorial-r1/graphs/base/yelpchi/r60_s0/graph.bin,ok,
gfd_robustness_benchmark_v4_factorial,yelpchi,r60_s0,0,4,heterophily_rewire_nonoracle,0.15,secgfd,train_on_variant,0.8005118518055538,0.4319380157149556,0.6726551391442684,0.6775945425033569,4.842213234000155,50,50,0.792274440526681,roc_auc,max_epochs,45954,8051348,175.2045135498047,174.0,175.2045135498047,175.0,0.2294831871986389,0.1452974677085876,/kaggle/working/gfd-robustness-v4-factorial-r1/graphs/base/yelpchi/r60_s0/graph.bin,/kaggle/working/gfd-robustness-v4-factorial-r1/graphs/variants/yelpchi/r60_s0/heterophily_rewire_nonoracle/0.15/seed_0/graph.bin,/kaggle/working/gfd-robustness-v4-factorial-r1/graphs/variants/yelpchi/r60_s0/heterophily_rewire_nonoracle/0.15/seed_0/graph.bin,ok,
gfd_robustness_benchmark_v4_factorial,yelpchi,r60_s0,1,0,heterophily_rewire_nonoracle,0.15,mlp,train_clean_eval_all,0.7500588817273802,0.3386673790685267,0.6257580788607755,0.504684567451477,0.0921242910008004,17,7,0.7453053352310248,roc_auc,early_stopping,45954,8051348,175.2045135498047,174.0,175.2045135498047,175.0,0.2294254302978515,0.1452974677085876,/kaggle/working/gfd-robustness-v4-factorial-r1/graphs/base/yelpchi/r60_s0/graph.bin,/kaggle/working/gfd-robustness-v4-factorial-r1/graphs/variants/yelpchi/r60_s0/heterophily_rewire_nonoracle/0.15/seed_1/graph.bin,/kaggle/working/gfd-robustness-v4-factorial-r1/graphs/base/yelpchi/r60_s0/graph.bin,ok,
gfd_robustness_benchmark_v4_factorial,yelpchi,r60_s0,1,0,heterophily_rewire_nonoracle,0.15,mlp,train_on_variant,0.7500588817273802,0.3386673790685267,0.6257580788607755,0.504684567451477,0.3639362270005222,17,7,0.7453053352310248,roc_auc,early_stopping,45954,8051348,175.2045135498047,174.0,175.2045135498047,175.0,0.2294254302978515,0.1452974677085876,/kaggle/working/gfd-robustness-v4-factorial-r1/graphs/base/yelpchi/r60_s0/graph.bin,/kaggle/working/gfd-robustness-v4-factorial-r1/graphs/variants/yelpchi/r60_s0/heterophily_rewire_nonoracle/0.15/seed_1/graph.bin,/kaggle/working/gfd-robustness-v4-factorial-r1/graphs/variants/yelpchi/r60_s0/heterophily_rewire_nonoracle/0.15/seed_1/graph.bin,ok,
gfd_robustness_benchmark_v4_factorial,yelpchi,r60_s0,1,0,heterophily_rewire_nonoracle,0.15,pmp,train_clean_eval_all,0.8386046135834238,0.5202122900650563,0.7035896643839427,0.2222334295511245,0.3319806090003112,47,37,0.8544697072643919,roc_auc,early_stopping,45954,8051348,175.2045135498047,174.0,175.2045135498047,175.0,0.2294254302978515,0.1452974677085876,/kaggle/working/gfd-robustness-v4-factorial-r1/graphs/base/yelpchi/r60_s0/graph.bin,/kaggle/working/gfd-robustness-v4-factorial-r1/graphs/variants/yelpchi/r60_s0/heterophily_rewire_nonoracle/0.15/seed_1/graph.bin,/kaggle/working/gfd-robustness-v4-factorial-r1/graphs/base/yelpchi/r60_s0/graph.bin,ok,
gfd_robustness_benchmark_v4_factorial,yelpchi,r60_s0,1,0,heterophily_rewire_nonoracle,0.15,pmp,train_on_variant,0.8474788902337891,0.541761712413869,0.7099224509994925,0.3186714947223663,34.671268911999505,61,51,0.8418976915392996,roc_auc,early_stopping,45954,8051348,175.2045135498047,174.0,175.2045135498047,175.0,0.2294254302978515,0.1452974677085876,/kaggle/working/gfd-robustness-v4-factorial-r1/graphs/base/yelpchi/r60_s0/graph.bin,/kaggle/working/gfd-robustness-v4-factorial-r1/graphs/variants/yelpchi/r60_s0/heterophily_rewire_nonoracle/0.15/seed_1/graph.bin,/kaggle/working/gfd-robustness-v4-factorial-r1/graphs/variants/yelpchi/r60_s0/heterophily_rewire_nonoracle/0.15/seed_1/graph.bin,ok,
gfd_robustness_benchmark_v4_factorial,yelpchi,r60_s0,1,0,heterophily_rewire_nonoracle,0.15,sage,train_clean_eval_all,0.791073006100833,0.4348632363975432,0.6615124121041439,0.6509830951690674,0.1420893530012108,100,100,0.7853851527093361,roc_auc,max_epochs,45954,8051348,175.2045135498047,174.0,175.2045135498047,175.0,0.2294254302978515,0.1452974677085876,/kaggle/working/gfd-robustness-v4-factorial-r1/graphs/base/yelpchi/r60_s0/graph.bin,/kaggle/working/gfd-robustness-v4-factorial-r1/graphs/variants/yelpchi/r60_s0/heterophily_rewire_nonoracle/0.15/seed_1/graph.bin,/kaggle/working/gfd-robustness-v4-factorial-r1/graphs/base/yelpchi/r60_s0/graph.bin,ok,
gfd_robustness_benchmark_v4_factorial,yelpchi,r60_s0,1,0,heterophily_rewire_nonoracle,0.15,sage,train_on_variant,0.788755752878154,0.4251776469221116,0.6576974654476287,0.6425154209136963,3.097921827000391,100,99,0.7818847223910913,roc_auc,max_epochs,45954,8051348,175.2045135498047,174.0,175.2045135498047,175.0,0.2294254302978515,0.1452974677085876,/kaggle/working/gfd-robustness-v4-factorial-r1/graphs/base/yelpchi/r60_s0/graph.bin,/kaggle/working/gfd-robustness-v4-factorial-r1/graphs/variants/yelpchi/r60_s0/heterophily_rewire_nonoracle/0.15/seed_1/graph.bin,/kaggle/working/gfd-robustness-v4-factorial-r1/graphs/variants/yelpchi/r60_s0/heterophily_rewire_nonoracle/0.15/seed_1/graph.bin,ok,
gfd_robustness_benchmark_v4_factorial,yelpchi,r60_s0,1,0,heterophily_rewire_nonoracle,0.15,secgfd,train_clean_eval_all,0.8178311782748149,0.4756377802397501,0.6918899291632625,0.7366681694984436,0.2208806640010152,50,50,0.8122382508814968,roc_auc,max_epochs,45954,8051348,175.2045135498047,174.0,175.2045135498047,175.0,0.2294254302978515,0.1452974677085876,/kaggle/working/gfd-robustness-v4-factorial-r1/graphs/base/yelpchi/r60_s0/graph.bin,/kaggle/working/gfd-robustness-v4-factorial-r1/graphs/variants/yelpchi/r60_s0/heterophily_rewire_nonoracle/0.15/seed_1/graph.bin,/kaggle/working/gfd-robustness-v4-factorial-r1/graphs/base/yelpchi/r60_s0/graph.bin,ok,
gfd_robustness_benchmark_v4_factorial,yelpchi,r60_s0,1,0,heterophily_rewire_nonoracle,0.15,secgfd,train_on_variant,0.8267643366525604,0.501960638684532,0.695940268433934,0.6522228121757507,4.954670016999444,50,50,0.8216966220613794,roc_auc,max_epochs,45954,8051348,175.2045135498047,174.0,175.2045135498047,175.0,0.2294254302978515,0.1452974677085876,/kaggle/working/gfd-robustness-v4-factorial-r1/graphs/base/yelpchi/r60_s0/graph.bin,/kaggle/working/gfd-robustness-v4-factorial-r1/graphs/variants/yelpchi/r60_s0/heterophily_rewire_nonoracle/0.15/seed_1/graph.bin,/kaggle/working/gfd-robustness-v4-factorial-r1/graphs/variants/yelpchi/r60_s0/heterophily_rewire_nonoracle/0.15/seed_1/graph.bin,ok,
gfd_robustness_benchmark_v4_factorial,yelpchi,r60_s0,1,1,heterophily_rewire_nonoracle,0.15,mlp,train_clean_eval_all,0.8072627657109407,0.4418110196452536,0.668932800089991,0.6548792123794556,0.0874055019994557,100,100,0.7960902786221233,roc_auc,max_epochs,45954,8051348,175.2045135498047,174.0,175.2045135498047,175.0,0.2294254302978515,0.1452974677085876,/kaggle/working/gfd-robustness-v4-factorial-r1/graphs/base/yelpchi/r60_s0/graph.bin,/kaggle/working/gfd-robustness-v4-factorial-r1/graphs/variants/yelpchi/r60_s0/heterophily_rewire_nonoracle/0.15/seed_1/graph.bin,/kaggle/working/gfd-robustness-v4-factorial-r1/graphs/base/yelpchi/r60_s0/graph.bin,ok,
gfd_robustness_benchmark_v4_factorial,yelpchi,r60_s0,1,1,heterophily_rewire_nonoracle,0.15,mlp,train_on_variant,0.8072627657109407,0.4418110196452536,0.668932800089991,0.6548792123794556,1.7020401379995749,100,100,0.7960902786221233,roc_auc,max_epochs,45954,8051348,175.2045135498047,174.0,175.2045135498047,175.0,0.2294254302978515,0.1452974677085876,/kaggle/working/gfd-robustness-v4-factorial-r1/graphs/base/yelpchi/r60_s0/graph.bin,/kaggle/working/gfd-robustness-v4-factorial-r1/graphs/variants/yelpchi/r60_s0/heterophily_rewire_nonoracle/0.15/seed_1/graph.bin,/kaggle/working/gfd-robustness-v4-factorial-r1/graphs/variants/yelpchi/r60_s0/heterophily_rewire_nonoracle/0.15/seed_1/graph.bin,ok,
gfd_robustness_benchmark_v4_factorial,yelpchi,r60_s0,1,1,heterophily_rewire_nonoracle,0.15,pmp,train_clean_eval_all,0.838111788769711,0.5333703551966579,0.7062802711549897,0.2552038431167602,0.4241564110016043,85,75,0.8577235807246035,roc_auc,early_stopping,45954,8051348,175.2045135498047,174.0,175.2045135498047,175.0,0.2294254302978515,0.1452974677085876,/kaggle/working/gfd-robustness-v4-factorial-r1/graphs/base/yelpchi/r60_s0/graph.bin,/kaggle/working/gfd-robustness-v4-factorial-r1/graphs/variants/yelpchi/r60_s0/heterophily_rewire_nonoracle/0.15/seed_1/graph.bin,/kaggle/working/gfd-robustness-v4-factorial-r1/graphs/base/yelpchi/r60_s0/graph.bin,ok,
gfd_robustness_benchmark_v4_factorial,yelpchi,r60_s0,1,1,heterophily_rewire_nonoracle,0.15,pmp,train_on_variant,0.846926659664378,0.5366428739956967,0.712355494782273,0.2627996206283569,41.19856677500138,73,63,0.8398433689269699,roc_auc,early_stopping,45954,8051348,175.2045135498047,174.0,175.2045135498047,175.0,0.2294254302978515,0.1452974677085876,/kaggle/working/gfd-robustness-v4-factorial-r1/graphs/base/yelpchi/r60_s0/graph.bin,/kaggle/working/gfd-robustness-v4-factorial-r1/graphs/variants/yelpchi/r60_s0/heterophily_rewire_nonoracle/0.15/seed_1/graph.bin,/kaggle/working/gfd-robustness-v4-factorial-r1/graphs/variants/yelpchi/r60_s0/heterophily_rewire_nonoracle/0.15/seed_1/graph.bin,ok,
gfd_robustness_benchmark_v4_factorial,yelpchi,r60_s0,1,1,heterophily_rewire_nonoracle,0.15,sage,train_clean_eval_all,0.5969639609528398,0.1979176199880569,0.5507036879439611,0.2802307903766632,0.1468601520027732,23,13,0.6150002980043247,roc_auc,early_stopping,45954,8051348,175.2045135498047,174.0,175.2045135498047,175.0,0.2294254302978515,0.1452974677085876,/kaggle/working/gfd-robustness-v4-factorial-r1/graphs/base/yelpchi/r60_s0/graph.bin,/kaggle/working/gfd-robustness-v4-factorial-r1/graphs/variants/yelpchi/r60_s0/heterophily_rewire_nonoracle/0.15/seed_1/graph.bin,/kaggle/working/gfd-robustness-v4-factorial-r1/graphs/base/yelpchi/r60_s0/graph.bin,ok,
gfd_robustness_benchmark_v4_factorial,yelpchi,r60_s0,1,1,heterophily_rewire_nonoracle,0.15,sage,train_on_variant,0.596715619168994,0.1984813825333554,0.5517167378781748,0.289108395576477,0.841703542999312,23,13,0.6156855172282261,roc_auc,early_stopping,45954,8051348,175.2045135498047,174.0,175.2045135498047,175.0,0.2294254302978515,0.1452974677085876,/kaggle/working/gfd-robustness-v4-factorial-r1/graphs/base/yelpchi/r60_s0/graph.bin,/kaggle/working/gfd-robustness-v4-factorial-r1/graphs/variants/yelpchi/r60_s0/heterophily_rewire_nonoracle/0.15/seed_1/graph.bin,/kaggle/working/gfd-robustness-v4-factorial-r1/graphs/variants/yelpchi/r60_s0/heterophily_rewire_nonoracle/0.15/seed_1/graph.bin,ok,
gfd_robustness_benchmark_v4_factorial,yelpchi,r60_s0,1,1,heterophily_rewire_nonoracle,0.15,secgfd,train_clean_eval_all,0.7987060502213496,0.4281666678064865,0.6701778471138845,0.669256865978241,0.154123496999091,50,50,0.7873268058466064,roc_auc,max_epochs,45954,8051348,175.2045135498047,174.0,175.2045135498047,175.0,0.2294254302978515,0.1452974677085876,/kaggle/working/gfd-robustness-v4-factorial-r1/graphs/base/yelpchi/r60_s0/graph.bin,/kaggle/working/gfd-robustness-v4-factorial-r1/graphs/variants/yelpchi/r60_s0/heterophily_rewire_nonoracle/0.15/seed_1/graph.bin,/kaggle/working/gfd-robustness-v4-factorial-r1/graphs/base/yelpchi/r60_s0/graph.bin,ok,
gfd_robustness_benchmark_v4_factorial,yelpchi,r60_s0,1,1,heterophily_rewire_nonoracle,0.15,secgfd,train_on_variant,0.7999124586875129,0.4408338173105545,0.6694983043652654,0.7057011723518372,5.025962749999962,50,46,0.7925839358980777,roc_auc,max_epochs,45954,8051348,175.2045135498047,174.0,175.2045135498047,175.0,0.2294254302978515,0.1452974677085876,/kaggle/working/gfd-robustness-v4-factorial-r1/graphs/base/yelpchi/r60_s0/graph.bin,/kaggle/working/gfd-robustness-v4-factorial-r1/graphs/variants/yelpchi/r60_s0/heterophily_rewire_nonoracle/0.15/seed_1/graph.bin,/kaggle/working/gfd-robustness-v4-factorial-r1/graphs/variants/yelpchi/r60_s0/heterophily_rewire_nonoracle/0.15/seed_1/graph.bin,ok,
gfd_robustness_benchmark_v4_factorial,yelpchi,r60_s0,1,2,heterophily_rewire_nonoracle,0.15,mlp,train_clean_eval_all,0.8058664207989317,0.4426646605102433,0.6681705838275631,0.6908261179924011,0.1108029789975262,100,100,0.797094624717194,roc_auc,max_epochs,45954,8051348,175.2045135498047,174.0,175.2045135498047,175.0,0.2294254302978515,0.1452974677085876,/kaggle/working/gfd-robustness-v4-factorial-r1/graphs/base/yelpchi/r60_s0/graph.bin,/kaggle/working/gfd-robustness-v4-factorial-r1/graphs/variants/yelpchi/r60_s0/heterophily_rewire_nonoracle/0.15/seed_1/graph.bin,/kaggle/working/gfd-robustness-v4-factorial-r1/graphs/base/yelpchi/r60_s0/graph.bin,ok,
gfd_robustness_benchmark_v4_factorial,yelpchi,r60_s0,1,2,heterophily_rewire_nonoracle,0.15,mlp,train_on_variant,0.8058664207989317,0.4426646605102433,0.6681705838275631,0.6908261179924011,2.086785470997711,100,100,0.797094624717194,roc_auc,max_epochs,45954,8051348,175.2045135498047,174.0,175.2045135498047,175.0,0.2294254302978515,0.1452974677085876,/kaggle/working/gfd-robustness-v4-factorial-r1/graphs/base/yelpchi/r60_s0/graph.bin,/kaggle/working/gfd-robustness-v4-factorial-r1/graphs/variants/yelpchi/r60_s0/heterophily_rewire_nonoracle/0.15/seed_1/graph.bin,/kaggle/working/gfd-robustness-v4-factorial-r1/graphs/variants/yelpchi/r60_s0/heterophily_rewire_nonoracle/0.15/seed_1/graph.bin,ok,
gfd_robustness_benchmark_v4_factorial,yelpchi,r60_s0,1,2,heterophily_rewire_nonoracle,0.15,pmp,train_clean_eval_all,0.8365167894862007,0.5207791866077451,0.7041063671390142,0.402582585811615,0.2909833820012864,36,26,0.8494535554299965,roc_auc,early_stopping,45954,8051348,175.2045135498047,174.0,175.2045135498047,175.0,0.2294254302978515,0.1452974677085876,/kaggle/working/gfd-robustness-v4-factorial-r1/graphs/base/yelpchi/r60_s0/graph.bin,/kaggle/working/gfd-robustness-v4-factorial-r1/graphs/variants/yelpchi/r60_s0/heterophily_rewire_nonoracle/0.15/seed_1/graph.bin,/kaggle/working/gfd-robustness-v4-factorial-r1/graphs/base/yelpchi/r60_s0/graph.bin,ok,
gfd_robustness_benchmark_v4_factorial,yelpchi,r60_s0,1,2,heterophily_rewire_nonoracle,0.15,pmp,train_on_variant,0.8425967565886557,0.536210054705686,0.7112748696312665,0.2645311653614044,33.93417805400168,59,49,0.8415390850552024,roc_auc,early_stopping,45954,8051348,175.2045135498047,174.0,175.2045135498047,175.0,0.2294254302978515,0.1452974677085876,/kaggle/working/gfd-robustness-v4-factorial-r1/graphs/base/yelpchi/r60_s0/graph.bin,/kaggle/working/gfd-robustness-v4-factorial-r1/graphs/variants/yelpchi/r60_s0/heterophily_rewire_nonoracle/0.15/seed_1/graph.bin,/kaggle/working/gfd-robustness-v4-factorial-r1/graphs/variants/yelpchi/r60_s0/heterophily_rewire_nonoracle/0.15/seed_1/graph.bin,ok,
gfd_robustness_benchmark_v4_factorial,yelpchi,r60_s0,1,2,heterophily_rewire_nonoracle,0.15,sage,train_clean_eval_all,0.7939005199885362,0.429528361270965,0.6650499361786963,0.6172454953193665,0.1179892929976631,100,100,0.7885236865757396,roc_auc,max_epochs,45954,8051348,175.2045135498047,174.0,175.2045135498047,175.0,0.2294254302978515,0.1452974677085876,/kaggle/working/gfd-robustness-v4-factorial-r1/graphs/base/yelpchi/r60_s0/graph.bin,/kaggle/working/gfd-robustness-v4-factorial-r1/graphs/variants/yelpchi/r60_s0/heterophily_rewire_nonoracle/0.15/seed_1/graph.bin,/kaggle/working/gfd-robustness-v4-factorial-r1/graphs/base/yelpchi/r60_s0/graph.bin,ok,
gfd_robustness_benchmark_v4_factorial,yelpchi,r60_s0,1,2,heterophily_rewire_nonoracle,0.15,sage,train_on_variant,0.7906181495207142,0.4240618879503793,0.665502368445946,0.6726224422454834,3.3276824730019143,100,100,0.7798039369947337,roc_auc,max_epochs,45954,8051348,175.2045135498047,174.0,175.2045135498047,175.0,0.2294254302978515,0.1452974677085876,/kaggle/working/gfd-robustness-v4-factorial-r1/graphs/base/yelpchi/r60_s0/graph.bin,/kaggle/working/gfd-robustness-v4-factorial-r1/graphs/variants/yelpchi/r60_s0/heterophily_rewire_nonoracle/0.15/seed_1/graph.bin,/kaggle/working/gfd-robustness-v4-factorial-r1/graphs/variants/yelpchi/r60_s0/heterophily_rewire_nonoracle/0.15/seed_1/graph.bin,ok,
gfd_robustness_benchmark_v4_factorial,yelpchi,r60_s0,1,2,heterophily_rewire_nonoracle,0.15,secgfd,train_clean_eval_all,0.811424741530178,0.468453272044859,0.6874641774684473,0.6859545111656189,0.1782855499986908,50,50,0.8053339913268821,roc_auc,max_epochs,45954,8051348,175.2045135498047,174.0,175.2045135498047,175.0,0.2294254302978515,0.1452974677085876,/kaggle/working/gfd-robustness-v4-factorial-r1/graphs/base/yelpchi/r60_s0/graph.bin,/kaggle/working/gfd-robustness-v4-factorial-r1/graphs/variants/yelpchi/r60_s0/heterophily_rewire_nonoracle/0.15/seed_1/graph.bin,/kaggle/working/gfd-robustness-v4-factorial-r1/graphs/base/yelpchi/r60_s0/graph.bin,ok,
gfd_robustness_benchmark_v4_factorial,yelpchi,r60_s0,1,2,heterophily_rewire_nonoracle,0.15,secgfd,train_on_variant,0.8088916362793761,0.4630386281634879,0.6865737169227872,0.6896792054176331,5.013738193998506,50,50,0.800773762268838,roc_auc,max_epochs,45954,8051348,175.2045135498047,174.0,175.2045135498047,175.0,0.2294254302978515,0.1452974677085876,/kaggle/working/gfd-robustness-v4-factorial-r1/graphs/base/yelpchi/r60_s0/graph.bin,/kaggle/working/gfd-robustness-v4-factorial-r1/graphs/variants/yelpchi/r60_s0/heterophily_rewire_nonoracle/0.15/seed_1/graph.bin,/kaggle/working/gfd-robustness-v4-factorial-r1/graphs/variants/yelpchi/r60_s0/heterophily_rewire_nonoracle/0.15/seed_1/graph.bin,ok,
gfd_robustness_benchmark_v4_factorial,yelpchi,r60_s0,1,3,heterophily_rewire_nonoracle,0.15,mlp,train_clean_eval_all,0.805465110385136,0.435856309524571,0.6683207551370244,0.6890000104904175,0.0908612820021517,100,100,0.7965709953582847,roc_auc,max_epochs,45954,8051348,175.2045135498047,174.0,175.2045135498047,175.0,0.2294254302978515,0.1452974677085876,/kaggle/working/gfd-robustness-v4-factorial-r1/graphs/base/yelpchi/r60_s0/graph.bin,/kaggle/working/gfd-robustness-v4-factorial-r1/graphs/variants/yelpchi/r60_s0/heterophily_rewire_nonoracle/0.15/seed_1/graph.bin,/kaggle/working/gfd-robustness-v4-factorial-r1/graphs/base/yelpchi/r60_s0/graph.bin,ok,
gfd_robustness_benchmark_v4_factorial,yelpchi,r60_s0,1,3,heterophily_rewire_nonoracle,0.15,mlp,train_on_variant,0.805465110385136,0.435856309524571,0.6683207551370244,0.6890000104904175,1.840296001999377,100,100,0.7965709953582847,roc_auc,max_epochs,45954,8051348,175.2045135498047,174.0,175.2045135498047,175.0,0.2294254302978515,0.1452974677085876,/kaggle/working/gfd-robustness-v4-factorial-r1/graphs/base/yelpchi/r60_s0/graph.bin,/kaggle/working/gfd-robustness-v4-factorial-r1/graphs/variants/yelpchi/r60_s0/heterophily_rewire_nonoracle/0.15/seed_1/graph.bin,/kaggle/working/gfd-robustness-v4-factorial-r1/graphs/variants/yelpchi/r60_s0/heterophily_rewire_nonoracle/0.15/seed_1/graph.bin,ok,
gfd_robustness_benchmark_v4_factorial,yelpchi,r60_s0,1,3,heterophily_rewire_nonoracle,0.15,pmp,train_clean_eval_all,0.846197355162384,0.5638070943755685,0.7286014928702353,0.311098039150238,0.2836525529965001,95,85,0.8754252760116055,roc_auc,early_stopping,45954,8051348,175.2045135498047,174.0,175.2045135498047,175.0,0.2294254302978515,0.1452974677085876,/kaggle/working/gfd-robustness-v4-factorial-r1/graphs/base/yelpchi/r60_s0/graph.bin,/kaggle/working/gfd-robustness-v4-factorial-r1/graphs/variants/yelpchi/r60_s0/heterophily_rewire_nonoracle/0.15/seed_1/graph.bin,/kaggle/working/gfd-robustness-v4-factorial-r1/graphs/base/yelpchi/r60_s0/graph.bin,ok,
gfd_robustness_benchmark_v4_factorial,yelpchi,r60_s0,1,3,heterophily_rewire_nonoracle,0.15,pmp,train_on_variant,0.8398825757344781,0.5304181567783288,0.7101679413830422,0.2702707946300506,36.34611393600062,63,53,0.8412940539793113,roc_auc,early_stopping,45954,8051348,175.2045135498047,174.0,175.2045135498047,175.0,0.2294254302978515,0.1452974677085876,/kaggle/working/gfd-robustness-v4-factorial-r1/graphs/base/yelpchi/r60_s0/graph.bin,/kaggle/working/gfd-robustness-v4-factorial-r1/graphs/variants/yelpchi/r60_s0/heterophily_rewire_nonoracle/0.15/seed_1/graph.bin,/kaggle/working/gfd-robustness-v4-factorial-r1/graphs/variants/yelpchi/r60_s0/heterophily_rewire_nonoracle/0.15/seed_1/graph.bin,ok,
gfd_robustness_benchmark_v4_factorial,yelpchi,r60_s0,1,3,heterophily_rewire_nonoracle,0.15,sage,train_clean_eval_all,0.7945751826286328,0.4323033337908653,0.6679283217558013,0.678034782409668,0.1193032019982638,100,100,0.790009846062886,roc_auc,max_epochs,45954,8051348,175.2045135498047,174.0,175.2045135498047,175.0,0.2294254302978515,0.1452974677085876,/kaggle/working/gfd-robustness-v4-factorial-r1/graphs/base/yelpchi/r60_s0/graph.bin,/kaggle/working/gfd-robustness-v4-factorial-r1/graphs/variants/yelpchi/r60_s0/heterophily_rewire_nonoracle/0.15/seed_1/graph.bin,/kaggle/working/gfd-robustness-v4-factorial-r1/graphs/base/yelpchi/r60_s0/graph.bin,ok,
gfd_robustness_benchmark_v4_factorial,yelpchi,r60_s0,1,3,heterophily_rewire_nonoracle,0.15,sage,train_on_variant,0.7909161787169042,0.4295418295934039,0.664808347688761,0.6101563572883606,3.275493901001028,100,100,0.7839846277449178,roc_auc,max_epochs,45954,8051348,175.2045135498047,174.0,175.2045135498047,175.0,0.2294254302978515,0.1452974677085876,/kaggle/working/gfd-robustness-v4-factorial-r1/graphs/base/yelpchi/r60_s0/graph.bin,/kaggle/working/gfd-robustness-v4-factorial-r1/graphs/variants/yelpchi/r60_s0/heterophily_rewire_nonoracle/0.15/seed_1/graph.bin,/kaggle/working/gfd-robustness-v4-factorial-r1/graphs/variants/yelpchi/r60_s0/heterophily_rewire_nonoracle/0.15/seed_1/graph.bin,ok,
gfd_robustness_benchmark_v4_factorial,yelpchi,r60_s0,1,3,heterophily_rewire_nonoracle,0.15,secgfd,train_clean_eval_all,0.7972689263784041,0.4198998101275357,0.6632609680447186,0.7169128656387329,0.1888578469988715,50,50,0.7874013307681121,roc_auc,max_epochs,45954,8051348,175.2045135498047,174.0,175.2045135498047,175.0,0.2294254302978515,0.1452974677085876,/kaggle/working/gfd-robustness-v4-factorial-r1/graphs/base/yelpchi/r60_s0/graph.bin,/kaggle/working/gfd-robustness-v4-factorial-r1/graphs/variants/yelpchi/r60_s0/heterophily_rewire_nonoracle/0.15/seed_1/graph.bin,/kaggle/working/gfd-robustness-v4-factorial-r1/graphs/base/yelpchi/r60_s0/graph.bin,ok,
gfd_robustness_benchmark_v4_factorial,yelpchi,r60_s0,1,3,heterophily_rewire_nonoracle,0.15,secgfd,train_on_variant,0.8082849544038196,0.4524589411418232,0.682087316923671,0.6857029795646667,5.00521915599893,50,50,0.7989504049282763,roc_auc,max_epochs,45954,8051348,175.2045135498047,174.0,175.2045135498047,175.0,0.2294254302978515,0.1452974677085876,/kaggle/working/gfd-robustness-v4-factorial-r1/graphs/base/yelpchi/r60_s0/graph.bin,/kaggle/working/gfd-robustness-v4-factorial-r1/graphs/variants/yelpchi/r60_s0/heterophily_rewire_nonoracle/0.15/seed_1/graph.bin,/kaggle/working/gfd-robustness-v4-factorial-r1/graphs/variants/yelpchi/r60_s0/heterophily_rewire_nonoracle/0.15/seed_1/graph.bin,ok,
gfd_robustness_benchmark_v4_factorial,yelpchi,r60_s0,1,4,heterophily_rewire_nonoracle,0.15,mlp,train_clean_eval_all,0.8049343649767674,0.4459862676711785,0.6719939992863229,0.6745531558990479,0.0922907460007991,100,100,0.7943539385443562,roc_auc,max_epochs,45954,8051348,175.2045135498047,174.0,175.2045135498047,175.0,0.2294254302978515,0.1452974677085876,/kaggle/working/gfd-robustness-v4-factorial-r1/graphs/base/yelpchi/r60_s0/graph.bin,/kaggle/working/gfd-robustness-v4-factorial-r1/graphs/variants/yelpchi/r60_s0/heterophily_rewire_nonoracle/0.15/seed_1/graph.bin,/kaggle/working/gfd-robustness-v4-factorial-r1/graphs/base/yelpchi/r60_s0/graph.bin,ok,
gfd_robustness_benchmark_v4_factorial,yelpchi,r60_s0,1,4,heterophily_rewire_nonoracle,0.15,mlp,train_on_variant,0.8049343649767674,0.4459862676711785,0.6719939992863229,0.6745531558990479,1.7514489559980575,100,100,0.7943539385443562,roc_auc,max_epochs,45954,8051348,175.2045135498047,174.0,175.2045135498047,175.0,0.2294254302978515,0.1452974677085876,/kaggle/working/gfd-robustness-v4-factorial-r1/graphs/base/yelpchi/r60_s0/graph.bin,/kaggle/working/gfd-robustness-v4-factorial-r1/graphs/variants/yelpchi/r60_s0/heterophily_rewire_nonoracle/0.15/seed_1/graph.bin,/kaggle/working/gfd-robustness-v4-factorial-r1/graphs/variants/yelpchi/r60_s0/heterophily_rewire_nonoracle/0.15/seed_1/graph.bin,ok,
gfd_robustness_benchmark_v4_factorial,yelpchi,r60_s0,1,4,heterophily_rewire_nonoracle,0.15,pmp,train_clean_eval_all,0.8393175302907423,0.5400255243916189,0.7078347989718066,0.2526274025440216,0.2876816269999835,72,62,0.8613409240994905,roc_auc,early_stopping,45954,8051348,175.2045135498047,174.0,175.2045135498047,175.0,0.2294254302978515,0.1452974677085876,/kaggle/working/gfd-robustness-v4-factorial-r1/graphs/base/yelpchi/r60_s0/graph.bin,/kaggle/working/gfd-robustness-v4-factorial-r1/graphs/variants/yelpchi/r60_s0/heterophily_rewire_nonoracle/0.15/seed_1/graph.bin,/kaggle/working/gfd-robustness-v4-factorial-r1/graphs/base/yelpchi/r60_s0/graph.bin,ok,
gfd_robustness_benchmark_v4_factorial,yelpchi,r60_s0,1,4,heterophily_rewire_nonoracle,0.15,pmp,train_on_variant,0.8528380802041539,0.5521443669742788,0.7189853026801192,0.2824189960956573,42.77774903200043,75,65,0.8459724834726802,roc_auc,early_stopping,45954,8051348,175.2045135498047,174.0,175.2045135498047,175.0,0.2294254302978515,0.1452974677085876,/kaggle/working/gfd-robustness-v4-factorial-r1/graphs/base/yelpchi/r60_s0/graph.bin,/kaggle/working/gfd-robustness-v4-factorial-r1/graphs/variants/yelpchi/r60_s0/heterophily_rewire_nonoracle/0.15/seed_1/graph.bin,/kaggle/working/gfd-robustness-v4-factorial-r1/graphs/variants/yelpchi/r60_s0/heterophily_rewire_nonoracle/0.15/seed_1/graph.bin,ok,
gfd_robustness_benchmark_v4_factorial,yelpchi,r60_s0,1,4,heterophily_rewire_nonoracle,0.15,sage,train_clean_eval_all,0.802715247966389,0.4329080626720701,0.6646841244167315,0.652508556842804,0.1234165019995998,100,99,0.7973325990506774,roc_auc,max_epochs,45954,8051348,175.2045135498047,174.0,175.2045135498047,175.0,0.2294254302978515,0.1452974677085876,/kaggle/working/gfd-robustness-v4-factorial-r1/graphs/base/yelpchi/r60_s0/graph.bin,/kaggle/working/gfd-robustness-v4-factorial-r1/graphs/variants/yelpchi/r60_s0/heterophily_rewire_nonoracle/0.15/seed_1/graph.bin,/kaggle/working/gfd-robustness-v4-factorial-r1/graphs/base/yelpchi/r60_s0/graph.bin,ok,
gfd_robustness_benchmark_v4_factorial,yelpchi,r60_s0,1,4,heterophily_rewire_nonoracle,0.15,sage,train_on_variant,0.7941094643706477,0.4324247571579911,0.661697454761346,0.6735392212867737,3.252786331999232,100,100,0.7864639283645284,roc_auc,max_epochs,45954,8051348,175.2045135498047,174.0,175.2045135498047,175.0,0.2294254302978515,0.1452974677085876,/kaggle/working/gfd-robustness-v4-factorial-r1/graphs/base/yelpchi/r60_s0/graph.bin,/kaggle/working/gfd-robustness-v4-factorial-r1/graphs/variants/yelpchi/r60_s0/heterophily_rewire_nonoracle/0.15/seed_1/graph.bin,/kaggle/working/gfd-robustness-v4-factorial-r1/graphs/variants/yelpchi/r60_s0/heterophily_rewire_nonoracle/0.15/seed_1/graph.bin,ok,
gfd_robustness_benchmark_v4_factorial,yelpchi,r60_s0,1,4,heterophily_rewire_nonoracle,0.15,secgfd,train_clean_eval_all,0.7942722942607656,0.4121270356451377,0.6661228162900114,0.6925545334815979,0.1803810900019016,50,50,0.7887418257413752,roc_auc,max_epochs,45954,8051348,175.2045135498047,174.0,175.2045135498047,175.0,0.2294254302978515,0.1452974677085876,/kaggle/working/gfd-robustness-v4-factorial-r1/graphs/base/yelpchi/r60_s0/graph.bin,/kaggle/working/gfd-robustness-v4-factorial-r1/graphs/variants/yelpchi/r60_s0/heterophily_rewire_nonoracle/0.15/seed_1/graph.bin,/kaggle/working/gfd-robustness-v4-factorial-r1/graphs/base/yelpchi/r60_s0/graph.bin,ok,
gfd_robustness_benchmark_v4_factorial,yelpchi,r60_s0,1,4,heterophily_rewire_nonoracle,0.15,secgfd,train_on_variant,0.8032720995127871,0.4380770831267283,0.6804207701897748,0.6987733840942383,5.039629921000596,50,50,0.7946601916287009,roc_auc,max_epochs,45954,8051348,175.2045135498047,174.0,175.2045135498047,175.0,0.2294254302978515,0.1452974677085876,/kaggle/working/gfd-robustness-v4-factorial-r1/graphs/base/yelpchi/r60_s0/graph.bin,/kaggle/working/gfd-robustness-v4-factorial-r1/graphs/variants/yelpchi/r60_s0/heterophily_rewire_nonoracle/0.15/seed_1/graph.bin,/kaggle/working/gfd-robustness-v4-factorial-r1/graphs/variants/yelpchi/r60_s0/heterophily_rewire_nonoracle/0.15/seed_1/graph.bin,ok,
gfd_robustness_benchmark_v4_factorial,yelpchi,r60_s0,0,0,heterophily_rewire_nonoracle,0.3,mlp,train_clean_eval_all,0.7500588817273802,0.3386673790685267,0.6257580788607755,0.504684567451477,0.0763114490000589,17,7,0.7453053352310248,roc_auc,early_stopping,45954,8051348,175.2045135498047,171.0,175.2045135498047,175.0,0.2322233468294143,0.1452974677085876,/kaggle/working/gfd-robustness-v4-factorial-r1/graphs/base/yelpchi/r60_s0/graph.bin,/kaggle/working/gfd-robustness-v4-factorial-r1/graphs/variants/yelpchi/r60_s0/heterophily_rewire_nonoracle/0.30/seed_0/graph.bin,/kaggle/working/gfd-robustness-v4-factorial-r1/graphs/base/yelpchi/r60_s0/graph.bin,ok,
gfd_robustness_benchmark_v4_factorial,yelpchi,r60_s0,0,0,heterophily_rewire_nonoracle,0.3,mlp,train_on_variant,0.7500588817273802,0.3386673790685267,0.6257580788607755,0.504684567451477,0.3889086439994571,17,7,0.7453053352310248,roc_auc,early_stopping,45954,8051348,175.2045135498047,171.0,175.2045135498047,175.0,0.2322233468294143,0.1452974677085876,/kaggle/working/gfd-robustness-v4-factorial-r1/graphs/base/yelpchi/r60_s0/graph.bin,/kaggle/working/gfd-robustness-v4-factorial-r1/graphs/variants/yelpchi/r60_s0/heterophily_rewire_nonoracle/0.30/seed_0/graph.bin,/kaggle/working/gfd-robustness-v4-factorial-r1/graphs/variants/yelpchi/r60_s0/heterophily_rewire_nonoracle/0.30/seed_0/graph.bin,ok,
gfd_robustness_benchmark_v4_factorial,yelpchi,r60_s0,0,0,heterophily_rewire_nonoracle,0.3,pmp,train_clean_eval_all,0.8288295798931669,0.5090803084014005,0.6944911689699828,0.2222334295511245,0.3647760309977457,47,37,0.8544697072643919,roc_auc,early_stopping,45954,8051348,175.2045135498047,171.0,175.2045135498047,175.0,0.2322233468294143,0.1452974677085876,/kaggle/working/gfd-robustness-v4-factorial-r1/graphs/base/yelpchi/r60_s0/graph.bin,/kaggle/working/gfd-robustness-v4-factorial-r1/graphs/variants/yelpchi/r60_s0/heterophily_rewire_nonoracle/0.30/seed_0/graph.bin,/kaggle/working/gfd-robustness-v4-factorial-r1/graphs/base/yelpchi/r60_s0/graph.bin,ok,
gfd_robustness_benchmark_v4_factorial,yelpchi,r60_s0,0,0,heterophily_rewire_nonoracle,0.3,pmp,train_on_variant,0.8399533671963608,0.5184461562152042,0.7009885273521631,0.3077688217163086,29.69572594299825,52,42,0.8346117957263796,roc_auc,early_stopping,45954,8051348,175.2045135498047,171.0,175.2045135498047,175.0,0.2322233468294143,0.1452974677085876,/kaggle/working/gfd-robustness-v4-factorial-r1/graphs/base/yelpchi/r60_s0/graph.bin,/kaggle/working/gfd-robustness-v4-factorial-r1/graphs/variants/yelpchi/r60_s0/heterophily_rewire_nonoracle/0.30/seed_0/graph.bin,/kaggle/working/gfd-robustness-v4-factorial-r1/graphs/variants/yelpchi/r60_s0/heterophily_rewire_nonoracle/0.30/seed_0/graph.bin,ok,
gfd_robustness_benchmark_v4_factorial,yelpchi,r60_s0,0,0,heterophily_rewire_nonoracle,0.3,sage,train_clean_eval_all,0.788932922088613,0.4311734287560083,0.6589226311590247,0.6509830951690674,0.1475198799998907,100,100,0.7853851527093361,roc_auc,max_epochs,45954,8051348,175.2045135498047,171.0,175.2045135498047,175.0,0.2322233468294143,0.1452974677085876,/kaggle/working/gfd-robustness-v4-factorial-r1/graphs/base/yelpchi/r60_s0/graph.bin,/kaggle/working/gfd-robustness-v4-factorial-r1/graphs/variants/yelpchi/r60_s0/heterophily_rewire_nonoracle/0.30/seed_0/graph.bin,/kaggle/working/gfd-robustness-v4-factorial-r1/graphs/base/yelpchi/r60_s0/graph.bin,ok,
gfd_robustness_benchmark_v4_factorial,yelpchi,r60_s0,0,0,heterophily_rewire_nonoracle,0.3,sage,train_on_variant,0.7867435317755528,0.4129180220498329,0.6535744826528177,0.6521289348602295,3.263170042002457,100,100,0.7800766705526431,roc_auc,max_epochs,45954,8051348,175.2045135498047,171.0,175.2045135498047,175.0,0.2322233468294143,0.1452974677085876,/kaggle/working/gfd-robustness-v4-factorial-r1/graphs/base/yelpchi/r60_s0/graph.bin,/kaggle/working/gfd-robustness-v4-factorial-r1/graphs/variants/yelpchi/r60_s0/heterophily_rewire_nonoracle/0.30/seed_0/graph.bin,/kaggle/working/gfd-robustness-v4-factorial-r1/graphs/variants/yelpchi/r60_s0/heterophily_rewire_nonoracle/0.30/seed_0/graph.bin,ok,
gfd_robustness_benchmark_v4_factorial,yelpchi,r60_s0,0,0,heterophily_rewire_nonoracle,0.3,secgfd,train_clean_eval_all,0.8161118890020367,0.4690810240511266,0.6870027983394578,0.7366681694984436,0.1820121829987329,50,50,0.8122382508814968,roc_auc,max_epochs,45954,8051348,175.2045135498047,171.0,175.2045135498047,175.0,0.2322233468294143,0.1452974677085876,/kaggle/working/gfd-robustness-v4-factorial-r1/graphs/base/yelpchi/r60_s0/graph.bin,/kaggle/working/gfd-robustness-v4-factorial-r1/graphs/variants/yelpchi/r60_s0/heterophily_rewire_nonoracle/0.30/seed_0/graph.bin,/kaggle/working/gfd-robustness-v4-factorial-r1/graphs/base/yelpchi/r60_s0/graph.bin,ok,
gfd_robustness_benchmark_v4_factorial,yelpchi,r60_s0,0,0,heterophily_rewire_nonoracle,0.3,secgfd,train_on_variant,0.8373826271845312,0.5166584283317723,0.7017499801795952,0.6753705739974976,4.970762614000705,50,49,0.8332218558755725,roc_auc,max_epochs,45954,8051348,175.2045135498047,171.0,175.2045135498047,175.0,0.2322233468294143,0.1452974677085876,/kaggle/working/gfd-robustness-v4-factorial-r1/graphs/base/yelpchi/r60_s0/graph.bin,/kaggle/working/gfd-robustness-v4-factorial-r1/graphs/variants/yelpchi/r60_s0/heterophily_rewire_nonoracle/0.30/seed_0/graph.bin,/kaggle/working/gfd-robustness-v4-factorial-r1/graphs/variants/yelpchi/r60_s0/heterophily_rewire_nonoracle/0.30/seed_0/graph.bin,ok,
gfd_robustness_benchmark_v4_factorial,yelpchi,r60_s0,0,1,heterophily_rewire_nonoracle,0.3,mlp,train_clean_eval_all,0.8072627657109407,0.4418110196452536,0.668932800089991,0.6548792123794556,0.090548125001078,100,100,0.7960902786221233,roc_auc,max_epochs,45954,8051348,175.2045135498047,171.0,175.2045135498047,175.0,0.2322233468294143,0.1452974677085876,/kaggle/working/gfd-robustness-v4-factorial-r1/graphs/base/yelpchi/r60_s0/graph.bin,/kaggle/working/gfd-robustness-v4-factorial-r1/graphs/variants/yelpchi/r60_s0/heterophily_rewire_nonoracle/0.30/seed_0/graph.bin,/kaggle/working/gfd-robustness-v4-factorial-r1/graphs/base/yelpchi/r60_s0/graph.bin,ok,
gfd_robustness_benchmark_v4_factorial,yelpchi,r60_s0,0,1,heterophily_rewire_nonoracle,0.3,mlp,train_on_variant,0.8072627657109407,0.4418110196452536,0.668932800089991,0.6548792123794556,1.971871129997453,100,100,0.7960902786221233,roc_auc,max_epochs,45954,8051348,175.2045135498047,171.0,175.2045135498047,175.0,0.2322233468294143,0.1452974677085876,/kaggle/working/gfd-robustness-v4-factorial-r1/graphs/base/yelpchi/r60_s0/graph.bin,/kaggle/working/gfd-robustness-v4-factorial-r1/graphs/variants/yelpchi/r60_s0/heterophily_rewire_nonoracle/0.30/seed_0/graph.bin,/kaggle/working/gfd-robustness-v4-factorial-r1/graphs/variants/yelpchi/r60_s0/heterophily_rewire_nonoracle/0.30/seed_0/graph.bin,ok,
gfd_robustness_benchmark_v4_factorial,yelpchi,r60_s0,0,1,heterophily_rewire_nonoracle,0.3,pmp,train_clean_eval_all,0.8234984016183519,0.5014036336170051,0.6919450864221551,0.2552038431167602,0.3381513549975352,85,75,0.8577235807246035,roc_auc,early_stopping,45954,8051348,175.2045135498047,171.0,175.2045135498047,175.0,0.2322233468294143,0.1452974677085876,/kaggle/working/gfd-robustness-v4-factorial-r1/graphs/base/yelpchi/r60_s0/graph.bin,/kaggle/working/gfd-robustness-v4-factorial-r1/graphs/variants/yelpchi/r60_s0/heterophily_rewire_nonoracle/0.30/seed_0/graph.bin,/kaggle/working/gfd-robustness-v4-factorial-r1/graphs/base/yelpchi/r60_s0/graph.bin,ok,
gfd_robustness_benchmark_v4_factorial,yelpchi,r60_s0,0,1,heterophily_rewire_nonoracle,0.3,pmp,train_on_variant,0.8465769898593851,0.5317496250012084,0.7062030677324557,0.2776859104633331,41.7827473239995,73,63,0.839471221126361,roc_auc,early_stopping,45954,8051348,175.2045135498047,171.0,175.2045135498047,175.0,0.2322233468294143,0.1452974677085876,/kaggle/working/gfd-robustness-v4-factorial-r1/graphs/base/yelpchi/r60_s0/graph.bin,/kaggle/working/gfd-robustness-v4-factorial-r1/graphs/variants/yelpchi/r60_s0/heterophily_rewire_nonoracle/0.30/seed_0/graph.bin,/kaggle/working/gfd-robustness-v4-factorial-r1/graphs/variants/yelpchi/r60_s0/heterophily_rewire_nonoracle/0.30/seed_0/graph.bin,ok,
gfd_robustness_benchmark_v4_factorial,yelpchi,r60_s0,0,1,heterophily_rewire_nonoracle,0.3,sage,train_clean_eval_all,0.5976632052849494,0.1993561267651458,0.5509599878003343,0.2802307903766632,0.1435489920004329,23,13,0.6150002980043247,roc_auc,early_stopping,45954,8051348,175.2045135498047,171.0,175.2045135498047,175.0,0.2322233468294143,0.1452974677085876,/kaggle/working/gfd-robustness-v4-factorial-r1/graphs/base/yelpchi/r60_s0/graph.bin,/kaggle/working/gfd-robustness-v4-factorial-r1/graphs/variants/yelpchi/r60_s0/heterophily_rewire_nonoracle/0.30/seed_0/graph.bin,/kaggle/working/gfd-robustness-v4-factorial-r1/graphs/base/yelpchi/r60_s0/graph.bin,ok,
gfd_robustness_benchmark_v4_factorial,yelpchi,r60_s0,0,1,heterophily_rewire_nonoracle,0.3,sage,train_on_variant,0.6368362752600705,0.2153252729272961,0.5604542785959591,0.2978306710720062,0.9826292470024782,24,14,0.6473696231079705,roc_auc,early_stopping,45954,8051348,175.2045135498047,171.0,175.2045135498047,175.0,0.2322233468294143,0.1452974677085876,/kaggle/working/gfd-robustness-v4-factorial-r1/graphs/base/yelpchi/r60_s0/graph.bin,/kaggle/working/gfd-robustness-v4-factorial-r1/graphs/variants/yelpchi/r60_s0/heterophily_rewire_nonoracle/0.30/seed_0/graph.bin,/kaggle/working/gfd-robustness-v4-factorial-r1/graphs/variants/yelpchi/r60_s0/heterophily_rewire_nonoracle/0.30/seed_0/graph.bin,ok,
gfd_robustness_benchmark_v4_factorial,yelpchi,r60_s0,0,1,heterophily_rewire_nonoracle,0.3,secgfd,train_clean_eval_all,0.7965740171896533,0.4242070613796529,0.6692935222084901,0.669256865978241,0.1615410250014974,50,50,0.7873268058466064,roc_auc,max_epochs,45954,8051348,175.2045135498047,171.0,175.2045135498047,175.0,0.2322233468294143,0.1452974677085876,/kaggle/working/gfd-robustness-v4-factorial-r1/graphs/base/yelpchi/r60_s0/graph.bin,/kaggle/working/gfd-robustness-v4-factorial-r1/graphs/variants/yelpchi/r60_s0/heterophily_rewire_nonoracle/0.30/seed_0/graph.bin,/kaggle/working/gfd-robustness-v4-factorial-r1/graphs/base/yelpchi/r60_s0/graph.bin,ok,
gfd_robustness_benchmark_v4_factorial,yelpchi,r60_s0,0,1,heterophily_rewire_nonoracle,0.3,secgfd,train_on_variant,0.8043155351720185,0.4401048023436,0.6750697081267035,0.6262713074684143,5.084713532000023,50,50,0.7942951482511914,roc_auc,max_epochs,45954,8051348,175.2045135498047,171.0,175.2045135498047,175.0,0.2322233468294143,0.1452974677085876,/kaggle/working/gfd-robustness-v4-factorial-r1/graphs/base/yelpchi/r60_s0/graph.bin,/kaggle/working/gfd-robustness-v4-factorial-r1/graphs/variants/yelpchi/r60_s0/heterophily_rewire_nonoracle/0.30/seed_0/graph.bin,/kaggle/working/gfd-robustness-v4-factorial-r1/graphs/variants/yelpchi/r60_s0/heterophily_rewire_nonoracle/0.30/seed_0/graph.bin,ok,
gfd_robustness_benchmark_v4_factorial,yelpchi,r60_s0,0,2,heterophily_rewire_nonoracle,0.3,mlp,train_clean_eval_all,0.8058664207989317,0.4426646605102433,0.6681705838275631,0.6908261179924011,0.1028960360017663,100,100,0.797094624717194,roc_auc,max_epochs,45954,8051348,175.2045135498047,171.0,175.2045135498047,175.0,0.2322233468294143,0.1452974677085876,/kaggle/working/gfd-robustness-v4-factorial-r1/graphs/base/yelpchi/r60_s0/graph.bin,/kaggle/working/gfd-robustness-v4-factorial-r1/graphs/variants/yelpchi/r60_s0/heterophily_rewire_nonoracle/0.30/seed_0/graph.bin,/kaggle/working/gfd-robustness-v4-factorial-r1/graphs/base/yelpchi/r60_s0/graph.bin,ok,
gfd_robustness_benchmark_v4_factorial,yelpchi,r60_s0,0,2,heterophily_rewire_nonoracle,0.3,mlp,train_on_variant,0.8058664207989317,0.4426646605102433,0.6681705838275631,0.6908261179924011,1.9091712439985715,100,100,0.797094624717194,roc_auc,max_epochs,45954,8051348,175.2045135498047,171.0,175.2045135498047,175.0,0.2322233468294143,0.1452974677085876,/kaggle/working/gfd-robustness-v4-factorial-r1/graphs/base/yelpchi/r60_s0/graph.bin,/kaggle/working/gfd-robustness-v4-factorial-r1/graphs/variants/yelpchi/r60_s0/heterophily_rewire_nonoracle/0.30/seed_0/graph.bin,/kaggle/working/gfd-robustness-v4-factorial-r1/graphs/variants/yelpchi/r60_s0/heterophily_rewire_nonoracle/0.30/seed_0/graph.bin,ok,
gfd_robustness_benchmark_v4_factorial,yelpchi,r60_s0,0,2,heterophily_rewire_nonoracle,0.3,pmp,train_clean_eval_all,0.8208765450260376,0.4854454985546261,0.6867599711317406,0.402582585811615,0.2971013360001961,36,26,0.8494535554299965,roc_auc,early_stopping,45954,8051348,175.2045135498047,171.0,175.2045135498047,175.0,0.2322233468294143,0.1452974677085876,/kaggle/working/gfd-robustness-v4-factorial-r1/graphs/base/yelpchi/r60_s0/graph.bin,/kaggle/working/gfd-robustness-v4-factorial-r1/graphs/variants/yelpchi/r60_s0/heterophily_rewire_nonoracle/0.30/seed_0/graph.bin,/kaggle/working/gfd-robustness-v4-factorial-r1/graphs/base/yelpchi/r60_s0/graph.bin,ok,
gfd_robustness_benchmark_v4_factorial,yelpchi,r60_s0,0,2,heterophily_rewire_nonoracle,0.3,pmp,train_on_variant,0.8458244851945803,0.5551003605215583,0.7149889915003347,0.2668514847755432,40.55774575200121,71,61,0.841492310296407,roc_auc,early_stopping,45954,8051348,175.2045135498047,171.0,175.2045135498047,175.0,0.2322233468294143,0.1452974677085876,/kaggle/working/gfd-robustness-v4-factorial-r1/graphs/base/yelpchi/r60_s0/graph.bin,/kaggle/working/gfd-robustness-v4-factorial-r1/graphs/variants/yelpchi/r60_s0/heterophily_rewire_nonoracle/0.30/seed_0/graph.bin,/kaggle/working/gfd-robustness-v4-factorial-r1/graphs/variants/yelpchi/r60_s0/heterophily_rewire_nonoracle/0.30/seed_0/graph.bin,ok,
gfd_robustness_benchmark_v4_factorial,yelpchi,r60_s0,0,2,heterophily_rewire_nonoracle,0.3,sage,train_clean_eval_all,0.7919314121248339,0.4265591555194838,0.6632859537486389,0.6172454953193665,0.1167262449998816,100,100,0.7885236865757396,roc_auc,max_epochs,45954,8051348,175.2045135498047,171.0,175.2045135498047,175.0,0.2322233468294143,0.1452974677085876,/kaggle/working/gfd-robustness-v4-factorial-r1/graphs/base/yelpchi/r60_s0/graph.bin,/kaggle/working/gfd-robustness-v4-factorial-r1/graphs/variants/yelpchi/r60_s0/heterophily_rewire_nonoracle/0.30/seed_0/graph.bin,/kaggle/working/gfd-robustness-v4-factorial-r1/graphs/base/yelpchi/r60_s0/graph.bin,ok,
gfd_robustness_benchmark_v4_factorial,yelpchi,r60_s0,0,2,heterophily_rewire_nonoracle,0.3,sage,train_on_variant,0.7920678500432943,0.4313957868348293,0.6628355625970181,0.6637269258499146,3.3581207360002736,100,100,0.7818500108473574,roc_auc,max_epochs,45954,8051348,175.2045135498047,171.0,175.2045135498047,175.0,0.2322233468294143,0.1452974677085876,/kaggle/working/gfd-robustness-v4-factorial-r1/graphs/base/yelpchi/r60_s0/graph.bin,/kaggle/working/gfd-robustness-v4-factorial-r1/graphs/variants/yelpchi/r60_s0/heterophily_rewire_nonoracle/0.30/seed_0/graph.bin,/kaggle/working/gfd-robustness-v4-factorial-r1/graphs/variants/yelpchi/r60_s0/heterophily_rewire_nonoracle/0.30/seed_0/graph.bin,ok,
gfd_robustness_benchmark_v4_factorial,yelpchi,r60_s0,0,2,heterophily_rewire_nonoracle,0.3,secgfd,train_clean_eval_all,0.8087078452565338,0.4612807844611594,0.6869842913152377,0.6859545111656189,0.1793489859992405,50,50,0.8053339913268821,roc_auc,max_epochs,45954,8051348,175.2045135498047,171.0,175.2045135498047,175.0,0.2322233468294143,0.1452974677085876,/kaggle/working/gfd-robustness-v4-factorial-r1/graphs/base/yelpchi/r60_s0/graph.bin,/kaggle/working/gfd-robustness-v4-factorial-r1/graphs/variants/yelpchi/r60_s0/heterophily_rewire_nonoracle/0.30/seed_0/graph.bin,/kaggle/working/gfd-robustness-v4-factorial-r1/graphs/base/yelpchi/r60_s0/graph.bin,ok,
gfd_robustness_benchmark_v4_factorial,yelpchi,r60_s0,0,2,heterophily_rewire_nonoracle,0.3,secgfd,train_on_variant,0.8219732886569021,0.4937129373623194,0.6978507354773571,0.7204534411430359,4.934863270998903,50,50,0.8157907961960345,roc_auc,max_epochs,45954,8051348,175.2045135498047,171.0,175.2045135498047,175.0,0.2322233468294143,0.1452974677085876,/kaggle/working/gfd-robustness-v4-factorial-r1/graphs/base/yelpchi/r60_s0/graph.bin,/kaggle/working/gfd-robustness-v4-factorial-r1/graphs/variants/yelpchi/r60_s0/heterophily_rewire_nonoracle/0.30/seed_0/graph.bin,/kaggle/working/gfd-robustness-v4-factorial-r1/graphs/variants/yelpchi/r60_s0/heterophily_rewire_nonoracle/0.30/seed_0/graph.bin,ok,
gfd_robustness_benchmark_v4_factorial,yelpchi,r60_s0,0,3,heterophily_rewire_nonoracle,0.3,mlp,train_clean_eval_all,0.805465110385136,0.435856309524571,0.6683207551370244,0.6890000104904175,0.093890181997267,100,100,0.7965709953582847,roc_auc,max_epochs,45954,8051348,175.2045135498047,171.0,175.2045135498047,175.0,0.2322233468294143,0.1452974677085876,/kaggle/working/gfd-robustness-v4-factorial-r1/graphs/base/yelpchi/r60_s0/graph.bin,/kaggle/working/gfd-robustness-v4-factorial-r1/graphs/variants/yelpchi/r60_s0/heterophily_rewire_nonoracle/0.30/seed_0/graph.bin,/kaggle/working/gfd-robustness-v4-factorial-r1/graphs/base/yelpchi/r60_s0/graph.bin,ok,
gfd_robustness_benchmark_v4_factorial,yelpchi,r60_s0,0,3,heterophily_rewire_nonoracle,0.3,mlp,train_on_variant,0.805465110385136,0.435856309524571,0.6683207551370244,0.6890000104904175,1.853947972998867,100,100,0.7965709953582847,roc_auc,max_epochs,45954,8051348,175.2045135498047,171.0,175.2045135498047,175.0,0.2322233468294143,0.1452974677085876,/kaggle/working/gfd-robustness-v4-factorial-r1/graphs/base/yelpchi/r60_s0/graph.bin,/kaggle/working/gfd-robustness-v4-factorial-r1/graphs/variants/yelpchi/r60_s0/heterophily_rewire_nonoracle/0.30/seed_0/graph.bin,/kaggle/working/gfd-robustness-v4-factorial-r1/graphs/variants/yelpchi/r60_s0/heterophily_rewire_nonoracle/0.30/seed_0/graph.bin,ok,
gfd_robustness_benchmark_v4_factorial,yelpchi,r60_s0,0,3,heterophily_rewire_nonoracle,0.3,pmp,train_clean_eval_all,0.8327580772772175,0.5310727194336091,0.7140675911986036,0.311098039150238,0.292504408997047,95,85,0.8754252760116055,roc_auc,early_stopping,45954,8051348,175.2045135498047,171.0,175.2045135498047,175.0,0.2322233468294143,0.1452974677085876,/kaggle/working/gfd-robustness-v4-factorial-r1/graphs/base/yelpchi/r60_s0/graph.bin,/kaggle/working/gfd-robustness-v4-factorial-r1/graphs/variants/yelpchi/r60_s0/heterophily_rewire_nonoracle/0.30/seed_0/graph.bin,/kaggle/working/gfd-robustness-v4-factorial-r1/graphs/base/yelpchi/r60_s0/graph.bin,ok,
gfd_robustness_benchmark_v4_factorial,yelpchi,r60_s0,0,3,heterophily_rewire_nonoracle,0.3,pmp,train_on_variant,0.8424240177994317,0.5228173351935457,0.7043809594614802,0.2976762354373932,42.043577986001765,73,63,0.8393834886531873,roc_auc,early_stopping,45954,8051348,175.2045135498047,171.0,175.2045135498047,175.0,0.2322233468294143,0.1452974677085876,/kaggle/working/gfd-robustness-v4-factorial-r1/graphs/base/yelpchi/r60_s0/graph.bin,/kaggle/working/gfd-robustness-v4-factorial-r1/graphs/variants/yelpchi/r60_s0/heterophily_rewire_nonoracle/0.30/seed_0/graph.bin,/kaggle/working/gfd-robustness-v4-factorial-r1/graphs/variants/yelpchi/r60_s0/heterophily_rewire_nonoracle/0.30/seed_0/graph.bin,ok,
gfd_robustness_benchmark_v4_factorial,yelpchi,r60_s0,0,3,heterophily_rewire_nonoracle,0.3,sage,train_clean_eval_all,0.7922228671475786,0.4279654349627103,0.663317674968021,0.678034782409668,0.1187453530001221,100,100,0.790009846062886,roc_auc,max_epochs,45954,8051348,175.2045135498047,171.0,175.2045135498047,175.0,0.2322233468294143,0.1452974677085876,/kaggle/working/gfd-robustness-v4-factorial-r1/graphs/base/yelpchi/r60_s0/graph.bin,/kaggle/working/gfd-robustness-v4-factorial-r1/graphs/variants/yelpchi/r60_s0/heterophily_rewire_nonoracle/0.30/seed_0/graph.bin,/kaggle/working/gfd-robustness-v4-factorial-r1/graphs/base/yelpchi/r60_s0/graph.bin,ok,
gfd_robustness_benchmark_v4_factorial,yelpchi,r60_s0,0,3,heterophily_rewire_nonoracle,0.3,sage,train_on_variant,0.7887272647932242,0.4259820095021454,0.6665369823121149,0.6580256223678589,3.420547538997198,100,100,0.7829939660084347,roc_auc,max_epochs,45954,8051348,175.2045135498047,171.0,175.2045135498047,175.0,0.2322233468294143,0.1452974677085876,/kaggle/working/gfd-robustness-v4-factorial-r1/graphs/base/yelpchi/r60_s0/graph.bin,/kaggle/working/gfd-robustness-v4-factorial-r1/graphs/variants/yelpchi/r60_s0/heterophily_rewire_nonoracle/0.30/seed_0/graph.bin,/kaggle/working/gfd-robustness-v4-factorial-r1/graphs/variants/yelpchi/r60_s0/heterophily_rewire_nonoracle/0.30/seed_0/graph.bin,ok,
gfd_robustness_benchmark_v4_factorial,yelpchi,r60_s0,0,3,heterophily_rewire_nonoracle,0.3,secgfd,train_clean_eval_all,0.7932070876068636,0.4114085099460745,0.6613331767065198,0.7169128656387329,0.1969119240020518,50,50,0.7874013307681121,roc_auc,max_epochs,45954,8051348,175.2045135498047,171.0,175.2045135498047,175.0,0.2322233468294143,0.1452974677085876,/kaggle/working/gfd-robustness-v4-factorial-r1/graphs/base/yelpchi/r60_s0/graph.bin,/kaggle/working/gfd-robustness-v4-factorial-r1/graphs/variants/yelpchi/r60_s0/heterophily_rewire_nonoracle/0.30/seed_0/graph.bin,/kaggle/working/gfd-robustness-v4-factorial-r1/graphs/base/yelpchi/r60_s0/graph.bin,ok,
gfd_robustness_benchmark_v4_factorial,yelpchi,r60_s0,0,3,heterophily_rewire_nonoracle,0.3,secgfd,train_on_variant,0.8118890306200227,0.4604904634256457,0.6855444172068761,0.6570063233375549,5.01529000499977,50,50,0.8010855463134481,roc_auc,max_epochs,45954,8051348,175.2045135498047,171.0,175.2045135498047,175.0,0.2322233468294143,0.1452974677085876,/kaggle/working/gfd-robustness-v4-factorial-r1/graphs/base/yelpchi/r60_s0/graph.bin,/kaggle/working/gfd-robustness-v4-factorial-r1/graphs/variants/yelpchi/r60_s0/heterophily_rewire_nonoracle/0.30/seed_0/graph.bin,/kaggle/working/gfd-robustness-v4-factorial-r1/graphs/variants/yelpchi/r60_s0/heterophily_rewire_nonoracle/0.30/seed_0/graph.bin,ok,
gfd_robustness_benchmark_v4_factorial,yelpchi,r60_s0,0,4,heterophily_rewire_nonoracle,0.3,mlp,train_clean_eval_all,0.8049343649767674,0.4459862676711785,0.6719939992863229,0.6745531558990479,0.0948348450001503,100,100,0.7943539385443562,roc_auc,max_epochs,45954,8051348,175.2045135498047,171.0,175.2045135498047,175.0,0.2322233468294143,0.1452974677085876,/kaggle/working/gfd-robustness-v4-factorial-r1/graphs/base/yelpchi/r60_s0/graph.bin,/kaggle/working/gfd-robustness-v4-factorial-r1/graphs/variants/yelpchi/r60_s0/heterophily_rewire_nonoracle/0.30/seed_0/graph.bin,/kaggle/working/gfd-robustness-v4-factorial-r1/graphs/base/yelpchi/r60_s0/graph.bin,ok,
gfd_robustness_benchmark_v4_factorial,yelpchi,r60_s0,0,4,heterophily_rewire_nonoracle,0.3,mlp,train_on_variant,0.8049343649767674,0.4459862676711785,0.6719939992863229,0.6745531558990479,1.9910291460000733,100,100,0.7943539385443562,roc_auc,max_epochs,45954,8051348,175.2045135498047,171.0,175.2045135498047,175.0,0.2322233468294143,0.1452974677085876,/kaggle/working/gfd-robustness-v4-factorial-r1/graphs/base/yelpchi/r60_s0/graph.bin,/kaggle/working/gfd-robustness-v4-factorial-r1/graphs/variants/yelpchi/r60_s0/heterophily_rewire_nonoracle/0.30/seed_0/graph.bin,/kaggle/working/gfd-robustness-v4-factorial-r1/graphs/variants/yelpchi/r60_s0/heterophily_rewire_nonoracle/0.30/seed_0/graph.bin,ok,
gfd_robustness_benchmark_v4_factorial,yelpchi,r60_s0,0,4,heterophily_rewire_nonoracle,0.3,pmp,train_clean_eval_all,0.8279256310444284,0.517173973837432,0.6977580662672918,0.2526274025440216,0.2875737260001187,72,62,0.8613409240994905,roc_auc,early_stopping,45954,8051348,175.2045135498047,171.0,175.2045135498047,175.0,0.2322233468294143,0.1452974677085876,/kaggle/working/gfd-robustness-v4-factorial-r1/graphs/base/yelpchi/r60_s0/graph.bin,/kaggle/working/gfd-robustness-v4-factorial-r1/graphs/variants/yelpchi/r60_s0/heterophily_rewire_nonoracle/0.30/seed_0/graph.bin,/kaggle/working/gfd-robustness-v4-factorial-r1/graphs/base/yelpchi/r60_s0/graph.bin,ok,
gfd_robustness_benchmark_v4_factorial,yelpchi,r60_s0,0,4,heterophily_rewire_nonoracle,0.3,pmp,train_on_variant,0.8505193025354586,0.5681577623903076,0.7217282449909664,0.2902940511703491,39.52402038299988,69,59,0.8445984212922898,roc_auc,early_stopping,45954,8051348,175.2045135498047,171.0,175.2045135498047,175.0,0.2322233468294143,0.1452974677085876,/kaggle/working/gfd-robustness-v4-factorial-r1/graphs/base/yelpchi/r60_s0/graph.bin,/kaggle/working/gfd-robustness-v4-factorial-r1/graphs/variants/yelpchi/r60_s0/heterophily_rewire_nonoracle/0.30/seed_0/graph.bin,/kaggle/working/gfd-robustness-v4-factorial-r1/graphs/variants/yelpchi/r60_s0/heterophily_rewire_nonoracle/0.30/seed_0/graph.bin,ok,
gfd_robustness_benchmark_v4_factorial,yelpchi,r60_s0,0,4,heterophily_rewire_nonoracle,0.3,sage,train_clean_eval_all,0.8001623725563131,0.4295581128239184,0.6630250965352553,0.652508556842804,0.1228980859996227,100,99,0.7973325990506774,roc_auc,max_epochs,45954,8051348,175.2045135498047,171.0,175.2045135498047,175.0,0.2322233468294143,0.1452974677085876,/kaggle/working/gfd-robustness-v4-factorial-r1/graphs/base/yelpchi/r60_s0/graph.bin,/kaggle/working/gfd-robustness-v4-factorial-r1/graphs/variants/yelpchi/r60_s0/heterophily_rewire_nonoracle/0.30/seed_0/graph.bin,/kaggle/working/gfd-robustness-v4-factorial-r1/graphs/base/yelpchi/r60_s0/graph.bin,ok,
gfd_robustness_benchmark_v4_factorial,yelpchi,r60_s0,0,4,heterophily_rewire_nonoracle,0.3,sage,train_on_variant,0.7915034715446907,0.427555610382266,0.6619529992644757,0.6701775193214417,3.458861261999118,100,99,0.7833898587936308,roc_auc,max_epochs,45954,8051348,175.2045135498047,171.0,175.2045135498047,175.0,0.2322233468294143,0.1452974677085876,/kaggle/working/gfd-robustness-v4-factorial-r1/graphs/base/yelpchi/r60_s0/graph.bin,/kaggle/working/gfd-robustness-v4-factorial-r1/graphs/variants/yelpchi/r60_s0/heterophily_rewire_nonoracle/0.30/seed_0/graph.bin,/kaggle/working/gfd-robustness-v4-factorial-r1/graphs/variants/yelpchi/r60_s0/heterophily_rewire_nonoracle/0.30/seed_0/graph.bin,ok,
gfd_robustness_benchmark_v4_factorial,yelpchi,r60_s0,0,4,heterophily_rewire_nonoracle,0.3,secgfd,train_clean_eval_all,0.7927924859293632,0.4094633308240978,0.6626246067974242,0.6925545334815979,0.1822580500011099,50,50,0.7887418257413752,roc_auc,max_epochs,45954,8051348,175.2045135498047,171.0,175.2045135498047,175.0,0.2322233468294143,0.1452974677085876,/kaggle/working/gfd-robustness-v4-factorial-r1/graphs/base/yelpchi/r60_s0/graph.bin,/kaggle/working/gfd-robustness-v4-factorial-r1/graphs/variants/yelpchi/r60_s0/heterophily_rewire_nonoracle/0.30/seed_0/graph.bin,/kaggle/working/gfd-robustness-v4-factorial-r1/graphs/base/yelpchi/r60_s0/graph.bin,ok,
gfd_robustness_benchmark_v4_factorial,yelpchi,r60_s0,0,4,heterophily_rewire_nonoracle,0.3,secgfd,train_on_variant,0.8002194916429869,0.4337750674068397,0.6722595872137079,0.6887074112892151,4.9611643080006615,50,50,0.7922799714869462,roc_auc,max_epochs,45954,8051348,175.2045135498047,171.0,175.2045135498047,175.0,0.2322233468294143,0.1452974677085876,/kaggle/working/gfd-robustness-v4-factorial-r1/graphs/base/yelpchi/r60_s0/graph.bin,/kaggle/working/gfd-robustness-v4-factorial-r1/graphs/variants/yelpchi/r60_s0/heterophily_rewire_nonoracle/0.30/seed_0/graph.bin,/kaggle/working/gfd-robustness-v4-factorial-r1/graphs/variants/yelpchi/r60_s0/heterophily_rewire_nonoracle/0.30/seed_0/graph.bin,ok,
gfd_robustness_benchmark_v4_factorial,yelpchi,r60_s0,1,0,heterophily_rewire_nonoracle,0.3,mlp,train_clean_eval_all,0.7500588817273802,0.3386673790685267,0.6257580788607755,0.504684567451477,0.0804478680001921,17,7,0.7453053352310248,roc_auc,early_stopping,45954,8051348,175.2045135498047,173.0,175.2045135498047,175.0,0.2319838851690292,0.1452974677085876,/kaggle/working/gfd-robustness-v4-factorial-r1/graphs/base/yelpchi/r60_s0/graph.bin,/kaggle/working/gfd-robustness-v4-factorial-r1/graphs/variants/yelpchi/r60_s0/heterophily_rewire_nonoracle/0.30/seed_1/graph.bin,/kaggle/working/gfd-robustness-v4-factorial-r1/graphs/base/yelpchi/r60_s0/graph.bin,ok,
gfd_robustness_benchmark_v4_factorial,yelpchi,r60_s0,1,0,heterophily_rewire_nonoracle,0.3,mlp,train_on_variant,0.7500588817273802,0.3386673790685267,0.6257580788607755,0.504684567451477,0.4162869009996939,17,7,0.7453053352310248,roc_auc,early_stopping,45954,8051348,175.2045135498047,173.0,175.2045135498047,175.0,0.2319838851690292,0.1452974677085876,/kaggle/working/gfd-robustness-v4-factorial-r1/graphs/base/yelpchi/r60_s0/graph.bin,/kaggle/working/gfd-robustness-v4-factorial-r1/graphs/variants/yelpchi/r60_s0/heterophily_rewire_nonoracle/0.30/seed_1/graph.bin,/kaggle/working/gfd-robustness-v4-factorial-r1/graphs/variants/yelpchi/r60_s0/heterophily_rewire_nonoracle/0.30/seed_1/graph.bin,ok,
gfd_robustness_benchmark_v4_factorial,yelpchi,r60_s0,1,0,heterophily_rewire_nonoracle,0.3,pmp,train_clean_eval_all,0.8275296085527519,0.5067283360832476,0.6960448503275706,0.2222334295511245,0.3091825999981665,47,37,0.8544697072643919,roc_auc,early_stopping,45954,8051348,175.2045135498047,173.0,175.2045135498047,175.0,0.2319838851690292,0.1452974677085876,/kaggle/working/gfd-robustness-v4-factorial-r1/graphs/base/yelpchi/r60_s0/graph.bin,/kaggle/working/gfd-robustness-v4-factorial-r1/graphs/variants/yelpchi/r60_s0/heterophily_rewire_nonoracle/0.30/seed_1/graph.bin,/kaggle/working/gfd-robustness-v4-factorial-r1/graphs/base/yelpchi/r60_s0/graph.bin,ok,
gfd_robustness_benchmark_v4_factorial,yelpchi,r60_s0,1,0,heterophily_rewire_nonoracle,0.3,pmp,train_on_variant,0.8435269544922375,0.527338120656937,0.7075990116095809,0.2661119401454925,47.84345282999857,83,73,0.8387000336148879,roc_auc,early_stopping,45954,8051348,175.2045135498047,173.0,175.2045135498047,175.0,0.2319838851690292,0.1452974677085876,/kaggle/working/gfd-robustness-v4-factorial-r1/graphs/base/yelpchi/r60_s0/graph.bin,/kaggle/working/gfd-robustness-v4-factorial-r1/graphs/variants/yelpchi/r60_s0/heterophily_rewire_nonoracle/0.30/seed_1/graph.bin,/kaggle/working/gfd-robustness-v4-factorial-r1/graphs/variants/yelpchi/r60_s0/heterophily_rewire_nonoracle/0.30/seed_1/graph.bin,ok,
gfd_robustness_benchmark_v4_factorial,yelpchi,r60_s0,1,0,heterophily_rewire_nonoracle,0.3,sage,train_clean_eval_all,0.7890194344000391,0.4312861404087355,0.6605267575262956,0.6509830951690674,0.1376602249983989,100,100,0.7853851527093361,roc_auc,max_epochs,45954,8051348,175.2045135498047,173.0,175.2045135498047,175.0,0.2319838851690292,0.1452974677085876,/kaggle/working/gfd-robustness-v4-factorial-r1/graphs/base/yelpchi/r60_s0/graph.bin,/kaggle/working/gfd-robustness-v4-factorial-r1/graphs/variants/yelpchi/r60_s0/heterophily_rewire_nonoracle/0.30/seed_1/graph.bin,/kaggle/working/gfd-robustness-v4-factorial-r1/graphs/base/yelpchi/r60_s0/graph.bin,ok,
gfd_robustness_benchmark_v4_factorial,yelpchi,r60_s0,1,0,heterophily_rewire_nonoracle,0.3,sage,train_on_variant,0.7864890922076417,0.4180506705618211,0.6539340434171054,0.6196213960647583,3.398033411001961,100,100,0.7788436955397097,roc_auc,max_epochs,45954,8051348,175.2045135498047,173.0,175.2045135498047,175.0,0.2319838851690292,0.1452974677085876,/kaggle/working/gfd-robustness-v4-factorial-r1/graphs/base/yelpchi/r60_s0/graph.bin,/kaggle/working/gfd-robustness-v4-factorial-r1/graphs/variants/yelpchi/r60_s0/heterophily_rewire_nonoracle/0.30/seed_1/graph.bin,/kaggle/working/gfd-robustness-v4-factorial-r1/graphs/variants/yelpchi/r60_s0/heterophily_rewire_nonoracle/0.30/seed_1/graph.bin,ok,
gfd_robustness_benchmark_v4_factorial,yelpchi,r60_s0,1,0,heterophily_rewire_nonoracle,0.3,secgfd,train_clean_eval_all,0.8165673172494116,0.4698868463915527,0.6887566850502513,0.7366681694984436,0.1844088540019584,50,50,0.8122382508814968,roc_auc,max_epochs,45954,8051348,175.2045135498047,173.0,175.2045135498047,175.0,0.2319838851690292,0.1452974677085876,/kaggle/working/gfd-robustness-v4-factorial-r1/graphs/base/yelpchi/r60_s0/graph.bin,/kaggle/working/gfd-robustness-v4-factorial-r1/graphs/variants/yelpchi/r60_s0/heterophily_rewire_nonoracle/0.30/seed_1/graph.bin,/kaggle/working/gfd-robustness-v4-factorial-r1/graphs/base/yelpchi/r60_s0/graph.bin,ok,
gfd_robustness_benchmark_v4_factorial,yelpchi,r60_s0,1,0,heterophily_rewire_nonoracle,0.3,secgfd,train_on_variant,0.8366792859037526,0.5086964675203275,0.706495543715871,0.688155472278595,4.949818467999648,50,50,0.8325270051518988,roc_auc,max_epochs,45954,8051348,175.2045135498047,173.0,175.2045135498047,175.0,0.2319838851690292,0.1452974677085876,/kaggle/working/gfd-robustness-v4-factorial-r1/graphs/base/yelpchi/r60_s0/graph.bin,/kaggle/working/gfd-robustness-v4-factorial-r1/graphs/variants/yelpchi/r60_s0/heterophily_rewire_nonoracle/0.30/seed_1/graph.bin,/kaggle/working/gfd-robustness-v4-factorial-r1/graphs/variants/yelpchi/r60_s0/heterophily_rewire_nonoracle/0.30/seed_1/graph.bin,ok,
gfd_robustness_benchmark_v4_factorial,yelpchi,r60_s0,1,1,heterophily_rewire_nonoracle,0.3,mlp,train_clean_eval_all,0.8072627657109407,0.4418110196452536,0.668932800089991,0.6548792123794556,0.0930977950010856,100,100,0.7960902786221233,roc_auc,max_epochs,45954,8051348,175.2045135498047,173.0,175.2045135498047,175.0,0.2319838851690292,0.1452974677085876,/kaggle/working/gfd-robustness-v4-factorial-r1/graphs/base/yelpchi/r60_s0/graph.bin,/kaggle/working/gfd-robustness-v4-factorial-r1/graphs/variants/yelpchi/r60_s0/heterophily_rewire_nonoracle/0.30/seed_1/graph.bin,/kaggle/working/gfd-robustness-v4-factorial-r1/graphs/base/yelpchi/r60_s0/graph.bin,ok,
gfd_robustness_benchmark_v4_factorial,yelpchi,r60_s0,1,1,heterophily_rewire_nonoracle,0.3,mlp,train_on_variant,0.8072627657109407,0.4418110196452536,0.668932800089991,0.6548792123794556,1.863352475000284,100,100,0.7960902786221233,roc_auc,max_epochs,45954,8051348,175.2045135498047,173.0,175.2045135498047,175.0,0.2319838851690292,0.1452974677085876,/kaggle/working/gfd-robustness-v4-factorial-r1/graphs/base/yelpchi/r60_s0/graph.bin,/kaggle/working/gfd-robustness-v4-factorial-r1/graphs/variants/yelpchi/r60_s0/heterophily_rewire_nonoracle/0.30/seed_1/graph.bin,/kaggle/working/gfd-robustness-v4-factorial-r1/graphs/variants/yelpchi/r60_s0/heterophily_rewire_nonoracle/0.30/seed_1/graph.bin,ok,
gfd_robustness_benchmark_v4_factorial,yelpchi,r60_s0,1,1,heterophily_rewire_nonoracle,0.3,pmp,train_clean_eval_all,0.8290443838646536,0.5060701277508886,0.7040396953736533,0.2552038431167602,0.3789111539990699,85,75,0.8577235807246035,roc_auc,early_stopping,45954,8051348,175.2045135498047,173.0,175.2045135498047,175.0,0.2319838851690292,0.1452974677085876,/kaggle/working/gfd-robustness-v4-factorial-r1/graphs/base/yelpchi/r60_s0/graph.bin,/kaggle/working/gfd-robustness-v4-factorial-r1/graphs/variants/yelpchi/r60_s0/heterophily_rewire_nonoracle/0.30/seed_1/graph.bin,/kaggle/working/gfd-robustness-v4-factorial-r1/graphs/base/yelpchi/r60_s0/graph.bin,ok,
gfd_robustness_benchmark_v4_factorial,yelpchi,r60_s0,1,1,heterophily_rewire_nonoracle,0.3,pmp,train_on_variant,0.8477479549556691,0.5432932034641124,0.7179952210979674,0.2988666892051697,56.942699183000514,100,100,0.8410897898950309,roc_auc,max_epochs,45954,8051348,175.2045135498047,173.0,175.2045135498047,175.0,0.2319838851690292,0.1452974677085876,/kaggle/working/gfd-robustness-v4-factorial-r1/graphs/base/yelpchi/r60_s0/graph.bin,/kaggle/working/gfd-robustness-v4-factorial-r1/graphs/variants/yelpchi/r60_s0/heterophily_rewire_nonoracle/0.30/seed_1/graph.bin,/kaggle/working/gfd-robustness-v4-factorial-r1/graphs/variants/yelpchi/r60_s0/heterophily_rewire_nonoracle/0.30/seed_1/graph.bin,ok,
gfd_robustness_benchmark_v4_factorial,yelpchi,r60_s0,1,1,heterophily_rewire_nonoracle,0.3,sage,train_clean_eval_all,0.5976622525061892,0.2019498577813144,0.5525674684658257,0.2802307903766632,0.1460773309991054,23,13,0.6150002980043247,roc_auc,early_stopping,45954,8051348,175.2045135498047,173.0,175.2045135498047,175.0,0.2319838851690292,0.1452974677085876,/kaggle/working/gfd-robustness-v4-factorial-r1/graphs/base/yelpchi/r60_s0/graph.bin,/kaggle/working/gfd-robustness-v4-factorial-r1/graphs/variants/yelpchi/r60_s0/heterophily_rewire_nonoracle/0.30/seed_1/graph.bin,/kaggle/working/gfd-robustness-v4-factorial-r1/graphs/base/yelpchi/r60_s0/graph.bin,ok,
gfd_robustness_benchmark_v4_factorial,yelpchi,r60_s0,1,1,heterophily_rewire_nonoracle,0.3,sage,train_on_variant,0.5969082710343061,0.202279986140328,0.5530161911772372,0.2877594828605652,0.8473075849979068,23,13,0.6157355342740733,roc_auc,early_stopping,45954,8051348,175.2045135498047,173.0,175.2045135498047,175.0,0.2319838851690292,0.1452974677085876,/kaggle/working/gfd-robustness-v4-factorial-r1/graphs/base/yelpchi/r60_s0/graph.bin,/kaggle/working/gfd-robustness-v4-factorial-r1/graphs/variants/yelpchi/r60_s0/heterophily_rewire_nonoracle/0.30/seed_1/graph.bin,/kaggle/working/gfd-robustness-v4-factorial-r1/graphs/variants/yelpchi/r60_s0/heterophily_rewire_nonoracle/0.30/seed_1/graph.bin,ok,
gfd_robustness_benchmark_v4_factorial,yelpchi,r60_s0,1,1,heterophily_rewire_nonoracle,0.3,secgfd,train_clean_eval_all,0.7968007308956425,0.4248308551022871,0.6658956536675226,0.669256865978241,0.1690745380001317,50,50,0.7873268058466064,roc_auc,max_epochs,45954,8051348,175.2045135498047,173.0,175.2045135498047,175.0,0.2319838851690292,0.1452974677085876,/kaggle/working/gfd-robustness-v4-factorial-r1/graphs/base/yelpchi/r60_s0/graph.bin,/kaggle/working/gfd-robustness-v4-factorial-r1/graphs/variants/yelpchi/r60_s0/heterophily_rewire_nonoracle/0.30/seed_1/graph.bin,/kaggle/working/gfd-robustness-v4-factorial-r1/graphs/base/yelpchi/r60_s0/graph.bin,ok,
gfd_robustness_benchmark_v4_factorial,yelpchi,r60_s0,1,1,heterophily_rewire_nonoracle,0.3,secgfd,train_on_variant,0.8004041878056515,0.4328092750625111,0.6709536207358677,0.6864190101623535,4.948217571998612,50,50,0.7934634062609517,roc_auc,max_epochs,45954,8051348,175.2045135498047,173.0,175.2045135498047,175.0,0.2319838851690292,0.1452974677085876,/kaggle/working/gfd-robustness-v4-factorial-r1/graphs/base/yelpchi/r60_s0/graph.bin,/kaggle/working/gfd-robustness-v4-factorial-r1/graphs/variants/yelpchi/r60_s0/heterophily_rewire_nonoracle/0.30/seed_1/graph.bin,/kaggle/working/gfd-robustness-v4-factorial-r1/graphs/variants/yelpchi/r60_s0/heterophily_rewire_nonoracle/0.30/seed_1/graph.bin,ok,
gfd_robustness_benchmark_v4_factorial,yelpchi,r60_s0,1,2,heterophily_rewire_nonoracle,0.3,mlp,train_clean_eval_all,0.8058664207989317,0.4426646605102433,0.6681705838275631,0.6908261179924011,0.0757137590007914,100,100,0.797094624717194,roc_auc,max_epochs,45954,8051348,175.2045135498047,173.0,175.2045135498047,175.0,0.2319838851690292,0.1452974677085876,/kaggle/working/gfd-robustness-v4-factorial-r1/graphs/base/yelpchi/r60_s0/graph.bin,/kaggle/working/gfd-robustness-v4-factorial-r1/graphs/variants/yelpchi/r60_s0/heterophily_rewire_nonoracle/0.30/seed_1/graph.bin,/kaggle/working/gfd-robustness-v4-factorial-r1/graphs/base/yelpchi/r60_s0/graph.bin,ok,
gfd_robustness_benchmark_v4_factorial,yelpchi,r60_s0,1,2,heterophily_rewire_nonoracle,0.3,mlp,train_on_variant,0.8058664207989317,0.4426646605102433,0.6681705838275631,0.6908261179924011,1.864702599003067,100,100,0.797094624717194,roc_auc,max_epochs,45954,8051348,175.2045135498047,173.0,175.2045135498047,175.0,0.2319838851690292,0.1452974677085876,/kaggle/working/gfd-robustness-v4-factorial-r1/graphs/base/yelpchi/r60_s0/graph.bin,/kaggle/working/gfd-robustness-v4-factorial-r1/graphs/variants/yelpchi/r60_s0/heterophily_rewire_nonoracle/0.30/seed_1/graph.bin,/kaggle/working/gfd-robustness-v4-factorial-r1/graphs/variants/yelpchi/r60_s0/heterophily_rewire_nonoracle/0.30/seed_1/graph.bin,ok,
gfd_robustness_benchmark_v4_factorial,yelpchi,r60_s0,1,2,heterophily_rewire_nonoracle,0.3,pmp,train_clean_eval_all,0.817375654749564,0.4837272309536949,0.6854408774368053,0.402582585811615,0.3007092750012816,36,26,0.8494535554299965,roc_auc,early_stopping,45954,8051348,175.2045135498047,173.0,175.2045135498047,175.0,0.2319838851690292,0.1452974677085876,/kaggle/working/gfd-robustness-v4-factorial-r1/graphs/base/yelpchi/r60_s0/graph.bin,/kaggle/working/gfd-robustness-v4-factorial-r1/graphs/variants/yelpchi/r60_s0/heterophily_rewire_nonoracle/0.30/seed_1/graph.bin,/kaggle/working/gfd-robustness-v4-factorial-r1/graphs/base/yelpchi/r60_s0/graph.bin,ok,
gfd_robustness_benchmark_v4_factorial,yelpchi,r60_s0,1,2,heterophily_rewire_nonoracle,0.3,pmp,train_on_variant,0.832612111571155,0.499424331871926,0.6936655818303815,0.2743695378303528,24.109449868999945,42,32,0.8297367787401331,roc_auc,early_stopping,45954,8051348,175.2045135498047,173.0,175.2045135498047,175.0,0.2319838851690292,0.1452974677085876,/kaggle/working/gfd-robustness-v4-factorial-r1/graphs/base/yelpchi/r60_s0/graph.bin,/kaggle/working/gfd-robustness-v4-factorial-r1/graphs/variants/yelpchi/r60_s0/heterophily_rewire_nonoracle/0.30/seed_1/graph.bin,/kaggle/working/gfd-robustness-v4-factorial-r1/graphs/variants/yelpchi/r60_s0/heterophily_rewire_nonoracle/0.30/seed_1/graph.bin,ok,
gfd_robustness_benchmark_v4_factorial,yelpchi,r60_s0,1,2,heterophily_rewire_nonoracle,0.3,sage,train_clean_eval_all,0.7918799620717831,0.4255886387920313,0.6639445210873782,0.6172454953193665,0.121031718001177,100,100,0.7885236865757396,roc_auc,max_epochs,45954,8051348,175.2045135498047,173.0,175.2045135498047,175.0,0.2319838851690292,0.1452974677085876,/kaggle/working/gfd-robustness-v4-factorial-r1/graphs/base/yelpchi/r60_s0/graph.bin,/kaggle/working/gfd-robustness-v4-factorial-r1/graphs/variants/yelpchi/r60_s0/heterophily_rewire_nonoracle/0.30/seed_1/graph.bin,/kaggle/working/gfd-robustness-v4-factorial-r1/graphs/base/yelpchi/r60_s0/graph.bin,ok,
gfd_robustness_benchmark_v4_factorial,yelpchi,r60_s0,1,2,heterophily_rewire_nonoracle,0.3,sage,train_on_variant,0.7913726550209154,0.4334045268591364,0.666308414009239,0.709771454334259,3.229927394000697,100,97,0.7827674827217093,roc_auc,max_epochs,45954,8051348,175.2045135498047,173.0,175.2045135498047,175.0,0.2319838851690292,0.1452974677085876,/kaggle/working/gfd-robustness-v4-factorial-r1/graphs/base/yelpchi/r60_s0/graph.bin,/kaggle/working/gfd-robustness-v4-factorial-r1/graphs/variants/yelpchi/r60_s0/heterophily_rewire_nonoracle/0.30/seed_1/graph.bin,/kaggle/working/gfd-robustness-v4-factorial-r1/graphs/variants/yelpchi/r60_s0/heterophily_rewire_nonoracle/0.30/seed_1/graph.bin,ok,
gfd_robustness_benchmark_v4_factorial,yelpchi,r60_s0,1,2,heterophily_rewire_nonoracle,0.3,secgfd,train_clean_eval_all,0.8093957991603351,0.4616830946064471,0.689737281744622,0.6859545111656189,0.1820350999987567,50,50,0.8053339913268821,roc_auc,max_epochs,45954,8051348,175.2045135498047,173.0,175.2045135498047,175.0,0.2319838851690292,0.1452974677085876,/kaggle/working/gfd-robustness-v4-factorial-r1/graphs/base/yelpchi/r60_s0/graph.bin,/kaggle/working/gfd-robustness-v4-factorial-r1/graphs/variants/yelpchi/r60_s0/heterophily_rewire_nonoracle/0.30/seed_1/graph.bin,/kaggle/working/gfd-robustness-v4-factorial-r1/graphs/base/yelpchi/r60_s0/graph.bin,ok,
gfd_robustness_benchmark_v4_factorial,yelpchi,r60_s0,1,2,heterophily_rewire_nonoracle,0.3,secgfd,train_on_variant,0.822135832713392,0.4924015480849044,0.6977064504147579,0.7348884344100952,4.987934810000297,50,50,0.8158847271591605,roc_auc,max_epochs,45954,8051348,175.2045135498047,173.0,175.2045135498047,175.0,0.2319838851690292,0.1452974677085876,/kaggle/working/gfd-robustness-v4-factorial-r1/graphs/base/yelpchi/r60_s0/graph.bin,/kaggle/working/gfd-robustness-v4-factorial-r1/graphs/variants/yelpchi/r60_s0/heterophily_rewire_nonoracle/0.30/seed_1/graph.bin,/kaggle/working/gfd-robustness-v4-factorial-r1/graphs/variants/yelpchi/r60_s0/heterophily_rewire_nonoracle/0.30/seed_1/graph.bin,ok,
gfd_robustness_benchmark_v4_factorial,yelpchi,r60_s0,1,3,heterophily_rewire_nonoracle,0.3,mlp,train_clean_eval_all,0.805465110385136,0.435856309524571,0.6683207551370244,0.6890000104904175,0.0981486210002913,100,100,0.7965709953582847,roc_auc,max_epochs,45954,8051348,175.2045135498047,173.0,175.2045135498047,175.0,0.2319838851690292,0.1452974677085876,/kaggle/working/gfd-robustness-v4-factorial-r1/graphs/base/yelpchi/r60_s0/graph.bin,/kaggle/working/gfd-robustness-v4-factorial-r1/graphs/variants/yelpchi/r60_s0/heterophily_rewire_nonoracle/0.30/seed_1/graph.bin,/kaggle/working/gfd-robustness-v4-factorial-r1/graphs/base/yelpchi/r60_s0/graph.bin,ok,
gfd_robustness_benchmark_v4_factorial,yelpchi,r60_s0,1,3,heterophily_rewire_nonoracle,0.3,mlp,train_on_variant,0.805465110385136,0.435856309524571,0.6683207551370244,0.6890000104904175,1.705400801998621,100,100,0.7965709953582847,roc_auc,max_epochs,45954,8051348,175.2045135498047,173.0,175.2045135498047,175.0,0.2319838851690292,0.1452974677085876,/kaggle/working/gfd-robustness-v4-factorial-r1/graphs/base/yelpchi/r60_s0/graph.bin,/kaggle/working/gfd-robustness-v4-factorial-r1/graphs/variants/yelpchi/r60_s0/heterophily_rewire_nonoracle/0.30/seed_1/graph.bin,/kaggle/working/gfd-robustness-v4-factorial-r1/graphs/variants/yelpchi/r60_s0/heterophily_rewire_nonoracle/0.30/seed_1/graph.bin,ok,
gfd_robustness_benchmark_v4_factorial,yelpchi,r60_s0,1,3,heterophily_rewire_nonoracle,0.3,pmp,train_clean_eval_all,0.8304019506811224,0.5248027166518676,0.7123116541074033,0.311098039150238,0.3307112000002234,95,85,0.8754252760116055,roc_auc,early_stopping,45954,8051348,175.2045135498047,173.0,175.2045135498047,175.0,0.2319838851690292,0.1452974677085876,/kaggle/working/gfd-robustness-v4-factorial-r1/graphs/base/yelpchi/r60_s0/graph.bin,/kaggle/working/gfd-robustness-v4-factorial-r1/graphs/variants/yelpchi/r60_s0/heterophily_rewire_nonoracle/0.30/seed_1/graph.bin,/kaggle/working/gfd-robustness-v4-factorial-r1/graphs/base/yelpchi/r60_s0/graph.bin,ok,
gfd_robustness_benchmark_v4_factorial,yelpchi,r60_s0,1,3,heterophily_rewire_nonoracle,0.3,pmp,train_on_variant,0.8417958507628328,0.527409148453738,0.7114886013267308,0.25628861784935,34.06257504799942,59,49,0.838612396503098,roc_auc,early_stopping,45954,8051348,175.2045135498047,173.0,175.2045135498047,175.0,0.2319838851690292,0.1452974677085876,/kaggle/working/gfd-robustness-v4-factorial-r1/graphs/base/yelpchi/r60_s0/graph.bin,/kaggle/working/gfd-robustness-v4-factorial-r1/graphs/variants/yelpchi/r60_s0/heterophily_rewire_nonoracle/0.30/seed_1/graph.bin,/kaggle/working/gfd-robustness-v4-factorial-r1/graphs/variants/yelpchi/r60_s0/heterophily_rewire_nonoracle/0.30/seed_1/graph.bin,ok,
gfd_robustness_benchmark_v4_factorial,yelpchi,r60_s0,1,3,heterophily_rewire_nonoracle,0.3,sage,train_clean_eval_all,0.7919799085637279,0.4269414101546396,0.6631485682262397,0.678034782409668,0.1185117189997981,100,100,0.790009846062886,roc_auc,max_epochs,45954,8051348,175.2045135498047,173.0,175.2045135498047,175.0,0.2319838851690292,0.1452974677085876,/kaggle/working/gfd-robustness-v4-factorial-r1/graphs/base/yelpchi/r60_s0/graph.bin,/kaggle/working/gfd-robustness-v4-factorial-r1/graphs/variants/yelpchi/r60_s0/heterophily_rewire_nonoracle/0.30/seed_1/graph.bin,/kaggle/working/gfd-robustness-v4-factorial-r1/graphs/base/yelpchi/r60_s0/graph.bin,ok,
gfd_robustness_benchmark_v4_factorial,yelpchi,r60_s0,1,3,heterophily_rewire_nonoracle,0.3,sage,train_on_variant,0.7897191551215288,0.4282510045249462,0.6625950813293792,0.6444740295410156,3.421555732998968,100,100,0.7831026779860629,roc_auc,max_epochs,45954,8051348,175.2045135498047,173.0,175.2045135498047,175.0,0.2319838851690292,0.1452974677085876,/kaggle/working/gfd-robustness-v4-factorial-r1/graphs/base/yelpchi/r60_s0/graph.bin,/kaggle/working/gfd-robustness-v4-factorial-r1/graphs/variants/yelpchi/r60_s0/heterophily_rewire_nonoracle/0.30/seed_1/graph.bin,/kaggle/working/gfd-robustness-v4-factorial-r1/graphs/variants/yelpchi/r60_s0/heterophily_rewire_nonoracle/0.30/seed_1/graph.bin,ok,
gfd_robustness_benchmark_v4_factorial,yelpchi,r60_s0,1,3,heterophily_rewire_nonoracle,0.3,secgfd,train_clean_eval_all,0.7942689595351049,0.4136292268114216,0.657754082857745,0.7169128656387329,0.1633791540007223,50,50,0.7874013307681121,roc_auc,max_epochs,45954,8051348,175.2045135498047,173.0,175.2045135498047,175.0,0.2319838851690292,0.1452974677085876,/kaggle/working/gfd-robustness-v4-factorial-r1/graphs/base/yelpchi/r60_s0/graph.bin,/kaggle/working/gfd-robustness-v4-factorial-r1/graphs/variants/yelpchi/r60_s0/heterophily_rewire_nonoracle/0.30/seed_1/graph.bin,/kaggle/working/gfd-robustness-v4-factorial-r1/graphs/base/yelpchi/r60_s0/graph.bin,ok,
gfd_robustness_benchmark_v4_factorial,yelpchi,r60_s0,1,3,heterophily_rewire_nonoracle,0.3,secgfd,train_on_variant,0.8110789304791639,0.4577490664147859,0.6868771782086394,0.7482886910438538,4.976520062000418,50,50,0.8022728432235009,roc_auc,max_epochs,45954,8051348,175.2045135498047,173.0,175.2045135498047,175.0,0.2319838851690292,0.1452974677085876,/kaggle/working/gfd-robustness-v4-factorial-r1/graphs/base/yelpchi/r60_s0/graph.bin,/kaggle/working/gfd-robustness-v4-factorial-r1/graphs/variants/yelpchi/r60_s0/heterophily_rewire_nonoracle/0.30/seed_1/graph.bin,/kaggle/working/gfd-robustness-v4-factorial-r1/graphs/variants/yelpchi/r60_s0/heterophily_rewire_nonoracle/0.30/seed_1/graph.bin,ok,
gfd_robustness_benchmark_v4_factorial,yelpchi,r60_s0,1,4,heterophily_rewire_nonoracle,0.3,mlp,train_clean_eval_all,0.8049343649767674,0.4459862676711785,0.6719939992863229,0.6745531558990479,0.0983605889996397,100,100,0.7943539385443562,roc_auc,max_epochs,45954,8051348,175.2045135498047,173.0,175.2045135498047,175.0,0.2319838851690292,0.1452974677085876,/kaggle/working/gfd-robustness-v4-factorial-r1/graphs/base/yelpchi/r60_s0/graph.bin,/kaggle/working/gfd-robustness-v4-factorial-r1/graphs/variants/yelpchi/r60_s0/heterophily_rewire_nonoracle/0.30/seed_1/graph.bin,/kaggle/working/gfd-robustness-v4-factorial-r1/graphs/base/yelpchi/r60_s0/graph.bin,ok,
gfd_robustness_benchmark_v4_factorial,yelpchi,r60_s0,1,4,heterophily_rewire_nonoracle,0.3,mlp,train_on_variant,0.8049343649767674,0.4459862676711785,0.6719939992863229,0.6745531558990479,1.977478204997169,100,100,0.7943539385443562,roc_auc,max_epochs,45954,8051348,175.2045135498047,173.0,175.2045135498047,175.0,0.2319838851690292,0.1452974677085876,/kaggle/working/gfd-robustness-v4-factorial-r1/graphs/base/yelpchi/r60_s0/graph.bin,/kaggle/working/gfd-robustness-v4-factorial-r1/graphs/variants/yelpchi/r60_s0/heterophily_rewire_nonoracle/0.30/seed_1/graph.bin,/kaggle/working/gfd-robustness-v4-factorial-r1/graphs/variants/yelpchi/r60_s0/heterophily_rewire_nonoracle/0.30/seed_1/graph.bin,ok,
gfd_robustness_benchmark_v4_factorial,yelpchi,r60_s0,1,4,heterophily_rewire_nonoracle,0.3,pmp,train_clean_eval_all,0.8253476499140212,0.5141319691592398,0.7019479079025467,0.2526274025440216,0.3015946240011544,72,62,0.8613409240994905,roc_auc,early_stopping,45954,8051348,175.2045135498047,173.0,175.2045135498047,175.0,0.2319838851690292,0.1452974677085876,/kaggle/working/gfd-robustness-v4-factorial-r1/graphs/base/yelpchi/r60_s0/graph.bin,/kaggle/working/gfd-robustness-v4-factorial-r1/graphs/variants/yelpchi/r60_s0/heterophily_rewire_nonoracle/0.30/seed_1/graph.bin,/kaggle/working/gfd-robustness-v4-factorial-r1/graphs/base/yelpchi/r60_s0/graph.bin,ok,
gfd_robustness_benchmark_v4_factorial,yelpchi,r60_s0,1,4,heterophily_rewire_nonoracle,0.3,pmp,train_on_variant,0.8454218408905204,0.538125551311734,0.7130761357705322,0.2485611736774444,48.04473252000025,84,74,0.842646421444868,roc_auc,early_stopping,45954,8051348,175.2045135498047,173.0,175.2045135498047,175.0,0.2319838851690292,0.1452974677085876,/kaggle/working/gfd-robustness-v4-factorial-r1/graphs/base/yelpchi/r60_s0/graph.bin,/kaggle/working/gfd-robustness-v4-factorial-r1/graphs/variants/yelpchi/r60_s0/heterophily_rewire_nonoracle/0.30/seed_1/graph.bin,/kaggle/working/gfd-robustness-v4-factorial-r1/graphs/variants/yelpchi/r60_s0/heterophily_rewire_nonoracle/0.30/seed_1/graph.bin,ok,
gfd_robustness_benchmark_v4_factorial,yelpchi,r60_s0,1,4,heterophily_rewire_nonoracle,0.3,sage,train_clean_eval_all,0.799634628401039,0.4282822726611719,0.6643886744461035,0.652508556842804,0.1238961519993608,100,99,0.7973325990506774,roc_auc,max_epochs,45954,8051348,175.2045135498047,173.0,175.2045135498047,175.0,0.2319838851690292,0.1452974677085876,/kaggle/working/gfd-robustness-v4-factorial-r1/graphs/base/yelpchi/r60_s0/graph.bin,/kaggle/working/gfd-robustness-v4-factorial-r1/graphs/variants/yelpchi/r60_s0/heterophily_rewire_nonoracle/0.30/seed_1/graph.bin,/kaggle/working/gfd-robustness-v4-factorial-r1/graphs/base/yelpchi/r60_s0/graph.bin,ok,
gfd_robustness_benchmark_v4_factorial,yelpchi,r60_s0,1,4,heterophily_rewire_nonoracle,0.3,sage,train_on_variant,0.7887654712215081,0.4130006365669307,0.6564307590031478,0.662739098072052,3.3779223810015537,100,99,0.7805628705683777,roc_auc,max_epochs,45954,8051348,175.2045135498047,173.0,175.2045135498047,175.0,0.2319838851690292,0.1452974677085876,/kaggle/working/gfd-robustness-v4-factorial-r1/graphs/base/yelpchi/r60_s0/graph.bin,/kaggle/working/gfd-robustness-v4-factorial-r1/graphs/variants/yelpchi/r60_s0/heterophily_rewire_nonoracle/0.30/seed_1/graph.bin,/kaggle/working/gfd-robustness-v4-factorial-r1/graphs/variants/yelpchi/r60_s0/heterophily_rewire_nonoracle/0.30/seed_1/graph.bin,ok,
gfd_robustness_benchmark_v4_factorial,yelpchi,r60_s0,1,4,heterophily_rewire_nonoracle,0.3,secgfd,train_clean_eval_all,0.7933210875855214,0.410671867206966,0.6648433313747446,0.6925545334815979,0.1817685450005228,50,50,0.7887418257413752,roc_auc,max_epochs,45954,8051348,175.2045135498047,173.0,175.2045135498047,175.0,0.2319838851690292,0.1452974677085876,/kaggle/working/gfd-robustness-v4-factorial-r1/graphs/base/yelpchi/r60_s0/graph.bin,/kaggle/working/gfd-robustness-v4-factorial-r1/graphs/variants/yelpchi/r60_s0/heterophily_rewire_nonoracle/0.30/seed_1/graph.bin,/kaggle/working/gfd-robustness-v4-factorial-r1/graphs/base/yelpchi/r60_s0/graph.bin,ok,
gfd_robustness_benchmark_v4_factorial,yelpchi,r60_s0,1,4,heterophily_rewire_nonoracle,0.3,secgfd,train_on_variant,0.7994017692720465,0.4306653327015992,0.6683387204856494,0.6720837354660034,4.988277297999957,50,50,0.7933393411005181,roc_auc,max_epochs,45954,8051348,175.2045135498047,173.0,175.2045135498047,175.0,0.2319838851690292,0.1452974677085876,/kaggle/working/gfd-robustness-v4-factorial-r1/graphs/base/yelpchi/r60_s0/graph.bin,/kaggle/working/gfd-robustness-v4-factorial-r1/graphs/variants/yelpchi/r60_s0/heterophily_rewire_nonoracle/0.30/seed_1/graph.bin,/kaggle/working/gfd-robustness-v4-factorial-r1/graphs/variants/yelpchi/r60_s0/heterophily_rewire_nonoracle/0.30/seed_1/graph.bin,ok,
gfd_robustness_benchmark_v4_factorial,yelpchi,r60_s0,0,0,heterophily_rewire_oracle,0.15,mlp,train_clean_eval_all,0.7500588817273802,0.3386673790685267,0.6257580788607755,0.504684567451477,0.1053938920013024,17,7,0.7453053352310248,roc_auc,early_stopping,45954,8051348,175.2045135498047,173.0,175.2045135498047,175.0,0.3428902924060821,0.1452974677085876,/kaggle/working/gfd-robustness-v4-factorial-r1/graphs/base/yelpchi/r60_s0/graph.bin,/kaggle/working/gfd-robustness-v4-factorial-r1/graphs/variants/yelpchi/r60_s0/heterophily_rewire_oracle/0.15/seed_0/graph.bin,/kaggle/working/gfd-robustness-v4-factorial-r1/graphs/base/yelpchi/r60_s0/graph.bin,ok,
gfd_robustness_benchmark_v4_factorial,yelpchi,r60_s0,0,0,heterophily_rewire_oracle,0.15,mlp,train_on_variant,0.7500588817273802,0.3386673790685267,0.6257580788607755,0.504684567451477,0.4432192750009562,17,7,0.7453053352310248,roc_auc,early_stopping,45954,8051348,175.2045135498047,173.0,175.2045135498047,175.0,0.3428902924060821,0.1452974677085876,/kaggle/working/gfd-robustness-v4-factorial-r1/graphs/base/yelpchi/r60_s0/graph.bin,/kaggle/working/gfd-robustness-v4-factorial-r1/graphs/variants/yelpchi/r60_s0/heterophily_rewire_oracle/0.15/seed_0/graph.bin,/kaggle/working/gfd-robustness-v4-factorial-r1/graphs/variants/yelpchi/r60_s0/heterophily_rewire_oracle/0.15/seed_0/graph.bin,ok,
gfd_robustness_benchmark_v4_factorial,yelpchi,r60_s0,0,0,heterophily_rewire_oracle,0.15,pmp,train_clean_eval_all,0.7921132975901557,0.4224700869345196,0.6588938494534416,0.2222334295511245,0.3538193610002054,47,37,0.8544697072643919,roc_auc,early_stopping,45954,8051348,175.2045135498047,173.0,175.2045135498047,175.0,0.3428902924060821,0.1452974677085876,/kaggle/working/gfd-robustness-v4-factorial-r1/graphs/base/yelpchi/r60_s0/graph.bin,/kaggle/working/gfd-robustness-v4-factorial-r1/graphs/variants/yelpchi/r60_s0/heterophily_rewire_oracle/0.15/seed_0/graph.bin,/kaggle/working/gfd-robustness-v4-factorial-r1/graphs/base/yelpchi/r60_s0/graph.bin,ok,
gfd_robustness_benchmark_v4_factorial,yelpchi,r60_s0,0,0,heterophily_rewire_oracle,0.15,pmp,train_on_variant,0.8853369826030221,0.5994182009459456,0.7421333313028029,0.3856807053089142,54.03119379800046,68,58,0.8904570909533039,roc_auc,early_stopping,45954,8051348,175.2045135498047,173.0,175.2045135498047,175.0,0.3428902924060821,0.1452974677085876,/kaggle/working/gfd-robustness-v4-factorial-r1/graphs/base/yelpchi/r60_s0/graph.bin,/kaggle/working/gfd-robustness-v4-factorial-r1/graphs/variants/yelpchi/r60_s0/heterophily_rewire_oracle/0.15/seed_0/graph.bin,/kaggle/working/gfd-robustness-v4-factorial-r1/graphs/variants/yelpchi/r60_s0/heterophily_rewire_oracle/0.15/seed_0/graph.bin,ok,
gfd_robustness_benchmark_v4_factorial,yelpchi,r60_s0,0,0,heterophily_rewire_oracle,0.15,sage,train_clean_eval_all,0.7908301904337963,0.4326743111343717,0.661362329417069,0.6509830951690674,0.1347165369988943,100,100,0.7853851527093361,roc_auc,max_epochs,45954,8051348,175.2045135498047,173.0,175.2045135498047,175.0,0.3428902924060821,0.1452974677085876,/kaggle/working/gfd-robustness-v4-factorial-r1/graphs/base/yelpchi/r60_s0/graph.bin,/kaggle/working/gfd-robustness-v4-factorial-r1/graphs/variants/yelpchi/r60_s0/heterophily_rewire_oracle/0.15/seed_0/graph.bin,/kaggle/working/gfd-robustness-v4-factorial-r1/graphs/base/yelpchi/r60_s0/graph.bin,ok,
gfd_robustness_benchmark_v4_factorial,yelpchi,r60_s0,0,0,heterophily_rewire_oracle,0.15,sage,train_on_variant,0.8530624596021805,0.5312177651482916,0.7110847988588951,0.6639246344566345,3.296907252000892,100,100,0.8458716864899143,roc_auc,max_epochs,45954,8051348,175.2045135498047,173.0,175.2045135498047,175.0,0.3428902924060821,0.1452974677085876,/kaggle/working/gfd-robustness-v4-factorial-r1/graphs/base/yelpchi/r60_s0/graph.bin,/kaggle/working/gfd-robustness-v4-factorial-r1/graphs/variants/yelpchi/r60_s0/heterophily_rewire_oracle/0.15/seed_0/graph.bin,/kaggle/working/gfd-robustness-v4-factorial-r1/graphs/variants/yelpchi/r60_s0/heterophily_rewire_oracle/0.15/seed_0/graph.bin,ok,
gfd_robustness_benchmark_v4_factorial,yelpchi,r60_s0,0,0,heterophily_rewire_oracle,0.15,secgfd,train_clean_eval_all,0.6968701503561106,0.2921060503753675,0.5854810402725634,0.7366681694984436,0.1442041330010397,50,50,0.8122382508814968,roc_auc,max_epochs,45954,8051348,175.2045135498047,173.0,175.2045135498047,175.0,0.3428902924060821,0.1452974677085876,/kaggle/working/gfd-robustness-v4-factorial-r1/graphs/base/yelpchi/r60_s0/graph.bin,/kaggle/working/gfd-robustness-v4-factorial-r1/graphs/variants/yelpchi/r60_s0/heterophily_rewire_oracle/0.15/seed_0/graph.bin,/kaggle/working/gfd-robustness-v4-factorial-r1/graphs/base/yelpchi/r60_s0/graph.bin,ok,
gfd_robustness_benchmark_v4_factorial,yelpchi,r60_s0,0,0,heterophily_rewire_oracle,0.15,secgfd,train_on_variant,0.9995044597668208,0.9975460454920096,0.9868875121051336,0.8311735987663269,4.473036649000278,50,46,0.9995490360156106,roc_auc,max_epochs,45954,8051348,175.2045135498047,173.0,175.2045135498047,175.0,0.3428902924060821,0.1452974677085876,/kaggle/working/gfd-robustness-v4-factorial-r1/graphs/base/yelpchi/r60_s0/graph.bin,/kaggle/working/gfd-robustness-v4-factorial-r1/graphs/variants/yelpchi/r60_s0/heterophily_rewire_oracle/0.15/seed_0/graph.bin,/kaggle/working/gfd-robustness-v4-factorial-r1/graphs/variants/yelpchi/r60_s0/heterophily_rewire_oracle/0.15/seed_0/graph.bin,ok,
gfd_robustness_benchmark_v4_factorial,yelpchi,r60_s0,0,1,heterophily_rewire_oracle,0.15,mlp,train_clean_eval_all,0.8072627657109407,0.4418110196452536,0.668932800089991,0.6548792123794556,0.0701096969969512,100,100,0.7960902786221233,roc_auc,max_epochs,45954,8051348,175.2045135498047,173.0,175.2045135498047,175.0,0.3428902924060821,0.1452974677085876,/kaggle/working/gfd-robustness-v4-factorial-r1/graphs/base/yelpchi/r60_s0/graph.bin,/kaggle/working/gfd-robustness-v4-factorial-r1/graphs/variants/yelpchi/r60_s0/heterophily_rewire_oracle/0.15/seed_0/graph.bin,/kaggle/working/gfd-robustness-v4-factorial-r1/graphs/base/yelpchi/r60_s0/graph.bin,ok,
gfd_robustness_benchmark_v4_factorial,yelpchi,r60_s0,0,1,heterophily_rewire_oracle,0.15,mlp,train_on_variant,0.8072627657109407,0.4418110196452536,0.668932800089991,0.6548792123794556,1.5871700999996392,100,100,0.7960902786221233,roc_auc,max_epochs,45954,8051348,175.2045135498047,173.0,175.2045135498047,175.0,0.3428902924060821,0.1452974677085876,/kaggle/working/gfd-robustness-v4-factorial-r1/graphs/base/yelpchi/r60_s0/graph.bin,/kaggle/working/gfd-robustness-v4-factorial-r1/graphs/variants/yelpchi/r60_s0/heterophily_rewire_oracle/0.15/seed_0/graph.bin,/kaggle/working/gfd-robustness-v4-factorial-r1/graphs/variants/yelpchi/r60_s0/heterophily_rewire_oracle/0.15/seed_0/graph.bin,ok,
gfd_robustness_benchmark_v4_factorial,yelpchi,r60_s0,0,1,heterophily_rewire_oracle,0.15,pmp,train_clean_eval_all,0.7844278982767662,0.4091121908752589,0.6613135766424381,0.2552038431167602,0.4778360510026687,85,75,0.8577235807246035,roc_auc,early_stopping,45954,8051348,175.2045135498047,173.0,175.2045135498047,175.0,0.3428902924060821,0.1452974677085876,/kaggle/working/gfd-robustness-v4-factorial-r1/graphs/base/yelpchi/r60_s0/graph.bin,/kaggle/working/gfd-robustness-v4-factorial-r1/graphs/variants/yelpchi/r60_s0/heterophily_rewire_oracle/0.15/seed_0/graph.bin,/kaggle/working/gfd-robustness-v4-factorial-r1/graphs/base/yelpchi/r60_s0/graph.bin,ok,
gfd_robustness_benchmark_v4_factorial,yelpchi,r60_s0,0,1,heterophily_rewire_oracle,0.15,pmp,train_on_variant,0.8920062910075979,0.610539603995087,0.7593164366212988,0.2884067296981811,53.90489661599895,68,58,0.8930353290086945,roc_auc,early_stopping,45954,8051348,175.2045135498047,173.0,175.2045135498047,175.0,0.3428902924060821,0.1452974677085876,/kaggle/working/gfd-robustness-v4-factorial-r1/graphs/base/yelpchi/r60_s0/graph.bin,/kaggle/working/gfd-robustness-v4-factorial-r1/graphs/variants/yelpchi/r60_s0/heterophily_rewire_oracle/0.15/seed_0/graph.bin,/kaggle/working/gfd-robustness-v4-factorial-r1/graphs/variants/yelpchi/r60_s0/heterophily_rewire_oracle/0.15/seed_0/graph.bin,ok,
gfd_robustness_benchmark_v4_factorial,yelpchi,r60_s0,0,1,heterophily_rewire_oracle,0.15,sage,train_clean_eval_all,0.6110393139383148,0.1994369016726316,0.5482564709542308,0.2802307903766632,0.1583081310018315,23,13,0.6150002980043247,roc_auc,early_stopping,45954,8051348,175.2045135498047,173.0,175.2045135498047,175.0,0.3428902924060821,0.1452974677085876,/kaggle/working/gfd-robustness-v4-factorial-r1/graphs/base/yelpchi/r60_s0/graph.bin,/kaggle/working/gfd-robustness-v4-factorial-r1/graphs/variants/yelpchi/r60_s0/heterophily_rewire_oracle/0.15/seed_0/graph.bin,/kaggle/working/gfd-robustness-v4-factorial-r1/graphs/base/yelpchi/r60_s0/graph.bin,ok,
gfd_robustness_benchmark_v4_factorial,yelpchi,r60_s0,0,1,heterophily_rewire_oracle,0.15,sage,train_on_variant,0.7019141611126016,0.2545358345833479,0.5948883298575057,0.6246170401573181,1.0973251560008066,32,22,0.7124370793668958,roc_auc,early_stopping,45954,8051348,175.2045135498047,173.0,175.2045135498047,175.0,0.3428902924060821,0.1452974677085876,/kaggle/working/gfd-robustness-v4-factorial-r1/graphs/base/yelpchi/r60_s0/graph.bin,/kaggle/working/gfd-robustness-v4-factorial-r1/graphs/variants/yelpchi/r60_s0/heterophily_rewire_oracle/0.15/seed_0/graph.bin,/kaggle/working/gfd-robustness-v4-factorial-r1/graphs/variants/yelpchi/r60_s0/heterophily_rewire_oracle/0.15/seed_0/graph.bin,ok,
gfd_robustness_benchmark_v4_factorial,yelpchi,r60_s0,0,1,heterophily_rewire_oracle,0.15,secgfd,train_clean_eval_all,0.6379563143316219,0.2045109321081165,0.5418604427303093,0.669256865978241,0.1670344320009462,50,50,0.7873268058466064,roc_auc,max_epochs,45954,8051348,175.2045135498047,173.0,175.2045135498047,175.0,0.3428902924060821,0.1452974677085876,/kaggle/working/gfd-robustness-v4-factorial-r1/graphs/base/yelpchi/r60_s0/graph.bin,/kaggle/working/gfd-robustness-v4-factorial-r1/graphs/variants/yelpchi/r60_s0/heterophily_rewire_oracle/0.15/seed_0/graph.bin,/kaggle/working/gfd-robustness-v4-factorial-r1/graphs/base/yelpchi/r60_s0/graph.bin,ok,
gfd_robustness_benchmark_v4_factorial,yelpchi,r60_s0,0,1,heterophily_rewire_oracle,0.15,secgfd,train_on_variant,0.9996705291047232,0.9982889875757572,0.9914423898994382,0.7506639957427979,4.465367323000464,50,49,0.9996762481017124,roc_auc,max_epochs,45954,8051348,175.2045135498047,173.0,175.2045135498047,175.0,0.3428902924060821,0.1452974677085876,/kaggle/working/gfd-robustness-v4-factorial-r1/graphs/base/yelpchi/r60_s0/graph.bin,/kaggle/working/gfd-robustness-v4-factorial-r1/graphs/variants/yelpchi/r60_s0/heterophily_rewire_oracle/0.15/seed_0/graph.bin,/kaggle/working/gfd-robustness-v4-factorial-r1/graphs/variants/yelpchi/r60_s0/heterophily_rewire_oracle/0.15/seed_0/graph.bin,ok,
gfd_robustness_benchmark_v4_factorial,yelpchi,r60_s0,0,2,heterophily_rewire_oracle,0.15,mlp,train_clean_eval_all,0.8058664207989317,0.4426646605102433,0.6681705838275631,0.6908261179924011,0.1142302890002611,100,100,0.797094624717194,roc_auc,max_epochs,45954,8051348,175.2045135498047,173.0,175.2045135498047,175.0,0.3428902924060821,0.1452974677085876,/kaggle/working/gfd-robustness-v4-factorial-r1/graphs/base/yelpchi/r60_s0/graph.bin,/kaggle/working/gfd-robustness-v4-factorial-r1/graphs/variants/yelpchi/r60_s0/heterophily_rewire_oracle/0.15/seed_0/graph.bin,/kaggle/working/gfd-robustness-v4-factorial-r1/graphs/base/yelpchi/r60_s0/graph.bin,ok,
gfd_robustness_benchmark_v4_factorial,yelpchi,r60_s0,0,2,heterophily_rewire_oracle,0.15,mlp,train_on_variant,0.8058664207989317,0.4426646605102433,0.6681705838275631,0.6908261179924011,1.891392481998992,100,100,0.797094624717194,roc_auc,max_epochs,45954,8051348,175.2045135498047,173.0,175.2045135498047,175.0,0.3428902924060821,0.1452974677085876,/kaggle/working/gfd-robustness-v4-factorial-r1/graphs/base/yelpchi/r60_s0/graph.bin,/kaggle/working/gfd-robustness-v4-factorial-r1/graphs/variants/yelpchi/r60_s0/heterophily_rewire_oracle/0.15/seed_0/graph.bin,/kaggle/working/gfd-robustness-v4-factorial-r1/graphs/variants/yelpchi/r60_s0/heterophily_rewire_oracle/0.15/seed_0/graph.bin,ok,
gfd_robustness_benchmark_v4_factorial,yelpchi,r60_s0,0,2,heterophily_rewire_oracle,0.15,pmp,train_clean_eval_all,0.7762670147230997,0.3997588681627719,0.6487874975162038,0.402582585811615,0.3184608060000755,36,26,0.8494535554299965,roc_auc,early_stopping,45954,8051348,175.2045135498047,173.0,175.2045135498047,175.0,0.3428902924060821,0.1452974677085876,/kaggle/working/gfd-robustness-v4-factorial-r1/graphs/base/yelpchi/r60_s0/graph.bin,/kaggle/working/gfd-robustness-v4-factorial-r1/graphs/variants/yelpchi/r60_s0/heterophily_rewire_oracle/0.15/seed_0/graph.bin,/kaggle/working/gfd-robustness-v4-factorial-r1/graphs/base/yelpchi/r60_s0/graph.bin,ok,
gfd_robustness_benchmark_v4_factorial,yelpchi,r60_s0,0,2,heterophily_rewire_oracle,0.15,pmp,train_on_variant,0.8949178399819505,0.6264273695989353,0.7498146078944671,0.223940834403038,68.15906017499947,84,74,0.89438373897682,roc_auc,early_stopping,45954,8051348,175.2045135498047,173.0,175.2045135498047,175.0,0.3428902924060821,0.1452974677085876,/kaggle/working/gfd-robustness-v4-factorial-r1/graphs/base/yelpchi/r60_s0/graph.bin,/kaggle/working/gfd-robustness-v4-factorial-r1/graphs/variants/yelpchi/r60_s0/heterophily_rewire_oracle/0.15/seed_0/graph.bin,/kaggle/working/gfd-robustness-v4-factorial-r1/graphs/variants/yelpchi/r60_s0/heterophily_rewire_oracle/0.15/seed_0/graph.bin,ok,
gfd_robustness_benchmark_v4_factorial,yelpchi,r60_s0,0,2,heterophily_rewire_oracle,0.15,sage,train_clean_eval_all,0.7847077770375745,0.4100976023925137,0.6552599812285902,0.6172454953193665,0.1471898639974824,100,100,0.7885236865757396,roc_auc,max_epochs,45954,8051348,175.2045135498047,173.0,175.2045135498047,175.0,0.3428902924060821,0.1452974677085876,/kaggle/working/gfd-robustness-v4-factorial-r1/graphs/base/yelpchi/r60_s0/graph.bin,/kaggle/working/gfd-robustness-v4-factorial-r1/graphs/variants/yelpchi/r60_s0/heterophily_rewire_oracle/0.15/seed_0/graph.bin,/kaggle/working/gfd-robustness-v4-factorial-r1/graphs/base/yelpchi/r60_s0/graph.bin,ok,
gfd_robustness_benchmark_v4_factorial,yelpchi,r60_s0,0,2,heterophily_rewire_oracle,0.15,sage,train_on_variant,0.859932089741088,0.544574146485625,0.7198212805581727,0.7143020629882812,3.3150453489997744,100,100,0.8529927024700983,roc_auc,max_epochs,45954,8051348,175.2045135498047,173.0,175.2045135498047,175.0,0.3428902924060821,0.1452974677085876,/kaggle/working/gfd-robustness-v4-factorial-r1/graphs/base/yelpchi/r60_s0/graph.bin,/kaggle/working/gfd-robustness-v4-factorial-r1/graphs/variants/yelpchi/r60_s0/heterophily_rewire_oracle/0.15/seed_0/graph.bin,/kaggle/working/gfd-robustness-v4-factorial-r1/graphs/variants/yelpchi/r60_s0/heterophily_rewire_oracle/0.15/seed_0/graph.bin,ok,
gfd_robustness_benchmark_v4_factorial,yelpchi,r60_s0,0,2,heterophily_rewire_oracle,0.15,secgfd,train_clean_eval_all,0.6885427210751612,0.2654014806551404,0.5873110061781414,0.6859545111656189,0.1758528350001142,50,50,0.8053339913268821,roc_auc,max_epochs,45954,8051348,175.2045135498047,173.0,175.2045135498047,175.0,0.3428902924060821,0.1452974677085876,/kaggle/working/gfd-robustness-v4-factorial-r1/graphs/base/yelpchi/r60_s0/graph.bin,/kaggle/working/gfd-robustness-v4-factorial-r1/graphs/variants/yelpchi/r60_s0/heterophily_rewire_oracle/0.15/seed_0/graph.bin,/kaggle/working/gfd-robustness-v4-factorial-r1/graphs/base/yelpchi/r60_s0/graph.bin,ok,
gfd_robustness_benchmark_v4_factorial,yelpchi,r60_s0,0,2,heterophily_rewire_oracle,0.15,secgfd,train_on_variant,0.9906152244899205,0.973726225181266,0.9629772827971111,0.543873131275177,1.2885078999988764,12,2,0.9913004193516856,roc_auc,early_stopping,45954,8051348,175.2045135498047,173.0,175.2045135498047,175.0,0.3428902924060821,0.1452974677085876,/kaggle/working/gfd-robustness-v4-factorial-r1/graphs/base/yelpchi/r60_s0/graph.bin,/kaggle/working/gfd-robustness-v4-factorial-r1/graphs/variants/yelpchi/r60_s0/heterophily_rewire_oracle/0.15/seed_0/graph.bin,/kaggle/working/gfd-robustness-v4-factorial-r1/graphs/variants/yelpchi/r60_s0/heterophily_rewire_oracle/0.15/seed_0/graph.bin,ok,
gfd_robustness_benchmark_v4_factorial,yelpchi,r60_s0,0,3,heterophily_rewire_oracle,0.15,mlp,train_clean_eval_all,0.805465110385136,0.435856309524571,0.6683207551370244,0.6890000104904175,0.0932946870016167,100,100,0.7965709953582847,roc_auc,max_epochs,45954,8051348,175.2045135498047,173.0,175.2045135498047,175.0,0.3428902924060821,0.1452974677085876,/kaggle/working/gfd-robustness-v4-factorial-r1/graphs/base/yelpchi/r60_s0/graph.bin,/kaggle/working/gfd-robustness-v4-factorial-r1/graphs/variants/yelpchi/r60_s0/heterophily_rewire_oracle/0.15/seed_0/graph.bin,/kaggle/working/gfd-robustness-v4-factorial-r1/graphs/base/yelpchi/r60_s0/graph.bin,ok,
gfd_robustness_benchmark_v4_factorial,yelpchi,r60_s0,0,3,heterophily_rewire_oracle,0.15,mlp,train_on_variant,0.805465110385136,0.435856309524571,0.6683207551370244,0.6890000104904175,1.9643317419995583,100,100,0.7965709953582847,roc_auc,max_epochs,45954,8051348,175.2045135498047,173.0,175.2045135498047,175.0,0.3428902924060821,0.1452974677085876,/kaggle/working/gfd-robustness-v4-factorial-r1/graphs/base/yelpchi/r60_s0/graph.bin,/kaggle/working/gfd-robustness-v4-factorial-r1/graphs/variants/yelpchi/r60_s0/heterophily_rewire_oracle/0.15/seed_0/graph.bin,/kaggle/working/gfd-robustness-v4-factorial-r1/graphs/variants/yelpchi/r60_s0/heterophily_rewire_oracle/0.15/seed_0/graph.bin,ok,
gfd_robustness_benchmark_v4_factorial,yelpchi,r60_s0,0,3,heterophily_rewire_oracle,0.15,pmp,train_clean_eval_all,0.8007143172920961,0.4624347263472689,0.6848585335996018,0.311098039150238,0.2965764079999644,95,85,0.8754252760116055,roc_auc,early_stopping,45954,8051348,175.2045135498047,173.0,175.2045135498047,175.0,0.3428902924060821,0.1452974677085876,/kaggle/working/gfd-robustness-v4-factorial-r1/graphs/base/yelpchi/r60_s0/graph.bin,/kaggle/working/gfd-robustness-v4-factorial-r1/graphs/variants/yelpchi/r60_s0/heterophily_rewire_oracle/0.15/seed_0/graph.bin,/kaggle/working/gfd-robustness-v4-factorial-r1/graphs/base/yelpchi/r60_s0/graph.bin,ok,
gfd_robustness_benchmark_v4_factorial,yelpchi,r60_s0,0,3,heterophily_rewire_oracle,0.15,pmp,train_on_variant,0.8868988251856775,0.6205842284207743,0.7571765551653113,0.3255043625831604,60.20486387200072,75,65,0.8901703869526555,roc_auc,early_stopping,45954,8051348,175.2045135498047,173.0,175.2045135498047,175.0,0.3428902924060821,0.1452974677085876,/kaggle/working/gfd-robustness-v4-factorial-r1/graphs/base/yelpchi/r60_s0/graph.bin,/kaggle/working/gfd-robustness-v4-factorial-r1/graphs/variants/yelpchi/r60_s0/heterophily_rewire_oracle/0.15/seed_0/graph.bin,/kaggle/working/gfd-robustness-v4-factorial-r1/graphs/variants/yelpchi/r60_s0/heterophily_rewire_oracle/0.15/seed_0/graph.bin,ok,
gfd_robustness_benchmark_v4_factorial,yelpchi,r60_s0,0,3,heterophily_rewire_oracle,0.15,sage,train_clean_eval_all,0.7821608088558119,0.4058883945401152,0.6577501554210947,0.678034782409668,0.1082725079977535,100,100,0.790009846062886,roc_auc,max_epochs,45954,8051348,175.2045135498047,173.0,175.2045135498047,175.0,0.3428902924060821,0.1452974677085876,/kaggle/working/gfd-robustness-v4-factorial-r1/graphs/base/yelpchi/r60_s0/graph.bin,/kaggle/working/gfd-robustness-v4-factorial-r1/graphs/variants/yelpchi/r60_s0/heterophily_rewire_oracle/0.15/seed_0/graph.bin,/kaggle/working/gfd-robustness-v4-factorial-r1/graphs/base/yelpchi/r60_s0/graph.bin,ok,
gfd_robustness_benchmark_v4_factorial,yelpchi,r60_s0,0,3,heterophily_rewire_oracle,0.15,sage,train_on_variant,0.8581637323621596,0.5338003725555589,0.7202257435172317,0.6921155452728271,3.371797294999851,100,100,0.8515016318716817,roc_auc,max_epochs,45954,8051348,175.2045135498047,173.0,175.2045135498047,175.0,0.3428902924060821,0.1452974677085876,/kaggle/working/gfd-robustness-v4-factorial-r1/graphs/base/yelpchi/r60_s0/graph.bin,/kaggle/working/gfd-robustness-v4-factorial-r1/graphs/variants/yelpchi/r60_s0/heterophily_rewire_oracle/0.15/seed_0/graph.bin,/kaggle/working/gfd-robustness-v4-factorial-r1/graphs/variants/yelpchi/r60_s0/heterophily_rewire_oracle/0.15/seed_0/graph.bin,ok,
gfd_robustness_benchmark_v4_factorial,yelpchi,r60_s0,0,3,heterophily_rewire_oracle,0.15,secgfd,train_clean_eval_all,0.612709820938571,0.1860188640748457,0.5255177155830001,0.7169128656387329,0.1761753450009564,50,50,0.7874013307681121,roc_auc,max_epochs,45954,8051348,175.2045135498047,173.0,175.2045135498047,175.0,0.3428902924060821,0.1452974677085876,/kaggle/working/gfd-robustness-v4-factorial-r1/graphs/base/yelpchi/r60_s0/graph.bin,/kaggle/working/gfd-robustness-v4-factorial-r1/graphs/variants/yelpchi/r60_s0/heterophily_rewire_oracle/0.15/seed_0/graph.bin,/kaggle/working/gfd-robustness-v4-factorial-r1/graphs/base/yelpchi/r60_s0/graph.bin,ok,
gfd_robustness_benchmark_v4_factorial,yelpchi,r60_s0,0,3,heterophily_rewire_oracle,0.15,secgfd,train_on_variant,0.9994540577704062,0.997440257940772,0.988837090485617,0.7603223919868469,3.292505458999585,36,26,0.9995152780857156,roc_auc,early_stopping,45954,8051348,175.2045135498047,173.0,175.2045135498047,175.0,0.3428902924060821,0.1452974677085876,/kaggle/working/gfd-robustness-v4-factorial-r1/graphs/base/yelpchi/r60_s0/graph.bin,/kaggle/working/gfd-robustness-v4-factorial-r1/graphs/variants/yelpchi/r60_s0/heterophily_rewire_oracle/0.15/seed_0/graph.bin,/kaggle/working/gfd-robustness-v4-factorial-r1/graphs/variants/yelpchi/r60_s0/heterophily_rewire_oracle/0.15/seed_0/graph.bin,ok,
gfd_robustness_benchmark_v4_factorial,yelpchi,r60_s0,0,4,heterophily_rewire_oracle,0.15,mlp,train_clean_eval_all,0.8049343649767674,0.4459862676711785,0.6719939992863229,0.6745531558990479,0.0756172000001242,100,100,0.7943539385443562,roc_auc,max_epochs,45954,8051348,175.2045135498047,173.0,175.2045135498047,175.0,0.3428902924060821,0.1452974677085876,/kaggle/working/gfd-robustness-v4-factorial-r1/graphs/base/yelpchi/r60_s0/graph.bin,/kaggle/working/gfd-robustness-v4-factorial-r1/graphs/variants/yelpchi/r60_s0/heterophily_rewire_oracle/0.15/seed_0/graph.bin,/kaggle/working/gfd-robustness-v4-factorial-r1/graphs/base/yelpchi/r60_s0/graph.bin,ok,
gfd_robustness_benchmark_v4_factorial,yelpchi,r60_s0,0,4,heterophily_rewire_oracle,0.15,mlp,train_on_variant,0.8049343649767674,0.4459862676711785,0.6719939992863229,0.6745531558990479,2.0116698120000365,100,100,0.7943539385443562,roc_auc,max_epochs,45954,8051348,175.2045135498047,173.0,175.2045135498047,175.0,0.3428902924060821,0.1452974677085876,/kaggle/working/gfd-robustness-v4-factorial-r1/graphs/base/yelpchi/r60_s0/graph.bin,/kaggle/working/gfd-robustness-v4-factorial-r1/graphs/variants/yelpchi/r60_s0/heterophily_rewire_oracle/0.15/seed_0/graph.bin,/kaggle/working/gfd-robustness-v4-factorial-r1/graphs/variants/yelpchi/r60_s0/heterophily_rewire_oracle/0.15/seed_0/graph.bin,ok,
gfd_robustness_benchmark_v4_factorial,yelpchi,r60_s0,0,4,heterophily_rewire_oracle,0.15,pmp,train_clean_eval_all,0.7946363510250375,0.4554019932901951,0.6704918368424512,0.2526274025440216,0.2945325729997421,72,62,0.8613409240994905,roc_auc,early_stopping,45954,8051348,175.2045135498047,173.0,175.2045135498047,175.0,0.3428902924060821,0.1452974677085876,/kaggle/working/gfd-robustness-v4-factorial-r1/graphs/base/yelpchi/r60_s0/graph.bin,/kaggle/working/gfd-robustness-v4-factorial-r1/graphs/variants/yelpchi/r60_s0/heterophily_rewire_oracle/0.15/seed_0/graph.bin,/kaggle/working/gfd-robustness-v4-factorial-r1/graphs/base/yelpchi/r60_s0/graph.bin,ok,
gfd_robustness_benchmark_v4_factorial,yelpchi,r60_s0,0,4,heterophily_rewire_oracle,0.15,pmp,train_on_variant,0.8919328794041246,0.6083008395224255,0.7528139879877545,0.423725813627243,41.67053760499766,52,42,0.8871010377702602,roc_auc,early_stopping,45954,8051348,175.2045135498047,173.0,175.2045135498047,175.0,0.3428902924060821,0.1452974677085876,/kaggle/working/gfd-robustness-v4-factorial-r1/graphs/base/yelpchi/r60_s0/graph.bin,/kaggle/working/gfd-robustness-v4-factorial-r1/graphs/variants/yelpchi/r60_s0/heterophily_rewire_oracle/0.15/seed_0/graph.bin,/kaggle/working/gfd-robustness-v4-factorial-r1/graphs/variants/yelpchi/r60_s0/heterophily_rewire_oracle/0.15/seed_0/graph.bin,ok,
gfd_robustness_benchmark_v4_factorial,yelpchi,r60_s0,0,4,heterophily_rewire_oracle,0.15,sage,train_clean_eval_all,0.7957120382453017,0.411944900391513,0.657061457061457,0.652508556842804,0.1566351139990729,100,99,0.7973325990506774,roc_auc,max_epochs,45954,8051348,175.2045135498047,173.0,175.2045135498047,175.0,0.3428902924060821,0.1452974677085876,/kaggle/working/gfd-robustness-v4-factorial-r1/graphs/base/yelpchi/r60_s0/graph.bin,/kaggle/working/gfd-robustness-v4-factorial-r1/graphs/variants/yelpchi/r60_s0/heterophily_rewire_oracle/0.15/seed_0/graph.bin,/kaggle/working/gfd-robustness-v4-factorial-r1/graphs/base/yelpchi/r60_s0/graph.bin,ok,
gfd_robustness_benchmark_v4_factorial,yelpchi,r60_s0,0,4,heterophily_rewire_oracle,0.15,sage,train_on_variant,0.8583123182098126,0.5403624932646502,0.7159035820878088,0.7039346694946289,3.2738568920012767,100,100,0.851726589376265,roc_auc,max_epochs,45954,8051348,175.2045135498047,173.0,175.2045135498047,175.0,0.3428902924060821,0.1452974677085876,/kaggle/working/gfd-robustness-v4-factorial-r1/graphs/base/yelpchi/r60_s0/graph.bin,/kaggle/working/gfd-robustness-v4-factorial-r1/graphs/variants/yelpchi/r60_s0/heterophily_rewire_oracle/0.15/seed_0/graph.bin,/kaggle/working/gfd-robustness-v4-factorial-r1/graphs/variants/yelpchi/r60_s0/heterophily_rewire_oracle/0.15/seed_0/graph.bin,ok,
gfd_robustness_benchmark_v4_factorial,yelpchi,r60_s0,0,4,heterophily_rewire_oracle,0.15,secgfd,train_clean_eval_all,0.6562661972389233,0.2121975628667491,0.5514983584678039,0.6925545334815979,0.1881387169996742,50,50,0.7887418257413752,roc_auc,max_epochs,45954,8051348,175.2045135498047,173.0,175.2045135498047,175.0,0.3428902924060821,0.1452974677085876,/kaggle/working/gfd-robustness-v4-factorial-r1/graphs/base/yelpchi/r60_s0/graph.bin,/kaggle/working/gfd-robustness-v4-factorial-r1/graphs/variants/yelpchi/r60_s0/heterophily_rewire_oracle/0.15/seed_0/graph.bin,/kaggle/working/gfd-robustness-v4-factorial-r1/graphs/base/yelpchi/r60_s0/graph.bin,ok,
gfd_robustness_benchmark_v4_factorial,yelpchi,r60_s0,0,4,heterophily_rewire_oracle,0.15,secgfd,train_on_variant,0.9996816766162177,0.9983577652320812,0.9903180882226772,0.923868715763092,4.62184328100011,50,44,0.9997578774463176,roc_auc,max_epochs,45954,8051348,175.2045135498047,173.0,175.2045135498047,175.0,0.3428902924060821,0.1452974677085876,/kaggle/working/gfd-robustness-v4-factorial-r1/graphs/base/yelpchi/r60_s0/graph.bin,/kaggle/working/gfd-robustness-v4-factorial-r1/graphs/variants/yelpchi/r60_s0/heterophily_rewire_oracle/0.15/seed_0/graph.bin,/kaggle/working/gfd-robustness-v4-factorial-r1/graphs/variants/yelpchi/r60_s0/heterophily_rewire_oracle/0.15/seed_0/graph.bin,ok,
gfd_robustness_benchmark_v4_factorial,yelpchi,r60_s0,1,0,heterophily_rewire_oracle,0.15,mlp,train_clean_eval_all,0.7500588817273802,0.3386673790685267,0.6257580788607755,0.504684567451477,0.070601601000817,17,7,0.7453053352310248,roc_auc,early_stopping,45954,8051348,175.2045135498047,173.0,175.2045135498047,175.0,0.3429500162601471,0.1452974677085876,/kaggle/working/gfd-robustness-v4-factorial-r1/graphs/base/yelpchi/r60_s0/graph.bin,/kaggle/working/gfd-robustness-v4-factorial-r1/graphs/variants/yelpchi/r60_s0/heterophily_rewire_oracle/0.15/seed_1/graph.bin,/kaggle/working/gfd-robustness-v4-factorial-r1/graphs/base/yelpchi/r60_s0/graph.bin,ok,
gfd_robustness_benchmark_v4_factorial,yelpchi,r60_s0,1,0,heterophily_rewire_oracle,0.15,mlp,train_on_variant,0.7500588817273802,0.3386673790685267,0.6257580788607755,0.504684567451477,0.3448072069986665,17,7,0.7453053352310248,roc_auc,early_stopping,45954,8051348,175.2045135498047,173.0,175.2045135498047,175.0,0.3429500162601471,0.1452974677085876,/kaggle/working/gfd-robustness-v4-factorial-r1/graphs/base/yelpchi/r60_s0/graph.bin,/kaggle/working/gfd-robustness-v4-factorial-r1/graphs/variants/yelpchi/r60_s0/heterophily_rewire_oracle/0.15/seed_1/graph.bin,/kaggle/working/gfd-robustness-v4-factorial-r1/graphs/variants/yelpchi/r60_s0/heterophily_rewire_oracle/0.15/seed_1/graph.bin,ok,
gfd_robustness_benchmark_v4_factorial,yelpchi,r60_s0,1,0,heterophily_rewire_oracle,0.15,pmp,train_clean_eval_all,0.7927835774479555,0.4191248875926471,0.6645226756573335,0.2222334295511245,0.3484316110007057,47,37,0.8544697072643919,roc_auc,early_stopping,45954,8051348,175.2045135498047,173.0,175.2045135498047,175.0,0.3429500162601471,0.1452974677085876,/kaggle/working/gfd-robustness-v4-factorial-r1/graphs/base/yelpchi/r60_s0/graph.bin,/kaggle/working/gfd-robustness-v4-factorial-r1/graphs/variants/yelpchi/r60_s0/heterophily_rewire_oracle/0.15/seed_1/graph.bin,/kaggle/working/gfd-robustness-v4-factorial-r1/graphs/base/yelpchi/r60_s0/graph.bin,ok,
gfd_robustness_benchmark_v4_factorial,yelpchi,r60_s0,1,0,heterophily_rewire_oracle,0.15,pmp,train_on_variant,0.8898109934662244,0.6021407031785179,0.7558490282077743,0.4136047661304474,51.36591364500055,63,53,0.8889850449509723,roc_auc,early_stopping,45954,8051348,175.2045135498047,173.0,175.2045135498047,175.0,0.3429500162601471,0.1452974677085876,/kaggle/working/gfd-robustness-v4-factorial-r1/graphs/base/yelpchi/r60_s0/graph.bin,/kaggle/working/gfd-robustness-v4-factorial-r1/graphs/variants/yelpchi/r60_s0/heterophily_rewire_oracle/0.15/seed_1/graph.bin,/kaggle/working/gfd-robustness-v4-factorial-r1/graphs/variants/yelpchi/r60_s0/heterophily_rewire_oracle/0.15/seed_1/graph.bin,ok,
gfd_robustness_benchmark_v4_factorial,yelpchi,r60_s0,1,0,heterophily_rewire_oracle,0.15,sage,train_clean_eval_all,0.7908007019311682,0.431804564672526,0.6625267148715849,0.6509830951690674,0.1338320560025749,100,100,0.7853851527093361,roc_auc,max_epochs,45954,8051348,175.2045135498047,173.0,175.2045135498047,175.0,0.3429500162601471,0.1452974677085876,/kaggle/working/gfd-robustness-v4-factorial-r1/graphs/base/yelpchi/r60_s0/graph.bin,/kaggle/working/gfd-robustness-v4-factorial-r1/graphs/variants/yelpchi/r60_s0/heterophily_rewire_oracle/0.15/seed_1/graph.bin,/kaggle/working/gfd-robustness-v4-factorial-r1/graphs/base/yelpchi/r60_s0/graph.bin,ok,
gfd_robustness_benchmark_v4_factorial,yelpchi,r60_s0,1,0,heterophily_rewire_oracle,0.15,sage,train_on_variant,0.8504750936009854,0.5328234991863116,0.7162534665304183,0.6788638830184937,3.2573406329993304,100,100,0.8421730475352658,roc_auc,max_epochs,45954,8051348,175.2045135498047,173.0,175.2045135498047,175.0,0.3429500162601471,0.1452974677085876,/kaggle/working/gfd-robustness-v4-factorial-r1/graphs/base/yelpchi/r60_s0/graph.bin,/kaggle/working/gfd-robustness-v4-factorial-r1/graphs/variants/yelpchi/r60_s0/heterophily_rewire_oracle/0.15/seed_1/graph.bin,/kaggle/working/gfd-robustness-v4-factorial-r1/graphs/variants/yelpchi/r60_s0/heterophily_rewire_oracle/0.15/seed_1/graph.bin,ok,
gfd_robustness_benchmark_v4_factorial,yelpchi,r60_s0,1,0,heterophily_rewire_oracle,0.15,secgfd,train_clean_eval_all,0.6968992101082967,0.2929943721154913,0.5875542148458298,0.7366681694984436,0.148674664000282,50,50,0.8122382508814968,roc_auc,max_epochs,45954,8051348,175.2045135498047,173.0,175.2045135498047,175.0,0.3429500162601471,0.1452974677085876,/kaggle/working/gfd-robustness-v4-factorial-r1/graphs/base/yelpchi/r60_s0/graph.bin,/kaggle/working/gfd-robustness-v4-factorial-r1/graphs/variants/yelpchi/r60_s0/heterophily_rewire_oracle/0.15/seed_1/graph.bin,/kaggle/working/gfd-robustness-v4-factorial-r1/graphs/base/yelpchi/r60_s0/graph.bin,ok,
gfd_robustness_benchmark_v4_factorial,yelpchi,r60_s0,1,0,heterophily_rewire_oracle,0.15,secgfd,train_on_variant,0.9995250397880412,0.9980080364889822,0.989839813766443,0.9109276533126832,4.698230114998296,50,50,0.9997779986983172,roc_auc,max_epochs,45954,8051348,175.2045135498047,173.0,175.2045135498047,175.0,0.3429500162601471,0.1452974677085876,/kaggle/working/gfd-robustness-v4-factorial-r1/graphs/base/yelpchi/r60_s0/graph.bin,/kaggle/working/gfd-robustness-v4-factorial-r1/graphs/variants/yelpchi/r60_s0/heterophily_rewire_oracle/0.15/seed_1/graph.bin,/kaggle/working/gfd-robustness-v4-factorial-r1/graphs/variants/yelpchi/r60_s0/heterophily_rewire_oracle/0.15/seed_1/graph.bin,ok,
gfd_robustness_benchmark_v4_factorial,yelpchi,r60_s0,1,1,heterophily_rewire_oracle,0.15,mlp,train_clean_eval_all,0.8072627657109407,0.4418110196452536,0.668932800089991,0.6548792123794556,0.0979131820022303,100,100,0.7960902786221233,roc_auc,max_epochs,45954,8051348,175.2045135498047,173.0,175.2045135498047,175.0,0.3429500162601471,0.1452974677085876,/kaggle/working/gfd-robustness-v4-factorial-r1/graphs/base/yelpchi/r60_s0/graph.bin,/kaggle/working/gfd-robustness-v4-factorial-r1/graphs/variants/yelpchi/r60_s0/heterophily_rewire_oracle/0.15/seed_1/graph.bin,/kaggle/working/gfd-robustness-v4-factorial-r1/graphs/base/yelpchi/r60_s0/graph.bin,ok,
gfd_robustness_benchmark_v4_factorial,yelpchi,r60_s0,1,1,heterophily_rewire_oracle,0.15,mlp,train_on_variant,0.8072627657109407,0.4418110196452536,0.668932800089991,0.6548792123794556,1.780350623999766,100,100,0.7960902786221233,roc_auc,max_epochs,45954,8051348,175.2045135498047,173.0,175.2045135498047,175.0,0.3429500162601471,0.1452974677085876,/kaggle/working/gfd-robustness-v4-factorial-r1/graphs/base/yelpchi/r60_s0/graph.bin,/kaggle/working/gfd-robustness-v4-factorial-r1/graphs/variants/yelpchi/r60_s0/heterophily_rewire_oracle/0.15/seed_1/graph.bin,/kaggle/working/gfd-robustness-v4-factorial-r1/graphs/variants/yelpchi/r60_s0/heterophily_rewire_oracle/0.15/seed_1/graph.bin,ok,
gfd_robustness_benchmark_v4_factorial,yelpchi,r60_s0,1,1,heterophily_rewire_oracle,0.15,pmp,train_clean_eval_all,0.7887485593985146,0.414924160704585,0.6606444292824635,0.2552038431167602,0.4285208299988881,85,75,0.8577235807246035,roc_auc,early_stopping,45954,8051348,175.2045135498047,173.0,175.2045135498047,175.0,0.3429500162601471,0.1452974677085876,/kaggle/working/gfd-robustness-v4-factorial-r1/graphs/base/yelpchi/r60_s0/graph.bin,/kaggle/working/gfd-robustness-v4-factorial-r1/graphs/variants/yelpchi/r60_s0/heterophily_rewire_oracle/0.15/seed_1/graph.bin,/kaggle/working/gfd-robustness-v4-factorial-r1/graphs/base/yelpchi/r60_s0/graph.bin,ok,
gfd_robustness_benchmark_v4_factorial,yelpchi,r60_s0,1,1,heterophily_rewire_oracle,0.15,pmp,train_on_variant,0.8873064715782285,0.6040534711709811,0.746611070591131,0.239294484257698,53.75981489100013,67,57,0.8905849705690929,roc_auc,early_stopping,45954,8051348,175.2045135498047,173.0,175.2045135498047,175.0,0.3429500162601471,0.1452974677085876,/kaggle/working/gfd-robustness-v4-factorial-r1/graphs/base/yelpchi/r60_s0/graph.bin,/kaggle/working/gfd-robustness-v4-factorial-r1/graphs/variants/yelpchi/r60_s0/heterophily_rewire_oracle/0.15/seed_1/graph.bin,/kaggle/working/gfd-robustness-v4-factorial-r1/graphs/variants/yelpchi/r60_s0/heterophily_rewire_oracle/0.15/seed_1/graph.bin,ok,
gfd_robustness_benchmark_v4_factorial,yelpchi,r60_s0,1,1,heterophily_rewire_oracle,0.15,sage,train_clean_eval_all,0.60832889656024,0.1980560343167578,0.5472061260352726,0.2802307903766632,0.1221130039994022,23,13,0.6150002980043247,roc_auc,early_stopping,45954,8051348,175.2045135498047,173.0,175.2045135498047,175.0,0.3429500162601471,0.1452974677085876,/kaggle/working/gfd-robustness-v4-factorial-r1/graphs/base/yelpchi/r60_s0/graph.bin,/kaggle/working/gfd-robustness-v4-factorial-r1/graphs/variants/yelpchi/r60_s0/heterophily_rewire_oracle/0.15/seed_1/graph.bin,/kaggle/working/gfd-robustness-v4-factorial-r1/graphs/base/yelpchi/r60_s0/graph.bin,ok,
gfd_robustness_benchmark_v4_factorial,yelpchi,r60_s0,1,1,heterophily_rewire_oracle,0.15,sage,train_on_variant,0.8383001054916643,0.4800243249181106,0.6947138022247863,0.6626784801483154,3.2516456930006825,100,98,0.8317675947713353,roc_auc,max_epochs,45954,8051348,175.2045135498047,173.0,175.2045135498047,175.0,0.3429500162601471,0.1452974677085876,/kaggle/working/gfd-robustness-v4-factorial-r1/graphs/base/yelpchi/r60_s0/graph.bin,/kaggle/working/gfd-robustness-v4-factorial-r1/graphs/variants/yelpchi/r60_s0/heterophily_rewire_oracle/0.15/seed_1/graph.bin,/kaggle/working/gfd-robustness-v4-factorial-r1/graphs/variants/yelpchi/r60_s0/heterophily_rewire_oracle/0.15/seed_1/graph.bin,ok,
gfd_robustness_benchmark_v4_factorial,yelpchi,r60_s0,1,1,heterophily_rewire_oracle,0.15,secgfd,train_clean_eval_all,0.6373973666719515,0.203392867444387,0.5450321629969679,0.669256865978241,0.1628648890000477,50,50,0.7873268058466064,roc_auc,max_epochs,45954,8051348,175.2045135498047,173.0,175.2045135498047,175.0,0.3429500162601471,0.1452974677085876,/kaggle/working/gfd-robustness-v4-factorial-r1/graphs/base/yelpchi/r60_s0/graph.bin,/kaggle/working/gfd-robustness-v4-factorial-r1/graphs/variants/yelpchi/r60_s0/heterophily_rewire_oracle/0.15/seed_1/graph.bin,/kaggle/working/gfd-robustness-v4-factorial-r1/graphs/base/yelpchi/r60_s0/graph.bin,ok,
gfd_robustness_benchmark_v4_factorial,yelpchi,r60_s0,1,1,heterophily_rewire_oracle,0.15,secgfd,train_on_variant,0.9995910673561228,0.9983394042121116,0.9920982050753044,0.7557079195976257,4.580240248000337,50,49,0.9998154757221837,roc_auc,max_epochs,45954,8051348,175.2045135498047,173.0,175.2045135498047,175.0,0.3429500162601471,0.1452974677085876,/kaggle/working/gfd-robustness-v4-factorial-r1/graphs/base/yelpchi/r60_s0/graph.bin,/kaggle/working/gfd-robustness-v4-factorial-r1/graphs/variants/yelpchi/r60_s0/heterophily_rewire_oracle/0.15/seed_1/graph.bin,/kaggle/working/gfd-robustness-v4-factorial-r1/graphs/variants/yelpchi/r60_s0/heterophily_rewire_oracle/0.15/seed_1/graph.bin,ok,
gfd_robustness_benchmark_v4_factorial,yelpchi,r60_s0,1,2,heterophily_rewire_oracle,0.15,mlp,train_clean_eval_all,0.8058664207989317,0.4426646605102433,0.6681705838275631,0.6908261179924011,0.0894638989993836,100,100,0.797094624717194,roc_auc,max_epochs,45954,8051348,175.2045135498047,173.0,175.2045135498047,175.0,0.3429500162601471,0.1452974677085876,/kaggle/working/gfd-robustness-v4-factorial-r1/graphs/base/yelpchi/r60_s0/graph.bin,/kaggle/working/gfd-robustness-v4-factorial-r1/graphs/variants/yelpchi/r60_s0/heterophily_rewire_oracle/0.15/seed_1/graph.bin,/kaggle/working/gfd-robustness-v4-factorial-r1/graphs/base/yelpchi/r60_s0/graph.bin,ok,
gfd_robustness_benchmark_v4_factorial,yelpchi,r60_s0,1,2,heterophily_rewire_oracle,0.15,mlp,train_on_variant,0.8058664207989317,0.4426646605102433,0.6681705838275631,0.6908261179924011,1.949716470999192,100,100,0.797094624717194,roc_auc,max_epochs,45954,8051348,175.2045135498047,173.0,175.2045135498047,175.0,0.3429500162601471,0.1452974677085876,/kaggle/working/gfd-robustness-v4-factorial-r1/graphs/base/yelpchi/r60_s0/graph.bin,/kaggle/working/gfd-robustness-v4-factorial-r1/graphs/variants/yelpchi/r60_s0/heterophily_rewire_oracle/0.15/seed_1/graph.bin,/kaggle/working/gfd-robustness-v4-factorial-r1/graphs/variants/yelpchi/r60_s0/heterophily_rewire_oracle/0.15/seed_1/graph.bin,ok,
gfd_robustness_benchmark_v4_factorial,yelpchi,r60_s0,1,2,heterophily_rewire_oracle,0.15,pmp,train_clean_eval_all,0.7803306161353464,0.4050466198036104,0.660491707928121,0.402582585811615,0.2986386960001255,36,26,0.8494535554299965,roc_auc,early_stopping,45954,8051348,175.2045135498047,173.0,175.2045135498047,175.0,0.3429500162601471,0.1452974677085876,/kaggle/working/gfd-robustness-v4-factorial-r1/graphs/base/yelpchi/r60_s0/graph.bin,/kaggle/working/gfd-robustness-v4-factorial-r1/graphs/variants/yelpchi/r60_s0/heterophily_rewire_oracle/0.15/seed_1/graph.bin,/kaggle/working/gfd-robustness-v4-factorial-r1/graphs/base/yelpchi/r60_s0/graph.bin,ok,
gfd_robustness_benchmark_v4_factorial,yelpchi,r60_s0,1,2,heterophily_rewire_oracle,0.15,pmp,train_on_variant,0.8794029812066295,0.6005599964936433,0.7431916649473902,0.2931317389011383,45.76100447399949,55,45,0.8889862846489628,roc_auc,early_stopping,45954,8051348,175.2045135498047,173.0,175.2045135498047,175.0,0.3429500162601471,0.1452974677085876,/kaggle/working/gfd-robustness-v4-factorial-r1/graphs/base/yelpchi/r60_s0/graph.bin,/kaggle/working/gfd-robustness-v4-factorial-r1/graphs/variants/yelpchi/r60_s0/heterophily_rewire_oracle/0.15/seed_1/graph.bin,/kaggle/working/gfd-robustness-v4-factorial-r1/graphs/variants/yelpchi/r60_s0/heterophily_rewire_oracle/0.15/seed_1/graph.bin,ok,
gfd_robustness_benchmark_v4_factorial,yelpchi,r60_s0,1,2,heterophily_rewire_oracle,0.15,sage,train_clean_eval_all,0.7848067231118212,0.4101689155314824,0.6562257059335499,0.6172454953193665,0.1535354799998458,100,100,0.7885236865757396,roc_auc,max_epochs,45954,8051348,175.2045135498047,173.0,175.2045135498047,175.0,0.3429500162601471,0.1452974677085876,/kaggle/working/gfd-robustness-v4-factorial-r1/graphs/base/yelpchi/r60_s0/graph.bin,/kaggle/working/gfd-robustness-v4-factorial-r1/graphs/variants/yelpchi/r60_s0/heterophily_rewire_oracle/0.15/seed_1/graph.bin,/kaggle/working/gfd-robustness-v4-factorial-r1/graphs/base/yelpchi/r60_s0/graph.bin,ok,
gfd_robustness_benchmark_v4_factorial,yelpchi,r60_s0,1,2,heterophily_rewire_oracle,0.15,sage,train_on_variant,0.8655453858067979,0.5667043804704054,0.7267894628507237,0.6532074809074402,3.3790931070016086,100,99,0.8574546616220494,roc_auc,max_epochs,45954,8051348,175.2045135498047,173.0,175.2045135498047,175.0,0.3429500162601471,0.1452974677085876,/kaggle/working/gfd-robustness-v4-factorial-r1/graphs/base/yelpchi/r60_s0/graph.bin,/kaggle/working/gfd-robustness-v4-factorial-r1/graphs/variants/yelpchi/r60_s0/heterophily_rewire_oracle/0.15/seed_1/graph.bin,/kaggle/working/gfd-robustness-v4-factorial-r1/graphs/variants/yelpchi/r60_s0/heterophily_rewire_oracle/0.15/seed_1/graph.bin,ok,
gfd_robustness_benchmark_v4_factorial,yelpchi,r60_s0,1,2,heterophily_rewire_oracle,0.15,secgfd,train_clean_eval_all,0.6883897524452114,0.2643504703220462,0.5874872389274013,0.6859545111656189,0.1773043040011543,50,50,0.8053339913268821,roc_auc,max_epochs,45954,8051348,175.2045135498047,173.0,175.2045135498047,175.0,0.3429500162601471,0.1452974677085876,/kaggle/working/gfd-robustness-v4-factorial-r1/graphs/base/yelpchi/r60_s0/graph.bin,/kaggle/working/gfd-robustness-v4-factorial-r1/graphs/variants/yelpchi/r60_s0/heterophily_rewire_oracle/0.15/seed_1/graph.bin,/kaggle/working/gfd-robustness-v4-factorial-r1/graphs/base/yelpchi/r60_s0/graph.bin,ok,
gfd_robustness_benchmark_v4_factorial,yelpchi,r60_s0,1,2,heterophily_rewire_oracle,0.15,secgfd,train_on_variant,0.989979292306426,0.9732273378244038,0.9631002661501692,0.6395233273506165,1.4174635039998975,13,3,0.9910151457717954,roc_auc,early_stopping,45954,8051348,175.2045135498047,173.0,175.2045135498047,175.0,0.3429500162601471,0.1452974677085876,/kaggle/working/gfd-robustness-v4-factorial-r1/graphs/base/yelpchi/r60_s0/graph.bin,/kaggle/working/gfd-robustness-v4-factorial-r1/graphs/variants/yelpchi/r60_s0/heterophily_rewire_oracle/0.15/seed_1/graph.bin,/kaggle/working/gfd-robustness-v4-factorial-r1/graphs/variants/yelpchi/r60_s0/heterophily_rewire_oracle/0.15/seed_1/graph.bin,ok,
gfd_robustness_benchmark_v4_factorial,yelpchi,r60_s0,1,3,heterophily_rewire_oracle,0.15,mlp,train_clean_eval_all,0.805465110385136,0.435856309524571,0.6683207551370244,0.6890000104904175,0.115195192000101,100,100,0.7965709953582847,roc_auc,max_epochs,45954,8051348,175.2045135498047,173.0,175.2045135498047,175.0,0.3429500162601471,0.1452974677085876,/kaggle/working/gfd-robustness-v4-factorial-r1/graphs/base/yelpchi/r60_s0/graph.bin,/kaggle/working/gfd-robustness-v4-factorial-r1/graphs/variants/yelpchi/r60_s0/heterophily_rewire_oracle/0.15/seed_1/graph.bin,/kaggle/working/gfd-robustness-v4-factorial-r1/graphs/base/yelpchi/r60_s0/graph.bin,ok,
gfd_robustness_benchmark_v4_factorial,yelpchi,r60_s0,1,3,heterophily_rewire_oracle,0.15,mlp,train_on_variant,0.805465110385136,0.435856309524571,0.6683207551370244,0.6890000104904175,1.9401395470013083,100,100,0.7965709953582847,roc_auc,max_epochs,45954,8051348,175.2045135498047,173.0,175.2045135498047,175.0,0.3429500162601471,0.1452974677085876,/kaggle/working/gfd-robustness-v4-factorial-r1/graphs/base/yelpchi/r60_s0/graph.bin,/kaggle/working/gfd-robustness-v4-factorial-r1/graphs/variants/yelpchi/r60_s0/heterophily_rewire_oracle/0.15/seed_1/graph.bin,/kaggle/working/gfd-robustness-v4-factorial-r1/graphs/variants/yelpchi/r60_s0/heterophily_rewire_oracle/0.15/seed_1/graph.bin,ok,
gfd_robustness_benchmark_v4_factorial,yelpchi,r60_s0,1,3,heterophily_rewire_oracle,0.15,pmp,train_clean_eval_all,0.8029959365891435,0.4617808655131041,0.6877176382634497,0.311098039150238,0.3053539510001428,95,85,0.8754252760116055,roc_auc,early_stopping,45954,8051348,175.2045135498047,173.0,175.2045135498047,175.0,0.3429500162601471,0.1452974677085876,/kaggle/working/gfd-robustness-v4-factorial-r1/graphs/base/yelpchi/r60_s0/graph.bin,/kaggle/working/gfd-robustness-v4-factorial-r1/graphs/variants/yelpchi/r60_s0/heterophily_rewire_oracle/0.15/seed_1/graph.bin,/kaggle/working/gfd-robustness-v4-factorial-r1/graphs/base/yelpchi/r60_s0/graph.bin,ok,
gfd_robustness_benchmark_v4_factorial,yelpchi,r60_s0,1,3,heterophily_rewire_oracle,0.15,pmp,train_on_variant,0.8846538402319597,0.5817625262803799,0.7365798661816687,0.4182915985584259,38.14264031900166,47,37,0.8821673258522328,roc_auc,early_stopping,45954,8051348,175.2045135498047,173.0,175.2045135498047,175.0,0.3429500162601471,0.1452974677085876,/kaggle/working/gfd-robustness-v4-factorial-r1/graphs/base/yelpchi/r60_s0/graph.bin,/kaggle/working/gfd-robustness-v4-factorial-r1/graphs/variants/yelpchi/r60_s0/heterophily_rewire_oracle/0.15/seed_1/graph.bin,/kaggle/working/gfd-robustness-v4-factorial-r1/graphs/variants/yelpchi/r60_s0/heterophily_rewire_oracle/0.15/seed_1/graph.bin,ok,
gfd_robustness_benchmark_v4_factorial,yelpchi,r60_s0,1,3,heterophily_rewire_oracle,0.15,sage,train_clean_eval_all,0.7819758268595193,0.4052915290272755,0.6567460648531299,0.678034782409668,0.1224713060000795,100,100,0.790009846062886,roc_auc,max_epochs,45954,8051348,175.2045135498047,173.0,175.2045135498047,175.0,0.3429500162601471,0.1452974677085876,/kaggle/working/gfd-robustness-v4-factorial-r1/graphs/base/yelpchi/r60_s0/graph.bin,/kaggle/working/gfd-robustness-v4-factorial-r1/graphs/variants/yelpchi/r60_s0/heterophily_rewire_oracle/0.15/seed_1/graph.bin,/kaggle/working/gfd-robustness-v4-factorial-r1/graphs/base/yelpchi/r60_s0/graph.bin,ok,
gfd_robustness_benchmark_v4_factorial,yelpchi,r60_s0,1,3,heterophily_rewire_oracle,0.15,sage,train_on_variant,0.8612497827664427,0.5288803874042709,0.7145047596566747,0.7287189960479736,3.12173563900069,100,100,0.8549388375924112,roc_auc,max_epochs,45954,8051348,175.2045135498047,173.0,175.2045135498047,175.0,0.3429500162601471,0.1452974677085876,/kaggle/working/gfd-robustness-v4-factorial-r1/graphs/base/yelpchi/r60_s0/graph.bin,/kaggle/working/gfd-robustness-v4-factorial-r1/graphs/variants/yelpchi/r60_s0/heterophily_rewire_oracle/0.15/seed_1/graph.bin,/kaggle/working/gfd-robustness-v4-factorial-r1/graphs/variants/yelpchi/r60_s0/heterophily_rewire_oracle/0.15/seed_1/graph.bin,ok,
gfd_robustness_benchmark_v4_factorial,yelpchi,r60_s0,1,3,heterophily_rewire_oracle,0.15,secgfd,train_clean_eval_all,0.6125418460431479,0.1852271471412167,0.5262521168025971,0.7169128656387329,0.1628323530021589,50,50,0.7874013307681121,roc_auc,max_epochs,45954,8051348,175.2045135498047,173.0,175.2045135498047,175.0,0.3429500162601471,0.1452974677085876,/kaggle/working/gfd-robustness-v4-factorial-r1/graphs/base/yelpchi/r60_s0/graph.bin,/kaggle/working/gfd-robustness-v4-factorial-r1/graphs/variants/yelpchi/r60_s0/heterophily_rewire_oracle/0.15/seed_1/graph.bin,/kaggle/working/gfd-robustness-v4-factorial-r1/graphs/base/yelpchi/r60_s0/graph.bin,ok,
gfd_robustness_benchmark_v4_factorial,yelpchi,r60_s0,1,3,heterophily_rewire_oracle,0.15,secgfd,train_on_variant,0.999375739356318,0.9976240153701712,0.9894379144247386,0.8150516748428345,3.3895565009988786,36,26,0.999744336129806,roc_auc,early_stopping,45954,8051348,175.2045135498047,173.0,175.2045135498047,175.0,0.3429500162601471,0.1452974677085876,/kaggle/working/gfd-robustness-v4-factorial-r1/graphs/base/yelpchi/r60_s0/graph.bin,/kaggle/working/gfd-robustness-v4-factorial-r1/graphs/variants/yelpchi/r60_s0/heterophily_rewire_oracle/0.15/seed_1/graph.bin,/kaggle/working/gfd-robustness-v4-factorial-r1/graphs/variants/yelpchi/r60_s0/heterophily_rewire_oracle/0.15/seed_1/graph.bin,ok,
gfd_robustness_benchmark_v4_factorial,yelpchi,r60_s0,1,4,heterophily_rewire_oracle,0.15,mlp,train_clean_eval_all,0.8049343649767674,0.4459862676711785,0.6719939992863229,0.6745531558990479,0.0823826759988151,100,100,0.7943539385443562,roc_auc,max_epochs,45954,8051348,175.2045135498047,173.0,175.2045135498047,175.0,0.3429500162601471,0.1452974677085876,/kaggle/working/gfd-robustness-v4-factorial-r1/graphs/base/yelpchi/r60_s0/graph.bin,/kaggle/working/gfd-robustness-v4-factorial-r1/graphs/variants/yelpchi/r60_s0/heterophily_rewire_oracle/0.15/seed_1/graph.bin,/kaggle/working/gfd-robustness-v4-factorial-r1/graphs/base/yelpchi/r60_s0/graph.bin,ok,
gfd_robustness_benchmark_v4_factorial,yelpchi,r60_s0,1,4,heterophily_rewire_oracle,0.15,mlp,train_on_variant,0.8049343649767674,0.4459862676711785,0.6719939992863229,0.6745531558990479,1.954037323997909,100,100,0.7943539385443562,roc_auc,max_epochs,45954,8051348,175.2045135498047,173.0,175.2045135498047,175.0,0.3429500162601471,0.1452974677085876,/kaggle/working/gfd-robustness-v4-factorial-r1/graphs/base/yelpchi/r60_s0/graph.bin,/kaggle/working/gfd-robustness-v4-factorial-r1/graphs/variants/yelpchi/r60_s0/heterophily_rewire_oracle/0.15/seed_1/graph.bin,/kaggle/working/gfd-robustness-v4-factorial-r1/graphs/variants/yelpchi/r60_s0/heterophily_rewire_oracle/0.15/seed_1/graph.bin,ok,
gfd_robustness_benchmark_v4_factorial,yelpchi,r60_s0,1,4,heterophily_rewire_oracle,0.15,pmp,train_clean_eval_all,0.7959676687866629,0.4504318148088414,0.6709275970008659,0.2526274025440216,0.307375303000299,72,62,0.8613409240994905,roc_auc,early_stopping,45954,8051348,175.2045135498047,173.0,175.2045135498047,175.0,0.3429500162601471,0.1452974677085876,/kaggle/working/gfd-robustness-v4-factorial-r1/graphs/base/yelpchi/r60_s0/graph.bin,/kaggle/working/gfd-robustness-v4-factorial-r1/graphs/variants/yelpchi/r60_s0/heterophily_rewire_oracle/0.15/seed_1/graph.bin,/kaggle/working/gfd-robustness-v4-factorial-r1/graphs/base/yelpchi/r60_s0/graph.bin,ok,
gfd_robustness_benchmark_v4_factorial,yelpchi,r60_s0,1,4,heterophily_rewire_oracle,0.15,pmp,train_on_variant,0.8993669356805737,0.6414038736684748,0.7631124046855897,0.3758801519870758,79.94677158000195,100,97,0.9018394257337462,roc_auc,max_epochs,45954,8051348,175.2045135498047,173.0,175.2045135498047,175.0,0.3429500162601471,0.1452974677085876,/kaggle/working/gfd-robustness-v4-factorial-r1/graphs/base/yelpchi/r60_s0/graph.bin,/kaggle/working/gfd-robustness-v4-factorial-r1/graphs/variants/yelpchi/r60_s0/heterophily_rewire_oracle/0.15/seed_1/graph.bin,/kaggle/working/gfd-robustness-v4-factorial-r1/graphs/variants/yelpchi/r60_s0/heterophily_rewire_oracle/0.15/seed_1/graph.bin,ok,
gfd_robustness_benchmark_v4_factorial,yelpchi,r60_s0,1,4,heterophily_rewire_oracle,0.15,sage,train_clean_eval_all,0.7957495777284534,0.4127991146435139,0.6556058014331816,0.652508556842804,0.1509117530004005,100,99,0.7973325990506774,roc_auc,max_epochs,45954,8051348,175.2045135498047,173.0,175.2045135498047,175.0,0.3429500162601471,0.1452974677085876,/kaggle/working/gfd-robustness-v4-factorial-r1/graphs/base/yelpchi/r60_s0/graph.bin,/kaggle/working/gfd-robustness-v4-factorial-r1/graphs/variants/yelpchi/r60_s0/heterophily_rewire_oracle/0.15/seed_1/graph.bin,/kaggle/working/gfd-robustness-v4-factorial-r1/graphs/base/yelpchi/r60_s0/graph.bin,ok,
gfd_robustness_benchmark_v4_factorial,yelpchi,r60_s0,1,4,heterophily_rewire_oracle,0.15,sage,train_on_variant,0.8570827095808383,0.526846458392355,0.7094061807095344,0.7036988139152527,3.161727804999828,100,100,0.8510276857937762,roc_auc,max_epochs,45954,8051348,175.2045135498047,173.0,175.2045135498047,175.0,0.3429500162601471,0.1452974677085876,/kaggle/working/gfd-robustness-v4-factorial-r1/graphs/base/yelpchi/r60_s0/graph.bin,/kaggle/working/gfd-robustness-v4-factorial-r1/graphs/variants/yelpchi/r60_s0/heterophily_rewire_oracle/0.15/seed_1/graph.bin,/kaggle/working/gfd-robustness-v4-factorial-r1/graphs/variants/yelpchi/r60_s0/heterophily_rewire_oracle/0.15/seed_1/graph.bin,ok,
gfd_robustness_benchmark_v4_factorial,yelpchi,r60_s0,1,4,heterophily_rewire_oracle,0.15,secgfd,train_clean_eval_all,0.6558433540251473,0.2115081447004008,0.5528680926292124,0.6925545334815979,0.1391700280000805,50,50,0.7887418257413752,roc_auc,max_epochs,45954,8051348,175.2045135498047,173.0,175.2045135498047,175.0,0.3429500162601471,0.1452974677085876,/kaggle/working/gfd-robustness-v4-factorial-r1/graphs/base/yelpchi/r60_s0/graph.bin,/kaggle/working/gfd-robustness-v4-factorial-r1/graphs/variants/yelpchi/r60_s0/heterophily_rewire_oracle/0.15/seed_1/graph.bin,/kaggle/working/gfd-robustness-v4-factorial-r1/graphs/base/yelpchi/r60_s0/graph.bin,ok,
gfd_robustness_benchmark_v4_factorial,yelpchi,r60_s0,1,4,heterophily_rewire_oracle,0.15,secgfd,train_on_variant,0.9995585776004,0.9981989313615514,0.9907465890774544,0.8953710794448853,4.628452183998888,50,50,0.9997918260989804,roc_auc,max_epochs,45954,8051348,175.2045135498047,173.0,175.2045135498047,175.0,0.3429500162601471,0.1452974677085876,/kaggle/working/gfd-robustness-v4-factorial-r1/graphs/base/yelpchi/r60_s0/graph.bin,/kaggle/working/gfd-robustness-v4-factorial-r1/graphs/variants/yelpchi/r60_s0/heterophily_rewire_oracle/0.15/seed_1/graph.bin,/kaggle/working/gfd-robustness-v4-factorial-r1/graphs/variants/yelpchi/r60_s0/heterophily_rewire_oracle/0.15/seed_1/graph.bin,ok,
gfd_robustness_benchmark_v4_factorial,yelpchi,r60_s0,0,0,heterophily_rewire_oracle,0.3,mlp,train_clean_eval_all,0.7500588817273802,0.3386673790685267,0.6257580788607755,0.504684567451477,0.0790482910015271,17,7,0.7453053352310248,roc_auc,early_stopping,45954,8051348,175.2045135498047,149.0,175.2045135498047,175.0,0.4587487578392029,0.1452974677085876,/kaggle/working/gfd-robustness-v4-factorial-r1/graphs/base/yelpchi/r60_s0/graph.bin,/kaggle/working/gfd-robustness-v4-factorial-r1/graphs/variants/yelpchi/r60_s0/heterophily_rewire_oracle/0.30/seed_0/graph.bin,/kaggle/working/gfd-robustness-v4-factorial-r1/graphs/base/yelpchi/r60_s0/graph.bin,ok,
gfd_robustness_benchmark_v4_factorial,yelpchi,r60_s0,0,0,heterophily_rewire_oracle,0.3,mlp,train_on_variant,0.7500588817273802,0.3386673790685267,0.6257580788607755,0.504684567451477,0.4354711759988277,17,7,0.7453053352310248,roc_auc,early_stopping,45954,8051348,175.2045135498047,149.0,175.2045135498047,175.0,0.4587487578392029,0.1452974677085876,/kaggle/working/gfd-robustness-v4-factorial-r1/graphs/base/yelpchi/r60_s0/graph.bin,/kaggle/working/gfd-robustness-v4-factorial-r1/graphs/variants/yelpchi/r60_s0/heterophily_rewire_oracle/0.30/seed_0/graph.bin,/kaggle/working/gfd-robustness-v4-factorial-r1/graphs/variants/yelpchi/r60_s0/heterophily_rewire_oracle/0.30/seed_0/graph.bin,ok,
gfd_robustness_benchmark_v4_factorial,yelpchi,r60_s0,0,0,heterophily_rewire_oracle,0.3,pmp,train_clean_eval_all,0.75906973921302,0.3694590416016872,0.6408166284931115,0.2222334295511245,0.3608113800000865,47,37,0.8544697072643919,roc_auc,early_stopping,45954,8051348,175.2045135498047,149.0,175.2045135498047,175.0,0.4587487578392029,0.1452974677085876,/kaggle/working/gfd-robustness-v4-factorial-r1/graphs/base/yelpchi/r60_s0/graph.bin,/kaggle/working/gfd-robustness-v4-factorial-r1/graphs/variants/yelpchi/r60_s0/heterophily_rewire_oracle/0.30/seed_0/graph.bin,/kaggle/working/gfd-robustness-v4-factorial-r1/graphs/base/yelpchi/r60_s0/graph.bin,ok,
gfd_robustness_benchmark_v4_factorial,yelpchi,r60_s0,0,0,heterophily_rewire_oracle,0.3,pmp,train_on_variant,0.9218901491822872,0.6858848083945831,0.7820560229903635,0.295337826013565,50.88331704599841,69,59,0.9239312730506344,roc_auc,early_stopping,45954,8051348,175.2045135498047,149.0,175.2045135498047,175.0,0.4587487578392029,0.1452974677085876,/kaggle/working/gfd-robustness-v4-factorial-r1/graphs/base/yelpchi/r60_s0/graph.bin,/kaggle/working/gfd-robustness-v4-factorial-r1/graphs/variants/yelpchi/r60_s0/heterophily_rewire_oracle/0.30/seed_0/graph.bin,/kaggle/working/gfd-robustness-v4-factorial-r1/graphs/variants/yelpchi/r60_s0/heterophily_rewire_oracle/0.30/seed_0/graph.bin,ok,
gfd_robustness_benchmark_v4_factorial,yelpchi,r60_s0,0,0,heterophily_rewire_oracle,0.3,sage,train_clean_eval_all,0.788260927229045,0.4283990131921887,0.6615124121041439,0.6509830951690674,0.1408957579988055,100,100,0.7853851527093361,roc_auc,max_epochs,45954,8051348,175.2045135498047,149.0,175.2045135498047,175.0,0.4587487578392029,0.1452974677085876,/kaggle/working/gfd-robustness-v4-factorial-r1/graphs/base/yelpchi/r60_s0/graph.bin,/kaggle/working/gfd-robustness-v4-factorial-r1/graphs/variants/yelpchi/r60_s0/heterophily_rewire_oracle/0.30/seed_0/graph.bin,/kaggle/working/gfd-robustness-v4-factorial-r1/graphs/base/yelpchi/r60_s0/graph.bin,ok,
gfd_robustness_benchmark_v4_factorial,yelpchi,r60_s0,0,0,heterophily_rewire_oracle,0.3,sage,train_on_variant,0.897439368970816,0.6531112287190832,0.767158016017905,0.7004146575927734,3.441045375999238,100,100,0.8919729078308385,roc_auc,max_epochs,45954,8051348,175.2045135498047,149.0,175.2045135498047,175.0,0.4587487578392029,0.1452974677085876,/kaggle/working/gfd-robustness-v4-factorial-r1/graphs/base/yelpchi/r60_s0/graph.bin,/kaggle/working/gfd-robustness-v4-factorial-r1/graphs/variants/yelpchi/r60_s0/heterophily_rewire_oracle/0.30/seed_0/graph.bin,/kaggle/working/gfd-robustness-v4-factorial-r1/graphs/variants/yelpchi/r60_s0/heterophily_rewire_oracle/0.30/seed_0/graph.bin,ok,
gfd_robustness_benchmark_v4_factorial,yelpchi,r60_s0,0,0,heterophily_rewire_oracle,0.3,secgfd,train_clean_eval_all,0.5456957457285022,0.1644769330862261,0.5053984702193237,0.7366681694984436,0.1492350039989105,50,50,0.8122382508814968,roc_auc,max_epochs,45954,8051348,175.2045135498047,149.0,175.2045135498047,175.0,0.4587487578392029,0.1452974677085876,/kaggle/working/gfd-robustness-v4-factorial-r1/graphs/base/yelpchi/r60_s0/graph.bin,/kaggle/working/gfd-robustness-v4-factorial-r1/graphs/variants/yelpchi/r60_s0/heterophily_rewire_oracle/0.30/seed_0/graph.bin,/kaggle/working/gfd-robustness-v4-factorial-r1/graphs/base/yelpchi/r60_s0/graph.bin,ok,
gfd_robustness_benchmark_v4_factorial,yelpchi,r60_s0,0,0,heterophily_rewire_oracle,0.3,secgfd,train_on_variant,1.0,1.0,0.999561830644112,0.5748414397239685,1.292044314001032,12,2,1.0,roc_auc,early_stopping,45954,8051348,175.2045135498047,149.0,175.2045135498047,175.0,0.4587487578392029,0.1452974677085876,/kaggle/working/gfd-robustness-v4-factorial-r1/graphs/base/yelpchi/r60_s0/graph.bin,/kaggle/working/gfd-robustness-v4-factorial-r1/graphs/variants/yelpchi/r60_s0/heterophily_rewire_oracle/0.30/seed_0/graph.bin,/kaggle/working/gfd-robustness-v4-factorial-r1/graphs/variants/yelpchi/r60_s0/heterophily_rewire_oracle/0.30/seed_0/graph.bin,ok,
gfd_robustness_benchmark_v4_factorial,yelpchi,r60_s0,0,1,heterophily_rewire_oracle,0.3,mlp,train_clean_eval_all,0.8072627657109407,0.4418110196452536,0.668932800089991,0.6548792123794556,0.10591629800183,100,100,0.7960902786221233,roc_auc,max_epochs,45954,8051348,175.2045135498047,149.0,175.2045135498047,175.0,0.4587487578392029,0.1452974677085876,/kaggle/working/gfd-robustness-v4-factorial-r1/graphs/base/yelpchi/r60_s0/graph.bin,/kaggle/working/gfd-robustness-v4-factorial-r1/graphs/variants/yelpchi/r60_s0/heterophily_rewire_oracle/0.30/seed_0/graph.bin,/kaggle/working/gfd-robustness-v4-factorial-r1/graphs/base/yelpchi/r60_s0/graph.bin,ok,
gfd_robustness_benchmark_v4_factorial,yelpchi,r60_s0,0,1,heterophily_rewire_oracle,0.3,mlp,train_on_variant,0.8072627657109407,0.4418110196452536,0.668932800089991,0.6548792123794556,1.9948504640015017,100,100,0.7960902786221233,roc_auc,max_epochs,45954,8051348,175.2045135498047,149.0,175.2045135498047,175.0,0.4587487578392029,0.1452974677085876,/kaggle/working/gfd-robustness-v4-factorial-r1/graphs/base/yelpchi/r60_s0/graph.bin,/kaggle/working/gfd-robustness-v4-factorial-r1/graphs/variants/yelpchi/r60_s0/heterophily_rewire_oracle/0.30/seed_0/graph.bin,/kaggle/working/gfd-robustness-v4-factorial-r1/graphs/variants/yelpchi/r60_s0/heterophily_rewire_oracle/0.30/seed_0/graph.bin,ok,
gfd_robustness_benchmark_v4_factorial,yelpchi,r60_s0,0,1,heterophily_rewire_oracle,0.3,pmp,train_clean_eval_all,0.7532856575545447,0.3459160218509978,0.6346553200008873,0.2552038431167602,0.3725718300011067,85,75,0.8577235807246035,roc_auc,early_stopping,45954,8051348,175.2045135498047,149.0,175.2045135498047,175.0,0.4587487578392029,0.1452974677085876,/kaggle/working/gfd-robustness-v4-factorial-r1/graphs/base/yelpchi/r60_s0/graph.bin,/kaggle/working/gfd-robustness-v4-factorial-r1/graphs/variants/yelpchi/r60_s0/heterophily_rewire_oracle/0.30/seed_0/graph.bin,/kaggle/working/gfd-robustness-v4-factorial-r1/graphs/base/yelpchi/r60_s0/graph.bin,ok,
gfd_robustness_benchmark_v4_factorial,yelpchi,r60_s0,0,1,heterophily_rewire_oracle,0.3,pmp,train_on_variant,0.9236325433400002,0.681275832614066,0.7913388037534806,0.3560157418251037,51.537100833000295,73,63,0.9215233981075532,roc_auc,early_stopping,45954,8051348,175.2045135498047,149.0,175.2045135498047,175.0,0.4587487578392029,0.1452974677085876,/kaggle/working/gfd-robustness-v4-factorial-r1/graphs/base/yelpchi/r60_s0/graph.bin,/kaggle/working/gfd-robustness-v4-factorial-r1/graphs/variants/yelpchi/r60_s0/heterophily_rewire_oracle/0.30/seed_0/graph.bin,/kaggle/working/gfd-robustness-v4-factorial-r1/graphs/variants/yelpchi/r60_s0/heterophily_rewire_oracle/0.30/seed_0/graph.bin,ok,
gfd_robustness_benchmark_v4_factorial,yelpchi,r60_s0,0,1,heterophily_rewire_oracle,0.3,sage,train_clean_eval_all,0.6215521318615315,0.210065853365527,0.5581891325897507,0.2802307903766632,0.1589165330005926,23,13,0.6150002980043247,roc_auc,early_stopping,45954,8051348,175.2045135498047,149.0,175.2045135498047,175.0,0.4587487578392029,0.1452974677085876,/kaggle/working/gfd-robustness-v4-factorial-r1/graphs/base/yelpchi/r60_s0/graph.bin,/kaggle/working/gfd-robustness-v4-factorial-r1/graphs/variants/yelpchi/r60_s0/heterophily_rewire_oracle/0.30/seed_0/graph.bin,/kaggle/working/gfd-robustness-v4-factorial-r1/graphs/base/yelpchi/r60_s0/graph.bin,ok,
gfd_robustness_benchmark_v4_factorial,yelpchi,r60_s0,0,1,heterophily_rewire_oracle,0.3,sage,train_on_variant,0.8905030443186945,0.6317837200990211,0.7565439996301642,0.753114640712738,3.4018146640009945,100,100,0.8846919708098804,roc_auc,max_epochs,45954,8051348,175.2045135498047,149.0,175.2045135498047,175.0,0.4587487578392029,0.1452974677085876,/kaggle/working/gfd-robustness-v4-factorial-r1/graphs/base/yelpchi/r60_s0/graph.bin,/kaggle/working/gfd-robustness-v4-factorial-r1/graphs/variants/yelpchi/r60_s0/heterophily_rewire_oracle/0.30/seed_0/graph.bin,/kaggle/working/gfd-robustness-v4-factorial-r1/graphs/variants/yelpchi/r60_s0/heterophily_rewire_oracle/0.30/seed_0/graph.bin,ok,
gfd_robustness_benchmark_v4_factorial,yelpchi,r60_s0,0,1,heterophily_rewire_oracle,0.3,secgfd,train_clean_eval_all,0.4463816130468188,0.1206263948296772,0.4526751850705585,0.669256865978241,0.1680218540022906,50,50,0.7873268058466064,roc_auc,max_epochs,45954,8051348,175.2045135498047,149.0,175.2045135498047,175.0,0.4587487578392029,0.1452974677085876,/kaggle/working/gfd-robustness-v4-factorial-r1/graphs/base/yelpchi/r60_s0/graph.bin,/kaggle/working/gfd-robustness-v4-factorial-r1/graphs/variants/yelpchi/r60_s0/heterophily_rewire_oracle/0.30/seed_0/graph.bin,/kaggle/working/gfd-robustness-v4-factorial-r1/graphs/base/yelpchi/r60_s0/graph.bin,ok,
gfd_robustness_benchmark_v4_factorial,yelpchi,r60_s0,0,1,heterophily_rewire_oracle,0.3,secgfd,train_on_variant,0.9999988566654876,0.9999933110779962,0.9993429502235474,0.5792229771614075,1.4453960909995658,13,3,1.0,roc_auc,early_stopping,45954,8051348,175.2045135498047,149.0,175.2045135498047,175.0,0.4587487578392029,0.1452974677085876,/kaggle/working/gfd-robustness-v4-factorial-r1/graphs/base/yelpchi/r60_s0/graph.bin,/kaggle/working/gfd-robustness-v4-factorial-r1/graphs/variants/yelpchi/r60_s0/heterophily_rewire_oracle/0.30/seed_0/graph.bin,/kaggle/working/gfd-robustness-v4-factorial-r1/graphs/variants/yelpchi/r60_s0/heterophily_rewire_oracle/0.30/seed_0/graph.bin,ok,
gfd_robustness_benchmark_v4_factorial,yelpchi,r60_s0,0,2,heterophily_rewire_oracle,0.3,mlp,train_clean_eval_all,0.8058664207989317,0.4426646605102433,0.6681705838275631,0.6908261179924011,0.0888782229994831,100,100,0.797094624717194,roc_auc,max_epochs,45954,8051348,175.2045135498047,149.0,175.2045135498047,175.0,0.4587487578392029,0.1452974677085876,/kaggle/working/gfd-robustness-v4-factorial-r1/graphs/base/yelpchi/r60_s0/graph.bin,/kaggle/working/gfd-robustness-v4-factorial-r1/graphs/variants/yelpchi/r60_s0/heterophily_rewire_oracle/0.30/seed_0/graph.bin,/kaggle/working/gfd-robustness-v4-factorial-r1/graphs/base/yelpchi/r60_s0/graph.bin,ok,
gfd_robustness_benchmark_v4_factorial,yelpchi,r60_s0,0,2,heterophily_rewire_oracle,0.3,mlp,train_on_variant,0.8058664207989317,0.4426646605102433,0.6681705838275631,0.6908261179924011,1.66547781600093,100,100,0.797094624717194,roc_auc,max_epochs,45954,8051348,175.2045135498047,149.0,175.2045135498047,175.0,0.4587487578392029,0.1452974677085876,/kaggle/working/gfd-robustness-v4-factorial-r1/graphs/base/yelpchi/r60_s0/graph.bin,/kaggle/working/gfd-robustness-v4-factorial-r1/graphs/variants/yelpchi/r60_s0/heterophily_rewire_oracle/0.30/seed_0/graph.bin,/kaggle/working/gfd-robustness-v4-factorial-r1/graphs/variants/yelpchi/r60_s0/heterophily_rewire_oracle/0.30/seed_0/graph.bin,ok,
gfd_robustness_benchmark_v4_factorial,yelpchi,r60_s0,0,2,heterophily_rewire_oracle,0.3,pmp,train_clean_eval_all,0.74860846662073,0.3515447343858168,0.6372569632132754,0.402582585811615,0.3077713790007692,36,26,0.8494535554299965,roc_auc,early_stopping,45954,8051348,175.2045135498047,149.0,175.2045135498047,175.0,0.4587487578392029,0.1452974677085876,/kaggle/working/gfd-robustness-v4-factorial-r1/graphs/base/yelpchi/r60_s0/graph.bin,/kaggle/working/gfd-robustness-v4-factorial-r1/graphs/variants/yelpchi/r60_s0/heterophily_rewire_oracle/0.30/seed_0/graph.bin,/kaggle/working/gfd-robustness-v4-factorial-r1/graphs/base/yelpchi/r60_s0/graph.bin,ok,
gfd_robustness_benchmark_v4_factorial,yelpchi,r60_s0,0,2,heterophily_rewire_oracle,0.3,pmp,train_on_variant,0.92514808087491,0.711885193501855,0.8050916018581346,0.3805007338523865,62.99875629599774,100,95,0.9263996071110984,roc_auc,max_epochs,45954,8051348,175.2045135498047,149.0,175.2045135498047,175.0,0.4587487578392029,0.1452974677085876,/kaggle/working/gfd-robustness-v4-factorial-r1/graphs/base/yelpchi/r60_s0/graph.bin,/kaggle/working/gfd-robustness-v4-factorial-r1/graphs/variants/yelpchi/r60_s0/heterophily_rewire_oracle/0.30/seed_0/graph.bin,/kaggle/working/gfd-robustness-v4-factorial-r1/graphs/variants/yelpchi/r60_s0/heterophily_rewire_oracle/0.30/seed_0/graph.bin,ok,
gfd_robustness_benchmark_v4_factorial,yelpchi,r60_s0,0,2,heterophily_rewire_oracle,0.3,sage,train_clean_eval_all,0.7793182410636974,0.3991617339756206,0.6524645270251228,0.6172454953193665,0.1343626249981753,100,100,0.7885236865757396,roc_auc,max_epochs,45954,8051348,175.2045135498047,149.0,175.2045135498047,175.0,0.4587487578392029,0.1452974677085876,/kaggle/working/gfd-robustness-v4-factorial-r1/graphs/base/yelpchi/r60_s0/graph.bin,/kaggle/working/gfd-robustness-v4-factorial-r1/graphs/variants/yelpchi/r60_s0/heterophily_rewire_oracle/0.30/seed_0/graph.bin,/kaggle/working/gfd-robustness-v4-factorial-r1/graphs/base/yelpchi/r60_s0/graph.bin,ok,
gfd_robustness_benchmark_v4_factorial,yelpchi,r60_s0,0,2,heterophily_rewire_oracle,0.3,sage,train_on_variant,0.9073092994255888,0.6875352096356688,0.7793100288998038,0.7249161601066589,3.23850370099899,100,100,0.9014608410397252,roc_auc,max_epochs,45954,8051348,175.2045135498047,149.0,175.2045135498047,175.0,0.4587487578392029,0.1452974677085876,/kaggle/working/gfd-robustness-v4-factorial-r1/graphs/base/yelpchi/r60_s0/graph.bin,/kaggle/working/gfd-robustness-v4-factorial-r1/graphs/variants/yelpchi/r60_s0/heterophily_rewire_oracle/0.30/seed_0/graph.bin,/kaggle/working/gfd-robustness-v4-factorial-r1/graphs/variants/yelpchi/r60_s0/heterophily_rewire_oracle/0.30/seed_0/graph.bin,ok,
gfd_robustness_benchmark_v4_factorial,yelpchi,r60_s0,0,2,heterophily_rewire_oracle,0.3,secgfd,train_clean_eval_all,0.5301670240222204,0.1465501385053857,0.4891674541302465,0.6859545111656189,0.1740531530012958,50,50,0.8053339913268821,roc_auc,max_epochs,45954,8051348,175.2045135498047,149.0,175.2045135498047,175.0,0.4587487578392029,0.1452974677085876,/kaggle/working/gfd-robustness-v4-factorial-r1/graphs/base/yelpchi/r60_s0/graph.bin,/kaggle/working/gfd-robustness-v4-factorial-r1/graphs/variants/yelpchi/r60_s0/heterophily_rewire_oracle/0.30/seed_0/graph.bin,/kaggle/working/gfd-robustness-v4-factorial-r1/graphs/base/yelpchi/r60_s0/graph.bin,ok,
gfd_robustness_benchmark_v4_factorial,yelpchi,r60_s0,0,2,heterophily_rewire_oracle,0.3,secgfd,train_on_variant,1.0,1.0,0.999780983407849,0.5466265678405762,1.3758029970013013,12,2,1.0,roc_auc,early_stopping,45954,8051348,175.2045135498047,149.0,175.2045135498047,175.0,0.4587487578392029,0.1452974677085876,/kaggle/working/gfd-robustness-v4-factorial-r1/graphs/base/yelpchi/r60_s0/graph.bin,/kaggle/working/gfd-robustness-v4-factorial-r1/graphs/variants/yelpchi/r60_s0/heterophily_rewire_oracle/0.30/seed_0/graph.bin,/kaggle/working/gfd-robustness-v4-factorial-r1/graphs/variants/yelpchi/r60_s0/heterophily_rewire_oracle/0.30/seed_0/graph.bin,ok,
gfd_robustness_benchmark_v4_factorial,yelpchi,r60_s0,0,3,heterophily_rewire_oracle,0.3,mlp,train_clean_eval_all,0.805465110385136,0.435856309524571,0.6683207551370244,0.6890000104904175,0.0765584180007863,100,100,0.7965709953582847,roc_auc,max_epochs,45954,8051348,175.2045135498047,149.0,175.2045135498047,175.0,0.4587487578392029,0.1452974677085876,/kaggle/working/gfd-robustness-v4-factorial-r1/graphs/base/yelpchi/r60_s0/graph.bin,/kaggle/working/gfd-robustness-v4-factorial-r1/graphs/variants/yelpchi/r60_s0/heterophily_rewire_oracle/0.30/seed_0/graph.bin,/kaggle/working/gfd-robustness-v4-factorial-r1/graphs/base/yelpchi/r60_s0/graph.bin,ok,
gfd_robustness_benchmark_v4_factorial,yelpchi,r60_s0,0,3,heterophily_rewire_oracle,0.3,mlp,train_on_variant,0.805465110385136,0.435856309524571,0.6683207551370244,0.6890000104904175,1.7747217070027546,100,100,0.7965709953582847,roc_auc,max_epochs,45954,8051348,175.2045135498047,149.0,175.2045135498047,175.0,0.4587487578392029,0.1452974677085876,/kaggle/working/gfd-robustness-v4-factorial-r1/graphs/base/yelpchi/r60_s0/graph.bin,/kaggle/working/gfd-robustness-v4-factorial-r1/graphs/variants/yelpchi/r60_s0/heterophily_rewire_oracle/0.30/seed_0/graph.bin,/kaggle/working/gfd-robustness-v4-factorial-r1/graphs/variants/yelpchi/r60_s0/heterophily_rewire_oracle/0.30/seed_0/graph.bin,ok,
gfd_robustness_benchmark_v4_factorial,yelpchi,r60_s0,0,3,heterophily_rewire_oracle,0.3,pmp,train_clean_eval_all,0.7817619756667927,0.4258850116558518,0.6712854107590436,0.311098039150238,0.3005408650024037,95,85,0.8754252760116055,roc_auc,early_stopping,45954,8051348,175.2045135498047,149.0,175.2045135498047,175.0,0.4587487578392029,0.1452974677085876,/kaggle/working/gfd-robustness-v4-factorial-r1/graphs/base/yelpchi/r60_s0/graph.bin,/kaggle/working/gfd-robustness-v4-factorial-r1/graphs/variants/yelpchi/r60_s0/heterophily_rewire_oracle/0.30/seed_0/graph.bin,/kaggle/working/gfd-robustness-v4-factorial-r1/graphs/base/yelpchi/r60_s0/graph.bin,ok,
gfd_robustness_benchmark_v4_factorial,yelpchi,r60_s0,0,3,heterophily_rewire_oracle,0.3,pmp,train_on_variant,0.9254636412002878,0.7036765008813362,0.8003337395701067,0.2506050765514374,63.020631389998016,100,96,0.9261589149781742,roc_auc,max_epochs,45954,8051348,175.2045135498047,149.0,175.2045135498047,175.0,0.4587487578392029,0.1452974677085876,/kaggle/working/gfd-robustness-v4-factorial-r1/graphs/base/yelpchi/r60_s0/graph.bin,/kaggle/working/gfd-robustness-v4-factorial-r1/graphs/variants/yelpchi/r60_s0/heterophily_rewire_oracle/0.30/seed_0/graph.bin,/kaggle/working/gfd-robustness-v4-factorial-r1/graphs/variants/yelpchi/r60_s0/heterophily_rewire_oracle/0.30/seed_0/graph.bin,ok,
gfd_robustness_benchmark_v4_factorial,yelpchi,r60_s0,0,3,heterophily_rewire_oracle,0.3,sage,train_clean_eval_all,0.7743616001195166,0.3910248403577661,0.6484496669915667,0.678034782409668,0.1689562239989754,100,100,0.790009846062886,roc_auc,max_epochs,45954,8051348,175.2045135498047,149.0,175.2045135498047,175.0,0.4587487578392029,0.1452974677085876,/kaggle/working/gfd-robustness-v4-factorial-r1/graphs/base/yelpchi/r60_s0/graph.bin,/kaggle/working/gfd-robustness-v4-factorial-r1/graphs/variants/yelpchi/r60_s0/heterophily_rewire_oracle/0.30/seed_0/graph.bin,/kaggle/working/gfd-robustness-v4-factorial-r1/graphs/base/yelpchi/r60_s0/graph.bin,ok,
gfd_robustness_benchmark_v4_factorial,yelpchi,r60_s0,0,3,heterophily_rewire_oracle,0.3,sage,train_on_variant,0.909057267339049,0.6684418714293493,0.7784354416826493,0.6105471849441528,3.357946644002368,100,98,0.905362218296512,roc_auc,max_epochs,45954,8051348,175.2045135498047,149.0,175.2045135498047,175.0,0.4587487578392029,0.1452974677085876,/kaggle/working/gfd-robustness-v4-factorial-r1/graphs/base/yelpchi/r60_s0/graph.bin,/kaggle/working/gfd-robustness-v4-factorial-r1/graphs/variants/yelpchi/r60_s0/heterophily_rewire_oracle/0.30/seed_0/graph.bin,/kaggle/working/gfd-robustness-v4-factorial-r1/graphs/variants/yelpchi/r60_s0/heterophily_rewire_oracle/0.30/seed_0/graph.bin,ok,
gfd_robustness_benchmark_v4_factorial,yelpchi,r60_s0,0,3,heterophily_rewire_oracle,0.3,secgfd,train_clean_eval_all,0.4056480820182446,0.1119387271280089,0.4377486396563056,0.7169128656387329,0.1688851139988401,50,50,0.7874013307681121,roc_auc,max_epochs,45954,8051348,175.2045135498047,149.0,175.2045135498047,175.0,0.4587487578392029,0.1452974677085876,/kaggle/working/gfd-robustness-v4-factorial-r1/graphs/base/yelpchi/r60_s0/graph.bin,/kaggle/working/gfd-robustness-v4-factorial-r1/graphs/variants/yelpchi/r60_s0/heterophily_rewire_oracle/0.30/seed_0/graph.bin,/kaggle/working/gfd-robustness-v4-factorial-r1/graphs/base/yelpchi/r60_s0/graph.bin,ok,
gfd_robustness_benchmark_v4_factorial,yelpchi,r60_s0,0,3,heterophily_rewire_oracle,0.3,secgfd,train_on_variant,1.0,1.0,0.999780983407849,0.644460141658783,1.2950902550001049,12,2,1.0,roc_auc,early_stopping,45954,8051348,175.2045135498047,149.0,175.2045135498047,175.0,0.4587487578392029,0.1452974677085876,/kaggle/working/gfd-robustness-v4-factorial-r1/graphs/base/yelpchi/r60_s0/graph.bin,/kaggle/working/gfd-robustness-v4-factorial-r1/graphs/variants/yelpchi/r60_s0/heterophily_rewire_oracle/0.30/seed_0/graph.bin,/kaggle/working/gfd-robustness-v4-factorial-r1/graphs/variants/yelpchi/r60_s0/heterophily_rewire_oracle/0.30/seed_0/graph.bin,ok,
gfd_robustness_benchmark_v4_factorial,yelpchi,r60_s0,0,4,heterophily_rewire_oracle,0.3,mlp,train_clean_eval_all,0.8049343649767674,0.4459862676711785,0.6719939992863229,0.6745531558990479,0.0776827139998204,100,100,0.7943539385443562,roc_auc,max_epochs,45954,8051348,175.2045135498047,149.0,175.2045135498047,175.0,0.4587487578392029,0.1452974677085876,/kaggle/working/gfd-robustness-v4-factorial-r1/graphs/base/yelpchi/r60_s0/graph.bin,/kaggle/working/gfd-robustness-v4-factorial-r1/graphs/variants/yelpchi/r60_s0/heterophily_rewire_oracle/0.30/seed_0/graph.bin,/kaggle/working/gfd-robustness-v4-factorial-r1/graphs/base/yelpchi/r60_s0/graph.bin,ok,
gfd_robustness_benchmark_v4_factorial,yelpchi,r60_s0,0,4,heterophily_rewire_oracle,0.3,mlp,train_on_variant,0.8049343649767674,0.4459862676711785,0.6719939992863229,0.6745531558990479,1.7599275480024517,100,100,0.7943539385443562,roc_auc,max_epochs,45954,8051348,175.2045135498047,149.0,175.2045135498047,175.0,0.4587487578392029,0.1452974677085876,/kaggle/working/gfd-robustness-v4-factorial-r1/graphs/base/yelpchi/r60_s0/graph.bin,/kaggle/working/gfd-robustness-v4-factorial-r1/graphs/variants/yelpchi/r60_s0/heterophily_rewire_oracle/0.30/seed_0/graph.bin,/kaggle/working/gfd-robustness-v4-factorial-r1/graphs/variants/yelpchi/r60_s0/heterophily_rewire_oracle/0.30/seed_0/graph.bin,ok,
gfd_robustness_benchmark_v4_factorial,yelpchi,r60_s0,0,4,heterophily_rewire_oracle,0.3,pmp,train_clean_eval_all,0.7724629978840689,0.4136890773049402,0.6529029647983667,0.2526274025440216,0.3033684399997582,72,62,0.8613409240994905,roc_auc,early_stopping,45954,8051348,175.2045135498047,149.0,175.2045135498047,175.0,0.4587487578392029,0.1452974677085876,/kaggle/working/gfd-robustness-v4-factorial-r1/graphs/base/yelpchi/r60_s0/graph.bin,/kaggle/working/gfd-robustness-v4-factorial-r1/graphs/variants/yelpchi/r60_s0/heterophily_rewire_oracle/0.30/seed_0/graph.bin,/kaggle/working/gfd-robustness-v4-factorial-r1/graphs/base/yelpchi/r60_s0/graph.bin,ok,
gfd_robustness_benchmark_v4_factorial,yelpchi,r60_s0,0,4,heterophily_rewire_oracle,0.3,pmp,train_on_variant,0.9166853093710744,0.6749115178445011,0.7918999586185596,0.2903746962547302,29.55159226500109,47,37,0.9208742731674522,roc_auc,early_stopping,45954,8051348,175.2045135498047,149.0,175.2045135498047,175.0,0.4587487578392029,0.1452974677085876,/kaggle/working/gfd-robustness-v4-factorial-r1/graphs/base/yelpchi/r60_s0/graph.bin,/kaggle/working/gfd-robustness-v4-factorial-r1/graphs/variants/yelpchi/r60_s0/heterophily_rewire_oracle/0.30/seed_0/graph.bin,/kaggle/working/gfd-robustness-v4-factorial-r1/graphs/variants/yelpchi/r60_s0/heterophily_rewire_oracle/0.30/seed_0/graph.bin,ok,
gfd_robustness_benchmark_v4_factorial,yelpchi,r60_s0,0,4,heterophily_rewire_oracle,0.3,sage,train_clean_eval_all,0.7876835433003646,0.3965741556739498,0.6508183132543588,0.652508556842804,0.1076427439984399,100,99,0.7973325990506774,roc_auc,max_epochs,45954,8051348,175.2045135498047,149.0,175.2045135498047,175.0,0.4587487578392029,0.1452974677085876,/kaggle/working/gfd-robustness-v4-factorial-r1/graphs/base/yelpchi/r60_s0/graph.bin,/kaggle/working/gfd-robustness-v4-factorial-r1/graphs/variants/yelpchi/r60_s0/heterophily_rewire_oracle/0.30/seed_0/graph.bin,/kaggle/working/gfd-robustness-v4-factorial-r1/graphs/base/yelpchi/r60_s0/graph.bin,ok,
gfd_robustness_benchmark_v4_factorial,yelpchi,r60_s0,0,4,heterophily_rewire_oracle,0.3,sage,train_on_variant,0.893792322432528,0.6226701810664245,0.7604790990341248,0.7277355194091797,3.3518555740010925,100,100,0.8889304028780066,roc_auc,max_epochs,45954,8051348,175.2045135498047,149.0,175.2045135498047,175.0,0.4587487578392029,0.1452974677085876,/kaggle/working/gfd-robustness-v4-factorial-r1/graphs/base/yelpchi/r60_s0/graph.bin,/kaggle/working/gfd-robustness-v4-factorial-r1/graphs/variants/yelpchi/r60_s0/heterophily_rewire_oracle/0.30/seed_0/graph.bin,/kaggle/working/gfd-robustness-v4-factorial-r1/graphs/variants/yelpchi/r60_s0/heterophily_rewire_oracle/0.30/seed_0/graph.bin,ok,
gfd_robustness_benchmark_v4_factorial,yelpchi,r60_s0,0,4,heterophily_rewire_oracle,0.3,secgfd,train_clean_eval_all,0.4907305107199043,0.1302157062663942,0.4612469089630303,0.6925545334815979,0.1854255739999644,50,50,0.7887418257413752,roc_auc,max_epochs,45954,8051348,175.2045135498047,149.0,175.2045135498047,175.0,0.4587487578392029,0.1452974677085876,/kaggle/working/gfd-robustness-v4-factorial-r1/graphs/base/yelpchi/r60_s0/graph.bin,/kaggle/working/gfd-robustness-v4-factorial-r1/graphs/variants/yelpchi/r60_s0/heterophily_rewire_oracle/0.30/seed_0/graph.bin,/kaggle/working/gfd-robustness-v4-factorial-r1/graphs/base/yelpchi/r60_s0/graph.bin,ok,
gfd_robustness_benchmark_v4_factorial,yelpchi,r60_s0,0,4,heterophily_rewire_oracle,0.3,secgfd,train_on_variant,1.0,1.0,1.0,0.6782491207122803,1.3069320670001616,12,2,1.0,roc_auc,early_stopping,45954,8051348,175.2045135498047,149.0,175.2045135498047,175.0,0.4587487578392029,0.1452974677085876,/kaggle/working/gfd-robustness-v4-factorial-r1/graphs/base/yelpchi/r60_s0/graph.bin,/kaggle/working/gfd-robustness-v4-factorial-r1/graphs/variants/yelpchi/r60_s0/heterophily_rewire_oracle/0.30/seed_0/graph.bin,/kaggle/working/gfd-robustness-v4-factorial-r1/graphs/variants/yelpchi/r60_s0/heterophily_rewire_oracle/0.30/seed_0/graph.bin,ok,
gfd_robustness_benchmark_v4_factorial,yelpchi,r60_s0,1,0,heterophily_rewire_oracle,0.3,mlp,train_clean_eval_all,0.7500588817273802,0.3386673790685267,0.6257580788607755,0.504684567451477,0.0995763809987693,17,7,0.7453053352310248,roc_auc,early_stopping,45954,8051348,175.2045135498047,149.0,175.2045135498047,175.0,0.4587411880493164,0.1452974677085876,/kaggle/working/gfd-robustness-v4-factorial-r1/graphs/base/yelpchi/r60_s0/graph.bin,/kaggle/working/gfd-robustness-v4-factorial-r1/graphs/variants/yelpchi/r60_s0/heterophily_rewire_oracle/0.30/seed_1/graph.bin,/kaggle/working/gfd-robustness-v4-factorial-r1/graphs/base/yelpchi/r60_s0/graph.bin,ok,
gfd_robustness_benchmark_v4_factorial,yelpchi,r60_s0,1,0,heterophily_rewire_oracle,0.3,mlp,train_on_variant,0.7500588817273802,0.3386673790685267,0.6257580788607755,0.504684567451477,0.3310160479995829,17,7,0.7453053352310248,roc_auc,early_stopping,45954,8051348,175.2045135498047,149.0,175.2045135498047,175.0,0.4587411880493164,0.1452974677085876,/kaggle/working/gfd-robustness-v4-factorial-r1/graphs/base/yelpchi/r60_s0/graph.bin,/kaggle/working/gfd-robustness-v4-factorial-r1/graphs/variants/yelpchi/r60_s0/heterophily_rewire_oracle/0.30/seed_1/graph.bin,/kaggle/working/gfd-robustness-v4-factorial-r1/graphs/variants/yelpchi/r60_s0/heterophily_rewire_oracle/0.30/seed_1/graph.bin,ok,
gfd_robustness_benchmark_v4_factorial,yelpchi,r60_s0,1,0,heterophily_rewire_oracle,0.3,pmp,train_clean_eval_all,0.7603062078490677,0.36869906991438,0.6362435105638303,0.2222334295511245,0.3627081439990434,47,37,0.8544697072643919,roc_auc,early_stopping,45954,8051348,175.2045135498047,149.0,175.2045135498047,175.0,0.4587411880493164,0.1452974677085876,/kaggle/working/gfd-robustness-v4-factorial-r1/graphs/base/yelpchi/r60_s0/graph.bin,/kaggle/working/gfd-robustness-v4-factorial-r1/graphs/variants/yelpchi/r60_s0/heterophily_rewire_oracle/0.30/seed_1/graph.bin,/kaggle/working/gfd-robustness-v4-factorial-r1/graphs/base/yelpchi/r60_s0/graph.bin,ok,
gfd_robustness_benchmark_v4_factorial,yelpchi,r60_s0,1,0,heterophily_rewire_oracle,0.3,pmp,train_on_variant,0.8914717821231265,0.5975406440290127,0.7623959109115784,0.2568271458148956,21.67791994299841,34,24,0.8959007478716531,roc_auc,early_stopping,45954,8051348,175.2045135498047,149.0,175.2045135498047,175.0,0.4587411880493164,0.1452974677085876,/kaggle/working/gfd-robustness-v4-factorial-r1/graphs/base/yelpchi/r60_s0/graph.bin,/kaggle/working/gfd-robustness-v4-factorial-r1/graphs/variants/yelpchi/r60_s0/heterophily_rewire_oracle/0.30/seed_1/graph.bin,/kaggle/working/gfd-robustness-v4-factorial-r1/graphs/variants/yelpchi/r60_s0/heterophily_rewire_oracle/0.30/seed_1/graph.bin,ok,
gfd_robustness_benchmark_v4_factorial,yelpchi,r60_s0,1,0,heterophily_rewire_oracle,0.3,sage,train_clean_eval_all,0.7883566338555069,0.4290362387879172,0.6612613131882128,0.6509830951690674,0.1371500200002628,100,100,0.7853851527093361,roc_auc,max_epochs,45954,8051348,175.2045135498047,149.0,175.2045135498047,175.0,0.4587411880493164,0.1452974677085876,/kaggle/working/gfd-robustness-v4-factorial-r1/graphs/base/yelpchi/r60_s0/graph.bin,/kaggle/working/gfd-robustness-v4-factorial-r1/graphs/variants/yelpchi/r60_s0/heterophily_rewire_oracle/0.30/seed_1/graph.bin,/kaggle/working/gfd-robustness-v4-factorial-r1/graphs/base/yelpchi/r60_s0/graph.bin,ok,
gfd_robustness_benchmark_v4_factorial,yelpchi,r60_s0,1,0,heterophily_rewire_oracle,0.3,sage,train_on_variant,0.8955896442857666,0.6453634125807309,0.7679249986326355,0.6725945472717285,3.3516895690008823,100,99,0.8904684866386781,roc_auc,max_epochs,45954,8051348,175.2045135498047,149.0,175.2045135498047,175.0,0.4587411880493164,0.1452974677085876,/kaggle/working/gfd-robustness-v4-factorial-r1/graphs/base/yelpchi/r60_s0/graph.bin,/kaggle/working/gfd-robustness-v4-factorial-r1/graphs/variants/yelpchi/r60_s0/heterophily_rewire_oracle/0.30/seed_1/graph.bin,/kaggle/working/gfd-robustness-v4-factorial-r1/graphs/variants/yelpchi/r60_s0/heterophily_rewire_oracle/0.30/seed_1/graph.bin,ok,
gfd_robustness_benchmark_v4_factorial,yelpchi,r60_s0,1,0,heterophily_rewire_oracle,0.3,secgfd,train_clean_eval_all,0.5458586708964962,0.1646442629464744,0.5077716090115425,0.7366681694984436,0.1517896989971632,50,50,0.8122382508814968,roc_auc,max_epochs,45954,8051348,175.2045135498047,149.0,175.2045135498047,175.0,0.4587411880493164,0.1452974677085876,/kaggle/working/gfd-robustness-v4-factorial-r1/graphs/base/yelpchi/r60_s0/graph.bin,/kaggle/working/gfd-robustness-v4-factorial-r1/graphs/variants/yelpchi/r60_s0/heterophily_rewire_oracle/0.30/seed_1/graph.bin,/kaggle/working/gfd-robustness-v4-factorial-r1/graphs/base/yelpchi/r60_s0/graph.bin,ok,
gfd_robustness_benchmark_v4_factorial,yelpchi,r60_s0,1,0,heterophily_rewire_oracle,0.3,secgfd,train_on_variant,1.0,1.0,0.9997811194212868,0.5597116351127625,1.3443536700015102,12,2,1.0,roc_auc,early_stopping,45954,8051348,175.2045135498047,149.0,175.2045135498047,175.0,0.4587411880493164,0.1452974677085876,/kaggle/working/gfd-robustness-v4-factorial-r1/graphs/base/yelpchi/r60_s0/graph.bin,/kaggle/working/gfd-robustness-v4-factorial-r1/graphs/variants/yelpchi/r60_s0/heterophily_rewire_oracle/0.30/seed_1/graph.bin,/kaggle/working/gfd-robustness-v4-factorial-r1/graphs/variants/yelpchi/r60_s0/heterophily_rewire_oracle/0.30/seed_1/graph.bin,ok,
gfd_robustness_benchmark_v4_factorial,yelpchi,r60_s0,1,1,heterophily_rewire_oracle,0.3,mlp,train_clean_eval_all,0.8072627657109407,0.4418110196452536,0.668932800089991,0.6548792123794556,0.0789973920000193,100,100,0.7960902786221233,roc_auc,max_epochs,45954,8051348,175.2045135498047,149.0,175.2045135498047,175.0,0.4587411880493164,0.1452974677085876,/kaggle/working/gfd-robustness-v4-factorial-r1/graphs/base/yelpchi/r60_s0/graph.bin,/kaggle/working/gfd-robustness-v4-factorial-r1/graphs/variants/yelpchi/r60_s0/heterophily_rewire_oracle/0.30/seed_1/graph.bin,/kaggle/working/gfd-robustness-v4-factorial-r1/graphs/base/yelpchi/r60_s0/graph.bin,ok,
gfd_robustness_benchmark_v4_factorial,yelpchi,r60_s0,1,1,heterophily_rewire_oracle,0.3,mlp,train_on_variant,0.8072627657109407,0.4418110196452536,0.668932800089991,0.6548792123794556,1.7339960889985375,100,100,0.7960902786221233,roc_auc,max_epochs,45954,8051348,175.2045135498047,149.0,175.2045135498047,175.0,0.4587411880493164,0.1452974677085876,/kaggle/working/gfd-robustness-v4-factorial-r1/graphs/base/yelpchi/r60_s0/graph.bin,/kaggle/working/gfd-robustness-v4-factorial-r1/graphs/variants/yelpchi/r60_s0/heterophily_rewire_oracle/0.30/seed_1/graph.bin,/kaggle/working/gfd-robustness-v4-factorial-r1/graphs/variants/yelpchi/r60_s0/heterophily_rewire_oracle/0.30/seed_1/graph.bin,ok,
gfd_robustness_benchmark_v4_factorial,yelpchi,r60_s0,1,1,heterophily_rewire_oracle,0.3,pmp,train_clean_eval_all,0.7556892325328975,0.3567643201488825,0.6423148847040682,0.2552038431167602,0.3450004819969763,85,75,0.8577235807246035,roc_auc,early_stopping,45954,8051348,175.2045135498047,149.0,175.2045135498047,175.0,0.4587411880493164,0.1452974677085876,/kaggle/working/gfd-robustness-v4-factorial-r1/graphs/base/yelpchi/r60_s0/graph.bin,/kaggle/working/gfd-robustness-v4-factorial-r1/graphs/variants/yelpchi/r60_s0/heterophily_rewire_oracle/0.30/seed_1/graph.bin,/kaggle/working/gfd-robustness-v4-factorial-r1/graphs/base/yelpchi/r60_s0/graph.bin,ok,
gfd_robustness_benchmark_v4_factorial,yelpchi,r60_s0,1,1,heterophily_rewire_oracle,0.3,pmp,train_on_variant,0.9031424644346744,0.6183327743540767,0.7698475662194703,0.3729845285415649,27.24083881000115,43,33,0.9014439620747776,roc_auc,early_stopping,45954,8051348,175.2045135498047,149.0,175.2045135498047,175.0,0.4587411880493164,0.1452974677085876,/kaggle/working/gfd-robustness-v4-factorial-r1/graphs/base/yelpchi/r60_s0/graph.bin,/kaggle/working/gfd-robustness-v4-factorial-r1/graphs/variants/yelpchi/r60_s0/heterophily_rewire_oracle/0.30/seed_1/graph.bin,/kaggle/working/gfd-robustness-v4-factorial-r1/graphs/variants/yelpchi/r60_s0/heterophily_rewire_oracle/0.30/seed_1/graph.bin,ok,
gfd_robustness_benchmark_v4_factorial,yelpchi,r60_s0,1,1,heterophily_rewire_oracle,0.3,sage,train_clean_eval_all,0.6198204088259327,0.2090649862502142,0.5589169675901909,0.2802307903766632,0.1580300539972086,23,13,0.6150002980043247,roc_auc,early_stopping,45954,8051348,175.2045135498047,149.0,175.2045135498047,175.0,0.4587411880493164,0.1452974677085876,/kaggle/working/gfd-robustness-v4-factorial-r1/graphs/base/yelpchi/r60_s0/graph.bin,/kaggle/working/gfd-robustness-v4-factorial-r1/graphs/variants/yelpchi/r60_s0/heterophily_rewire_oracle/0.30/seed_1/graph.bin,/kaggle/working/gfd-robustness-v4-factorial-r1/graphs/base/yelpchi/r60_s0/graph.bin,ok,
gfd_robustness_benchmark_v4_factorial,yelpchi,r60_s0,1,1,heterophily_rewire_oracle,0.3,sage,train_on_variant,0.8889122849006671,0.6315810997531286,0.7628887344079958,0.7062853574752808,3.2744807840026624,100,100,0.8836248769242139,roc_auc,max_epochs,45954,8051348,175.2045135498047,149.0,175.2045135498047,175.0,0.4587411880493164,0.1452974677085876,/kaggle/working/gfd-robustness-v4-factorial-r1/graphs/base/yelpchi/r60_s0/graph.bin,/kaggle/working/gfd-robustness-v4-factorial-r1/graphs/variants/yelpchi/r60_s0/heterophily_rewire_oracle/0.30/seed_1/graph.bin,/kaggle/working/gfd-robustness-v4-factorial-r1/graphs/variants/yelpchi/r60_s0/heterophily_rewire_oracle/0.30/seed_1/graph.bin,ok,
gfd_robustness_benchmark_v4_factorial,yelpchi,r60_s0,1,1,heterophily_rewire_oracle,0.3,secgfd,train_clean_eval_all,0.4465118579033379,0.120737996258863,0.4546389966740576,0.669256865978241,0.1774552189999667,50,50,0.7873268058466064,roc_auc,max_epochs,45954,8051348,175.2045135498047,149.0,175.2045135498047,175.0,0.4587411880493164,0.1452974677085876,/kaggle/working/gfd-robustness-v4-factorial-r1/graphs/base/yelpchi/r60_s0/graph.bin,/kaggle/working/gfd-robustness-v4-factorial-r1/graphs/variants/yelpchi/r60_s0/heterophily_rewire_oracle/0.30/seed_1/graph.bin,/kaggle/working/gfd-robustness-v4-factorial-r1/graphs/base/yelpchi/r60_s0/graph.bin,ok,
gfd_robustness_benchmark_v4_factorial,yelpchi,r60_s0,1,1,heterophily_rewire_oracle,0.3,secgfd,train_on_variant,1.0,1.0,1.0,0.7186280488967896,1.5637617200009115,14,4,1.0,roc_auc,early_stopping,45954,8051348,175.2045135498047,149.0,175.2045135498047,175.0,0.4587411880493164,0.1452974677085876,/kaggle/working/gfd-robustness-v4-factorial-r1/graphs/base/yelpchi/r60_s0/graph.bin,/kaggle/working/gfd-robustness-v4-factorial-r1/graphs/variants/yelpchi/r60_s0/heterophily_rewire_oracle/0.30/seed_1/graph.bin,/kaggle/working/gfd-robustness-v4-factorial-r1/graphs/variants/yelpchi/r60_s0/heterophily_rewire_oracle/0.30/seed_1/graph.bin,ok,
gfd_robustness_benchmark_v4_factorial,yelpchi,r60_s0,1,2,heterophily_rewire_oracle,0.3,mlp,train_clean_eval_all,0.8058664207989317,0.4426646605102433,0.6681705838275631,0.6908261179924011,0.0758770409993303,100,100,0.797094624717194,roc_auc,max_epochs,45954,8051348,175.2045135498047,149.0,175.2045135498047,175.0,0.4587411880493164,0.1452974677085876,/kaggle/working/gfd-robustness-v4-factorial-r1/graphs/base/yelpchi/r60_s0/graph.bin,/kaggle/working/gfd-robustness-v4-factorial-r1/graphs/variants/yelpchi/r60_s0/heterophily_rewire_oracle/0.30/seed_1/graph.bin,/kaggle/working/gfd-robustness-v4-factorial-r1/graphs/base/yelpchi/r60_s0/graph.bin,ok,
gfd_robustness_benchmark_v4_factorial,yelpchi,r60_s0,1,2,heterophily_rewire_oracle,0.3,mlp,train_on_variant,0.8058664207989317,0.4426646605102433,0.6681705838275631,0.6908261179924011,2.001472080002713,100,100,0.797094624717194,roc_auc,max_epochs,45954,8051348,175.2045135498047,149.0,175.2045135498047,175.0,0.4587411880493164,0.1452974677085876,/kaggle/working/gfd-robustness-v4-factorial-r1/graphs/base/yelpchi/r60_s0/graph.bin,/kaggle/working/gfd-robustness-v4-factorial-r1/graphs/variants/yelpchi/r60_s0/heterophily_rewire_oracle/0.30/seed_1/graph.bin,/kaggle/working/gfd-robustness-v4-factorial-r1/graphs/variants/yelpchi/r60_s0/heterophily_rewire_oracle/0.30/seed_1/graph.bin,ok,
gfd_robustness_benchmark_v4_factorial,yelpchi,r60_s0,1,2,heterophily_rewire_oracle,0.3,pmp,train_clean_eval_all,0.7469604451992146,0.346143472858712,0.633494079567072,0.402582585811615,0.3145484409978962,36,26,0.8494535554299965,roc_auc,early_stopping,45954,8051348,175.2045135498047,149.0,175.2045135498047,175.0,0.4587411880493164,0.1452974677085876,/kaggle/working/gfd-robustness-v4-factorial-r1/graphs/base/yelpchi/r60_s0/graph.bin,/kaggle/working/gfd-robustness-v4-factorial-r1/graphs/variants/yelpchi/r60_s0/heterophily_rewire_oracle/0.30/seed_1/graph.bin,/kaggle/working/gfd-robustness-v4-factorial-r1/graphs/base/yelpchi/r60_s0/graph.bin,ok,
gfd_robustness_benchmark_v4_factorial,yelpchi,r60_s0,1,2,heterophily_rewire_oracle,0.3,pmp,train_on_variant,0.885850244521141,0.5839122168259705,0.7425720538942708,0.3435705900192261,18.992705221000502,30,20,0.8921567645789675,roc_auc,early_stopping,45954,8051348,175.2045135498047,149.0,175.2045135498047,175.0,0.4587411880493164,0.1452974677085876,/kaggle/working/gfd-robustness-v4-factorial-r1/graphs/base/yelpchi/r60_s0/graph.bin,/kaggle/working/gfd-robustness-v4-factorial-r1/graphs/variants/yelpchi/r60_s0/heterophily_rewire_oracle/0.30/seed_1/graph.bin,/kaggle/working/gfd-robustness-v4-factorial-r1/graphs/variants/yelpchi/r60_s0/heterophily_rewire_oracle/0.30/seed_1/graph.bin,ok,
gfd_robustness_benchmark_v4_factorial,yelpchi,r60_s0,1,2,heterophily_rewire_oracle,0.3,sage,train_clean_eval_all,0.779210386508043,0.3993277050001669,0.6532580364767707,0.6172454953193665,0.1363058089991682,100,100,0.7885236865757396,roc_auc,max_epochs,45954,8051348,175.2045135498047,149.0,175.2045135498047,175.0,0.4587411880493164,0.1452974677085876,/kaggle/working/gfd-robustness-v4-factorial-r1/graphs/base/yelpchi/r60_s0/graph.bin,/kaggle/working/gfd-robustness-v4-factorial-r1/graphs/variants/yelpchi/r60_s0/heterophily_rewire_oracle/0.30/seed_1/graph.bin,/kaggle/working/gfd-robustness-v4-factorial-r1/graphs/base/yelpchi/r60_s0/graph.bin,ok,
gfd_robustness_benchmark_v4_factorial,yelpchi,r60_s0,1,2,heterophily_rewire_oracle,0.3,sage,train_on_variant,0.9123030034635412,0.6981154913307228,0.79276324245438,0.6867180466651917,3.3924227450006583,100,99,0.90668049406733,roc_auc,max_epochs,45954,8051348,175.2045135498047,149.0,175.2045135498047,175.0,0.4587411880493164,0.1452974677085876,/kaggle/working/gfd-robustness-v4-factorial-r1/graphs/base/yelpchi/r60_s0/graph.bin,/kaggle/working/gfd-robustness-v4-factorial-r1/graphs/variants/yelpchi/r60_s0/heterophily_rewire_oracle/0.30/seed_1/graph.bin,/kaggle/working/gfd-robustness-v4-factorial-r1/graphs/variants/yelpchi/r60_s0/heterophily_rewire_oracle/0.30/seed_1/graph.bin,ok,
gfd_robustness_benchmark_v4_factorial,yelpchi,r60_s0,1,2,heterophily_rewire_oracle,0.3,secgfd,train_clean_eval_all,0.5303816850768931,0.1467498484032973,0.4865250415430027,0.6859545111656189,0.1707323179980449,50,50,0.8053339913268821,roc_auc,max_epochs,45954,8051348,175.2045135498047,149.0,175.2045135498047,175.0,0.4587411880493164,0.1452974677085876,/kaggle/working/gfd-robustness-v4-factorial-r1/graphs/base/yelpchi/r60_s0/graph.bin,/kaggle/working/gfd-robustness-v4-factorial-r1/graphs/variants/yelpchi/r60_s0/heterophily_rewire_oracle/0.30/seed_1/graph.bin,/kaggle/working/gfd-robustness-v4-factorial-r1/graphs/base/yelpchi/r60_s0/graph.bin,ok,
gfd_robustness_benchmark_v4_factorial,yelpchi,r60_s0,1,2,heterophily_rewire_oracle,0.3,secgfd,train_on_variant,1.0,1.0,0.999780983407849,0.5459654331207275,1.3358361970003898,12,2,1.0,roc_auc,early_stopping,45954,8051348,175.2045135498047,149.0,175.2045135498047,175.0,0.4587411880493164,0.1452974677085876,/kaggle/working/gfd-robustness-v4-factorial-r1/graphs/base/yelpchi/r60_s0/graph.bin,/kaggle/working/gfd-robustness-v4-factorial-r1/graphs/variants/yelpchi/r60_s0/heterophily_rewire_oracle/0.30/seed_1/graph.bin,/kaggle/working/gfd-robustness-v4-factorial-r1/graphs/variants/yelpchi/r60_s0/heterophily_rewire_oracle/0.30/seed_1/graph.bin,ok,
gfd_robustness_benchmark_v4_factorial,yelpchi,r60_s0,1,3,heterophily_rewire_oracle,0.3,mlp,train_clean_eval_all,0.805465110385136,0.435856309524571,0.6683207551370244,0.6890000104904175,0.1002250430028652,100,100,0.7965709953582847,roc_auc,max_epochs,45954,8051348,175.2045135498047,149.0,175.2045135498047,175.0,0.4587411880493164,0.1452974677085876,/kaggle/working/gfd-robustness-v4-factorial-r1/graphs/base/yelpchi/r60_s0/graph.bin,/kaggle/working/gfd-robustness-v4-factorial-r1/graphs/variants/yelpchi/r60_s0/heterophily_rewire_oracle/0.30/seed_1/graph.bin,/kaggle/working/gfd-robustness-v4-factorial-r1/graphs/base/yelpchi/r60_s0/graph.bin,ok,
gfd_robustness_benchmark_v4_factorial,yelpchi,r60_s0,1,3,heterophily_rewire_oracle,0.3,mlp,train_on_variant,0.805465110385136,0.435856309524571,0.6683207551370244,0.6890000104904175,1.9240379840011883,100,100,0.7965709953582847,roc_auc,max_epochs,45954,8051348,175.2045135498047,149.0,175.2045135498047,175.0,0.4587411880493164,0.1452974677085876,/kaggle/working/gfd-robustness-v4-factorial-r1/graphs/base/yelpchi/r60_s0/graph.bin,/kaggle/working/gfd-robustness-v4-factorial-r1/graphs/variants/yelpchi/r60_s0/heterophily_rewire_oracle/0.30/seed_1/graph.bin,/kaggle/working/gfd-robustness-v4-factorial-r1/graphs/variants/yelpchi/r60_s0/heterophily_rewire_oracle/0.30/seed_1/graph.bin,ok,
gfd_robustness_benchmark_v4_factorial,yelpchi,r60_s0,1,3,heterophily_rewire_oracle,0.3,pmp,train_clean_eval_all,0.7845814862129102,0.4238400428142221,0.6697367054861041,0.311098039150238,0.3058460440006456,95,85,0.8754252760116055,roc_auc,early_stopping,45954,8051348,175.2045135498047,149.0,175.2045135498047,175.0,0.4587411880493164,0.1452974677085876,/kaggle/working/gfd-robustness-v4-factorial-r1/graphs/base/yelpchi/r60_s0/graph.bin,/kaggle/working/gfd-robustness-v4-factorial-r1/graphs/variants/yelpchi/r60_s0/heterophily_rewire_oracle/0.30/seed_1/graph.bin,/kaggle/working/gfd-robustness-v4-factorial-r1/graphs/base/yelpchi/r60_s0/graph.bin,ok,
gfd_robustness_benchmark_v4_factorial,yelpchi,r60_s0,1,3,heterophily_rewire_oracle,0.3,pmp,train_on_variant,0.9244974282595704,0.7019046732925072,0.7961239056779152,0.2836562395095825,50.99379099200087,81,71,0.9273323368068718,roc_auc,early_stopping,45954,8051348,175.2045135498047,149.0,175.2045135498047,175.0,0.4587411880493164,0.1452974677085876,/kaggle/working/gfd-robustness-v4-factorial-r1/graphs/base/yelpchi/r60_s0/graph.bin,/kaggle/working/gfd-robustness-v4-factorial-r1/graphs/variants/yelpchi/r60_s0/heterophily_rewire_oracle/0.30/seed_1/graph.bin,/kaggle/working/gfd-robustness-v4-factorial-r1/graphs/variants/yelpchi/r60_s0/heterophily_rewire_oracle/0.30/seed_1/graph.bin,ok,
gfd_robustness_benchmark_v4_factorial,yelpchi,r60_s0,1,3,heterophily_rewire_oracle,0.3,sage,train_clean_eval_all,0.7742624158505799,0.3906421515962746,0.650273547399528,0.678034782409668,0.1110385899992252,100,100,0.790009846062886,roc_auc,max_epochs,45954,8051348,175.2045135498047,149.0,175.2045135498047,175.0,0.4587411880493164,0.1452974677085876,/kaggle/working/gfd-robustness-v4-factorial-r1/graphs/base/yelpchi/r60_s0/graph.bin,/kaggle/working/gfd-robustness-v4-factorial-r1/graphs/variants/yelpchi/r60_s0/heterophily_rewire_oracle/0.30/seed_1/graph.bin,/kaggle/working/gfd-robustness-v4-factorial-r1/graphs/base/yelpchi/r60_s0/graph.bin,ok,
gfd_robustness_benchmark_v4_factorial,yelpchi,r60_s0,1,3,heterophily_rewire_oracle,0.3,sage,train_on_variant,0.9140412530336476,0.6797366306079808,0.7832120990467113,0.6381101012229919,3.2625438359973487,100,97,0.9109349945286406,roc_auc,max_epochs,45954,8051348,175.2045135498047,149.0,175.2045135498047,175.0,0.4587411880493164,0.1452974677085876,/kaggle/working/gfd-robustness-v4-factorial-r1/graphs/base/yelpchi/r60_s0/graph.bin,/kaggle/working/gfd-robustness-v4-factorial-r1/graphs/variants/yelpchi/r60_s0/heterophily_rewire_oracle/0.30/seed_1/graph.bin,/kaggle/working/gfd-robustness-v4-factorial-r1/graphs/variants/yelpchi/r60_s0/heterophily_rewire_oracle/0.30/seed_1/graph.bin,ok,
gfd_robustness_benchmark_v4_factorial,yelpchi,r60_s0,1,3,heterophily_rewire_oracle,0.3,secgfd,train_clean_eval_all,0.4059685967931754,0.1120297639979476,0.4378882646835152,0.7169128656387329,0.163162420001754,50,50,0.7874013307681121,roc_auc,max_epochs,45954,8051348,175.2045135498047,149.0,175.2045135498047,175.0,0.4587411880493164,0.1452974677085876,/kaggle/working/gfd-robustness-v4-factorial-r1/graphs/base/yelpchi/r60_s0/graph.bin,/kaggle/working/gfd-robustness-v4-factorial-r1/graphs/variants/yelpchi/r60_s0/heterophily_rewire_oracle/0.30/seed_1/graph.bin,/kaggle/working/gfd-robustness-v4-factorial-r1/graphs/base/yelpchi/r60_s0/graph.bin,ok,
gfd_robustness_benchmark_v4_factorial,yelpchi,r60_s0,1,3,heterophily_rewire_oracle,0.3,secgfd,train_on_variant,1.0,1.0,0.999123115968104,0.6448678970336914,1.3434209339993686,12,2,1.0,roc_auc,early_stopping,45954,8051348,175.2045135498047,149.0,175.2045135498047,175.0,0.4587411880493164,0.1452974677085876,/kaggle/working/gfd-robustness-v4-factorial-r1/graphs/base/yelpchi/r60_s0/graph.bin,/kaggle/working/gfd-robustness-v4-factorial-r1/graphs/variants/yelpchi/r60_s0/heterophily_rewire_oracle/0.30/seed_1/graph.bin,/kaggle/working/gfd-robustness-v4-factorial-r1/graphs/variants/yelpchi/r60_s0/heterophily_rewire_oracle/0.30/seed_1/graph.bin,ok,
gfd_robustness_benchmark_v4_factorial,yelpchi,r60_s0,1,4,heterophily_rewire_oracle,0.3,mlp,train_clean_eval_all,0.8049343649767674,0.4459862676711785,0.6719939992863229,0.6745531558990479,0.0826557809996302,100,100,0.7943539385443562,roc_auc,max_epochs,45954,8051348,175.2045135498047,149.0,175.2045135498047,175.0,0.4587411880493164,0.1452974677085876,/kaggle/working/gfd-robustness-v4-factorial-r1/graphs/base/yelpchi/r60_s0/graph.bin,/kaggle/working/gfd-robustness-v4-factorial-r1/graphs/variants/yelpchi/r60_s0/heterophily_rewire_oracle/0.30/seed_1/graph.bin,/kaggle/working/gfd-robustness-v4-factorial-r1/graphs/base/yelpchi/r60_s0/graph.bin,ok,
gfd_robustness_benchmark_v4_factorial,yelpchi,r60_s0,1,4,heterophily_rewire_oracle,0.3,mlp,train_on_variant,0.8049343649767674,0.4459862676711785,0.6719939992863229,0.6745531558990479,2.0839493489984307,100,100,0.7943539385443562,roc_auc,max_epochs,45954,8051348,175.2045135498047,149.0,175.2045135498047,175.0,0.4587411880493164,0.1452974677085876,/kaggle/working/gfd-robustness-v4-factorial-r1/graphs/base/yelpchi/r60_s0/graph.bin,/kaggle/working/gfd-robustness-v4-factorial-r1/graphs/variants/yelpchi/r60_s0/heterophily_rewire_oracle/0.30/seed_1/graph.bin,/kaggle/working/gfd-robustness-v4-factorial-r1/graphs/variants/yelpchi/r60_s0/heterophily_rewire_oracle/0.30/seed_1/graph.bin,ok,
gfd_robustness_benchmark_v4_factorial,yelpchi,r60_s0,1,4,heterophily_rewire_oracle,0.3,pmp,train_clean_eval_all,0.7741888613302925,0.411447910940144,0.6533104018598055,0.2526274025440216,0.3060795609999331,72,62,0.8613409240994905,roc_auc,early_stopping,45954,8051348,175.2045135498047,149.0,175.2045135498047,175.0,0.4587411880493164,0.1452974677085876,/kaggle/working/gfd-robustness-v4-factorial-r1/graphs/base/yelpchi/r60_s0/graph.bin,/kaggle/working/gfd-robustness-v4-factorial-r1/graphs/variants/yelpchi/r60_s0/heterophily_rewire_oracle/0.30/seed_1/graph.bin,/kaggle/working/gfd-robustness-v4-factorial-r1/graphs/base/yelpchi/r60_s0/graph.bin,ok,
gfd_robustness_benchmark_v4_factorial,yelpchi,r60_s0,1,4,heterophily_rewire_oracle,0.3,pmp,train_on_variant,0.9266575682646926,0.7008677458692797,0.8007983382380884,0.4703602790832519,47.135979747999954,75,65,0.9258741182052034,roc_auc,early_stopping,45954,8051348,175.2045135498047,149.0,175.2045135498047,175.0,0.4587411880493164,0.1452974677085876,/kaggle/working/gfd-robustness-v4-factorial-r1/graphs/base/yelpchi/r60_s0/graph.bin,/kaggle/working/gfd-robustness-v4-factorial-r1/graphs/variants/yelpchi/r60_s0/heterophily_rewire_oracle/0.30/seed_1/graph.bin,/kaggle/working/gfd-robustness-v4-factorial-r1/graphs/variants/yelpchi/r60_s0/heterophily_rewire_oracle/0.30/seed_1/graph.bin,ok,
gfd_robustness_benchmark_v4_factorial,yelpchi,r60_s0,1,4,heterophily_rewire_oracle,0.3,sage,train_clean_eval_all,0.7883681624785053,0.3978382341861371,0.6498666242381452,0.652508556842804,0.1122521529978257,100,99,0.7973325990506774,roc_auc,max_epochs,45954,8051348,175.2045135498047,149.0,175.2045135498047,175.0,0.4587411880493164,0.1452974677085876,/kaggle/working/gfd-robustness-v4-factorial-r1/graphs/base/yelpchi/r60_s0/graph.bin,/kaggle/working/gfd-robustness-v4-factorial-r1/graphs/variants/yelpchi/r60_s0/heterophily_rewire_oracle/0.30/seed_1/graph.bin,/kaggle/working/gfd-robustness-v4-factorial-r1/graphs/base/yelpchi/r60_s0/graph.bin,ok,
gfd_robustness_benchmark_v4_factorial,yelpchi,r60_s0,1,4,heterophily_rewire_oracle,0.3,sage,train_on_variant,0.911221456653902,0.6886716595158453,0.7816886791247812,0.6864873766899109,3.49148672299998,100,100,0.9057921074150628,roc_auc,max_epochs,45954,8051348,175.2045135498047,149.0,175.2045135498047,175.0,0.4587411880493164,0.1452974677085876,/kaggle/working/gfd-robustness-v4-factorial-r1/graphs/base/yelpchi/r60_s0/graph.bin,/kaggle/working/gfd-robustness-v4-factorial-r1/graphs/variants/yelpchi/r60_s0/heterophily_rewire_oracle/0.30/seed_1/graph.bin,/kaggle/working/gfd-robustness-v4-factorial-r1/graphs/variants/yelpchi/r60_s0/heterophily_rewire_oracle/0.30/seed_1/graph.bin,ok,
gfd_robustness_benchmark_v4_factorial,yelpchi,r60_s0,1,4,heterophily_rewire_oracle,0.3,secgfd,train_clean_eval_all,0.4908157844189421,0.1303128493150596,0.4618702277999028,0.6925545334815979,0.1364956719990004,50,50,0.7887418257413752,roc_auc,max_epochs,45954,8051348,175.2045135498047,149.0,175.2045135498047,175.0,0.4587411880493164,0.1452974677085876,/kaggle/working/gfd-robustness-v4-factorial-r1/graphs/base/yelpchi/r60_s0/graph.bin,/kaggle/working/gfd-robustness-v4-factorial-r1/graphs/variants/yelpchi/r60_s0/heterophily_rewire_oracle/0.30/seed_1/graph.bin,/kaggle/working/gfd-robustness-v4-factorial-r1/graphs/base/yelpchi/r60_s0/graph.bin,ok,
gfd_robustness_benchmark_v4_factorial,yelpchi,r60_s0,1,4,heterophily_rewire_oracle,0.3,secgfd,train_on_variant,1.0,1.0,1.0,0.677282989025116,1.3560469780004496,12,2,1.0,roc_auc,early_stopping,45954,8051348,175.2045135498047,149.0,175.2045135498047,175.0,0.4587411880493164,0.1452974677085876,/kaggle/working/gfd-robustness-v4-factorial-r1/graphs/base/yelpchi/r60_s0/graph.bin,/kaggle/working/gfd-robustness-v4-factorial-r1/graphs/variants/yelpchi/r60_s0/heterophily_rewire_oracle/0.30/seed_1/graph.bin,/kaggle/working/gfd-robustness-v4-factorial-r1/graphs/variants/yelpchi/r60_s0/heterophily_rewire_oracle/0.30/seed_1/graph.bin,ok,
gfd_robustness_benchmark_v4_factorial,yelpchi,r60_s0,0,0,noise_edges_uniform,0.1,mlp,train_clean_eval_all,0.7500588817273802,0.3386673790685267,0.6257580788607755,0.504684567451477,0.08708745200056,17,7,0.7453053352310248,roc_auc,early_stopping,45954,8856482,192.7249450683593,193.0,192.7249450683593,192.0,0.2288910001516342,0.1452974677085876,/kaggle/working/gfd-robustness-v4-factorial-r1/graphs/base/yelpchi/r60_s0/graph.bin,/kaggle/working/gfd-robustness-v4-factorial-r1/graphs/variants/yelpchi/r60_s0/noise_edges_uniform/0.10/seed_0/graph.bin,/kaggle/working/gfd-robustness-v4-factorial-r1/graphs/base/yelpchi/r60_s0/graph.bin,ok,
gfd_robustness_benchmark_v4_factorial,yelpchi,r60_s0,0,0,noise_edges_uniform,0.1,mlp,train_on_variant,0.7500588817273802,0.3386673790685267,0.6257580788607755,0.504684567451477,0.4406399699983012,17,7,0.7453053352310248,roc_auc,early_stopping,45954,8856482,192.7249450683593,193.0,192.7249450683593,192.0,0.2288910001516342,0.1452974677085876,/kaggle/working/gfd-robustness-v4-factorial-r1/graphs/base/yelpchi/r60_s0/graph.bin,/kaggle/working/gfd-robustness-v4-factorial-r1/graphs/variants/yelpchi/r60_s0/noise_edges_uniform/0.10/seed_0/graph.bin,/kaggle/working/gfd-robustness-v4-factorial-r1/graphs/variants/yelpchi/r60_s0/noise_edges_uniform/0.10/seed_0/graph.bin,ok,
gfd_robustness_benchmark_v4_factorial,yelpchi,r60_s0,0,0,noise_edges_uniform,0.1,pmp,train_clean_eval_all,0.8453752500091467,0.5366089529021438,0.711061606686497,0.2222334295511245,0.3203250259975903,47,37,0.8544697072643919,roc_auc,early_stopping,45954,8856482,192.72494506835932,193.0,192.72494506835932,192.0,0.2288910001516342,0.1452974677085876,/kaggle/working/gfd-robustness-v4-factorial-r1/graphs/base/yelpchi/r60_s0/graph.bin,/kaggle/working/gfd-robustness-v4-factorial-r1/graphs/variants/yelpchi/r60_s0/noise_edges_uniform/0.10/seed_0/graph.bin,/kaggle/working/gfd-robustness-v4-factorial-r1/graphs/base/yelpchi/r60_s0/graph.bin,ok,
gfd_robustness_benchmark_v4_factorial,yelpchi,r60_s0,0,0,noise_edges_uniform,0.1,pmp,train_on_variant,0.8549522486340964,0.5659026145955908,0.7229585106473753,0.3566994369029999,39.235294584002986,67,57,0.8498825862960924,roc_auc,early_stopping,45954,8856482,192.7249450683593,193.0,192.7249450683593,192.0,0.2288910001516342,0.1452974677085876,/kaggle/working/gfd-robustness-v4-factorial-r1/graphs/base/yelpchi/r60_s0/graph.bin,/kaggle/working/gfd-robustness-v4-factorial-r1/graphs/variants/yelpchi/r60_s0/noise_edges_uniform/0.10/seed_0/graph.bin,/kaggle/working/gfd-robustness-v4-factorial-r1/graphs/variants/yelpchi/r60_s0/noise_edges_uniform/0.10/seed_0/graph.bin,ok,
gfd_robustness_benchmark_v4_factorial,yelpchi,r60_s0,0,0,noise_edges_uniform,0.1,sage,train_clean_eval_all,0.7931789806334378,0.4378239284141031,0.6630729970866017,0.6509830951690674,0.1464758069996605,100,100,0.7853851527093361,roc_auc,max_epochs,45954,8856482,192.7249450683593,193.0,192.7249450683593,192.0,0.2288910001516342,0.1452974677085876,/kaggle/working/gfd-robustness-v4-factorial-r1/graphs/base/yelpchi/r60_s0/graph.bin,/kaggle/working/gfd-robustness-v4-factorial-r1/graphs/variants/yelpchi/r60_s0/noise_edges_uniform/0.10/seed_0/graph.bin,/kaggle/working/gfd-robustness-v4-factorial-r1/graphs/base/yelpchi/r60_s0/graph.bin,ok,
gfd_robustness_benchmark_v4_factorial,yelpchi,r60_s0,0,0,noise_edges_uniform,0.1,sage,train_on_variant,0.7940485341689331,0.4230136703304949,0.6613155637545881,0.6639598608016968,3.342307962000632,100,100,0.7844721151393349,roc_auc,max_epochs,45954,8856482,192.7249450683593,193.0,192.7249450683593,192.0,0.2288910001516342,0.1452974677085876,/kaggle/working/gfd-robustness-v4-factorial-r1/graphs/base/yelpchi/r60_s0/graph.bin,/kaggle/working/gfd-robustness-v4-factorial-r1/graphs/variants/yelpchi/r60_s0/noise_edges_uniform/0.10/seed_0/graph.bin,/kaggle/working/gfd-robustness-v4-factorial-r1/graphs/variants/yelpchi/r60_s0/noise_edges_uniform/0.10/seed_0/graph.bin,ok,
gfd_robustness_benchmark_v4_factorial,yelpchi,r60_s0,0,0,noise_edges_uniform,0.1,secgfd,train_clean_eval_all,0.8185583866635364,0.4770518259923658,0.6942748569178889,0.7366681694984436,0.1782884669992199,50,50,0.8122382508814968,roc_auc,max_epochs,45954,8856482,192.7249450683593,193.0,192.7249450683593,192.0,0.2288910001516342,0.1452974677085876,/kaggle/working/gfd-robustness-v4-factorial-r1/graphs/base/yelpchi/r60_s0/graph.bin,/kaggle/working/gfd-robustness-v4-factorial-r1/graphs/variants/yelpchi/r60_s0/noise_edges_uniform/0.10/seed_0/graph.bin,/kaggle/working/gfd-robustness-v4-factorial-r1/graphs/base/yelpchi/r60_s0/graph.bin,ok,
gfd_robustness_benchmark_v4_factorial,yelpchi,r60_s0,0,0,noise_edges_uniform,0.1,secgfd,train_on_variant,0.8252687598326768,0.4989573976755491,0.7003767396069135,0.7318426966667175,5.293054333998953,50,49,0.819807799130781,roc_auc,max_epochs,45954,8856482,192.7249450683593,193.0,192.7249450683593,192.0,0.2288910001516342,0.1452974677085876,/kaggle/working/gfd-robustness-v4-factorial-r1/graphs/base/yelpchi/r60_s0/graph.bin,/kaggle/working/gfd-robustness-v4-factorial-r1/graphs/variants/yelpchi/r60_s0/noise_edges_uniform/0.10/seed_0/graph.bin,/kaggle/working/gfd-robustness-v4-factorial-r1/graphs/variants/yelpchi/r60_s0/noise_edges_uniform/0.10/seed_0/graph.bin,ok,
gfd_robustness_benchmark_v4_factorial,yelpchi,r60_s0,0,1,noise_edges_uniform,0.1,mlp,train_clean_eval_all,0.8072627657109407,0.4418110196452536,0.668932800089991,0.6548792123794556,0.0775293379992945,100,100,0.7960902786221233,roc_auc,max_epochs,45954,8856482,192.7249450683593,193.0,192.7249450683593,192.0,0.2288910001516342,0.1452974677085876,/kaggle/working/gfd-robustness-v4-factorial-r1/graphs/base/yelpchi/r60_s0/graph.bin,/kaggle/working/gfd-robustness-v4-factorial-r1/graphs/variants/yelpchi/r60_s0/noise_edges_uniform/0.10/seed_0/graph.bin,/kaggle/working/gfd-robustness-v4-factorial-r1/graphs/base/yelpchi/r60_s0/graph.bin,ok,
gfd_robustness_benchmark_v4_factorial,yelpchi,r60_s0,0,1,noise_edges_uniform,0.1,mlp,train_on_variant,0.8072627657109407,0.4418110196452536,0.668932800089991,0.6548792123794556,1.7277211960026762,100,100,0.7960902786221233,roc_auc,max_epochs,45954,8856482,192.7249450683593,193.0,192.7249450683593,192.0,0.2288910001516342,0.1452974677085876,/kaggle/working/gfd-robustness-v4-factorial-r1/graphs/base/yelpchi/r60_s0/graph.bin,/kaggle/working/gfd-robustness-v4-factorial-r1/graphs/variants/yelpchi/r60_s0/noise_edges_uniform/0.10/seed_0/graph.bin,/kaggle/working/gfd-robustness-v4-factorial-r1/graphs/variants/yelpchi/r60_s0/noise_edges_uniform/0.10/seed_0/graph.bin,ok,
gfd_robustness_benchmark_v4_factorial,yelpchi,r60_s0,0,1,noise_edges_uniform,0.1,pmp,train_clean_eval_all,0.8496344569008623,0.5577217497043314,0.7160750617370337,0.2552038431167602,0.3659153859989601,85,75,0.8577235807246035,roc_auc,early_stopping,45954,8856482,192.72494506835932,193.0,192.72494506835932,192.0,0.2288910001516342,0.1452974677085876,/kaggle/working/gfd-robustness-v4-factorial-r1/graphs/base/yelpchi/r60_s0/graph.bin,/kaggle/working/gfd-robustness-v4-factorial-r1/graphs/variants/yelpchi/r60_s0/noise_edges_uniform/0.10/seed_0/graph.bin,/kaggle/working/gfd-robustness-v4-factorial-r1/graphs/base/yelpchi/r60_s0/graph.bin,ok,
gfd_robustness_benchmark_v4_factorial,yelpchi,r60_s0,0,1,noise_edges_uniform,0.1,pmp,train_on_variant,0.8495739554495896,0.5623913310735634,0.7239333803571608,0.3804776668548584,50.089757964000455,84,74,0.8472750246151572,roc_auc,early_stopping,45954,8856482,192.7249450683593,193.0,192.7249450683593,192.0,0.2288910001516342,0.1452974677085876,/kaggle/working/gfd-robustness-v4-factorial-r1/graphs/base/yelpchi/r60_s0/graph.bin,/kaggle/working/gfd-robustness-v4-factorial-r1/graphs/variants/yelpchi/r60_s0/noise_edges_uniform/0.10/seed_0/graph.bin,/kaggle/working/gfd-robustness-v4-factorial-r1/graphs/variants/yelpchi/r60_s0/noise_edges_uniform/0.10/seed_0/graph.bin,ok,
gfd_robustness_benchmark_v4_factorial,yelpchi,r60_s0,0,1,noise_edges_uniform,0.1,sage,train_clean_eval_all,0.5995098810779663,0.1968885950336335,0.5460779238696779,0.2802307903766632,0.1423573469983239,23,13,0.6150002980043247,roc_auc,early_stopping,45954,8856482,192.7249450683593,193.0,192.7249450683593,192.0,0.2288910001516342,0.1452974677085876,/kaggle/working/gfd-robustness-v4-factorial-r1/graphs/base/yelpchi/r60_s0/graph.bin,/kaggle/working/gfd-robustness-v4-factorial-r1/graphs/variants/yelpchi/r60_s0/noise_edges_uniform/0.10/seed_0/graph.bin,/kaggle/working/gfd-robustness-v4-factorial-r1/graphs/base/yelpchi/r60_s0/graph.bin,ok,
gfd_robustness_benchmark_v4_factorial,yelpchi,r60_s0,0,1,noise_edges_uniform,0.1,sage,train_on_variant,0.5992832150109151,0.1971677170799264,0.5471747357249096,0.2891368269920349,0.9687948920000052,23,13,0.6177533334763754,roc_auc,early_stopping,45954,8856482,192.7249450683593,193.0,192.7249450683593,192.0,0.2288910001516342,0.1452974677085876,/kaggle/working/gfd-robustness-v4-factorial-r1/graphs/base/yelpchi/r60_s0/graph.bin,/kaggle/working/gfd-robustness-v4-factorial-r1/graphs/variants/yelpchi/r60_s0/noise_edges_uniform/0.10/seed_0/graph.bin,/kaggle/working/gfd-robustness-v4-factorial-r1/graphs/variants/yelpchi/r60_s0/noise_edges_uniform/0.10/seed_0/graph.bin,ok,
gfd_robustness_benchmark_v4_factorial,yelpchi,r60_s0,0,1,noise_edges_uniform,0.1,secgfd,train_clean_eval_all,0.7994398327835165,0.4310322867236539,0.6717924402132742,0.669256865978241,0.1676692780019948,50,50,0.7873268058466064,roc_auc,max_epochs,45954,8856482,192.7249450683593,193.0,192.7249450683593,192.0,0.2288910001516342,0.1452974677085876,/kaggle/working/gfd-robustness-v4-factorial-r1/graphs/base/yelpchi/r60_s0/graph.bin,/kaggle/working/gfd-robustness-v4-factorial-r1/graphs/variants/yelpchi/r60_s0/noise_edges_uniform/0.10/seed_0/graph.bin,/kaggle/working/gfd-robustness-v4-factorial-r1/graphs/base/yelpchi/r60_s0/graph.bin,ok,
gfd_robustness_benchmark_v4_factorial,yelpchi,r60_s0,0,1,noise_edges_uniform,0.1,secgfd,train_on_variant,0.8050287853519031,0.4427964189712025,0.6703749126720513,0.7441724538803101,5.258632445998956,50,50,0.7960957142210048,roc_auc,max_epochs,45954,8856482,192.7249450683593,193.0,192.7249450683593,192.0,0.2288910001516342,0.1452974677085876,/kaggle/working/gfd-robustness-v4-factorial-r1/graphs/base/yelpchi/r60_s0/graph.bin,/kaggle/working/gfd-robustness-v4-factorial-r1/graphs/variants/yelpchi/r60_s0/noise_edges_uniform/0.10/seed_0/graph.bin,/kaggle/working/gfd-robustness-v4-factorial-r1/graphs/variants/yelpchi/r60_s0/noise_edges_uniform/0.10/seed_0/graph.bin,ok,
gfd_robustness_benchmark_v4_factorial,yelpchi,r60_s0,0,2,noise_edges_uniform,0.1,mlp,train_clean_eval_all,0.8058664207989317,0.4426646605102433,0.6681705838275631,0.6908261179924011,0.0983906880028371,100,100,0.797094624717194,roc_auc,max_epochs,45954,8856482,192.7249450683593,193.0,192.7249450683593,192.0,0.2288910001516342,0.1452974677085876,/kaggle/working/gfd-robustness-v4-factorial-r1/graphs/base/yelpchi/r60_s0/graph.bin,/kaggle/working/gfd-robustness-v4-factorial-r1/graphs/variants/yelpchi/r60_s0/noise_edges_uniform/0.10/seed_0/graph.bin,/kaggle/working/gfd-robustness-v4-factorial-r1/graphs/base/yelpchi/r60_s0/graph.bin,ok,
gfd_robustness_benchmark_v4_factorial,yelpchi,r60_s0,0,2,noise_edges_uniform,0.1,mlp,train_on_variant,0.8058664207989317,0.4426646605102433,0.6681705838275631,0.6908261179924011,1.754241054000886,100,100,0.797094624717194,roc_auc,max_epochs,45954,8856482,192.7249450683593,193.0,192.7249450683593,192.0,0.2288910001516342,0.1452974677085876,/kaggle/working/gfd-robustness-v4-factorial-r1/graphs/base/yelpchi/r60_s0/graph.bin,/kaggle/working/gfd-robustness-v4-factorial-r1/graphs/variants/yelpchi/r60_s0/noise_edges_uniform/0.10/seed_0/graph.bin,/kaggle/working/gfd-robustness-v4-factorial-r1/graphs/variants/yelpchi/r60_s0/noise_edges_uniform/0.10/seed_0/graph.bin,ok,
gfd_robustness_benchmark_v4_factorial,yelpchi,r60_s0,0,2,noise_edges_uniform,0.1,pmp,train_clean_eval_all,0.8411793076271084,0.52520255067572,0.7109491917313429,0.402582585811615,0.2881108709989348,36,26,0.8494535554299965,roc_auc,early_stopping,45954,8856482,192.72494506835932,193.0,192.72494506835932,192.0,0.2288910001516342,0.1452974677085876,/kaggle/working/gfd-robustness-v4-factorial-r1/graphs/base/yelpchi/r60_s0/graph.bin,/kaggle/working/gfd-robustness-v4-factorial-r1/graphs/variants/yelpchi/r60_s0/noise_edges_uniform/0.10/seed_0/graph.bin,/kaggle/working/gfd-robustness-v4-factorial-r1/graphs/base/yelpchi/r60_s0/graph.bin,ok,
gfd_robustness_benchmark_v4_factorial,yelpchi,r60_s0,0,2,noise_edges_uniform,0.1,pmp,train_on_variant,0.8381473750564045,0.5265816043033087,0.7122955165046807,0.2914610207080841,26.147553328999493,45,35,0.8387185337233614,roc_auc,early_stopping,45954,8856482,192.7249450683593,193.0,192.7249450683593,192.0,0.2288910001516342,0.1452974677085876,/kaggle/working/gfd-robustness-v4-factorial-r1/graphs/base/yelpchi/r60_s0/graph.bin,/kaggle/working/gfd-robustness-v4-factorial-r1/graphs/variants/yelpchi/r60_s0/noise_edges_uniform/0.10/seed_0/graph.bin,/kaggle/working/gfd-robustness-v4-factorial-r1/graphs/variants/yelpchi/r60_s0/noise_edges_uniform/0.10/seed_0/graph.bin,ok,
gfd_robustness_benchmark_v4_factorial,yelpchi,r60_s0,0,2,noise_edges_uniform,0.1,sage,train_clean_eval_all,0.795608280638316,0.4327068422986254,0.6672430709270345,0.6172454953193665,0.1252870879980037,100,100,0.7885236865757396,roc_auc,max_epochs,45954,8856482,192.7249450683593,193.0,192.7249450683593,192.0,0.2288910001516342,0.1452974677085876,/kaggle/working/gfd-robustness-v4-factorial-r1/graphs/base/yelpchi/r60_s0/graph.bin,/kaggle/working/gfd-robustness-v4-factorial-r1/graphs/variants/yelpchi/r60_s0/noise_edges_uniform/0.10/seed_0/graph.bin,/kaggle/working/gfd-robustness-v4-factorial-r1/graphs/base/yelpchi/r60_s0/graph.bin,ok,
gfd_robustness_benchmark_v4_factorial,yelpchi,r60_s0,0,2,noise_edges_uniform,0.1,sage,train_on_variant,0.7953970972261181,0.4345195282447236,0.6657576547065792,0.6623030304908752,3.535437553997326,100,100,0.7855168944611725,roc_auc,max_epochs,45954,8856482,192.7249450683593,193.0,192.7249450683593,192.0,0.2288910001516342,0.1452974677085876,/kaggle/working/gfd-robustness-v4-factorial-r1/graphs/base/yelpchi/r60_s0/graph.bin,/kaggle/working/gfd-robustness-v4-factorial-r1/graphs/variants/yelpchi/r60_s0/noise_edges_uniform/0.10/seed_0/graph.bin,/kaggle/working/gfd-robustness-v4-factorial-r1/graphs/variants/yelpchi/r60_s0/noise_edges_uniform/0.10/seed_0/graph.bin,ok,
gfd_robustness_benchmark_v4_factorial,yelpchi,r60_s0,0,2,noise_edges_uniform,0.1,secgfd,train_clean_eval_all,0.8137283223776479,0.4732766517041177,0.6889137650504393,0.6859545111656189,0.1991625880000356,50,50,0.8053339913268821,roc_auc,max_epochs,45954,8856482,192.7249450683593,193.0,192.7249450683593,192.0,0.2288910001516342,0.1452974677085876,/kaggle/working/gfd-robustness-v4-factorial-r1/graphs/base/yelpchi/r60_s0/graph.bin,/kaggle/working/gfd-robustness-v4-factorial-r1/graphs/variants/yelpchi/r60_s0/noise_edges_uniform/0.10/seed_0/graph.bin,/kaggle/working/gfd-robustness-v4-factorial-r1/graphs/base/yelpchi/r60_s0/graph.bin,ok,
gfd_robustness_benchmark_v4_factorial,yelpchi,r60_s0,0,2,noise_edges_uniform,0.1,secgfd,train_on_variant,0.8141995191135042,0.4791548887368417,0.6943370892439286,0.7220367193222046,5.290193578000981,50,50,0.8063361441101233,roc_auc,max_epochs,45954,8856482,192.7249450683593,193.0,192.7249450683593,192.0,0.2288910001516342,0.1452974677085876,/kaggle/working/gfd-robustness-v4-factorial-r1/graphs/base/yelpchi/r60_s0/graph.bin,/kaggle/working/gfd-robustness-v4-factorial-r1/graphs/variants/yelpchi/r60_s0/noise_edges_uniform/0.10/seed_0/graph.bin,/kaggle/working/gfd-robustness-v4-factorial-r1/graphs/variants/yelpchi/r60_s0/noise_edges_uniform/0.10/seed_0/graph.bin,ok,
gfd_robustness_benchmark_v4_factorial,yelpchi,r60_s0,0,3,noise_edges_uniform,0.1,mlp,train_clean_eval_all,0.805465110385136,0.435856309524571,0.6683207551370244,0.6890000104904175,0.0758995649994176,100,100,0.7965709953582847,roc_auc,max_epochs,45954,8856482,192.7249450683593,193.0,192.7249450683593,192.0,0.2288910001516342,0.1452974677085876,/kaggle/working/gfd-robustness-v4-factorial-r1/graphs/base/yelpchi/r60_s0/graph.bin,/kaggle/working/gfd-robustness-v4-factorial-r1/graphs/variants/yelpchi/r60_s0/noise_edges_uniform/0.10/seed_0/graph.bin,/kaggle/working/gfd-robustness-v4-factorial-r1/graphs/base/yelpchi/r60_s0/graph.bin,ok,
gfd_robustness_benchmark_v4_factorial,yelpchi,r60_s0,0,3,noise_edges_uniform,0.1,mlp,train_on_variant,0.805465110385136,0.435856309524571,0.6683207551370244,0.6890000104904175,1.6747456320008496,100,100,0.7965709953582847,roc_auc,max_epochs,45954,8856482,192.7249450683593,193.0,192.7249450683593,192.0,0.2288910001516342,0.1452974677085876,/kaggle/working/gfd-robustness-v4-factorial-r1/graphs/base/yelpchi/r60_s0/graph.bin,/kaggle/working/gfd-robustness-v4-factorial-r1/graphs/variants/yelpchi/r60_s0/noise_edges_uniform/0.10/seed_0/graph.bin,/kaggle/working/gfd-robustness-v4-factorial-r1/graphs/variants/yelpchi/r60_s0/noise_edges_uniform/0.10/seed_0/graph.bin,ok,
gfd_robustness_benchmark_v4_factorial,yelpchi,r60_s0,0,3,noise_edges_uniform,0.1,pmp,train_clean_eval_all,0.85913537614181,0.5822235659407677,0.7376347630323252,0.311098039150238,0.2840703229994687,95,85,0.8754252760116055,roc_auc,early_stopping,45954,8856482,192.72494506835932,193.0,192.72494506835932,192.0,0.2288910001516342,0.1452974677085876,/kaggle/working/gfd-robustness-v4-factorial-r1/graphs/base/yelpchi/r60_s0/graph.bin,/kaggle/working/gfd-robustness-v4-factorial-r1/graphs/variants/yelpchi/r60_s0/noise_edges_uniform/0.10/seed_0/graph.bin,/kaggle/working/gfd-robustness-v4-factorial-r1/graphs/base/yelpchi/r60_s0/graph.bin,ok,
gfd_robustness_benchmark_v4_factorial,yelpchi,r60_s0,0,3,noise_edges_uniform,0.1,pmp,train_on_variant,0.8532731189860605,0.5677862864762928,0.7157409976461071,0.2318849265575409,42.10023605300012,74,64,0.8495639839125345,roc_auc,early_stopping,45954,8856482,192.7249450683593,193.0,192.7249450683593,192.0,0.2288910001516342,0.1452974677085876,/kaggle/working/gfd-robustness-v4-factorial-r1/graphs/base/yelpchi/r60_s0/graph.bin,/kaggle/working/gfd-robustness-v4-factorial-r1/graphs/variants/yelpchi/r60_s0/noise_edges_uniform/0.10/seed_0/graph.bin,/kaggle/working/gfd-robustness-v4-factorial-r1/graphs/variants/yelpchi/r60_s0/noise_edges_uniform/0.10/seed_0/graph.bin,ok,
gfd_robustness_benchmark_v4_factorial,yelpchi,r60_s0,0,3,noise_edges_uniform,0.1,sage,train_clean_eval_all,0.7964226682835958,0.4355728791852508,0.6684518943977051,0.678034782409668,0.1328856939981051,100,100,0.790009846062886,roc_auc,max_epochs,45954,8856482,192.7249450683593,193.0,192.7249450683593,192.0,0.2288910001516342,0.1452974677085876,/kaggle/working/gfd-robustness-v4-factorial-r1/graphs/base/yelpchi/r60_s0/graph.bin,/kaggle/working/gfd-robustness-v4-factorial-r1/graphs/variants/yelpchi/r60_s0/noise_edges_uniform/0.10/seed_0/graph.bin,/kaggle/working/gfd-robustness-v4-factorial-r1/graphs/base/yelpchi/r60_s0/graph.bin,ok,
gfd_robustness_benchmark_v4_factorial,yelpchi,r60_s0,0,3,noise_edges_uniform,0.1,sage,train_on_variant,0.79376493957096,0.4322535371240796,0.6678122140321592,0.6332911849021912,3.4792642050015274,100,100,0.7860161589864992,roc_auc,max_epochs,45954,8856482,192.7249450683593,193.0,192.7249450683593,192.0,0.2288910001516342,0.1452974677085876,/kaggle/working/gfd-robustness-v4-factorial-r1/graphs/base/yelpchi/r60_s0/graph.bin,/kaggle/working/gfd-robustness-v4-factorial-r1/graphs/variants/yelpchi/r60_s0/noise_edges_uniform/0.10/seed_0/graph.bin,/kaggle/working/gfd-robustness-v4-factorial-r1/graphs/variants/yelpchi/r60_s0/noise_edges_uniform/0.10/seed_0/graph.bin,ok,
gfd_robustness_benchmark_v4_factorial,yelpchi,r60_s0,0,3,noise_edges_uniform,0.1,secgfd,train_clean_eval_all,0.798962538263595,0.4241965115317141,0.6674002580896244,0.7169128656387329,0.1767135180016339,50,50,0.7874013307681121,roc_auc,max_epochs,45954,8856482,192.7249450683593,193.0,192.7249450683593,192.0,0.2288910001516342,0.1452974677085876,/kaggle/working/gfd-robustness-v4-factorial-r1/graphs/base/yelpchi/r60_s0/graph.bin,/kaggle/working/gfd-robustness-v4-factorial-r1/graphs/variants/yelpchi/r60_s0/noise_edges_uniform/0.10/seed_0/graph.bin,/kaggle/working/gfd-robustness-v4-factorial-r1/graphs/base/yelpchi/r60_s0/graph.bin,ok,
gfd_robustness_benchmark_v4_factorial,yelpchi,r60_s0,0,3,noise_edges_uniform,0.1,secgfd,train_on_variant,0.8209717276241814,0.4797382776517658,0.6955338542435768,0.7108607292175293,5.2584487320000335,50,50,0.8081642695198793,roc_auc,max_epochs,45954,8856482,192.7249450683593,193.0,192.7249450683593,192.0,0.2288910001516342,0.1452974677085876,/kaggle/working/gfd-robustness-v4-factorial-r1/graphs/base/yelpchi/r60_s0/graph.bin,/kaggle/working/gfd-robustness-v4-factorial-r1/graphs/variants/yelpchi/r60_s0/noise_edges_uniform/0.10/seed_0/graph.bin,/kaggle/working/gfd-robustness-v4-factorial-r1/graphs/variants/yelpchi/r60_s0/noise_edges_uniform/0.10/seed_0/graph.bin,ok,
gfd_robustness_benchmark_v4_factorial,yelpchi,r60_s0,0,4,noise_edges_uniform,0.1,mlp,train_clean_eval_all,0.8049343649767674,0.4459862676711785,0.6719939992863229,0.6745531558990479,0.0982915730019158,100,100,0.7943539385443562,roc_auc,max_epochs,45954,8856482,192.7249450683593,193.0,192.7249450683593,192.0,0.2288910001516342,0.1452974677085876,/kaggle/working/gfd-robustness-v4-factorial-r1/graphs/base/yelpchi/r60_s0/graph.bin,/kaggle/working/gfd-robustness-v4-factorial-r1/graphs/variants/yelpchi/r60_s0/noise_edges_uniform/0.10/seed_0/graph.bin,/kaggle/working/gfd-robustness-v4-factorial-r1/graphs/base/yelpchi/r60_s0/graph.bin,ok,
gfd_robustness_benchmark_v4_factorial,yelpchi,r60_s0,0,4,noise_edges_uniform,0.1,mlp,train_on_variant,0.8049343649767674,0.4459862676711785,0.6719939992863229,0.6745531558990479,2.017770324000594,100,100,0.7943539385443562,roc_auc,max_epochs,45954,8856482,192.7249450683593,193.0,192.7249450683593,192.0,0.2288910001516342,0.1452974677085876,/kaggle/working/gfd-robustness-v4-factorial-r1/graphs/base/yelpchi/r60_s0/graph.bin,/kaggle/working/gfd-robustness-v4-factorial-r1/graphs/variants/yelpchi/r60_s0/noise_edges_uniform/0.10/seed_0/graph.bin,/kaggle/working/gfd-robustness-v4-factorial-r1/graphs/variants/yelpchi/r60_s0/noise_edges_uniform/0.10/seed_0/graph.bin,ok,
gfd_robustness_benchmark_v4_factorial,yelpchi,r60_s0,0,4,noise_edges_uniform,0.1,pmp,train_clean_eval_all,0.847133079182775,0.5513575289953149,0.7187911426989458,0.2526274025440216,0.2869390529995144,72,62,0.8613409240994905,roc_auc,early_stopping,45954,8856482,192.72494506835932,193.0,192.72494506835932,192.0,0.2288910001516342,0.1452974677085876,/kaggle/working/gfd-robustness-v4-factorial-r1/graphs/base/yelpchi/r60_s0/graph.bin,/kaggle/working/gfd-robustness-v4-factorial-r1/graphs/variants/yelpchi/r60_s0/noise_edges_uniform/0.10/seed_0/graph.bin,/kaggle/working/gfd-robustness-v4-factorial-r1/graphs/base/yelpchi/r60_s0/graph.bin,ok,
gfd_robustness_benchmark_v4_factorial,yelpchi,r60_s0,0,4,noise_edges_uniform,0.1,pmp,train_on_variant,0.8540762162030319,0.5745382705265549,0.7209975836255094,0.3354969024658203,56.09859042799872,100,91,0.853529110254448,roc_auc,max_epochs,45954,8856482,192.7249450683593,193.0,192.7249450683593,192.0,0.2288910001516342,0.1452974677085876,/kaggle/working/gfd-robustness-v4-factorial-r1/graphs/base/yelpchi/r60_s0/graph.bin,/kaggle/working/gfd-robustness-v4-factorial-r1/graphs/variants/yelpchi/r60_s0/noise_edges_uniform/0.10/seed_0/graph.bin,/kaggle/working/gfd-robustness-v4-factorial-r1/graphs/variants/yelpchi/r60_s0/noise_edges_uniform/0.10/seed_0/graph.bin,ok,
gfd_robustness_benchmark_v4_factorial,yelpchi,r60_s0,0,4,noise_edges_uniform,0.1,sage,train_clean_eval_all,0.8049042095290072,0.437258938615698,0.6649388061253483,0.652508556842804,0.1305493830004707,100,99,0.7973325990506774,roc_auc,max_epochs,45954,8856482,192.7249450683593,193.0,192.7249450683593,192.0,0.2288910001516342,0.1452974677085876,/kaggle/working/gfd-robustness-v4-factorial-r1/graphs/base/yelpchi/r60_s0/graph.bin,/kaggle/working/gfd-robustness-v4-factorial-r1/graphs/variants/yelpchi/r60_s0/noise_edges_uniform/0.10/seed_0/graph.bin,/kaggle/working/gfd-robustness-v4-factorial-r1/graphs/base/yelpchi/r60_s0/graph.bin,ok,
gfd_robustness_benchmark_v4_factorial,yelpchi,r60_s0,0,4,noise_edges_uniform,0.1,sage,train_on_variant,0.7969918583149384,0.4361596198524045,0.6616556567946839,0.6655765771865845,3.50867708199803,100,100,0.7887809239087678,roc_auc,max_epochs,45954,8856482,192.7249450683593,193.0,192.7249450683593,192.0,0.2288910001516342,0.1452974677085876,/kaggle/working/gfd-robustness-v4-factorial-r1/graphs/base/yelpchi/r60_s0/graph.bin,/kaggle/working/gfd-robustness-v4-factorial-r1/graphs/variants/yelpchi/r60_s0/noise_edges_uniform/0.10/seed_0/graph.bin,/kaggle/working/gfd-robustness-v4-factorial-r1/graphs/variants/yelpchi/r60_s0/noise_edges_uniform/0.10/seed_0/graph.bin,ok,
gfd_robustness_benchmark_v4_factorial,yelpchi,r60_s0,0,4,noise_edges_uniform,0.1,secgfd,train_clean_eval_all,0.7951836747838336,0.4146083055928765,0.6686499281319829,0.6925545334815979,0.194136852001975,50,50,0.7887418257413752,roc_auc,max_epochs,45954,8856482,192.7249450683593,193.0,192.7249450683593,192.0,0.2288910001516342,0.1452974677085876,/kaggle/working/gfd-robustness-v4-factorial-r1/graphs/base/yelpchi/r60_s0/graph.bin,/kaggle/working/gfd-robustness-v4-factorial-r1/graphs/variants/yelpchi/r60_s0/noise_edges_uniform/0.10/seed_0/graph.bin,/kaggle/working/gfd-robustness-v4-factorial-r1/graphs/base/yelpchi/r60_s0/graph.bin,ok,
gfd_robustness_benchmark_v4_factorial,yelpchi,r60_s0,0,4,noise_edges_uniform,0.1,secgfd,train_on_variant,0.794201979188263,0.418345120142636,0.6685645717239928,0.6824225783348083,5.319155527000476,50,50,0.786319074422408,roc_auc,max_epochs,45954,8856482,192.7249450683593,193.0,192.7249450683593,192.0,0.2288910001516342,0.1452974677085876,/kaggle/working/gfd-robustness-v4-factorial-r1/graphs/base/yelpchi/r60_s0/graph.bin,/kaggle/working/gfd-robustness-v4-factorial-r1/graphs/variants/yelpchi/r60_s0/noise_edges_uniform/0.10/seed_0/graph.bin,/kaggle/working/gfd-robustness-v4-factorial-r1/graphs/variants/yelpchi/r60_s0/noise_edges_uniform/0.10/seed_0/graph.bin,ok,
gfd_robustness_benchmark_v4_factorial,yelpchi,r60_s0,1,0,noise_edges_uniform,0.1,mlp,train_clean_eval_all,0.7500588817273802,0.3386673790685267,0.6257580788607755,0.504684567451477,0.1014964669993787,17,7,0.7453053352310248,roc_auc,early_stopping,45954,8856482,192.7249450683593,193.0,192.7249450683593,193.0,0.2289074808359146,0.1452974677085876,/kaggle/working/gfd-robustness-v4-factorial-r1/graphs/base/yelpchi/r60_s0/graph.bin,/kaggle/working/gfd-robustness-v4-factorial-r1/graphs/variants/yelpchi/r60_s0/noise_edges_uniform/0.10/seed_1/graph.bin,/kaggle/working/gfd-robustness-v4-factorial-r1/graphs/base/yelpchi/r60_s0/graph.bin,ok,
gfd_robustness_benchmark_v4_factorial,yelpchi,r60_s0,1,0,noise_edges_uniform,0.1,mlp,train_on_variant,0.7500588817273802,0.3386673790685267,0.6257580788607755,0.504684567451477,0.4503353349973622,17,7,0.7453053352310248,roc_auc,early_stopping,45954,8856482,192.7249450683593,193.0,192.7249450683593,193.0,0.2289074808359146,0.1452974677085876,/kaggle/working/gfd-robustness-v4-factorial-r1/graphs/base/yelpchi/r60_s0/graph.bin,/kaggle/working/gfd-robustness-v4-factorial-r1/graphs/variants/yelpchi/r60_s0/noise_edges_uniform/0.10/seed_1/graph.bin,/kaggle/working/gfd-robustness-v4-factorial-r1/graphs/variants/yelpchi/r60_s0/noise_edges_uniform/0.10/seed_1/graph.bin,ok,
gfd_robustness_benchmark_v4_factorial,yelpchi,r60_s0,1,0,noise_edges_uniform,0.1,pmp,train_clean_eval_all,0.8425800829603523,0.5359503042051694,0.7105641347210725,0.2222334295511245,0.3942656470026122,47,37,0.8544697072643919,roc_auc,early_stopping,45954,8856482,192.72494506835932,193.0,192.72494506835932,193.0,0.2289074808359146,0.1452974677085876,/kaggle/working/gfd-robustness-v4-factorial-r1/graphs/base/yelpchi/r60_s0/graph.bin,/kaggle/working/gfd-robustness-v4-factorial-r1/graphs/variants/yelpchi/r60_s0/noise_edges_uniform/0.10/seed_1/graph.bin,/kaggle/working/gfd-robustness-v4-factorial-r1/graphs/base/yelpchi/r60_s0/graph.bin,ok,
gfd_robustness_benchmark_v4_factorial,yelpchi,r60_s0,1,0,noise_edges_uniform,0.1,pmp,train_on_variant,0.849196655060551,0.5442696388696784,0.7155557069672567,0.2962505519390106,34.58259658099996,53,43,0.842762762333207,roc_auc,early_stopping,45954,8856482,192.7249450683593,193.0,192.7249450683593,193.0,0.2289074808359146,0.1452974677085876,/kaggle/working/gfd-robustness-v4-factorial-r1/graphs/base/yelpchi/r60_s0/graph.bin,/kaggle/working/gfd-robustness-v4-factorial-r1/graphs/variants/yelpchi/r60_s0/noise_edges_uniform/0.10/seed_1/graph.bin,/kaggle/working/gfd-robustness-v4-factorial-r1/graphs/variants/yelpchi/r60_s0/noise_edges_uniform/0.10/seed_1/graph.bin,ok,
gfd_robustness_benchmark_v4_factorial,yelpchi,r60_s0,1,0,noise_edges_uniform,0.1,sage,train_clean_eval_all,0.7929966187787358,0.4374372377001397,0.6620070723660395,0.6509830951690674,0.1454741420020582,100,100,0.7853851527093361,roc_auc,max_epochs,45954,8856482,192.7249450683593,193.0,192.7249450683593,193.0,0.2289074808359146,0.1452974677085876,/kaggle/working/gfd-robustness-v4-factorial-r1/graphs/base/yelpchi/r60_s0/graph.bin,/kaggle/working/gfd-robustness-v4-factorial-r1/graphs/variants/yelpchi/r60_s0/noise_edges_uniform/0.10/seed_1/graph.bin,/kaggle/working/gfd-robustness-v4-factorial-r1/graphs/base/yelpchi/r60_s0/graph.bin,ok,
gfd_robustness_benchmark_v4_factorial,yelpchi,r60_s0,1,0,noise_edges_uniform,0.1,sage,train_on_variant,0.7898432069161067,0.4296918566083834,0.6598445177377242,0.6450119018554688,3.4897858789991005,100,100,0.7816435534512477,roc_auc,max_epochs,45954,8856482,192.7249450683593,193.0,192.7249450683593,193.0,0.2289074808359146,0.1452974677085876,/kaggle/working/gfd-robustness-v4-factorial-r1/graphs/base/yelpchi/r60_s0/graph.bin,/kaggle/working/gfd-robustness-v4-factorial-r1/graphs/variants/yelpchi/r60_s0/noise_edges_uniform/0.10/seed_1/graph.bin,/kaggle/working/gfd-robustness-v4-factorial-r1/graphs/variants/yelpchi/r60_s0/noise_edges_uniform/0.10/seed_1/graph.bin,ok,
gfd_robustness_benchmark_v4_factorial,yelpchi,r60_s0,1,0,noise_edges_uniform,0.1,secgfd,train_clean_eval_all,0.8183876963486469,0.4774051249019688,0.6954826482397933,0.7366681694984436,0.1666901610005879,50,50,0.8122382508814968,roc_auc,max_epochs,45954,8856482,192.7249450683593,193.0,192.7249450683593,193.0,0.2289074808359146,0.1452974677085876,/kaggle/working/gfd-robustness-v4-factorial-r1/graphs/base/yelpchi/r60_s0/graph.bin,/kaggle/working/gfd-robustness-v4-factorial-r1/graphs/variants/yelpchi/r60_s0/noise_edges_uniform/0.10/seed_1/graph.bin,/kaggle/working/gfd-robustness-v4-factorial-r1/graphs/base/yelpchi/r60_s0/graph.bin,ok,
gfd_robustness_benchmark_v4_factorial,yelpchi,r60_s0,1,0,noise_edges_uniform,0.1,secgfd,train_on_variant,0.8256218596412064,0.4964077360840932,0.6954561134264474,0.6835721731185913,5.252256825999211,50,50,0.8200682310701692,roc_auc,max_epochs,45954,8856482,192.7249450683593,193.0,192.7249450683593,193.0,0.2289074808359146,0.1452974677085876,/kaggle/working/gfd-robustness-v4-factorial-r1/graphs/base/yelpchi/r60_s0/graph.bin,/kaggle/working/gfd-robustness-v4-factorial-r1/graphs/variants/yelpchi/r60_s0/noise_edges_uniform/0.10/seed_1/graph.bin,/kaggle/working/gfd-robustness-v4-factorial-r1/graphs/variants/yelpchi/r60_s0/noise_edges_uniform/0.10/seed_1/graph.bin,ok,
gfd_robustness_benchmark_v4_factorial,yelpchi,r60_s0,1,1,noise_edges_uniform,0.1,mlp,train_clean_eval_all,0.8072627657109407,0.4418110196452536,0.668932800089991,0.6548792123794556,0.078351771000598,100,100,0.7960902786221233,roc_auc,max_epochs,45954,8856482,192.7249450683593,193.0,192.7249450683593,193.0,0.2289074808359146,0.1452974677085876,/kaggle/working/gfd-robustness-v4-factorial-r1/graphs/base/yelpchi/r60_s0/graph.bin,/kaggle/working/gfd-robustness-v4-factorial-r1/graphs/variants/yelpchi/r60_s0/noise_edges_uniform/0.10/seed_1/graph.bin,/kaggle/working/gfd-robustness-v4-factorial-r1/graphs/base/yelpchi/r60_s0/graph.bin,ok,
gfd_robustness_benchmark_v4_factorial,yelpchi,r60_s0,1,1,noise_edges_uniform,0.1,mlp,train_on_variant,0.8072627657109407,0.4418110196452536,0.668932800089991,0.6548792123794556,2.0137384699992253,100,100,0.7960902786221233,roc_auc,max_epochs,45954,8856482,192.7249450683593,193.0,192.7249450683593,193.0,0.2289074808359146,0.1452974677085876,/kaggle/working/gfd-robustness-v4-factorial-r1/graphs/base/yelpchi/r60_s0/graph.bin,/kaggle/working/gfd-robustness-v4-factorial-r1/graphs/variants/yelpchi/r60_s0/noise_edges_uniform/0.10/seed_1/graph.bin,/kaggle/working/gfd-robustness-v4-factorial-r1/graphs/variants/yelpchi/r60_s0/noise_edges_uniform/0.10/seed_1/graph.bin,ok,
gfd_robustness_benchmark_v4_factorial,yelpchi,r60_s0,1,1,noise_edges_uniform,0.1,pmp,train_clean_eval_all,0.8497520297998707,0.5462129720386518,0.7189123766083558,0.2552038431167602,0.4275624330002756,85,75,0.8577235807246035,roc_auc,early_stopping,45954,8856482,192.72494506835932,193.0,192.72494506835932,193.0,0.2289074808359146,0.1452974677085876,/kaggle/working/gfd-robustness-v4-factorial-r1/graphs/base/yelpchi/r60_s0/graph.bin,/kaggle/working/gfd-robustness-v4-factorial-r1/graphs/variants/yelpchi/r60_s0/noise_edges_uniform/0.10/seed_1/graph.bin,/kaggle/working/gfd-robustness-v4-factorial-r1/graphs/base/yelpchi/r60_s0/graph.bin,ok,
gfd_robustness_benchmark_v4_factorial,yelpchi,r60_s0,1,1,noise_edges_uniform,0.1,pmp,train_on_variant,0.8463868628577875,0.5492457327461474,0.7194862801733031,0.2710314691066742,33.08132837099765,57,47,0.8463170241526545,roc_auc,early_stopping,45954,8856482,192.7249450683593,193.0,192.7249450683593,193.0,0.2289074808359146,0.1452974677085876,/kaggle/working/gfd-robustness-v4-factorial-r1/graphs/base/yelpchi/r60_s0/graph.bin,/kaggle/working/gfd-robustness-v4-factorial-r1/graphs/variants/yelpchi/r60_s0/noise_edges_uniform/0.10/seed_1/graph.bin,/kaggle/working/gfd-robustness-v4-factorial-r1/graphs/variants/yelpchi/r60_s0/noise_edges_uniform/0.10/seed_1/graph.bin,ok,
gfd_robustness_benchmark_v4_factorial,yelpchi,r60_s0,1,1,noise_edges_uniform,0.1,sage,train_clean_eval_all,0.5981404045269949,0.196561814815624,0.5457951845532049,0.2802307903766632,0.1439921319979475,23,13,0.6150002980043247,roc_auc,early_stopping,45954,8856482,192.7249450683593,193.0,192.7249450683593,193.0,0.2289074808359146,0.1452974677085876,/kaggle/working/gfd-robustness-v4-factorial-r1/graphs/base/yelpchi/r60_s0/graph.bin,/kaggle/working/gfd-robustness-v4-factorial-r1/graphs/variants/yelpchi/r60_s0/noise_edges_uniform/0.10/seed_1/graph.bin,/kaggle/working/gfd-robustness-v4-factorial-r1/graphs/base/yelpchi/r60_s0/graph.bin,ok,
gfd_robustness_benchmark_v4_factorial,yelpchi,r60_s0,1,1,noise_edges_uniform,0.1,sage,train_on_variant,0.5978282265662158,0.1968336239357292,0.5469331759980112,0.2859628796577453,0.9102224789967296,23,13,0.6166392264284539,roc_auc,early_stopping,45954,8856482,192.7249450683593,193.0,192.7249450683593,193.0,0.2289074808359146,0.1452974677085876,/kaggle/working/gfd-robustness-v4-factorial-r1/graphs/base/yelpchi/r60_s0/graph.bin,/kaggle/working/gfd-robustness-v4-factorial-r1/graphs/variants/yelpchi/r60_s0/noise_edges_uniform/0.10/seed_1/graph.bin,/kaggle/working/gfd-robustness-v4-factorial-r1/graphs/variants/yelpchi/r60_s0/noise_edges_uniform/0.10/seed_1/graph.bin,ok,
gfd_robustness_benchmark_v4_factorial,yelpchi,r60_s0,1,1,noise_edges_uniform,0.1,secgfd,train_clean_eval_all,0.7995709827798578,0.431632364914413,0.6743280161405155,0.669256865978241,0.1697386910018394,50,50,0.7873268058466064,roc_auc,max_epochs,45954,8856482,192.7249450683593,193.0,192.7249450683593,193.0,0.2289074808359146,0.1452974677085876,/kaggle/working/gfd-robustness-v4-factorial-r1/graphs/base/yelpchi/r60_s0/graph.bin,/kaggle/working/gfd-robustness-v4-factorial-r1/graphs/variants/yelpchi/r60_s0/noise_edges_uniform/0.10/seed_1/graph.bin,/kaggle/working/gfd-robustness-v4-factorial-r1/graphs/base/yelpchi/r60_s0/graph.bin,ok,
gfd_robustness_benchmark_v4_factorial,yelpchi,r60_s0,1,1,noise_edges_uniform,0.1,secgfd,train_on_variant,0.8013085177658938,0.435770679921856,0.6706910283353135,0.6773536801338196,5.375634824000372,50,49,0.7939880845950836,roc_auc,max_epochs,45954,8856482,192.7249450683593,193.0,192.7249450683593,193.0,0.2289074808359146,0.1452974677085876,/kaggle/working/gfd-robustness-v4-factorial-r1/graphs/base/yelpchi/r60_s0/graph.bin,/kaggle/working/gfd-robustness-v4-factorial-r1/graphs/variants/yelpchi/r60_s0/noise_edges_uniform/0.10/seed_1/graph.bin,/kaggle/working/gfd-robustness-v4-factorial-r1/graphs/variants/yelpchi/r60_s0/noise_edges_uniform/0.10/seed_1/graph.bin,ok,
gfd_robustness_benchmark_v4_factorial,yelpchi,r60_s0,1,2,noise_edges_uniform,0.1,mlp,train_clean_eval_all,0.8058664207989317,0.4426646605102433,0.6681705838275631,0.6908261179924011,0.0882913360001111,100,100,0.797094624717194,roc_auc,max_epochs,45954,8856482,192.7249450683593,193.0,192.7249450683593,193.0,0.2289074808359146,0.1452974677085876,/kaggle/working/gfd-robustness-v4-factorial-r1/graphs/base/yelpchi/r60_s0/graph.bin,/kaggle/working/gfd-robustness-v4-factorial-r1/graphs/variants/yelpchi/r60_s0/noise_edges_uniform/0.10/seed_1/graph.bin,/kaggle/working/gfd-robustness-v4-factorial-r1/graphs/base/yelpchi/r60_s0/graph.bin,ok,
gfd_robustness_benchmark_v4_factorial,yelpchi,r60_s0,1,2,noise_edges_uniform,0.1,mlp,train_on_variant,0.8058664207989317,0.4426646605102433,0.6681705838275631,0.6908261179924011,1.8880946329991275,100,100,0.797094624717194,roc_auc,max_epochs,45954,8856482,192.7249450683593,193.0,192.7249450683593,193.0,0.2289074808359146,0.1452974677085876,/kaggle/working/gfd-robustness-v4-factorial-r1/graphs/base/yelpchi/r60_s0/graph.bin,/kaggle/working/gfd-robustness-v4-factorial-r1/graphs/variants/yelpchi/r60_s0/noise_edges_uniform/0.10/seed_1/graph.bin,/kaggle/working/gfd-robustness-v4-factorial-r1/graphs/variants/yelpchi/r60_s0/noise_edges_uniform/0.10/seed_1/graph.bin,ok,
gfd_robustness_benchmark_v4_factorial,yelpchi,r60_s0,1,2,noise_edges_uniform,0.1,pmp,train_clean_eval_all,0.8408328772699001,0.5303709380894714,0.7106555659573978,0.402582585811615,0.2885188050022407,36,26,0.8494535554299965,roc_auc,early_stopping,45954,8856482,192.72494506835932,193.0,192.72494506835932,193.0,0.2289074808359146,0.1452974677085876,/kaggle/working/gfd-robustness-v4-factorial-r1/graphs/base/yelpchi/r60_s0/graph.bin,/kaggle/working/gfd-robustness-v4-factorial-r1/graphs/variants/yelpchi/r60_s0/noise_edges_uniform/0.10/seed_1/graph.bin,/kaggle/working/gfd-robustness-v4-factorial-r1/graphs/base/yelpchi/r60_s0/graph.bin,ok,
gfd_robustness_benchmark_v4_factorial,yelpchi,r60_s0,1,2,noise_edges_uniform,0.1,pmp,train_on_variant,0.8473078188073954,0.5494095595754789,0.7200159575032337,0.2860880196094513,41.96980091500154,75,65,0.8464232090536098,roc_auc,early_stopping,45954,8856482,192.7249450683593,193.0,192.7249450683593,193.0,0.2289074808359146,0.1452974677085876,/kaggle/working/gfd-robustness-v4-factorial-r1/graphs/base/yelpchi/r60_s0/graph.bin,/kaggle/working/gfd-robustness-v4-factorial-r1/graphs/variants/yelpchi/r60_s0/noise_edges_uniform/0.10/seed_1/graph.bin,/kaggle/working/gfd-robustness-v4-factorial-r1/graphs/variants/yelpchi/r60_s0/noise_edges_uniform/0.10/seed_1/graph.bin,ok,
gfd_robustness_benchmark_v4_factorial,yelpchi,r60_s0,1,2,noise_edges_uniform,0.1,sage,train_clean_eval_all,0.795833708092979,0.4327407748076637,0.6668017781755402,0.6172454953193665,0.1217775069999334,100,100,0.7885236865757396,roc_auc,max_epochs,45954,8856482,192.7249450683593,193.0,192.7249450683593,193.0,0.2289074808359146,0.1452974677085876,/kaggle/working/gfd-robustness-v4-factorial-r1/graphs/base/yelpchi/r60_s0/graph.bin,/kaggle/working/gfd-robustness-v4-factorial-r1/graphs/variants/yelpchi/r60_s0/noise_edges_uniform/0.10/seed_1/graph.bin,/kaggle/working/gfd-robustness-v4-factorial-r1/graphs/base/yelpchi/r60_s0/graph.bin,ok,
gfd_robustness_benchmark_v4_factorial,yelpchi,r60_s0,1,2,noise_edges_uniform,0.1,sage,train_on_variant,0.7925170852287279,0.4288540880585865,0.664458194163062,0.6689885854721069,3.5362766969992663,100,96,0.7825800022409926,roc_auc,max_epochs,45954,8856482,192.7249450683593,193.0,192.7249450683593,193.0,0.2289074808359146,0.1452974677085876,/kaggle/working/gfd-robustness-v4-factorial-r1/graphs/base/yelpchi/r60_s0/graph.bin,/kaggle/working/gfd-robustness-v4-factorial-r1/graphs/variants/yelpchi/r60_s0/noise_edges_uniform/0.10/seed_1/graph.bin,/kaggle/working/gfd-robustness-v4-factorial-r1/graphs/variants/yelpchi/r60_s0/noise_edges_uniform/0.10/seed_1/graph.bin,ok,
gfd_robustness_benchmark_v4_factorial,yelpchi,r60_s0,1,2,noise_edges_uniform,0.1,secgfd,train_clean_eval_all,0.8139365045367514,0.4736382960158166,0.6891833432388179,0.6859545111656189,0.193101602999377,50,50,0.8053339913268821,roc_auc,max_epochs,45954,8856482,192.7249450683593,193.0,192.7249450683593,193.0,0.2289074808359146,0.1452974677085876,/kaggle/working/gfd-robustness-v4-factorial-r1/graphs/base/yelpchi/r60_s0/graph.bin,/kaggle/working/gfd-robustness-v4-factorial-r1/graphs/variants/yelpchi/r60_s0/noise_edges_uniform/0.10/seed_1/graph.bin,/kaggle/working/gfd-robustness-v4-factorial-r1/graphs/base/yelpchi/r60_s0/graph.bin,ok,
gfd_robustness_benchmark_v4_factorial,yelpchi,r60_s0,1,2,noise_edges_uniform,0.1,secgfd,train_on_variant,0.8149296811163823,0.4817649721765295,0.6889455295848317,0.6776893138885498,5.227351317000284,50,50,0.8058919031032978,roc_auc,max_epochs,45954,8856482,192.7249450683593,193.0,192.7249450683593,193.0,0.2289074808359146,0.1452974677085876,/kaggle/working/gfd-robustness-v4-factorial-r1/graphs/base/yelpchi/r60_s0/graph.bin,/kaggle/working/gfd-robustness-v4-factorial-r1/graphs/variants/yelpchi/r60_s0/noise_edges_uniform/0.10/seed_1/graph.bin,/kaggle/working/gfd-robustness-v4-factorial-r1/graphs/variants/yelpchi/r60_s0/noise_edges_uniform/0.10/seed_1/graph.bin,ok,
gfd_robustness_benchmark_v4_factorial,yelpchi,r60_s0,1,3,noise_edges_uniform,0.1,mlp,train_clean_eval_all,0.805465110385136,0.435856309524571,0.6683207551370244,0.6890000104904175,0.086174234002101,100,100,0.7965709953582847,roc_auc,max_epochs,45954,8856482,192.7249450683593,193.0,192.7249450683593,193.0,0.2289074808359146,0.1452974677085876,/kaggle/working/gfd-robustness-v4-factorial-r1/graphs/base/yelpchi/r60_s0/graph.bin,/kaggle/working/gfd-robustness-v4-factorial-r1/graphs/variants/yelpchi/r60_s0/noise_edges_uniform/0.10/seed_1/graph.bin,/kaggle/working/gfd-robustness-v4-factorial-r1/graphs/base/yelpchi/r60_s0/graph.bin,ok,
gfd_robustness_benchmark_v4_factorial,yelpchi,r60_s0,1,3,noise_edges_uniform,0.1,mlp,train_on_variant,0.805465110385136,0.435856309524571,0.6683207551370244,0.6890000104904175,1.8987965950000216,100,100,0.7965709953582847,roc_auc,max_epochs,45954,8856482,192.7249450683593,193.0,192.7249450683593,193.0,0.2289074808359146,0.1452974677085876,/kaggle/working/gfd-robustness-v4-factorial-r1/graphs/base/yelpchi/r60_s0/graph.bin,/kaggle/working/gfd-robustness-v4-factorial-r1/graphs/variants/yelpchi/r60_s0/noise_edges_uniform/0.10/seed_1/graph.bin,/kaggle/working/gfd-robustness-v4-factorial-r1/graphs/variants/yelpchi/r60_s0/noise_edges_uniform/0.10/seed_1/graph.bin,ok,
gfd_robustness_benchmark_v4_factorial,yelpchi,r60_s0,1,3,noise_edges_uniform,0.1,pmp,train_clean_eval_all,0.8564070465230436,0.5807087435284817,0.7289854645163192,0.311098039150238,0.2820116240000061,95,85,0.8754252760116055,roc_auc,early_stopping,45954,8856482,192.72494506835932,193.0,192.72494506835932,193.0,0.2289074808359146,0.1452974677085876,/kaggle/working/gfd-robustness-v4-factorial-r1/graphs/base/yelpchi/r60_s0/graph.bin,/kaggle/working/gfd-robustness-v4-factorial-r1/graphs/variants/yelpchi/r60_s0/noise_edges_uniform/0.10/seed_1/graph.bin,/kaggle/working/gfd-robustness-v4-factorial-r1/graphs/base/yelpchi/r60_s0/graph.bin,ok,
gfd_robustness_benchmark_v4_factorial,yelpchi,r60_s0,1,3,noise_edges_uniform,0.1,pmp,train_on_variant,0.8470882985810456,0.5455841762542322,0.7141364745605656,0.3677466511726379,33.503256657997554,60,50,0.8474227870794862,roc_auc,early_stopping,45954,8856482,192.7249450683593,193.0,192.7249450683593,193.0,0.2289074808359146,0.1452974677085876,/kaggle/working/gfd-robustness-v4-factorial-r1/graphs/base/yelpchi/r60_s0/graph.bin,/kaggle/working/gfd-robustness-v4-factorial-r1/graphs/variants/yelpchi/r60_s0/noise_edges_uniform/0.10/seed_1/graph.bin,/kaggle/working/gfd-robustness-v4-factorial-r1/graphs/variants/yelpchi/r60_s0/noise_edges_uniform/0.10/seed_1/graph.bin,ok,
gfd_robustness_benchmark_v4_factorial,yelpchi,r60_s0,1,3,noise_edges_uniform,0.1,sage,train_clean_eval_all,0.7965951212391916,0.4363704193039499,0.6687870014876314,0.678034782409668,0.1283177379991684,100,100,0.790009846062886,roc_auc,max_epochs,45954,8856482,192.7249450683593,193.0,192.7249450683593,193.0,0.2289074808359146,0.1452974677085876,/kaggle/working/gfd-robustness-v4-factorial-r1/graphs/base/yelpchi/r60_s0/graph.bin,/kaggle/working/gfd-robustness-v4-factorial-r1/graphs/variants/yelpchi/r60_s0/noise_edges_uniform/0.10/seed_1/graph.bin,/kaggle/working/gfd-robustness-v4-factorial-r1/graphs/base/yelpchi/r60_s0/graph.bin,ok,
gfd_robustness_benchmark_v4_factorial,yelpchi,r60_s0,1,3,noise_edges_uniform,0.1,sage,train_on_variant,0.7939855078539458,0.4337245238855214,0.6714414931822712,0.6669612526893616,3.483121225999639,100,100,0.7849759570110881,roc_auc,max_epochs,45954,8856482,192.7249450683593,193.0,192.7249450683593,193.0,0.2289074808359146,0.1452974677085876,/kaggle/working/gfd-robustness-v4-factorial-r1/graphs/base/yelpchi/r60_s0/graph.bin,/kaggle/working/gfd-robustness-v4-factorial-r1/graphs/variants/yelpchi/r60_s0/noise_edges_uniform/0.10/seed_1/graph.bin,/kaggle/working/gfd-robustness-v4-factorial-r1/graphs/variants/yelpchi/r60_s0/noise_edges_uniform/0.10/seed_1/graph.bin,ok,
gfd_robustness_benchmark_v4_factorial,yelpchi,r60_s0,1,3,noise_edges_uniform,0.1,secgfd,train_clean_eval_all,0.799250182171299,0.4246003535284403,0.6673398041387097,0.7169128656387329,0.1699227069984772,50,50,0.7874013307681121,roc_auc,max_epochs,45954,8856482,192.7249450683593,193.0,192.7249450683593,193.0,0.2289074808359146,0.1452974677085876,/kaggle/working/gfd-robustness-v4-factorial-r1/graphs/base/yelpchi/r60_s0/graph.bin,/kaggle/working/gfd-robustness-v4-factorial-r1/graphs/variants/yelpchi/r60_s0/noise_edges_uniform/0.10/seed_1/graph.bin,/kaggle/working/gfd-robustness-v4-factorial-r1/graphs/base/yelpchi/r60_s0/graph.bin,ok,
gfd_robustness_benchmark_v4_factorial,yelpchi,r60_s0,1,3,noise_edges_uniform,0.1,secgfd,train_on_variant,0.8147517020439772,0.4730765858954265,0.6892471491526763,0.7074524760246277,5.2112343099997815,50,50,0.8058632946881326,roc_auc,max_epochs,45954,8856482,192.7249450683593,193.0,192.7249450683593,193.0,0.2289074808359146,0.1452974677085876,/kaggle/working/gfd-robustness-v4-factorial-r1/graphs/base/yelpchi/r60_s0/graph.bin,/kaggle/working/gfd-robustness-v4-factorial-r1/graphs/variants/yelpchi/r60_s0/noise_edges_uniform/0.10/seed_1/graph.bin,/kaggle/working/gfd-robustness-v4-factorial-r1/graphs/variants/yelpchi/r60_s0/noise_edges_uniform/0.10/seed_1/graph.bin,ok,
gfd_robustness_benchmark_v4_factorial,yelpchi,r60_s0,1,4,noise_edges_uniform,0.1,mlp,train_clean_eval_all,0.8049343649767674,0.4459862676711785,0.6719939992863229,0.6745531558990479,0.095119607001834,100,100,0.7943539385443562,roc_auc,max_epochs,45954,8856482,192.7249450683593,193.0,192.7249450683593,193.0,0.2289074808359146,0.1452974677085876,/kaggle/working/gfd-robustness-v4-factorial-r1/graphs/base/yelpchi/r60_s0/graph.bin,/kaggle/working/gfd-robustness-v4-factorial-r1/graphs/variants/yelpchi/r60_s0/noise_edges_uniform/0.10/seed_1/graph.bin,/kaggle/working/gfd-robustness-v4-factorial-r1/graphs/base/yelpchi/r60_s0/graph.bin,ok,
gfd_robustness_benchmark_v4_factorial,yelpchi,r60_s0,1,4,noise_edges_uniform,0.1,mlp,train_on_variant,0.8049343649767674,0.4459862676711785,0.6719939992863229,0.6745531558990479,1.9446622499999648,100,100,0.7943539385443562,roc_auc,max_epochs,45954,8856482,192.7249450683593,193.0,192.7249450683593,193.0,0.2289074808359146,0.1452974677085876,/kaggle/working/gfd-robustness-v4-factorial-r1/graphs/base/yelpchi/r60_s0/graph.bin,/kaggle/working/gfd-robustness-v4-factorial-r1/graphs/variants/yelpchi/r60_s0/noise_edges_uniform/0.10/seed_1/graph.bin,/kaggle/working/gfd-robustness-v4-factorial-r1/graphs/variants/yelpchi/r60_s0/noise_edges_uniform/0.10/seed_1/graph.bin,ok,
gfd_robustness_benchmark_v4_factorial,yelpchi,r60_s0,1,4,noise_edges_uniform,0.1,pmp,train_clean_eval_all,0.851452072941693,0.5635153542962434,0.7258755092072143,0.2526274025440216,0.2902566609991481,72,62,0.8613409240994905,roc_auc,early_stopping,45954,8856482,192.72494506835932,193.0,192.72494506835932,193.0,0.2289074808359146,0.1452974677085876,/kaggle/working/gfd-robustness-v4-factorial-r1/graphs/base/yelpchi/r60_s0/graph.bin,/kaggle/working/gfd-robustness-v4-factorial-r1/graphs/variants/yelpchi/r60_s0/noise_edges_uniform/0.10/seed_1/graph.bin,/kaggle/working/gfd-robustness-v4-factorial-r1/graphs/base/yelpchi/r60_s0/graph.bin,ok,
gfd_robustness_benchmark_v4_factorial,yelpchi,r60_s0,1,4,noise_edges_uniform,0.1,pmp,train_on_variant,0.8566319023104504,0.585964406459954,0.7270738548868672,0.3716482818126678,42.52865379899959,75,65,0.8541993100603876,roc_auc,early_stopping,45954,8856482,192.7249450683593,193.0,192.7249450683593,193.0,0.2289074808359146,0.1452974677085876,/kaggle/working/gfd-robustness-v4-factorial-r1/graphs/base/yelpchi/r60_s0/graph.bin,/kaggle/working/gfd-robustness-v4-factorial-r1/graphs/variants/yelpchi/r60_s0/noise_edges_uniform/0.10/seed_1/graph.bin,/kaggle/working/gfd-robustness-v4-factorial-r1/graphs/variants/yelpchi/r60_s0/noise_edges_uniform/0.10/seed_1/graph.bin,ok,
gfd_robustness_benchmark_v4_factorial,yelpchi,r60_s0,1,4,noise_edges_uniform,0.1,sage,train_clean_eval_all,0.8046014164390161,0.4370553351859198,0.666409212227885,0.652508556842804,0.181077996003296,100,99,0.7973325990506774,roc_auc,max_epochs,45954,8856482,192.7249450683593,193.0,192.7249450683593,193.0,0.2289074808359146,0.1452974677085876,/kaggle/working/gfd-robustness-v4-factorial-r1/graphs/base/yelpchi/r60_s0/graph.bin,/kaggle/working/gfd-robustness-v4-factorial-r1/graphs/variants/yelpchi/r60_s0/noise_edges_uniform/0.10/seed_1/graph.bin,/kaggle/working/gfd-robustness-v4-factorial-r1/graphs/base/yelpchi/r60_s0/graph.bin,ok,
gfd_robustness_benchmark_v4_factorial,yelpchi,r60_s0,1,4,noise_edges_uniform,0.1,sage,train_on_variant,0.7969193994902253,0.4305035280228642,0.6617060252355138,0.650596559047699,3.5407156119981664,100,98,0.7887577987731758,roc_auc,max_epochs,45954,8856482,192.7249450683593,193.0,192.7249450683593,193.0,0.2289074808359146,0.1452974677085876,/kaggle/working/gfd-robustness-v4-factorial-r1/graphs/base/yelpchi/r60_s0/graph.bin,/kaggle/working/gfd-robustness-v4-factorial-r1/graphs/variants/yelpchi/r60_s0/noise_edges_uniform/0.10/seed_1/graph.bin,/kaggle/working/gfd-robustness-v4-factorial-r1/graphs/variants/yelpchi/r60_s0/noise_edges_uniform/0.10/seed_1/graph.bin,ok,
gfd_robustness_benchmark_v4_factorial,yelpchi,r60_s0,1,4,noise_edges_uniform,0.1,secgfd,train_clean_eval_all,0.7952160216227423,0.4146053716512175,0.6682376033543802,0.6925545334815979,0.1998855089987046,50,50,0.7887418257413752,roc_auc,max_epochs,45954,8856482,192.7249450683593,193.0,192.7249450683593,193.0,0.2289074808359146,0.1452974677085876,/kaggle/working/gfd-robustness-v4-factorial-r1/graphs/base/yelpchi/r60_s0/graph.bin,/kaggle/working/gfd-robustness-v4-factorial-r1/graphs/variants/yelpchi/r60_s0/noise_edges_uniform/0.10/seed_1/graph.bin,/kaggle/working/gfd-robustness-v4-factorial-r1/graphs/base/yelpchi/r60_s0/graph.bin,ok,
gfd_robustness_benchmark_v4_factorial,yelpchi,r60_s0,1,4,noise_edges_uniform,0.1,secgfd,train_on_variant,0.798275965888996,0.4289030879481409,0.6700546635998357,0.7041274905204773,5.161425612999665,50,49,0.7903260644118467,roc_auc,max_epochs,45954,8856482,192.7249450683593,193.0,192.7249450683593,193.0,0.2289074808359146,0.1452974677085876,/kaggle/working/gfd-robustness-v4-factorial-r1/graphs/base/yelpchi/r60_s0/graph.bin,/kaggle/working/gfd-robustness-v4-factorial-r1/graphs/variants/yelpchi/r60_s0/noise_edges_uniform/0.10/seed_1/graph.bin,/kaggle/working/gfd-robustness-v4-factorial-r1/graphs/variants/yelpchi/r60_s0/noise_edges_uniform/0.10/seed_1/graph.bin,ok,
gfd_robustness_benchmark_v4_factorial,yelpchi,r60_s0,0,0,noise_edges_uniform,0.2,mlp,train_clean_eval_all,0.7500588817273802,0.3386673790685267,0.6257580788607755,0.504684567451477,0.0906267600003047,17,7,0.7453053352310248,roc_auc,early_stopping,45954,9661617,210.24539184570312,210.0,210.24539184570312,210.0,0.2304346114397049,0.1452974677085876,/kaggle/working/gfd-robustness-v4-factorial-r1/graphs/base/yelpchi/r60_s0/graph.bin,/kaggle/working/gfd-robustness-v4-factorial-r1/graphs/variants/yelpchi/r60_s0/noise_edges_uniform/0.20/seed_0/graph.bin,/kaggle/working/gfd-robustness-v4-factorial-r1/graphs/base/yelpchi/r60_s0/graph.bin,ok,
gfd_robustness_benchmark_v4_factorial,yelpchi,r60_s0,0,0,noise_edges_uniform,0.2,mlp,train_on_variant,0.7500588817273802,0.3386673790685267,0.6257580788607755,0.504684567451477,0.3907112699998833,17,7,0.7453053352310248,roc_auc,early_stopping,45954,9661617,210.24539184570312,210.0,210.24539184570312,210.0,0.2304346114397049,0.1452974677085876,/kaggle/working/gfd-robustness-v4-factorial-r1/graphs/base/yelpchi/r60_s0/graph.bin,/kaggle/working/gfd-robustness-v4-factorial-r1/graphs/variants/yelpchi/r60_s0/noise_edges_uniform/0.20/seed_0/graph.bin,/kaggle/working/gfd-robustness-v4-factorial-r1/graphs/variants/yelpchi/r60_s0/noise_edges_uniform/0.20/seed_0/graph.bin,ok,
gfd_robustness_benchmark_v4_factorial,yelpchi,r60_s0,0,0,noise_edges_uniform,0.2,pmp,train_clean_eval_all,0.8427012764186494,0.5312390140516672,0.707884502639685,0.2222334295511245,0.4219040880016109,47,37,0.8544697072643919,roc_auc,early_stopping,45954,9661617,210.24539184570312,210.0,210.24539184570312,210.0,0.2304346114397049,0.1452974677085876,/kaggle/working/gfd-robustness-v4-factorial-r1/graphs/base/yelpchi/r60_s0/graph.bin,/kaggle/working/gfd-robustness-v4-factorial-r1/graphs/variants/yelpchi/r60_s0/noise_edges_uniform/0.20/seed_0/graph.bin,/kaggle/working/gfd-robustness-v4-factorial-r1/graphs/base/yelpchi/r60_s0/graph.bin,ok,
gfd_robustness_benchmark_v4_factorial,yelpchi,r60_s0,0,0,noise_edges_uniform,0.2,pmp,train_on_variant,0.8370574914326134,0.5137575095807205,0.7045958073327345,0.212693989276886,22.27060764100316,39,29,0.8358968380549139,roc_auc,early_stopping,45954,9661617,210.24539184570312,210.0,210.24539184570312,210.0,0.2304346114397049,0.1452974677085876,/kaggle/working/gfd-robustness-v4-factorial-r1/graphs/base/yelpchi/r60_s0/graph.bin,/kaggle/working/gfd-robustness-v4-factorial-r1/graphs/variants/yelpchi/r60_s0/noise_edges_uniform/0.20/seed_0/graph.bin,/kaggle/working/gfd-robustness-v4-factorial-r1/graphs/variants/yelpchi/r60_s0/noise_edges_uniform/0.20/seed_0/graph.bin,ok,
gfd_robustness_benchmark_v4_factorial,yelpchi,r60_s0,0,0,noise_edges_uniform,0.2,sage,train_clean_eval_all,0.7919068304328207,0.4349106847937402,0.6616037395168343,0.6509830951690674,0.1468328590017336,100,100,0.7853851527093361,roc_auc,max_epochs,45954,9661617,210.24539184570312,210.0,210.24539184570312,210.0,0.2304346114397049,0.1452974677085876,/kaggle/working/gfd-robustness-v4-factorial-r1/graphs/base/yelpchi/r60_s0/graph.bin,/kaggle/working/gfd-robustness-v4-factorial-r1/graphs/variants/yelpchi/r60_s0/noise_edges_uniform/0.20/seed_0/graph.bin,/kaggle/working/gfd-robustness-v4-factorial-r1/graphs/base/yelpchi/r60_s0/graph.bin,ok,
gfd_robustness_benchmark_v4_factorial,yelpchi,r60_s0,0,0,noise_edges_uniform,0.2,sage,train_on_variant,0.7882631662591314,0.4239554142743766,0.6602050957896253,0.6769334077835083,3.719581047000247,100,99,0.7812334518198528,roc_auc,max_epochs,45954,9661617,210.24539184570312,210.0,210.24539184570312,210.0,0.2304346114397049,0.1452974677085876,/kaggle/working/gfd-robustness-v4-factorial-r1/graphs/base/yelpchi/r60_s0/graph.bin,/kaggle/working/gfd-robustness-v4-factorial-r1/graphs/variants/yelpchi/r60_s0/noise_edges_uniform/0.20/seed_0/graph.bin,/kaggle/working/gfd-robustness-v4-factorial-r1/graphs/variants/yelpchi/r60_s0/noise_edges_uniform/0.20/seed_0/graph.bin,ok,
gfd_robustness_benchmark_v4_factorial,yelpchi,r60_s0,0,0,noise_edges_uniform,0.2,secgfd,train_clean_eval_all,0.8184996478529702,0.4764482579069422,0.6955860702748432,0.7366681694984436,0.1818683679994137,50,50,0.8122382508814968,roc_auc,max_epochs,45954,9661617,210.24539184570312,210.0,210.24539184570312,210.0,0.2304346114397049,0.1452974677085876,/kaggle/working/gfd-robustness-v4-factorial-r1/graphs/base/yelpchi/r60_s0/graph.bin,/kaggle/working/gfd-robustness-v4-factorial-r1/graphs/variants/yelpchi/r60_s0/noise_edges_uniform/0.20/seed_0/graph.bin,/kaggle/working/gfd-robustness-v4-factorial-r1/graphs/base/yelpchi/r60_s0/graph.bin,ok,
gfd_robustness_benchmark_v4_factorial,yelpchi,r60_s0,0,0,noise_edges_uniform,0.2,secgfd,train_on_variant,0.825236079521202,0.4978498704807767,0.6944224952699529,0.6895980834960938,5.787266981000357,50,49,0.8215856214105379,roc_auc,max_epochs,45954,9661617,210.24539184570312,210.0,210.24539184570312,210.0,0.2304346114397049,0.1452974677085876,/kaggle/working/gfd-robustness-v4-factorial-r1/graphs/base/yelpchi/r60_s0/graph.bin,/kaggle/working/gfd-robustness-v4-factorial-r1/graphs/variants/yelpchi/r60_s0/noise_edges_uniform/0.20/seed_0/graph.bin,/kaggle/working/gfd-robustness-v4-factorial-r1/graphs/variants/yelpchi/r60_s0/noise_edges_uniform/0.20/seed_0/graph.bin,ok,
gfd_robustness_benchmark_v4_factorial,yelpchi,r60_s0,0,1,noise_edges_uniform,0.2,mlp,train_clean_eval_all,0.8072627657109407,0.4418110196452536,0.668932800089991,0.6548792123794556,0.0703314179991139,100,100,0.7960902786221233,roc_auc,max_epochs,45954,9661617,210.24539184570312,210.0,210.24539184570312,210.0,0.2304346114397049,0.1452974677085876,/kaggle/working/gfd-robustness-v4-factorial-r1/graphs/base/yelpchi/r60_s0/graph.bin,/kaggle/working/gfd-robustness-v4-factorial-r1/graphs/variants/yelpchi/r60_s0/noise_edges_uniform/0.20/seed_0/graph.bin,/kaggle/working/gfd-robustness-v4-factorial-r1/graphs/base/yelpchi/r60_s0/graph.bin,ok,
gfd_robustness_benchmark_v4_factorial,yelpchi,r60_s0,0,1,noise_edges_uniform,0.2,mlp,train_on_variant,0.8072627657109407,0.4418110196452536,0.668932800089991,0.6548792123794556,1.9940489100008565,100,100,0.7960902786221233,roc_auc,max_epochs,45954,9661617,210.24539184570312,210.0,210.24539184570312,210.0,0.2304346114397049,0.1452974677085876,/kaggle/working/gfd-robustness-v4-factorial-r1/graphs/base/yelpchi/r60_s0/graph.bin,/kaggle/working/gfd-robustness-v4-factorial-r1/graphs/variants/yelpchi/r60_s0/noise_edges_uniform/0.20/seed_0/graph.bin,/kaggle/working/gfd-robustness-v4-factorial-r1/graphs/variants/yelpchi/r60_s0/noise_edges_uniform/0.20/seed_0/graph.bin,ok,
gfd_robustness_benchmark_v4_factorial,yelpchi,r60_s0,0,1,noise_edges_uniform,0.2,pmp,train_clean_eval_all,0.8408292567106114,0.528950510906908,0.7098491148892547,0.2552038431167602,0.3853692800003045,85,75,0.8577235807246035,roc_auc,early_stopping,45954,9661617,210.24539184570312,210.0,210.24539184570312,210.0,0.2304346114397049,0.1452974677085876,/kaggle/working/gfd-robustness-v4-factorial-r1/graphs/base/yelpchi/r60_s0/graph.bin,/kaggle/working/gfd-robustness-v4-factorial-r1/graphs/variants/yelpchi/r60_s0/noise_edges_uniform/0.20/seed_0/graph.bin,/kaggle/working/gfd-robustness-v4-factorial-r1/graphs/base/yelpchi/r60_s0/graph.bin,ok,
gfd_robustness_benchmark_v4_factorial,yelpchi,r60_s0,0,1,noise_edges_uniform,0.2,pmp,train_on_variant,0.8409226290291109,0.5370301761586241,0.711661112039208,0.3413406312465668,29.42766218500037,51,41,0.8394227775433477,roc_auc,early_stopping,45954,9661617,210.24539184570312,210.0,210.24539184570312,210.0,0.2304346114397049,0.1452974677085876,/kaggle/working/gfd-robustness-v4-factorial-r1/graphs/base/yelpchi/r60_s0/graph.bin,/kaggle/working/gfd-robustness-v4-factorial-r1/graphs/variants/yelpchi/r60_s0/noise_edges_uniform/0.20/seed_0/graph.bin,/kaggle/working/gfd-robustness-v4-factorial-r1/graphs/variants/yelpchi/r60_s0/noise_edges_uniform/0.20/seed_0/graph.bin,ok,
gfd_robustness_benchmark_v4_factorial,yelpchi,r60_s0,0,1,noise_edges_uniform,0.2,sage,train_clean_eval_all,0.5998016219343391,0.200363120720608,0.5481599420493752,0.2802307903766632,0.1491887249976571,23,13,0.6150002980043247,roc_auc,early_stopping,45954,9661617,210.24539184570312,210.0,210.24539184570312,210.0,0.2304346114397049,0.1452974677085876,/kaggle/working/gfd-robustness-v4-factorial-r1/graphs/base/yelpchi/r60_s0/graph.bin,/kaggle/working/gfd-robustness-v4-factorial-r1/graphs/variants/yelpchi/r60_s0/noise_edges_uniform/0.20/seed_0/graph.bin,/kaggle/working/gfd-robustness-v4-factorial-r1/graphs/base/yelpchi/r60_s0/graph.bin,ok,
gfd_robustness_benchmark_v4_factorial,yelpchi,r60_s0,0,1,noise_edges_uniform,0.2,sage,train_on_variant,0.5996536077539422,0.2008676974048579,0.5477841445482047,0.2813155949115753,1.04893377499684,23,13,0.620190627406385,roc_auc,early_stopping,45954,9661617,210.24539184570312,210.0,210.24539184570312,210.0,0.2304346114397049,0.1452974677085876,/kaggle/working/gfd-robustness-v4-factorial-r1/graphs/base/yelpchi/r60_s0/graph.bin,/kaggle/working/gfd-robustness-v4-factorial-r1/graphs/variants/yelpchi/r60_s0/noise_edges_uniform/0.20/seed_0/graph.bin,/kaggle/working/gfd-robustness-v4-factorial-r1/graphs/variants/yelpchi/r60_s0/noise_edges_uniform/0.20/seed_0/graph.bin,ok,
gfd_robustness_benchmark_v4_factorial,yelpchi,r60_s0,0,1,noise_edges_uniform,0.2,secgfd,train_clean_eval_all,0.798996457187458,0.4276980572568397,0.671871928051882,0.669256865978241,0.1855939160013804,50,50,0.7873268058466064,roc_auc,max_epochs,45954,9661617,210.24539184570312,210.0,210.24539184570312,210.0,0.2304346114397049,0.1452974677085876,/kaggle/working/gfd-robustness-v4-factorial-r1/graphs/base/yelpchi/r60_s0/graph.bin,/kaggle/working/gfd-robustness-v4-factorial-r1/graphs/variants/yelpchi/r60_s0/noise_edges_uniform/0.20/seed_0/graph.bin,/kaggle/working/gfd-robustness-v4-factorial-r1/graphs/base/yelpchi/r60_s0/graph.bin,ok,
gfd_robustness_benchmark_v4_factorial,yelpchi,r60_s0,0,1,noise_edges_uniform,0.2,secgfd,train_on_variant,0.8044709333878068,0.4478910115253137,0.6709315759399579,0.7141505479812622,5.681297917999473,50,50,0.7974448870802013,roc_auc,max_epochs,45954,9661617,210.24539184570312,210.0,210.24539184570312,210.0,0.2304346114397049,0.1452974677085876,/kaggle/working/gfd-robustness-v4-factorial-r1/graphs/base/yelpchi/r60_s0/graph.bin,/kaggle/working/gfd-robustness-v4-factorial-r1/graphs/variants/yelpchi/r60_s0/noise_edges_uniform/0.20/seed_0/graph.bin,/kaggle/working/gfd-robustness-v4-factorial-r1/graphs/variants/yelpchi/r60_s0/noise_edges_uniform/0.20/seed_0/graph.bin,ok,
gfd_robustness_benchmark_v4_factorial,yelpchi,r60_s0,0,2,noise_edges_uniform,0.2,mlp,train_clean_eval_all,0.8058664207989317,0.4426646605102433,0.6681705838275631,0.6908261179924011,0.088719247996778,100,100,0.797094624717194,roc_auc,max_epochs,45954,9661617,210.24539184570312,210.0,210.24539184570312,210.0,0.2304346114397049,0.1452974677085876,/kaggle/working/gfd-robustness-v4-factorial-r1/graphs/base/yelpchi/r60_s0/graph.bin,/kaggle/working/gfd-robustness-v4-factorial-r1/graphs/variants/yelpchi/r60_s0/noise_edges_uniform/0.20/seed_0/graph.bin,/kaggle/working/gfd-robustness-v4-factorial-r1/graphs/base/yelpchi/r60_s0/graph.bin,ok,
gfd_robustness_benchmark_v4_factorial,yelpchi,r60_s0,0,2,noise_edges_uniform,0.2,mlp,train_on_variant,0.8058664207989317,0.4426646605102433,0.6681705838275631,0.6908261179924011,1.922160195998004,100,100,0.797094624717194,roc_auc,max_epochs,45954,9661617,210.24539184570312,210.0,210.24539184570312,210.0,0.2304346114397049,0.1452974677085876,/kaggle/working/gfd-robustness-v4-factorial-r1/graphs/base/yelpchi/r60_s0/graph.bin,/kaggle/working/gfd-robustness-v4-factorial-r1/graphs/variants/yelpchi/r60_s0/noise_edges_uniform/0.20/seed_0/graph.bin,/kaggle/working/gfd-robustness-v4-factorial-r1/graphs/variants/yelpchi/r60_s0/noise_edges_uniform/0.20/seed_0/graph.bin,ok,
gfd_robustness_benchmark_v4_factorial,yelpchi,r60_s0,0,2,noise_edges_uniform,0.2,pmp,train_clean_eval_all,0.8313141887050746,0.5093305557480122,0.6968960655250442,0.402582585811615,0.3399840310012223,36,26,0.8494535554299965,roc_auc,early_stopping,45954,9661617,210.24539184570312,210.0,210.24539184570312,210.0,0.2304346114397049,0.1452974677085876,/kaggle/working/gfd-robustness-v4-factorial-r1/graphs/base/yelpchi/r60_s0/graph.bin,/kaggle/working/gfd-robustness-v4-factorial-r1/graphs/variants/yelpchi/r60_s0/noise_edges_uniform/0.20/seed_0/graph.bin,/kaggle/working/gfd-robustness-v4-factorial-r1/graphs/base/yelpchi/r60_s0/graph.bin,ok,
gfd_robustness_benchmark_v4_factorial,yelpchi,r60_s0,0,2,noise_edges_uniform,0.2,pmp,train_on_variant,0.8450534966218276,0.5343744731417293,0.7114235821732655,0.2660577595233917,33.953075476001686,59,49,0.8389050605902393,roc_auc,early_stopping,45954,9661617,210.24539184570312,210.0,210.24539184570312,210.0,0.2304346114397049,0.1452974677085876,/kaggle/working/gfd-robustness-v4-factorial-r1/graphs/base/yelpchi/r60_s0/graph.bin,/kaggle/working/gfd-robustness-v4-factorial-r1/graphs/variants/yelpchi/r60_s0/noise_edges_uniform/0.20/seed_0/graph.bin,/kaggle/working/gfd-robustness-v4-factorial-r1/graphs/variants/yelpchi/r60_s0/noise_edges_uniform/0.20/seed_0/graph.bin,ok,
gfd_robustness_benchmark_v4_factorial,yelpchi,r60_s0,0,2,noise_edges_uniform,0.2,sage,train_clean_eval_all,0.7941847338927034,0.4292873527551508,0.6648666931691642,0.6172454953193665,0.1332891950005432,100,100,0.7885236865757396,roc_auc,max_epochs,45954,9661617,210.24539184570312,210.0,210.24539184570312,210.0,0.2304346114397049,0.1452974677085876,/kaggle/working/gfd-robustness-v4-factorial-r1/graphs/base/yelpchi/r60_s0/graph.bin,/kaggle/working/gfd-robustness-v4-factorial-r1/graphs/variants/yelpchi/r60_s0/noise_edges_uniform/0.20/seed_0/graph.bin,/kaggle/working/gfd-robustness-v4-factorial-r1/graphs/base/yelpchi/r60_s0/graph.bin,ok,
gfd_robustness_benchmark_v4_factorial,yelpchi,r60_s0,0,2,noise_edges_uniform,0.2,sage,train_on_variant,0.793280785043965,0.4333410343695318,0.6682336295095203,0.6784560084342957,3.727314870997361,100,100,0.7843247818012336,roc_auc,max_epochs,45954,9661617,210.24539184570312,210.0,210.24539184570312,210.0,0.2304346114397049,0.1452974677085876,/kaggle/working/gfd-robustness-v4-factorial-r1/graphs/base/yelpchi/r60_s0/graph.bin,/kaggle/working/gfd-robustness-v4-factorial-r1/graphs/variants/yelpchi/r60_s0/noise_edges_uniform/0.20/seed_0/graph.bin,/kaggle/working/gfd-robustness-v4-factorial-r1/graphs/variants/yelpchi/r60_s0/noise_edges_uniform/0.20/seed_0/graph.bin,ok,
gfd_robustness_benchmark_v4_factorial,yelpchi,r60_s0,0,2,noise_edges_uniform,0.2,secgfd,train_clean_eval_all,0.8123446017842116,0.4688283752303395,0.687562147704563,0.6859545111656189,0.2023570199999085,50,50,0.8053339913268821,roc_auc,max_epochs,45954,9661617,210.24539184570312,210.0,210.24539184570312,210.0,0.2304346114397049,0.1452974677085876,/kaggle/working/gfd-robustness-v4-factorial-r1/graphs/base/yelpchi/r60_s0/graph.bin,/kaggle/working/gfd-robustness-v4-factorial-r1/graphs/variants/yelpchi/r60_s0/noise_edges_uniform/0.20/seed_0/graph.bin,/kaggle/working/gfd-robustness-v4-factorial-r1/graphs/base/yelpchi/r60_s0/graph.bin,ok,
gfd_robustness_benchmark_v4_factorial,yelpchi,r60_s0,0,2,noise_edges_uniform,0.2,secgfd,train_on_variant,0.8199684515896923,0.4909209518905862,0.6977541515931867,0.7384430170059204,5.733534208000492,50,50,0.8145308815921537,roc_auc,max_epochs,45954,9661617,210.24539184570312,210.0,210.24539184570312,210.0,0.2304346114397049,0.1452974677085876,/kaggle/working/gfd-robustness-v4-factorial-r1/graphs/base/yelpchi/r60_s0/graph.bin,/kaggle/working/gfd-robustness-v4-factorial-r1/graphs/variants/yelpchi/r60_s0/noise_edges_uniform/0.20/seed_0/graph.bin,/kaggle/working/gfd-robustness-v4-factorial-r1/graphs/variants/yelpchi/r60_s0/noise_edges_uniform/0.20/seed_0/graph.bin,ok,
gfd_robustness_benchmark_v4_factorial,yelpchi,r60_s0,0,3,noise_edges_uniform,0.2,mlp,train_clean_eval_all,0.805465110385136,0.435856309524571,0.6683207551370244,0.6890000104904175,0.0818673120011226,100,100,0.7965709953582847,roc_auc,max_epochs,45954,9661617,210.24539184570312,210.0,210.24539184570312,210.0,0.2304346114397049,0.1452974677085876,/kaggle/working/gfd-robustness-v4-factorial-r1/graphs/base/yelpchi/r60_s0/graph.bin,/kaggle/working/gfd-robustness-v4-factorial-r1/graphs/variants/yelpchi/r60_s0/noise_edges_uniform/0.20/seed_0/graph.bin,/kaggle/working/gfd-robustness-v4-factorial-r1/graphs/base/yelpchi/r60_s0/graph.bin,ok,
gfd_robustness_benchmark_v4_factorial,yelpchi,r60_s0,0,3,noise_edges_uniform,0.2,mlp,train_on_variant,0.805465110385136,0.435856309524571,0.6683207551370244,0.6890000104904175,1.868077588998858,100,100,0.7965709953582847,roc_auc,max_epochs,45954,9661617,210.24539184570312,210.0,210.24539184570312,210.0,0.2304346114397049,0.1452974677085876,/kaggle/working/gfd-robustness-v4-factorial-r1/graphs/base/yelpchi/r60_s0/graph.bin,/kaggle/working/gfd-robustness-v4-factorial-r1/graphs/variants/yelpchi/r60_s0/noise_edges_uniform/0.20/seed_0/graph.bin,/kaggle/working/gfd-robustness-v4-factorial-r1/graphs/variants/yelpchi/r60_s0/noise_edges_uniform/0.20/seed_0/graph.bin,ok,
gfd_robustness_benchmark_v4_factorial,yelpchi,r60_s0,0,3,noise_edges_uniform,0.2,pmp,train_clean_eval_all,0.8502617664365769,0.5665656912858208,0.7278670041684239,0.311098039150238,0.3312611840010504,95,85,0.8754252760116055,roc_auc,early_stopping,45954,9661617,210.24539184570312,210.0,210.24539184570312,210.0,0.2304346114397049,0.1452974677085876,/kaggle/working/gfd-robustness-v4-factorial-r1/graphs/base/yelpchi/r60_s0/graph.bin,/kaggle/working/gfd-robustness-v4-factorial-r1/graphs/variants/yelpchi/r60_s0/noise_edges_uniform/0.20/seed_0/graph.bin,/kaggle/working/gfd-robustness-v4-factorial-r1/graphs/base/yelpchi/r60_s0/graph.bin,ok,
gfd_robustness_benchmark_v4_factorial,yelpchi,r60_s0,0,3,noise_edges_uniform,0.2,pmp,train_on_variant,0.8408920448309084,0.5202906384899844,0.711737467302563,0.3727847635746002,27.438283460000093,48,38,0.8388012120431891,roc_auc,early_stopping,45954,9661617,210.24539184570312,210.0,210.24539184570312,210.0,0.2304346114397049,0.1452974677085876,/kaggle/working/gfd-robustness-v4-factorial-r1/graphs/base/yelpchi/r60_s0/graph.bin,/kaggle/working/gfd-robustness-v4-factorial-r1/graphs/variants/yelpchi/r60_s0/noise_edges_uniform/0.20/seed_0/graph.bin,/kaggle/working/gfd-robustness-v4-factorial-r1/graphs/variants/yelpchi/r60_s0/noise_edges_uniform/0.20/seed_0/graph.bin,ok,
gfd_robustness_benchmark_v4_factorial,yelpchi,r60_s0,0,3,noise_edges_uniform,0.2,sage,train_clean_eval_all,0.7950163191946047,0.4322250142748366,0.6671100776087039,0.678034782409668,0.1594962660019518,100,100,0.790009846062886,roc_auc,max_epochs,45954,9661617,210.24539184570312,210.0,210.24539184570312,210.0,0.2304346114397049,0.1452974677085876,/kaggle/working/gfd-robustness-v4-factorial-r1/graphs/base/yelpchi/r60_s0/graph.bin,/kaggle/working/gfd-robustness-v4-factorial-r1/graphs/variants/yelpchi/r60_s0/noise_edges_uniform/0.20/seed_0/graph.bin,/kaggle/working/gfd-robustness-v4-factorial-r1/graphs/base/yelpchi/r60_s0/graph.bin,ok,
gfd_robustness_benchmark_v4_factorial,yelpchi,r60_s0,0,3,noise_edges_uniform,0.2,sage,train_on_variant,0.7907435828444943,0.4251339245622573,0.6660686416107324,0.6587793231010437,3.612795170000026,100,100,0.7834020173700761,roc_auc,max_epochs,45954,9661617,210.24539184570312,210.0,210.24539184570312,210.0,0.2304346114397049,0.1452974677085876,/kaggle/working/gfd-robustness-v4-factorial-r1/graphs/base/yelpchi/r60_s0/graph.bin,/kaggle/working/gfd-robustness-v4-factorial-r1/graphs/variants/yelpchi/r60_s0/noise_edges_uniform/0.20/seed_0/graph.bin,/kaggle/working/gfd-robustness-v4-factorial-r1/graphs/variants/yelpchi/r60_s0/noise_edges_uniform/0.20/seed_0/graph.bin,ok,
gfd_robustness_benchmark_v4_factorial,yelpchi,r60_s0,0,3,noise_edges_uniform,0.2,secgfd,train_clean_eval_all,0.7979746019671451,0.4201243275250185,0.663321455240483,0.7169128656387329,0.1793667979982274,50,50,0.7874013307681121,roc_auc,max_epochs,45954,9661617,210.24539184570312,210.0,210.24539184570312,210.0,0.2304346114397049,0.1452974677085876,/kaggle/working/gfd-robustness-v4-factorial-r1/graphs/base/yelpchi/r60_s0/graph.bin,/kaggle/working/gfd-robustness-v4-factorial-r1/graphs/variants/yelpchi/r60_s0/noise_edges_uniform/0.20/seed_0/graph.bin,/kaggle/working/gfd-robustness-v4-factorial-r1/graphs/base/yelpchi/r60_s0/graph.bin,ok,
gfd_robustness_benchmark_v4_factorial,yelpchi,r60_s0,0,3,noise_edges_uniform,0.2,secgfd,train_on_variant,0.8167849795571789,0.4740776826587187,0.6915516023098939,0.6837883591651917,5.747013276999496,50,49,0.8049968411541588,roc_auc,max_epochs,45954,9661617,210.24539184570312,210.0,210.24539184570312,210.0,0.2304346114397049,0.1452974677085876,/kaggle/working/gfd-robustness-v4-factorial-r1/graphs/base/yelpchi/r60_s0/graph.bin,/kaggle/working/gfd-robustness-v4-factorial-r1/graphs/variants/yelpchi/r60_s0/noise_edges_uniform/0.20/seed_0/graph.bin,/kaggle/working/gfd-robustness-v4-factorial-r1/graphs/variants/yelpchi/r60_s0/noise_edges_uniform/0.20/seed_0/graph.bin,ok,
gfd_robustness_benchmark_v4_factorial,yelpchi,r60_s0,0,4,noise_edges_uniform,0.2,mlp,train_clean_eval_all,0.8049343649767674,0.4459862676711785,0.6719939992863229,0.6745531558990479,0.0990082120006263,100,100,0.7943539385443562,roc_auc,max_epochs,45954,9661617,210.24539184570312,210.0,210.24539184570312,210.0,0.2304346114397049,0.1452974677085876,/kaggle/working/gfd-robustness-v4-factorial-r1/graphs/base/yelpchi/r60_s0/graph.bin,/kaggle/working/gfd-robustness-v4-factorial-r1/graphs/variants/yelpchi/r60_s0/noise_edges_uniform/0.20/seed_0/graph.bin,/kaggle/working/gfd-robustness-v4-factorial-r1/graphs/base/yelpchi/r60_s0/graph.bin,ok,
gfd_robustness_benchmark_v4_factorial,yelpchi,r60_s0,0,4,noise_edges_uniform,0.2,mlp,train_on_variant,0.8049343649767674,0.4459862676711785,0.6719939992863229,0.6745531558990479,1.9644734319990675,100,100,0.7943539385443562,roc_auc,max_epochs,45954,9661617,210.24539184570312,210.0,210.24539184570312,210.0,0.2304346114397049,0.1452974677085876,/kaggle/working/gfd-robustness-v4-factorial-r1/graphs/base/yelpchi/r60_s0/graph.bin,/kaggle/working/gfd-robustness-v4-factorial-r1/graphs/variants/yelpchi/r60_s0/noise_edges_uniform/0.20/seed_0/graph.bin,/kaggle/working/gfd-robustness-v4-factorial-r1/graphs/variants/yelpchi/r60_s0/noise_edges_uniform/0.20/seed_0/graph.bin,ok,
gfd_robustness_benchmark_v4_factorial,yelpchi,r60_s0,0,4,noise_edges_uniform,0.2,pmp,train_clean_eval_all,0.8384789420649535,0.5390998520358578,0.7051173842871561,0.2526274025440216,0.3256599999986065,72,62,0.8613409240994905,roc_auc,early_stopping,45954,9661617,210.24539184570312,210.0,210.24539184570312,210.0,0.2304346114397049,0.1452974677085876,/kaggle/working/gfd-robustness-v4-factorial-r1/graphs/base/yelpchi/r60_s0/graph.bin,/kaggle/working/gfd-robustness-v4-factorial-r1/graphs/variants/yelpchi/r60_s0/noise_edges_uniform/0.20/seed_0/graph.bin,/kaggle/working/gfd-robustness-v4-factorial-r1/graphs/base/yelpchi/r60_s0/graph.bin,ok,
gfd_robustness_benchmark_v4_factorial,yelpchi,r60_s0,0,4,noise_edges_uniform,0.2,pmp,train_on_variant,0.8508029447723697,0.5621251776220819,0.7169806683666533,0.3401264250278473,42.86818173899883,75,65,0.8494808764664793,roc_auc,early_stopping,45954,9661617,210.24539184570312,210.0,210.24539184570312,210.0,0.2304346114397049,0.1452974677085876,/kaggle/working/gfd-robustness-v4-factorial-r1/graphs/base/yelpchi/r60_s0/graph.bin,/kaggle/working/gfd-robustness-v4-factorial-r1/graphs/variants/yelpchi/r60_s0/noise_edges_uniform/0.20/seed_0/graph.bin,/kaggle/working/gfd-robustness-v4-factorial-r1/graphs/variants/yelpchi/r60_s0/noise_edges_uniform/0.20/seed_0/graph.bin,ok,
gfd_robustness_benchmark_v4_factorial,yelpchi,r60_s0,0,4,noise_edges_uniform,0.2,sage,train_clean_eval_all,0.8027925183238411,0.4330385948818146,0.6658215787835164,0.652508556842804,0.1291344650016981,100,99,0.7973325990506774,roc_auc,max_epochs,45954,9661617,210.24539184570312,210.0,210.24539184570312,210.0,0.2304346114397049,0.1452974677085876,/kaggle/working/gfd-robustness-v4-factorial-r1/graphs/base/yelpchi/r60_s0/graph.bin,/kaggle/working/gfd-robustness-v4-factorial-r1/graphs/variants/yelpchi/r60_s0/noise_edges_uniform/0.20/seed_0/graph.bin,/kaggle/working/gfd-robustness-v4-factorial-r1/graphs/base/yelpchi/r60_s0/graph.bin,ok,
gfd_robustness_benchmark_v4_factorial,yelpchi,r60_s0,0,4,noise_edges_uniform,0.2,sage,train_on_variant,0.7927681900709782,0.4248307756985975,0.6602325239897445,0.6121931672096252,3.697043359999952,100,100,0.7833801319324746,roc_auc,max_epochs,45954,9661617,210.24539184570312,210.0,210.24539184570312,210.0,0.2304346114397049,0.1452974677085876,/kaggle/working/gfd-robustness-v4-factorial-r1/graphs/base/yelpchi/r60_s0/graph.bin,/kaggle/working/gfd-robustness-v4-factorial-r1/graphs/variants/yelpchi/r60_s0/noise_edges_uniform/0.20/seed_0/graph.bin,/kaggle/working/gfd-robustness-v4-factorial-r1/graphs/variants/yelpchi/r60_s0/noise_edges_uniform/0.20/seed_0/graph.bin,ok,
gfd_robustness_benchmark_v4_factorial,yelpchi,r60_s0,0,4,noise_edges_uniform,0.2,secgfd,train_clean_eval_all,0.794729818621413,0.4117931392622795,0.6671666463837945,0.6925545334815979,0.2167744079997646,50,50,0.7887418257413752,roc_auc,max_epochs,45954,9661617,210.24539184570312,210.0,210.24539184570312,210.0,0.2304346114397049,0.1452974677085876,/kaggle/working/gfd-robustness-v4-factorial-r1/graphs/base/yelpchi/r60_s0/graph.bin,/kaggle/working/gfd-robustness-v4-factorial-r1/graphs/variants/yelpchi/r60_s0/noise_edges_uniform/0.20/seed_0/graph.bin,/kaggle/working/gfd-robustness-v4-factorial-r1/graphs/base/yelpchi/r60_s0/graph.bin,ok,
gfd_robustness_benchmark_v4_factorial,yelpchi,r60_s0,0,4,noise_edges_uniform,0.2,secgfd,train_on_variant,0.7939836499353635,0.4217622563352938,0.6673798904002191,0.7197348475456238,5.779434965001201,50,49,0.7868475195312035,roc_auc,max_epochs,45954,9661617,210.24539184570312,210.0,210.24539184570312,210.0,0.2304346114397049,0.1452974677085876,/kaggle/working/gfd-robustness-v4-factorial-r1/graphs/base/yelpchi/r60_s0/graph.bin,/kaggle/working/gfd-robustness-v4-factorial-r1/graphs/variants/yelpchi/r60_s0/noise_edges_uniform/0.20/seed_0/graph.bin,/kaggle/working/gfd-robustness-v4-factorial-r1/graphs/variants/yelpchi/r60_s0/noise_edges_uniform/0.20/seed_0/graph.bin,ok,
gfd_robustness_benchmark_v4_factorial,yelpchi,r60_s0,1,0,noise_edges_uniform,0.2,mlp,train_clean_eval_all,0.7500588817273802,0.3386673790685267,0.6257580788607755,0.504684567451477,0.0883572299972001,17,7,0.7453053352310248,roc_auc,early_stopping,45954,9661617,210.24539184570312,210.0,210.24539184570312,210.0,0.2304567694664001,0.1452974677085876,/kaggle/working/gfd-robustness-v4-factorial-r1/graphs/base/yelpchi/r60_s0/graph.bin,/kaggle/working/gfd-robustness-v4-factorial-r1/graphs/variants/yelpchi/r60_s0/noise_edges_uniform/0.20/seed_1/graph.bin,/kaggle/working/gfd-robustness-v4-factorial-r1/graphs/base/yelpchi/r60_s0/graph.bin,ok,
gfd_robustness_benchmark_v4_factorial,yelpchi,r60_s0,1,0,noise_edges_uniform,0.2,mlp,train_on_variant,0.7500588817273802,0.3386673790685267,0.6257580788607755,0.504684567451477,0.3966020150000986,17,7,0.7453053352310248,roc_auc,early_stopping,45954,9661617,210.24539184570312,210.0,210.24539184570312,210.0,0.2304567694664001,0.1452974677085876,/kaggle/working/gfd-robustness-v4-factorial-r1/graphs/base/yelpchi/r60_s0/graph.bin,/kaggle/working/gfd-robustness-v4-factorial-r1/graphs/variants/yelpchi/r60_s0/noise_edges_uniform/0.20/seed_1/graph.bin,/kaggle/working/gfd-robustness-v4-factorial-r1/graphs/variants/yelpchi/r60_s0/noise_edges_uniform/0.20/seed_1/graph.bin,ok,
gfd_robustness_benchmark_v4_factorial,yelpchi,r60_s0,1,0,noise_edges_uniform,0.2,pmp,train_clean_eval_all,0.8341081171414808,0.5168078229550629,0.699894360982227,0.2222334295511245,0.3917246100027114,47,37,0.8544697072643919,roc_auc,early_stopping,45954,9661617,210.24539184570312,210.0,210.24539184570312,210.0,0.2304567694664001,0.1452974677085876,/kaggle/working/gfd-robustness-v4-factorial-r1/graphs/base/yelpchi/r60_s0/graph.bin,/kaggle/working/gfd-robustness-v4-factorial-r1/graphs/variants/yelpchi/r60_s0/noise_edges_uniform/0.20/seed_1/graph.bin,/kaggle/working/gfd-robustness-v4-factorial-r1/graphs/base/yelpchi/r60_s0/graph.bin,ok,
gfd_robustness_benchmark_v4_factorial,yelpchi,r60_s0,1,0,noise_edges_uniform,0.2,pmp,train_on_variant,0.8431556566093882,0.5311800975303593,0.7115638274176539,0.246855080127716,31.21574981099912,54,44,0.8428622242565984,roc_auc,early_stopping,45954,9661617,210.24539184570312,210.0,210.24539184570312,210.0,0.2304567694664001,0.1452974677085876,/kaggle/working/gfd-robustness-v4-factorial-r1/graphs/base/yelpchi/r60_s0/graph.bin,/kaggle/working/gfd-robustness-v4-factorial-r1/graphs/variants/yelpchi/r60_s0/noise_edges_uniform/0.20/seed_1/graph.bin,/kaggle/working/gfd-robustness-v4-factorial-r1/graphs/variants/yelpchi/r60_s0/noise_edges_uniform/0.20/seed_1/graph.bin,ok,
gfd_robustness_benchmark_v4_factorial,yelpchi,r60_s0,1,0,noise_edges_uniform,0.2,sage,train_clean_eval_all,0.7915620197995049,0.4352276460557339,0.6633265773114987,0.6509830951690674,0.150234131997422,100,100,0.7853851527093361,roc_auc,max_epochs,45954,9661617,210.24539184570312,210.0,210.24539184570312,210.0,0.2304567694664001,0.1452974677085876,/kaggle/working/gfd-robustness-v4-factorial-r1/graphs/base/yelpchi/r60_s0/graph.bin,/kaggle/working/gfd-robustness-v4-factorial-r1/graphs/variants/yelpchi/r60_s0/noise_edges_uniform/0.20/seed_1/graph.bin,/kaggle/working/gfd-robustness-v4-factorial-r1/graphs/base/yelpchi/r60_s0/graph.bin,ok,
gfd_robustness_benchmark_v4_factorial,yelpchi,r60_s0,1,0,noise_edges_uniform,0.2,sage,train_on_variant,0.7850776933912216,0.4122854555935638,0.6543060034405261,0.6591287851333618,3.794551879997016,100,100,0.7774628627010636,roc_auc,max_epochs,45954,9661617,210.24539184570312,210.0,210.24539184570312,210.0,0.2304567694664001,0.1452974677085876,/kaggle/working/gfd-robustness-v4-factorial-r1/graphs/base/yelpchi/r60_s0/graph.bin,/kaggle/working/gfd-robustness-v4-factorial-r1/graphs/variants/yelpchi/r60_s0/noise_edges_uniform/0.20/seed_1/graph.bin,/kaggle/working/gfd-robustness-v4-factorial-r1/graphs/variants/yelpchi/r60_s0/noise_edges_uniform/0.20/seed_1/graph.bin,ok,
gfd_robustness_benchmark_v4_factorial,yelpchi,r60_s0,1,0,noise_edges_uniform,0.2,secgfd,train_clean_eval_all,0.8183745480017561,0.4748699603822267,0.693932555099891,0.7366681694984436,0.1770416469989868,50,50,0.8122382508814968,roc_auc,max_epochs,45954,9661617,210.24539184570312,210.0,210.24539184570312,210.0,0.2304567694664001,0.1452974677085876,/kaggle/working/gfd-robustness-v4-factorial-r1/graphs/base/yelpchi/r60_s0/graph.bin,/kaggle/working/gfd-robustness-v4-factorial-r1/graphs/variants/yelpchi/r60_s0/noise_edges_uniform/0.20/seed_1/graph.bin,/kaggle/working/gfd-robustness-v4-factorial-r1/graphs/base/yelpchi/r60_s0/graph.bin,ok,
gfd_robustness_benchmark_v4_factorial,yelpchi,r60_s0,1,0,noise_edges_uniform,0.2,secgfd,train_on_variant,0.8365444200702464,0.5162328312189806,0.7099148394058773,0.6997868418693542,5.812184567001168,50,49,0.830720955902512,roc_auc,max_epochs,45954,9661617,210.24539184570312,210.0,210.24539184570312,210.0,0.2304567694664001,0.1452974677085876,/kaggle/working/gfd-robustness-v4-factorial-r1/graphs/base/yelpchi/r60_s0/graph.bin,/kaggle/working/gfd-robustness-v4-factorial-r1/graphs/variants/yelpchi/r60_s0/noise_edges_uniform/0.20/seed_1/graph.bin,/kaggle/working/gfd-robustness-v4-factorial-r1/graphs/variants/yelpchi/r60_s0/noise_edges_uniform/0.20/seed_1/graph.bin,ok,
gfd_robustness_benchmark_v4_factorial,yelpchi,r60_s0,1,1,noise_edges_uniform,0.2,mlp,train_clean_eval_all,0.8072627657109407,0.4418110196452536,0.668932800089991,0.6548792123794556,0.072958925000421,100,100,0.7960902786221233,roc_auc,max_epochs,45954,9661617,210.24539184570312,210.0,210.24539184570312,210.0,0.2304567694664001,0.1452974677085876,/kaggle/working/gfd-robustness-v4-factorial-r1/graphs/base/yelpchi/r60_s0/graph.bin,/kaggle/working/gfd-robustness-v4-factorial-r1/graphs/variants/yelpchi/r60_s0/noise_edges_uniform/0.20/seed_1/graph.bin,/kaggle/working/gfd-robustness-v4-factorial-r1/graphs/base/yelpchi/r60_s0/graph.bin,ok,
gfd_robustness_benchmark_v4_factorial,yelpchi,r60_s0,1,1,noise_edges_uniform,0.2,mlp,train_on_variant,0.8072627657109407,0.4418110196452536,0.668932800089991,0.6548792123794556,1.9524707549971936,100,100,0.7960902786221233,roc_auc,max_epochs,45954,9661617,210.24539184570312,210.0,210.24539184570312,210.0,0.2304567694664001,0.1452974677085876,/kaggle/working/gfd-robustness-v4-factorial-r1/graphs/base/yelpchi/r60_s0/graph.bin,/kaggle/working/gfd-robustness-v4-factorial-r1/graphs/variants/yelpchi/r60_s0/noise_edges_uniform/0.20/seed_1/graph.bin,/kaggle/working/gfd-robustness-v4-factorial-r1/graphs/variants/yelpchi/r60_s0/noise_edges_uniform/0.20/seed_1/graph.bin,ok,
gfd_robustness_benchmark_v4_factorial,yelpchi,r60_s0,1,1,noise_edges_uniform,0.2,pmp,train_clean_eval_all,0.8384939006914887,0.5163539070430079,0.7046342681068218,0.2552038431167602,0.3796016770029382,85,75,0.8577235807246035,roc_auc,early_stopping,45954,9661617,210.24539184570312,210.0,210.24539184570312,210.0,0.2304567694664001,0.1452974677085876,/kaggle/working/gfd-robustness-v4-factorial-r1/graphs/base/yelpchi/r60_s0/graph.bin,/kaggle/working/gfd-robustness-v4-factorial-r1/graphs/variants/yelpchi/r60_s0/noise_edges_uniform/0.20/seed_1/graph.bin,/kaggle/working/gfd-robustness-v4-factorial-r1/graphs/base/yelpchi/r60_s0/graph.bin,ok,
gfd_robustness_benchmark_v4_factorial,yelpchi,r60_s0,1,1,noise_edges_uniform,0.2,pmp,train_on_variant,0.8436989310584534,0.542114338828452,0.716346573490942,0.2965213060379028,43.16093155400085,72,62,0.8417087329571327,roc_auc,early_stopping,45954,9661617,210.24539184570312,210.0,210.24539184570312,210.0,0.2304567694664001,0.1452974677085876,/kaggle/working/gfd-robustness-v4-factorial-r1/graphs/base/yelpchi/r60_s0/graph.bin,/kaggle/working/gfd-robustness-v4-factorial-r1/graphs/variants/yelpchi/r60_s0/noise_edges_uniform/0.20/seed_1/graph.bin,/kaggle/working/gfd-robustness-v4-factorial-r1/graphs/variants/yelpchi/r60_s0/noise_edges_uniform/0.20/seed_1/graph.bin,ok,
gfd_robustness_benchmark_v4_factorial,yelpchi,r60_s0,1,1,noise_edges_uniform,0.2,sage,train_clean_eval_all,0.6012727123400856,0.2004857926009411,0.5473190640618122,0.2802307903766632,0.1538901249987248,23,13,0.6150002980043247,roc_auc,early_stopping,45954,9661617,210.24539184570312,210.0,210.24539184570312,210.0,0.2304567694664001,0.1452974677085876,/kaggle/working/gfd-robustness-v4-factorial-r1/graphs/base/yelpchi/r60_s0/graph.bin,/kaggle/working/gfd-robustness-v4-factorial-r1/graphs/variants/yelpchi/r60_s0/noise_edges_uniform/0.20/seed_1/graph.bin,/kaggle/working/gfd-robustness-v4-factorial-r1/graphs/base/yelpchi/r60_s0/graph.bin,ok,
gfd_robustness_benchmark_v4_factorial,yelpchi,r60_s0,1,1,noise_edges_uniform,0.2,sage,train_on_variant,0.6008845026342428,0.2008663278534267,0.5464667948451054,0.2830840647220611,1.049630789999355,23,13,0.6195182819693079,roc_auc,early_stopping,45954,9661617,210.24539184570312,210.0,210.24539184570312,210.0,0.2304567694664001,0.1452974677085876,/kaggle/working/gfd-robustness-v4-factorial-r1/graphs/base/yelpchi/r60_s0/graph.bin,/kaggle/working/gfd-robustness-v4-factorial-r1/graphs/variants/yelpchi/r60_s0/noise_edges_uniform/0.20/seed_1/graph.bin,/kaggle/working/gfd-robustness-v4-factorial-r1/graphs/variants/yelpchi/r60_s0/noise_edges_uniform/0.20/seed_1/graph.bin,ok,
gfd_robustness_benchmark_v4_factorial,yelpchi,r60_s0,1,1,noise_edges_uniform,0.2,secgfd,train_clean_eval_all,0.7988205742283254,0.427801304072779,0.670364784311467,0.669256865978241,0.1806068000005325,50,50,0.7873268058466064,roc_auc,max_epochs,45954,9661617,210.24539184570312,210.0,210.24539184570312,210.0,0.2304567694664001,0.1452974677085876,/kaggle/working/gfd-robustness-v4-factorial-r1/graphs/base/yelpchi/r60_s0/graph.bin,/kaggle/working/gfd-robustness-v4-factorial-r1/graphs/variants/yelpchi/r60_s0/noise_edges_uniform/0.20/seed_1/graph.bin,/kaggle/working/gfd-robustness-v4-factorial-r1/graphs/base/yelpchi/r60_s0/graph.bin,ok,
gfd_robustness_benchmark_v4_factorial,yelpchi,r60_s0,1,1,noise_edges_uniform,0.2,secgfd,train_on_variant,0.797388357195995,0.427647698928895,0.6694249136930276,0.7065784931182861,5.667384661001051,50,44,0.7891893567159447,roc_auc,max_epochs,45954,9661617,210.24539184570312,210.0,210.24539184570312,210.0,0.2304567694664001,0.1452974677085876,/kaggle/working/gfd-robustness-v4-factorial-r1/graphs/base/yelpchi/r60_s0/graph.bin,/kaggle/working/gfd-robustness-v4-factorial-r1/graphs/variants/yelpchi/r60_s0/noise_edges_uniform/0.20/seed_1/graph.bin,/kaggle/working/gfd-robustness-v4-factorial-r1/graphs/variants/yelpchi/r60_s0/noise_edges_uniform/0.20/seed_1/graph.bin,ok,
gfd_robustness_benchmark_v4_factorial,yelpchi,r60_s0,1,2,noise_edges_uniform,0.2,mlp,train_clean_eval_all,0.8058664207989317,0.4426646605102433,0.6681705838275631,0.6908261179924011,0.0901530789997195,100,100,0.797094624717194,roc_auc,max_epochs,45954,9661617,210.24539184570312,210.0,210.24539184570312,210.0,0.2304567694664001,0.1452974677085876,/kaggle/working/gfd-robustness-v4-factorial-r1/graphs/base/yelpchi/r60_s0/graph.bin,/kaggle/working/gfd-robustness-v4-factorial-r1/graphs/variants/yelpchi/r60_s0/noise_edges_uniform/0.20/seed_1/graph.bin,/kaggle/working/gfd-robustness-v4-factorial-r1/graphs/base/yelpchi/r60_s0/graph.bin,ok,
gfd_robustness_benchmark_v4_factorial,yelpchi,r60_s0,1,2,noise_edges_uniform,0.2,mlp,train_on_variant,0.8058664207989317,0.4426646605102433,0.6681705838275631,0.6908261179924011,1.6937351379965548,100,100,0.797094624717194,roc_auc,max_epochs,45954,9661617,210.24539184570312,210.0,210.24539184570312,210.0,0.2304567694664001,0.1452974677085876,/kaggle/working/gfd-robustness-v4-factorial-r1/graphs/base/yelpchi/r60_s0/graph.bin,/kaggle/working/gfd-robustness-v4-factorial-r1/graphs/variants/yelpchi/r60_s0/noise_edges_uniform/0.20/seed_1/graph.bin,/kaggle/working/gfd-robustness-v4-factorial-r1/graphs/variants/yelpchi/r60_s0/noise_edges_uniform/0.20/seed_1/graph.bin,ok,
gfd_robustness_benchmark_v4_factorial,yelpchi,r60_s0,1,2,noise_edges_uniform,0.2,pmp,train_clean_eval_all,0.8317158802303742,0.5076782899289113,0.6998656461185512,0.402582585811615,0.3324220829999831,36,26,0.8494535554299965,roc_auc,early_stopping,45954,9661617,210.24539184570312,210.0,210.24539184570312,210.0,0.2304567694664001,0.1452974677085876,/kaggle/working/gfd-robustness-v4-factorial-r1/graphs/base/yelpchi/r60_s0/graph.bin,/kaggle/working/gfd-robustness-v4-factorial-r1/graphs/variants/yelpchi/r60_s0/noise_edges_uniform/0.20/seed_1/graph.bin,/kaggle/working/gfd-robustness-v4-factorial-r1/graphs/base/yelpchi/r60_s0/graph.bin,ok,
gfd_robustness_benchmark_v4_factorial,yelpchi,r60_s0,1,2,noise_edges_uniform,0.2,pmp,train_on_variant,0.839407186772077,0.5228420030476307,0.707295121694852,0.3797204196453094,36.79021679599828,62,52,0.8355504855086457,roc_auc,early_stopping,45954,9661617,210.24539184570312,210.0,210.24539184570312,210.0,0.2304567694664001,0.1452974677085876,/kaggle/working/gfd-robustness-v4-factorial-r1/graphs/base/yelpchi/r60_s0/graph.bin,/kaggle/working/gfd-robustness-v4-factorial-r1/graphs/variants/yelpchi/r60_s0/noise_edges_uniform/0.20/seed_1/graph.bin,/kaggle/working/gfd-robustness-v4-factorial-r1/graphs/variants/yelpchi/r60_s0/noise_edges_uniform/0.20/seed_1/graph.bin,ok,
gfd_robustness_benchmark_v4_factorial,yelpchi,r60_s0,1,2,noise_edges_uniform,0.2,sage,train_clean_eval_all,0.7940361480450504,0.4303395674460948,0.666042344207054,0.6172454953193665,0.1345807340003375,100,100,0.7885236865757396,roc_auc,max_epochs,45954,9661617,210.24539184570312,210.0,210.24539184570312,210.0,0.2304567694664001,0.1452974677085876,/kaggle/working/gfd-robustness-v4-factorial-r1/graphs/base/yelpchi/r60_s0/graph.bin,/kaggle/working/gfd-robustness-v4-factorial-r1/graphs/variants/yelpchi/r60_s0/noise_edges_uniform/0.20/seed_1/graph.bin,/kaggle/working/gfd-robustness-v4-factorial-r1/graphs/base/yelpchi/r60_s0/graph.bin,ok,
gfd_robustness_benchmark_v4_factorial,yelpchi,r60_s0,1,2,noise_edges_uniform,0.2,sage,train_on_variant,0.7927699527116846,0.4331569853077964,0.6645768895816688,0.7023898363113403,3.718380502999935,100,100,0.7840168598926708,roc_auc,max_epochs,45954,9661617,210.24539184570312,210.0,210.24539184570312,210.0,0.2304567694664001,0.1452974677085876,/kaggle/working/gfd-robustness-v4-factorial-r1/graphs/base/yelpchi/r60_s0/graph.bin,/kaggle/working/gfd-robustness-v4-factorial-r1/graphs/variants/yelpchi/r60_s0/noise_edges_uniform/0.20/seed_1/graph.bin,/kaggle/working/gfd-robustness-v4-factorial-r1/graphs/variants/yelpchi/r60_s0/noise_edges_uniform/0.20/seed_1/graph.bin,ok,
gfd_robustness_benchmark_v4_factorial,yelpchi,r60_s0,1,2,noise_edges_uniform,0.2,secgfd,train_clean_eval_all,0.8123678495859604,0.4679857552437421,0.6876106058255926,0.6859545111656189,0.2011380900003132,50,50,0.8053339913268821,roc_auc,max_epochs,45954,9661617,210.24539184570312,210.0,210.24539184570312,210.0,0.2304567694664001,0.1452974677085876,/kaggle/working/gfd-robustness-v4-factorial-r1/graphs/base/yelpchi/r60_s0/graph.bin,/kaggle/working/gfd-robustness-v4-factorial-r1/graphs/variants/yelpchi/r60_s0/noise_edges_uniform/0.20/seed_1/graph.bin,/kaggle/working/gfd-robustness-v4-factorial-r1/graphs/base/yelpchi/r60_s0/graph.bin,ok,
gfd_robustness_benchmark_v4_factorial,yelpchi,r60_s0,1,2,noise_edges_uniform,0.2,secgfd,train_on_variant,0.8185393787272706,0.480988793267216,0.6991005126061839,0.7549427151679993,5.77295548300026,50,50,0.8120634057841447,roc_auc,max_epochs,45954,9661617,210.24539184570312,210.0,210.24539184570312,210.0,0.2304567694664001,0.1452974677085876,/kaggle/working/gfd-robustness-v4-factorial-r1/graphs/base/yelpchi/r60_s0/graph.bin,/kaggle/working/gfd-robustness-v4-factorial-r1/graphs/variants/yelpchi/r60_s0/noise_edges_uniform/0.20/seed_1/graph.bin,/kaggle/working/gfd-robustness-v4-factorial-r1/graphs/variants/yelpchi/r60_s0/noise_edges_uniform/0.20/seed_1/graph.bin,ok,
gfd_robustness_benchmark_v4_factorial,yelpchi,r60_s0,1,3,noise_edges_uniform,0.2,mlp,train_clean_eval_all,0.805465110385136,0.435856309524571,0.6683207551370244,0.6890000104904175,0.077483231001679,100,100,0.7965709953582847,roc_auc,max_epochs,45954,9661617,210.24539184570312,210.0,210.24539184570312,210.0,0.2304567694664001,0.1452974677085876,/kaggle/working/gfd-robustness-v4-factorial-r1/graphs/base/yelpchi/r60_s0/graph.bin,/kaggle/working/gfd-robustness-v4-factorial-r1/graphs/variants/yelpchi/r60_s0/noise_edges_uniform/0.20/seed_1/graph.bin,/kaggle/working/gfd-robustness-v4-factorial-r1/graphs/base/yelpchi/r60_s0/graph.bin,ok,
gfd_robustness_benchmark_v4_factorial,yelpchi,r60_s0,1,3,noise_edges_uniform,0.2,mlp,train_on_variant,0.805465110385136,0.435856309524571,0.6683207551370244,0.6890000104904175,1.8762109090021115,100,100,0.7965709953582847,roc_auc,max_epochs,45954,9661617,210.24539184570312,210.0,210.24539184570312,210.0,0.2304567694664001,0.1452974677085876,/kaggle/working/gfd-robustness-v4-factorial-r1/graphs/base/yelpchi/r60_s0/graph.bin,/kaggle/working/gfd-robustness-v4-factorial-r1/graphs/variants/yelpchi/r60_s0/noise_edges_uniform/0.20/seed_1/graph.bin,/kaggle/working/gfd-robustness-v4-factorial-r1/graphs/variants/yelpchi/r60_s0/noise_edges_uniform/0.20/seed_1/graph.bin,ok,
gfd_robustness_benchmark_v4_factorial,yelpchi,r60_s0,1,3,noise_edges_uniform,0.2,pmp,train_clean_eval_all,0.8457159636937936,0.5528546908277138,0.7192902497462756,0.311098039150238,0.3320619959995383,95,85,0.8754252760116055,roc_auc,early_stopping,45954,9661617,210.24539184570312,210.0,210.24539184570312,210.0,0.2304567694664001,0.1452974677085876,/kaggle/working/gfd-robustness-v4-factorial-r1/graphs/base/yelpchi/r60_s0/graph.bin,/kaggle/working/gfd-robustness-v4-factorial-r1/graphs/variants/yelpchi/r60_s0/noise_edges_uniform/0.20/seed_1/graph.bin,/kaggle/working/gfd-robustness-v4-factorial-r1/graphs/base/yelpchi/r60_s0/graph.bin,ok,
gfd_robustness_benchmark_v4_factorial,yelpchi,r60_s0,1,3,noise_edges_uniform,0.2,pmp,train_on_variant,0.8426042835408613,0.5307520826821329,0.7121141129817579,0.2827231884002685,40.07291154199993,65,55,0.8400818200673729,roc_auc,early_stopping,45954,9661617,210.24539184570312,210.0,210.24539184570312,210.0,0.2304567694664001,0.1452974677085876,/kaggle/working/gfd-robustness-v4-factorial-r1/graphs/base/yelpchi/r60_s0/graph.bin,/kaggle/working/gfd-robustness-v4-factorial-r1/graphs/variants/yelpchi/r60_s0/noise_edges_uniform/0.20/seed_1/graph.bin,/kaggle/working/gfd-robustness-v4-factorial-r1/graphs/variants/yelpchi/r60_s0/noise_edges_uniform/0.20/seed_1/graph.bin,ok,
gfd_robustness_benchmark_v4_factorial,yelpchi,r60_s0,1,3,noise_edges_uniform,0.2,sage,train_clean_eval_all,0.7951771958882642,0.434337126493484,0.6694998834536563,0.678034782409668,0.1749380939982074,100,100,0.790009846062886,roc_auc,max_epochs,45954,9661617,210.24539184570312,210.0,210.24539184570312,210.0,0.2304567694664001,0.1452974677085876,/kaggle/working/gfd-robustness-v4-factorial-r1/graphs/base/yelpchi/r60_s0/graph.bin,/kaggle/working/gfd-robustness-v4-factorial-r1/graphs/variants/yelpchi/r60_s0/noise_edges_uniform/0.20/seed_1/graph.bin,/kaggle/working/gfd-robustness-v4-factorial-r1/graphs/base/yelpchi/r60_s0/graph.bin,ok,
gfd_robustness_benchmark_v4_factorial,yelpchi,r60_s0,1,3,noise_edges_uniform,0.2,sage,train_on_variant,0.7916991246630974,0.4278047105301981,0.667584797894313,0.656818151473999,3.67988237100144,100,100,0.7841967114626768,roc_auc,max_epochs,45954,9661617,210.24539184570312,210.0,210.24539184570312,210.0,0.2304567694664001,0.1452974677085876,/kaggle/working/gfd-robustness-v4-factorial-r1/graphs/base/yelpchi/r60_s0/graph.bin,/kaggle/working/gfd-robustness-v4-factorial-r1/graphs/variants/yelpchi/r60_s0/noise_edges_uniform/0.20/seed_1/graph.bin,/kaggle/working/gfd-robustness-v4-factorial-r1/graphs/variants/yelpchi/r60_s0/noise_edges_uniform/0.20/seed_1/graph.bin,ok,
gfd_robustness_benchmark_v4_factorial,yelpchi,r60_s0,1,3,noise_edges_uniform,0.2,secgfd,train_clean_eval_all,0.7979838915600571,0.4193899699510017,0.6657457070170003,0.7169128656387329,0.1784346780004853,50,50,0.7874013307681121,roc_auc,max_epochs,45954,9661617,210.24539184570312,210.0,210.24539184570312,210.0,0.2304567694664001,0.1452974677085876,/kaggle/working/gfd-robustness-v4-factorial-r1/graphs/base/yelpchi/r60_s0/graph.bin,/kaggle/working/gfd-robustness-v4-factorial-r1/graphs/variants/yelpchi/r60_s0/noise_edges_uniform/0.20/seed_1/graph.bin,/kaggle/working/gfd-robustness-v4-factorial-r1/graphs/base/yelpchi/r60_s0/graph.bin,ok,
gfd_robustness_benchmark_v4_factorial,yelpchi,r60_s0,1,3,noise_edges_uniform,0.2,secgfd,train_on_variant,0.8192455783443297,0.4812527858661679,0.6913594163342935,0.7174881100654602,5.667421613001352,50,50,0.8065477987016547,roc_auc,max_epochs,45954,9661617,210.24539184570312,210.0,210.24539184570312,210.0,0.2304567694664001,0.1452974677085876,/kaggle/working/gfd-robustness-v4-factorial-r1/graphs/base/yelpchi/r60_s0/graph.bin,/kaggle/working/gfd-robustness-v4-factorial-r1/graphs/variants/yelpchi/r60_s0/noise_edges_uniform/0.20/seed_1/graph.bin,/kaggle/working/gfd-robustness-v4-factorial-r1/graphs/variants/yelpchi/r60_s0/noise_edges_uniform/0.20/seed_1/graph.bin,ok,
gfd_robustness_benchmark_v4_factorial,yelpchi,r60_s0,1,4,noise_edges_uniform,0.2,mlp,train_clean_eval_all,0.8049343649767674,0.4459862676711785,0.6719939992863229,0.6745531558990479,0.094281489997229,100,100,0.7943539385443562,roc_auc,max_epochs,45954,9661617,210.24539184570312,210.0,210.24539184570312,210.0,0.2304567694664001,0.1452974677085876,/kaggle/working/gfd-robustness-v4-factorial-r1/graphs/base/yelpchi/r60_s0/graph.bin,/kaggle/working/gfd-robustness-v4-factorial-r1/graphs/variants/yelpchi/r60_s0/noise_edges_uniform/0.20/seed_1/graph.bin,/kaggle/working/gfd-robustness-v4-factorial-r1/graphs/base/yelpchi/r60_s0/graph.bin,ok,
gfd_robustness_benchmark_v4_factorial,yelpchi,r60_s0,1,4,noise_edges_uniform,0.2,mlp,train_on_variant,0.8049343649767674,0.4459862676711785,0.6719939992863229,0.6745531558990479,1.843777202997444,100,100,0.7943539385443562,roc_auc,max_epochs,45954,9661617,210.24539184570312,210.0,210.24539184570312,210.0,0.2304567694664001,0.1452974677085876,/kaggle/working/gfd-robustness-v4-factorial-r1/graphs/base/yelpchi/r60_s0/graph.bin,/kaggle/working/gfd-robustness-v4-factorial-r1/graphs/variants/yelpchi/r60_s0/noise_edges_uniform/0.20/seed_1/graph.bin,/kaggle/working/gfd-robustness-v4-factorial-r1/graphs/variants/yelpchi/r60_s0/noise_edges_uniform/0.20/seed_1/graph.bin,ok,
gfd_robustness_benchmark_v4_factorial,yelpchi,r60_s0,1,4,noise_edges_uniform,0.2,pmp,train_clean_eval_all,0.8443423901941535,0.5433498116202967,0.7116718765210431,0.2526274025440216,0.3323916769986681,72,62,0.8613409240994905,roc_auc,early_stopping,45954,9661617,210.24539184570312,210.0,210.24539184570312,210.0,0.2304567694664001,0.1452974677085876,/kaggle/working/gfd-robustness-v4-factorial-r1/graphs/base/yelpchi/r60_s0/graph.bin,/kaggle/working/gfd-robustness-v4-factorial-r1/graphs/variants/yelpchi/r60_s0/noise_edges_uniform/0.20/seed_1/graph.bin,/kaggle/working/gfd-robustness-v4-factorial-r1/graphs/base/yelpchi/r60_s0/graph.bin,ok,
gfd_robustness_benchmark_v4_factorial,yelpchi,r60_s0,1,4,noise_edges_uniform,0.2,pmp,train_on_variant,0.8544398442168616,0.5740294980094802,0.723330762430316,0.328084796667099,45.26830361800239,79,69,0.8484785806411622,roc_auc,early_stopping,45954,9661617,210.24539184570312,210.0,210.24539184570312,210.0,0.2304567694664001,0.1452974677085876,/kaggle/working/gfd-robustness-v4-factorial-r1/graphs/base/yelpchi/r60_s0/graph.bin,/kaggle/working/gfd-robustness-v4-factorial-r1/graphs/variants/yelpchi/r60_s0/noise_edges_uniform/0.20/seed_1/graph.bin,/kaggle/working/gfd-robustness-v4-factorial-r1/graphs/variants/yelpchi/r60_s0/noise_edges_uniform/0.20/seed_1/graph.bin,ok,
gfd_robustness_benchmark_v4_factorial,yelpchi,r60_s0,1,4,noise_edges_uniform,0.2,sage,train_clean_eval_all,0.8025961029824262,0.4342062767347943,0.664569518065397,0.652508556842804,0.1257771460004733,100,99,0.7973325990506774,roc_auc,max_epochs,45954,9661617,210.24539184570312,210.0,210.24539184570312,210.0,0.2304567694664001,0.1452974677085876,/kaggle/working/gfd-robustness-v4-factorial-r1/graphs/base/yelpchi/r60_s0/graph.bin,/kaggle/working/gfd-robustness-v4-factorial-r1/graphs/variants/yelpchi/r60_s0/noise_edges_uniform/0.20/seed_1/graph.bin,/kaggle/working/gfd-robustness-v4-factorial-r1/graphs/base/yelpchi/r60_s0/graph.bin,ok,
gfd_robustness_benchmark_v4_factorial,yelpchi,r60_s0,1,4,noise_edges_uniform,0.2,sage,train_on_variant,0.7951124545715087,0.4304610606972213,0.657983502715547,0.6267931461334229,3.700637057998392,100,99,0.787540844472735,roc_auc,max_epochs,45954,9661617,210.24539184570312,210.0,210.24539184570312,210.0,0.2304567694664001,0.1452974677085876,/kaggle/working/gfd-robustness-v4-factorial-r1/graphs/base/yelpchi/r60_s0/graph.bin,/kaggle/working/gfd-robustness-v4-factorial-r1/graphs/variants/yelpchi/r60_s0/noise_edges_uniform/0.20/seed_1/graph.bin,/kaggle/working/gfd-robustness-v4-factorial-r1/graphs/variants/yelpchi/r60_s0/noise_edges_uniform/0.20/seed_1/graph.bin,ok,
gfd_robustness_benchmark_v4_factorial,yelpchi,r60_s0,1,4,noise_edges_uniform,0.2,secgfd,train_clean_eval_all,0.7945268291065527,0.4111865879214775,0.6658609236034093,0.6925545334815979,0.2208548970011179,50,50,0.7887418257413752,roc_auc,max_epochs,45954,9661617,210.24539184570312,210.0,210.24539184570312,210.0,0.2304567694664001,0.1452974677085876,/kaggle/working/gfd-robustness-v4-factorial-r1/graphs/base/yelpchi/r60_s0/graph.bin,/kaggle/working/gfd-robustness-v4-factorial-r1/graphs/variants/yelpchi/r60_s0/noise_edges_uniform/0.20/seed_1/graph.bin,/kaggle/working/gfd-robustness-v4-factorial-r1/graphs/base/yelpchi/r60_s0/graph.bin,ok,
gfd_robustness_benchmark_v4_factorial,yelpchi,r60_s0,1,4,noise_edges_uniform,0.2,secgfd,train_on_variant,0.8015819652700709,0.4346561362443479,0.6773548400030966,0.6756807565689087,5.632778069999404,50,50,0.7927859589898368,roc_auc,max_epochs,45954,9661617,210.24539184570312,210.0,210.24539184570312,210.0,0.2304567694664001,0.1452974677085876,/kaggle/working/gfd-robustness-v4-factorial-r1/graphs/base/yelpchi/r60_s0/graph.bin,/kaggle/working/gfd-robustness-v4-factorial-r1/graphs/variants/yelpchi/r60_s0/noise_edges_uniform/0.20/seed_1/graph.bin,/kaggle/working/gfd-robustness-v4-factorial-r1/graphs/variants/yelpchi/r60_s0/noise_edges_uniform/0.20/seed_1/graph.bin,ok,
