experiment_name,dataset_id,split_id,graph_seed,training_seed,scenario_id,severity,model_id,protocol,roc_auc,average_precision,f1_macro,threshold,duration_sec,epochs_trained,best_epoch,best_validation_monitor,validation_monitor,stopping_reason,n_nodes,n_edges,mean_in_degree,median_in_degree,mean_out_degree,median_out_degree,heterophily_ratio,pos_rate,base_graph_path,graph_path,train_graph_ref,status,error
gfd_robustness_benchmark_v4_factorial,yelpchi,r40_s1,0,0,camouflage_feature_oracle,0.15,mlp,train_clean_eval_all,0.7072391463254754,0.3002000952067851,0.6083262563674938,0.4987255334854126,0.1720400390004215,16,6,0.7381013548468616,roc_auc,early_stopping,45954,8051348,175.2045135498047,175.0,175.2045135498047,175.0,0.2268800139427185,0.1452974677085876,/kaggle/working/gfd-robustness-v4-factorial-r1/graphs/base/yelpchi/r40_s1/graph.bin,/kaggle/working/gfd-robustness-v4-factorial-r1/graphs/variants/yelpchi/r40_s1/camouflage_feature_oracle/0.15/seed_0/graph.bin,/kaggle/working/gfd-robustness-v4-factorial-r1/graphs/base/yelpchi/r40_s1/graph.bin,ok,
gfd_robustness_benchmark_v4_factorial,yelpchi,r40_s1,0,0,camouflage_feature_oracle,0.15,mlp,train_on_variant,0.7074838437305633,0.3027954164509665,0.6086626466608405,0.5110543370246887,0.3999749549993794,17,7,0.7075692621651325,roc_auc,early_stopping,45954,8051348,175.2045135498047,175.0,175.2045135498047,175.0,0.2268800139427185,0.1452974677085876,/kaggle/working/gfd-robustness-v4-factorial-r1/graphs/base/yelpchi/r40_s1/graph.bin,/kaggle/working/gfd-robustness-v4-factorial-r1/graphs/variants/yelpchi/r40_s1/camouflage_feature_oracle/0.15/seed_0/graph.bin,/kaggle/working/gfd-robustness-v4-factorial-r1/graphs/variants/yelpchi/r40_s1/camouflage_feature_oracle/0.15/seed_0/graph.bin,ok,
gfd_robustness_benchmark_v4_factorial,yelpchi,r40_s1,0,0,camouflage_feature_oracle,0.15,pmp,train_clean_eval_all,0.7971946810935157,0.4852106555071123,0.6886218530136924,0.2638531029224396,0.4610829580014979,52,42,0.8448072627229967,roc_auc,early_stopping,45954,8051348,175.2045135498047,175.0,175.2045135498047,175.0,0.2268800139427185,0.1452974677085876,/kaggle/working/gfd-robustness-v4-factorial-r1/graphs/base/yelpchi/r40_s1/graph.bin,/kaggle/working/gfd-robustness-v4-factorial-r1/graphs/variants/yelpchi/r40_s1/camouflage_feature_oracle/0.15/seed_0/graph.bin,/kaggle/working/gfd-robustness-v4-factorial-r1/graphs/base/yelpchi/r40_s1/graph.bin,ok,
gfd_robustness_benchmark_v4_factorial,yelpchi,r40_s1,0,0,camouflage_feature_oracle,0.15,pmp,train_on_variant,0.8013543226047904,0.491801290887351,0.6890889578582805,0.23318712413311,40.52333385499969,66,56,0.8133663283721574,roc_auc,early_stopping,45954,8051348,175.2045135498047,175.0,175.2045135498047,175.0,0.2268800139427185,0.1452974677085876,/kaggle/working/gfd-robustness-v4-factorial-r1/graphs/base/yelpchi/r40_s1/graph.bin,/kaggle/working/gfd-robustness-v4-factorial-r1/graphs/variants/yelpchi/r40_s1/camouflage_feature_oracle/0.15/seed_0/graph.bin,/kaggle/working/gfd-robustness-v4-factorial-r1/graphs/variants/yelpchi/r40_s1/camouflage_feature_oracle/0.15/seed_0/graph.bin,ok,
gfd_robustness_benchmark_v4_factorial,yelpchi,r40_s1,0,0,camouflage_feature_oracle,0.15,sage,train_clean_eval_all,0.7439876682797846,0.3903554027338676,0.6445605792735148,0.6340437531471252,0.2276457010011654,100,99,0.7847662096472344,roc_auc,max_epochs,45954,8051348,175.2045135498047,175.0,175.2045135498047,175.0,0.2268800139427185,0.1452974677085876,/kaggle/working/gfd-robustness-v4-factorial-r1/graphs/base/yelpchi/r40_s1/graph.bin,/kaggle/working/gfd-robustness-v4-factorial-r1/graphs/variants/yelpchi/r40_s1/camouflage_feature_oracle/0.15/seed_0/graph.bin,/kaggle/working/gfd-robustness-v4-factorial-r1/graphs/base/yelpchi/r40_s1/graph.bin,ok,
gfd_robustness_benchmark_v4_factorial,yelpchi,r40_s1,0,0,camouflage_feature_oracle,0.15,sage,train_on_variant,0.7540336365202386,0.401294257873132,0.6567575223421855,0.6490160822868347,3.3239830630000142,100,99,0.763282434194685,roc_auc,max_epochs,45954,8051348,175.2045135498047,175.0,175.2045135498047,175.0,0.2268800139427185,0.1452974677085876,/kaggle/working/gfd-robustness-v4-factorial-r1/graphs/base/yelpchi/r40_s1/graph.bin,/kaggle/working/gfd-robustness-v4-factorial-r1/graphs/variants/yelpchi/r40_s1/camouflage_feature_oracle/0.15/seed_0/graph.bin,/kaggle/working/gfd-robustness-v4-factorial-r1/graphs/variants/yelpchi/r40_s1/camouflage_feature_oracle/0.15/seed_0/graph.bin,ok,
gfd_robustness_benchmark_v4_factorial,yelpchi,r40_s1,0,0,camouflage_feature_oracle,0.15,secgfd,train_clean_eval_all,0.7641754662137029,0.4244513757061888,0.6610108002435282,0.707516610622406,0.2296435769985692,50,50,0.81031190324634,roc_auc,max_epochs,45954,8051348,175.2045135498047,175.0,175.2045135498047,175.0,0.2268800139427185,0.1452974677085876,/kaggle/working/gfd-robustness-v4-factorial-r1/graphs/base/yelpchi/r40_s1/graph.bin,/kaggle/working/gfd-robustness-v4-factorial-r1/graphs/variants/yelpchi/r40_s1/camouflage_feature_oracle/0.15/seed_0/graph.bin,/kaggle/working/gfd-robustness-v4-factorial-r1/graphs/base/yelpchi/r40_s1/graph.bin,ok,
gfd_robustness_benchmark_v4_factorial,yelpchi,r40_s1,0,0,camouflage_feature_oracle,0.15,secgfd,train_on_variant,0.7594177892941205,0.4084050571270823,0.6606417895120824,0.6390409469604492,4.859438952999881,50,50,0.7663381943798768,roc_auc,max_epochs,45954,8051348,175.2045135498047,175.0,175.2045135498047,175.0,0.2268800139427185,0.1452974677085876,/kaggle/working/gfd-robustness-v4-factorial-r1/graphs/base/yelpchi/r40_s1/graph.bin,/kaggle/working/gfd-robustness-v4-factorial-r1/graphs/variants/yelpchi/r40_s1/camouflage_feature_oracle/0.15/seed_0/graph.bin,/kaggle/working/gfd-robustness-v4-factorial-r1/graphs/variants/yelpchi/r40_s1/camouflage_feature_oracle/0.15/seed_0/graph.bin,ok,
gfd_robustness_benchmark_v4_factorial,yelpchi,r40_s1,0,1,camouflage_feature_oracle,0.15,mlp,train_clean_eval_all,0.7480813179521811,0.3859048201908251,0.6420221829884957,0.7060688734054565,0.2038327200007188,100,100,0.7923067203551258,roc_auc,max_epochs,45954,8051348,175.2045135498047,175.0,175.2045135498047,175.0,0.2268800139427185,0.1452974677085876,/kaggle/working/gfd-robustness-v4-factorial-r1/graphs/base/yelpchi/r40_s1/graph.bin,/kaggle/working/gfd-robustness-v4-factorial-r1/graphs/variants/yelpchi/r40_s1/camouflage_feature_oracle/0.15/seed_0/graph.bin,/kaggle/working/gfd-robustness-v4-factorial-r1/graphs/base/yelpchi/r40_s1/graph.bin,ok,
gfd_robustness_benchmark_v4_factorial,yelpchi,r40_s1,0,1,camouflage_feature_oracle,0.15,mlp,train_on_variant,0.7464593193005536,0.3853220004624391,0.6414879777294602,0.6597097516059875,2.009818586999245,100,100,0.7534658856569326,roc_auc,max_epochs,45954,8051348,175.2045135498047,175.0,175.2045135498047,175.0,0.2268800139427185,0.1452974677085876,/kaggle/working/gfd-robustness-v4-factorial-r1/graphs/base/yelpchi/r40_s1/graph.bin,/kaggle/working/gfd-robustness-v4-factorial-r1/graphs/variants/yelpchi/r40_s1/camouflage_feature_oracle/0.15/seed_0/graph.bin,/kaggle/working/gfd-robustness-v4-factorial-r1/graphs/variants/yelpchi/r40_s1/camouflage_feature_oracle/0.15/seed_0/graph.bin,ok,
gfd_robustness_benchmark_v4_factorial,yelpchi,r40_s1,0,1,camouflage_feature_oracle,0.15,pmp,train_clean_eval_all,0.8003342657543874,0.499222613744301,0.6972088617938479,0.3995718955993652,0.5145390439993207,73,63,0.8482169090037834,roc_auc,early_stopping,45954,8051348,175.2045135498047,175.0,175.2045135498047,175.0,0.2268800139427185,0.1452974677085876,/kaggle/working/gfd-robustness-v4-factorial-r1/graphs/base/yelpchi/r40_s1/graph.bin,/kaggle/working/gfd-robustness-v4-factorial-r1/graphs/variants/yelpchi/r40_s1/camouflage_feature_oracle/0.15/seed_0/graph.bin,/kaggle/working/gfd-robustness-v4-factorial-r1/graphs/base/yelpchi/r40_s1/graph.bin,ok,
gfd_robustness_benchmark_v4_factorial,yelpchi,r40_s1,0,1,camouflage_feature_oracle,0.15,pmp,train_on_variant,0.8023681983029867,0.4887280545650667,0.6910595964595206,0.3286345303058624,51.66622232999998,85,75,0.8104143690533236,roc_auc,early_stopping,45954,8051348,175.2045135498047,175.0,175.2045135498047,175.0,0.2268800139427185,0.1452974677085876,/kaggle/working/gfd-robustness-v4-factorial-r1/graphs/base/yelpchi/r40_s1/graph.bin,/kaggle/working/gfd-robustness-v4-factorial-r1/graphs/variants/yelpchi/r40_s1/camouflage_feature_oracle/0.15/seed_0/graph.bin,/kaggle/working/gfd-robustness-v4-factorial-r1/graphs/variants/yelpchi/r40_s1/camouflage_feature_oracle/0.15/seed_0/graph.bin,ok,
gfd_robustness_benchmark_v4_factorial,yelpchi,r40_s1,0,1,camouflage_feature_oracle,0.15,sage,train_clean_eval_all,0.596265026273827,0.1871035549278898,0.5399674531252006,0.2877165079116821,0.207303351999144,23,13,0.6056249389091134,roc_auc,early_stopping,45954,8051348,175.2045135498047,175.0,175.2045135498047,175.0,0.2268800139427185,0.1452974677085876,/kaggle/working/gfd-robustness-v4-factorial-r1/graphs/base/yelpchi/r40_s1/graph.bin,/kaggle/working/gfd-robustness-v4-factorial-r1/graphs/variants/yelpchi/r40_s1/camouflage_feature_oracle/0.15/seed_0/graph.bin,/kaggle/working/gfd-robustness-v4-factorial-r1/graphs/base/yelpchi/r40_s1/graph.bin,ok,
gfd_robustness_benchmark_v4_factorial,yelpchi,r40_s1,0,1,camouflage_feature_oracle,0.15,sage,train_on_variant,0.5855893546410235,0.180071804715436,0.5333467166595217,0.2715378701686859,0.9833636930006832,23,13,0.5764556080837845,roc_auc,early_stopping,45954,8051348,175.2045135498047,175.0,175.2045135498047,175.0,0.2268800139427185,0.1452974677085876,/kaggle/working/gfd-robustness-v4-factorial-r1/graphs/base/yelpchi/r40_s1/graph.bin,/kaggle/working/gfd-robustness-v4-factorial-r1/graphs/variants/yelpchi/r40_s1/camouflage_feature_oracle/0.15/seed_0/graph.bin,/kaggle/working/gfd-robustness-v4-factorial-r1/graphs/variants/yelpchi/r40_s1/camouflage_feature_oracle/0.15/seed_0/graph.bin,ok,
gfd_robustness_benchmark_v4_factorial,yelpchi,r40_s1,0,1,camouflage_feature_oracle,0.15,secgfd,train_clean_eval_all,0.7614913931683476,0.4163431131511613,0.6619986996493826,0.679985523223877,0.2351185540010192,50,50,0.8115241848389704,roc_auc,max_epochs,45954,8051348,175.2045135498047,175.0,175.2045135498047,175.0,0.2268800139427185,0.1452974677085876,/kaggle/working/gfd-robustness-v4-factorial-r1/graphs/base/yelpchi/r40_s1/graph.bin,/kaggle/working/gfd-robustness-v4-factorial-r1/graphs/variants/yelpchi/r40_s1/camouflage_feature_oracle/0.15/seed_0/graph.bin,/kaggle/working/gfd-robustness-v4-factorial-r1/graphs/base/yelpchi/r40_s1/graph.bin,ok,
gfd_robustness_benchmark_v4_factorial,yelpchi,r40_s1,0,1,camouflage_feature_oracle,0.15,secgfd,train_on_variant,0.7555854868356464,0.4056178876756504,0.6564226003456822,0.705775797367096,4.865394759000083,50,49,0.770900807472518,roc_auc,max_epochs,45954,8051348,175.2045135498047,175.0,175.2045135498047,175.0,0.2268800139427185,0.1452974677085876,/kaggle/working/gfd-robustness-v4-factorial-r1/graphs/base/yelpchi/r40_s1/graph.bin,/kaggle/working/gfd-robustness-v4-factorial-r1/graphs/variants/yelpchi/r40_s1/camouflage_feature_oracle/0.15/seed_0/graph.bin,/kaggle/working/gfd-robustness-v4-factorial-r1/graphs/variants/yelpchi/r40_s1/camouflage_feature_oracle/0.15/seed_0/graph.bin,ok,
gfd_robustness_benchmark_v4_factorial,yelpchi,r40_s1,0,2,camouflage_feature_oracle,0.15,mlp,train_clean_eval_all,0.7498545225930522,0.38862418331129,0.6461271240275395,0.6799353361129761,0.1751595990008354,100,100,0.7945293081293195,roc_auc,max_epochs,45954,8051348,175.2045135498047,175.0,175.2045135498047,175.0,0.2268800139427185,0.1452974677085876,/kaggle/working/gfd-robustness-v4-factorial-r1/graphs/base/yelpchi/r40_s1/graph.bin,/kaggle/working/gfd-robustness-v4-factorial-r1/graphs/variants/yelpchi/r40_s1/camouflage_feature_oracle/0.15/seed_0/graph.bin,/kaggle/working/gfd-robustness-v4-factorial-r1/graphs/base/yelpchi/r40_s1/graph.bin,ok,
gfd_robustness_benchmark_v4_factorial,yelpchi,r40_s1,0,2,camouflage_feature_oracle,0.15,mlp,train_on_variant,0.7465409724403027,0.3858843656687026,0.6465163367531328,0.6820966005325317,1.9331622650006464,100,100,0.7531284017193658,roc_auc,max_epochs,45954,8051348,175.2045135498047,175.0,175.2045135498047,175.0,0.2268800139427185,0.1452974677085876,/kaggle/working/gfd-robustness-v4-factorial-r1/graphs/base/yelpchi/r40_s1/graph.bin,/kaggle/working/gfd-robustness-v4-factorial-r1/graphs/variants/yelpchi/r40_s1/camouflage_feature_oracle/0.15/seed_0/graph.bin,/kaggle/working/gfd-robustness-v4-factorial-r1/graphs/variants/yelpchi/r40_s1/camouflage_feature_oracle/0.15/seed_0/graph.bin,ok,
gfd_robustness_benchmark_v4_factorial,yelpchi,r40_s1,0,2,camouflage_feature_oracle,0.15,pmp,train_clean_eval_all,0.8018351900450627,0.494884590884903,0.693012866968252,0.3258445560932159,0.4687838740010193,86,76,0.8507594819016013,roc_auc,early_stopping,45954,8051348,175.2045135498047,175.0,175.2045135498047,175.0,0.2268800139427185,0.1452974677085876,/kaggle/working/gfd-robustness-v4-factorial-r1/graphs/base/yelpchi/r40_s1/graph.bin,/kaggle/working/gfd-robustness-v4-factorial-r1/graphs/variants/yelpchi/r40_s1/camouflage_feature_oracle/0.15/seed_0/graph.bin,/kaggle/working/gfd-robustness-v4-factorial-r1/graphs/base/yelpchi/r40_s1/graph.bin,ok,
gfd_robustness_benchmark_v4_factorial,yelpchi,r40_s1,0,2,camouflage_feature_oracle,0.15,pmp,train_on_variant,0.8042638826534813,0.4974268728584468,0.6934089940729565,0.191974863409996,46.38953056499941,77,67,0.8165233623470344,roc_auc,early_stopping,45954,8051348,175.2045135498047,175.0,175.2045135498047,175.0,0.2268800139427185,0.1452974677085876,/kaggle/working/gfd-robustness-v4-factorial-r1/graphs/base/yelpchi/r40_s1/graph.bin,/kaggle/working/gfd-robustness-v4-factorial-r1/graphs/variants/yelpchi/r40_s1/camouflage_feature_oracle/0.15/seed_0/graph.bin,/kaggle/working/gfd-robustness-v4-factorial-r1/graphs/variants/yelpchi/r40_s1/camouflage_feature_oracle/0.15/seed_0/graph.bin,ok,
gfd_robustness_benchmark_v4_factorial,yelpchi,r40_s1,0,2,camouflage_feature_oracle,0.15,sage,train_clean_eval_all,0.7468504230718807,0.3933119547687962,0.6457922440706145,0.6474134922027588,0.2297617280000849,100,99,0.7896983004217357,roc_auc,max_epochs,45954,8051348,175.2045135498047,175.0,175.2045135498047,175.0,0.2268800139427185,0.1452974677085876,/kaggle/working/gfd-robustness-v4-factorial-r1/graphs/base/yelpchi/r40_s1/graph.bin,/kaggle/working/gfd-robustness-v4-factorial-r1/graphs/variants/yelpchi/r40_s1/camouflage_feature_oracle/0.15/seed_0/graph.bin,/kaggle/working/gfd-robustness-v4-factorial-r1/graphs/base/yelpchi/r40_s1/graph.bin,ok,
gfd_robustness_benchmark_v4_factorial,yelpchi,r40_s1,0,2,camouflage_feature_oracle,0.15,sage,train_on_variant,0.744411869203294,0.3776134586899197,0.6378140777637924,0.6456088423728943,3.356835509999655,100,100,0.7507746920423309,roc_auc,max_epochs,45954,8051348,175.2045135498047,175.0,175.2045135498047,175.0,0.2268800139427185,0.1452974677085876,/kaggle/working/gfd-robustness-v4-factorial-r1/graphs/base/yelpchi/r40_s1/graph.bin,/kaggle/working/gfd-robustness-v4-factorial-r1/graphs/variants/yelpchi/r40_s1/camouflage_feature_oracle/0.15/seed_0/graph.bin,/kaggle/working/gfd-robustness-v4-factorial-r1/graphs/variants/yelpchi/r40_s1/camouflage_feature_oracle/0.15/seed_0/graph.bin,ok,
gfd_robustness_benchmark_v4_factorial,yelpchi,r40_s1,0,2,camouflage_feature_oracle,0.15,secgfd,train_clean_eval_all,0.7592047122341367,0.4141402655370323,0.6596029815418369,0.6409332752227783,0.2214415840007859,50,50,0.8095187349358813,roc_auc,max_epochs,45954,8051348,175.2045135498047,175.0,175.2045135498047,175.0,0.2268800139427185,0.1452974677085876,/kaggle/working/gfd-robustness-v4-factorial-r1/graphs/base/yelpchi/r40_s1/graph.bin,/kaggle/working/gfd-robustness-v4-factorial-r1/graphs/variants/yelpchi/r40_s1/camouflage_feature_oracle/0.15/seed_0/graph.bin,/kaggle/working/gfd-robustness-v4-factorial-r1/graphs/base/yelpchi/r40_s1/graph.bin,ok,
gfd_robustness_benchmark_v4_factorial,yelpchi,r40_s1,0,2,camouflage_feature_oracle,0.15,secgfd,train_on_variant,0.75554769724807,0.4037568307262451,0.6536563214555833,0.641697347164154,4.882770315000016,50,48,0.7679436032775707,roc_auc,max_epochs,45954,8051348,175.2045135498047,175.0,175.2045135498047,175.0,0.2268800139427185,0.1452974677085876,/kaggle/working/gfd-robustness-v4-factorial-r1/graphs/base/yelpchi/r40_s1/graph.bin,/kaggle/working/gfd-robustness-v4-factorial-r1/graphs/variants/yelpchi/r40_s1/camouflage_feature_oracle/0.15/seed_0/graph.bin,/kaggle/working/gfd-robustness-v4-factorial-r1/graphs/variants/yelpchi/r40_s1/camouflage_feature_oracle/0.15/seed_0/graph.bin,ok,
gfd_robustness_benchmark_v4_factorial,yelpchi,r40_s1,0,3,camouflage_feature_oracle,0.15,mlp,train_clean_eval_all,0.7479220252532105,0.3825554351504268,0.6426552031603004,0.6908923387527466,0.1336865020002733,100,100,0.79316778597091,roc_auc,max_epochs,45954,8051348,175.2045135498047,175.0,175.2045135498047,175.0,0.2268800139427185,0.1452974677085876,/kaggle/working/gfd-robustness-v4-factorial-r1/graphs/base/yelpchi/r40_s1/graph.bin,/kaggle/working/gfd-robustness-v4-factorial-r1/graphs/variants/yelpchi/r40_s1/camouflage_feature_oracle/0.15/seed_0/graph.bin,/kaggle/working/gfd-robustness-v4-factorial-r1/graphs/base/yelpchi/r40_s1/graph.bin,ok,
gfd_robustness_benchmark_v4_factorial,yelpchi,r40_s1,0,3,camouflage_feature_oracle,0.15,mlp,train_on_variant,0.7458292228869654,0.3804790705053004,0.6410109792687548,0.6729841828346252,1.8204157979998847,100,100,0.7530511589984193,roc_auc,max_epochs,45954,8051348,175.2045135498047,175.0,175.2045135498047,175.0,0.2268800139427185,0.1452974677085876,/kaggle/working/gfd-robustness-v4-factorial-r1/graphs/base/yelpchi/r40_s1/graph.bin,/kaggle/working/gfd-robustness-v4-factorial-r1/graphs/variants/yelpchi/r40_s1/camouflage_feature_oracle/0.15/seed_0/graph.bin,/kaggle/working/gfd-robustness-v4-factorial-r1/graphs/variants/yelpchi/r40_s1/camouflage_feature_oracle/0.15/seed_0/graph.bin,ok,
gfd_robustness_benchmark_v4_factorial,yelpchi,r40_s1,0,3,camouflage_feature_oracle,0.15,pmp,train_clean_eval_all,0.8088327426422613,0.5072952026644586,0.6994742641848348,0.2770633101463318,0.459741713000767,100,100,0.854679931435165,roc_auc,max_epochs,45954,8051348,175.2045135498047,175.0,175.2045135498047,175.0,0.2268800139427185,0.1452974677085876,/kaggle/working/gfd-robustness-v4-factorial-r1/graphs/base/yelpchi/r40_s1/graph.bin,/kaggle/working/gfd-robustness-v4-factorial-r1/graphs/variants/yelpchi/r40_s1/camouflage_feature_oracle/0.15/seed_0/graph.bin,/kaggle/working/gfd-robustness-v4-factorial-r1/graphs/base/yelpchi/r40_s1/graph.bin,ok,
gfd_robustness_benchmark_v4_factorial,yelpchi,r40_s1,0,3,camouflage_feature_oracle,0.15,pmp,train_on_variant,0.8033788464631328,0.4953684538358947,0.692183879005419,0.2908968925476074,45.712160687000505,75,65,0.8143021096322149,roc_auc,early_stopping,45954,8051348,175.2045135498047,175.0,175.2045135498047,175.0,0.2268800139427185,0.1452974677085876,/kaggle/working/gfd-robustness-v4-factorial-r1/graphs/base/yelpchi/r40_s1/graph.bin,/kaggle/working/gfd-robustness-v4-factorial-r1/graphs/variants/yelpchi/r40_s1/camouflage_feature_oracle/0.15/seed_0/graph.bin,/kaggle/working/gfd-robustness-v4-factorial-r1/graphs/variants/yelpchi/r40_s1/camouflage_feature_oracle/0.15/seed_0/graph.bin,ok,
gfd_robustness_benchmark_v4_factorial,yelpchi,r40_s1,0,3,camouflage_feature_oracle,0.15,sage,train_clean_eval_all,0.7422968194529983,0.3899544600999836,0.6445415741616606,0.6763858795166016,0.2036722760003613,100,100,0.7853451486087966,roc_auc,max_epochs,45954,8051348,175.2045135498047,175.0,175.2045135498047,175.0,0.2268800139427185,0.1452974677085876,/kaggle/working/gfd-robustness-v4-factorial-r1/graphs/base/yelpchi/r40_s1/graph.bin,/kaggle/working/gfd-robustness-v4-factorial-r1/graphs/variants/yelpchi/r40_s1/camouflage_feature_oracle/0.15/seed_0/graph.bin,/kaggle/working/gfd-robustness-v4-factorial-r1/graphs/base/yelpchi/r40_s1/graph.bin,ok,
gfd_robustness_benchmark_v4_factorial,yelpchi,r40_s1,0,3,camouflage_feature_oracle,0.15,sage,train_on_variant,0.7431384208416162,0.3937205963063037,0.6492210685759073,0.6390252709388733,3.4282057240006907,100,99,0.7502996493085108,roc_auc,max_epochs,45954,8051348,175.2045135498047,175.0,175.2045135498047,175.0,0.2268800139427185,0.1452974677085876,/kaggle/working/gfd-robustness-v4-factorial-r1/graphs/base/yelpchi/r40_s1/graph.bin,/kaggle/working/gfd-robustness-v4-factorial-r1/graphs/variants/yelpchi/r40_s1/camouflage_feature_oracle/0.15/seed_0/graph.bin,/kaggle/working/gfd-robustness-v4-factorial-r1/graphs/variants/yelpchi/r40_s1/camouflage_feature_oracle/0.15/seed_0/graph.bin,ok,
gfd_robustness_benchmark_v4_factorial,yelpchi,r40_s1,0,3,camouflage_feature_oracle,0.15,secgfd,train_clean_eval_all,0.7542263122050197,0.4014938713397022,0.6485172036328035,0.6394457817077637,0.2118249230006768,50,50,0.8028998443225408,roc_auc,max_epochs,45954,8051348,175.2045135498047,175.0,175.2045135498047,175.0,0.2268800139427185,0.1452974677085876,/kaggle/working/gfd-robustness-v4-factorial-r1/graphs/base/yelpchi/r40_s1/graph.bin,/kaggle/working/gfd-robustness-v4-factorial-r1/graphs/variants/yelpchi/r40_s1/camouflage_feature_oracle/0.15/seed_0/graph.bin,/kaggle/working/gfd-robustness-v4-factorial-r1/graphs/base/yelpchi/r40_s1/graph.bin,ok,
gfd_robustness_benchmark_v4_factorial,yelpchi,r40_s1,0,3,camouflage_feature_oracle,0.15,secgfd,train_on_variant,0.7454790290536544,0.3883534663723548,0.6424775909537187,0.7130144238471985,4.848329012999784,50,50,0.7531254455164653,roc_auc,max_epochs,45954,8051348,175.2045135498047,175.0,175.2045135498047,175.0,0.2268800139427185,0.1452974677085876,/kaggle/working/gfd-robustness-v4-factorial-r1/graphs/base/yelpchi/r40_s1/graph.bin,/kaggle/working/gfd-robustness-v4-factorial-r1/graphs/variants/yelpchi/r40_s1/camouflage_feature_oracle/0.15/seed_0/graph.bin,/kaggle/working/gfd-robustness-v4-factorial-r1/graphs/variants/yelpchi/r40_s1/camouflage_feature_oracle/0.15/seed_0/graph.bin,ok,
gfd_robustness_benchmark_v4_factorial,yelpchi,r40_s1,0,4,camouflage_feature_oracle,0.15,mlp,train_clean_eval_all,0.7489386997390148,0.3882590057065924,0.6436670320538093,0.6857644319534302,0.128531356998792,100,100,0.7918636713655989,roc_auc,max_epochs,45954,8051348,175.2045135498047,175.0,175.2045135498047,175.0,0.2268800139427185,0.1452974677085876,/kaggle/working/gfd-robustness-v4-factorial-r1/graphs/base/yelpchi/r40_s1/graph.bin,/kaggle/working/gfd-robustness-v4-factorial-r1/graphs/variants/yelpchi/r40_s1/camouflage_feature_oracle/0.15/seed_0/graph.bin,/kaggle/working/gfd-robustness-v4-factorial-r1/graphs/base/yelpchi/r40_s1/graph.bin,ok,
gfd_robustness_benchmark_v4_factorial,yelpchi,r40_s1,0,4,camouflage_feature_oracle,0.15,mlp,train_on_variant,0.7454683579315402,0.3847404768355555,0.6408846433170972,0.6537261009216309,1.8991317959998923,100,100,0.7510582014366193,roc_auc,max_epochs,45954,8051348,175.2045135498047,175.0,175.2045135498047,175.0,0.2268800139427185,0.1452974677085876,/kaggle/working/gfd-robustness-v4-factorial-r1/graphs/base/yelpchi/r40_s1/graph.bin,/kaggle/working/gfd-robustness-v4-factorial-r1/graphs/variants/yelpchi/r40_s1/camouflage_feature_oracle/0.15/seed_0/graph.bin,/kaggle/working/gfd-robustness-v4-factorial-r1/graphs/variants/yelpchi/r40_s1/camouflage_feature_oracle/0.15/seed_0/graph.bin,ok,
gfd_robustness_benchmark_v4_factorial,yelpchi,r40_s1,0,4,camouflage_feature_oracle,0.15,pmp,train_clean_eval_all,0.8004354984976585,0.4921327846989603,0.6944980082807225,0.3471680581569671,0.4735077869991073,73,63,0.8499933008627821,roc_auc,early_stopping,45954,8051348,175.2045135498047,175.0,175.2045135498047,175.0,0.2268800139427185,0.1452974677085876,/kaggle/working/gfd-robustness-v4-factorial-r1/graphs/base/yelpchi/r40_s1/graph.bin,/kaggle/working/gfd-robustness-v4-factorial-r1/graphs/variants/yelpchi/r40_s1/camouflage_feature_oracle/0.15/seed_0/graph.bin,/kaggle/working/gfd-robustness-v4-factorial-r1/graphs/base/yelpchi/r40_s1/graph.bin,ok,
gfd_robustness_benchmark_v4_factorial,yelpchi,r40_s1,0,4,camouflage_feature_oracle,0.15,pmp,train_on_variant,0.8033392227764431,0.4923283610438329,0.6889452389203542,0.3034558296203613,44.23447400100122,73,63,0.8133659469266218,roc_auc,early_stopping,45954,8051348,175.2045135498047,175.0,175.2045135498047,175.0,0.2268800139427185,0.1452974677085876,/kaggle/working/gfd-robustness-v4-factorial-r1/graphs/base/yelpchi/r40_s1/graph.bin,/kaggle/working/gfd-robustness-v4-factorial-r1/graphs/variants/yelpchi/r40_s1/camouflage_feature_oracle/0.15/seed_0/graph.bin,/kaggle/working/gfd-robustness-v4-factorial-r1/graphs/variants/yelpchi/r40_s1/camouflage_feature_oracle/0.15/seed_0/graph.bin,ok,
gfd_robustness_benchmark_v4_factorial,yelpchi,r40_s1,0,4,camouflage_feature_oracle,0.15,sage,train_clean_eval_all,0.7449448536417491,0.390207516959848,0.6406105044555845,0.701765239238739,0.2132023279991699,100,100,0.7862607132554708,roc_auc,max_epochs,45954,8051348,175.2045135498047,175.0,175.2045135498047,175.0,0.2268800139427185,0.1452974677085876,/kaggle/working/gfd-robustness-v4-factorial-r1/graphs/base/yelpchi/r40_s1/graph.bin,/kaggle/working/gfd-robustness-v4-factorial-r1/graphs/variants/yelpchi/r40_s1/camouflage_feature_oracle/0.15/seed_0/graph.bin,/kaggle/working/gfd-robustness-v4-factorial-r1/graphs/base/yelpchi/r40_s1/graph.bin,ok,
gfd_robustness_benchmark_v4_factorial,yelpchi,r40_s1,0,4,camouflage_feature_oracle,0.15,sage,train_on_variant,0.7456335221296206,0.3820676469415056,0.6416306272524576,0.6661967039108276,3.3355710790001467,100,100,0.7494507422691719,roc_auc,max_epochs,45954,8051348,175.2045135498047,175.0,175.2045135498047,175.0,0.2268800139427185,0.1452974677085876,/kaggle/working/gfd-robustness-v4-factorial-r1/graphs/base/yelpchi/r40_s1/graph.bin,/kaggle/working/gfd-robustness-v4-factorial-r1/graphs/variants/yelpchi/r40_s1/camouflage_feature_oracle/0.15/seed_0/graph.bin,/kaggle/working/gfd-robustness-v4-factorial-r1/graphs/variants/yelpchi/r40_s1/camouflage_feature_oracle/0.15/seed_0/graph.bin,ok,
gfd_robustness_benchmark_v4_factorial,yelpchi,r40_s1,0,4,camouflage_feature_oracle,0.15,secgfd,train_clean_eval_all,0.7480530323327378,0.3883676448779435,0.6438554347585042,0.6209703087806702,0.3097183179997955,50,49,0.7930952636384659,roc_auc,max_epochs,45954,8051348,175.2045135498047,175.0,175.2045135498047,175.0,0.2268800139427185,0.1452974677085876,/kaggle/working/gfd-robustness-v4-factorial-r1/graphs/base/yelpchi/r40_s1/graph.bin,/kaggle/working/gfd-robustness-v4-factorial-r1/graphs/variants/yelpchi/r40_s1/camouflage_feature_oracle/0.15/seed_0/graph.bin,/kaggle/working/gfd-robustness-v4-factorial-r1/graphs/base/yelpchi/r40_s1/graph.bin,ok,
gfd_robustness_benchmark_v4_factorial,yelpchi,r40_s1,0,4,camouflage_feature_oracle,0.15,secgfd,train_on_variant,0.7381648085257693,0.3766278035559786,0.6349087390315917,0.6417713165283203,4.835074121000616,50,50,0.7424672374045492,roc_auc,max_epochs,45954,8051348,175.2045135498047,175.0,175.2045135498047,175.0,0.2268800139427185,0.1452974677085876,/kaggle/working/gfd-robustness-v4-factorial-r1/graphs/base/yelpchi/r40_s1/graph.bin,/kaggle/working/gfd-robustness-v4-factorial-r1/graphs/variants/yelpchi/r40_s1/camouflage_feature_oracle/0.15/seed_0/graph.bin,/kaggle/working/gfd-robustness-v4-factorial-r1/graphs/variants/yelpchi/r40_s1/camouflage_feature_oracle/0.15/seed_0/graph.bin,ok,
gfd_robustness_benchmark_v4_factorial,yelpchi,r40_s1,1,0,camouflage_feature_oracle,0.15,mlp,train_clean_eval_all,0.7007109444552849,0.2933621699612048,0.6025768896960216,0.4987255334854126,0.1737250109999877,16,6,0.7381013548468616,roc_auc,early_stopping,45954,8051348,175.2045135498047,175.0,175.2045135498047,175.0,0.2268800139427185,0.1452974677085876,/kaggle/working/gfd-robustness-v4-factorial-r1/graphs/base/yelpchi/r40_s1/graph.bin,/kaggle/working/gfd-robustness-v4-factorial-r1/graphs/variants/yelpchi/r40_s1/camouflage_feature_oracle/0.15/seed_1/graph.bin,/kaggle/working/gfd-robustness-v4-factorial-r1/graphs/base/yelpchi/r40_s1/graph.bin,ok,
gfd_robustness_benchmark_v4_factorial,yelpchi,r40_s1,1,0,camouflage_feature_oracle,0.15,mlp,train_on_variant,0.700809497508293,0.294675908884662,0.6036827717715382,0.5089005827903748,0.4005671670001902,17,7,0.7006138889087559,roc_auc,early_stopping,45954,8051348,175.2045135498047,175.0,175.2045135498047,175.0,0.2268800139427185,0.1452974677085876,/kaggle/working/gfd-robustness-v4-factorial-r1/graphs/base/yelpchi/r40_s1/graph.bin,/kaggle/working/gfd-robustness-v4-factorial-r1/graphs/variants/yelpchi/r40_s1/camouflage_feature_oracle/0.15/seed_1/graph.bin,/kaggle/working/gfd-robustness-v4-factorial-r1/graphs/variants/yelpchi/r40_s1/camouflage_feature_oracle/0.15/seed_1/graph.bin,ok,
gfd_robustness_benchmark_v4_factorial,yelpchi,r40_s1,1,0,camouflage_feature_oracle,0.15,pmp,train_clean_eval_all,0.7912344068228105,0.480133937938179,0.6841891108747995,0.2638531029224396,0.4760966850008117,52,42,0.8448072627229967,roc_auc,early_stopping,45954,8051348,175.2045135498047,175.0,175.2045135498047,175.0,0.2268800139427185,0.1452974677085876,/kaggle/working/gfd-robustness-v4-factorial-r1/graphs/base/yelpchi/r40_s1/graph.bin,/kaggle/working/gfd-robustness-v4-factorial-r1/graphs/variants/yelpchi/r40_s1/camouflage_feature_oracle/0.15/seed_1/graph.bin,/kaggle/working/gfd-robustness-v4-factorial-r1/graphs/base/yelpchi/r40_s1/graph.bin,ok,
gfd_robustness_benchmark_v4_factorial,yelpchi,r40_s1,1,0,camouflage_feature_oracle,0.15,pmp,train_on_variant,0.7877650058843616,0.4713630995338361,0.6819705979879582,0.215146780014038,31.70902550699975,52,42,0.7949885685541068,roc_auc,early_stopping,45954,8051348,175.2045135498047,175.0,175.2045135498047,175.0,0.2268800139427185,0.1452974677085876,/kaggle/working/gfd-robustness-v4-factorial-r1/graphs/base/yelpchi/r40_s1/graph.bin,/kaggle/working/gfd-robustness-v4-factorial-r1/graphs/variants/yelpchi/r40_s1/camouflage_feature_oracle/0.15/seed_1/graph.bin,/kaggle/working/gfd-robustness-v4-factorial-r1/graphs/variants/yelpchi/r40_s1/camouflage_feature_oracle/0.15/seed_1/graph.bin,ok,
gfd_robustness_benchmark_v4_factorial,yelpchi,r40_s1,1,0,camouflage_feature_oracle,0.15,sage,train_clean_eval_all,0.7370628960701306,0.3805776588553677,0.6404633253328066,0.6340437531471252,0.2280112850003206,100,99,0.7847662096472344,roc_auc,max_epochs,45954,8051348,175.2045135498047,175.0,175.2045135498047,175.0,0.2268800139427185,0.1452974677085876,/kaggle/working/gfd-robustness-v4-factorial-r1/graphs/base/yelpchi/r40_s1/graph.bin,/kaggle/working/gfd-robustness-v4-factorial-r1/graphs/variants/yelpchi/r40_s1/camouflage_feature_oracle/0.15/seed_1/graph.bin,/kaggle/working/gfd-robustness-v4-factorial-r1/graphs/base/yelpchi/r40_s1/graph.bin,ok,
gfd_robustness_benchmark_v4_factorial,yelpchi,r40_s1,1,0,camouflage_feature_oracle,0.15,sage,train_on_variant,0.7479687233221947,0.3899666679966242,0.645772881774363,0.6332269310951233,3.2724738059996525,100,100,0.750512305194573,roc_auc,max_epochs,45954,8051348,175.2045135498047,175.0,175.2045135498047,175.0,0.2268800139427185,0.1452974677085876,/kaggle/working/gfd-robustness-v4-factorial-r1/graphs/base/yelpchi/r40_s1/graph.bin,/kaggle/working/gfd-robustness-v4-factorial-r1/graphs/variants/yelpchi/r40_s1/camouflage_feature_oracle/0.15/seed_1/graph.bin,/kaggle/working/gfd-robustness-v4-factorial-r1/graphs/variants/yelpchi/r40_s1/camouflage_feature_oracle/0.15/seed_1/graph.bin,ok,
gfd_robustness_benchmark_v4_factorial,yelpchi,r40_s1,1,0,camouflage_feature_oracle,0.15,secgfd,train_clean_eval_all,0.7600684299997256,0.4179206528086548,0.6593377253843935,0.707516610622406,0.2248533269994368,50,50,0.81031190324634,roc_auc,max_epochs,45954,8051348,175.2045135498047,175.0,175.2045135498047,175.0,0.2268800139427185,0.1452974677085876,/kaggle/working/gfd-robustness-v4-factorial-r1/graphs/base/yelpchi/r40_s1/graph.bin,/kaggle/working/gfd-robustness-v4-factorial-r1/graphs/variants/yelpchi/r40_s1/camouflage_feature_oracle/0.15/seed_1/graph.bin,/kaggle/working/gfd-robustness-v4-factorial-r1/graphs/base/yelpchi/r40_s1/graph.bin,ok,
gfd_robustness_benchmark_v4_factorial,yelpchi,r40_s1,1,0,camouflage_feature_oracle,0.15,secgfd,train_on_variant,0.7586050571019367,0.4106499742375405,0.6605617753043946,0.6647451519966125,4.875410311999985,50,49,0.7528074629819028,roc_auc,max_epochs,45954,8051348,175.2045135498047,175.0,175.2045135498047,175.0,0.2268800139427185,0.1452974677085876,/kaggle/working/gfd-robustness-v4-factorial-r1/graphs/base/yelpchi/r40_s1/graph.bin,/kaggle/working/gfd-robustness-v4-factorial-r1/graphs/variants/yelpchi/r40_s1/camouflage_feature_oracle/0.15/seed_1/graph.bin,/kaggle/working/gfd-robustness-v4-factorial-r1/graphs/variants/yelpchi/r40_s1/camouflage_feature_oracle/0.15/seed_1/graph.bin,ok,
gfd_robustness_benchmark_v4_factorial,yelpchi,r40_s1,1,1,camouflage_feature_oracle,0.15,mlp,train_clean_eval_all,0.7412061855159335,0.375505407795122,0.6352266846614142,0.7060688734054565,0.2163375609998183,100,100,0.7923067203551258,roc_auc,max_epochs,45954,8051348,175.2045135498047,175.0,175.2045135498047,175.0,0.2268800139427185,0.1452974677085876,/kaggle/working/gfd-robustness-v4-factorial-r1/graphs/base/yelpchi/r40_s1/graph.bin,/kaggle/working/gfd-robustness-v4-factorial-r1/graphs/variants/yelpchi/r40_s1/camouflage_feature_oracle/0.15/seed_1/graph.bin,/kaggle/working/gfd-robustness-v4-factorial-r1/graphs/base/yelpchi/r40_s1/graph.bin,ok,
gfd_robustness_benchmark_v4_factorial,yelpchi,r40_s1,1,1,camouflage_feature_oracle,0.15,mlp,train_on_variant,0.7395343327156786,0.371229127278298,0.6374952756290002,0.6656225919723511,2.138109971999256,100,100,0.7403364349623441,roc_auc,max_epochs,45954,8051348,175.2045135498047,175.0,175.2045135498047,175.0,0.2268800139427185,0.1452974677085876,/kaggle/working/gfd-robustness-v4-factorial-r1/graphs/base/yelpchi/r40_s1/graph.bin,/kaggle/working/gfd-robustness-v4-factorial-r1/graphs/variants/yelpchi/r40_s1/camouflage_feature_oracle/0.15/seed_1/graph.bin,/kaggle/working/gfd-robustness-v4-factorial-r1/graphs/variants/yelpchi/r40_s1/camouflage_feature_oracle/0.15/seed_1/graph.bin,ok,
gfd_robustness_benchmark_v4_factorial,yelpchi,r40_s1,1,1,camouflage_feature_oracle,0.15,pmp,train_clean_eval_all,0.796529760616242,0.4928422568057014,0.6870619496982453,0.3995718955993652,0.4968211529994732,73,63,0.8482169090037834,roc_auc,early_stopping,45954,8051348,175.2045135498047,175.0,175.2045135498047,175.0,0.2268800139427185,0.1452974677085876,/kaggle/working/gfd-robustness-v4-factorial-r1/graphs/base/yelpchi/r40_s1/graph.bin,/kaggle/working/gfd-robustness-v4-factorial-r1/graphs/variants/yelpchi/r40_s1/camouflage_feature_oracle/0.15/seed_1/graph.bin,/kaggle/working/gfd-robustness-v4-factorial-r1/graphs/base/yelpchi/r40_s1/graph.bin,ok,
gfd_robustness_benchmark_v4_factorial,yelpchi,r40_s1,1,1,camouflage_feature_oracle,0.15,pmp,train_on_variant,0.7875762485022317,0.4737923656567737,0.6836847251413195,0.207829475402832,41.14847167799962,69,59,0.7922310034163216,roc_auc,early_stopping,45954,8051348,175.2045135498047,175.0,175.2045135498047,175.0,0.2268800139427185,0.1452974677085876,/kaggle/working/gfd-robustness-v4-factorial-r1/graphs/base/yelpchi/r40_s1/graph.bin,/kaggle/working/gfd-robustness-v4-factorial-r1/graphs/variants/yelpchi/r40_s1/camouflage_feature_oracle/0.15/seed_1/graph.bin,/kaggle/working/gfd-robustness-v4-factorial-r1/graphs/variants/yelpchi/r40_s1/camouflage_feature_oracle/0.15/seed_1/graph.bin,ok,
gfd_robustness_benchmark_v4_factorial,yelpchi,r40_s1,1,1,camouflage_feature_oracle,0.15,sage,train_clean_eval_all,0.5917025260832713,0.183731057784389,0.5380840296115023,0.2877165079116821,0.1883506659996783,23,13,0.6056249389091134,roc_auc,early_stopping,45954,8051348,175.2045135498047,175.0,175.2045135498047,175.0,0.2268800139427185,0.1452974677085876,/kaggle/working/gfd-robustness-v4-factorial-r1/graphs/base/yelpchi/r40_s1/graph.bin,/kaggle/working/gfd-robustness-v4-factorial-r1/graphs/variants/yelpchi/r40_s1/camouflage_feature_oracle/0.15/seed_1/graph.bin,/kaggle/working/gfd-robustness-v4-factorial-r1/graphs/base/yelpchi/r40_s1/graph.bin,ok,
gfd_robustness_benchmark_v4_factorial,yelpchi,r40_s1,1,1,camouflage_feature_oracle,0.15,sage,train_on_variant,0.5826967183250606,0.1783202495191916,0.5314090321437268,0.2796554565429687,1.0637822630005758,23,13,0.5812978684346667,roc_auc,early_stopping,45954,8051348,175.2045135498047,175.0,175.2045135498047,175.0,0.2268800139427185,0.1452974677085876,/kaggle/working/gfd-robustness-v4-factorial-r1/graphs/base/yelpchi/r40_s1/graph.bin,/kaggle/working/gfd-robustness-v4-factorial-r1/graphs/variants/yelpchi/r40_s1/camouflage_feature_oracle/0.15/seed_1/graph.bin,/kaggle/working/gfd-robustness-v4-factorial-r1/graphs/variants/yelpchi/r40_s1/camouflage_feature_oracle/0.15/seed_1/graph.bin,ok,
gfd_robustness_benchmark_v4_factorial,yelpchi,r40_s1,1,1,camouflage_feature_oracle,0.15,secgfd,train_clean_eval_all,0.7563293688526714,0.4061153315076597,0.6560358331612772,0.679985523223877,0.2391261730008409,50,50,0.8115241848389704,roc_auc,max_epochs,45954,8051348,175.2045135498047,175.0,175.2045135498047,175.0,0.2268800139427185,0.1452974677085876,/kaggle/working/gfd-robustness-v4-factorial-r1/graphs/base/yelpchi/r40_s1/graph.bin,/kaggle/working/gfd-robustness-v4-factorial-r1/graphs/variants/yelpchi/r40_s1/camouflage_feature_oracle/0.15/seed_1/graph.bin,/kaggle/working/gfd-robustness-v4-factorial-r1/graphs/base/yelpchi/r40_s1/graph.bin,ok,
gfd_robustness_benchmark_v4_factorial,yelpchi,r40_s1,1,1,camouflage_feature_oracle,0.15,secgfd,train_on_variant,0.7442750739927985,0.392795075366418,0.6482590115147483,0.5928135514259338,4.887786649000191,50,50,0.7464895328961014,roc_auc,max_epochs,45954,8051348,175.2045135498047,175.0,175.2045135498047,175.0,0.2268800139427185,0.1452974677085876,/kaggle/working/gfd-robustness-v4-factorial-r1/graphs/base/yelpchi/r40_s1/graph.bin,/kaggle/working/gfd-robustness-v4-factorial-r1/graphs/variants/yelpchi/r40_s1/camouflage_feature_oracle/0.15/seed_1/graph.bin,/kaggle/working/gfd-robustness-v4-factorial-r1/graphs/variants/yelpchi/r40_s1/camouflage_feature_oracle/0.15/seed_1/graph.bin,ok,
gfd_robustness_benchmark_v4_factorial,yelpchi,r40_s1,1,2,camouflage_feature_oracle,0.15,mlp,train_clean_eval_all,0.7428987255250192,0.3783192812732946,0.6392560024130125,0.6799353361129761,0.1755608750008832,100,100,0.7945293081293195,roc_auc,max_epochs,45954,8051348,175.2045135498047,175.0,175.2045135498047,175.0,0.2268800139427185,0.1452974677085876,/kaggle/working/gfd-robustness-v4-factorial-r1/graphs/base/yelpchi/r40_s1/graph.bin,/kaggle/working/gfd-robustness-v4-factorial-r1/graphs/variants/yelpchi/r40_s1/camouflage_feature_oracle/0.15/seed_1/graph.bin,/kaggle/working/gfd-robustness-v4-factorial-r1/graphs/base/yelpchi/r40_s1/graph.bin,ok,
gfd_robustness_benchmark_v4_factorial,yelpchi,r40_s1,1,2,camouflage_feature_oracle,0.15,mlp,train_on_variant,0.7397444323420369,0.374159933236644,0.640156262651778,0.6661636829376221,2.05951974600066,100,100,0.7401643553451248,roc_auc,max_epochs,45954,8051348,175.2045135498047,175.0,175.2045135498047,175.0,0.2268800139427185,0.1452974677085876,/kaggle/working/gfd-robustness-v4-factorial-r1/graphs/base/yelpchi/r40_s1/graph.bin,/kaggle/working/gfd-robustness-v4-factorial-r1/graphs/variants/yelpchi/r40_s1/camouflage_feature_oracle/0.15/seed_1/graph.bin,/kaggle/working/gfd-robustness-v4-factorial-r1/graphs/variants/yelpchi/r40_s1/camouflage_feature_oracle/0.15/seed_1/graph.bin,ok,
gfd_robustness_benchmark_v4_factorial,yelpchi,r40_s1,1,2,camouflage_feature_oracle,0.15,pmp,train_clean_eval_all,0.7969504005291352,0.4856368360245232,0.6879869531154705,0.3258445560932159,0.479202812000949,86,76,0.8507594819016013,roc_auc,early_stopping,45954,8051348,175.2045135498047,175.0,175.2045135498047,175.0,0.2268800139427185,0.1452974677085876,/kaggle/working/gfd-robustness-v4-factorial-r1/graphs/base/yelpchi/r40_s1/graph.bin,/kaggle/working/gfd-robustness-v4-factorial-r1/graphs/variants/yelpchi/r40_s1/camouflage_feature_oracle/0.15/seed_1/graph.bin,/kaggle/working/gfd-robustness-v4-factorial-r1/graphs/base/yelpchi/r40_s1/graph.bin,ok,
gfd_robustness_benchmark_v4_factorial,yelpchi,r40_s1,1,2,camouflage_feature_oracle,0.15,pmp,train_on_variant,0.7985771273453602,0.4955074250048433,0.6909883994096917,0.2951189279556274,45.59304631799933,76,66,0.7992636193936447,roc_auc,early_stopping,45954,8051348,175.2045135498047,175.0,175.2045135498047,175.0,0.2268800139427185,0.1452974677085876,/kaggle/working/gfd-robustness-v4-factorial-r1/graphs/base/yelpchi/r40_s1/graph.bin,/kaggle/working/gfd-robustness-v4-factorial-r1/graphs/variants/yelpchi/r40_s1/camouflage_feature_oracle/0.15/seed_1/graph.bin,/kaggle/working/gfd-robustness-v4-factorial-r1/graphs/variants/yelpchi/r40_s1/camouflage_feature_oracle/0.15/seed_1/graph.bin,ok,
gfd_robustness_benchmark_v4_factorial,yelpchi,r40_s1,1,2,camouflage_feature_oracle,0.15,sage,train_clean_eval_all,0.7399214824551508,0.3835343077147976,0.6421979746885331,0.6474134922027588,0.2508170450000762,100,99,0.7896983004217357,roc_auc,max_epochs,45954,8051348,175.2045135498047,175.0,175.2045135498047,175.0,0.2268800139427185,0.1452974677085876,/kaggle/working/gfd-robustness-v4-factorial-r1/graphs/base/yelpchi/r40_s1/graph.bin,/kaggle/working/gfd-robustness-v4-factorial-r1/graphs/variants/yelpchi/r40_s1/camouflage_feature_oracle/0.15/seed_1/graph.bin,/kaggle/working/gfd-robustness-v4-factorial-r1/graphs/base/yelpchi/r40_s1/graph.bin,ok,
gfd_robustness_benchmark_v4_factorial,yelpchi,r40_s1,1,2,camouflage_feature_oracle,0.15,sage,train_on_variant,0.734869396898667,0.367701053880786,0.6273639919297749,0.6532058715820312,3.426843932000338,100,100,0.7369049032439559,roc_auc,max_epochs,45954,8051348,175.2045135498047,175.0,175.2045135498047,175.0,0.2268800139427185,0.1452974677085876,/kaggle/working/gfd-robustness-v4-factorial-r1/graphs/base/yelpchi/r40_s1/graph.bin,/kaggle/working/gfd-robustness-v4-factorial-r1/graphs/variants/yelpchi/r40_s1/camouflage_feature_oracle/0.15/seed_1/graph.bin,/kaggle/working/gfd-robustness-v4-factorial-r1/graphs/variants/yelpchi/r40_s1/camouflage_feature_oracle/0.15/seed_1/graph.bin,ok,
gfd_robustness_benchmark_v4_factorial,yelpchi,r40_s1,1,2,camouflage_feature_oracle,0.15,secgfd,train_clean_eval_all,0.7560931749980182,0.4078004332601861,0.6546385624473404,0.6409332752227783,0.2353575690012803,50,50,0.8095187349358813,roc_auc,max_epochs,45954,8051348,175.2045135498047,175.0,175.2045135498047,175.0,0.2268800139427185,0.1452974677085876,/kaggle/working/gfd-robustness-v4-factorial-r1/graphs/base/yelpchi/r40_s1/graph.bin,/kaggle/working/gfd-robustness-v4-factorial-r1/graphs/variants/yelpchi/r40_s1/camouflage_feature_oracle/0.15/seed_1/graph.bin,/kaggle/working/gfd-robustness-v4-factorial-r1/graphs/base/yelpchi/r40_s1/graph.bin,ok,
gfd_robustness_benchmark_v4_factorial,yelpchi,r40_s1,1,2,camouflage_feature_oracle,0.15,secgfd,train_on_variant,0.7491513718680256,0.4089621494305665,0.6468604045003304,0.6681253910064697,4.738342945999648,50,49,0.7540287562253103,roc_auc,max_epochs,45954,8051348,175.2045135498047,175.0,175.2045135498047,175.0,0.2268800139427185,0.1452974677085876,/kaggle/working/gfd-robustness-v4-factorial-r1/graphs/base/yelpchi/r40_s1/graph.bin,/kaggle/working/gfd-robustness-v4-factorial-r1/graphs/variants/yelpchi/r40_s1/camouflage_feature_oracle/0.15/seed_1/graph.bin,/kaggle/working/gfd-robustness-v4-factorial-r1/graphs/variants/yelpchi/r40_s1/camouflage_feature_oracle/0.15/seed_1/graph.bin,ok,
gfd_robustness_benchmark_v4_factorial,yelpchi,r40_s1,1,3,camouflage_feature_oracle,0.15,mlp,train_clean_eval_all,0.7409092996542557,0.3720003672417515,0.635572251450542,0.6908923387527466,0.1374569580002571,100,100,0.79316778597091,roc_auc,max_epochs,45954,8051348,175.2045135498047,175.0,175.2045135498047,175.0,0.2268800139427185,0.1452974677085876,/kaggle/working/gfd-robustness-v4-factorial-r1/graphs/base/yelpchi/r40_s1/graph.bin,/kaggle/working/gfd-robustness-v4-factorial-r1/graphs/variants/yelpchi/r40_s1/camouflage_feature_oracle/0.15/seed_1/graph.bin,/kaggle/working/gfd-robustness-v4-factorial-r1/graphs/base/yelpchi/r40_s1/graph.bin,ok,
gfd_robustness_benchmark_v4_factorial,yelpchi,r40_s1,1,3,camouflage_feature_oracle,0.15,mlp,train_on_variant,0.7364492231804213,0.3653331893636262,0.6346499517702627,0.6781951189041138,2.007982684000126,100,100,0.7387550571333891,roc_auc,max_epochs,45954,8051348,175.2045135498047,175.0,175.2045135498047,175.0,0.2268800139427185,0.1452974677085876,/kaggle/working/gfd-robustness-v4-factorial-r1/graphs/base/yelpchi/r40_s1/graph.bin,/kaggle/working/gfd-robustness-v4-factorial-r1/graphs/variants/yelpchi/r40_s1/camouflage_feature_oracle/0.15/seed_1/graph.bin,/kaggle/working/gfd-robustness-v4-factorial-r1/graphs/variants/yelpchi/r40_s1/camouflage_feature_oracle/0.15/seed_1/graph.bin,ok,
gfd_robustness_benchmark_v4_factorial,yelpchi,r40_s1,1,3,camouflage_feature_oracle,0.15,pmp,train_clean_eval_all,0.8020358690714294,0.496020141685673,0.6952173920022602,0.2770633101463318,0.4654917839998234,100,100,0.854679931435165,roc_auc,max_epochs,45954,8051348,175.2045135498047,175.0,175.2045135498047,175.0,0.2268800139427185,0.1452974677085876,/kaggle/working/gfd-robustness-v4-factorial-r1/graphs/base/yelpchi/r40_s1/graph.bin,/kaggle/working/gfd-robustness-v4-factorial-r1/graphs/variants/yelpchi/r40_s1/camouflage_feature_oracle/0.15/seed_1/graph.bin,/kaggle/working/gfd-robustness-v4-factorial-r1/graphs/base/yelpchi/r40_s1/graph.bin,ok,
gfd_robustness_benchmark_v4_factorial,yelpchi,r40_s1,1,3,camouflage_feature_oracle,0.15,pmp,train_on_variant,0.7853569766653048,0.4619092441862439,0.6816414048112872,0.2189323455095291,34.78407088899985,58,48,0.7920569212100406,roc_auc,early_stopping,45954,8051348,175.2045135498047,175.0,175.2045135498047,175.0,0.2268800139427185,0.1452974677085876,/kaggle/working/gfd-robustness-v4-factorial-r1/graphs/base/yelpchi/r40_s1/graph.bin,/kaggle/working/gfd-robustness-v4-factorial-r1/graphs/variants/yelpchi/r40_s1/camouflage_feature_oracle/0.15/seed_1/graph.bin,/kaggle/working/gfd-robustness-v4-factorial-r1/graphs/variants/yelpchi/r40_s1/camouflage_feature_oracle/0.15/seed_1/graph.bin,ok,
gfd_robustness_benchmark_v4_factorial,yelpchi,r40_s1,1,3,camouflage_feature_oracle,0.15,sage,train_clean_eval_all,0.7346763162829127,0.3787685493716242,0.6400692988146157,0.6763858795166016,0.1770482049996644,100,100,0.7853451486087966,roc_auc,max_epochs,45954,8051348,175.2045135498047,175.0,175.2045135498047,175.0,0.2268800139427185,0.1452974677085876,/kaggle/working/gfd-robustness-v4-factorial-r1/graphs/base/yelpchi/r40_s1/graph.bin,/kaggle/working/gfd-robustness-v4-factorial-r1/graphs/variants/yelpchi/r40_s1/camouflage_feature_oracle/0.15/seed_1/graph.bin,/kaggle/working/gfd-robustness-v4-factorial-r1/graphs/base/yelpchi/r40_s1/graph.bin,ok,
gfd_robustness_benchmark_v4_factorial,yelpchi,r40_s1,1,3,camouflage_feature_oracle,0.15,sage,train_on_variant,0.7362308224691148,0.3801517235815806,0.6407639196150152,0.6373201012611389,3.06420179899942,100,99,0.7387247322133139,roc_auc,max_epochs,45954,8051348,175.2045135498047,175.0,175.2045135498047,175.0,0.2268800139427185,0.1452974677085876,/kaggle/working/gfd-robustness-v4-factorial-r1/graphs/base/yelpchi/r40_s1/graph.bin,/kaggle/working/gfd-robustness-v4-factorial-r1/graphs/variants/yelpchi/r40_s1/camouflage_feature_oracle/0.15/seed_1/graph.bin,/kaggle/working/gfd-robustness-v4-factorial-r1/graphs/variants/yelpchi/r40_s1/camouflage_feature_oracle/0.15/seed_1/graph.bin,ok,
gfd_robustness_benchmark_v4_factorial,yelpchi,r40_s1,1,3,camouflage_feature_oracle,0.15,secgfd,train_clean_eval_all,0.7501187996016623,0.3940112043864311,0.6445441916881814,0.6394457817077637,0.2149663350010087,50,50,0.8028998443225408,roc_auc,max_epochs,45954,8051348,175.2045135498047,175.0,175.2045135498047,175.0,0.2268800139427185,0.1452974677085876,/kaggle/working/gfd-robustness-v4-factorial-r1/graphs/base/yelpchi/r40_s1/graph.bin,/kaggle/working/gfd-robustness-v4-factorial-r1/graphs/variants/yelpchi/r40_s1/camouflage_feature_oracle/0.15/seed_1/graph.bin,/kaggle/working/gfd-robustness-v4-factorial-r1/graphs/base/yelpchi/r40_s1/graph.bin,ok,
gfd_robustness_benchmark_v4_factorial,yelpchi,r40_s1,1,3,camouflage_feature_oracle,0.15,secgfd,train_on_variant,0.747590898904838,0.3910445683468045,0.6470394570015344,0.663124144077301,4.722569960999863,50,49,0.7447960577603903,roc_auc,max_epochs,45954,8051348,175.2045135498047,175.0,175.2045135498047,175.0,0.2268800139427185,0.1452974677085876,/kaggle/working/gfd-robustness-v4-factorial-r1/graphs/base/yelpchi/r40_s1/graph.bin,/kaggle/working/gfd-robustness-v4-factorial-r1/graphs/variants/yelpchi/r40_s1/camouflage_feature_oracle/0.15/seed_1/graph.bin,/kaggle/working/gfd-robustness-v4-factorial-r1/graphs/variants/yelpchi/r40_s1/camouflage_feature_oracle/0.15/seed_1/graph.bin,ok,
gfd_robustness_benchmark_v4_factorial,yelpchi,r40_s1,1,4,camouflage_feature_oracle,0.15,mlp,train_clean_eval_all,0.7415462203457138,0.3786978183191996,0.6400342610146748,0.6857644319534302,0.1309362550000514,100,100,0.7918636713655989,roc_auc,max_epochs,45954,8051348,175.2045135498047,175.0,175.2045135498047,175.0,0.2268800139427185,0.1452974677085876,/kaggle/working/gfd-robustness-v4-factorial-r1/graphs/base/yelpchi/r40_s1/graph.bin,/kaggle/working/gfd-robustness-v4-factorial-r1/graphs/variants/yelpchi/r40_s1/camouflage_feature_oracle/0.15/seed_1/graph.bin,/kaggle/working/gfd-robustness-v4-factorial-r1/graphs/base/yelpchi/r40_s1/graph.bin,ok,
gfd_robustness_benchmark_v4_factorial,yelpchi,r40_s1,1,4,camouflage_feature_oracle,0.15,mlp,train_on_variant,0.7384390897113614,0.3752277888547457,0.6363590436258661,0.6833428144454956,1.7232549750006,100,100,0.7389140245603244,roc_auc,max_epochs,45954,8051348,175.2045135498047,175.0,175.2045135498047,175.0,0.2268800139427185,0.1452974677085876,/kaggle/working/gfd-robustness-v4-factorial-r1/graphs/base/yelpchi/r40_s1/graph.bin,/kaggle/working/gfd-robustness-v4-factorial-r1/graphs/variants/yelpchi/r40_s1/camouflage_feature_oracle/0.15/seed_1/graph.bin,/kaggle/working/gfd-robustness-v4-factorial-r1/graphs/variants/yelpchi/r40_s1/camouflage_feature_oracle/0.15/seed_1/graph.bin,ok,
gfd_robustness_benchmark_v4_factorial,yelpchi,r40_s1,1,4,camouflage_feature_oracle,0.15,pmp,train_clean_eval_all,0.7955460999144786,0.4860888255591527,0.6876323280320865,0.3471680581569671,0.4489460690001579,73,63,0.8499933008627821,roc_auc,early_stopping,45954,8051348,175.2045135498047,175.0,175.2045135498047,175.0,0.2268800139427185,0.1452974677085876,/kaggle/working/gfd-robustness-v4-factorial-r1/graphs/base/yelpchi/r40_s1/graph.bin,/kaggle/working/gfd-robustness-v4-factorial-r1/graphs/variants/yelpchi/r40_s1/camouflage_feature_oracle/0.15/seed_1/graph.bin,/kaggle/working/gfd-robustness-v4-factorial-r1/graphs/base/yelpchi/r40_s1/graph.bin,ok,
gfd_robustness_benchmark_v4_factorial,yelpchi,r40_s1,1,4,camouflage_feature_oracle,0.15,pmp,train_on_variant,0.8020677633404271,0.4945633406651875,0.6904400725808038,0.2593411207199096,48.21311741099999,80,70,0.8006511752098546,roc_auc,early_stopping,45954,8051348,175.2045135498047,175.0,175.2045135498047,175.0,0.2268800139427185,0.1452974677085876,/kaggle/working/gfd-robustness-v4-factorial-r1/graphs/base/yelpchi/r40_s1/graph.bin,/kaggle/working/gfd-robustness-v4-factorial-r1/graphs/variants/yelpchi/r40_s1/camouflage_feature_oracle/0.15/seed_1/graph.bin,/kaggle/working/gfd-robustness-v4-factorial-r1/graphs/variants/yelpchi/r40_s1/camouflage_feature_oracle/0.15/seed_1/graph.bin,ok,
gfd_robustness_benchmark_v4_factorial,yelpchi,r40_s1,1,4,camouflage_feature_oracle,0.15,sage,train_clean_eval_all,0.7370272025958267,0.3798177991506177,0.6349905144561312,0.701765239238739,0.1890961459994287,100,100,0.7862607132554708,roc_auc,max_epochs,45954,8051348,175.2045135498047,175.0,175.2045135498047,175.0,0.2268800139427185,0.1452974677085876,/kaggle/working/gfd-robustness-v4-factorial-r1/graphs/base/yelpchi/r40_s1/graph.bin,/kaggle/working/gfd-robustness-v4-factorial-r1/graphs/variants/yelpchi/r40_s1/camouflage_feature_oracle/0.15/seed_1/graph.bin,/kaggle/working/gfd-robustness-v4-factorial-r1/graphs/base/yelpchi/r40_s1/graph.bin,ok,
gfd_robustness_benchmark_v4_factorial,yelpchi,r40_s1,1,4,camouflage_feature_oracle,0.15,sage,train_on_variant,0.7379598181755125,0.3795913503984029,0.6410197150909359,0.6511105895042419,3.237915654999597,100,100,0.7393166880037763,roc_auc,max_epochs,45954,8051348,175.2045135498047,175.0,175.2045135498047,175.0,0.2268800139427185,0.1452974677085876,/kaggle/working/gfd-robustness-v4-factorial-r1/graphs/base/yelpchi/r40_s1/graph.bin,/kaggle/working/gfd-robustness-v4-factorial-r1/graphs/variants/yelpchi/r40_s1/camouflage_feature_oracle/0.15/seed_1/graph.bin,/kaggle/working/gfd-robustness-v4-factorial-r1/graphs/variants/yelpchi/r40_s1/camouflage_feature_oracle/0.15/seed_1/graph.bin,ok,
gfd_robustness_benchmark_v4_factorial,yelpchi,r40_s1,1,4,camouflage_feature_oracle,0.15,secgfd,train_clean_eval_all,0.7431076341779272,0.3786716696401047,0.6393276483042344,0.6209703087806702,0.278187694000735,50,49,0.7930952636384659,roc_auc,max_epochs,45954,8051348,175.2045135498047,175.0,175.2045135498047,175.0,0.2268800139427185,0.1452974677085876,/kaggle/working/gfd-robustness-v4-factorial-r1/graphs/base/yelpchi/r40_s1/graph.bin,/kaggle/working/gfd-robustness-v4-factorial-r1/graphs/variants/yelpchi/r40_s1/camouflage_feature_oracle/0.15/seed_1/graph.bin,/kaggle/working/gfd-robustness-v4-factorial-r1/graphs/base/yelpchi/r40_s1/graph.bin,ok,
gfd_robustness_benchmark_v4_factorial,yelpchi,r40_s1,1,4,camouflage_feature_oracle,0.15,secgfd,train_on_variant,0.7406726889588948,0.3811970139362149,0.634687425817299,0.7133678197860718,4.723766393000005,50,50,0.7378233764128385,roc_auc,max_epochs,45954,8051348,175.2045135498047,175.0,175.2045135498047,175.0,0.2268800139427185,0.1452974677085876,/kaggle/working/gfd-robustness-v4-factorial-r1/graphs/base/yelpchi/r40_s1/graph.bin,/kaggle/working/gfd-robustness-v4-factorial-r1/graphs/variants/yelpchi/r40_s1/camouflage_feature_oracle/0.15/seed_1/graph.bin,/kaggle/working/gfd-robustness-v4-factorial-r1/graphs/variants/yelpchi/r40_s1/camouflage_feature_oracle/0.15/seed_1/graph.bin,ok,
gfd_robustness_benchmark_v4_factorial,yelpchi,r40_s1,0,0,camouflage_feature_oracle,0.3,mlp,train_clean_eval_all,0.6710057918468054,0.2698050207520406,0.5890701286967339,0.4987255334854126,0.1765211809997708,16,6,0.7381013548468616,roc_auc,early_stopping,45954,8051348,175.2045135498047,175.0,175.2045135498047,175.0,0.2268800139427185,0.1452974677085876,/kaggle/working/gfd-robustness-v4-factorial-r1/graphs/base/yelpchi/r40_s1/graph.bin,/kaggle/working/gfd-robustness-v4-factorial-r1/graphs/variants/yelpchi/r40_s1/camouflage_feature_oracle/0.30/seed_0/graph.bin,/kaggle/working/gfd-robustness-v4-factorial-r1/graphs/base/yelpchi/r40_s1/graph.bin,ok,
gfd_robustness_benchmark_v4_factorial,yelpchi,r40_s1,0,0,camouflage_feature_oracle,0.3,mlp,train_on_variant,0.7038451578258961,0.3366998250178747,0.6175786539628666,0.6263433694839478,1.89531152499967,100,100,0.6978913213988561,roc_auc,max_epochs,45954,8051348,175.2045135498047,175.0,175.2045135498047,175.0,0.2268800139427185,0.1452974677085876,/kaggle/working/gfd-robustness-v4-factorial-r1/graphs/base/yelpchi/r40_s1/graph.bin,/kaggle/working/gfd-robustness-v4-factorial-r1/graphs/variants/yelpchi/r40_s1/camouflage_feature_oracle/0.30/seed_0/graph.bin,/kaggle/working/gfd-robustness-v4-factorial-r1/graphs/variants/yelpchi/r40_s1/camouflage_feature_oracle/0.30/seed_0/graph.bin,ok,
gfd_robustness_benchmark_v4_factorial,yelpchi,r40_s1,0,0,camouflage_feature_oracle,0.3,pmp,train_clean_eval_all,0.7547743386381514,0.4299819476698227,0.664299924924925,0.2638531029224396,0.473938052999074,52,42,0.8448072627229967,roc_auc,early_stopping,45954,8051348,175.2045135498047,175.0,175.2045135498047,175.0,0.2268800139427185,0.1452974677085876,/kaggle/working/gfd-robustness-v4-factorial-r1/graphs/base/yelpchi/r40_s1/graph.bin,/kaggle/working/gfd-robustness-v4-factorial-r1/graphs/variants/yelpchi/r40_s1/camouflage_feature_oracle/0.30/seed_0/graph.bin,/kaggle/working/gfd-robustness-v4-factorial-r1/graphs/base/yelpchi/r40_s1/graph.bin,ok,
gfd_robustness_benchmark_v4_factorial,yelpchi,r40_s1,0,0,camouflage_feature_oracle,0.3,pmp,train_on_variant,0.7518466400638133,0.4125914272253212,0.6595016977712511,0.1685072481632232,34.17876858400086,56,46,0.758934098131632,roc_auc,early_stopping,45954,8051348,175.2045135498047,175.0,175.2045135498047,175.0,0.2268800139427185,0.1452974677085876,/kaggle/working/gfd-robustness-v4-factorial-r1/graphs/base/yelpchi/r40_s1/graph.bin,/kaggle/working/gfd-robustness-v4-factorial-r1/graphs/variants/yelpchi/r40_s1/camouflage_feature_oracle/0.30/seed_0/graph.bin,/kaggle/working/gfd-robustness-v4-factorial-r1/graphs/variants/yelpchi/r40_s1/camouflage_feature_oracle/0.30/seed_0/graph.bin,ok,
gfd_robustness_benchmark_v4_factorial,yelpchi,r40_s1,0,0,camouflage_feature_oracle,0.3,sage,train_clean_eval_all,0.703279040506055,0.3438722354709651,0.6238813785443038,0.6340437531471252,0.2158060199999454,100,99,0.7847662096472344,roc_auc,max_epochs,45954,8051348,175.2045135498047,175.0,175.2045135498047,175.0,0.2268800139427185,0.1452974677085876,/kaggle/working/gfd-robustness-v4-factorial-r1/graphs/base/yelpchi/r40_s1/graph.bin,/kaggle/working/gfd-robustness-v4-factorial-r1/graphs/variants/yelpchi/r40_s1/camouflage_feature_oracle/0.30/seed_0/graph.bin,/kaggle/working/gfd-robustness-v4-factorial-r1/graphs/base/yelpchi/r40_s1/graph.bin,ok,
gfd_robustness_benchmark_v4_factorial,yelpchi,r40_s1,0,0,camouflage_feature_oracle,0.3,sage,train_on_variant,0.7049699607912484,0.3327617760177282,0.6165787280028994,0.6077809929847717,3.231516724000357,100,100,0.6984628221724754,roc_auc,max_epochs,45954,8051348,175.2045135498047,175.0,175.2045135498047,175.0,0.2268800139427185,0.1452974677085876,/kaggle/working/gfd-robustness-v4-factorial-r1/graphs/base/yelpchi/r40_s1/graph.bin,/kaggle/working/gfd-robustness-v4-factorial-r1/graphs/variants/yelpchi/r40_s1/camouflage_feature_oracle/0.30/seed_0/graph.bin,/kaggle/working/gfd-robustness-v4-factorial-r1/graphs/variants/yelpchi/r40_s1/camouflage_feature_oracle/0.30/seed_0/graph.bin,ok,
gfd_robustness_benchmark_v4_factorial,yelpchi,r40_s1,0,0,camouflage_feature_oracle,0.3,secgfd,train_clean_eval_all,0.7205090201470785,0.3767177138153376,0.6411190028988614,0.707516610622406,0.2424582069997995,50,50,0.81031190324634,roc_auc,max_epochs,45954,8051348,175.2045135498047,175.0,175.2045135498047,175.0,0.2268800139427185,0.1452974677085876,/kaggle/working/gfd-robustness-v4-factorial-r1/graphs/base/yelpchi/r40_s1/graph.bin,/kaggle/working/gfd-robustness-v4-factorial-r1/graphs/variants/yelpchi/r40_s1/camouflage_feature_oracle/0.30/seed_0/graph.bin,/kaggle/working/gfd-robustness-v4-factorial-r1/graphs/base/yelpchi/r40_s1/graph.bin,ok,
gfd_robustness_benchmark_v4_factorial,yelpchi,r40_s1,0,0,camouflage_feature_oracle,0.3,secgfd,train_on_variant,0.7265647152106175,0.3686543535991874,0.6308824772138262,0.6676868200302124,4.815808767999442,50,50,0.7258094155062378,roc_auc,max_epochs,45954,8051348,175.2045135498047,175.0,175.2045135498047,175.0,0.2268800139427185,0.1452974677085876,/kaggle/working/gfd-robustness-v4-factorial-r1/graphs/base/yelpchi/r40_s1/graph.bin,/kaggle/working/gfd-robustness-v4-factorial-r1/graphs/variants/yelpchi/r40_s1/camouflage_feature_oracle/0.30/seed_0/graph.bin,/kaggle/working/gfd-robustness-v4-factorial-r1/graphs/variants/yelpchi/r40_s1/camouflage_feature_oracle/0.30/seed_0/graph.bin,ok,
gfd_robustness_benchmark_v4_factorial,yelpchi,r40_s1,0,1,camouflage_feature_oracle,0.3,mlp,train_clean_eval_all,0.7069528839469736,0.341767604582385,0.6183717052636561,0.7060688734054565,0.2019198170000891,100,100,0.7923067203551258,roc_auc,max_epochs,45954,8051348,175.2045135498047,175.0,175.2045135498047,175.0,0.2268800139427185,0.1452974677085876,/kaggle/working/gfd-robustness-v4-factorial-r1/graphs/base/yelpchi/r40_s1/graph.bin,/kaggle/working/gfd-robustness-v4-factorial-r1/graphs/variants/yelpchi/r40_s1/camouflage_feature_oracle/0.30/seed_0/graph.bin,/kaggle/working/gfd-robustness-v4-factorial-r1/graphs/base/yelpchi/r40_s1/graph.bin,ok,
gfd_robustness_benchmark_v4_factorial,yelpchi,r40_s1,0,1,camouflage_feature_oracle,0.3,mlp,train_on_variant,0.7012902577609547,0.3332184289633221,0.6135248932465815,0.6535857319831848,1.8515942020003424,100,100,0.6944022867659856,roc_auc,max_epochs,45954,8051348,175.2045135498047,175.0,175.2045135498047,175.0,0.2268800139427185,0.1452974677085876,/kaggle/working/gfd-robustness-v4-factorial-r1/graphs/base/yelpchi/r40_s1/graph.bin,/kaggle/working/gfd-robustness-v4-factorial-r1/graphs/variants/yelpchi/r40_s1/camouflage_feature_oracle/0.30/seed_0/graph.bin,/kaggle/working/gfd-robustness-v4-factorial-r1/graphs/variants/yelpchi/r40_s1/camouflage_feature_oracle/0.30/seed_0/graph.bin,ok,
gfd_robustness_benchmark_v4_factorial,yelpchi,r40_s1,0,1,camouflage_feature_oracle,0.3,pmp,train_clean_eval_all,0.757078026673232,0.4419889674834014,0.6696501171540054,0.3995718955993652,0.5014185899999575,73,63,0.8482169090037834,roc_auc,early_stopping,45954,8051348,175.2045135498047,175.0,175.2045135498047,175.0,0.2268800139427185,0.1452974677085876,/kaggle/working/gfd-robustness-v4-factorial-r1/graphs/base/yelpchi/r40_s1/graph.bin,/kaggle/working/gfd-robustness-v4-factorial-r1/graphs/variants/yelpchi/r40_s1/camouflage_feature_oracle/0.30/seed_0/graph.bin,/kaggle/working/gfd-robustness-v4-factorial-r1/graphs/base/yelpchi/r40_s1/graph.bin,ok,
gfd_robustness_benchmark_v4_factorial,yelpchi,r40_s1,0,1,camouflage_feature_oracle,0.3,pmp,train_on_variant,0.7562783118208593,0.4228739160238729,0.6596966389476502,0.2806667387485504,34.80207182199956,58,48,0.7597439546842704,roc_auc,early_stopping,45954,8051348,175.2045135498047,175.0,175.2045135498047,175.0,0.2268800139427185,0.1452974677085876,/kaggle/working/gfd-robustness-v4-factorial-r1/graphs/base/yelpchi/r40_s1/graph.bin,/kaggle/working/gfd-robustness-v4-factorial-r1/graphs/variants/yelpchi/r40_s1/camouflage_feature_oracle/0.30/seed_0/graph.bin,/kaggle/working/gfd-robustness-v4-factorial-r1/graphs/variants/yelpchi/r40_s1/camouflage_feature_oracle/0.30/seed_0/graph.bin,ok,
gfd_robustness_benchmark_v4_factorial,yelpchi,r40_s1,0,1,camouflage_feature_oracle,0.3,sage,train_clean_eval_all,0.5758336861790675,0.1771176853103631,0.5328772833376761,0.2877165079116821,0.1756463269994128,23,13,0.6056249389091134,roc_auc,early_stopping,45954,8051348,175.2045135498047,175.0,175.2045135498047,175.0,0.2268800139427185,0.1452974677085876,/kaggle/working/gfd-robustness-v4-factorial-r1/graphs/base/yelpchi/r40_s1/graph.bin,/kaggle/working/gfd-robustness-v4-factorial-r1/graphs/variants/yelpchi/r40_s1/camouflage_feature_oracle/0.30/seed_0/graph.bin,/kaggle/working/gfd-robustness-v4-factorial-r1/graphs/base/yelpchi/r40_s1/graph.bin,ok,
gfd_robustness_benchmark_v4_factorial,yelpchi,r40_s1,0,1,camouflage_feature_oracle,0.3,sage,train_on_variant,0.5614961522982548,0.1683858294748152,0.5241551579828416,0.2816322743892669,1.0103424089993496,23,13,0.5573079481329433,roc_auc,early_stopping,45954,8051348,175.2045135498047,175.0,175.2045135498047,175.0,0.2268800139427185,0.1452974677085876,/kaggle/working/gfd-robustness-v4-factorial-r1/graphs/base/yelpchi/r40_s1/graph.bin,/kaggle/working/gfd-robustness-v4-factorial-r1/graphs/variants/yelpchi/r40_s1/camouflage_feature_oracle/0.30/seed_0/graph.bin,/kaggle/working/gfd-robustness-v4-factorial-r1/graphs/variants/yelpchi/r40_s1/camouflage_feature_oracle/0.30/seed_0/graph.bin,ok,
gfd_robustness_benchmark_v4_factorial,yelpchi,r40_s1,0,1,camouflage_feature_oracle,0.3,secgfd,train_clean_eval_all,0.7169183423821908,0.3683102098010326,0.6364628183447483,0.679985523223877,0.2337874490003741,50,50,0.8115241848389704,roc_auc,max_epochs,45954,8051348,175.2045135498047,175.0,175.2045135498047,175.0,0.2268800139427185,0.1452974677085876,/kaggle/working/gfd-robustness-v4-factorial-r1/graphs/base/yelpchi/r40_s1/graph.bin,/kaggle/working/gfd-robustness-v4-factorial-r1/graphs/variants/yelpchi/r40_s1/camouflage_feature_oracle/0.30/seed_0/graph.bin,/kaggle/working/gfd-robustness-v4-factorial-r1/graphs/base/yelpchi/r40_s1/graph.bin,ok,
gfd_robustness_benchmark_v4_factorial,yelpchi,r40_s1,0,1,camouflage_feature_oracle,0.3,secgfd,train_on_variant,0.7116256087303499,0.345849021292206,0.6210088755865614,0.611725389957428,4.887915000000248,50,50,0.710438924609674,roc_auc,max_epochs,45954,8051348,175.2045135498047,175.0,175.2045135498047,175.0,0.2268800139427185,0.1452974677085876,/kaggle/working/gfd-robustness-v4-factorial-r1/graphs/base/yelpchi/r40_s1/graph.bin,/kaggle/working/gfd-robustness-v4-factorial-r1/graphs/variants/yelpchi/r40_s1/camouflage_feature_oracle/0.30/seed_0/graph.bin,/kaggle/working/gfd-robustness-v4-factorial-r1/graphs/variants/yelpchi/r40_s1/camouflage_feature_oracle/0.30/seed_0/graph.bin,ok,
gfd_robustness_benchmark_v4_factorial,yelpchi,r40_s1,0,2,camouflage_feature_oracle,0.3,mlp,train_clean_eval_all,0.7075730357322524,0.3418966637882998,0.6236019230313654,0.6799353361129761,0.1724850560003687,100,100,0.7945293081293195,roc_auc,max_epochs,45954,8051348,175.2045135498047,175.0,175.2045135498047,175.0,0.2268800139427185,0.1452974677085876,/kaggle/working/gfd-robustness-v4-factorial-r1/graphs/base/yelpchi/r40_s1/graph.bin,/kaggle/working/gfd-robustness-v4-factorial-r1/graphs/variants/yelpchi/r40_s1/camouflage_feature_oracle/0.30/seed_0/graph.bin,/kaggle/working/gfd-robustness-v4-factorial-r1/graphs/base/yelpchi/r40_s1/graph.bin,ok,
gfd_robustness_benchmark_v4_factorial,yelpchi,r40_s1,0,2,camouflage_feature_oracle,0.3,mlp,train_on_variant,0.7021447097531007,0.3324310467587739,0.6187854472587637,0.627018928527832,2.0520873940004094,100,100,0.6962231170298744,roc_auc,max_epochs,45954,8051348,175.2045135498047,175.0,175.2045135498047,175.0,0.2268800139427185,0.1452974677085876,/kaggle/working/gfd-robustness-v4-factorial-r1/graphs/base/yelpchi/r40_s1/graph.bin,/kaggle/working/gfd-robustness-v4-factorial-r1/graphs/variants/yelpchi/r40_s1/camouflage_feature_oracle/0.30/seed_0/graph.bin,/kaggle/working/gfd-robustness-v4-factorial-r1/graphs/variants/yelpchi/r40_s1/camouflage_feature_oracle/0.30/seed_0/graph.bin,ok,
gfd_robustness_benchmark_v4_factorial,yelpchi,r40_s1,0,2,camouflage_feature_oracle,0.3,pmp,train_clean_eval_all,0.7632016429526385,0.4437499986337059,0.6728386212666942,0.3258445560932159,0.4415278119995491,86,76,0.8507594819016013,roc_auc,early_stopping,45954,8051348,175.2045135498047,175.0,175.2045135498047,175.0,0.2268800139427185,0.1452974677085876,/kaggle/working/gfd-robustness-v4-factorial-r1/graphs/base/yelpchi/r40_s1/graph.bin,/kaggle/working/gfd-robustness-v4-factorial-r1/graphs/variants/yelpchi/r40_s1/camouflage_feature_oracle/0.30/seed_0/graph.bin,/kaggle/working/gfd-robustness-v4-factorial-r1/graphs/base/yelpchi/r40_s1/graph.bin,ok,
gfd_robustness_benchmark_v4_factorial,yelpchi,r40_s1,0,2,camouflage_feature_oracle,0.3,pmp,train_on_variant,0.7651700481420052,0.4317988773505508,0.6665809651696118,0.2810506224632263,45.80005355800131,76,66,0.7690429293109902,roc_auc,early_stopping,45954,8051348,175.2045135498047,175.0,175.2045135498047,175.0,0.2268800139427185,0.1452974677085876,/kaggle/working/gfd-robustness-v4-factorial-r1/graphs/base/yelpchi/r40_s1/graph.bin,/kaggle/working/gfd-robustness-v4-factorial-r1/graphs/variants/yelpchi/r40_s1/camouflage_feature_oracle/0.30/seed_0/graph.bin,/kaggle/working/gfd-robustness-v4-factorial-r1/graphs/variants/yelpchi/r40_s1/camouflage_feature_oracle/0.30/seed_0/graph.bin,ok,
gfd_robustness_benchmark_v4_factorial,yelpchi,r40_s1,0,2,camouflage_feature_oracle,0.3,sage,train_clean_eval_all,0.7052094774618278,0.3457919226234782,0.6216982848781303,0.6474134922027588,0.2345012799996766,100,99,0.7896983004217357,roc_auc,max_epochs,45954,8051348,175.2045135498047,175.0,175.2045135498047,175.0,0.2268800139427185,0.1452974677085876,/kaggle/working/gfd-robustness-v4-factorial-r1/graphs/base/yelpchi/r40_s1/graph.bin,/kaggle/working/gfd-robustness-v4-factorial-r1/graphs/variants/yelpchi/r40_s1/camouflage_feature_oracle/0.30/seed_0/graph.bin,/kaggle/working/gfd-robustness-v4-factorial-r1/graphs/base/yelpchi/r40_s1/graph.bin,ok,
gfd_robustness_benchmark_v4_factorial,yelpchi,r40_s1,0,2,camouflage_feature_oracle,0.3,sage,train_on_variant,0.7063344709829323,0.3364454047615081,0.6195039092392716,0.6240127682685852,3.331502101999831,100,100,0.7025703707412202,roc_auc,max_epochs,45954,8051348,175.2045135498047,175.0,175.2045135498047,175.0,0.2268800139427185,0.1452974677085876,/kaggle/working/gfd-robustness-v4-factorial-r1/graphs/base/yelpchi/r40_s1/graph.bin,/kaggle/working/gfd-robustness-v4-factorial-r1/graphs/variants/yelpchi/r40_s1/camouflage_feature_oracle/0.30/seed_0/graph.bin,/kaggle/working/gfd-robustness-v4-factorial-r1/graphs/variants/yelpchi/r40_s1/camouflage_feature_oracle/0.30/seed_0/graph.bin,ok,
gfd_robustness_benchmark_v4_factorial,yelpchi,r40_s1,0,2,camouflage_feature_oracle,0.3,secgfd,train_clean_eval_all,0.7181089466306694,0.3696956014042761,0.6352445362669445,0.6409332752227783,0.2261224680005398,50,50,0.8095187349358813,roc_auc,max_epochs,45954,8051348,175.2045135498047,175.0,175.2045135498047,175.0,0.2268800139427185,0.1452974677085876,/kaggle/working/gfd-robustness-v4-factorial-r1/graphs/base/yelpchi/r40_s1/graph.bin,/kaggle/working/gfd-robustness-v4-factorial-r1/graphs/variants/yelpchi/r40_s1/camouflage_feature_oracle/0.30/seed_0/graph.bin,/kaggle/working/gfd-robustness-v4-factorial-r1/graphs/base/yelpchi/r40_s1/graph.bin,ok,
gfd_robustness_benchmark_v4_factorial,yelpchi,r40_s1,0,2,camouflage_feature_oracle,0.3,secgfd,train_on_variant,0.7116474035444894,0.3648512962519647,0.6302673697419574,0.6319053769111633,4.851193091999448,50,50,0.7102628874950233,roc_auc,max_epochs,45954,8051348,175.2045135498047,175.0,175.2045135498047,175.0,0.2268800139427185,0.1452974677085876,/kaggle/working/gfd-robustness-v4-factorial-r1/graphs/base/yelpchi/r40_s1/graph.bin,/kaggle/working/gfd-robustness-v4-factorial-r1/graphs/variants/yelpchi/r40_s1/camouflage_feature_oracle/0.30/seed_0/graph.bin,/kaggle/working/gfd-robustness-v4-factorial-r1/graphs/variants/yelpchi/r40_s1/camouflage_feature_oracle/0.30/seed_0/graph.bin,ok,
gfd_robustness_benchmark_v4_factorial,yelpchi,r40_s1,0,3,camouflage_feature_oracle,0.3,mlp,train_clean_eval_all,0.7067636739949328,0.3379830931205966,0.6188137526469089,0.6908923387527466,0.1298447429999214,100,100,0.79316778597091,roc_auc,max_epochs,45954,8051348,175.2045135498047,175.0,175.2045135498047,175.0,0.2268800139427185,0.1452974677085876,/kaggle/working/gfd-robustness-v4-factorial-r1/graphs/base/yelpchi/r40_s1/graph.bin,/kaggle/working/gfd-robustness-v4-factorial-r1/graphs/variants/yelpchi/r40_s1/camouflage_feature_oracle/0.30/seed_0/graph.bin,/kaggle/working/gfd-robustness-v4-factorial-r1/graphs/base/yelpchi/r40_s1/graph.bin,ok,
gfd_robustness_benchmark_v4_factorial,yelpchi,r40_s1,0,3,camouflage_feature_oracle,0.3,mlp,train_on_variant,0.7002615782627718,0.3269984784471713,0.609574428611255,0.6624038219451904,1.9986843509996104,100,100,0.6945197243102392,roc_auc,max_epochs,45954,8051348,175.2045135498047,175.0,175.2045135498047,175.0,0.2268800139427185,0.1452974677085876,/kaggle/working/gfd-robustness-v4-factorial-r1/graphs/base/yelpchi/r40_s1/graph.bin,/kaggle/working/gfd-robustness-v4-factorial-r1/graphs/variants/yelpchi/r40_s1/camouflage_feature_oracle/0.30/seed_0/graph.bin,/kaggle/working/gfd-robustness-v4-factorial-r1/graphs/variants/yelpchi/r40_s1/camouflage_feature_oracle/0.30/seed_0/graph.bin,ok,
gfd_robustness_benchmark_v4_factorial,yelpchi,r40_s1,0,3,camouflage_feature_oracle,0.3,pmp,train_clean_eval_all,0.7666370773282865,0.4502626429115774,0.6767956449594186,0.2770633101463318,0.4558215830002154,100,100,0.854679931435165,roc_auc,max_epochs,45954,8051348,175.2045135498047,175.0,175.2045135498047,175.0,0.2268800139427185,0.1452974677085876,/kaggle/working/gfd-robustness-v4-factorial-r1/graphs/base/yelpchi/r40_s1/graph.bin,/kaggle/working/gfd-robustness-v4-factorial-r1/graphs/variants/yelpchi/r40_s1/camouflage_feature_oracle/0.30/seed_0/graph.bin,/kaggle/working/gfd-robustness-v4-factorial-r1/graphs/base/yelpchi/r40_s1/graph.bin,ok,
gfd_robustness_benchmark_v4_factorial,yelpchi,r40_s1,0,3,camouflage_feature_oracle,0.3,pmp,train_on_variant,0.7636731374318573,0.4360915250702883,0.6727503894181209,0.2846012115478515,47.589080361000015,79,69,0.7731833298764832,roc_auc,early_stopping,45954,8051348,175.2045135498047,175.0,175.2045135498047,175.0,0.2268800139427185,0.1452974677085876,/kaggle/working/gfd-robustness-v4-factorial-r1/graphs/base/yelpchi/r40_s1/graph.bin,/kaggle/working/gfd-robustness-v4-factorial-r1/graphs/variants/yelpchi/r40_s1/camouflage_feature_oracle/0.30/seed_0/graph.bin,/kaggle/working/gfd-robustness-v4-factorial-r1/graphs/variants/yelpchi/r40_s1/camouflage_feature_oracle/0.30/seed_0/graph.bin,ok,
gfd_robustness_benchmark_v4_factorial,yelpchi,r40_s1,0,3,camouflage_feature_oracle,0.3,sage,train_clean_eval_all,0.7015794975730819,0.3425316234010566,0.6216122365985841,0.6763858795166016,0.1862108420009463,100,100,0.7853451486087966,roc_auc,max_epochs,45954,8051348,175.2045135498047,175.0,175.2045135498047,175.0,0.2268800139427185,0.1452974677085876,/kaggle/working/gfd-robustness-v4-factorial-r1/graphs/base/yelpchi/r40_s1/graph.bin,/kaggle/working/gfd-robustness-v4-factorial-r1/graphs/variants/yelpchi/r40_s1/camouflage_feature_oracle/0.30/seed_0/graph.bin,/kaggle/working/gfd-robustness-v4-factorial-r1/graphs/base/yelpchi/r40_s1/graph.bin,ok,
gfd_robustness_benchmark_v4_factorial,yelpchi,r40_s1,0,3,camouflage_feature_oracle,0.3,sage,train_on_variant,0.703417836551947,0.343026947048267,0.621187024197275,0.6691680550575256,3.1704151210005875,100,100,0.6971576109112495,roc_auc,max_epochs,45954,8051348,175.2045135498047,175.0,175.2045135498047,175.0,0.2268800139427185,0.1452974677085876,/kaggle/working/gfd-robustness-v4-factorial-r1/graphs/base/yelpchi/r40_s1/graph.bin,/kaggle/working/gfd-robustness-v4-factorial-r1/graphs/variants/yelpchi/r40_s1/camouflage_feature_oracle/0.30/seed_0/graph.bin,/kaggle/working/gfd-robustness-v4-factorial-r1/graphs/variants/yelpchi/r40_s1/camouflage_feature_oracle/0.30/seed_0/graph.bin,ok,
gfd_robustness_benchmark_v4_factorial,yelpchi,r40_s1,0,3,camouflage_feature_oracle,0.3,secgfd,train_clean_eval_all,0.7119453136433345,0.3561016472585752,0.624863511413302,0.6394457817077637,0.2162439330004417,50,50,0.8028998443225408,roc_auc,max_epochs,45954,8051348,175.2045135498047,175.0,175.2045135498047,175.0,0.2268800139427185,0.1452974677085876,/kaggle/working/gfd-robustness-v4-factorial-r1/graphs/base/yelpchi/r40_s1/graph.bin,/kaggle/working/gfd-robustness-v4-factorial-r1/graphs/variants/yelpchi/r40_s1/camouflage_feature_oracle/0.30/seed_0/graph.bin,/kaggle/working/gfd-robustness-v4-factorial-r1/graphs/base/yelpchi/r40_s1/graph.bin,ok,
gfd_robustness_benchmark_v4_factorial,yelpchi,r40_s1,0,3,camouflage_feature_oracle,0.3,secgfd,train_on_variant,0.7090082540176775,0.3530038252774453,0.627392687636277,0.6534258723258972,4.859807882000496,50,46,0.7044090335838954,roc_auc,max_epochs,45954,8051348,175.2045135498047,175.0,175.2045135498047,175.0,0.2268800139427185,0.1452974677085876,/kaggle/working/gfd-robustness-v4-factorial-r1/graphs/base/yelpchi/r40_s1/graph.bin,/kaggle/working/gfd-robustness-v4-factorial-r1/graphs/variants/yelpchi/r40_s1/camouflage_feature_oracle/0.30/seed_0/graph.bin,/kaggle/working/gfd-robustness-v4-factorial-r1/graphs/variants/yelpchi/r40_s1/camouflage_feature_oracle/0.30/seed_0/graph.bin,ok,
gfd_robustness_benchmark_v4_factorial,yelpchi,r40_s1,0,4,camouflage_feature_oracle,0.3,mlp,train_clean_eval_all,0.7069975097221545,0.3433077408776123,0.6200788419552635,0.6857644319534302,0.1905900310011929,100,100,0.7918636713655989,roc_auc,max_epochs,45954,8051348,175.2045135498047,175.0,175.2045135498047,175.0,0.2268800139427185,0.1452974677085876,/kaggle/working/gfd-robustness-v4-factorial-r1/graphs/base/yelpchi/r40_s1/graph.bin,/kaggle/working/gfd-robustness-v4-factorial-r1/graphs/variants/yelpchi/r40_s1/camouflage_feature_oracle/0.30/seed_0/graph.bin,/kaggle/working/gfd-robustness-v4-factorial-r1/graphs/base/yelpchi/r40_s1/graph.bin,ok,
gfd_robustness_benchmark_v4_factorial,yelpchi,r40_s1,0,4,camouflage_feature_oracle,0.3,mlp,train_on_variant,0.7011413741699392,0.3326883792149935,0.611624760292924,0.6624612808227539,2.059342040000047,100,100,0.6936417797295075,roc_auc,max_epochs,45954,8051348,175.2045135498047,175.0,175.2045135498047,175.0,0.2268800139427185,0.1452974677085876,/kaggle/working/gfd-robustness-v4-factorial-r1/graphs/base/yelpchi/r40_s1/graph.bin,/kaggle/working/gfd-robustness-v4-factorial-r1/graphs/variants/yelpchi/r40_s1/camouflage_feature_oracle/0.30/seed_0/graph.bin,/kaggle/working/gfd-robustness-v4-factorial-r1/graphs/variants/yelpchi/r40_s1/camouflage_feature_oracle/0.30/seed_0/graph.bin,ok,
gfd_robustness_benchmark_v4_factorial,yelpchi,r40_s1,0,4,camouflage_feature_oracle,0.3,pmp,train_clean_eval_all,0.7626774240787773,0.4428901880346297,0.6683660514946399,0.3471680581569671,0.4640916509997623,73,63,0.8499933008627821,roc_auc,early_stopping,45954,8051348,175.2045135498047,175.0,175.2045135498047,175.0,0.2268800139427185,0.1452974677085876,/kaggle/working/gfd-robustness-v4-factorial-r1/graphs/base/yelpchi/r40_s1/graph.bin,/kaggle/working/gfd-robustness-v4-factorial-r1/graphs/variants/yelpchi/r40_s1/camouflage_feature_oracle/0.30/seed_0/graph.bin,/kaggle/working/gfd-robustness-v4-factorial-r1/graphs/base/yelpchi/r40_s1/graph.bin,ok,
gfd_robustness_benchmark_v4_factorial,yelpchi,r40_s1,0,4,camouflage_feature_oracle,0.3,pmp,train_on_variant,0.7643785152772358,0.4390537118921409,0.6693137204115552,0.2264224141836166,59.57943807900119,100,90,0.7718634806428311,roc_auc,early_stopping,45954,8051348,175.2045135498047,175.0,175.2045135498047,175.0,0.2268800139427185,0.1452974677085876,/kaggle/working/gfd-robustness-v4-factorial-r1/graphs/base/yelpchi/r40_s1/graph.bin,/kaggle/working/gfd-robustness-v4-factorial-r1/graphs/variants/yelpchi/r40_s1/camouflage_feature_oracle/0.30/seed_0/graph.bin,/kaggle/working/gfd-robustness-v4-factorial-r1/graphs/variants/yelpchi/r40_s1/camouflage_feature_oracle/0.30/seed_0/graph.bin,ok,
gfd_robustness_benchmark_v4_factorial,yelpchi,r40_s1,0,4,camouflage_feature_oracle,0.3,sage,train_clean_eval_all,0.704094166554874,0.343140060204974,0.6149132025873084,0.701765239238739,0.2459425479992205,100,100,0.7862607132554708,roc_auc,max_epochs,45954,8051348,175.2045135498047,175.0,175.2045135498047,175.0,0.2268800139427185,0.1452974677085876,/kaggle/working/gfd-robustness-v4-factorial-r1/graphs/base/yelpchi/r40_s1/graph.bin,/kaggle/working/gfd-robustness-v4-factorial-r1/graphs/variants/yelpchi/r40_s1/camouflage_feature_oracle/0.30/seed_0/graph.bin,/kaggle/working/gfd-robustness-v4-factorial-r1/graphs/base/yelpchi/r40_s1/graph.bin,ok,
gfd_robustness_benchmark_v4_factorial,yelpchi,r40_s1,0,4,camouflage_feature_oracle,0.3,sage,train_on_variant,0.5486258024302718,0.1701501515025352,0.5249942011466566,0.5829280614852905,0.7898729279995678,17,7,0.5364061155255485,roc_auc,early_stopping,45954,8051348,175.2045135498047,175.0,175.2045135498047,175.0,0.2268800139427185,0.1452974677085876,/kaggle/working/gfd-robustness-v4-factorial-r1/graphs/base/yelpchi/r40_s1/graph.bin,/kaggle/working/gfd-robustness-v4-factorial-r1/graphs/variants/yelpchi/r40_s1/camouflage_feature_oracle/0.30/seed_0/graph.bin,/kaggle/working/gfd-robustness-v4-factorial-r1/graphs/variants/yelpchi/r40_s1/camouflage_feature_oracle/0.30/seed_0/graph.bin,ok,
gfd_robustness_benchmark_v4_factorial,yelpchi,r40_s1,0,4,camouflage_feature_oracle,0.3,secgfd,train_clean_eval_all,0.7074398610810456,0.3452917596421223,0.6229283350583439,0.6209703087806702,0.2319441530016774,50,49,0.7930952636384659,roc_auc,max_epochs,45954,8051348,175.2045135498047,175.0,175.2045135498047,175.0,0.2268800139427185,0.1452974677085876,/kaggle/working/gfd-robustness-v4-factorial-r1/graphs/base/yelpchi/r40_s1/graph.bin,/kaggle/working/gfd-robustness-v4-factorial-r1/graphs/variants/yelpchi/r40_s1/camouflage_feature_oracle/0.30/seed_0/graph.bin,/kaggle/working/gfd-robustness-v4-factorial-r1/graphs/base/yelpchi/r40_s1/graph.bin,ok,
gfd_robustness_benchmark_v4_factorial,yelpchi,r40_s1,0,4,camouflage_feature_oracle,0.3,secgfd,train_on_variant,0.7121243288626413,0.3547069281548783,0.635413472451612,0.6866282820701599,4.748740576000273,50,50,0.7059662373020358,roc_auc,max_epochs,45954,8051348,175.2045135498047,175.0,175.2045135498047,175.0,0.2268800139427185,0.1452974677085876,/kaggle/working/gfd-robustness-v4-factorial-r1/graphs/base/yelpchi/r40_s1/graph.bin,/kaggle/working/gfd-robustness-v4-factorial-r1/graphs/variants/yelpchi/r40_s1/camouflage_feature_oracle/0.30/seed_0/graph.bin,/kaggle/working/gfd-robustness-v4-factorial-r1/graphs/variants/yelpchi/r40_s1/camouflage_feature_oracle/0.30/seed_0/graph.bin,ok,
gfd_robustness_benchmark_v4_factorial,yelpchi,r40_s1,1,0,camouflage_feature_oracle,0.3,mlp,train_clean_eval_all,0.6637501553029379,0.2627901464698931,0.5842660353738656,0.4987255334854126,0.1796547710000595,16,6,0.7381013548468616,roc_auc,early_stopping,45954,8051348,175.2045135498047,175.0,175.2045135498047,175.0,0.2268800139427185,0.1452974677085876,/kaggle/working/gfd-robustness-v4-factorial-r1/graphs/base/yelpchi/r40_s1/graph.bin,/kaggle/working/gfd-robustness-v4-factorial-r1/graphs/variants/yelpchi/r40_s1/camouflage_feature_oracle/0.30/seed_1/graph.bin,/kaggle/working/gfd-robustness-v4-factorial-r1/graphs/base/yelpchi/r40_s1/graph.bin,ok,
gfd_robustness_benchmark_v4_factorial,yelpchi,r40_s1,1,0,camouflage_feature_oracle,0.3,mlp,train_on_variant,0.6621893131379807,0.260306557068788,0.583551913282208,0.5027298927307129,0.4866811800002324,16,6,0.66210195562358,roc_auc,early_stopping,45954,8051348,175.2045135498047,175.0,175.2045135498047,175.0,0.2268800139427185,0.1452974677085876,/kaggle/working/gfd-robustness-v4-factorial-r1/graphs/base/yelpchi/r40_s1/graph.bin,/kaggle/working/gfd-robustness-v4-factorial-r1/graphs/variants/yelpchi/r40_s1/camouflage_feature_oracle/0.30/seed_1/graph.bin,/kaggle/working/gfd-robustness-v4-factorial-r1/graphs/variants/yelpchi/r40_s1/camouflage_feature_oracle/0.30/seed_1/graph.bin,ok,
gfd_robustness_benchmark_v4_factorial,yelpchi,r40_s1,1,0,camouflage_feature_oracle,0.3,pmp,train_clean_eval_all,0.7492813666201202,0.4205167500471089,0.6585422279902382,0.2638531029224396,0.4614331689990649,52,42,0.8448072627229967,roc_auc,early_stopping,45954,8051348,175.2045135498047,175.0,175.2045135498047,175.0,0.2268800139427185,0.1452974677085876,/kaggle/working/gfd-robustness-v4-factorial-r1/graphs/base/yelpchi/r40_s1/graph.bin,/kaggle/working/gfd-robustness-v4-factorial-r1/graphs/variants/yelpchi/r40_s1/camouflage_feature_oracle/0.30/seed_1/graph.bin,/kaggle/working/gfd-robustness-v4-factorial-r1/graphs/base/yelpchi/r40_s1/graph.bin,ok,
gfd_robustness_benchmark_v4_factorial,yelpchi,r40_s1,1,0,camouflage_feature_oracle,0.3,pmp,train_on_variant,0.7438920212019952,0.4036700702782617,0.6494708569235593,0.1780045181512832,32.32362930400086,54,44,0.755064285492911,roc_auc,early_stopping,45954,8051348,175.2045135498047,175.0,175.2045135498047,175.0,0.2268800139427185,0.1452974677085876,/kaggle/working/gfd-robustness-v4-factorial-r1/graphs/base/yelpchi/r40_s1/graph.bin,/kaggle/working/gfd-robustness-v4-factorial-r1/graphs/variants/yelpchi/r40_s1/camouflage_feature_oracle/0.30/seed_1/graph.bin,/kaggle/working/gfd-robustness-v4-factorial-r1/graphs/variants/yelpchi/r40_s1/camouflage_feature_oracle/0.30/seed_1/graph.bin,ok,
gfd_robustness_benchmark_v4_factorial,yelpchi,r40_s1,1,0,camouflage_feature_oracle,0.3,sage,train_clean_eval_all,0.6931034705347452,0.3311942221955566,0.6163785628605241,0.6340437531471252,0.2155922259989893,100,99,0.7847662096472344,roc_auc,max_epochs,45954,8051348,175.2045135498047,175.0,175.2045135498047,175.0,0.2268800139427185,0.1452974677085876,/kaggle/working/gfd-robustness-v4-factorial-r1/graphs/base/yelpchi/r40_s1/graph.bin,/kaggle/working/gfd-robustness-v4-factorial-r1/graphs/variants/yelpchi/r40_s1/camouflage_feature_oracle/0.30/seed_1/graph.bin,/kaggle/working/gfd-robustness-v4-factorial-r1/graphs/base/yelpchi/r40_s1/graph.bin,ok,
gfd_robustness_benchmark_v4_factorial,yelpchi,r40_s1,1,0,camouflage_feature_oracle,0.3,sage,train_on_variant,0.6892401908568301,0.3197563930618158,0.6131005091038055,0.6296542882919312,3.172743582000294,100,100,0.6866676679611975,roc_auc,max_epochs,45954,8051348,175.2045135498047,175.0,175.2045135498047,175.0,0.2268800139427185,0.1452974677085876,/kaggle/working/gfd-robustness-v4-factorial-r1/graphs/base/yelpchi/r40_s1/graph.bin,/kaggle/working/gfd-robustness-v4-factorial-r1/graphs/variants/yelpchi/r40_s1/camouflage_feature_oracle/0.30/seed_1/graph.bin,/kaggle/working/gfd-robustness-v4-factorial-r1/graphs/variants/yelpchi/r40_s1/camouflage_feature_oracle/0.30/seed_1/graph.bin,ok,
gfd_robustness_benchmark_v4_factorial,yelpchi,r40_s1,1,0,camouflage_feature_oracle,0.3,secgfd,train_clean_eval_all,0.7111919872068491,0.3644192780794343,0.6322473880884065,0.707516610622406,0.233645902999342,50,50,0.81031190324634,roc_auc,max_epochs,45954,8051348,175.2045135498047,175.0,175.2045135498047,175.0,0.2268800139427185,0.1452974677085876,/kaggle/working/gfd-robustness-v4-factorial-r1/graphs/base/yelpchi/r40_s1/graph.bin,/kaggle/working/gfd-robustness-v4-factorial-r1/graphs/variants/yelpchi/r40_s1/camouflage_feature_oracle/0.30/seed_1/graph.bin,/kaggle/working/gfd-robustness-v4-factorial-r1/graphs/base/yelpchi/r40_s1/graph.bin,ok,
gfd_robustness_benchmark_v4_factorial,yelpchi,r40_s1,1,0,camouflage_feature_oracle,0.3,secgfd,train_on_variant,0.7488009041108211,0.4138396532237276,0.6516480783681252,0.7422548532485962,4.855663669999558,50,49,0.7578689591543353,roc_auc,max_epochs,45954,8051348,175.2045135498047,175.0,175.2045135498047,175.0,0.2268800139427185,0.1452974677085876,/kaggle/working/gfd-robustness-v4-factorial-r1/graphs/base/yelpchi/r40_s1/graph.bin,/kaggle/working/gfd-robustness-v4-factorial-r1/graphs/variants/yelpchi/r40_s1/camouflage_feature_oracle/0.30/seed_1/graph.bin,/kaggle/working/gfd-robustness-v4-factorial-r1/graphs/variants/yelpchi/r40_s1/camouflage_feature_oracle/0.30/seed_1/graph.bin,ok,
gfd_robustness_benchmark_v4_factorial,yelpchi,r40_s1,1,1,camouflage_feature_oracle,0.3,mlp,train_clean_eval_all,0.6978712349994513,0.3291895548067899,0.6125595413257152,0.7060688734054565,0.1767307589998381,100,100,0.7923067203551258,roc_auc,max_epochs,45954,8051348,175.2045135498047,175.0,175.2045135498047,175.0,0.2268800139427185,0.1452974677085876,/kaggle/working/gfd-robustness-v4-factorial-r1/graphs/base/yelpchi/r40_s1/graph.bin,/kaggle/working/gfd-robustness-v4-factorial-r1/graphs/variants/yelpchi/r40_s1/camouflage_feature_oracle/0.30/seed_1/graph.bin,/kaggle/working/gfd-robustness-v4-factorial-r1/graphs/base/yelpchi/r40_s1/graph.bin,ok,
gfd_robustness_benchmark_v4_factorial,yelpchi,r40_s1,1,1,camouflage_feature_oracle,0.3,mlp,train_on_variant,0.6960683632099345,0.3237667208604865,0.6163819604239688,0.6230646371841431,1.873908259999553,100,100,0.6979513037093195,roc_auc,max_epochs,45954,8051348,175.2045135498047,175.0,175.2045135498047,175.0,0.2268800139427185,0.1452974677085876,/kaggle/working/gfd-robustness-v4-factorial-r1/graphs/base/yelpchi/r40_s1/graph.bin,/kaggle/working/gfd-robustness-v4-factorial-r1/graphs/variants/yelpchi/r40_s1/camouflage_feature_oracle/0.30/seed_1/graph.bin,/kaggle/working/gfd-robustness-v4-factorial-r1/graphs/variants/yelpchi/r40_s1/camouflage_feature_oracle/0.30/seed_1/graph.bin,ok,
gfd_robustness_benchmark_v4_factorial,yelpchi,r40_s1,1,1,camouflage_feature_oracle,0.3,pmp,train_clean_eval_all,0.7507689520081527,0.4275085257431614,0.6594790416462526,0.3995718955993652,0.5039679969995632,73,63,0.8482169090037834,roc_auc,early_stopping,45954,8051348,175.2045135498047,175.0,175.2045135498047,175.0,0.2268800139427185,0.1452974677085876,/kaggle/working/gfd-robustness-v4-factorial-r1/graphs/base/yelpchi/r40_s1/graph.bin,/kaggle/working/gfd-robustness-v4-factorial-r1/graphs/variants/yelpchi/r40_s1/camouflage_feature_oracle/0.30/seed_1/graph.bin,/kaggle/working/gfd-robustness-v4-factorial-r1/graphs/base/yelpchi/r40_s1/graph.bin,ok,
gfd_robustness_benchmark_v4_factorial,yelpchi,r40_s1,1,1,camouflage_feature_oracle,0.3,pmp,train_on_variant,0.7432989045140371,0.411483487880038,0.6590158846244224,0.4007507562637329,24.0025218589999,40,30,0.7562726572688023,roc_auc,early_stopping,45954,8051348,175.2045135498047,175.0,175.2045135498047,175.0,0.2268800139427185,0.1452974677085876,/kaggle/working/gfd-robustness-v4-factorial-r1/graphs/base/yelpchi/r40_s1/graph.bin,/kaggle/working/gfd-robustness-v4-factorial-r1/graphs/variants/yelpchi/r40_s1/camouflage_feature_oracle/0.30/seed_1/graph.bin,/kaggle/working/gfd-robustness-v4-factorial-r1/graphs/variants/yelpchi/r40_s1/camouflage_feature_oracle/0.30/seed_1/graph.bin,ok,
gfd_robustness_benchmark_v4_factorial,yelpchi,r40_s1,1,1,camouflage_feature_oracle,0.3,sage,train_clean_eval_all,0.5768777411444931,0.1771138318994156,0.5311347097942272,0.2877165079116821,0.2159235380004247,23,13,0.6056249389091134,roc_auc,early_stopping,45954,8051348,175.2045135498047,175.0,175.2045135498047,175.0,0.2268800139427185,0.1452974677085876,/kaggle/working/gfd-robustness-v4-factorial-r1/graphs/base/yelpchi/r40_s1/graph.bin,/kaggle/working/gfd-robustness-v4-factorial-r1/graphs/variants/yelpchi/r40_s1/camouflage_feature_oracle/0.30/seed_1/graph.bin,/kaggle/working/gfd-robustness-v4-factorial-r1/graphs/base/yelpchi/r40_s1/graph.bin,ok,
gfd_robustness_benchmark_v4_factorial,yelpchi,r40_s1,1,1,camouflage_feature_oracle,0.3,sage,train_on_variant,0.6860865407995109,0.321894365517133,0.61305403274286,0.6404853463172913,3.2267691890001515,100,100,0.6903634460743294,roc_auc,max_epochs,45954,8051348,175.2045135498047,175.0,175.2045135498047,175.0,0.2268800139427185,0.1452974677085876,/kaggle/working/gfd-robustness-v4-factorial-r1/graphs/base/yelpchi/r40_s1/graph.bin,/kaggle/working/gfd-robustness-v4-factorial-r1/graphs/variants/yelpchi/r40_s1/camouflage_feature_oracle/0.30/seed_1/graph.bin,/kaggle/working/gfd-robustness-v4-factorial-r1/graphs/variants/yelpchi/r40_s1/camouflage_feature_oracle/0.30/seed_1/graph.bin,ok,
gfd_robustness_benchmark_v4_factorial,yelpchi,r40_s1,1,1,camouflage_feature_oracle,0.3,secgfd,train_clean_eval_all,0.7103917602358928,0.355704412481938,0.6330715012427354,0.679985523223877,0.2388634830003866,50,50,0.8115241848389704,roc_auc,max_epochs,45954,8051348,175.2045135498047,175.0,175.2045135498047,175.0,0.2268800139427185,0.1452974677085876,/kaggle/working/gfd-robustness-v4-factorial-r1/graphs/base/yelpchi/r40_s1/graph.bin,/kaggle/working/gfd-robustness-v4-factorial-r1/graphs/variants/yelpchi/r40_s1/camouflage_feature_oracle/0.30/seed_1/graph.bin,/kaggle/working/gfd-robustness-v4-factorial-r1/graphs/base/yelpchi/r40_s1/graph.bin,ok,
gfd_robustness_benchmark_v4_factorial,yelpchi,r40_s1,1,1,camouflage_feature_oracle,0.3,secgfd,train_on_variant,0.7057195594808346,0.3472396973017628,0.626333731344085,0.6356836557388306,4.773512147000474,50,50,0.7095137761439194,roc_auc,max_epochs,45954,8051348,175.2045135498047,175.0,175.2045135498047,175.0,0.2268800139427185,0.1452974677085876,/kaggle/working/gfd-robustness-v4-factorial-r1/graphs/base/yelpchi/r40_s1/graph.bin,/kaggle/working/gfd-robustness-v4-factorial-r1/graphs/variants/yelpchi/r40_s1/camouflage_feature_oracle/0.30/seed_1/graph.bin,/kaggle/working/gfd-robustness-v4-factorial-r1/graphs/variants/yelpchi/r40_s1/camouflage_feature_oracle/0.30/seed_1/graph.bin,ok,
gfd_robustness_benchmark_v4_factorial,yelpchi,r40_s1,1,2,camouflage_feature_oracle,0.3,mlp,train_clean_eval_all,0.6988546217773212,0.330217486304993,0.6169044645924948,0.6799353361129761,0.1782147260000783,100,100,0.7945293081293195,roc_auc,max_epochs,45954,8051348,175.2045135498047,175.0,175.2045135498047,175.0,0.2268800139427185,0.1452974677085876,/kaggle/working/gfd-robustness-v4-factorial-r1/graphs/base/yelpchi/r40_s1/graph.bin,/kaggle/working/gfd-robustness-v4-factorial-r1/graphs/variants/yelpchi/r40_s1/camouflage_feature_oracle/0.30/seed_1/graph.bin,/kaggle/working/gfd-robustness-v4-factorial-r1/graphs/base/yelpchi/r40_s1/graph.bin,ok,
gfd_robustness_benchmark_v4_factorial,yelpchi,r40_s1,1,2,camouflage_feature_oracle,0.3,mlp,train_on_variant,0.6968263463526104,0.3268799760343586,0.6127007092577159,0.6005720496177673,1.6273652949994355,100,100,0.69918985736321,roc_auc,max_epochs,45954,8051348,175.2045135498047,175.0,175.2045135498047,175.0,0.2268800139427185,0.1452974677085876,/kaggle/working/gfd-robustness-v4-factorial-r1/graphs/base/yelpchi/r40_s1/graph.bin,/kaggle/working/gfd-robustness-v4-factorial-r1/graphs/variants/yelpchi/r40_s1/camouflage_feature_oracle/0.30/seed_1/graph.bin,/kaggle/working/gfd-robustness-v4-factorial-r1/graphs/variants/yelpchi/r40_s1/camouflage_feature_oracle/0.30/seed_1/graph.bin,ok,
gfd_robustness_benchmark_v4_factorial,yelpchi,r40_s1,1,2,camouflage_feature_oracle,0.3,pmp,train_clean_eval_all,0.7558922220477579,0.431681202277904,0.6649909158338405,0.3258445560932159,0.4578929999988759,86,76,0.8507594819016013,roc_auc,early_stopping,45954,8051348,175.2045135498047,175.0,175.2045135498047,175.0,0.2268800139427185,0.1452974677085876,/kaggle/working/gfd-robustness-v4-factorial-r1/graphs/base/yelpchi/r40_s1/graph.bin,/kaggle/working/gfd-robustness-v4-factorial-r1/graphs/variants/yelpchi/r40_s1/camouflage_feature_oracle/0.30/seed_1/graph.bin,/kaggle/working/gfd-robustness-v4-factorial-r1/graphs/base/yelpchi/r40_s1/graph.bin,ok,
gfd_robustness_benchmark_v4_factorial,yelpchi,r40_s1,1,2,camouflage_feature_oracle,0.3,pmp,train_on_variant,0.7530007767052453,0.4152481558767061,0.6573104289629901,0.277854323387146,31.77592617799928,54,44,0.7557125521805572,roc_auc,early_stopping,45954,8051348,175.2045135498047,175.0,175.2045135498047,175.0,0.2268800139427185,0.1452974677085876,/kaggle/working/gfd-robustness-v4-factorial-r1/graphs/base/yelpchi/r40_s1/graph.bin,/kaggle/working/gfd-robustness-v4-factorial-r1/graphs/variants/yelpchi/r40_s1/camouflage_feature_oracle/0.30/seed_1/graph.bin,/kaggle/working/gfd-robustness-v4-factorial-r1/graphs/variants/yelpchi/r40_s1/camouflage_feature_oracle/0.30/seed_1/graph.bin,ok,
gfd_robustness_benchmark_v4_factorial,yelpchi,r40_s1,1,2,camouflage_feature_oracle,0.3,sage,train_clean_eval_all,0.6960332890418247,0.3338236138241319,0.6155423224699424,0.6474134922027588,0.2198453689998132,100,99,0.7896983004217357,roc_auc,max_epochs,45954,8051348,175.2045135498047,175.0,175.2045135498047,175.0,0.2268800139427185,0.1452974677085876,/kaggle/working/gfd-robustness-v4-factorial-r1/graphs/base/yelpchi/r40_s1/graph.bin,/kaggle/working/gfd-robustness-v4-factorial-r1/graphs/variants/yelpchi/r40_s1/camouflage_feature_oracle/0.30/seed_1/graph.bin,/kaggle/working/gfd-robustness-v4-factorial-r1/graphs/base/yelpchi/r40_s1/graph.bin,ok,
gfd_robustness_benchmark_v4_factorial,yelpchi,r40_s1,1,2,camouflage_feature_oracle,0.3,sage,train_on_variant,0.6925255625777468,0.3123390143264048,0.6032774397390079,0.6009138226509094,3.3018938999994134,100,100,0.6929864086187619,roc_auc,max_epochs,45954,8051348,175.2045135498047,175.0,175.2045135498047,175.0,0.2268800139427185,0.1452974677085876,/kaggle/working/gfd-robustness-v4-factorial-r1/graphs/base/yelpchi/r40_s1/graph.bin,/kaggle/working/gfd-robustness-v4-factorial-r1/graphs/variants/yelpchi/r40_s1/camouflage_feature_oracle/0.30/seed_1/graph.bin,/kaggle/working/gfd-robustness-v4-factorial-r1/graphs/variants/yelpchi/r40_s1/camouflage_feature_oracle/0.30/seed_1/graph.bin,ok,
gfd_robustness_benchmark_v4_factorial,yelpchi,r40_s1,1,2,camouflage_feature_oracle,0.3,secgfd,train_clean_eval_all,0.7090540350371051,0.3566342019299207,0.6299179104099628,0.6409332752227783,0.2233926119988609,50,50,0.8095187349358813,roc_auc,max_epochs,45954,8051348,175.2045135498047,175.0,175.2045135498047,175.0,0.2268800139427185,0.1452974677085876,/kaggle/working/gfd-robustness-v4-factorial-r1/graphs/base/yelpchi/r40_s1/graph.bin,/kaggle/working/gfd-robustness-v4-factorial-r1/graphs/variants/yelpchi/r40_s1/camouflage_feature_oracle/0.30/seed_1/graph.bin,/kaggle/working/gfd-robustness-v4-factorial-r1/graphs/base/yelpchi/r40_s1/graph.bin,ok,
gfd_robustness_benchmark_v4_factorial,yelpchi,r40_s1,1,2,camouflage_feature_oracle,0.3,secgfd,train_on_variant,0.7071734284104906,0.35214978590881,0.6215863730726447,0.5780942440032959,4.6686403930007145,50,49,0.7145935817020577,roc_auc,max_epochs,45954,8051348,175.2045135498047,175.0,175.2045135498047,175.0,0.2268800139427185,0.1452974677085876,/kaggle/working/gfd-robustness-v4-factorial-r1/graphs/base/yelpchi/r40_s1/graph.bin,/kaggle/working/gfd-robustness-v4-factorial-r1/graphs/variants/yelpchi/r40_s1/camouflage_feature_oracle/0.30/seed_1/graph.bin,/kaggle/working/gfd-robustness-v4-factorial-r1/graphs/variants/yelpchi/r40_s1/camouflage_feature_oracle/0.30/seed_1/graph.bin,ok,
gfd_robustness_benchmark_v4_factorial,yelpchi,r40_s1,1,3,camouflage_feature_oracle,0.3,mlp,train_clean_eval_all,0.6981529240399039,0.3255006022909538,0.6124469935201068,0.6908923387527466,0.13362300100016,100,100,0.79316778597091,roc_auc,max_epochs,45954,8051348,175.2045135498047,175.0,175.2045135498047,175.0,0.2268800139427185,0.1452974677085876,/kaggle/working/gfd-robustness-v4-factorial-r1/graphs/base/yelpchi/r40_s1/graph.bin,/kaggle/working/gfd-robustness-v4-factorial-r1/graphs/variants/yelpchi/r40_s1/camouflage_feature_oracle/0.30/seed_1/graph.bin,/kaggle/working/gfd-robustness-v4-factorial-r1/graphs/base/yelpchi/r40_s1/graph.bin,ok,
gfd_robustness_benchmark_v4_factorial,yelpchi,r40_s1,1,3,camouflage_feature_oracle,0.3,mlp,train_on_variant,0.6567255556986841,0.2536803675757993,0.5821239741851809,0.5163695216178894,0.6609205949998795,26,16,0.662782502139671,roc_auc,early_stopping,45954,8051348,175.2045135498047,175.0,175.2045135498047,175.0,0.2268800139427185,0.1452974677085876,/kaggle/working/gfd-robustness-v4-factorial-r1/graphs/base/yelpchi/r40_s1/graph.bin,/kaggle/working/gfd-robustness-v4-factorial-r1/graphs/variants/yelpchi/r40_s1/camouflage_feature_oracle/0.30/seed_1/graph.bin,/kaggle/working/gfd-robustness-v4-factorial-r1/graphs/variants/yelpchi/r40_s1/camouflage_feature_oracle/0.30/seed_1/graph.bin,ok,
gfd_robustness_benchmark_v4_factorial,yelpchi,r40_s1,1,3,camouflage_feature_oracle,0.3,pmp,train_clean_eval_all,0.757418668899472,0.4394767065947007,0.6660889767091657,0.2770633101463318,0.4639932139998564,100,100,0.854679931435165,roc_auc,max_epochs,45954,8051348,175.2045135498047,175.0,175.2045135498047,175.0,0.2268800139427185,0.1452974677085876,/kaggle/working/gfd-robustness-v4-factorial-r1/graphs/base/yelpchi/r40_s1/graph.bin,/kaggle/working/gfd-robustness-v4-factorial-r1/graphs/variants/yelpchi/r40_s1/camouflage_feature_oracle/0.30/seed_1/graph.bin,/kaggle/working/gfd-robustness-v4-factorial-r1/graphs/base/yelpchi/r40_s1/graph.bin,ok,
gfd_robustness_benchmark_v4_factorial,yelpchi,r40_s1,1,3,camouflage_feature_oracle,0.3,pmp,train_on_variant,0.754724651225807,0.4079365020884508,0.659663080385614,0.2985124588012695,39.78793726399999,66,56,0.7617578917505251,roc_auc,early_stopping,45954,8051348,175.2045135498047,175.0,175.2045135498047,175.0,0.2268800139427185,0.1452974677085876,/kaggle/working/gfd-robustness-v4-factorial-r1/graphs/base/yelpchi/r40_s1/graph.bin,/kaggle/working/gfd-robustness-v4-factorial-r1/graphs/variants/yelpchi/r40_s1/camouflage_feature_oracle/0.30/seed_1/graph.bin,/kaggle/working/gfd-robustness-v4-factorial-r1/graphs/variants/yelpchi/r40_s1/camouflage_feature_oracle/0.30/seed_1/graph.bin,ok,
gfd_robustness_benchmark_v4_factorial,yelpchi,r40_s1,1,3,camouflage_feature_oracle,0.3,sage,train_clean_eval_all,0.6921656146718782,0.3305350976202887,0.6155968056650966,0.6763858795166016,0.1841974840008333,100,100,0.7853451486087966,roc_auc,max_epochs,45954,8051348,175.2045135498047,175.0,175.2045135498047,175.0,0.2268800139427185,0.1452974677085876,/kaggle/working/gfd-robustness-v4-factorial-r1/graphs/base/yelpchi/r40_s1/graph.bin,/kaggle/working/gfd-robustness-v4-factorial-r1/graphs/variants/yelpchi/r40_s1/camouflage_feature_oracle/0.30/seed_1/graph.bin,/kaggle/working/gfd-robustness-v4-factorial-r1/graphs/base/yelpchi/r40_s1/graph.bin,ok,
gfd_robustness_benchmark_v4_factorial,yelpchi,r40_s1,1,3,camouflage_feature_oracle,0.3,sage,train_on_variant,0.6997201736420234,0.3402257916983979,0.6215678557140232,0.6342073082923889,3.156343334000667,100,100,0.7017745323120129,roc_auc,max_epochs,45954,8051348,175.2045135498047,175.0,175.2045135498047,175.0,0.2268800139427185,0.1452974677085876,/kaggle/working/gfd-robustness-v4-factorial-r1/graphs/base/yelpchi/r40_s1/graph.bin,/kaggle/working/gfd-robustness-v4-factorial-r1/graphs/variants/yelpchi/r40_s1/camouflage_feature_oracle/0.30/seed_1/graph.bin,/kaggle/working/gfd-robustness-v4-factorial-r1/graphs/variants/yelpchi/r40_s1/camouflage_feature_oracle/0.30/seed_1/graph.bin,ok,
gfd_robustness_benchmark_v4_factorial,yelpchi,r40_s1,1,3,camouflage_feature_oracle,0.3,secgfd,train_clean_eval_all,0.7038766233444517,0.344978473972594,0.6211602220064844,0.6394457817077637,0.235811153999748,50,50,0.8028998443225408,roc_auc,max_epochs,45954,8051348,175.2045135498047,175.0,175.2045135498047,175.0,0.2268800139427185,0.1452974677085876,/kaggle/working/gfd-robustness-v4-factorial-r1/graphs/base/yelpchi/r40_s1/graph.bin,/kaggle/working/gfd-robustness-v4-factorial-r1/graphs/variants/yelpchi/r40_s1/camouflage_feature_oracle/0.30/seed_1/graph.bin,/kaggle/working/gfd-robustness-v4-factorial-r1/graphs/base/yelpchi/r40_s1/graph.bin,ok,
gfd_robustness_benchmark_v4_factorial,yelpchi,r40_s1,1,3,camouflage_feature_oracle,0.3,secgfd,train_on_variant,0.7040654998239265,0.3488630843144991,0.626267788699463,0.6343038082122803,4.85926095800005,50,50,0.7091910732208546,roc_auc,max_epochs,45954,8051348,175.2045135498047,175.0,175.2045135498047,175.0,0.2268800139427185,0.1452974677085876,/kaggle/working/gfd-robustness-v4-factorial-r1/graphs/base/yelpchi/r40_s1/graph.bin,/kaggle/working/gfd-robustness-v4-factorial-r1/graphs/variants/yelpchi/r40_s1/camouflage_feature_oracle/0.30/seed_1/graph.bin,/kaggle/working/gfd-robustness-v4-factorial-r1/graphs/variants/yelpchi/r40_s1/camouflage_feature_oracle/0.30/seed_1/graph.bin,ok,
gfd_robustness_benchmark_v4_factorial,yelpchi,r40_s1,1,4,camouflage_feature_oracle,0.3,mlp,train_clean_eval_all,0.6980131156665793,0.3307276327397779,0.6157458707184034,0.6857644319534302,0.1365329170002951,100,100,0.7918636713655989,roc_auc,max_epochs,45954,8051348,175.2045135498047,175.0,175.2045135498047,175.0,0.2268800139427185,0.1452974677085876,/kaggle/working/gfd-robustness-v4-factorial-r1/graphs/base/yelpchi/r40_s1/graph.bin,/kaggle/working/gfd-robustness-v4-factorial-r1/graphs/variants/yelpchi/r40_s1/camouflage_feature_oracle/0.30/seed_1/graph.bin,/kaggle/working/gfd-robustness-v4-factorial-r1/graphs/base/yelpchi/r40_s1/graph.bin,ok,
gfd_robustness_benchmark_v4_factorial,yelpchi,r40_s1,1,4,camouflage_feature_oracle,0.3,mlp,train_on_variant,0.6948055264216983,0.3258867439168072,0.6102704925111981,0.6556977033615112,1.8946077800001149,100,100,0.694963726913605,roc_auc,max_epochs,45954,8051348,175.2045135498047,175.0,175.2045135498047,175.0,0.2268800139427185,0.1452974677085876,/kaggle/working/gfd-robustness-v4-factorial-r1/graphs/base/yelpchi/r40_s1/graph.bin,/kaggle/working/gfd-robustness-v4-factorial-r1/graphs/variants/yelpchi/r40_s1/camouflage_feature_oracle/0.30/seed_1/graph.bin,/kaggle/working/gfd-robustness-v4-factorial-r1/graphs/variants/yelpchi/r40_s1/camouflage_feature_oracle/0.30/seed_1/graph.bin,ok,
gfd_robustness_benchmark_v4_factorial,yelpchi,r40_s1,1,4,camouflage_feature_oracle,0.3,pmp,train_clean_eval_all,0.7525911652065015,0.4250807688683343,0.6593722588824267,0.3471680581569671,0.4509402080002473,73,63,0.8499933008627821,roc_auc,early_stopping,45954,8051348,175.2045135498047,175.0,175.2045135498047,175.0,0.2268800139427185,0.1452974677085876,/kaggle/working/gfd-robustness-v4-factorial-r1/graphs/base/yelpchi/r40_s1/graph.bin,/kaggle/working/gfd-robustness-v4-factorial-r1/graphs/variants/yelpchi/r40_s1/camouflage_feature_oracle/0.30/seed_1/graph.bin,/kaggle/working/gfd-robustness-v4-factorial-r1/graphs/base/yelpchi/r40_s1/graph.bin,ok,
gfd_robustness_benchmark_v4_factorial,yelpchi,r40_s1,1,4,camouflage_feature_oracle,0.3,pmp,train_on_variant,0.7684648166434442,0.440567768793801,0.6601171127005709,0.4283796548843384,59.80766275000133,100,94,0.7687922242327581,roc_auc,max_epochs,45954,8051348,175.2045135498047,175.0,175.2045135498047,175.0,0.2268800139427185,0.1452974677085876,/kaggle/working/gfd-robustness-v4-factorial-r1/graphs/base/yelpchi/r40_s1/graph.bin,/kaggle/working/gfd-robustness-v4-factorial-r1/graphs/variants/yelpchi/r40_s1/camouflage_feature_oracle/0.30/seed_1/graph.bin,/kaggle/working/gfd-robustness-v4-factorial-r1/graphs/variants/yelpchi/r40_s1/camouflage_feature_oracle/0.30/seed_1/graph.bin,ok,
gfd_robustness_benchmark_v4_factorial,yelpchi,r40_s1,1,4,camouflage_feature_oracle,0.3,sage,train_clean_eval_all,0.6940254030825823,0.3303967183162425,0.609584740538865,0.701765239238739,0.2462508240005263,100,100,0.7862607132554708,roc_auc,max_epochs,45954,8051348,175.2045135498047,175.0,175.2045135498047,175.0,0.2268800139427185,0.1452974677085876,/kaggle/working/gfd-robustness-v4-factorial-r1/graphs/base/yelpchi/r40_s1/graph.bin,/kaggle/working/gfd-robustness-v4-factorial-r1/graphs/variants/yelpchi/r40_s1/camouflage_feature_oracle/0.30/seed_1/graph.bin,/kaggle/working/gfd-robustness-v4-factorial-r1/graphs/base/yelpchi/r40_s1/graph.bin,ok,
gfd_robustness_benchmark_v4_factorial,yelpchi,r40_s1,1,4,camouflage_feature_oracle,0.3,sage,train_on_variant,0.5519184271795005,0.1682115011734576,0.5242925347960117,0.5821282863616943,0.7885892130007051,17,7,0.5498096825181127,roc_auc,early_stopping,45954,8051348,175.2045135498047,175.0,175.2045135498047,175.0,0.2268800139427185,0.1452974677085876,/kaggle/working/gfd-robustness-v4-factorial-r1/graphs/base/yelpchi/r40_s1/graph.bin,/kaggle/working/gfd-robustness-v4-factorial-r1/graphs/variants/yelpchi/r40_s1/camouflage_feature_oracle/0.30/seed_1/graph.bin,/kaggle/working/gfd-robustness-v4-factorial-r1/graphs/variants/yelpchi/r40_s1/camouflage_feature_oracle/0.30/seed_1/graph.bin,ok,
gfd_robustness_benchmark_v4_factorial,yelpchi,r40_s1,1,4,camouflage_feature_oracle,0.3,secgfd,train_clean_eval_all,0.6987254607066417,0.3340846619469921,0.6182681667381004,0.6209703087806702,0.2410372180002014,50,49,0.7930952636384659,roc_auc,max_epochs,45954,8051348,175.2045135498047,175.0,175.2045135498047,175.0,0.2268800139427185,0.1452974677085876,/kaggle/working/gfd-robustness-v4-factorial-r1/graphs/base/yelpchi/r40_s1/graph.bin,/kaggle/working/gfd-robustness-v4-factorial-r1/graphs/variants/yelpchi/r40_s1/camouflage_feature_oracle/0.30/seed_1/graph.bin,/kaggle/working/gfd-robustness-v4-factorial-r1/graphs/base/yelpchi/r40_s1/graph.bin,ok,
gfd_robustness_benchmark_v4_factorial,yelpchi,r40_s1,1,4,camouflage_feature_oracle,0.3,secgfd,train_on_variant,0.6958830001021379,0.3269164488803467,0.6169288681322166,0.6200157999992371,4.882770836999953,50,49,0.6995885633092307,roc_auc,max_epochs,45954,8051348,175.2045135498047,175.0,175.2045135498047,175.0,0.2268800139427185,0.1452974677085876,/kaggle/working/gfd-robustness-v4-factorial-r1/graphs/base/yelpchi/r40_s1/graph.bin,/kaggle/working/gfd-robustness-v4-factorial-r1/graphs/variants/yelpchi/r40_s1/camouflage_feature_oracle/0.30/seed_1/graph.bin,/kaggle/working/gfd-robustness-v4-factorial-r1/graphs/variants/yelpchi/r40_s1/camouflage_feature_oracle/0.30/seed_1/graph.bin,ok,
gfd_robustness_benchmark_v4_factorial,yelpchi,r40_s1,0,0,camouflage_relation_oracle,0.15,mlp,train_clean_eval_all,0.7411298917567106,0.3289358495954787,0.62102968873229,0.4987255334854126,0.1748644439994677,16,6,0.7381013548468616,roc_auc,early_stopping,45954,8071230,175.6371612548828,176.0,175.6371612548828,176.0,0.2312477827072143,0.1452974677085876,/kaggle/working/gfd-robustness-v4-factorial-r1/graphs/base/yelpchi/r40_s1/graph.bin,/kaggle/working/gfd-robustness-v4-factorial-r1/graphs/variants/yelpchi/r40_s1/camouflage_relation_oracle/0.15/seed_0/graph.bin,/kaggle/working/gfd-robustness-v4-factorial-r1/graphs/base/yelpchi/r40_s1/graph.bin,ok,
gfd_robustness_benchmark_v4_factorial,yelpchi,r40_s1,0,0,camouflage_relation_oracle,0.15,mlp,train_on_variant,0.7411298917567106,0.3289358495954787,0.62102968873229,0.4987255334854126,0.5427072620004765,16,6,0.7381013548468616,roc_auc,early_stopping,45954,8071230,175.6371612548828,176.0,175.6371612548828,176.0,0.2312477827072143,0.1452974677085876,/kaggle/working/gfd-robustness-v4-factorial-r1/graphs/base/yelpchi/r40_s1/graph.bin,/kaggle/working/gfd-robustness-v4-factorial-r1/graphs/variants/yelpchi/r40_s1/camouflage_relation_oracle/0.15/seed_0/graph.bin,/kaggle/working/gfd-robustness-v4-factorial-r1/graphs/variants/yelpchi/r40_s1/camouflage_relation_oracle/0.15/seed_0/graph.bin,ok,
gfd_robustness_benchmark_v4_factorial,yelpchi,r40_s1,0,0,camouflage_relation_oracle,0.15,pmp,train_clean_eval_all,0.8356836201896106,0.5274452078399909,0.7085617264969866,0.2638531029224396,0.4873983489997044,52,42,0.8448072627229967,roc_auc,early_stopping,45954,8071230,175.6371612548828,176.0,175.6371612548828,176.0,0.2312477827072143,0.1452974677085876,/kaggle/working/gfd-robustness-v4-factorial-r1/graphs/base/yelpchi/r40_s1/graph.bin,/kaggle/working/gfd-robustness-v4-factorial-r1/graphs/variants/yelpchi/r40_s1/camouflage_relation_oracle/0.15/seed_0/graph.bin,/kaggle/working/gfd-robustness-v4-factorial-r1/graphs/base/yelpchi/r40_s1/graph.bin,ok,
gfd_robustness_benchmark_v4_factorial,yelpchi,r40_s1,0,0,camouflage_relation_oracle,0.15,pmp,train_on_variant,0.8440012834882679,0.5437289702448893,0.7167670975737865,0.3109403848648071,41.553783094999744,71,61,0.8497651964325307,roc_auc,early_stopping,45954,8071230,175.6371612548828,176.0,175.6371612548828,176.0,0.2312477827072143,0.1452974677085876,/kaggle/working/gfd-robustness-v4-factorial-r1/graphs/base/yelpchi/r40_s1/graph.bin,/kaggle/working/gfd-robustness-v4-factorial-r1/graphs/variants/yelpchi/r40_s1/camouflage_relation_oracle/0.15/seed_0/graph.bin,/kaggle/working/gfd-robustness-v4-factorial-r1/graphs/variants/yelpchi/r40_s1/camouflage_relation_oracle/0.15/seed_0/graph.bin,ok,
gfd_robustness_benchmark_v4_factorial,yelpchi,r40_s1,0,0,camouflage_relation_oracle,0.15,sage,train_clean_eval_all,0.7823517218998866,0.4285734043465147,0.6631409001937786,0.6340437531471252,0.1795710779988439,100,99,0.7847662096472344,roc_auc,max_epochs,45954,8071230,175.6371612548828,176.0,175.6371612548828,176.0,0.2312477827072143,0.1452974677085876,/kaggle/working/gfd-robustness-v4-factorial-r1/graphs/base/yelpchi/r40_s1/graph.bin,/kaggle/working/gfd-robustness-v4-factorial-r1/graphs/variants/yelpchi/r40_s1/camouflage_relation_oracle/0.15/seed_0/graph.bin,/kaggle/working/gfd-robustness-v4-factorial-r1/graphs/base/yelpchi/r40_s1/graph.bin,ok,
gfd_robustness_benchmark_v4_factorial,yelpchi,r40_s1,0,0,camouflage_relation_oracle,0.15,sage,train_on_variant,0.7798063496225471,0.4220347293252718,0.6604361640681321,0.6632216572761536,3.4890741389999675,100,100,0.781749738352203,roc_auc,max_epochs,45954,8071230,175.6371612548828,176.0,175.6371612548828,176.0,0.2312477827072143,0.1452974677085876,/kaggle/working/gfd-robustness-v4-factorial-r1/graphs/base/yelpchi/r40_s1/graph.bin,/kaggle/working/gfd-robustness-v4-factorial-r1/graphs/variants/yelpchi/r40_s1/camouflage_relation_oracle/0.15/seed_0/graph.bin,/kaggle/working/gfd-robustness-v4-factorial-r1/graphs/variants/yelpchi/r40_s1/camouflage_relation_oracle/0.15/seed_0/graph.bin,ok,
gfd_robustness_benchmark_v4_factorial,yelpchi,r40_s1,0,0,camouflage_relation_oracle,0.15,secgfd,train_clean_eval_all,0.8127181863360855,0.4770406864099475,0.6858372618875508,0.707516610622406,0.2177473329993517,50,50,0.81031190324634,roc_auc,max_epochs,45954,8071230,175.6371612548828,176.0,175.6371612548828,176.0,0.2312477827072143,0.1452974677085876,/kaggle/working/gfd-robustness-v4-factorial-r1/graphs/base/yelpchi/r40_s1/graph.bin,/kaggle/working/gfd-robustness-v4-factorial-r1/graphs/variants/yelpchi/r40_s1/camouflage_relation_oracle/0.15/seed_0/graph.bin,/kaggle/working/gfd-robustness-v4-factorial-r1/graphs/base/yelpchi/r40_s1/graph.bin,ok,
gfd_robustness_benchmark_v4_factorial,yelpchi,r40_s1,0,0,camouflage_relation_oracle,0.15,secgfd,train_on_variant,0.81720542891432,0.485761921388707,0.6881919723941846,0.757387638092041,4.842042680999839,50,50,0.819636244001173,roc_auc,max_epochs,45954,8071230,175.6371612548828,176.0,175.6371612548828,176.0,0.2312477827072143,0.1452974677085876,/kaggle/working/gfd-robustness-v4-factorial-r1/graphs/base/yelpchi/r40_s1/graph.bin,/kaggle/working/gfd-robustness-v4-factorial-r1/graphs/variants/yelpchi/r40_s1/camouflage_relation_oracle/0.15/seed_0/graph.bin,/kaggle/working/gfd-robustness-v4-factorial-r1/graphs/variants/yelpchi/r40_s1/camouflage_relation_oracle/0.15/seed_0/graph.bin,ok,
gfd_robustness_benchmark_v4_factorial,yelpchi,r40_s1,0,1,camouflage_relation_oracle,0.15,mlp,train_clean_eval_all,0.7890208397487103,0.4259466979825966,0.6592905529479388,0.7060688734054565,0.1978442630006611,100,100,0.7923067203551258,roc_auc,max_epochs,45954,8071230,175.6371612548828,176.0,175.6371612548828,176.0,0.2312477827072143,0.1452974677085876,/kaggle/working/gfd-robustness-v4-factorial-r1/graphs/base/yelpchi/r40_s1/graph.bin,/kaggle/working/gfd-robustness-v4-factorial-r1/graphs/variants/yelpchi/r40_s1/camouflage_relation_oracle/0.15/seed_0/graph.bin,/kaggle/working/gfd-robustness-v4-factorial-r1/graphs/base/yelpchi/r40_s1/graph.bin,ok,
gfd_robustness_benchmark_v4_factorial,yelpchi,r40_s1,0,1,camouflage_relation_oracle,0.15,mlp,train_on_variant,0.7890208397487103,0.4259466979825966,0.6592905529479388,0.7060688734054565,2.0822281780001504,100,100,0.7923067203551258,roc_auc,max_epochs,45954,8071230,175.6371612548828,176.0,175.6371612548828,176.0,0.2312477827072143,0.1452974677085876,/kaggle/working/gfd-robustness-v4-factorial-r1/graphs/base/yelpchi/r40_s1/graph.bin,/kaggle/working/gfd-robustness-v4-factorial-r1/graphs/variants/yelpchi/r40_s1/camouflage_relation_oracle/0.15/seed_0/graph.bin,/kaggle/working/gfd-robustness-v4-factorial-r1/graphs/variants/yelpchi/r40_s1/camouflage_relation_oracle/0.15/seed_0/graph.bin,ok,
gfd_robustness_benchmark_v4_factorial,yelpchi,r40_s1,0,1,camouflage_relation_oracle,0.15,pmp,train_clean_eval_all,0.8411519866961596,0.5518834146166104,0.7151851846908854,0.3995718955993652,0.4979680449996522,73,63,0.8482169090037834,roc_auc,early_stopping,45954,8071230,175.6371612548828,176.0,175.6371612548828,176.0,0.2312477827072143,0.1452974677085876,/kaggle/working/gfd-robustness-v4-factorial-r1/graphs/base/yelpchi/r40_s1/graph.bin,/kaggle/working/gfd-robustness-v4-factorial-r1/graphs/variants/yelpchi/r40_s1/camouflage_relation_oracle/0.15/seed_0/graph.bin,/kaggle/working/gfd-robustness-v4-factorial-r1/graphs/base/yelpchi/r40_s1/graph.bin,ok,
gfd_robustness_benchmark_v4_factorial,yelpchi,r40_s1,0,1,camouflage_relation_oracle,0.15,pmp,train_on_variant,0.8415208549931705,0.5453362887020607,0.7142001998656997,0.3571045994758606,33.06071843300015,57,47,0.8489347895016652,roc_auc,early_stopping,45954,8071230,175.6371612548828,176.0,175.6371612548828,176.0,0.2312477827072143,0.1452974677085876,/kaggle/working/gfd-robustness-v4-factorial-r1/graphs/base/yelpchi/r40_s1/graph.bin,/kaggle/working/gfd-robustness-v4-factorial-r1/graphs/variants/yelpchi/r40_s1/camouflage_relation_oracle/0.15/seed_0/graph.bin,/kaggle/working/gfd-robustness-v4-factorial-r1/graphs/variants/yelpchi/r40_s1/camouflage_relation_oracle/0.15/seed_0/graph.bin,ok,
gfd_robustness_benchmark_v4_factorial,yelpchi,r40_s1,0,1,camouflage_relation_oracle,0.15,sage,train_clean_eval_all,0.6158573493923558,0.1975458155930068,0.5481708114254656,0.2877165079116821,0.2188378000009834,23,13,0.6056249389091134,roc_auc,early_stopping,45954,8071230,175.6371612548828,176.0,175.6371612548828,176.0,0.2312477827072143,0.1452974677085876,/kaggle/working/gfd-robustness-v4-factorial-r1/graphs/base/yelpchi/r40_s1/graph.bin,/kaggle/working/gfd-robustness-v4-factorial-r1/graphs/variants/yelpchi/r40_s1/camouflage_relation_oracle/0.15/seed_0/graph.bin,/kaggle/working/gfd-robustness-v4-factorial-r1/graphs/base/yelpchi/r40_s1/graph.bin,ok,
gfd_robustness_benchmark_v4_factorial,yelpchi,r40_s1,0,1,camouflage_relation_oracle,0.15,sage,train_on_variant,0.6165419090218239,0.1977520076775348,0.5492028493341959,0.2909274399280548,1.023281705000045,23,13,0.6090756859463544,roc_auc,early_stopping,45954,8071230,175.6371612548828,176.0,175.6371612548828,176.0,0.2312477827072143,0.1452974677085876,/kaggle/working/gfd-robustness-v4-factorial-r1/graphs/base/yelpchi/r40_s1/graph.bin,/kaggle/working/gfd-robustness-v4-factorial-r1/graphs/variants/yelpchi/r40_s1/camouflage_relation_oracle/0.15/seed_0/graph.bin,/kaggle/working/gfd-robustness-v4-factorial-r1/graphs/variants/yelpchi/r40_s1/camouflage_relation_oracle/0.15/seed_0/graph.bin,ok,
gfd_robustness_benchmark_v4_factorial,yelpchi,r40_s1,0,1,camouflage_relation_oracle,0.15,secgfd,train_clean_eval_all,0.8074947554293145,0.4640907229949538,0.6822928900162967,0.679985523223877,0.2323513839983206,50,50,0.8115241848389704,roc_auc,max_epochs,45954,8071230,175.6371612548828,176.0,175.6371612548828,176.0,0.2312477827072143,0.1452974677085876,/kaggle/working/gfd-robustness-v4-factorial-r1/graphs/base/yelpchi/r40_s1/graph.bin,/kaggle/working/gfd-robustness-v4-factorial-r1/graphs/variants/yelpchi/r40_s1/camouflage_relation_oracle/0.15/seed_0/graph.bin,/kaggle/working/gfd-robustness-v4-factorial-r1/graphs/base/yelpchi/r40_s1/graph.bin,ok,
gfd_robustness_benchmark_v4_factorial,yelpchi,r40_s1,0,1,camouflage_relation_oracle,0.15,secgfd,train_on_variant,0.8051923774650293,0.4587829100042978,0.6775969842526497,0.6853529214859009,4.83535162499993,50,49,0.8109089608708402,roc_auc,max_epochs,45954,8071230,175.6371612548828,176.0,175.6371612548828,176.0,0.2312477827072143,0.1452974677085876,/kaggle/working/gfd-robustness-v4-factorial-r1/graphs/base/yelpchi/r40_s1/graph.bin,/kaggle/working/gfd-robustness-v4-factorial-r1/graphs/variants/yelpchi/r40_s1/camouflage_relation_oracle/0.15/seed_0/graph.bin,/kaggle/working/gfd-robustness-v4-factorial-r1/graphs/variants/yelpchi/r40_s1/camouflage_relation_oracle/0.15/seed_0/graph.bin,ok,
gfd_robustness_benchmark_v4_factorial,yelpchi,r40_s1,0,2,camouflage_relation_oracle,0.15,mlp,train_clean_eval_all,0.7900874636610181,0.4282571598298197,0.6631972481222677,0.6799353361129761,0.17336565199912,100,100,0.7945293081293195,roc_auc,max_epochs,45954,8071230,175.6371612548828,176.0,175.6371612548828,176.0,0.2312477827072143,0.1452974677085876,/kaggle/working/gfd-robustness-v4-factorial-r1/graphs/base/yelpchi/r40_s1/graph.bin,/kaggle/working/gfd-robustness-v4-factorial-r1/graphs/variants/yelpchi/r40_s1/camouflage_relation_oracle/0.15/seed_0/graph.bin,/kaggle/working/gfd-robustness-v4-factorial-r1/graphs/base/yelpchi/r40_s1/graph.bin,ok,
gfd_robustness_benchmark_v4_factorial,yelpchi,r40_s1,0,2,camouflage_relation_oracle,0.15,mlp,train_on_variant,0.7900874636610181,0.4282571598298197,0.6631972481222677,0.6799353361129761,2.0499054320007417,100,100,0.7945293081293195,roc_auc,max_epochs,45954,8071230,175.6371612548828,176.0,175.6371612548828,176.0,0.2312477827072143,0.1452974677085876,/kaggle/working/gfd-robustness-v4-factorial-r1/graphs/base/yelpchi/r40_s1/graph.bin,/kaggle/working/gfd-robustness-v4-factorial-r1/graphs/variants/yelpchi/r40_s1/camouflage_relation_oracle/0.15/seed_0/graph.bin,/kaggle/working/gfd-robustness-v4-factorial-r1/graphs/variants/yelpchi/r40_s1/camouflage_relation_oracle/0.15/seed_0/graph.bin,ok,
gfd_robustness_benchmark_v4_factorial,yelpchi,r40_s1,0,2,camouflage_relation_oracle,0.15,pmp,train_clean_eval_all,0.8405111953409881,0.5384818764348891,0.7137796006867119,0.3258445560932159,0.460075045000849,86,76,0.8507594819016013,roc_auc,early_stopping,45954,8071230,175.6371612548828,176.0,175.6371612548828,176.0,0.2312477827072143,0.1452974677085876,/kaggle/working/gfd-robustness-v4-factorial-r1/graphs/base/yelpchi/r40_s1/graph.bin,/kaggle/working/gfd-robustness-v4-factorial-r1/graphs/variants/yelpchi/r40_s1/camouflage_relation_oracle/0.15/seed_0/graph.bin,/kaggle/working/gfd-robustness-v4-factorial-r1/graphs/base/yelpchi/r40_s1/graph.bin,ok,
gfd_robustness_benchmark_v4_factorial,yelpchi,r40_s1,0,2,camouflage_relation_oracle,0.15,pmp,train_on_variant,0.8381730167147884,0.5355283072288263,0.7057450785313207,0.2657992243766784,33.348436313001,58,48,0.8451186176413792,roc_auc,early_stopping,45954,8071230,175.6371612548828,176.0,175.6371612548828,176.0,0.2312477827072143,0.1452974677085876,/kaggle/working/gfd-robustness-v4-factorial-r1/graphs/base/yelpchi/r40_s1/graph.bin,/kaggle/working/gfd-robustness-v4-factorial-r1/graphs/variants/yelpchi/r40_s1/camouflage_relation_oracle/0.15/seed_0/graph.bin,/kaggle/working/gfd-robustness-v4-factorial-r1/graphs/variants/yelpchi/r40_s1/camouflage_relation_oracle/0.15/seed_0/graph.bin,ok,
gfd_robustness_benchmark_v4_factorial,yelpchi,r40_s1,0,2,camouflage_relation_oracle,0.15,sage,train_clean_eval_all,0.7855696130651122,0.4321378107938545,0.6626668243556737,0.6474134922027588,0.2276037760002509,100,99,0.7896983004217357,roc_auc,max_epochs,45954,8071230,175.6371612548828,176.0,175.6371612548828,176.0,0.2312477827072143,0.1452974677085876,/kaggle/working/gfd-robustness-v4-factorial-r1/graphs/base/yelpchi/r40_s1/graph.bin,/kaggle/working/gfd-robustness-v4-factorial-r1/graphs/variants/yelpchi/r40_s1/camouflage_relation_oracle/0.15/seed_0/graph.bin,/kaggle/working/gfd-robustness-v4-factorial-r1/graphs/base/yelpchi/r40_s1/graph.bin,ok,
gfd_robustness_benchmark_v4_factorial,yelpchi,r40_s1,0,2,camouflage_relation_oracle,0.15,sage,train_on_variant,0.7851234267717112,0.4331757472016569,0.6636042798344559,0.6570015549659729,3.3689675169998736,100,100,0.7879765983163948,roc_auc,max_epochs,45954,8071230,175.6371612548828,176.0,175.6371612548828,176.0,0.2312477827072143,0.1452974677085876,/kaggle/working/gfd-robustness-v4-factorial-r1/graphs/base/yelpchi/r40_s1/graph.bin,/kaggle/working/gfd-robustness-v4-factorial-r1/graphs/variants/yelpchi/r40_s1/camouflage_relation_oracle/0.15/seed_0/graph.bin,/kaggle/working/gfd-robustness-v4-factorial-r1/graphs/variants/yelpchi/r40_s1/camouflage_relation_oracle/0.15/seed_0/graph.bin,ok,
gfd_robustness_benchmark_v4_factorial,yelpchi,r40_s1,0,2,camouflage_relation_oracle,0.15,secgfd,train_clean_eval_all,0.8049632341732015,0.4633414968161992,0.6820531695326018,0.6409332752227783,0.2270270690005418,50,50,0.8095187349358813,roc_auc,max_epochs,45954,8071230,175.6371612548828,176.0,175.6371612548828,176.0,0.2312477827072143,0.1452974677085876,/kaggle/working/gfd-robustness-v4-factorial-r1/graphs/base/yelpchi/r40_s1/graph.bin,/kaggle/working/gfd-robustness-v4-factorial-r1/graphs/variants/yelpchi/r40_s1/camouflage_relation_oracle/0.15/seed_0/graph.bin,/kaggle/working/gfd-robustness-v4-factorial-r1/graphs/base/yelpchi/r40_s1/graph.bin,ok,
gfd_robustness_benchmark_v4_factorial,yelpchi,r40_s1,0,2,camouflage_relation_oracle,0.15,secgfd,train_on_variant,0.813783571636005,0.4734827986309451,0.6872830951171067,0.6852846145629883,4.778354759999274,50,49,0.8215580619705953,roc_auc,max_epochs,45954,8071230,175.6371612548828,176.0,175.6371612548828,176.0,0.2312477827072143,0.1452974677085876,/kaggle/working/gfd-robustness-v4-factorial-r1/graphs/base/yelpchi/r40_s1/graph.bin,/kaggle/working/gfd-robustness-v4-factorial-r1/graphs/variants/yelpchi/r40_s1/camouflage_relation_oracle/0.15/seed_0/graph.bin,/kaggle/working/gfd-robustness-v4-factorial-r1/graphs/variants/yelpchi/r40_s1/camouflage_relation_oracle/0.15/seed_0/graph.bin,ok,
gfd_robustness_benchmark_v4_factorial,yelpchi,r40_s1,0,3,camouflage_relation_oracle,0.15,mlp,train_clean_eval_all,0.7890011172283742,0.4222148286858138,0.6591169548062679,0.6908923387527466,0.1448695680010132,100,100,0.79316778597091,roc_auc,max_epochs,45954,8071230,175.6371612548828,176.0,175.6371612548828,176.0,0.2312477827072143,0.1452974677085876,/kaggle/working/gfd-robustness-v4-factorial-r1/graphs/base/yelpchi/r40_s1/graph.bin,/kaggle/working/gfd-robustness-v4-factorial-r1/graphs/variants/yelpchi/r40_s1/camouflage_relation_oracle/0.15/seed_0/graph.bin,/kaggle/working/gfd-robustness-v4-factorial-r1/graphs/base/yelpchi/r40_s1/graph.bin,ok,
gfd_robustness_benchmark_v4_factorial,yelpchi,r40_s1,0,3,camouflage_relation_oracle,0.15,mlp,train_on_variant,0.7890011172283742,0.4222148286858138,0.6591169548062679,0.6908923387527466,1.951679839999997,100,100,0.79316778597091,roc_auc,max_epochs,45954,8071230,175.6371612548828,176.0,175.6371612548828,176.0,0.2312477827072143,0.1452974677085876,/kaggle/working/gfd-robustness-v4-factorial-r1/graphs/base/yelpchi/r40_s1/graph.bin,/kaggle/working/gfd-robustness-v4-factorial-r1/graphs/variants/yelpchi/r40_s1/camouflage_relation_oracle/0.15/seed_0/graph.bin,/kaggle/working/gfd-robustness-v4-factorial-r1/graphs/variants/yelpchi/r40_s1/camouflage_relation_oracle/0.15/seed_0/graph.bin,ok,
gfd_robustness_benchmark_v4_factorial,yelpchi,r40_s1,0,3,camouflage_relation_oracle,0.15,pmp,train_clean_eval_all,0.8463873630666365,0.560993358510414,0.7223507925761754,0.2770633101463318,0.4513453580002533,100,100,0.854679931435165,roc_auc,max_epochs,45954,8071230,175.6371612548828,176.0,175.6371612548828,176.0,0.2312477827072143,0.1452974677085876,/kaggle/working/gfd-robustness-v4-factorial-r1/graphs/base/yelpchi/r40_s1/graph.bin,/kaggle/working/gfd-robustness-v4-factorial-r1/graphs/variants/yelpchi/r40_s1/camouflage_relation_oracle/0.15/seed_0/graph.bin,/kaggle/working/gfd-robustness-v4-factorial-r1/graphs/base/yelpchi/r40_s1/graph.bin,ok,
gfd_robustness_benchmark_v4_factorial,yelpchi,r40_s1,0,3,camouflage_relation_oracle,0.15,pmp,train_on_variant,0.8424647252719611,0.5518548654873799,0.7179795518355672,0.326127827167511,35.39667249200102,62,52,0.8496542911430731,roc_auc,early_stopping,45954,8071230,175.6371612548828,176.0,175.6371612548828,176.0,0.2312477827072143,0.1452974677085876,/kaggle/working/gfd-robustness-v4-factorial-r1/graphs/base/yelpchi/r40_s1/graph.bin,/kaggle/working/gfd-robustness-v4-factorial-r1/graphs/variants/yelpchi/r40_s1/camouflage_relation_oracle/0.15/seed_0/graph.bin,/kaggle/working/gfd-robustness-v4-factorial-r1/graphs/variants/yelpchi/r40_s1/camouflage_relation_oracle/0.15/seed_0/graph.bin,ok,
gfd_robustness_benchmark_v4_factorial,yelpchi,r40_s1,0,3,camouflage_relation_oracle,0.15,sage,train_clean_eval_all,0.7802271324522544,0.4271092126316611,0.6622951877040952,0.6763858795166016,0.2535065940010099,100,100,0.7853451486087966,roc_auc,max_epochs,45954,8071230,175.6371612548828,176.0,175.6371612548828,176.0,0.2312477827072143,0.1452974677085876,/kaggle/working/gfd-robustness-v4-factorial-r1/graphs/base/yelpchi/r40_s1/graph.bin,/kaggle/working/gfd-robustness-v4-factorial-r1/graphs/variants/yelpchi/r40_s1/camouflage_relation_oracle/0.15/seed_0/graph.bin,/kaggle/working/gfd-robustness-v4-factorial-r1/graphs/base/yelpchi/r40_s1/graph.bin,ok,
gfd_robustness_benchmark_v4_factorial,yelpchi,r40_s1,0,3,camouflage_relation_oracle,0.15,sage,train_on_variant,0.7819377157091113,0.4308009754421977,0.6658059517181016,0.6723617315292358,3.440367017999961,100,100,0.7845821144956455,roc_auc,max_epochs,45954,8071230,175.6371612548828,176.0,175.6371612548828,176.0,0.2312477827072143,0.1452974677085876,/kaggle/working/gfd-robustness-v4-factorial-r1/graphs/base/yelpchi/r40_s1/graph.bin,/kaggle/working/gfd-robustness-v4-factorial-r1/graphs/variants/yelpchi/r40_s1/camouflage_relation_oracle/0.15/seed_0/graph.bin,/kaggle/working/gfd-robustness-v4-factorial-r1/graphs/variants/yelpchi/r40_s1/camouflage_relation_oracle/0.15/seed_0/graph.bin,ok,
gfd_robustness_benchmark_v4_factorial,yelpchi,r40_s1,0,3,camouflage_relation_oracle,0.15,secgfd,train_clean_eval_all,0.7984670456693538,0.4478963694099346,0.6691615943384142,0.6394457817077637,0.2393921779985248,50,50,0.8028998443225408,roc_auc,max_epochs,45954,8071230,175.6371612548828,176.0,175.6371612548828,176.0,0.2312477827072143,0.1452974677085876,/kaggle/working/gfd-robustness-v4-factorial-r1/graphs/base/yelpchi/r40_s1/graph.bin,/kaggle/working/gfd-robustness-v4-factorial-r1/graphs/variants/yelpchi/r40_s1/camouflage_relation_oracle/0.15/seed_0/graph.bin,/kaggle/working/gfd-robustness-v4-factorial-r1/graphs/base/yelpchi/r40_s1/graph.bin,ok,
gfd_robustness_benchmark_v4_factorial,yelpchi,r40_s1,0,3,camouflage_relation_oracle,0.15,secgfd,train_on_variant,0.8043592796268461,0.4631874841787037,0.6788726822829585,0.6931782960891724,4.807464656000775,50,50,0.8123187835701872,roc_auc,max_epochs,45954,8071230,175.6371612548828,176.0,175.6371612548828,176.0,0.2312477827072143,0.1452974677085876,/kaggle/working/gfd-robustness-v4-factorial-r1/graphs/base/yelpchi/r40_s1/graph.bin,/kaggle/working/gfd-robustness-v4-factorial-r1/graphs/variants/yelpchi/r40_s1/camouflage_relation_oracle/0.15/seed_0/graph.bin,/kaggle/working/gfd-robustness-v4-factorial-r1/graphs/variants/yelpchi/r40_s1/camouflage_relation_oracle/0.15/seed_0/graph.bin,ok,
gfd_robustness_benchmark_v4_factorial,yelpchi,r40_s1,0,4,camouflage_relation_oracle,0.15,mlp,train_clean_eval_all,0.7894763990031648,0.4290633283011688,0.6620706708330315,0.6857644319534302,0.1314092770007846,100,100,0.7918636713655989,roc_auc,max_epochs,45954,8071230,175.6371612548828,176.0,175.6371612548828,176.0,0.2312477827072143,0.1452974677085876,/kaggle/working/gfd-robustness-v4-factorial-r1/graphs/base/yelpchi/r40_s1/graph.bin,/kaggle/working/gfd-robustness-v4-factorial-r1/graphs/variants/yelpchi/r40_s1/camouflage_relation_oracle/0.15/seed_0/graph.bin,/kaggle/working/gfd-robustness-v4-factorial-r1/graphs/base/yelpchi/r40_s1/graph.bin,ok,
gfd_robustness_benchmark_v4_factorial,yelpchi,r40_s1,0,4,camouflage_relation_oracle,0.15,mlp,train_on_variant,0.7894763990031648,0.4290633283011688,0.6620706708330315,0.6857644319534302,1.8994774760003563,100,100,0.7918636713655989,roc_auc,max_epochs,45954,8071230,175.6371612548828,176.0,175.6371612548828,176.0,0.2312477827072143,0.1452974677085876,/kaggle/working/gfd-robustness-v4-factorial-r1/graphs/base/yelpchi/r40_s1/graph.bin,/kaggle/working/gfd-robustness-v4-factorial-r1/graphs/variants/yelpchi/r40_s1/camouflage_relation_oracle/0.15/seed_0/graph.bin,/kaggle/working/gfd-robustness-v4-factorial-r1/graphs/variants/yelpchi/r40_s1/camouflage_relation_oracle/0.15/seed_0/graph.bin,ok,
gfd_robustness_benchmark_v4_factorial,yelpchi,r40_s1,0,4,camouflage_relation_oracle,0.15,pmp,train_clean_eval_all,0.8417642423274632,0.5416747944099323,0.7139158605108432,0.3471680581569671,0.4468982289999985,73,63,0.8499933008627821,roc_auc,early_stopping,45954,8071230,175.6371612548828,176.0,175.6371612548828,176.0,0.2312477827072143,0.1452974677085876,/kaggle/working/gfd-robustness-v4-factorial-r1/graphs/base/yelpchi/r40_s1/graph.bin,/kaggle/working/gfd-robustness-v4-factorial-r1/graphs/variants/yelpchi/r40_s1/camouflage_relation_oracle/0.15/seed_0/graph.bin,/kaggle/working/gfd-robustness-v4-factorial-r1/graphs/base/yelpchi/r40_s1/graph.bin,ok,
gfd_robustness_benchmark_v4_factorial,yelpchi,r40_s1,0,4,camouflage_relation_oracle,0.15,pmp,train_on_variant,0.8444029869233021,0.5450337323488339,0.7212945207627419,0.3854150772094726,44.417775415000506,77,67,0.8506181086499928,roc_auc,early_stopping,45954,8071230,175.6371612548828,176.0,175.6371612548828,176.0,0.2312477827072143,0.1452974677085876,/kaggle/working/gfd-robustness-v4-factorial-r1/graphs/base/yelpchi/r40_s1/graph.bin,/kaggle/working/gfd-robustness-v4-factorial-r1/graphs/variants/yelpchi/r40_s1/camouflage_relation_oracle/0.15/seed_0/graph.bin,/kaggle/working/gfd-robustness-v4-factorial-r1/graphs/variants/yelpchi/r40_s1/camouflage_relation_oracle/0.15/seed_0/graph.bin,ok,
gfd_robustness_benchmark_v4_factorial,yelpchi,r40_s1,0,4,camouflage_relation_oracle,0.15,sage,train_clean_eval_all,0.7825608568377501,0.4264379785692917,0.6562709178036985,0.701765239238739,0.230313254000066,100,100,0.7862607132554708,roc_auc,max_epochs,45954,8071230,175.6371612548828,176.0,175.6371612548828,176.0,0.2312477827072143,0.1452974677085876,/kaggle/working/gfd-robustness-v4-factorial-r1/graphs/base/yelpchi/r40_s1/graph.bin,/kaggle/working/gfd-robustness-v4-factorial-r1/graphs/variants/yelpchi/r40_s1/camouflage_relation_oracle/0.15/seed_0/graph.bin,/kaggle/working/gfd-robustness-v4-factorial-r1/graphs/base/yelpchi/r40_s1/graph.bin,ok,
gfd_robustness_benchmark_v4_factorial,yelpchi,r40_s1,0,4,camouflage_relation_oracle,0.15,sage,train_on_variant,0.7834782279572728,0.4271991955246861,0.6590515310876621,0.6531152129173279,3.315866805999576,100,99,0.7854799419249172,roc_auc,max_epochs,45954,8071230,175.6371612548828,176.0,175.6371612548828,176.0,0.2312477827072143,0.1452974677085876,/kaggle/working/gfd-robustness-v4-factorial-r1/graphs/base/yelpchi/r40_s1/graph.bin,/kaggle/working/gfd-robustness-v4-factorial-r1/graphs/variants/yelpchi/r40_s1/camouflage_relation_oracle/0.15/seed_0/graph.bin,/kaggle/working/gfd-robustness-v4-factorial-r1/graphs/variants/yelpchi/r40_s1/camouflage_relation_oracle/0.15/seed_0/graph.bin,ok,
gfd_robustness_benchmark_v4_factorial,yelpchi,r40_s1,0,4,camouflage_relation_oracle,0.15,secgfd,train_clean_eval_all,0.7917292562913887,0.4338623996695417,0.6652958139129194,0.6209703087806702,0.2668960869996226,50,49,0.7930952636384659,roc_auc,max_epochs,45954,8071230,175.6371612548828,176.0,175.6371612548828,176.0,0.2312477827072143,0.1452974677085876,/kaggle/working/gfd-robustness-v4-factorial-r1/graphs/base/yelpchi/r40_s1/graph.bin,/kaggle/working/gfd-robustness-v4-factorial-r1/graphs/variants/yelpchi/r40_s1/camouflage_relation_oracle/0.15/seed_0/graph.bin,/kaggle/working/gfd-robustness-v4-factorial-r1/graphs/base/yelpchi/r40_s1/graph.bin,ok,
gfd_robustness_benchmark_v4_factorial,yelpchi,r40_s1,0,4,camouflage_relation_oracle,0.15,secgfd,train_on_variant,0.7830039466001805,0.4149333232040368,0.6558816586122395,0.7214863896369934,4.874553763000222,50,50,0.7826761741966399,roc_auc,max_epochs,45954,8071230,175.6371612548828,176.0,175.6371612548828,176.0,0.2312477827072143,0.1452974677085876,/kaggle/working/gfd-robustness-v4-factorial-r1/graphs/base/yelpchi/r40_s1/graph.bin,/kaggle/working/gfd-robustness-v4-factorial-r1/graphs/variants/yelpchi/r40_s1/camouflage_relation_oracle/0.15/seed_0/graph.bin,/kaggle/working/gfd-robustness-v4-factorial-r1/graphs/variants/yelpchi/r40_s1/camouflage_relation_oracle/0.15/seed_0/graph.bin,ok,
gfd_robustness_benchmark_v4_factorial,yelpchi,r40_s1,1,0,camouflage_relation_oracle,0.15,mlp,train_clean_eval_all,0.7411298917567106,0.3289358495954787,0.62102968873229,0.4987255334854126,0.1942468320012267,16,6,0.7381013548468616,roc_auc,early_stopping,45954,8070570,175.622802734375,176.0,175.622802734375,176.0,0.2311030030250549,0.1452974677085876,/kaggle/working/gfd-robustness-v4-factorial-r1/graphs/base/yelpchi/r40_s1/graph.bin,/kaggle/working/gfd-robustness-v4-factorial-r1/graphs/variants/yelpchi/r40_s1/camouflage_relation_oracle/0.15/seed_1/graph.bin,/kaggle/working/gfd-robustness-v4-factorial-r1/graphs/base/yelpchi/r40_s1/graph.bin,ok,
gfd_robustness_benchmark_v4_factorial,yelpchi,r40_s1,1,0,camouflage_relation_oracle,0.15,mlp,train_on_variant,0.7411298917567106,0.3289358495954787,0.62102968873229,0.4987255334854126,0.5323432079994745,16,6,0.7381013548468616,roc_auc,early_stopping,45954,8070570,175.622802734375,176.0,175.622802734375,176.0,0.2311030030250549,0.1452974677085876,/kaggle/working/gfd-robustness-v4-factorial-r1/graphs/base/yelpchi/r40_s1/graph.bin,/kaggle/working/gfd-robustness-v4-factorial-r1/graphs/variants/yelpchi/r40_s1/camouflage_relation_oracle/0.15/seed_1/graph.bin,/kaggle/working/gfd-robustness-v4-factorial-r1/graphs/variants/yelpchi/r40_s1/camouflage_relation_oracle/0.15/seed_1/graph.bin,ok,
gfd_robustness_benchmark_v4_factorial,yelpchi,r40_s1,1,0,camouflage_relation_oracle,0.15,pmp,train_clean_eval_all,0.8376102222108736,0.5320885923630692,0.7076332132252225,0.2638531029224396,0.458746255000733,52,42,0.8448072627229967,roc_auc,early_stopping,45954,8070570,175.622802734375,176.0,175.622802734375,176.0,0.2311030030250549,0.1452974677085876,/kaggle/working/gfd-robustness-v4-factorial-r1/graphs/base/yelpchi/r40_s1/graph.bin,/kaggle/working/gfd-robustness-v4-factorial-r1/graphs/variants/yelpchi/r40_s1/camouflage_relation_oracle/0.15/seed_1/graph.bin,/kaggle/working/gfd-robustness-v4-factorial-r1/graphs/base/yelpchi/r40_s1/graph.bin,ok,
gfd_robustness_benchmark_v4_factorial,yelpchi,r40_s1,1,0,camouflage_relation_oracle,0.15,pmp,train_on_variant,0.8426239346027904,0.5413757371619946,0.7167879317068467,0.2305683046579361,44.67306346899932,76,66,0.8478877215066145,roc_auc,early_stopping,45954,8070570,175.622802734375,176.0,175.622802734375,176.0,0.2311030030250549,0.1452974677085876,/kaggle/working/gfd-robustness-v4-factorial-r1/graphs/base/yelpchi/r40_s1/graph.bin,/kaggle/working/gfd-robustness-v4-factorial-r1/graphs/variants/yelpchi/r40_s1/camouflage_relation_oracle/0.15/seed_1/graph.bin,/kaggle/working/gfd-robustness-v4-factorial-r1/graphs/variants/yelpchi/r40_s1/camouflage_relation_oracle/0.15/seed_1/graph.bin,ok,
gfd_robustness_benchmark_v4_factorial,yelpchi,r40_s1,1,0,camouflage_relation_oracle,0.15,sage,train_clean_eval_all,0.7820696160187263,0.4281414298305168,0.6630916503644181,0.6340437531471252,0.1907915170013439,100,99,0.7847662096472344,roc_auc,max_epochs,45954,8070570,175.622802734375,176.0,175.622802734375,176.0,0.2311030030250549,0.1452974677085876,/kaggle/working/gfd-robustness-v4-factorial-r1/graphs/base/yelpchi/r40_s1/graph.bin,/kaggle/working/gfd-robustness-v4-factorial-r1/graphs/variants/yelpchi/r40_s1/camouflage_relation_oracle/0.15/seed_1/graph.bin,/kaggle/working/gfd-robustness-v4-factorial-r1/graphs/base/yelpchi/r40_s1/graph.bin,ok,
gfd_robustness_benchmark_v4_factorial,yelpchi,r40_s1,1,0,camouflage_relation_oracle,0.15,sage,train_on_variant,0.7830298860019269,0.431104865493256,0.6624008553264454,0.6929125189781189,3.30621131099997,100,100,0.7843640706913939,roc_auc,max_epochs,45954,8070570,175.622802734375,176.0,175.622802734375,176.0,0.2311030030250549,0.1452974677085876,/kaggle/working/gfd-robustness-v4-factorial-r1/graphs/base/yelpchi/r40_s1/graph.bin,/kaggle/working/gfd-robustness-v4-factorial-r1/graphs/variants/yelpchi/r40_s1/camouflage_relation_oracle/0.15/seed_1/graph.bin,/kaggle/working/gfd-robustness-v4-factorial-r1/graphs/variants/yelpchi/r40_s1/camouflage_relation_oracle/0.15/seed_1/graph.bin,ok,
gfd_robustness_benchmark_v4_factorial,yelpchi,r40_s1,1,0,camouflage_relation_oracle,0.15,secgfd,train_clean_eval_all,0.812874465872227,0.4776617630033735,0.6871890548574562,0.707516610622406,0.2627141249995475,50,50,0.81031190324634,roc_auc,max_epochs,45954,8070570,175.622802734375,176.0,175.622802734375,176.0,0.2311030030250549,0.1452974677085876,/kaggle/working/gfd-robustness-v4-factorial-r1/graphs/base/yelpchi/r40_s1/graph.bin,/kaggle/working/gfd-robustness-v4-factorial-r1/graphs/variants/yelpchi/r40_s1/camouflage_relation_oracle/0.15/seed_1/graph.bin,/kaggle/working/gfd-robustness-v4-factorial-r1/graphs/base/yelpchi/r40_s1/graph.bin,ok,
gfd_robustness_benchmark_v4_factorial,yelpchi,r40_s1,1,0,camouflage_relation_oracle,0.15,secgfd,train_on_variant,0.8177823840925582,0.4889422298348293,0.6931844901217759,0.7100287079811096,4.802306837999822,50,50,0.8225590704172299,roc_auc,max_epochs,45954,8070570,175.622802734375,176.0,175.622802734375,176.0,0.2311030030250549,0.1452974677085876,/kaggle/working/gfd-robustness-v4-factorial-r1/graphs/base/yelpchi/r40_s1/graph.bin,/kaggle/working/gfd-robustness-v4-factorial-r1/graphs/variants/yelpchi/r40_s1/camouflage_relation_oracle/0.15/seed_1/graph.bin,/kaggle/working/gfd-robustness-v4-factorial-r1/graphs/variants/yelpchi/r40_s1/camouflage_relation_oracle/0.15/seed_1/graph.bin,ok,
gfd_robustness_benchmark_v4_factorial,yelpchi,r40_s1,1,1,camouflage_relation_oracle,0.15,mlp,train_clean_eval_all,0.7890208397487103,0.4259466979825966,0.6592905529479388,0.7060688734054565,0.1950640459999704,100,100,0.7923067203551258,roc_auc,max_epochs,45954,8070570,175.622802734375,176.0,175.622802734375,176.0,0.2311030030250549,0.1452974677085876,/kaggle/working/gfd-robustness-v4-factorial-r1/graphs/base/yelpchi/r40_s1/graph.bin,/kaggle/working/gfd-robustness-v4-factorial-r1/graphs/variants/yelpchi/r40_s1/camouflage_relation_oracle/0.15/seed_1/graph.bin,/kaggle/working/gfd-robustness-v4-factorial-r1/graphs/base/yelpchi/r40_s1/graph.bin,ok,
gfd_robustness_benchmark_v4_factorial,yelpchi,r40_s1,1,1,camouflage_relation_oracle,0.15,mlp,train_on_variant,0.7890208397487103,0.4259466979825966,0.6592905529479388,0.7060688734054565,2.00363946700054,100,100,0.7923067203551258,roc_auc,max_epochs,45954,8070570,175.622802734375,176.0,175.622802734375,176.0,0.2311030030250549,0.1452974677085876,/kaggle/working/gfd-robustness-v4-factorial-r1/graphs/base/yelpchi/r40_s1/graph.bin,/kaggle/working/gfd-robustness-v4-factorial-r1/graphs/variants/yelpchi/r40_s1/camouflage_relation_oracle/0.15/seed_1/graph.bin,/kaggle/working/gfd-robustness-v4-factorial-r1/graphs/variants/yelpchi/r40_s1/camouflage_relation_oracle/0.15/seed_1/graph.bin,ok,
gfd_robustness_benchmark_v4_factorial,yelpchi,r40_s1,1,1,camouflage_relation_oracle,0.15,pmp,train_clean_eval_all,0.8401219494882435,0.5477416856859881,0.7114036394024387,0.3995718955993652,0.5123906360004185,73,63,0.8482169090037834,roc_auc,early_stopping,45954,8070570,175.622802734375,176.0,175.622802734375,176.0,0.2311030030250549,0.1452974677085876,/kaggle/working/gfd-robustness-v4-factorial-r1/graphs/base/yelpchi/r40_s1/graph.bin,/kaggle/working/gfd-robustness-v4-factorial-r1/graphs/variants/yelpchi/r40_s1/camouflage_relation_oracle/0.15/seed_1/graph.bin,/kaggle/working/gfd-robustness-v4-factorial-r1/graphs/base/yelpchi/r40_s1/graph.bin,ok,
gfd_robustness_benchmark_v4_factorial,yelpchi,r40_s1,1,1,camouflage_relation_oracle,0.15,pmp,train_on_variant,0.8416275185753747,0.5362516873994108,0.7126654313420698,0.3626070618629455,36.1883740659996,61,51,0.8476375885966857,roc_auc,early_stopping,45954,8070570,175.622802734375,176.0,175.622802734375,176.0,0.2311030030250549,0.1452974677085876,/kaggle/working/gfd-robustness-v4-factorial-r1/graphs/base/yelpchi/r40_s1/graph.bin,/kaggle/working/gfd-robustness-v4-factorial-r1/graphs/variants/yelpchi/r40_s1/camouflage_relation_oracle/0.15/seed_1/graph.bin,/kaggle/working/gfd-robustness-v4-factorial-r1/graphs/variants/yelpchi/r40_s1/camouflage_relation_oracle/0.15/seed_1/graph.bin,ok,
gfd_robustness_benchmark_v4_factorial,yelpchi,r40_s1,1,1,camouflage_relation_oracle,0.15,sage,train_clean_eval_all,0.6164655676236631,0.1979532080648688,0.5484774481663202,0.2877165079116821,0.2169774209996831,23,13,0.6056249389091134,roc_auc,early_stopping,45954,8070570,175.622802734375,176.0,175.622802734375,176.0,0.2311030030250549,0.1452974677085876,/kaggle/working/gfd-robustness-v4-factorial-r1/graphs/base/yelpchi/r40_s1/graph.bin,/kaggle/working/gfd-robustness-v4-factorial-r1/graphs/variants/yelpchi/r40_s1/camouflage_relation_oracle/0.15/seed_1/graph.bin,/kaggle/working/gfd-robustness-v4-factorial-r1/graphs/base/yelpchi/r40_s1/graph.bin,ok,
gfd_robustness_benchmark_v4_factorial,yelpchi,r40_s1,1,1,camouflage_relation_oracle,0.15,sage,train_on_variant,0.6166802882270083,0.1978089975098571,0.5487881882197206,0.2900167107582092,0.9779796590000842,23,13,0.6085946354453495,roc_auc,early_stopping,45954,8070570,175.622802734375,176.0,175.622802734375,176.0,0.2311030030250549,0.1452974677085876,/kaggle/working/gfd-robustness-v4-factorial-r1/graphs/base/yelpchi/r40_s1/graph.bin,/kaggle/working/gfd-robustness-v4-factorial-r1/graphs/variants/yelpchi/r40_s1/camouflage_relation_oracle/0.15/seed_1/graph.bin,/kaggle/working/gfd-robustness-v4-factorial-r1/graphs/variants/yelpchi/r40_s1/camouflage_relation_oracle/0.15/seed_1/graph.bin,ok,
gfd_robustness_benchmark_v4_factorial,yelpchi,r40_s1,1,1,camouflage_relation_oracle,0.15,secgfd,train_clean_eval_all,0.807720218613181,0.4645291963241169,0.6833754380507739,0.679985523223877,0.2337762209990614,50,50,0.8115241848389704,roc_auc,max_epochs,45954,8070570,175.622802734375,176.0,175.622802734375,176.0,0.2311030030250549,0.1452974677085876,/kaggle/working/gfd-robustness-v4-factorial-r1/graphs/base/yelpchi/r40_s1/graph.bin,/kaggle/working/gfd-robustness-v4-factorial-r1/graphs/variants/yelpchi/r40_s1/camouflage_relation_oracle/0.15/seed_1/graph.bin,/kaggle/working/gfd-robustness-v4-factorial-r1/graphs/base/yelpchi/r40_s1/graph.bin,ok,
gfd_robustness_benchmark_v4_factorial,yelpchi,r40_s1,1,1,camouflage_relation_oracle,0.15,secgfd,train_on_variant,0.8075069509974451,0.4654873906144356,0.6824086488776798,0.6664494872093201,4.78051032699932,50,50,0.8115303833289229,roc_auc,max_epochs,45954,8070570,175.622802734375,176.0,175.622802734375,176.0,0.2311030030250549,0.1452974677085876,/kaggle/working/gfd-robustness-v4-factorial-r1/graphs/base/yelpchi/r40_s1/graph.bin,/kaggle/working/gfd-robustness-v4-factorial-r1/graphs/variants/yelpchi/r40_s1/camouflage_relation_oracle/0.15/seed_1/graph.bin,/kaggle/working/gfd-robustness-v4-factorial-r1/graphs/variants/yelpchi/r40_s1/camouflage_relation_oracle/0.15/seed_1/graph.bin,ok,
gfd_robustness_benchmark_v4_factorial,yelpchi,r40_s1,1,2,camouflage_relation_oracle,0.15,mlp,train_clean_eval_all,0.7900874636610181,0.4282571598298197,0.6631972481222677,0.6799353361129761,0.1386555790013517,100,100,0.7945293081293195,roc_auc,max_epochs,45954,8070570,175.622802734375,176.0,175.622802734375,176.0,0.2311030030250549,0.1452974677085876,/kaggle/working/gfd-robustness-v4-factorial-r1/graphs/base/yelpchi/r40_s1/graph.bin,/kaggle/working/gfd-robustness-v4-factorial-r1/graphs/variants/yelpchi/r40_s1/camouflage_relation_oracle/0.15/seed_1/graph.bin,/kaggle/working/gfd-robustness-v4-factorial-r1/graphs/base/yelpchi/r40_s1/graph.bin,ok,
gfd_robustness_benchmark_v4_factorial,yelpchi,r40_s1,1,2,camouflage_relation_oracle,0.15,mlp,train_on_variant,0.7900874636610181,0.4282571598298197,0.6631972481222677,0.6799353361129761,1.998815226999796,100,100,0.7945293081293195,roc_auc,max_epochs,45954,8070570,175.622802734375,176.0,175.622802734375,176.0,0.2311030030250549,0.1452974677085876,/kaggle/working/gfd-robustness-v4-factorial-r1/graphs/base/yelpchi/r40_s1/graph.bin,/kaggle/working/gfd-robustness-v4-factorial-r1/graphs/variants/yelpchi/r40_s1/camouflage_relation_oracle/0.15/seed_1/graph.bin,/kaggle/working/gfd-robustness-v4-factorial-r1/graphs/variants/yelpchi/r40_s1/camouflage_relation_oracle/0.15/seed_1/graph.bin,ok,
gfd_robustness_benchmark_v4_factorial,yelpchi,r40_s1,1,2,camouflage_relation_oracle,0.15,pmp,train_clean_eval_all,0.8390538964077954,0.5384737436792137,0.7090070224780223,0.3258445560932159,0.4595680010006617,86,76,0.8507594819016013,roc_auc,early_stopping,45954,8070570,175.622802734375,176.0,175.622802734375,176.0,0.2311030030250549,0.1452974677085876,/kaggle/working/gfd-robustness-v4-factorial-r1/graphs/base/yelpchi/r40_s1/graph.bin,/kaggle/working/gfd-robustness-v4-factorial-r1/graphs/variants/yelpchi/r40_s1/camouflage_relation_oracle/0.15/seed_1/graph.bin,/kaggle/working/gfd-robustness-v4-factorial-r1/graphs/base/yelpchi/r40_s1/graph.bin,ok,
gfd_robustness_benchmark_v4_factorial,yelpchi,r40_s1,1,2,camouflage_relation_oracle,0.15,pmp,train_on_variant,0.8451024099014294,0.5551450813185349,0.7196823245622836,0.3561073541641235,58.061203352999655,99,89,0.8522933697613819,roc_auc,early_stopping,45954,8070570,175.622802734375,176.0,175.622802734375,176.0,0.2311030030250549,0.1452974677085876,/kaggle/working/gfd-robustness-v4-factorial-r1/graphs/base/yelpchi/r40_s1/graph.bin,/kaggle/working/gfd-robustness-v4-factorial-r1/graphs/variants/yelpchi/r40_s1/camouflage_relation_oracle/0.15/seed_1/graph.bin,/kaggle/working/gfd-robustness-v4-factorial-r1/graphs/variants/yelpchi/r40_s1/camouflage_relation_oracle/0.15/seed_1/graph.bin,ok,
gfd_robustness_benchmark_v4_factorial,yelpchi,r40_s1,1,2,camouflage_relation_oracle,0.15,sage,train_clean_eval_all,0.7854600196882203,0.4316966744002925,0.6625624424996768,0.6474134922027588,0.2429629950001981,100,99,0.7896983004217357,roc_auc,max_epochs,45954,8070570,175.622802734375,176.0,175.622802734375,176.0,0.2311030030250549,0.1452974677085876,/kaggle/working/gfd-robustness-v4-factorial-r1/graphs/base/yelpchi/r40_s1/graph.bin,/kaggle/working/gfd-robustness-v4-factorial-r1/graphs/variants/yelpchi/r40_s1/camouflage_relation_oracle/0.15/seed_1/graph.bin,/kaggle/working/gfd-robustness-v4-factorial-r1/graphs/base/yelpchi/r40_s1/graph.bin,ok,
gfd_robustness_benchmark_v4_factorial,yelpchi,r40_s1,1,2,camouflage_relation_oracle,0.15,sage,train_on_variant,0.7836452024349976,0.4283251670181888,0.6590385100781354,0.6553609371185303,3.372464864999529,100,99,0.7856388139904686,roc_auc,max_epochs,45954,8070570,175.622802734375,176.0,175.622802734375,176.0,0.2311030030250549,0.1452974677085876,/kaggle/working/gfd-robustness-v4-factorial-r1/graphs/base/yelpchi/r40_s1/graph.bin,/kaggle/working/gfd-robustness-v4-factorial-r1/graphs/variants/yelpchi/r40_s1/camouflage_relation_oracle/0.15/seed_1/graph.bin,/kaggle/working/gfd-robustness-v4-factorial-r1/graphs/variants/yelpchi/r40_s1/camouflage_relation_oracle/0.15/seed_1/graph.bin,ok,
gfd_robustness_benchmark_v4_factorial,yelpchi,r40_s1,1,2,camouflage_relation_oracle,0.15,secgfd,train_clean_eval_all,0.8051346986208336,0.464183060629634,0.6820000566748845,0.6409332752227783,0.2273394939984427,50,50,0.8095187349358813,roc_auc,max_epochs,45954,8070570,175.622802734375,176.0,175.622802734375,176.0,0.2311030030250549,0.1452974677085876,/kaggle/working/gfd-robustness-v4-factorial-r1/graphs/base/yelpchi/r40_s1/graph.bin,/kaggle/working/gfd-robustness-v4-factorial-r1/graphs/variants/yelpchi/r40_s1/camouflage_relation_oracle/0.15/seed_1/graph.bin,/kaggle/working/gfd-robustness-v4-factorial-r1/graphs/base/yelpchi/r40_s1/graph.bin,ok,
gfd_robustness_benchmark_v4_factorial,yelpchi,r40_s1,1,2,camouflage_relation_oracle,0.15,secgfd,train_on_variant,0.8107438500989366,0.4691229068354045,0.6891778978133271,0.6979089975357056,4.816197113999806,50,49,0.8145129059712914,roc_auc,max_epochs,45954,8070570,175.622802734375,176.0,175.622802734375,176.0,0.2311030030250549,0.1452974677085876,/kaggle/working/gfd-robustness-v4-factorial-r1/graphs/base/yelpchi/r40_s1/graph.bin,/kaggle/working/gfd-robustness-v4-factorial-r1/graphs/variants/yelpchi/r40_s1/camouflage_relation_oracle/0.15/seed_1/graph.bin,/kaggle/working/gfd-robustness-v4-factorial-r1/graphs/variants/yelpchi/r40_s1/camouflage_relation_oracle/0.15/seed_1/graph.bin,ok,
gfd_robustness_benchmark_v4_factorial,yelpchi,r40_s1,1,3,camouflage_relation_oracle,0.15,mlp,train_clean_eval_all,0.7890011172283742,0.4222148286858138,0.6591169548062679,0.6908923387527466,0.1330220500003633,100,100,0.79316778597091,roc_auc,max_epochs,45954,8070570,175.622802734375,176.0,175.622802734375,176.0,0.2311030030250549,0.1452974677085876,/kaggle/working/gfd-robustness-v4-factorial-r1/graphs/base/yelpchi/r40_s1/graph.bin,/kaggle/working/gfd-robustness-v4-factorial-r1/graphs/variants/yelpchi/r40_s1/camouflage_relation_oracle/0.15/seed_1/graph.bin,/kaggle/working/gfd-robustness-v4-factorial-r1/graphs/base/yelpchi/r40_s1/graph.bin,ok,
gfd_robustness_benchmark_v4_factorial,yelpchi,r40_s1,1,3,camouflage_relation_oracle,0.15,mlp,train_on_variant,0.7890011172283742,0.4222148286858138,0.6591169548062679,0.6908923387527466,2.043790235000415,100,100,0.79316778597091,roc_auc,max_epochs,45954,8070570,175.622802734375,176.0,175.622802734375,176.0,0.2311030030250549,0.1452974677085876,/kaggle/working/gfd-robustness-v4-factorial-r1/graphs/base/yelpchi/r40_s1/graph.bin,/kaggle/working/gfd-robustness-v4-factorial-r1/graphs/variants/yelpchi/r40_s1/camouflage_relation_oracle/0.15/seed_1/graph.bin,/kaggle/working/gfd-robustness-v4-factorial-r1/graphs/variants/yelpchi/r40_s1/camouflage_relation_oracle/0.15/seed_1/graph.bin,ok,
gfd_robustness_benchmark_v4_factorial,yelpchi,r40_s1,1,3,camouflage_relation_oracle,0.15,pmp,train_clean_eval_all,0.8463212640401478,0.5620041351328129,0.7217429091090023,0.2770633101463318,0.4598984479998762,100,100,0.854679931435165,roc_auc,max_epochs,45954,8070570,175.622802734375,176.0,175.622802734375,176.0,0.2311030030250549,0.1452974677085876,/kaggle/working/gfd-robustness-v4-factorial-r1/graphs/base/yelpchi/r40_s1/graph.bin,/kaggle/working/gfd-robustness-v4-factorial-r1/graphs/variants/yelpchi/r40_s1/camouflage_relation_oracle/0.15/seed_1/graph.bin,/kaggle/working/gfd-robustness-v4-factorial-r1/graphs/base/yelpchi/r40_s1/graph.bin,ok,
gfd_robustness_benchmark_v4_factorial,yelpchi,r40_s1,1,3,camouflage_relation_oracle,0.15,pmp,train_on_variant,0.8313235021174555,0.5181638488960214,0.7022440326621366,0.2948783040046692,28.75103372200101,48,38,0.8371805930047657,roc_auc,early_stopping,45954,8070570,175.622802734375,176.0,175.622802734375,176.0,0.2311030030250549,0.1452974677085876,/kaggle/working/gfd-robustness-v4-factorial-r1/graphs/base/yelpchi/r40_s1/graph.bin,/kaggle/working/gfd-robustness-v4-factorial-r1/graphs/variants/yelpchi/r40_s1/camouflage_relation_oracle/0.15/seed_1/graph.bin,/kaggle/working/gfd-robustness-v4-factorial-r1/graphs/variants/yelpchi/r40_s1/camouflage_relation_oracle/0.15/seed_1/graph.bin,ok,
gfd_robustness_benchmark_v4_factorial,yelpchi,r40_s1,1,3,camouflage_relation_oracle,0.15,sage,train_clean_eval_all,0.7800829293868983,0.4267998518893793,0.6617340218199743,0.6763858795166016,0.2253165550009725,100,100,0.7853451486087966,roc_auc,max_epochs,45954,8070570,175.622802734375,176.0,175.622802734375,176.0,0.2311030030250549,0.1452974677085876,/kaggle/working/gfd-robustness-v4-factorial-r1/graphs/base/yelpchi/r40_s1/graph.bin,/kaggle/working/gfd-robustness-v4-factorial-r1/graphs/variants/yelpchi/r40_s1/camouflage_relation_oracle/0.15/seed_1/graph.bin,/kaggle/working/gfd-robustness-v4-factorial-r1/graphs/base/yelpchi/r40_s1/graph.bin,ok,
gfd_robustness_benchmark_v4_factorial,yelpchi,r40_s1,1,3,camouflage_relation_oracle,0.15,sage,train_on_variant,0.7812086255823384,0.4263096799490834,0.6617941534736851,0.6752703785896301,3.426237903000583,100,98,0.7863671842405777,roc_auc,max_epochs,45954,8070570,175.622802734375,176.0,175.622802734375,176.0,0.2311030030250549,0.1452974677085876,/kaggle/working/gfd-robustness-v4-factorial-r1/graphs/base/yelpchi/r40_s1/graph.bin,/kaggle/working/gfd-robustness-v4-factorial-r1/graphs/variants/yelpchi/r40_s1/camouflage_relation_oracle/0.15/seed_1/graph.bin,/kaggle/working/gfd-robustness-v4-factorial-r1/graphs/variants/yelpchi/r40_s1/camouflage_relation_oracle/0.15/seed_1/graph.bin,ok,
gfd_robustness_benchmark_v4_factorial,yelpchi,r40_s1,1,3,camouflage_relation_oracle,0.15,secgfd,train_clean_eval_all,0.7986118204019659,0.4482506017593892,0.6696387417339943,0.6394457817077637,0.2301352730009966,50,50,0.8028998443225408,roc_auc,max_epochs,45954,8070570,175.622802734375,176.0,175.622802734375,176.0,0.2311030030250549,0.1452974677085876,/kaggle/working/gfd-robustness-v4-factorial-r1/graphs/base/yelpchi/r40_s1/graph.bin,/kaggle/working/gfd-robustness-v4-factorial-r1/graphs/variants/yelpchi/r40_s1/camouflage_relation_oracle/0.15/seed_1/graph.bin,/kaggle/working/gfd-robustness-v4-factorial-r1/graphs/base/yelpchi/r40_s1/graph.bin,ok,
gfd_robustness_benchmark_v4_factorial,yelpchi,r40_s1,1,3,camouflage_relation_oracle,0.15,secgfd,train_on_variant,0.801829747296395,0.4616456800072577,0.6751153939925001,0.7304363250732422,4.793210109999563,50,50,0.8052683826947696,roc_auc,max_epochs,45954,8070570,175.622802734375,176.0,175.622802734375,176.0,0.2311030030250549,0.1452974677085876,/kaggle/working/gfd-robustness-v4-factorial-r1/graphs/base/yelpchi/r40_s1/graph.bin,/kaggle/working/gfd-robustness-v4-factorial-r1/graphs/variants/yelpchi/r40_s1/camouflage_relation_oracle/0.15/seed_1/graph.bin,/kaggle/working/gfd-robustness-v4-factorial-r1/graphs/variants/yelpchi/r40_s1/camouflage_relation_oracle/0.15/seed_1/graph.bin,ok,
gfd_robustness_benchmark_v4_factorial,yelpchi,r40_s1,1,4,camouflage_relation_oracle,0.15,mlp,train_clean_eval_all,0.7894763990031648,0.4290633283011688,0.6620706708330315,0.6857644319534302,0.1327924859997438,100,100,0.7918636713655989,roc_auc,max_epochs,45954,8070570,175.622802734375,176.0,175.622802734375,176.0,0.2311030030250549,0.1452974677085876,/kaggle/working/gfd-robustness-v4-factorial-r1/graphs/base/yelpchi/r40_s1/graph.bin,/kaggle/working/gfd-robustness-v4-factorial-r1/graphs/variants/yelpchi/r40_s1/camouflage_relation_oracle/0.15/seed_1/graph.bin,/kaggle/working/gfd-robustness-v4-factorial-r1/graphs/base/yelpchi/r40_s1/graph.bin,ok,
gfd_robustness_benchmark_v4_factorial,yelpchi,r40_s1,1,4,camouflage_relation_oracle,0.15,mlp,train_on_variant,0.7894763990031648,0.4290633283011688,0.6620706708330315,0.6857644319534302,2.1255516990004253,100,100,0.7918636713655989,roc_auc,max_epochs,45954,8070570,175.622802734375,176.0,175.622802734375,176.0,0.2311030030250549,0.1452974677085876,/kaggle/working/gfd-robustness-v4-factorial-r1/graphs/base/yelpchi/r40_s1/graph.bin,/kaggle/working/gfd-robustness-v4-factorial-r1/graphs/variants/yelpchi/r40_s1/camouflage_relation_oracle/0.15/seed_1/graph.bin,/kaggle/working/gfd-robustness-v4-factorial-r1/graphs/variants/yelpchi/r40_s1/camouflage_relation_oracle/0.15/seed_1/graph.bin,ok,
gfd_robustness_benchmark_v4_factorial,yelpchi,r40_s1,1,4,camouflage_relation_oracle,0.15,pmp,train_clean_eval_all,0.8413680650092381,0.5408400797095684,0.7099937697525449,0.3471680581569671,0.4510374940000474,73,63,0.8499933008627821,roc_auc,early_stopping,45954,8070570,175.622802734375,176.0,175.622802734375,176.0,0.2311030030250549,0.1452974677085876,/kaggle/working/gfd-robustness-v4-factorial-r1/graphs/base/yelpchi/r40_s1/graph.bin,/kaggle/working/gfd-robustness-v4-factorial-r1/graphs/variants/yelpchi/r40_s1/camouflage_relation_oracle/0.15/seed_1/graph.bin,/kaggle/working/gfd-robustness-v4-factorial-r1/graphs/base/yelpchi/r40_s1/graph.bin,ok,
gfd_robustness_benchmark_v4_factorial,yelpchi,r40_s1,1,4,camouflage_relation_oracle,0.15,pmp,train_on_variant,0.8446157305107199,0.5448629333284124,0.7145099958075665,0.2203011214733123,41.0468249530004,70,60,0.8487538412757446,roc_auc,early_stopping,45954,8070570,175.622802734375,176.0,175.622802734375,176.0,0.2311030030250549,0.1452974677085876,/kaggle/working/gfd-robustness-v4-factorial-r1/graphs/base/yelpchi/r40_s1/graph.bin,/kaggle/working/gfd-robustness-v4-factorial-r1/graphs/variants/yelpchi/r40_s1/camouflage_relation_oracle/0.15/seed_1/graph.bin,/kaggle/working/gfd-robustness-v4-factorial-r1/graphs/variants/yelpchi/r40_s1/camouflage_relation_oracle/0.15/seed_1/graph.bin,ok,
gfd_robustness_benchmark_v4_factorial,yelpchi,r40_s1,1,4,camouflage_relation_oracle,0.15,sage,train_clean_eval_all,0.782185890756674,0.4260298061693983,0.6565106173031381,0.701765239238739,0.2418934589986747,100,100,0.7862607132554708,roc_auc,max_epochs,45954,8070570,175.622802734375,176.0,175.622802734375,176.0,0.2311030030250549,0.1452974677085876,/kaggle/working/gfd-robustness-v4-factorial-r1/graphs/base/yelpchi/r40_s1/graph.bin,/kaggle/working/gfd-robustness-v4-factorial-r1/graphs/variants/yelpchi/r40_s1/camouflage_relation_oracle/0.15/seed_1/graph.bin,/kaggle/working/gfd-robustness-v4-factorial-r1/graphs/base/yelpchi/r40_s1/graph.bin,ok,
gfd_robustness_benchmark_v4_factorial,yelpchi,r40_s1,1,4,camouflage_relation_oracle,0.15,sage,train_on_variant,0.786087138668183,0.4297650642817773,0.6626060518960113,0.6985592246055603,3.411389128999872,100,100,0.787507849433911,roc_auc,max_epochs,45954,8070570,175.622802734375,176.0,175.622802734375,176.0,0.2311030030250549,0.1452974677085876,/kaggle/working/gfd-robustness-v4-factorial-r1/graphs/base/yelpchi/r40_s1/graph.bin,/kaggle/working/gfd-robustness-v4-factorial-r1/graphs/variants/yelpchi/r40_s1/camouflage_relation_oracle/0.15/seed_1/graph.bin,/kaggle/working/gfd-robustness-v4-factorial-r1/graphs/variants/yelpchi/r40_s1/camouflage_relation_oracle/0.15/seed_1/graph.bin,ok,
gfd_robustness_benchmark_v4_factorial,yelpchi,r40_s1,1,4,camouflage_relation_oracle,0.15,secgfd,train_clean_eval_all,0.7919467161336695,0.4345895683921901,0.6655942056437247,0.6209703087806702,0.2708034299994324,50,49,0.7930952636384659,roc_auc,max_epochs,45954,8070570,175.622802734375,176.0,175.622802734375,176.0,0.2311030030250549,0.1452974677085876,/kaggle/working/gfd-robustness-v4-factorial-r1/graphs/base/yelpchi/r40_s1/graph.bin,/kaggle/working/gfd-robustness-v4-factorial-r1/graphs/variants/yelpchi/r40_s1/camouflage_relation_oracle/0.15/seed_1/graph.bin,/kaggle/working/gfd-robustness-v4-factorial-r1/graphs/base/yelpchi/r40_s1/graph.bin,ok,
gfd_robustness_benchmark_v4_factorial,yelpchi,r40_s1,1,4,camouflage_relation_oracle,0.15,secgfd,train_on_variant,0.7857206642278071,0.4216530552337431,0.6601240701516895,0.741391658782959,4.863150543000302,50,50,0.7849992728694479,roc_auc,max_epochs,45954,8070570,175.622802734375,176.0,175.622802734375,176.0,0.2311030030250549,0.1452974677085876,/kaggle/working/gfd-robustness-v4-factorial-r1/graphs/base/yelpchi/r40_s1/graph.bin,/kaggle/working/gfd-robustness-v4-factorial-r1/graphs/variants/yelpchi/r40_s1/camouflage_relation_oracle/0.15/seed_1/graph.bin,/kaggle/working/gfd-robustness-v4-factorial-r1/graphs/variants/yelpchi/r40_s1/camouflage_relation_oracle/0.15/seed_1/graph.bin,ok,
gfd_robustness_benchmark_v4_factorial,yelpchi,r40_s1,0,0,camouflage_relation_oracle,0.3,mlp,train_clean_eval_all,0.7411298917567106,0.3289358495954787,0.62102968873229,0.4987255334854126,0.1807283130001451,16,6,0.7381013548468616,roc_auc,early_stopping,45954,8089930,176.04408264160156,176.0,176.04408264160156,176.0,0.2353361546993255,0.1452974677085876,/kaggle/working/gfd-robustness-v4-factorial-r1/graphs/base/yelpchi/r40_s1/graph.bin,/kaggle/working/gfd-robustness-v4-factorial-r1/graphs/variants/yelpchi/r40_s1/camouflage_relation_oracle/0.30/seed_0/graph.bin,/kaggle/working/gfd-robustness-v4-factorial-r1/graphs/base/yelpchi/r40_s1/graph.bin,ok,
gfd_robustness_benchmark_v4_factorial,yelpchi,r40_s1,0,0,camouflage_relation_oracle,0.3,mlp,train_on_variant,0.7411298917567106,0.3289358495954787,0.62102968873229,0.4987255334854126,0.4846199260000503,16,6,0.7381013548468616,roc_auc,early_stopping,45954,8089930,176.04408264160156,176.0,176.04408264160156,176.0,0.2353361546993255,0.1452974677085876,/kaggle/working/gfd-robustness-v4-factorial-r1/graphs/base/yelpchi/r40_s1/graph.bin,/kaggle/working/gfd-robustness-v4-factorial-r1/graphs/variants/yelpchi/r40_s1/camouflage_relation_oracle/0.30/seed_0/graph.bin,/kaggle/working/gfd-robustness-v4-factorial-r1/graphs/variants/yelpchi/r40_s1/camouflage_relation_oracle/0.30/seed_0/graph.bin,ok,
gfd_robustness_benchmark_v4_factorial,yelpchi,r40_s1,0,0,camouflage_relation_oracle,0.3,pmp,train_clean_eval_all,0.8327600781126139,0.5228178433565396,0.7041712911656619,0.2638531029224396,0.4726753599989024,52,42,0.8448072627229967,roc_auc,early_stopping,45954,8089930,176.04408264160156,176.0,176.04408264160156,176.0,0.2353361546993255,0.1452974677085876,/kaggle/working/gfd-robustness-v4-factorial-r1/graphs/base/yelpchi/r40_s1/graph.bin,/kaggle/working/gfd-robustness-v4-factorial-r1/graphs/variants/yelpchi/r40_s1/camouflage_relation_oracle/0.30/seed_0/graph.bin,/kaggle/working/gfd-robustness-v4-factorial-r1/graphs/base/yelpchi/r40_s1/graph.bin,ok,
gfd_robustness_benchmark_v4_factorial,yelpchi,r40_s1,0,0,camouflage_relation_oracle,0.3,pmp,train_on_variant,0.8389780313990146,0.5382855639385088,0.7136445673017593,0.3368768095970154,36.30775288299992,63,53,0.8476522742498039,roc_auc,early_stopping,45954,8089930,176.04408264160156,176.0,176.04408264160156,176.0,0.2353361546993255,0.1452974677085876,/kaggle/working/gfd-robustness-v4-factorial-r1/graphs/base/yelpchi/r40_s1/graph.bin,/kaggle/working/gfd-robustness-v4-factorial-r1/graphs/variants/yelpchi/r40_s1/camouflage_relation_oracle/0.30/seed_0/graph.bin,/kaggle/working/gfd-robustness-v4-factorial-r1/graphs/variants/yelpchi/r40_s1/camouflage_relation_oracle/0.30/seed_0/graph.bin,ok,
gfd_robustness_benchmark_v4_factorial,yelpchi,r40_s1,0,0,camouflage_relation_oracle,0.3,sage,train_clean_eval_all,0.7810328140816127,0.4269019583424348,0.6627142301086089,0.6340437531471252,0.2286450520005019,100,99,0.7847662096472344,roc_auc,max_epochs,45954,8089930,176.04408264160156,176.0,176.04408264160156,176.0,0.2353361546993255,0.1452974677085876,/kaggle/working/gfd-robustness-v4-factorial-r1/graphs/base/yelpchi/r40_s1/graph.bin,/kaggle/working/gfd-robustness-v4-factorial-r1/graphs/variants/yelpchi/r40_s1/camouflage_relation_oracle/0.30/seed_0/graph.bin,/kaggle/working/gfd-robustness-v4-factorial-r1/graphs/base/yelpchi/r40_s1/graph.bin,ok,
gfd_robustness_benchmark_v4_factorial,yelpchi,r40_s1,0,0,camouflage_relation_oracle,0.3,sage,train_on_variant,0.7994747997640158,0.4555039184854749,0.6799931443935332,0.6421080827713013,3.375428960000136,100,100,0.8066352927713687,roc_auc,max_epochs,45954,8089930,176.04408264160156,176.0,176.04408264160156,176.0,0.2353361546993255,0.1452974677085876,/kaggle/working/gfd-robustness-v4-factorial-r1/graphs/base/yelpchi/r40_s1/graph.bin,/kaggle/working/gfd-robustness-v4-factorial-r1/graphs/variants/yelpchi/r40_s1/camouflage_relation_oracle/0.30/seed_0/graph.bin,/kaggle/working/gfd-robustness-v4-factorial-r1/graphs/variants/yelpchi/r40_s1/camouflage_relation_oracle/0.30/seed_0/graph.bin,ok,
gfd_robustness_benchmark_v4_factorial,yelpchi,r40_s1,0,0,camouflage_relation_oracle,0.3,secgfd,train_clean_eval_all,0.8168181481677683,0.4862779807030664,0.6904331092471554,0.707516610622406,0.24530474599851,50,50,0.81031190324634,roc_auc,max_epochs,45954,8089930,176.04408264160156,176.0,176.04408264160156,176.0,0.2353361546993255,0.1452974677085876,/kaggle/working/gfd-robustness-v4-factorial-r1/graphs/base/yelpchi/r40_s1/graph.bin,/kaggle/working/gfd-robustness-v4-factorial-r1/graphs/variants/yelpchi/r40_s1/camouflage_relation_oracle/0.30/seed_0/graph.bin,/kaggle/working/gfd-robustness-v4-factorial-r1/graphs/base/yelpchi/r40_s1/graph.bin,ok,
gfd_robustness_benchmark_v4_factorial,yelpchi,r40_s1,0,0,camouflage_relation_oracle,0.3,secgfd,train_on_variant,0.8311727367883885,0.5219328618963432,0.7050593743480136,0.6475616097450256,4.927921122000043,50,50,0.8291649442016703,roc_auc,max_epochs,45954,8089930,176.04408264160156,176.0,176.04408264160156,176.0,0.2353361546993255,0.1452974677085876,/kaggle/working/gfd-robustness-v4-factorial-r1/graphs/base/yelpchi/r40_s1/graph.bin,/kaggle/working/gfd-robustness-v4-factorial-r1/graphs/variants/yelpchi/r40_s1/camouflage_relation_oracle/0.30/seed_0/graph.bin,/kaggle/working/gfd-robustness-v4-factorial-r1/graphs/variants/yelpchi/r40_s1/camouflage_relation_oracle/0.30/seed_0/graph.bin,ok,
gfd_robustness_benchmark_v4_factorial,yelpchi,r40_s1,0,1,camouflage_relation_oracle,0.3,mlp,train_clean_eval_all,0.7890208397487103,0.4259466979825966,0.6592905529479388,0.7060688734054565,0.2081584530005784,100,100,0.7923067203551258,roc_auc,max_epochs,45954,8089930,176.04408264160156,176.0,176.04408264160156,176.0,0.2353361546993255,0.1452974677085876,/kaggle/working/gfd-robustness-v4-factorial-r1/graphs/base/yelpchi/r40_s1/graph.bin,/kaggle/working/gfd-robustness-v4-factorial-r1/graphs/variants/yelpchi/r40_s1/camouflage_relation_oracle/0.30/seed_0/graph.bin,/kaggle/working/gfd-robustness-v4-factorial-r1/graphs/base/yelpchi/r40_s1/graph.bin,ok,
gfd_robustness_benchmark_v4_factorial,yelpchi,r40_s1,0,1,camouflage_relation_oracle,0.3,mlp,train_on_variant,0.7890208397487103,0.4259466979825966,0.6592905529479388,0.7060688734054565,2.1910836939996443,100,100,0.7923067203551258,roc_auc,max_epochs,45954,8089930,176.04408264160156,176.0,176.04408264160156,176.0,0.2353361546993255,0.1452974677085876,/kaggle/working/gfd-robustness-v4-factorial-r1/graphs/base/yelpchi/r40_s1/graph.bin,/kaggle/working/gfd-robustness-v4-factorial-r1/graphs/variants/yelpchi/r40_s1/camouflage_relation_oracle/0.30/seed_0/graph.bin,/kaggle/working/gfd-robustness-v4-factorial-r1/graphs/variants/yelpchi/r40_s1/camouflage_relation_oracle/0.30/seed_0/graph.bin,ok,
gfd_robustness_benchmark_v4_factorial,yelpchi,r40_s1,0,1,camouflage_relation_oracle,0.3,pmp,train_clean_eval_all,0.8378831456867324,0.5406417819647441,0.7074909067318934,0.3995718955993652,0.5001548519994685,73,63,0.8482169090037834,roc_auc,early_stopping,45954,8089930,176.04408264160156,176.0,176.04408264160156,176.0,0.2353361546993255,0.1452974677085876,/kaggle/working/gfd-robustness-v4-factorial-r1/graphs/base/yelpchi/r40_s1/graph.bin,/kaggle/working/gfd-robustness-v4-factorial-r1/graphs/variants/yelpchi/r40_s1/camouflage_relation_oracle/0.30/seed_0/graph.bin,/kaggle/working/gfd-robustness-v4-factorial-r1/graphs/base/yelpchi/r40_s1/graph.bin,ok,
gfd_robustness_benchmark_v4_factorial,yelpchi,r40_s1,0,1,camouflage_relation_oracle,0.3,pmp,train_on_variant,0.8382200006174007,0.5414230406719083,0.71309757711225,0.2974826097488403,29.307937517000028,51,41,0.8415973985414477,roc_auc,early_stopping,45954,8089930,176.04408264160156,176.0,176.04408264160156,176.0,0.2353361546993255,0.1452974677085876,/kaggle/working/gfd-robustness-v4-factorial-r1/graphs/base/yelpchi/r40_s1/graph.bin,/kaggle/working/gfd-robustness-v4-factorial-r1/graphs/variants/yelpchi/r40_s1/camouflage_relation_oracle/0.30/seed_0/graph.bin,/kaggle/working/gfd-robustness-v4-factorial-r1/graphs/variants/yelpchi/r40_s1/camouflage_relation_oracle/0.30/seed_0/graph.bin,ok,
gfd_robustness_benchmark_v4_factorial,yelpchi,r40_s1,0,1,camouflage_relation_oracle,0.3,sage,train_clean_eval_all,0.6185419345562947,0.2007736235607727,0.5525952300669194,0.2877165079116821,0.2201057249985751,23,13,0.6056249389091134,roc_auc,early_stopping,45954,8089930,176.04408264160156,176.0,176.04408264160156,176.0,0.2353361546993255,0.1452974677085876,/kaggle/working/gfd-robustness-v4-factorial-r1/graphs/base/yelpchi/r40_s1/graph.bin,/kaggle/working/gfd-robustness-v4-factorial-r1/graphs/variants/yelpchi/r40_s1/camouflage_relation_oracle/0.30/seed_0/graph.bin,/kaggle/working/gfd-robustness-v4-factorial-r1/graphs/base/yelpchi/r40_s1/graph.bin,ok,
gfd_robustness_benchmark_v4_factorial,yelpchi,r40_s1,0,1,camouflage_relation_oracle,0.3,sage,train_on_variant,0.6193624438051087,0.2005118146599353,0.5497543101516028,0.2820093035697937,0.908667917999992,23,13,0.6117779891621787,roc_auc,early_stopping,45954,8089930,176.04408264160156,176.0,176.04408264160156,176.0,0.2353361546993255,0.1452974677085876,/kaggle/working/gfd-robustness-v4-factorial-r1/graphs/base/yelpchi/r40_s1/graph.bin,/kaggle/working/gfd-robustness-v4-factorial-r1/graphs/variants/yelpchi/r40_s1/camouflage_relation_oracle/0.30/seed_0/graph.bin,/kaggle/working/gfd-robustness-v4-factorial-r1/graphs/variants/yelpchi/r40_s1/camouflage_relation_oracle/0.30/seed_0/graph.bin,ok,
gfd_robustness_benchmark_v4_factorial,yelpchi,r40_s1,0,1,camouflage_relation_oracle,0.3,secgfd,train_clean_eval_all,0.810928617720008,0.4702490788081881,0.6857794844948858,0.679985523223877,0.2272742669993022,50,50,0.8115241848389704,roc_auc,max_epochs,45954,8089930,176.04408264160156,176.0,176.04408264160156,176.0,0.2353361546993255,0.1452974677085876,/kaggle/working/gfd-robustness-v4-factorial-r1/graphs/base/yelpchi/r40_s1/graph.bin,/kaggle/working/gfd-robustness-v4-factorial-r1/graphs/variants/yelpchi/r40_s1/camouflage_relation_oracle/0.30/seed_0/graph.bin,/kaggle/working/gfd-robustness-v4-factorial-r1/graphs/base/yelpchi/r40_s1/graph.bin,ok,
gfd_robustness_benchmark_v4_factorial,yelpchi,r40_s1,0,1,camouflage_relation_oracle,0.3,secgfd,train_on_variant,0.835402741011104,0.5259160879730268,0.7069790516214853,0.7092695832252502,4.904869194000639,50,50,0.8337306565392877,roc_auc,max_epochs,45954,8089930,176.04408264160156,176.0,176.04408264160156,176.0,0.2353361546993255,0.1452974677085876,/kaggle/working/gfd-robustness-v4-factorial-r1/graphs/base/yelpchi/r40_s1/graph.bin,/kaggle/working/gfd-robustness-v4-factorial-r1/graphs/variants/yelpchi/r40_s1/camouflage_relation_oracle/0.30/seed_0/graph.bin,/kaggle/working/gfd-robustness-v4-factorial-r1/graphs/variants/yelpchi/r40_s1/camouflage_relation_oracle/0.30/seed_0/graph.bin,ok,
gfd_robustness_benchmark_v4_factorial,yelpchi,r40_s1,0,2,camouflage_relation_oracle,0.3,mlp,train_clean_eval_all,0.7900874636610181,0.4282571598298197,0.6631972481222677,0.6799353361129761,0.1493860370010225,100,100,0.7945293081293195,roc_auc,max_epochs,45954,8089930,176.04408264160156,176.0,176.04408264160156,176.0,0.2353361546993255,0.1452974677085876,/kaggle/working/gfd-robustness-v4-factorial-r1/graphs/base/yelpchi/r40_s1/graph.bin,/kaggle/working/gfd-robustness-v4-factorial-r1/graphs/variants/yelpchi/r40_s1/camouflage_relation_oracle/0.30/seed_0/graph.bin,/kaggle/working/gfd-robustness-v4-factorial-r1/graphs/base/yelpchi/r40_s1/graph.bin,ok,
gfd_robustness_benchmark_v4_factorial,yelpchi,r40_s1,0,2,camouflage_relation_oracle,0.3,mlp,train_on_variant,0.7900874636610181,0.4282571598298197,0.6631972481222677,0.6799353361129761,2.004976668999916,100,100,0.7945293081293195,roc_auc,max_epochs,45954,8089930,176.04408264160156,176.0,176.04408264160156,176.0,0.2353361546993255,0.1452974677085876,/kaggle/working/gfd-robustness-v4-factorial-r1/graphs/base/yelpchi/r40_s1/graph.bin,/kaggle/working/gfd-robustness-v4-factorial-r1/graphs/variants/yelpchi/r40_s1/camouflage_relation_oracle/0.30/seed_0/graph.bin,/kaggle/working/gfd-robustness-v4-factorial-r1/graphs/variants/yelpchi/r40_s1/camouflage_relation_oracle/0.30/seed_0/graph.bin,ok,
gfd_robustness_benchmark_v4_factorial,yelpchi,r40_s1,0,2,camouflage_relation_oracle,0.3,pmp,train_clean_eval_all,0.8384892916242362,0.5392397275146248,0.7113904610641241,0.3258445560932159,0.4362774959990929,86,76,0.8507594819016013,roc_auc,early_stopping,45954,8089930,176.04408264160156,176.0,176.04408264160156,176.0,0.2353361546993255,0.1452974677085876,/kaggle/working/gfd-robustness-v4-factorial-r1/graphs/base/yelpchi/r40_s1/graph.bin,/kaggle/working/gfd-robustness-v4-factorial-r1/graphs/variants/yelpchi/r40_s1/camouflage_relation_oracle/0.30/seed_0/graph.bin,/kaggle/working/gfd-robustness-v4-factorial-r1/graphs/base/yelpchi/r40_s1/graph.bin,ok,
gfd_robustness_benchmark_v4_factorial,yelpchi,r40_s1,0,2,camouflage_relation_oracle,0.3,pmp,train_on_variant,0.8383875705818505,0.5287697138633615,0.712028049913399,0.4205160439014435,30.36736637099966,53,43,0.8464154371008232,roc_auc,early_stopping,45954,8089930,176.04408264160156,176.0,176.04408264160156,176.0,0.2353361546993255,0.1452974677085876,/kaggle/working/gfd-robustness-v4-factorial-r1/graphs/base/yelpchi/r40_s1/graph.bin,/kaggle/working/gfd-robustness-v4-factorial-r1/graphs/variants/yelpchi/r40_s1/camouflage_relation_oracle/0.30/seed_0/graph.bin,/kaggle/working/gfd-robustness-v4-factorial-r1/graphs/variants/yelpchi/r40_s1/camouflage_relation_oracle/0.30/seed_0/graph.bin,ok,
gfd_robustness_benchmark_v4_factorial,yelpchi,r40_s1,0,2,camouflage_relation_oracle,0.3,sage,train_clean_eval_all,0.7841293093230545,0.429545944252869,0.6617565859801195,0.6474134922027588,0.217625046001558,100,99,0.7896983004217357,roc_auc,max_epochs,45954,8089930,176.04408264160156,176.0,176.04408264160156,176.0,0.2353361546993255,0.1452974677085876,/kaggle/working/gfd-robustness-v4-factorial-r1/graphs/base/yelpchi/r40_s1/graph.bin,/kaggle/working/gfd-robustness-v4-factorial-r1/graphs/variants/yelpchi/r40_s1/camouflage_relation_oracle/0.30/seed_0/graph.bin,/kaggle/working/gfd-robustness-v4-factorial-r1/graphs/base/yelpchi/r40_s1/graph.bin,ok,
gfd_robustness_benchmark_v4_factorial,yelpchi,r40_s1,0,2,camouflage_relation_oracle,0.3,sage,train_on_variant,0.7887606239595656,0.4394102601333735,0.6642924013388181,0.6411334276199341,3.4524109779995342,100,100,0.7915651902340407,roc_auc,max_epochs,45954,8089930,176.04408264160156,176.0,176.04408264160156,176.0,0.2353361546993255,0.1452974677085876,/kaggle/working/gfd-robustness-v4-factorial-r1/graphs/base/yelpchi/r40_s1/graph.bin,/kaggle/working/gfd-robustness-v4-factorial-r1/graphs/variants/yelpchi/r40_s1/camouflage_relation_oracle/0.30/seed_0/graph.bin,/kaggle/working/gfd-robustness-v4-factorial-r1/graphs/variants/yelpchi/r40_s1/camouflage_relation_oracle/0.30/seed_0/graph.bin,ok,
gfd_robustness_benchmark_v4_factorial,yelpchi,r40_s1,0,2,camouflage_relation_oracle,0.3,secgfd,train_clean_eval_all,0.8091591527357708,0.4717243025405955,0.6856859345008058,0.6409332752227783,0.234365133999745,50,50,0.8095187349358813,roc_auc,max_epochs,45954,8089930,176.04408264160156,176.0,176.04408264160156,176.0,0.2353361546993255,0.1452974677085876,/kaggle/working/gfd-robustness-v4-factorial-r1/graphs/base/yelpchi/r40_s1/graph.bin,/kaggle/working/gfd-robustness-v4-factorial-r1/graphs/variants/yelpchi/r40_s1/camouflage_relation_oracle/0.30/seed_0/graph.bin,/kaggle/working/gfd-robustness-v4-factorial-r1/graphs/base/yelpchi/r40_s1/graph.bin,ok,
gfd_robustness_benchmark_v4_factorial,yelpchi,r40_s1,0,2,camouflage_relation_oracle,0.3,secgfd,train_on_variant,0.8327189657091113,0.5050800316165598,0.6972390622619953,0.654757022857666,4.802908300000127,50,48,0.8365412426065127,roc_auc,max_epochs,45954,8089930,176.04408264160156,176.0,176.04408264160156,176.0,0.2353361546993255,0.1452974677085876,/kaggle/working/gfd-robustness-v4-factorial-r1/graphs/base/yelpchi/r40_s1/graph.bin,/kaggle/working/gfd-robustness-v4-factorial-r1/graphs/variants/yelpchi/r40_s1/camouflage_relation_oracle/0.30/seed_0/graph.bin,/kaggle/working/gfd-robustness-v4-factorial-r1/graphs/variants/yelpchi/r40_s1/camouflage_relation_oracle/0.30/seed_0/graph.bin,ok,
gfd_robustness_benchmark_v4_factorial,yelpchi,r40_s1,0,3,camouflage_relation_oracle,0.3,mlp,train_clean_eval_all,0.7890011172283742,0.4222148286858138,0.6591169548062679,0.6908923387527466,0.1393714860005275,100,100,0.79316778597091,roc_auc,max_epochs,45954,8089930,176.04408264160156,176.0,176.04408264160156,176.0,0.2353361546993255,0.1452974677085876,/kaggle/working/gfd-robustness-v4-factorial-r1/graphs/base/yelpchi/r40_s1/graph.bin,/kaggle/working/gfd-robustness-v4-factorial-r1/graphs/variants/yelpchi/r40_s1/camouflage_relation_oracle/0.30/seed_0/graph.bin,/kaggle/working/gfd-robustness-v4-factorial-r1/graphs/base/yelpchi/r40_s1/graph.bin,ok,
gfd_robustness_benchmark_v4_factorial,yelpchi,r40_s1,0,3,camouflage_relation_oracle,0.3,mlp,train_on_variant,0.7890011172283742,0.4222148286858138,0.6591169548062679,0.6908923387527466,2.118147406999924,100,100,0.79316778597091,roc_auc,max_epochs,45954,8089930,176.04408264160156,176.0,176.04408264160156,176.0,0.2353361546993255,0.1452974677085876,/kaggle/working/gfd-robustness-v4-factorial-r1/graphs/base/yelpchi/r40_s1/graph.bin,/kaggle/working/gfd-robustness-v4-factorial-r1/graphs/variants/yelpchi/r40_s1/camouflage_relation_oracle/0.30/seed_0/graph.bin,/kaggle/working/gfd-robustness-v4-factorial-r1/graphs/variants/yelpchi/r40_s1/camouflage_relation_oracle/0.30/seed_0/graph.bin,ok,
gfd_robustness_benchmark_v4_factorial,yelpchi,r40_s1,0,3,camouflage_relation_oracle,0.3,pmp,train_clean_eval_all,0.843318224485347,0.5526495960720753,0.7187997873977017,0.2770633101463318,0.4713012149986753,100,100,0.854679931435165,roc_auc,max_epochs,45954,8089930,176.04408264160156,176.0,176.04408264160156,176.0,0.2353361546993255,0.1452974677085876,/kaggle/working/gfd-robustness-v4-factorial-r1/graphs/base/yelpchi/r40_s1/graph.bin,/kaggle/working/gfd-robustness-v4-factorial-r1/graphs/variants/yelpchi/r40_s1/camouflage_relation_oracle/0.30/seed_0/graph.bin,/kaggle/working/gfd-robustness-v4-factorial-r1/graphs/base/yelpchi/r40_s1/graph.bin,ok,
gfd_robustness_benchmark_v4_factorial,yelpchi,r40_s1,0,3,camouflage_relation_oracle,0.3,pmp,train_on_variant,0.8483758480683744,0.5624212719320885,0.725196612451417,0.3874816298484802,51.89891871100008,91,81,0.854580040385546,roc_auc,early_stopping,45954,8089930,176.04408264160156,176.0,176.04408264160156,176.0,0.2353361546993255,0.1452974677085876,/kaggle/working/gfd-robustness-v4-factorial-r1/graphs/base/yelpchi/r40_s1/graph.bin,/kaggle/working/gfd-robustness-v4-factorial-r1/graphs/variants/yelpchi/r40_s1/camouflage_relation_oracle/0.30/seed_0/graph.bin,/kaggle/working/gfd-robustness-v4-factorial-r1/graphs/variants/yelpchi/r40_s1/camouflage_relation_oracle/0.30/seed_0/graph.bin,ok,
gfd_robustness_benchmark_v4_factorial,yelpchi,r40_s1,0,3,camouflage_relation_oracle,0.3,sage,train_clean_eval_all,0.7781720839443821,0.422978383807839,0.6602753427898084,0.6763858795166016,0.180306076999841,100,100,0.7853451486087966,roc_auc,max_epochs,45954,8089930,176.04408264160156,176.0,176.04408264160156,176.0,0.2353361546993255,0.1452974677085876,/kaggle/working/gfd-robustness-v4-factorial-r1/graphs/base/yelpchi/r40_s1/graph.bin,/kaggle/working/gfd-robustness-v4-factorial-r1/graphs/variants/yelpchi/r40_s1/camouflage_relation_oracle/0.30/seed_0/graph.bin,/kaggle/working/gfd-robustness-v4-factorial-r1/graphs/base/yelpchi/r40_s1/graph.bin,ok,
gfd_robustness_benchmark_v4_factorial,yelpchi,r40_s1,0,3,camouflage_relation_oracle,0.3,sage,train_on_variant,0.7825542826643048,0.4305778816913228,0.6641005741616292,0.7134339809417725,3.408872541999699,100,99,0.7854676403063962,roc_auc,max_epochs,45954,8089930,176.04408264160156,176.0,176.04408264160156,176.0,0.2353361546993255,0.1452974677085876,/kaggle/working/gfd-robustness-v4-factorial-r1/graphs/base/yelpchi/r40_s1/graph.bin,/kaggle/working/gfd-robustness-v4-factorial-r1/graphs/variants/yelpchi/r40_s1/camouflage_relation_oracle/0.30/seed_0/graph.bin,/kaggle/working/gfd-robustness-v4-factorial-r1/graphs/variants/yelpchi/r40_s1/camouflage_relation_oracle/0.30/seed_0/graph.bin,ok,
gfd_robustness_benchmark_v4_factorial,yelpchi,r40_s1,0,3,camouflage_relation_oracle,0.3,secgfd,train_clean_eval_all,0.802580834702794,0.4555892699523898,0.6720886877113512,0.6394457817077637,0.2323311290001584,50,50,0.8028998443225408,roc_auc,max_epochs,45954,8089930,176.04408264160156,176.0,176.04408264160156,176.0,0.2353361546993255,0.1452974677085876,/kaggle/working/gfd-robustness-v4-factorial-r1/graphs/base/yelpchi/r40_s1/graph.bin,/kaggle/working/gfd-robustness-v4-factorial-r1/graphs/variants/yelpchi/r40_s1/camouflage_relation_oracle/0.30/seed_0/graph.bin,/kaggle/working/gfd-robustness-v4-factorial-r1/graphs/base/yelpchi/r40_s1/graph.bin,ok,
gfd_robustness_benchmark_v4_factorial,yelpchi,r40_s1,0,3,camouflage_relation_oracle,0.3,secgfd,train_on_variant,0.8267761630189214,0.5124642759650933,0.7014808973036919,0.6404200196266174,4.882830962000298,50,49,0.8258952884324258,roc_auc,max_epochs,45954,8089930,176.04408264160156,176.0,176.04408264160156,176.0,0.2353361546993255,0.1452974677085876,/kaggle/working/gfd-robustness-v4-factorial-r1/graphs/base/yelpchi/r40_s1/graph.bin,/kaggle/working/gfd-robustness-v4-factorial-r1/graphs/variants/yelpchi/r40_s1/camouflage_relation_oracle/0.30/seed_0/graph.bin,/kaggle/working/gfd-robustness-v4-factorial-r1/graphs/variants/yelpchi/r40_s1/camouflage_relation_oracle/0.30/seed_0/graph.bin,ok,
gfd_robustness_benchmark_v4_factorial,yelpchi,r40_s1,0,4,camouflage_relation_oracle,0.3,mlp,train_clean_eval_all,0.7894763990031648,0.4290633283011688,0.6620706708330315,0.6857644319534302,0.1384621659999538,100,100,0.7918636713655989,roc_auc,max_epochs,45954,8089930,176.04408264160156,176.0,176.04408264160156,176.0,0.2353361546993255,0.1452974677085876,/kaggle/working/gfd-robustness-v4-factorial-r1/graphs/base/yelpchi/r40_s1/graph.bin,/kaggle/working/gfd-robustness-v4-factorial-r1/graphs/variants/yelpchi/r40_s1/camouflage_relation_oracle/0.30/seed_0/graph.bin,/kaggle/working/gfd-robustness-v4-factorial-r1/graphs/base/yelpchi/r40_s1/graph.bin,ok,
gfd_robustness_benchmark_v4_factorial,yelpchi,r40_s1,0,4,camouflage_relation_oracle,0.3,mlp,train_on_variant,0.7894763990031648,0.4290633283011688,0.6620706708330315,0.6857644319534302,2.06787549100045,100,100,0.7918636713655989,roc_auc,max_epochs,45954,8089930,176.04408264160156,176.0,176.04408264160156,176.0,0.2353361546993255,0.1452974677085876,/kaggle/working/gfd-robustness-v4-factorial-r1/graphs/base/yelpchi/r40_s1/graph.bin,/kaggle/working/gfd-robustness-v4-factorial-r1/graphs/variants/yelpchi/r40_s1/camouflage_relation_oracle/0.30/seed_0/graph.bin,/kaggle/working/gfd-robustness-v4-factorial-r1/graphs/variants/yelpchi/r40_s1/camouflage_relation_oracle/0.30/seed_0/graph.bin,ok,
gfd_robustness_benchmark_v4_factorial,yelpchi,r40_s1,0,4,camouflage_relation_oracle,0.3,pmp,train_clean_eval_all,0.8384215966933242,0.529926850208006,0.7059707380903242,0.3471680581569671,0.4445922670001891,73,63,0.8499933008627821,roc_auc,early_stopping,45954,8089930,176.04408264160156,176.0,176.04408264160156,176.0,0.2353361546993255,0.1452974677085876,/kaggle/working/gfd-robustness-v4-factorial-r1/graphs/base/yelpchi/r40_s1/graph.bin,/kaggle/working/gfd-robustness-v4-factorial-r1/graphs/variants/yelpchi/r40_s1/camouflage_relation_oracle/0.30/seed_0/graph.bin,/kaggle/working/gfd-robustness-v4-factorial-r1/graphs/base/yelpchi/r40_s1/graph.bin,ok,
gfd_robustness_benchmark_v4_factorial,yelpchi,r40_s1,0,4,camouflage_relation_oracle,0.3,pmp,train_on_variant,0.8434836745170555,0.5352788121171107,0.7167601243837252,0.2837028801441192,38.15983921299994,65,55,0.8508718652925091,roc_auc,early_stopping,45954,8089930,176.04408264160156,176.0,176.04408264160156,176.0,0.2353361546993255,0.1452974677085876,/kaggle/working/gfd-robustness-v4-factorial-r1/graphs/base/yelpchi/r40_s1/graph.bin,/kaggle/working/gfd-robustness-v4-factorial-r1/graphs/variants/yelpchi/r40_s1/camouflage_relation_oracle/0.30/seed_0/graph.bin,/kaggle/working/gfd-robustness-v4-factorial-r1/graphs/variants/yelpchi/r40_s1/camouflage_relation_oracle/0.30/seed_0/graph.bin,ok,
gfd_robustness_benchmark_v4_factorial,yelpchi,r40_s1,0,4,camouflage_relation_oracle,0.3,sage,train_clean_eval_all,0.7805579253280608,0.4233142142957313,0.6554341841841842,0.701765239238739,0.2499969199998304,100,100,0.7862607132554708,roc_auc,max_epochs,45954,8089930,176.04408264160156,176.0,176.04408264160156,176.0,0.2353361546993255,0.1452974677085876,/kaggle/working/gfd-robustness-v4-factorial-r1/graphs/base/yelpchi/r40_s1/graph.bin,/kaggle/working/gfd-robustness-v4-factorial-r1/graphs/variants/yelpchi/r40_s1/camouflage_relation_oracle/0.30/seed_0/graph.bin,/kaggle/working/gfd-robustness-v4-factorial-r1/graphs/base/yelpchi/r40_s1/graph.bin,ok,
gfd_robustness_benchmark_v4_factorial,yelpchi,r40_s1,0,4,camouflage_relation_oracle,0.3,sage,train_on_variant,0.7898563314435284,0.4410796751436319,0.6666089821680743,0.6713426113128662,3.356901146999917,100,100,0.7923406213270967,roc_auc,max_epochs,45954,8089930,176.04408264160156,176.0,176.04408264160156,176.0,0.2353361546993255,0.1452974677085876,/kaggle/working/gfd-robustness-v4-factorial-r1/graphs/base/yelpchi/r40_s1/graph.bin,/kaggle/working/gfd-robustness-v4-factorial-r1/graphs/variants/yelpchi/r40_s1/camouflage_relation_oracle/0.30/seed_0/graph.bin,/kaggle/working/gfd-robustness-v4-factorial-r1/graphs/variants/yelpchi/r40_s1/camouflage_relation_oracle/0.30/seed_0/graph.bin,ok,
gfd_robustness_benchmark_v4_factorial,yelpchi,r40_s1,0,4,camouflage_relation_oracle,0.3,secgfd,train_clean_eval_all,0.7960660431936534,0.4438334040743853,0.6700088133491939,0.6209703087806702,0.2753974239985837,50,49,0.7930952636384659,roc_auc,max_epochs,45954,8089930,176.04408264160156,176.0,176.04408264160156,176.0,0.2353361546993255,0.1452974677085876,/kaggle/working/gfd-robustness-v4-factorial-r1/graphs/base/yelpchi/r40_s1/graph.bin,/kaggle/working/gfd-robustness-v4-factorial-r1/graphs/variants/yelpchi/r40_s1/camouflage_relation_oracle/0.30/seed_0/graph.bin,/kaggle/working/gfd-robustness-v4-factorial-r1/graphs/base/yelpchi/r40_s1/graph.bin,ok,
gfd_robustness_benchmark_v4_factorial,yelpchi,r40_s1,0,4,camouflage_relation_oracle,0.3,secgfd,train_on_variant,0.8219288057985353,0.5011429539403377,0.695790653656062,0.6715987324714661,4.813394585000424,50,50,0.8184912398648729,roc_auc,max_epochs,45954,8089930,176.04408264160156,176.0,176.04408264160156,176.0,0.2353361546993255,0.1452974677085876,/kaggle/working/gfd-robustness-v4-factorial-r1/graphs/base/yelpchi/r40_s1/graph.bin,/kaggle/working/gfd-robustness-v4-factorial-r1/graphs/variants/yelpchi/r40_s1/camouflage_relation_oracle/0.30/seed_0/graph.bin,/kaggle/working/gfd-robustness-v4-factorial-r1/graphs/variants/yelpchi/r40_s1/camouflage_relation_oracle/0.30/seed_0/graph.bin,ok,
gfd_robustness_benchmark_v4_factorial,yelpchi,r40_s1,1,0,camouflage_relation_oracle,0.3,mlp,train_clean_eval_all,0.7411298917567106,0.3289358495954787,0.62102968873229,0.4987255334854126,0.1654149799996958,16,6,0.7381013548468616,roc_auc,early_stopping,45954,8090118,176.0481719970703,176.0,176.0481719970703,176.0,0.2353772819042205,0.1452974677085876,/kaggle/working/gfd-robustness-v4-factorial-r1/graphs/base/yelpchi/r40_s1/graph.bin,/kaggle/working/gfd-robustness-v4-factorial-r1/graphs/variants/yelpchi/r40_s1/camouflage_relation_oracle/0.30/seed_1/graph.bin,/kaggle/working/gfd-robustness-v4-factorial-r1/graphs/base/yelpchi/r40_s1/graph.bin,ok,
gfd_robustness_benchmark_v4_factorial,yelpchi,r40_s1,1,0,camouflage_relation_oracle,0.3,mlp,train_on_variant,0.7411298917567106,0.3289358495954787,0.62102968873229,0.4987255334854126,0.5179654099993058,16,6,0.7381013548468616,roc_auc,early_stopping,45954,8090118,176.0481719970703,176.0,176.0481719970703,176.0,0.2353772819042205,0.1452974677085876,/kaggle/working/gfd-robustness-v4-factorial-r1/graphs/base/yelpchi/r40_s1/graph.bin,/kaggle/working/gfd-robustness-v4-factorial-r1/graphs/variants/yelpchi/r40_s1/camouflage_relation_oracle/0.30/seed_1/graph.bin,/kaggle/working/gfd-robustness-v4-factorial-r1/graphs/variants/yelpchi/r40_s1/camouflage_relation_oracle/0.30/seed_1/graph.bin,ok,
gfd_robustness_benchmark_v4_factorial,yelpchi,r40_s1,1,0,camouflage_relation_oracle,0.3,pmp,train_clean_eval_all,0.8310241985796737,0.5204512357677193,0.7076631330272076,0.2638531029224396,0.4631809559996327,52,42,0.8448072627229967,roc_auc,early_stopping,45954,8090118,176.0481719970703,176.0,176.0481719970703,176.0,0.2353772819042205,0.1452974677085876,/kaggle/working/gfd-robustness-v4-factorial-r1/graphs/base/yelpchi/r40_s1/graph.bin,/kaggle/working/gfd-robustness-v4-factorial-r1/graphs/variants/yelpchi/r40_s1/camouflage_relation_oracle/0.30/seed_1/graph.bin,/kaggle/working/gfd-robustness-v4-factorial-r1/graphs/base/yelpchi/r40_s1/graph.bin,ok,
gfd_robustness_benchmark_v4_factorial,yelpchi,r40_s1,1,0,camouflage_relation_oracle,0.3,pmp,train_on_variant,0.850727889625535,0.5627145307380392,0.7200917847191255,0.2196249067783355,57.41121325199856,100,93,0.8569719422968266,roc_auc,max_epochs,45954,8090118,176.0481719970703,176.0,176.0481719970703,176.0,0.2353772819042205,0.1452974677085876,/kaggle/working/gfd-robustness-v4-factorial-r1/graphs/base/yelpchi/r40_s1/graph.bin,/kaggle/working/gfd-robustness-v4-factorial-r1/graphs/variants/yelpchi/r40_s1/camouflage_relation_oracle/0.30/seed_1/graph.bin,/kaggle/working/gfd-robustness-v4-factorial-r1/graphs/variants/yelpchi/r40_s1/camouflage_relation_oracle/0.30/seed_1/graph.bin,ok,
gfd_robustness_benchmark_v4_factorial,yelpchi,r40_s1,1,0,camouflage_relation_oracle,0.3,sage,train_clean_eval_all,0.781305273077826,0.4274417196317241,0.6625789638658699,0.6340437531471252,0.2525489460003882,100,99,0.7847662096472344,roc_auc,max_epochs,45954,8090118,176.0481719970703,176.0,176.0481719970703,176.0,0.2353772819042205,0.1452974677085876,/kaggle/working/gfd-robustness-v4-factorial-r1/graphs/base/yelpchi/r40_s1/graph.bin,/kaggle/working/gfd-robustness-v4-factorial-r1/graphs/variants/yelpchi/r40_s1/camouflage_relation_oracle/0.30/seed_1/graph.bin,/kaggle/working/gfd-robustness-v4-factorial-r1/graphs/base/yelpchi/r40_s1/graph.bin,ok,
gfd_robustness_benchmark_v4_factorial,yelpchi,r40_s1,1,0,camouflage_relation_oracle,0.3,sage,train_on_variant,0.78399979096034,0.4353878518636842,0.6662985027343309,0.668762743473053,3.3034144430002925,100,100,0.7854125691072029,roc_auc,max_epochs,45954,8090118,176.0481719970703,176.0,176.0481719970703,176.0,0.2353772819042205,0.1452974677085876,/kaggle/working/gfd-robustness-v4-factorial-r1/graphs/base/yelpchi/r40_s1/graph.bin,/kaggle/working/gfd-robustness-v4-factorial-r1/graphs/variants/yelpchi/r40_s1/camouflage_relation_oracle/0.30/seed_1/graph.bin,/kaggle/working/gfd-robustness-v4-factorial-r1/graphs/variants/yelpchi/r40_s1/camouflage_relation_oracle/0.30/seed_1/graph.bin,ok,
gfd_robustness_benchmark_v4_factorial,yelpchi,r40_s1,1,0,camouflage_relation_oracle,0.3,secgfd,train_clean_eval_all,0.8168700269712611,0.4867580434508195,0.6923353668128289,0.707516610622406,0.2414506360000814,50,50,0.81031190324634,roc_auc,max_epochs,45954,8090118,176.0481719970703,176.0,176.0481719970703,176.0,0.2353772819042205,0.1452974677085876,/kaggle/working/gfd-robustness-v4-factorial-r1/graphs/base/yelpchi/r40_s1/graph.bin,/kaggle/working/gfd-robustness-v4-factorial-r1/graphs/variants/yelpchi/r40_s1/camouflage_relation_oracle/0.30/seed_1/graph.bin,/kaggle/working/gfd-robustness-v4-factorial-r1/graphs/base/yelpchi/r40_s1/graph.bin,ok,
gfd_robustness_benchmark_v4_factorial,yelpchi,r40_s1,1,0,camouflage_relation_oracle,0.3,secgfd,train_on_variant,0.8242554558017366,0.5049213292088841,0.7018290927906108,0.6869426965713501,4.868814692000342,50,50,0.8264858138021299,roc_auc,max_epochs,45954,8090118,176.0481719970703,176.0,176.0481719970703,176.0,0.2353772819042205,0.1452974677085876,/kaggle/working/gfd-robustness-v4-factorial-r1/graphs/base/yelpchi/r40_s1/graph.bin,/kaggle/working/gfd-robustness-v4-factorial-r1/graphs/variants/yelpchi/r40_s1/camouflage_relation_oracle/0.30/seed_1/graph.bin,/kaggle/working/gfd-robustness-v4-factorial-r1/graphs/variants/yelpchi/r40_s1/camouflage_relation_oracle/0.30/seed_1/graph.bin,ok,
gfd_robustness_benchmark_v4_factorial,yelpchi,r40_s1,1,1,camouflage_relation_oracle,0.3,mlp,train_clean_eval_all,0.7890208397487103,0.4259466979825966,0.6592905529479388,0.7060688734054565,0.1565680580006301,100,100,0.7923067203551258,roc_auc,max_epochs,45954,8090118,176.0481719970703,176.0,176.0481719970703,176.0,0.2353772819042205,0.1452974677085876,/kaggle/working/gfd-robustness-v4-factorial-r1/graphs/base/yelpchi/r40_s1/graph.bin,/kaggle/working/gfd-robustness-v4-factorial-r1/graphs/variants/yelpchi/r40_s1/camouflage_relation_oracle/0.30/seed_1/graph.bin,/kaggle/working/gfd-robustness-v4-factorial-r1/graphs/base/yelpchi/r40_s1/graph.bin,ok,
gfd_robustness_benchmark_v4_factorial,yelpchi,r40_s1,1,1,camouflage_relation_oracle,0.3,mlp,train_on_variant,0.7890208397487103,0.4259466979825966,0.6592905529479388,0.7060688734054565,1.8487678440005768,100,100,0.7923067203551258,roc_auc,max_epochs,45954,8090118,176.0481719970703,176.0,176.0481719970703,176.0,0.2353772819042205,0.1452974677085876,/kaggle/working/gfd-robustness-v4-factorial-r1/graphs/base/yelpchi/r40_s1/graph.bin,/kaggle/working/gfd-robustness-v4-factorial-r1/graphs/variants/yelpchi/r40_s1/camouflage_relation_oracle/0.30/seed_1/graph.bin,/kaggle/working/gfd-robustness-v4-factorial-r1/graphs/variants/yelpchi/r40_s1/camouflage_relation_oracle/0.30/seed_1/graph.bin,ok,
gfd_robustness_benchmark_v4_factorial,yelpchi,r40_s1,1,1,camouflage_relation_oracle,0.3,pmp,train_clean_eval_all,0.8380827409272595,0.5433773627294117,0.7060516632584712,0.3995718955993652,0.4971329649997642,73,63,0.8482169090037834,roc_auc,early_stopping,45954,8090118,176.0481719970703,176.0,176.0481719970703,176.0,0.2353772819042205,0.1452974677085876,/kaggle/working/gfd-robustness-v4-factorial-r1/graphs/base/yelpchi/r40_s1/graph.bin,/kaggle/working/gfd-robustness-v4-factorial-r1/graphs/variants/yelpchi/r40_s1/camouflage_relation_oracle/0.30/seed_1/graph.bin,/kaggle/working/gfd-robustness-v4-factorial-r1/graphs/base/yelpchi/r40_s1/graph.bin,ok,
gfd_robustness_benchmark_v4_factorial,yelpchi,r40_s1,1,1,camouflage_relation_oracle,0.3,pmp,train_on_variant,0.8305884809429004,0.5303520421509765,0.7090067614134263,0.3897019326686859,25.843817651999416,45,35,0.8399465022636409,roc_auc,early_stopping,45954,8090118,176.0481719970703,176.0,176.0481719970703,176.0,0.2353772819042205,0.1452974677085876,/kaggle/working/gfd-robustness-v4-factorial-r1/graphs/base/yelpchi/r40_s1/graph.bin,/kaggle/working/gfd-robustness-v4-factorial-r1/graphs/variants/yelpchi/r40_s1/camouflage_relation_oracle/0.30/seed_1/graph.bin,/kaggle/working/gfd-robustness-v4-factorial-r1/graphs/variants/yelpchi/r40_s1/camouflage_relation_oracle/0.30/seed_1/graph.bin,ok,
gfd_robustness_benchmark_v4_factorial,yelpchi,r40_s1,1,1,camouflage_relation_oracle,0.3,sage,train_clean_eval_all,0.6188518377577839,0.2006852447563637,0.5507408408119008,0.2877165079116821,0.224399094000546,23,13,0.6056249389091134,roc_auc,early_stopping,45954,8090118,176.0481719970703,176.0,176.0481719970703,176.0,0.2353772819042205,0.1452974677085876,/kaggle/working/gfd-robustness-v4-factorial-r1/graphs/base/yelpchi/r40_s1/graph.bin,/kaggle/working/gfd-robustness-v4-factorial-r1/graphs/variants/yelpchi/r40_s1/camouflage_relation_oracle/0.30/seed_1/graph.bin,/kaggle/working/gfd-robustness-v4-factorial-r1/graphs/base/yelpchi/r40_s1/graph.bin,ok,
gfd_robustness_benchmark_v4_factorial,yelpchi,r40_s1,1,1,camouflage_relation_oracle,0.3,sage,train_on_variant,0.6197584782065197,0.200834070585119,0.5511837368980226,0.2893786132335663,0.9635389169998234,23,13,0.6122772536875055,roc_auc,early_stopping,45954,8090118,176.0481719970703,176.0,176.0481719970703,176.0,0.2353772819042205,0.1452974677085876,/kaggle/working/gfd-robustness-v4-factorial-r1/graphs/base/yelpchi/r40_s1/graph.bin,/kaggle/working/gfd-robustness-v4-factorial-r1/graphs/variants/yelpchi/r40_s1/camouflage_relation_oracle/0.30/seed_1/graph.bin,/kaggle/working/gfd-robustness-v4-factorial-r1/graphs/variants/yelpchi/r40_s1/camouflage_relation_oracle/0.30/seed_1/graph.bin,ok,
gfd_robustness_benchmark_v4_factorial,yelpchi,r40_s1,1,1,camouflage_relation_oracle,0.3,secgfd,train_clean_eval_all,0.8111194235764723,0.4707935574330291,0.6856323586057497,0.679985523223877,0.240197690000059,50,50,0.8115241848389704,roc_auc,max_epochs,45954,8090118,176.0481719970703,176.0,176.0481719970703,176.0,0.2353772819042205,0.1452974677085876,/kaggle/working/gfd-robustness-v4-factorial-r1/graphs/base/yelpchi/r40_s1/graph.bin,/kaggle/working/gfd-robustness-v4-factorial-r1/graphs/variants/yelpchi/r40_s1/camouflage_relation_oracle/0.30/seed_1/graph.bin,/kaggle/working/gfd-robustness-v4-factorial-r1/graphs/base/yelpchi/r40_s1/graph.bin,ok,
gfd_robustness_benchmark_v4_factorial,yelpchi,r40_s1,1,1,camouflage_relation_oracle,0.3,secgfd,train_on_variant,0.830807310404649,0.4990466264865726,0.7017729060900186,0.751959502696991,4.938683829000183,50,50,0.8344198809413123,roc_auc,max_epochs,45954,8090118,176.0481719970703,176.0,176.0481719970703,176.0,0.2353772819042205,0.1452974677085876,/kaggle/working/gfd-robustness-v4-factorial-r1/graphs/base/yelpchi/r40_s1/graph.bin,/kaggle/working/gfd-robustness-v4-factorial-r1/graphs/variants/yelpchi/r40_s1/camouflage_relation_oracle/0.30/seed_1/graph.bin,/kaggle/working/gfd-robustness-v4-factorial-r1/graphs/variants/yelpchi/r40_s1/camouflage_relation_oracle/0.30/seed_1/graph.bin,ok,
gfd_robustness_benchmark_v4_factorial,yelpchi,r40_s1,1,2,camouflage_relation_oracle,0.3,mlp,train_clean_eval_all,0.7900874636610181,0.4282571598298197,0.6631972481222677,0.6799353361129761,0.1738484230008907,100,100,0.7945293081293195,roc_auc,max_epochs,45954,8090118,176.0481719970703,176.0,176.0481719970703,176.0,0.2353772819042205,0.1452974677085876,/kaggle/working/gfd-robustness-v4-factorial-r1/graphs/base/yelpchi/r40_s1/graph.bin,/kaggle/working/gfd-robustness-v4-factorial-r1/graphs/variants/yelpchi/r40_s1/camouflage_relation_oracle/0.30/seed_1/graph.bin,/kaggle/working/gfd-robustness-v4-factorial-r1/graphs/base/yelpchi/r40_s1/graph.bin,ok,
gfd_robustness_benchmark_v4_factorial,yelpchi,r40_s1,1,2,camouflage_relation_oracle,0.3,mlp,train_on_variant,0.7900874636610181,0.4282571598298197,0.6631972481222677,0.6799353361129761,1.5931360120002864,100,100,0.7945293081293195,roc_auc,max_epochs,45954,8090118,176.0481719970703,176.0,176.0481719970703,176.0,0.2353772819042205,0.1452974677085876,/kaggle/working/gfd-robustness-v4-factorial-r1/graphs/base/yelpchi/r40_s1/graph.bin,/kaggle/working/gfd-robustness-v4-factorial-r1/graphs/variants/yelpchi/r40_s1/camouflage_relation_oracle/0.30/seed_1/graph.bin,/kaggle/working/gfd-robustness-v4-factorial-r1/graphs/variants/yelpchi/r40_s1/camouflage_relation_oracle/0.30/seed_1/graph.bin,ok,
gfd_robustness_benchmark_v4_factorial,yelpchi,r40_s1,1,2,camouflage_relation_oracle,0.3,pmp,train_clean_eval_all,0.8384759050826555,0.5369351681744938,0.7138686263812141,0.3258445560932159,0.4569239400007063,86,76,0.8507594819016013,roc_auc,early_stopping,45954,8090118,176.0481719970703,176.0,176.0481719970703,176.0,0.2353772819042205,0.1452974677085876,/kaggle/working/gfd-robustness-v4-factorial-r1/graphs/base/yelpchi/r40_s1/graph.bin,/kaggle/working/gfd-robustness-v4-factorial-r1/graphs/variants/yelpchi/r40_s1/camouflage_relation_oracle/0.30/seed_1/graph.bin,/kaggle/working/gfd-robustness-v4-factorial-r1/graphs/base/yelpchi/r40_s1/graph.bin,ok,
gfd_robustness_benchmark_v4_factorial,yelpchi,r40_s1,1,2,camouflage_relation_oracle,0.3,pmp,train_on_variant,0.8351938442679305,0.5260770012689396,0.7057662555755828,0.3557180166244507,29.91591938000056,52,42,0.8443018950691012,roc_auc,early_stopping,45954,8090118,176.0481719970703,176.0,176.0481719970703,176.0,0.2353772819042205,0.1452974677085876,/kaggle/working/gfd-robustness-v4-factorial-r1/graphs/base/yelpchi/r40_s1/graph.bin,/kaggle/working/gfd-robustness-v4-factorial-r1/graphs/variants/yelpchi/r40_s1/camouflage_relation_oracle/0.30/seed_1/graph.bin,/kaggle/working/gfd-robustness-v4-factorial-r1/graphs/variants/yelpchi/r40_s1/camouflage_relation_oracle/0.30/seed_1/graph.bin,ok,
gfd_robustness_benchmark_v4_factorial,yelpchi,r40_s1,1,2,camouflage_relation_oracle,0.3,sage,train_clean_eval_all,0.7846492287827603,0.4297985618427375,0.6617274919539595,0.6474134922027588,0.2202123810002376,100,99,0.7896983004217357,roc_auc,max_epochs,45954,8090118,176.0481719970703,176.0,176.0481719970703,176.0,0.2353772819042205,0.1452974677085876,/kaggle/working/gfd-robustness-v4-factorial-r1/graphs/base/yelpchi/r40_s1/graph.bin,/kaggle/working/gfd-robustness-v4-factorial-r1/graphs/variants/yelpchi/r40_s1/camouflage_relation_oracle/0.30/seed_1/graph.bin,/kaggle/working/gfd-robustness-v4-factorial-r1/graphs/base/yelpchi/r40_s1/graph.bin,ok,
gfd_robustness_benchmark_v4_factorial,yelpchi,r40_s1,1,2,camouflage_relation_oracle,0.3,sage,train_on_variant,0.7881123532911265,0.4353881886309986,0.6621929391921496,0.6853790283203125,3.252137395000318,100,100,0.790728441771147,roc_auc,max_epochs,45954,8090118,176.0481719970703,176.0,176.0481719970703,176.0,0.2353772819042205,0.1452974677085876,/kaggle/working/gfd-robustness-v4-factorial-r1/graphs/base/yelpchi/r40_s1/graph.bin,/kaggle/working/gfd-robustness-v4-factorial-r1/graphs/variants/yelpchi/r40_s1/camouflage_relation_oracle/0.30/seed_1/graph.bin,/kaggle/working/gfd-robustness-v4-factorial-r1/graphs/variants/yelpchi/r40_s1/camouflage_relation_oracle/0.30/seed_1/graph.bin,ok,
gfd_robustness_benchmark_v4_factorial,yelpchi,r40_s1,1,2,camouflage_relation_oracle,0.3,secgfd,train_clean_eval_all,0.8090507026933912,0.4717120781790598,0.686489162302091,0.6409332752227783,0.2989567020013055,50,50,0.8095187349358813,roc_auc,max_epochs,45954,8090118,176.0481719970703,176.0,176.0481719970703,176.0,0.2353772819042205,0.1452974677085876,/kaggle/working/gfd-robustness-v4-factorial-r1/graphs/base/yelpchi/r40_s1/graph.bin,/kaggle/working/gfd-robustness-v4-factorial-r1/graphs/variants/yelpchi/r40_s1/camouflage_relation_oracle/0.30/seed_1/graph.bin,/kaggle/working/gfd-robustness-v4-factorial-r1/graphs/base/yelpchi/r40_s1/graph.bin,ok,
gfd_robustness_benchmark_v4_factorial,yelpchi,r40_s1,1,2,camouflage_relation_oracle,0.3,secgfd,train_on_variant,0.8301028376990927,0.5092103342148062,0.7018333803364724,0.7343788146972656,4.917513919999692,50,50,0.8297027824067783,roc_auc,max_epochs,45954,8090118,176.0481719970703,176.0,176.0481719970703,176.0,0.2353772819042205,0.1452974677085876,/kaggle/working/gfd-robustness-v4-factorial-r1/graphs/base/yelpchi/r40_s1/graph.bin,/kaggle/working/gfd-robustness-v4-factorial-r1/graphs/variants/yelpchi/r40_s1/camouflage_relation_oracle/0.30/seed_1/graph.bin,/kaggle/working/gfd-robustness-v4-factorial-r1/graphs/variants/yelpchi/r40_s1/camouflage_relation_oracle/0.30/seed_1/graph.bin,ok,
gfd_robustness_benchmark_v4_factorial,yelpchi,r40_s1,1,3,camouflage_relation_oracle,0.3,mlp,train_clean_eval_all,0.7890011172283742,0.4222148286858138,0.6591169548062679,0.6908923387527466,0.1559333189998142,100,100,0.79316778597091,roc_auc,max_epochs,45954,8090118,176.0481719970703,176.0,176.0481719970703,176.0,0.2353772819042205,0.1452974677085876,/kaggle/working/gfd-robustness-v4-factorial-r1/graphs/base/yelpchi/r40_s1/graph.bin,/kaggle/working/gfd-robustness-v4-factorial-r1/graphs/variants/yelpchi/r40_s1/camouflage_relation_oracle/0.30/seed_1/graph.bin,/kaggle/working/gfd-robustness-v4-factorial-r1/graphs/base/yelpchi/r40_s1/graph.bin,ok,
gfd_robustness_benchmark_v4_factorial,yelpchi,r40_s1,1,3,camouflage_relation_oracle,0.3,mlp,train_on_variant,0.7890011172283742,0.4222148286858138,0.6591169548062679,0.6908923387527466,1.701134584000101,100,100,0.79316778597091,roc_auc,max_epochs,45954,8090118,176.0481719970703,176.0,176.0481719970703,176.0,0.2353772819042205,0.1452974677085876,/kaggle/working/gfd-robustness-v4-factorial-r1/graphs/base/yelpchi/r40_s1/graph.bin,/kaggle/working/gfd-robustness-v4-factorial-r1/graphs/variants/yelpchi/r40_s1/camouflage_relation_oracle/0.30/seed_1/graph.bin,/kaggle/working/gfd-robustness-v4-factorial-r1/graphs/variants/yelpchi/r40_s1/camouflage_relation_oracle/0.30/seed_1/graph.bin,ok,
gfd_robustness_benchmark_v4_factorial,yelpchi,r40_s1,1,3,camouflage_relation_oracle,0.3,pmp,train_clean_eval_all,0.8449581472874007,0.5494556826771253,0.7178945408943057,0.2770633101463318,0.5448945089992776,100,100,0.854679931435165,roc_auc,max_epochs,45954,8090118,176.0481719970703,176.0,176.0481719970703,176.0,0.2353772819042205,0.1452974677085876,/kaggle/working/gfd-robustness-v4-factorial-r1/graphs/base/yelpchi/r40_s1/graph.bin,/kaggle/working/gfd-robustness-v4-factorial-r1/graphs/variants/yelpchi/r40_s1/camouflage_relation_oracle/0.30/seed_1/graph.bin,/kaggle/working/gfd-robustness-v4-factorial-r1/graphs/base/yelpchi/r40_s1/graph.bin,ok,
gfd_robustness_benchmark_v4_factorial,yelpchi,r40_s1,1,3,camouflage_relation_oracle,0.3,pmp,train_on_variant,0.8461775850031099,0.5600931099529534,0.7178698204445242,0.3314856886863708,50.24514138300037,88,78,0.8517114269162274,roc_auc,early_stopping,45954,8090118,176.0481719970703,176.0,176.0481719970703,176.0,0.2353772819042205,0.1452974677085876,/kaggle/working/gfd-robustness-v4-factorial-r1/graphs/base/yelpchi/r40_s1/graph.bin,/kaggle/working/gfd-robustness-v4-factorial-r1/graphs/variants/yelpchi/r40_s1/camouflage_relation_oracle/0.30/seed_1/graph.bin,/kaggle/working/gfd-robustness-v4-factorial-r1/graphs/variants/yelpchi/r40_s1/camouflage_relation_oracle/0.30/seed_1/graph.bin,ok,
gfd_robustness_benchmark_v4_factorial,yelpchi,r40_s1,1,3,camouflage_relation_oracle,0.3,sage,train_clean_eval_all,0.778529149694501,0.4228020366384388,0.6605617753043946,0.6763858795166016,0.1913613119995716,100,100,0.7853451486087966,roc_auc,max_epochs,45954,8090118,176.0481719970703,176.0,176.0481719970703,176.0,0.2353772819042205,0.1452974677085876,/kaggle/working/gfd-robustness-v4-factorial-r1/graphs/base/yelpchi/r40_s1/graph.bin,/kaggle/working/gfd-robustness-v4-factorial-r1/graphs/variants/yelpchi/r40_s1/camouflage_relation_oracle/0.30/seed_1/graph.bin,/kaggle/working/gfd-robustness-v4-factorial-r1/graphs/base/yelpchi/r40_s1/graph.bin,ok,
gfd_robustness_benchmark_v4_factorial,yelpchi,r40_s1,1,3,camouflage_relation_oracle,0.3,sage,train_on_variant,0.7847334544251618,0.4341001011174101,0.665812123052726,0.6834926009178162,3.317287912999745,100,100,0.7872109894458789,roc_auc,max_epochs,45954,8090118,176.0481719970703,176.0,176.0481719970703,176.0,0.2353772819042205,0.1452974677085876,/kaggle/working/gfd-robustness-v4-factorial-r1/graphs/base/yelpchi/r40_s1/graph.bin,/kaggle/working/gfd-robustness-v4-factorial-r1/graphs/variants/yelpchi/r40_s1/camouflage_relation_oracle/0.30/seed_1/graph.bin,/kaggle/working/gfd-robustness-v4-factorial-r1/graphs/variants/yelpchi/r40_s1/camouflage_relation_oracle/0.30/seed_1/graph.bin,ok,
gfd_robustness_benchmark_v4_factorial,yelpchi,r40_s1,1,3,camouflage_relation_oracle,0.3,secgfd,train_clean_eval_all,0.8023411393861971,0.4556253186261089,0.6722908525154749,0.6394457817077637,0.2239808340000308,50,50,0.8028998443225408,roc_auc,max_epochs,45954,8090118,176.0481719970703,176.0,176.0481719970703,176.0,0.2353772819042205,0.1452974677085876,/kaggle/working/gfd-robustness-v4-factorial-r1/graphs/base/yelpchi/r40_s1/graph.bin,/kaggle/working/gfd-robustness-v4-factorial-r1/graphs/variants/yelpchi/r40_s1/camouflage_relation_oracle/0.30/seed_1/graph.bin,/kaggle/working/gfd-robustness-v4-factorial-r1/graphs/base/yelpchi/r40_s1/graph.bin,ok,
gfd_robustness_benchmark_v4_factorial,yelpchi,r40_s1,1,3,camouflage_relation_oracle,0.3,secgfd,train_on_variant,0.8224734736865373,0.503748633928964,0.6911766551622344,0.7659125328063965,4.94169515700014,50,50,0.8264022772298472,roc_auc,max_epochs,45954,8090118,176.0481719970703,176.0,176.0481719970703,176.0,0.2353772819042205,0.1452974677085876,/kaggle/working/gfd-robustness-v4-factorial-r1/graphs/base/yelpchi/r40_s1/graph.bin,/kaggle/working/gfd-robustness-v4-factorial-r1/graphs/variants/yelpchi/r40_s1/camouflage_relation_oracle/0.30/seed_1/graph.bin,/kaggle/working/gfd-robustness-v4-factorial-r1/graphs/variants/yelpchi/r40_s1/camouflage_relation_oracle/0.30/seed_1/graph.bin,ok,
gfd_robustness_benchmark_v4_factorial,yelpchi,r40_s1,1,4,camouflage_relation_oracle,0.3,mlp,train_clean_eval_all,0.7894763990031648,0.4290633283011688,0.6620706708330315,0.6857644319534302,0.1328678870013391,100,100,0.7918636713655989,roc_auc,max_epochs,45954,8090118,176.0481719970703,176.0,176.0481719970703,176.0,0.2353772819042205,0.1452974677085876,/kaggle/working/gfd-robustness-v4-factorial-r1/graphs/base/yelpchi/r40_s1/graph.bin,/kaggle/working/gfd-robustness-v4-factorial-r1/graphs/variants/yelpchi/r40_s1/camouflage_relation_oracle/0.30/seed_1/graph.bin,/kaggle/working/gfd-robustness-v4-factorial-r1/graphs/base/yelpchi/r40_s1/graph.bin,ok,
gfd_robustness_benchmark_v4_factorial,yelpchi,r40_s1,1,4,camouflage_relation_oracle,0.3,mlp,train_on_variant,0.7894763990031648,0.4290633283011688,0.6620706708330315,0.6857644319534302,2.0025098440000875,100,100,0.7918636713655989,roc_auc,max_epochs,45954,8090118,176.0481719970703,176.0,176.0481719970703,176.0,0.2353772819042205,0.1452974677085876,/kaggle/working/gfd-robustness-v4-factorial-r1/graphs/base/yelpchi/r40_s1/graph.bin,/kaggle/working/gfd-robustness-v4-factorial-r1/graphs/variants/yelpchi/r40_s1/camouflage_relation_oracle/0.30/seed_1/graph.bin,/kaggle/working/gfd-robustness-v4-factorial-r1/graphs/variants/yelpchi/r40_s1/camouflage_relation_oracle/0.30/seed_1/graph.bin,ok,
gfd_robustness_benchmark_v4_factorial,yelpchi,r40_s1,1,4,camouflage_relation_oracle,0.3,pmp,train_clean_eval_all,0.8395807116037782,0.536862669949327,0.7112202454256531,0.3471680581569671,0.4533546299990121,73,63,0.8499933008627821,roc_auc,early_stopping,45954,8090118,176.0481719970703,176.0,176.0481719970703,176.0,0.2353772819042205,0.1452974677085876,/kaggle/working/gfd-robustness-v4-factorial-r1/graphs/base/yelpchi/r40_s1/graph.bin,/kaggle/working/gfd-robustness-v4-factorial-r1/graphs/variants/yelpchi/r40_s1/camouflage_relation_oracle/0.30/seed_1/graph.bin,/kaggle/working/gfd-robustness-v4-factorial-r1/graphs/base/yelpchi/r40_s1/graph.bin,ok,
gfd_robustness_benchmark_v4_factorial,yelpchi,r40_s1,1,4,camouflage_relation_oracle,0.3,pmp,train_on_variant,0.8473477878763858,0.5584663359335607,0.7225501510861257,0.2914967834949493,48.79724466600055,86,76,0.8510427528924299,roc_auc,early_stopping,45954,8090118,176.0481719970703,176.0,176.0481719970703,176.0,0.2353772819042205,0.1452974677085876,/kaggle/working/gfd-robustness-v4-factorial-r1/graphs/base/yelpchi/r40_s1/graph.bin,/kaggle/working/gfd-robustness-v4-factorial-r1/graphs/variants/yelpchi/r40_s1/camouflage_relation_oracle/0.30/seed_1/graph.bin,/kaggle/working/gfd-robustness-v4-factorial-r1/graphs/variants/yelpchi/r40_s1/camouflage_relation_oracle/0.30/seed_1/graph.bin,ok,
gfd_robustness_benchmark_v4_factorial,yelpchi,r40_s1,1,4,camouflage_relation_oracle,0.3,sage,train_clean_eval_all,0.7811526021912387,0.4241854081232619,0.6549549549549549,0.701765239238739,0.2564761840003484,100,100,0.7862607132554708,roc_auc,max_epochs,45954,8090118,176.0481719970703,176.0,176.0481719970703,176.0,0.2353772819042205,0.1452974677085876,/kaggle/working/gfd-robustness-v4-factorial-r1/graphs/base/yelpchi/r40_s1/graph.bin,/kaggle/working/gfd-robustness-v4-factorial-r1/graphs/variants/yelpchi/r40_s1/camouflage_relation_oracle/0.30/seed_1/graph.bin,/kaggle/working/gfd-robustness-v4-factorial-r1/graphs/base/yelpchi/r40_s1/graph.bin,ok,
gfd_robustness_benchmark_v4_factorial,yelpchi,r40_s1,1,4,camouflage_relation_oracle,0.3,sage,train_on_variant,0.7840216929620901,0.4262619932356993,0.6583687580329514,0.7192385792732239,3.2209224739999627,100,100,0.7847503319768176,roc_auc,max_epochs,45954,8090118,176.0481719970703,176.0,176.0481719970703,176.0,0.2353772819042205,0.1452974677085876,/kaggle/working/gfd-robustness-v4-factorial-r1/graphs/base/yelpchi/r40_s1/graph.bin,/kaggle/working/gfd-robustness-v4-factorial-r1/graphs/variants/yelpchi/r40_s1/camouflage_relation_oracle/0.30/seed_1/graph.bin,/kaggle/working/gfd-robustness-v4-factorial-r1/graphs/variants/yelpchi/r40_s1/camouflage_relation_oracle/0.30/seed_1/graph.bin,ok,
gfd_robustness_benchmark_v4_factorial,yelpchi,r40_s1,1,4,camouflage_relation_oracle,0.3,secgfd,train_clean_eval_all,0.7963696223261217,0.4443871582547862,0.6685338094240739,0.6209703087806702,0.2263671370001247,50,49,0.7930952636384659,roc_auc,max_epochs,45954,8090118,176.0481719970703,176.0,176.0481719970703,176.0,0.2353772819042205,0.1452974677085876,/kaggle/working/gfd-robustness-v4-factorial-r1/graphs/base/yelpchi/r40_s1/graph.bin,/kaggle/working/gfd-robustness-v4-factorial-r1/graphs/variants/yelpchi/r40_s1/camouflage_relation_oracle/0.30/seed_1/graph.bin,/kaggle/working/gfd-robustness-v4-factorial-r1/graphs/base/yelpchi/r40_s1/graph.bin,ok,
gfd_robustness_benchmark_v4_factorial,yelpchi,r40_s1,1,4,camouflage_relation_oracle,0.3,secgfd,train_on_variant,0.8177013740784724,0.4932368055937174,0.6911556346994071,0.5868319869041443,4.9230202130002,50,50,0.817554886436512,roc_auc,max_epochs,45954,8090118,176.0481719970703,176.0,176.0481719970703,176.0,0.2353772819042205,0.1452974677085876,/kaggle/working/gfd-robustness-v4-factorial-r1/graphs/base/yelpchi/r40_s1/graph.bin,/kaggle/working/gfd-robustness-v4-factorial-r1/graphs/variants/yelpchi/r40_s1/camouflage_relation_oracle/0.30/seed_1/graph.bin,/kaggle/working/gfd-robustness-v4-factorial-r1/graphs/variants/yelpchi/r40_s1/camouflage_relation_oracle/0.30/seed_1/graph.bin,ok,
gfd_robustness_benchmark_v4_factorial,yelpchi,r40_s1,1729,0,clean,0.0,mlp,train_clean_eval_all,0.7411298917567106,0.3289358495954787,0.62102968873229,0.4987255334854126,1.5212629800007562,16,6,0.7381013548468616,roc_auc,early_stopping,45954,8051348,175.2045135498047,175.0,175.2045135498047,175.0,0.2268800139427185,0.1452974677085876,/kaggle/working/gfd-robustness-v4-factorial-r1/graphs/base/yelpchi/r40_s1/graph.bin,/kaggle/working/gfd-robustness-v4-factorial-r1/graphs/base/yelpchi/r40_s1/graph.bin,/kaggle/working/gfd-robustness-v4-factorial-r1/graphs/base/yelpchi/r40_s1/graph.bin,ok,
gfd_robustness_benchmark_v4_factorial,yelpchi,r40_s1,1729,0,clean,0.0,mlp,train_on_variant,0.7411298917567106,0.3289358495954787,0.62102968873229,0.4987255334854126,1.357048496999596,16,6,0.7381013548468616,roc_auc,early_stopping,45954,8051348,175.2045135498047,175.0,175.2045135498047,175.0,0.2268800139427185,0.1452974677085876,/kaggle/working/gfd-robustness-v4-factorial-r1/graphs/base/yelpchi/r40_s1/graph.bin,/kaggle/working/gfd-robustness-v4-factorial-r1/graphs/base/yelpchi/r40_s1/graph.bin,/kaggle/working/gfd-robustness-v4-factorial-r1/graphs/base/yelpchi/r40_s1/graph.bin,ok,
gfd_robustness_benchmark_v4_factorial,yelpchi,r40_s1,1729,0,clean,0.0,pmp,train_clean_eval_all,0.838125389686513,0.5374048997257869,0.7155707152313493,0.2638531029224396,37.04817573699802,52,42,0.8448072627229967,roc_auc,early_stopping,45954,8051348,175.2045135498047,175.0,175.2045135498047,175.0,0.2268800139427185,0.1452974677085876,/kaggle/working/gfd-robustness-v4-factorial-r1/graphs/base/yelpchi/r40_s1/graph.bin,/kaggle/working/gfd-robustness-v4-factorial-r1/graphs/base/yelpchi/r40_s1/graph.bin,/kaggle/working/gfd-robustness-v4-factorial-r1/graphs/base/yelpchi/r40_s1/graph.bin,ok,
gfd_robustness_benchmark_v4_factorial,yelpchi,r40_s1,1729,0,clean,0.0,pmp,train_on_variant,0.838125389686513,0.5374048997257869,0.7155707152313493,0.2638531029224396,35.93501282999932,52,42,0.8448072627229967,roc_auc,early_stopping,45954,8051348,175.2045135498047,175.0,175.2045135498047,175.0,0.2268800139427185,0.1452974677085876,/kaggle/working/gfd-robustness-v4-factorial-r1/graphs/base/yelpchi/r40_s1/graph.bin,/kaggle/working/gfd-robustness-v4-factorial-r1/graphs/base/yelpchi/r40_s1/graph.bin,/kaggle/working/gfd-robustness-v4-factorial-r1/graphs/base/yelpchi/r40_s1/graph.bin,ok,
gfd_robustness_benchmark_v4_factorial,yelpchi,r40_s1,1729,0,clean,0.0,sage,train_clean_eval_all,0.7830147844585778,0.4294906111983373,0.6634639380075351,0.6340437531471252,3.258430593998128,100,99,0.7847662096472344,roc_auc,max_epochs,45954,8051348,175.2045135498047,175.0,175.2045135498047,175.0,0.2268800139427185,0.1452974677085876,/kaggle/working/gfd-robustness-v4-factorial-r1/graphs/base/yelpchi/r40_s1/graph.bin,/kaggle/working/gfd-robustness-v4-factorial-r1/graphs/base/yelpchi/r40_s1/graph.bin,/kaggle/working/gfd-robustness-v4-factorial-r1/graphs/base/yelpchi/r40_s1/graph.bin,ok,
gfd_robustness_benchmark_v4_factorial,yelpchi,r40_s1,1729,0,clean,0.0,sage,train_on_variant,0.7824921495794054,0.4303572308535539,0.664224849182931,0.66330486536026,3.3996646830000827,100,100,0.7850039455772582,roc_auc,max_epochs,45954,8051348,175.2045135498047,175.0,175.2045135498047,175.0,0.2268800139427185,0.1452974677085876,/kaggle/working/gfd-robustness-v4-factorial-r1/graphs/base/yelpchi/r40_s1/graph.bin,/kaggle/working/gfd-robustness-v4-factorial-r1/graphs/base/yelpchi/r40_s1/graph.bin,/kaggle/working/gfd-robustness-v4-factorial-r1/graphs/base/yelpchi/r40_s1/graph.bin,ok,
gfd_robustness_benchmark_v4_factorial,yelpchi,r40_s1,1729,0,clean,0.0,secgfd,train_clean_eval_all,0.8092938637427284,0.4703275217514039,0.6837301753994933,0.707516610622406,5.905229808000513,50,50,0.81031190324634,roc_auc,max_epochs,45954,8051348,175.2045135498047,175.0,175.2045135498047,175.0,0.2268800139427185,0.1452974677085876,/kaggle/working/gfd-robustness-v4-factorial-r1/graphs/base/yelpchi/r40_s1/graph.bin,/kaggle/working/gfd-robustness-v4-factorial-r1/graphs/base/yelpchi/r40_s1/graph.bin,/kaggle/working/gfd-robustness-v4-factorial-r1/graphs/base/yelpchi/r40_s1/graph.bin,ok,
gfd_robustness_benchmark_v4_factorial,yelpchi,r40_s1,1729,0,clean,0.0,secgfd,train_on_variant,0.8015809172134346,0.46041105136925,0.6779032583563332,0.7150800228118896,5.912918202000583,50,50,0.8044133248461701,roc_auc,max_epochs,45954,8051348,175.2045135498047,175.0,175.2045135498047,175.0,0.2268800139427185,0.1452974677085876,/kaggle/working/gfd-robustness-v4-factorial-r1/graphs/base/yelpchi/r40_s1/graph.bin,/kaggle/working/gfd-robustness-v4-factorial-r1/graphs/base/yelpchi/r40_s1/graph.bin,/kaggle/working/gfd-robustness-v4-factorial-r1/graphs/base/yelpchi/r40_s1/graph.bin,ok,
gfd_robustness_benchmark_v4_factorial,yelpchi,r40_s1,1729,1,clean,0.0,mlp,train_clean_eval_all,0.7890208397487103,0.4259466979825966,0.6592905529479388,0.7060688734054565,2.3724134489984863,100,100,0.7923067203551258,roc_auc,max_epochs,45954,8051348,175.2045135498047,175.0,175.2045135498047,175.0,0.2268800139427185,0.1452974677085876,/kaggle/working/gfd-robustness-v4-factorial-r1/graphs/base/yelpchi/r40_s1/graph.bin,/kaggle/working/gfd-robustness-v4-factorial-r1/graphs/base/yelpchi/r40_s1/graph.bin,/kaggle/working/gfd-robustness-v4-factorial-r1/graphs/base/yelpchi/r40_s1/graph.bin,ok,
gfd_robustness_benchmark_v4_factorial,yelpchi,r40_s1,1729,1,clean,0.0,mlp,train_on_variant,0.7890208397487103,0.4259466979825966,0.6592905529479388,0.7060688734054565,1.6471895380000203,100,100,0.7923067203551258,roc_auc,max_epochs,45954,8051348,175.2045135498047,175.0,175.2045135498047,175.0,0.2268800139427185,0.1452974677085876,/kaggle/working/gfd-robustness-v4-factorial-r1/graphs/base/yelpchi/r40_s1/graph.bin,/kaggle/working/gfd-robustness-v4-factorial-r1/graphs/base/yelpchi/r40_s1/graph.bin,/kaggle/working/gfd-robustness-v4-factorial-r1/graphs/base/yelpchi/r40_s1/graph.bin,ok,
gfd_robustness_benchmark_v4_factorial,yelpchi,r40_s1,1729,1,clean,0.0,pmp,train_clean_eval_all,0.8447309214628279,0.5532328392907432,0.7138686806577567,0.3995718955993652,51.65387956700033,73,63,0.8482169090037834,roc_auc,early_stopping,45954,8051348,175.2045135498047,175.0,175.2045135498047,175.0,0.2268800139427185,0.1452974677085876,/kaggle/working/gfd-robustness-v4-factorial-r1/graphs/base/yelpchi/r40_s1/graph.bin,/kaggle/working/gfd-robustness-v4-factorial-r1/graphs/base/yelpchi/r40_s1/graph.bin,/kaggle/working/gfd-robustness-v4-factorial-r1/graphs/base/yelpchi/r40_s1/graph.bin,ok,
gfd_robustness_benchmark_v4_factorial,yelpchi,r40_s1,1729,1,clean,0.0,pmp,train_on_variant,0.8447309214628279,0.5532328392907432,0.7138686806577567,0.3995718955993652,47.81383050399927,73,63,0.8482169090037834,roc_auc,early_stopping,45954,8051348,175.2045135498047,175.0,175.2045135498047,175.0,0.2268800139427185,0.1452974677085876,/kaggle/working/gfd-robustness-v4-factorial-r1/graphs/base/yelpchi/r40_s1/graph.bin,/kaggle/working/gfd-robustness-v4-factorial-r1/graphs/base/yelpchi/r40_s1/graph.bin,/kaggle/working/gfd-robustness-v4-factorial-r1/graphs/base/yelpchi/r40_s1/graph.bin,ok,
gfd_robustness_benchmark_v4_factorial,yelpchi,r40_s1,1729,1,clean,0.0,sage,train_clean_eval_all,0.6128814044835482,0.1944018008882344,0.5469418194630095,0.2877165079116821,1.0936056890004693,23,13,0.6056249389091134,roc_auc,early_stopping,45954,8051348,175.2045135498047,175.0,175.2045135498047,175.0,0.2268800139427185,0.1452974677085876,/kaggle/working/gfd-robustness-v4-factorial-r1/graphs/base/yelpchi/r40_s1/graph.bin,/kaggle/working/gfd-robustness-v4-factorial-r1/graphs/base/yelpchi/r40_s1/graph.bin,/kaggle/working/gfd-robustness-v4-factorial-r1/graphs/base/yelpchi/r40_s1/graph.bin,ok,
gfd_robustness_benchmark_v4_factorial,yelpchi,r40_s1,1729,1,clean,0.0,sage,train_on_variant,0.6128814521224862,0.1944017793180729,0.5469418194630095,0.2877165675163269,0.9992309090002892,23,13,0.6056249389091134,roc_auc,early_stopping,45954,8051348,175.2045135498047,175.0,175.2045135498047,175.0,0.2268800139427185,0.1452974677085876,/kaggle/working/gfd-robustness-v4-factorial-r1/graphs/base/yelpchi/r40_s1/graph.bin,/kaggle/working/gfd-robustness-v4-factorial-r1/graphs/base/yelpchi/r40_s1/graph.bin,/kaggle/working/gfd-robustness-v4-factorial-r1/graphs/base/yelpchi/r40_s1/graph.bin,ok,
gfd_robustness_benchmark_v4_factorial,yelpchi,r40_s1,1729,1,clean,0.0,secgfd,train_clean_eval_all,0.8044977779293755,0.4588755475625458,0.6804534920137801,0.679985523223877,4.60168061999866,50,50,0.8115241848389704,roc_auc,max_epochs,45954,8051348,175.2045135498047,175.0,175.2045135498047,175.0,0.2268800139427185,0.1452974677085876,/kaggle/working/gfd-robustness-v4-factorial-r1/graphs/base/yelpchi/r40_s1/graph.bin,/kaggle/working/gfd-robustness-v4-factorial-r1/graphs/base/yelpchi/r40_s1/graph.bin,/kaggle/working/gfd-robustness-v4-factorial-r1/graphs/base/yelpchi/r40_s1/graph.bin,ok,
gfd_robustness_benchmark_v4_factorial,yelpchi,r40_s1,1729,1,clean,0.0,secgfd,train_on_variant,0.7960852893246094,0.4428112790740031,0.6742910498345395,0.6659442186355591,4.41713609100043,50,49,0.8009534707967682,roc_auc,max_epochs,45954,8051348,175.2045135498047,175.0,175.2045135498047,175.0,0.2268800139427185,0.1452974677085876,/kaggle/working/gfd-robustness-v4-factorial-r1/graphs/base/yelpchi/r40_s1/graph.bin,/kaggle/working/gfd-robustness-v4-factorial-r1/graphs/base/yelpchi/r40_s1/graph.bin,/kaggle/working/gfd-robustness-v4-factorial-r1/graphs/base/yelpchi/r40_s1/graph.bin,ok,
gfd_robustness_benchmark_v4_factorial,yelpchi,r40_s1,1729,2,clean,0.0,mlp,train_clean_eval_all,0.7900874636610181,0.4282571598298197,0.6631972481222677,0.6799353361129761,1.760012180000558,100,100,0.7945293081293195,roc_auc,max_epochs,45954,8051348,175.2045135498047,175.0,175.2045135498047,175.0,0.2268800139427185,0.1452974677085876,/kaggle/working/gfd-robustness-v4-factorial-r1/graphs/base/yelpchi/r40_s1/graph.bin,/kaggle/working/gfd-robustness-v4-factorial-r1/graphs/base/yelpchi/r40_s1/graph.bin,/kaggle/working/gfd-robustness-v4-factorial-r1/graphs/base/yelpchi/r40_s1/graph.bin,ok,
gfd_robustness_benchmark_v4_factorial,yelpchi,r40_s1,1729,2,clean,0.0,mlp,train_on_variant,0.7900874636610181,0.4282571598298197,0.6631972481222677,0.6799353361129761,2.033632292999755,100,100,0.7945293081293195,roc_auc,max_epochs,45954,8051348,175.2045135498047,175.0,175.2045135498047,175.0,0.2268800139427185,0.1452974677085876,/kaggle/working/gfd-robustness-v4-factorial-r1/graphs/base/yelpchi/r40_s1/graph.bin,/kaggle/working/gfd-robustness-v4-factorial-r1/graphs/base/yelpchi/r40_s1/graph.bin,/kaggle/working/gfd-robustness-v4-factorial-r1/graphs/base/yelpchi/r40_s1/graph.bin,ok,
gfd_robustness_benchmark_v4_factorial,yelpchi,r40_s1,1729,2,clean,0.0,pmp,train_clean_eval_all,0.8459510380334037,0.5537130193586393,0.7181910596737955,0.3258445560932159,57.77265073099807,86,76,0.8507594819016013,roc_auc,early_stopping,45954,8051348,175.2045135498047,175.0,175.2045135498047,175.0,0.2268800139427185,0.1452974677085876,/kaggle/working/gfd-robustness-v4-factorial-r1/graphs/base/yelpchi/r40_s1/graph.bin,/kaggle/working/gfd-robustness-v4-factorial-r1/graphs/base/yelpchi/r40_s1/graph.bin,/kaggle/working/gfd-robustness-v4-factorial-r1/graphs/base/yelpchi/r40_s1/graph.bin,ok,
gfd_robustness_benchmark_v4_factorial,yelpchi,r40_s1,1729,2,clean,0.0,pmp,train_on_variant,0.8459510380334037,0.5537130193586393,0.7181910596737955,0.3258445560932159,57.54884776899962,86,76,0.8507594819016013,roc_auc,early_stopping,45954,8051348,175.2045135498047,175.0,175.2045135498047,175.0,0.2268800139427185,0.1452974677085876,/kaggle/working/gfd-robustness-v4-factorial-r1/graphs/base/yelpchi/r40_s1/graph.bin,/kaggle/working/gfd-robustness-v4-factorial-r1/graphs/base/yelpchi/r40_s1/graph.bin,/kaggle/working/gfd-robustness-v4-factorial-r1/graphs/base/yelpchi/r40_s1/graph.bin,ok,
gfd_robustness_benchmark_v4_factorial,yelpchi,r40_s1,1729,2,clean,0.0,sage,train_clean_eval_all,0.7864743598660622,0.433884983471664,0.6635401788557236,0.6474134922027588,3.075108176999493,100,99,0.7896983004217357,roc_auc,max_epochs,45954,8051348,175.2045135498047,175.0,175.2045135498047,175.0,0.2268800139427185,0.1452974677085876,/kaggle/working/gfd-robustness-v4-factorial-r1/graphs/base/yelpchi/r40_s1/graph.bin,/kaggle/working/gfd-robustness-v4-factorial-r1/graphs/base/yelpchi/r40_s1/graph.bin,/kaggle/working/gfd-robustness-v4-factorial-r1/graphs/base/yelpchi/r40_s1/graph.bin,ok,
gfd_robustness_benchmark_v4_factorial,yelpchi,r40_s1,1729,2,clean,0.0,sage,train_on_variant,0.7851681597345025,0.4302619822099178,0.6620619367134418,0.6718307137489319,3.4998873819995424,100,100,0.7876181348743733,roc_auc,max_epochs,45954,8051348,175.2045135498047,175.0,175.2045135498047,175.0,0.2268800139427185,0.1452974677085876,/kaggle/working/gfd-robustness-v4-factorial-r1/graphs/base/yelpchi/r40_s1/graph.bin,/kaggle/working/gfd-robustness-v4-factorial-r1/graphs/base/yelpchi/r40_s1/graph.bin,/kaggle/working/gfd-robustness-v4-factorial-r1/graphs/base/yelpchi/r40_s1/graph.bin,ok,
gfd_robustness_benchmark_v4_factorial,yelpchi,r40_s1,1729,2,clean,0.0,secgfd,train_clean_eval_all,0.8017899092344842,0.4581178757417254,0.6774327977862834,0.6409332752227783,4.488004584000009,50,50,0.8095187349358813,roc_auc,max_epochs,45954,8051348,175.2045135498047,175.0,175.2045135498047,175.0,0.2268800139427185,0.1452974677085876,/kaggle/working/gfd-robustness-v4-factorial-r1/graphs/base/yelpchi/r40_s1/graph.bin,/kaggle/working/gfd-robustness-v4-factorial-r1/graphs/base/yelpchi/r40_s1/graph.bin,/kaggle/working/gfd-robustness-v4-factorial-r1/graphs/base/yelpchi/r40_s1/graph.bin,ok,
gfd_robustness_benchmark_v4_factorial,yelpchi,r40_s1,1729,2,clean,0.0,secgfd,train_on_variant,0.8022961205897777,0.4590243687700081,0.6797082518421345,0.6855358481407166,4.53629541600003,50,50,0.8093462261924345,roc_auc,max_epochs,45954,8051348,175.2045135498047,175.0,175.2045135498047,175.0,0.2268800139427185,0.1452974677085876,/kaggle/working/gfd-robustness-v4-factorial-r1/graphs/base/yelpchi/r40_s1/graph.bin,/kaggle/working/gfd-robustness-v4-factorial-r1/graphs/base/yelpchi/r40_s1/graph.bin,/kaggle/working/gfd-robustness-v4-factorial-r1/graphs/base/yelpchi/r40_s1/graph.bin,ok,
gfd_robustness_benchmark_v4_factorial,yelpchi,r40_s1,1729,3,clean,0.0,mlp,train_clean_eval_all,0.7890011172283742,0.4222148286858138,0.6591169548062679,0.6908923387527466,2.053775728998517,100,100,0.79316778597091,roc_auc,max_epochs,45954,8051348,175.2045135498047,175.0,175.2045135498047,175.0,0.2268800139427185,0.1452974677085876,/kaggle/working/gfd-robustness-v4-factorial-r1/graphs/base/yelpchi/r40_s1/graph.bin,/kaggle/working/gfd-robustness-v4-factorial-r1/graphs/base/yelpchi/r40_s1/graph.bin,/kaggle/working/gfd-robustness-v4-factorial-r1/graphs/base/yelpchi/r40_s1/graph.bin,ok,
gfd_robustness_benchmark_v4_factorial,yelpchi,r40_s1,1729,3,clean,0.0,mlp,train_on_variant,0.7890011172283742,0.4222148286858138,0.6591169548062679,0.6908923387527466,1.7225584610005171,100,100,0.79316778597091,roc_auc,max_epochs,45954,8051348,175.2045135498047,175.0,175.2045135498047,175.0,0.2268800139427185,0.1452974677085876,/kaggle/working/gfd-robustness-v4-factorial-r1/graphs/base/yelpchi/r40_s1/graph.bin,/kaggle/working/gfd-robustness-v4-factorial-r1/graphs/base/yelpchi/r40_s1/graph.bin,/kaggle/working/gfd-robustness-v4-factorial-r1/graphs/base/yelpchi/r40_s1/graph.bin,ok,
gfd_robustness_benchmark_v4_factorial,yelpchi,r40_s1,1729,3,clean,0.0,pmp,train_clean_eval_all,0.8515384304265705,0.5685598401256211,0.726361428630967,0.2770633101463318,58.35182202099895,100,100,0.854679931435165,roc_auc,max_epochs,45954,8051348,175.2045135498047,175.0,175.2045135498047,175.0,0.2268800139427185,0.1452974677085876,/kaggle/working/gfd-robustness-v4-factorial-r1/graphs/base/yelpchi/r40_s1/graph.bin,/kaggle/working/gfd-robustness-v4-factorial-r1/graphs/base/yelpchi/r40_s1/graph.bin,/kaggle/working/gfd-robustness-v4-factorial-r1/graphs/base/yelpchi/r40_s1/graph.bin,ok,
gfd_robustness_benchmark_v4_factorial,yelpchi,r40_s1,1729,3,clean,0.0,pmp,train_on_variant,0.8515384304265705,0.5685598401256211,0.726361428630967,0.2770633101463318,68.37628025000049,100,100,0.854679931435165,roc_auc,max_epochs,45954,8051348,175.2045135498047,175.0,175.2045135498047,175.0,0.2268800139427185,0.1452974677085876,/kaggle/working/gfd-robustness-v4-factorial-r1/graphs/base/yelpchi/r40_s1/graph.bin,/kaggle/working/gfd-robustness-v4-factorial-r1/graphs/base/yelpchi/r40_s1/graph.bin,/kaggle/working/gfd-robustness-v4-factorial-r1/graphs/base/yelpchi/r40_s1/graph.bin,ok,
gfd_robustness_benchmark_v4_factorial,yelpchi,r40_s1,1729,3,clean,0.0,sage,train_clean_eval_all,0.7816915534066795,0.4302570307498355,0.6633767002810927,0.6763858795166016,3.2473125380020065,100,100,0.7853451486087966,roc_auc,max_epochs,45954,8051348,175.2045135498047,175.0,175.2045135498047,175.0,0.2268800139427185,0.1452974677085876,/kaggle/working/gfd-robustness-v4-factorial-r1/graphs/base/yelpchi/r40_s1/graph.bin,/kaggle/working/gfd-robustness-v4-factorial-r1/graphs/base/yelpchi/r40_s1/graph.bin,/kaggle/working/gfd-robustness-v4-factorial-r1/graphs/base/yelpchi/r40_s1/graph.bin,ok,
gfd_robustness_benchmark_v4_factorial,yelpchi,r40_s1,1729,3,clean,0.0,sage,train_on_variant,0.7818168914525836,0.4303872158762221,0.6639638568771926,0.6864790916442871,3.0781722880001325,100,100,0.785310198661603,roc_auc,max_epochs,45954,8051348,175.2045135498047,175.0,175.2045135498047,175.0,0.2268800139427185,0.1452974677085876,/kaggle/working/gfd-robustness-v4-factorial-r1/graphs/base/yelpchi/r40_s1/graph.bin,/kaggle/working/gfd-robustness-v4-factorial-r1/graphs/base/yelpchi/r40_s1/graph.bin,/kaggle/working/gfd-robustness-v4-factorial-r1/graphs/base/yelpchi/r40_s1/graph.bin,ok,
gfd_robustness_benchmark_v4_factorial,yelpchi,r40_s1,1729,3,clean,0.0,secgfd,train_clean_eval_all,0.7955024864667305,0.4425084398576268,0.6672438051865405,0.6394457817077637,4.475989893000588,50,50,0.8028998443225408,roc_auc,max_epochs,45954,8051348,175.2045135498047,175.0,175.2045135498047,175.0,0.2268800139427185,0.1452974677085876,/kaggle/working/gfd-robustness-v4-factorial-r1/graphs/base/yelpchi/r40_s1/graph.bin,/kaggle/working/gfd-robustness-v4-factorial-r1/graphs/base/yelpchi/r40_s1/graph.bin,/kaggle/working/gfd-robustness-v4-factorial-r1/graphs/base/yelpchi/r40_s1/graph.bin,ok,
gfd_robustness_benchmark_v4_factorial,yelpchi,r40_s1,1729,3,clean,0.0,secgfd,train_on_variant,0.792774347403716,0.4382245231475314,0.6674554802683101,0.6769644021987915,4.436617196000043,50,47,0.8002457462862701,roc_auc,max_epochs,45954,8051348,175.2045135498047,175.0,175.2045135498047,175.0,0.2268800139427185,0.1452974677085876,/kaggle/working/gfd-robustness-v4-factorial-r1/graphs/base/yelpchi/r40_s1/graph.bin,/kaggle/working/gfd-robustness-v4-factorial-r1/graphs/base/yelpchi/r40_s1/graph.bin,/kaggle/working/gfd-robustness-v4-factorial-r1/graphs/base/yelpchi/r40_s1/graph.bin,ok,
gfd_robustness_benchmark_v4_factorial,yelpchi,r40_s1,1729,4,clean,0.0,mlp,train_clean_eval_all,0.7894763990031648,0.4290633283011688,0.6620706708330315,0.6857644319534302,1.721717178999825,100,100,0.7918636713655989,roc_auc,max_epochs,45954,8051348,175.2045135498047,175.0,175.2045135498047,175.0,0.2268800139427185,0.1452974677085876,/kaggle/working/gfd-robustness-v4-factorial-r1/graphs/base/yelpchi/r40_s1/graph.bin,/kaggle/working/gfd-robustness-v4-factorial-r1/graphs/base/yelpchi/r40_s1/graph.bin,/kaggle/working/gfd-robustness-v4-factorial-r1/graphs/base/yelpchi/r40_s1/graph.bin,ok,
gfd_robustness_benchmark_v4_factorial,yelpchi,r40_s1,1729,4,clean,0.0,mlp,train_on_variant,0.7894763990031648,0.4290633283011688,0.6620706708330315,0.6857644319534302,2.091107379999812,100,100,0.7918636713655989,roc_auc,max_epochs,45954,8051348,175.2045135498047,175.0,175.2045135498047,175.0,0.2268800139427185,0.1452974677085876,/kaggle/working/gfd-robustness-v4-factorial-r1/graphs/base/yelpchi/r40_s1/graph.bin,/kaggle/working/gfd-robustness-v4-factorial-r1/graphs/base/yelpchi/r40_s1/graph.bin,/kaggle/working/gfd-robustness-v4-factorial-r1/graphs/base/yelpchi/r40_s1/graph.bin,ok,
gfd_robustness_benchmark_v4_factorial,yelpchi,r40_s1,1729,4,clean,0.0,pmp,train_clean_eval_all,0.8452226624907009,0.5482865360656706,0.7135924993435323,0.3471680581569671,43.004767107999214,73,63,0.8499933008627821,roc_auc,early_stopping,45954,8051348,175.2045135498047,175.0,175.2045135498047,175.0,0.2268800139427185,0.1452974677085876,/kaggle/working/gfd-robustness-v4-factorial-r1/graphs/base/yelpchi/r40_s1/graph.bin,/kaggle/working/gfd-robustness-v4-factorial-r1/graphs/base/yelpchi/r40_s1/graph.bin,/kaggle/working/gfd-robustness-v4-factorial-r1/graphs/base/yelpchi/r40_s1/graph.bin,ok,
gfd_robustness_benchmark_v4_factorial,yelpchi,r40_s1,1729,4,clean,0.0,pmp,train_on_variant,0.8452226624907009,0.5482865360656706,0.7135924993435323,0.3471680581569671,49.97100415600016,73,63,0.8499933008627821,roc_auc,early_stopping,45954,8051348,175.2045135498047,175.0,175.2045135498047,175.0,0.2268800139427185,0.1452974677085876,/kaggle/working/gfd-robustness-v4-factorial-r1/graphs/base/yelpchi/r40_s1/graph.bin,/kaggle/working/gfd-robustness-v4-factorial-r1/graphs/base/yelpchi/r40_s1/graph.bin,/kaggle/working/gfd-robustness-v4-factorial-r1/graphs/base/yelpchi/r40_s1/graph.bin,ok,
gfd_robustness_benchmark_v4_factorial,yelpchi,r40_s1,1729,4,clean,0.0,sage,train_clean_eval_all,0.7838203469905911,0.4291006606038752,0.6575877954928662,0.701765239238739,3.456902039000852,100,100,0.7862607132554708,roc_auc,max_epochs,45954,8051348,175.2045135498047,175.0,175.2045135498047,175.0,0.2268800139427185,0.1452974677085876,/kaggle/working/gfd-robustness-v4-factorial-r1/graphs/base/yelpchi/r40_s1/graph.bin,/kaggle/working/gfd-robustness-v4-factorial-r1/graphs/base/yelpchi/r40_s1/graph.bin,/kaggle/working/gfd-robustness-v4-factorial-r1/graphs/base/yelpchi/r40_s1/graph.bin,ok,
gfd_robustness_benchmark_v4_factorial,yelpchi,r40_s1,1729,4,clean,0.0,sage,train_on_variant,0.7846556719491262,0.4314597358519468,0.663761747321628,0.708696186542511,3.4157409389999884,100,100,0.7866649978424487,roc_auc,max_epochs,45954,8051348,175.2045135498047,175.0,175.2045135498047,175.0,0.2268800139427185,0.1452974677085876,/kaggle/working/gfd-robustness-v4-factorial-r1/graphs/base/yelpchi/r40_s1/graph.bin,/kaggle/working/gfd-robustness-v4-factorial-r1/graphs/base/yelpchi/r40_s1/graph.bin,/kaggle/working/gfd-robustness-v4-factorial-r1/graphs/base/yelpchi/r40_s1/graph.bin,ok,
gfd_robustness_benchmark_v4_factorial,yelpchi,r40_s1,1729,4,clean,0.0,secgfd,train_clean_eval_all,0.7880290208788127,0.4265651042301854,0.6619937642502298,0.6209703087806702,4.605036353001196,50,49,0.7930952636384659,roc_auc,max_epochs,45954,8051348,175.2045135498047,175.0,175.2045135498047,175.0,0.2268800139427185,0.1452974677085876,/kaggle/working/gfd-robustness-v4-factorial-r1/graphs/base/yelpchi/r40_s1/graph.bin,/kaggle/working/gfd-robustness-v4-factorial-r1/graphs/base/yelpchi/r40_s1/graph.bin,/kaggle/working/gfd-robustness-v4-factorial-r1/graphs/base/yelpchi/r40_s1/graph.bin,ok,
gfd_robustness_benchmark_v4_factorial,yelpchi,r40_s1,1729,4,clean,0.0,secgfd,train_on_variant,0.7897273966578046,0.4275484804873937,0.6633748786287008,0.6272410154342651,4.563037267999789,50,49,0.7940062509387136,roc_auc,max_epochs,45954,8051348,175.2045135498047,175.0,175.2045135498047,175.0,0.2268800139427185,0.1452974677085876,/kaggle/working/gfd-robustness-v4-factorial-r1/graphs/base/yelpchi/r40_s1/graph.bin,/kaggle/working/gfd-robustness-v4-factorial-r1/graphs/base/yelpchi/r40_s1/graph.bin,/kaggle/working/gfd-robustness-v4-factorial-r1/graphs/base/yelpchi/r40_s1/graph.bin,ok,
gfd_robustness_benchmark_v4_factorial,yelpchi,r40_s1,0,0,heterophily_rewire_nonoracle,0.15,mlp,train_clean_eval_all,0.7411298917567106,0.3289358495954787,0.62102968873229,0.4987255334854126,0.204157756999848,16,6,0.7381013548468616,roc_auc,early_stopping,45954,8051348,175.2045135498047,174.0,175.2045135498047,175.0,0.2294831871986389,0.1452974677085876,/kaggle/working/gfd-robustness-v4-factorial-r1/graphs/base/yelpchi/r40_s1/graph.bin,/kaggle/working/gfd-robustness-v4-factorial-r1/graphs/variants/yelpchi/r40_s1/heterophily_rewire_nonoracle/0.15/seed_0/graph.bin,/kaggle/working/gfd-robustness-v4-factorial-r1/graphs/base/yelpchi/r40_s1/graph.bin,ok,
gfd_robustness_benchmark_v4_factorial,yelpchi,r40_s1,0,0,heterophily_rewire_nonoracle,0.15,mlp,train_on_variant,0.7411298917567106,0.3289358495954787,0.62102968873229,0.4987255334854126,0.5241286479995324,16,6,0.7381013548468616,roc_auc,early_stopping,45954,8051348,175.2045135498047,174.0,175.2045135498047,175.0,0.2294831871986389,0.1452974677085876,/kaggle/working/gfd-robustness-v4-factorial-r1/graphs/base/yelpchi/r40_s1/graph.bin,/kaggle/working/gfd-robustness-v4-factorial-r1/graphs/variants/yelpchi/r40_s1/heterophily_rewire_nonoracle/0.15/seed_0/graph.bin,/kaggle/working/gfd-robustness-v4-factorial-r1/graphs/variants/yelpchi/r40_s1/heterophily_rewire_nonoracle/0.15/seed_0/graph.bin,ok,
gfd_robustness_benchmark_v4_factorial,yelpchi,r40_s1,0,0,heterophily_rewire_nonoracle,0.15,pmp,train_clean_eval_all,0.8180804609276864,0.4868102849884684,0.6878926675085824,0.2638531029224396,0.5040529839989176,52,42,0.8448072627229967,roc_auc,early_stopping,45954,8051348,175.2045135498047,174.0,175.2045135498047,175.0,0.2294831871986389,0.1452974677085876,/kaggle/working/gfd-robustness-v4-factorial-r1/graphs/base/yelpchi/r40_s1/graph.bin,/kaggle/working/gfd-robustness-v4-factorial-r1/graphs/variants/yelpchi/r40_s1/heterophily_rewire_nonoracle/0.15/seed_0/graph.bin,/kaggle/working/gfd-robustness-v4-factorial-r1/graphs/base/yelpchi/r40_s1/graph.bin,ok,
gfd_robustness_benchmark_v4_factorial,yelpchi,r40_s1,0,0,heterophily_rewire_nonoracle,0.15,pmp,train_on_variant,0.8341375818246399,0.5186090188689765,0.7032825225128261,0.3021298348903656,35.208924497000226,79,69,0.8389738638287119,roc_auc,early_stopping,45954,8051348,175.2045135498047,174.0,175.2045135498047,175.0,0.2294831871986389,0.1452974677085876,/kaggle/working/gfd-robustness-v4-factorial-r1/graphs/base/yelpchi/r40_s1/graph.bin,/kaggle/working/gfd-robustness-v4-factorial-r1/graphs/variants/yelpchi/r40_s1/heterophily_rewire_nonoracle/0.15/seed_0/graph.bin,/kaggle/working/gfd-robustness-v4-factorial-r1/graphs/variants/yelpchi/r40_s1/heterophily_rewire_nonoracle/0.15/seed_0/graph.bin,ok,
gfd_robustness_benchmark_v4_factorial,yelpchi,r40_s1,0,0,heterophily_rewire_nonoracle,0.15,sage,train_clean_eval_all,0.7787119283899107,0.4214606921561615,0.6581527091001501,0.6340437531471252,0.1847518479989958,100,99,0.7847662096472344,roc_auc,max_epochs,45954,8051348,175.2045135498047,174.0,175.2045135498047,175.0,0.2294831871986389,0.1452974677085876,/kaggle/working/gfd-robustness-v4-factorial-r1/graphs/base/yelpchi/r40_s1/graph.bin,/kaggle/working/gfd-robustness-v4-factorial-r1/graphs/variants/yelpchi/r40_s1/heterophily_rewire_nonoracle/0.15/seed_0/graph.bin,/kaggle/working/gfd-robustness-v4-factorial-r1/graphs/base/yelpchi/r40_s1/graph.bin,ok,
gfd_robustness_benchmark_v4_factorial,yelpchi,r40_s1,0,0,heterophily_rewire_nonoracle,0.15,sage,train_on_variant,0.7753504177363196,0.4105948815223733,0.6537425378435056,0.6891522407531738,3.396544227999584,100,100,0.776465096541481,roc_auc,max_epochs,45954,8051348,175.2045135498047,174.0,175.2045135498047,175.0,0.2294831871986389,0.1452974677085876,/kaggle/working/gfd-robustness-v4-factorial-r1/graphs/base/yelpchi/r40_s1/graph.bin,/kaggle/working/gfd-robustness-v4-factorial-r1/graphs/variants/yelpchi/r40_s1/heterophily_rewire_nonoracle/0.15/seed_0/graph.bin,/kaggle/working/gfd-robustness-v4-factorial-r1/graphs/variants/yelpchi/r40_s1/heterophily_rewire_nonoracle/0.15/seed_0/graph.bin,ok,
gfd_robustness_benchmark_v4_factorial,yelpchi,r40_s1,0,0,heterophily_rewire_nonoracle,0.15,secgfd,train_clean_eval_all,0.8089496128669341,0.4731105188127861,0.6826678168828948,0.707516610622406,0.2259414279997145,50,50,0.81031190324634,roc_auc,max_epochs,45954,8051348,175.2045135498047,174.0,175.2045135498047,175.0,0.2294831871986389,0.1452974677085876,/kaggle/working/gfd-robustness-v4-factorial-r1/graphs/base/yelpchi/r40_s1/graph.bin,/kaggle/working/gfd-robustness-v4-factorial-r1/graphs/variants/yelpchi/r40_s1/heterophily_rewire_nonoracle/0.15/seed_0/graph.bin,/kaggle/working/gfd-robustness-v4-factorial-r1/graphs/base/yelpchi/r40_s1/graph.bin,ok,
gfd_robustness_benchmark_v4_factorial,yelpchi,r40_s1,0,0,heterophily_rewire_nonoracle,0.15,secgfd,train_on_variant,0.8198179959137225,0.4919127336418535,0.7007558941898495,0.6821199655532837,4.941276513000048,50,50,0.8202239085293606,roc_auc,max_epochs,45954,8051348,175.2045135498047,174.0,175.2045135498047,175.0,0.2294831871986389,0.1452974677085876,/kaggle/working/gfd-robustness-v4-factorial-r1/graphs/base/yelpchi/r40_s1/graph.bin,/kaggle/working/gfd-robustness-v4-factorial-r1/graphs/variants/yelpchi/r40_s1/heterophily_rewire_nonoracle/0.15/seed_0/graph.bin,/kaggle/working/gfd-robustness-v4-factorial-r1/graphs/variants/yelpchi/r40_s1/heterophily_rewire_nonoracle/0.15/seed_0/graph.bin,ok,
gfd_robustness_benchmark_v4_factorial,yelpchi,r40_s1,0,1,heterophily_rewire_nonoracle,0.15,mlp,train_clean_eval_all,0.7890208397487103,0.4259466979825966,0.6592905529479388,0.7060688734054565,0.1787389959990832,100,100,0.7923067203551258,roc_auc,max_epochs,45954,8051348,175.2045135498047,174.0,175.2045135498047,175.0,0.2294831871986389,0.1452974677085876,/kaggle/working/gfd-robustness-v4-factorial-r1/graphs/base/yelpchi/r40_s1/graph.bin,/kaggle/working/gfd-robustness-v4-factorial-r1/graphs/variants/yelpchi/r40_s1/heterophily_rewire_nonoracle/0.15/seed_0/graph.bin,/kaggle/working/gfd-robustness-v4-factorial-r1/graphs/base/yelpchi/r40_s1/graph.bin,ok,
gfd_robustness_benchmark_v4_factorial,yelpchi,r40_s1,0,1,heterophily_rewire_nonoracle,0.15,mlp,train_on_variant,0.7890208397487103,0.4259466979825966,0.6592905529479388,0.7060688734054565,1.9381678019999529,100,100,0.7923067203551258,roc_auc,max_epochs,45954,8051348,175.2045135498047,174.0,175.2045135498047,175.0,0.2294831871986389,0.1452974677085876,/kaggle/working/gfd-robustness-v4-factorial-r1/graphs/base/yelpchi/r40_s1/graph.bin,/kaggle/working/gfd-robustness-v4-factorial-r1/graphs/variants/yelpchi/r40_s1/heterophily_rewire_nonoracle/0.15/seed_0/graph.bin,/kaggle/working/gfd-robustness-v4-factorial-r1/graphs/variants/yelpchi/r40_s1/heterophily_rewire_nonoracle/0.15/seed_0/graph.bin,ok,
gfd_robustness_benchmark_v4_factorial,yelpchi,r40_s1,0,1,heterophily_rewire_nonoracle,0.15,pmp,train_clean_eval_all,0.8322679797927058,0.5162822819657772,0.7005790946819805,0.3995718955993652,0.5269641820013931,73,63,0.8482169090037834,roc_auc,early_stopping,45954,8051348,175.2045135498047,174.0,175.2045135498047,175.0,0.2294831871986389,0.1452974677085876,/kaggle/working/gfd-robustness-v4-factorial-r1/graphs/base/yelpchi/r40_s1/graph.bin,/kaggle/working/gfd-robustness-v4-factorial-r1/graphs/variants/yelpchi/r40_s1/heterophily_rewire_nonoracle/0.15/seed_0/graph.bin,/kaggle/working/gfd-robustness-v4-factorial-r1/graphs/base/yelpchi/r40_s1/graph.bin,ok,
gfd_robustness_benchmark_v4_factorial,yelpchi,r40_s1,0,1,heterophily_rewire_nonoracle,0.15,pmp,train_on_variant,0.8285046108775321,0.5084994455095267,0.7020082201492913,0.2655381560325622,25.551522692000617,57,47,0.8325200437708752,roc_auc,early_stopping,45954,8051348,175.2045135498047,174.0,175.2045135498047,175.0,0.2294831871986389,0.1452974677085876,/kaggle/working/gfd-robustness-v4-factorial-r1/graphs/base/yelpchi/r40_s1/graph.bin,/kaggle/working/gfd-robustness-v4-factorial-r1/graphs/variants/yelpchi/r40_s1/heterophily_rewire_nonoracle/0.15/seed_0/graph.bin,/kaggle/working/gfd-robustness-v4-factorial-r1/graphs/variants/yelpchi/r40_s1/heterophily_rewire_nonoracle/0.15/seed_0/graph.bin,ok,
gfd_robustness_benchmark_v4_factorial,yelpchi,r40_s1,0,1,heterophily_rewire_nonoracle,0.15,sage,train_clean_eval_all,0.6120588586701343,0.2078707872517242,0.5541072097132428,0.2877165079116821,0.2059090319999086,23,13,0.6056249389091134,roc_auc,early_stopping,45954,8051348,175.2045135498047,174.0,175.2045135498047,175.0,0.2294831871986389,0.1452974677085876,/kaggle/working/gfd-robustness-v4-factorial-r1/graphs/base/yelpchi/r40_s1/graph.bin,/kaggle/working/gfd-robustness-v4-factorial-r1/graphs/variants/yelpchi/r40_s1/heterophily_rewire_nonoracle/0.15/seed_0/graph.bin,/kaggle/working/gfd-robustness-v4-factorial-r1/graphs/base/yelpchi/r40_s1/graph.bin,ok,
gfd_robustness_benchmark_v4_factorial,yelpchi,r40_s1,0,1,heterophily_rewire_nonoracle,0.15,sage,train_on_variant,0.6108469479066307,0.2053589306325125,0.5518790729496709,0.2863846123218536,1.0193981350003014,23,13,0.6031106883423092,roc_auc,early_stopping,45954,8051348,175.2045135498047,174.0,175.2045135498047,175.0,0.2294831871986389,0.1452974677085876,/kaggle/working/gfd-robustness-v4-factorial-r1/graphs/base/yelpchi/r40_s1/graph.bin,/kaggle/working/gfd-robustness-v4-factorial-r1/graphs/variants/yelpchi/r40_s1/heterophily_rewire_nonoracle/0.15/seed_0/graph.bin,/kaggle/working/gfd-robustness-v4-factorial-r1/graphs/variants/yelpchi/r40_s1/heterophily_rewire_nonoracle/0.15/seed_0/graph.bin,ok,
gfd_robustness_benchmark_v4_factorial,yelpchi,r40_s1,0,1,heterophily_rewire_nonoracle,0.15,secgfd,train_clean_eval_all,0.8059555056130102,0.4599566515049942,0.6791842560281797,0.679985523223877,0.2209055019993684,50,50,0.8115241848389704,roc_auc,max_epochs,45954,8051348,175.2045135498047,174.0,175.2045135498047,175.0,0.2294831871986389,0.1452974677085876,/kaggle/working/gfd-robustness-v4-factorial-r1/graphs/base/yelpchi/r40_s1/graph.bin,/kaggle/working/gfd-robustness-v4-factorial-r1/graphs/variants/yelpchi/r40_s1/heterophily_rewire_nonoracle/0.15/seed_0/graph.bin,/kaggle/working/gfd-robustness-v4-factorial-r1/graphs/base/yelpchi/r40_s1/graph.bin,ok,
gfd_robustness_benchmark_v4_factorial,yelpchi,r40_s1,0,1,heterophily_rewire_nonoracle,0.15,secgfd,train_on_variant,0.7965556404693159,0.4468132197720542,0.6772879669373947,0.6558533906936646,4.806914098000561,50,50,0.8033978214691851,roc_auc,max_epochs,45954,8051348,175.2045135498047,174.0,175.2045135498047,175.0,0.2294831871986389,0.1452974677085876,/kaggle/working/gfd-robustness-v4-factorial-r1/graphs/base/yelpchi/r40_s1/graph.bin,/kaggle/working/gfd-robustness-v4-factorial-r1/graphs/variants/yelpchi/r40_s1/heterophily_rewire_nonoracle/0.15/seed_0/graph.bin,/kaggle/working/gfd-robustness-v4-factorial-r1/graphs/variants/yelpchi/r40_s1/heterophily_rewire_nonoracle/0.15/seed_0/graph.bin,ok,
gfd_robustness_benchmark_v4_factorial,yelpchi,r40_s1,0,2,heterophily_rewire_nonoracle,0.15,mlp,train_clean_eval_all,0.7900874636610181,0.4282571598298197,0.6631972481222677,0.6799353361129761,0.1296801530006632,100,100,0.7945293081293195,roc_auc,max_epochs,45954,8051348,175.2045135498047,174.0,175.2045135498047,175.0,0.2294831871986389,0.1452974677085876,/kaggle/working/gfd-robustness-v4-factorial-r1/graphs/base/yelpchi/r40_s1/graph.bin,/kaggle/working/gfd-robustness-v4-factorial-r1/graphs/variants/yelpchi/r40_s1/heterophily_rewire_nonoracle/0.15/seed_0/graph.bin,/kaggle/working/gfd-robustness-v4-factorial-r1/graphs/base/yelpchi/r40_s1/graph.bin,ok,
gfd_robustness_benchmark_v4_factorial,yelpchi,r40_s1,0,2,heterophily_rewire_nonoracle,0.15,mlp,train_on_variant,0.7900874636610181,0.4282571598298197,0.6631972481222677,0.6799353361129761,1.7007736949999526,100,100,0.7945293081293195,roc_auc,max_epochs,45954,8051348,175.2045135498047,174.0,175.2045135498047,175.0,0.2294831871986389,0.1452974677085876,/kaggle/working/gfd-robustness-v4-factorial-r1/graphs/base/yelpchi/r40_s1/graph.bin,/kaggle/working/gfd-robustness-v4-factorial-r1/graphs/variants/yelpchi/r40_s1/heterophily_rewire_nonoracle/0.15/seed_0/graph.bin,/kaggle/working/gfd-robustness-v4-factorial-r1/graphs/variants/yelpchi/r40_s1/heterophily_rewire_nonoracle/0.15/seed_0/graph.bin,ok,
gfd_robustness_benchmark_v4_factorial,yelpchi,r40_s1,0,2,heterophily_rewire_nonoracle,0.15,pmp,train_clean_eval_all,0.8263503542812541,0.5076056841612878,0.7007505104530511,0.3258445560932159,0.4446946019997995,86,76,0.8507594819016013,roc_auc,early_stopping,45954,8051348,175.2045135498047,174.0,175.2045135498047,175.0,0.2294831871986389,0.1452974677085876,/kaggle/working/gfd-robustness-v4-factorial-r1/graphs/base/yelpchi/r40_s1/graph.bin,/kaggle/working/gfd-robustness-v4-factorial-r1/graphs/variants/yelpchi/r40_s1/heterophily_rewire_nonoracle/0.15/seed_0/graph.bin,/kaggle/working/gfd-robustness-v4-factorial-r1/graphs/base/yelpchi/r40_s1/graph.bin,ok,
gfd_robustness_benchmark_v4_factorial,yelpchi,r40_s1,0,2,heterophily_rewire_nonoracle,0.15,pmp,train_on_variant,0.8318474232479542,0.5104533988451412,0.7008470359527419,0.3166108727455139,29.84695701599958,67,57,0.8351115847393178,roc_auc,early_stopping,45954,8051348,175.2045135498047,174.0,175.2045135498047,175.0,0.2294831871986389,0.1452974677085876,/kaggle/working/gfd-robustness-v4-factorial-r1/graphs/base/yelpchi/r40_s1/graph.bin,/kaggle/working/gfd-robustness-v4-factorial-r1/graphs/variants/yelpchi/r40_s1/heterophily_rewire_nonoracle/0.15/seed_0/graph.bin,/kaggle/working/gfd-robustness-v4-factorial-r1/graphs/variants/yelpchi/r40_s1/heterophily_rewire_nonoracle/0.15/seed_0/graph.bin,ok,
gfd_robustness_benchmark_v4_factorial,yelpchi,r40_s1,0,2,heterophily_rewire_nonoracle,0.15,sage,train_clean_eval_all,0.7823218641954889,0.4253861036699701,0.6596849587571644,0.6474134922027588,0.2301868269987608,100,99,0.7896983004217357,roc_auc,max_epochs,45954,8051348,175.2045135498047,174.0,175.2045135498047,175.0,0.2294831871986389,0.1452974677085876,/kaggle/working/gfd-robustness-v4-factorial-r1/graphs/base/yelpchi/r40_s1/graph.bin,/kaggle/working/gfd-robustness-v4-factorial-r1/graphs/variants/yelpchi/r40_s1/heterophily_rewire_nonoracle/0.15/seed_0/graph.bin,/kaggle/working/gfd-robustness-v4-factorial-r1/graphs/base/yelpchi/r40_s1/graph.bin,ok,
gfd_robustness_benchmark_v4_factorial,yelpchi,r40_s1,0,2,heterophily_rewire_nonoracle,0.15,sage,train_on_variant,0.7834799548687756,0.4302863706705517,0.6585907880338631,0.5805495381355286,3.361888895999982,100,100,0.7870247009824607,roc_auc,max_epochs,45954,8051348,175.2045135498047,174.0,175.2045135498047,175.0,0.2294831871986389,0.1452974677085876,/kaggle/working/gfd-robustness-v4-factorial-r1/graphs/base/yelpchi/r40_s1/graph.bin,/kaggle/working/gfd-robustness-v4-factorial-r1/graphs/variants/yelpchi/r40_s1/heterophily_rewire_nonoracle/0.15/seed_0/graph.bin,/kaggle/working/gfd-robustness-v4-factorial-r1/graphs/variants/yelpchi/r40_s1/heterophily_rewire_nonoracle/0.15/seed_0/graph.bin,ok,
gfd_robustness_benchmark_v4_factorial,yelpchi,r40_s1,0,2,heterophily_rewire_nonoracle,0.15,secgfd,train_clean_eval_all,0.7960925066237179,0.4499347269462753,0.6772335074042042,0.6409332752227783,0.2105064639999909,50,50,0.8095187349358813,roc_auc,max_epochs,45954,8051348,175.2045135498047,174.0,175.2045135498047,175.0,0.2294831871986389,0.1452974677085876,/kaggle/working/gfd-robustness-v4-factorial-r1/graphs/base/yelpchi/r40_s1/graph.bin,/kaggle/working/gfd-robustness-v4-factorial-r1/graphs/variants/yelpchi/r40_s1/heterophily_rewire_nonoracle/0.15/seed_0/graph.bin,/kaggle/working/gfd-robustness-v4-factorial-r1/graphs/base/yelpchi/r40_s1/graph.bin,ok,
gfd_robustness_benchmark_v4_factorial,yelpchi,r40_s1,0,2,heterophily_rewire_nonoracle,0.15,secgfd,train_on_variant,0.8019102928308353,0.4609597068181562,0.6768644075968001,0.6406684517860413,4.821943741999348,50,50,0.8094355321284422,roc_auc,max_epochs,45954,8051348,175.2045135498047,174.0,175.2045135498047,175.0,0.2294831871986389,0.1452974677085876,/kaggle/working/gfd-robustness-v4-factorial-r1/graphs/base/yelpchi/r40_s1/graph.bin,/kaggle/working/gfd-robustness-v4-factorial-r1/graphs/variants/yelpchi/r40_s1/heterophily_rewire_nonoracle/0.15/seed_0/graph.bin,/kaggle/working/gfd-robustness-v4-factorial-r1/graphs/variants/yelpchi/r40_s1/heterophily_rewire_nonoracle/0.15/seed_0/graph.bin,ok,
gfd_robustness_benchmark_v4_factorial,yelpchi,r40_s1,0,3,heterophily_rewire_nonoracle,0.15,mlp,train_clean_eval_all,0.7890011172283742,0.4222148286858138,0.6591169548062679,0.6908923387527466,0.1343844029997853,100,100,0.79316778597091,roc_auc,max_epochs,45954,8051348,175.2045135498047,174.0,175.2045135498047,175.0,0.2294831871986389,0.1452974677085876,/kaggle/working/gfd-robustness-v4-factorial-r1/graphs/base/yelpchi/r40_s1/graph.bin,/kaggle/working/gfd-robustness-v4-factorial-r1/graphs/variants/yelpchi/r40_s1/heterophily_rewire_nonoracle/0.15/seed_0/graph.bin,/kaggle/working/gfd-robustness-v4-factorial-r1/graphs/base/yelpchi/r40_s1/graph.bin,ok,
gfd_robustness_benchmark_v4_factorial,yelpchi,r40_s1,0,3,heterophily_rewire_nonoracle,0.15,mlp,train_on_variant,0.7890011172283742,0.4222148286858138,0.6591169548062679,0.6908923387527466,1.8102389530004075,100,100,0.79316778597091,roc_auc,max_epochs,45954,8051348,175.2045135498047,174.0,175.2045135498047,175.0,0.2294831871986389,0.1452974677085876,/kaggle/working/gfd-robustness-v4-factorial-r1/graphs/base/yelpchi/r40_s1/graph.bin,/kaggle/working/gfd-robustness-v4-factorial-r1/graphs/variants/yelpchi/r40_s1/heterophily_rewire_nonoracle/0.15/seed_0/graph.bin,/kaggle/working/gfd-robustness-v4-factorial-r1/graphs/variants/yelpchi/r40_s1/heterophily_rewire_nonoracle/0.15/seed_0/graph.bin,ok,
gfd_robustness_benchmark_v4_factorial,yelpchi,r40_s1,0,3,heterophily_rewire_nonoracle,0.15,pmp,train_clean_eval_all,0.8322543193272315,0.5156821773214189,0.7019551760502305,0.2770633101463318,0.436366841000563,100,100,0.854679931435165,roc_auc,max_epochs,45954,8051348,175.2045135498047,174.0,175.2045135498047,175.0,0.2294831871986389,0.1452974677085876,/kaggle/working/gfd-robustness-v4-factorial-r1/graphs/base/yelpchi/r40_s1/graph.bin,/kaggle/working/gfd-robustness-v4-factorial-r1/graphs/variants/yelpchi/r40_s1/heterophily_rewire_nonoracle/0.15/seed_0/graph.bin,/kaggle/working/gfd-robustness-v4-factorial-r1/graphs/base/yelpchi/r40_s1/graph.bin,ok,
gfd_robustness_benchmark_v4_factorial,yelpchi,r40_s1,0,3,heterophily_rewire_nonoracle,0.15,pmp,train_on_variant,0.8338155545134274,0.5135752315575934,0.7032430443023725,0.4494418203830719,35.89650975099994,81,71,0.8372177362637887,roc_auc,early_stopping,45954,8051348,175.2045135498047,174.0,175.2045135498047,175.0,0.2294831871986389,0.1452974677085876,/kaggle/working/gfd-robustness-v4-factorial-r1/graphs/base/yelpchi/r40_s1/graph.bin,/kaggle/working/gfd-robustness-v4-factorial-r1/graphs/variants/yelpchi/r40_s1/heterophily_rewire_nonoracle/0.15/seed_0/graph.bin,/kaggle/working/gfd-robustness-v4-factorial-r1/graphs/variants/yelpchi/r40_s1/heterophily_rewire_nonoracle/0.15/seed_0/graph.bin,ok,
gfd_robustness_benchmark_v4_factorial,yelpchi,r40_s1,0,3,heterophily_rewire_nonoracle,0.15,sage,train_clean_eval_all,0.7777376525589351,0.4218499204687888,0.6600640006018657,0.6763858795166016,0.2285057079989201,100,100,0.7853451486087966,roc_auc,max_epochs,45954,8051348,175.2045135498047,174.0,175.2045135498047,175.0,0.2294831871986389,0.1452974677085876,/kaggle/working/gfd-robustness-v4-factorial-r1/graphs/base/yelpchi/r40_s1/graph.bin,/kaggle/working/gfd-robustness-v4-factorial-r1/graphs/variants/yelpchi/r40_s1/heterophily_rewire_nonoracle/0.15/seed_0/graph.bin,/kaggle/working/gfd-robustness-v4-factorial-r1/graphs/base/yelpchi/r40_s1/graph.bin,ok,
gfd_robustness_benchmark_v4_factorial,yelpchi,r40_s1,0,3,heterophily_rewire_nonoracle,0.15,sage,train_on_variant,0.777665336651036,0.4200825698807414,0.6596011943751455,0.6639696359634399,3.2425352720001683,100,99,0.7794171989023905,roc_auc,max_epochs,45954,8051348,175.2045135498047,174.0,175.2045135498047,175.0,0.2294831871986389,0.1452974677085876,/kaggle/working/gfd-robustness-v4-factorial-r1/graphs/base/yelpchi/r40_s1/graph.bin,/kaggle/working/gfd-robustness-v4-factorial-r1/graphs/variants/yelpchi/r40_s1/heterophily_rewire_nonoracle/0.15/seed_0/graph.bin,/kaggle/working/gfd-robustness-v4-factorial-r1/graphs/variants/yelpchi/r40_s1/heterophily_rewire_nonoracle/0.15/seed_0/graph.bin,ok,
gfd_robustness_benchmark_v4_factorial,yelpchi,r40_s1,0,3,heterophily_rewire_nonoracle,0.15,secgfd,train_clean_eval_all,0.7894368825040855,0.4334250081849284,0.66427284421901,0.6394457817077637,0.2859005919999617,50,50,0.8028998443225408,roc_auc,max_epochs,45954,8051348,175.2045135498047,174.0,175.2045135498047,175.0,0.2294831871986389,0.1452974677085876,/kaggle/working/gfd-robustness-v4-factorial-r1/graphs/base/yelpchi/r40_s1/graph.bin,/kaggle/working/gfd-robustness-v4-factorial-r1/graphs/variants/yelpchi/r40_s1/heterophily_rewire_nonoracle/0.15/seed_0/graph.bin,/kaggle/working/gfd-robustness-v4-factorial-r1/graphs/base/yelpchi/r40_s1/graph.bin,ok,
gfd_robustness_benchmark_v4_factorial,yelpchi,r40_s1,0,3,heterophily_rewire_nonoracle,0.15,secgfd,train_on_variant,0.805241862411887,0.4595919102220448,0.6802712772342762,0.6424788236618042,4.993802196000615,50,50,0.8124348383743745,roc_auc,max_epochs,45954,8051348,175.2045135498047,174.0,175.2045135498047,175.0,0.2294831871986389,0.1452974677085876,/kaggle/working/gfd-robustness-v4-factorial-r1/graphs/base/yelpchi/r40_s1/graph.bin,/kaggle/working/gfd-robustness-v4-factorial-r1/graphs/variants/yelpchi/r40_s1/heterophily_rewire_nonoracle/0.15/seed_0/graph.bin,/kaggle/working/gfd-robustness-v4-factorial-r1/graphs/variants/yelpchi/r40_s1/heterophily_rewire_nonoracle/0.15/seed_0/graph.bin,ok,
gfd_robustness_benchmark_v4_factorial,yelpchi,r40_s1,0,4,heterophily_rewire_nonoracle,0.15,mlp,train_clean_eval_all,0.7894763990031648,0.4290633283011688,0.6620706708330315,0.6857644319534302,0.135801824999362,100,100,0.7918636713655989,roc_auc,max_epochs,45954,8051348,175.2045135498047,174.0,175.2045135498047,175.0,0.2294831871986389,0.1452974677085876,/kaggle/working/gfd-robustness-v4-factorial-r1/graphs/base/yelpchi/r40_s1/graph.bin,/kaggle/working/gfd-robustness-v4-factorial-r1/graphs/variants/yelpchi/r40_s1/heterophily_rewire_nonoracle/0.15/seed_0/graph.bin,/kaggle/working/gfd-robustness-v4-factorial-r1/graphs/base/yelpchi/r40_s1/graph.bin,ok,
gfd_robustness_benchmark_v4_factorial,yelpchi,r40_s1,0,4,heterophily_rewire_nonoracle,0.15,mlp,train_on_variant,0.7894763990031648,0.4290633283011688,0.6620706708330315,0.6857644319534302,2.1124916829994618,100,100,0.7918636713655989,roc_auc,max_epochs,45954,8051348,175.2045135498047,174.0,175.2045135498047,175.0,0.2294831871986389,0.1452974677085876,/kaggle/working/gfd-robustness-v4-factorial-r1/graphs/base/yelpchi/r40_s1/graph.bin,/kaggle/working/gfd-robustness-v4-factorial-r1/graphs/variants/yelpchi/r40_s1/heterophily_rewire_nonoracle/0.15/seed_0/graph.bin,/kaggle/working/gfd-robustness-v4-factorial-r1/graphs/variants/yelpchi/r40_s1/heterophily_rewire_nonoracle/0.15/seed_0/graph.bin,ok,
gfd_robustness_benchmark_v4_factorial,yelpchi,r40_s1,0,4,heterophily_rewire_nonoracle,0.15,pmp,train_clean_eval_all,0.830202677003427,0.5124504455069973,0.7041063671390142,0.3471680581569671,0.4344541610007582,73,63,0.8499933008627821,roc_auc,early_stopping,45954,8051348,175.2045135498047,174.0,175.2045135498047,175.0,0.2294831871986389,0.1452974677085876,/kaggle/working/gfd-robustness-v4-factorial-r1/graphs/base/yelpchi/r40_s1/graph.bin,/kaggle/working/gfd-robustness-v4-factorial-r1/graphs/variants/yelpchi/r40_s1/heterophily_rewire_nonoracle/0.15/seed_0/graph.bin,/kaggle/working/gfd-robustness-v4-factorial-r1/graphs/base/yelpchi/r40_s1/graph.bin,ok,
gfd_robustness_benchmark_v4_factorial,yelpchi,r40_s1,0,4,heterophily_rewire_nonoracle,0.15,pmp,train_on_variant,0.8414070098410612,0.5428398904729161,0.714960870379014,0.4042728841304779,44.012389618999805,100,98,0.845744092958277,roc_auc,max_epochs,45954,8051348,175.2045135498047,174.0,175.2045135498047,175.0,0.2294831871986389,0.1452974677085876,/kaggle/working/gfd-robustness-v4-factorial-r1/graphs/base/yelpchi/r40_s1/graph.bin,/kaggle/working/gfd-robustness-v4-factorial-r1/graphs/variants/yelpchi/r40_s1/heterophily_rewire_nonoracle/0.15/seed_0/graph.bin,/kaggle/working/gfd-robustness-v4-factorial-r1/graphs/variants/yelpchi/r40_s1/heterophily_rewire_nonoracle/0.15/seed_0/graph.bin,ok,
gfd_robustness_benchmark_v4_factorial,yelpchi,r40_s1,0,4,heterophily_rewire_nonoracle,0.15,sage,train_clean_eval_all,0.7802918023106028,0.4221549439632573,0.6528287928464668,0.701765239238739,0.221411448001163,100,100,0.7862607132554708,roc_auc,max_epochs,45954,8051348,175.2045135498047,174.0,175.2045135498047,175.0,0.2294831871986389,0.1452974677085876,/kaggle/working/gfd-robustness-v4-factorial-r1/graphs/base/yelpchi/r40_s1/graph.bin,/kaggle/working/gfd-robustness-v4-factorial-r1/graphs/variants/yelpchi/r40_s1/heterophily_rewire_nonoracle/0.15/seed_0/graph.bin,/kaggle/working/gfd-robustness-v4-factorial-r1/graphs/base/yelpchi/r40_s1/graph.bin,ok,
gfd_robustness_benchmark_v4_factorial,yelpchi,r40_s1,0,4,heterophily_rewire_nonoracle,0.15,sage,train_on_variant,0.7810527867063735,0.4203314248965299,0.6579977813620876,0.637486457824707,3.3735043710003083,100,99,0.7836352236343653,roc_auc,max_epochs,45954,8051348,175.2045135498047,174.0,175.2045135498047,175.0,0.2294831871986389,0.1452974677085876,/kaggle/working/gfd-robustness-v4-factorial-r1/graphs/base/yelpchi/r40_s1/graph.bin,/kaggle/working/gfd-robustness-v4-factorial-r1/graphs/variants/yelpchi/r40_s1/heterophily_rewire_nonoracle/0.15/seed_0/graph.bin,/kaggle/working/gfd-robustness-v4-factorial-r1/graphs/variants/yelpchi/r40_s1/heterophily_rewire_nonoracle/0.15/seed_0/graph.bin,ok,
gfd_robustness_benchmark_v4_factorial,yelpchi,r40_s1,0,4,heterophily_rewire_nonoracle,0.15,secgfd,train_clean_eval_all,0.7862001620486115,0.4269962716205743,0.6623375829198926,0.6209703087806702,0.2299394310011848,50,49,0.7930952636384659,roc_auc,max_epochs,45954,8051348,175.2045135498047,174.0,175.2045135498047,175.0,0.2294831871986389,0.1452974677085876,/kaggle/working/gfd-robustness-v4-factorial-r1/graphs/base/yelpchi/r40_s1/graph.bin,/kaggle/working/gfd-robustness-v4-factorial-r1/graphs/variants/yelpchi/r40_s1/heterophily_rewire_nonoracle/0.15/seed_0/graph.bin,/kaggle/working/gfd-robustness-v4-factorial-r1/graphs/base/yelpchi/r40_s1/graph.bin,ok,
gfd_robustness_benchmark_v4_factorial,yelpchi,r40_s1,0,4,heterophily_rewire_nonoracle,0.15,secgfd,train_on_variant,0.7851890970477579,0.4265370250401092,0.6611824365897931,0.6125839948654175,5.010561363000306,50,49,0.7912727168696672,roc_auc,max_epochs,45954,8051348,175.2045135498047,174.0,175.2045135498047,175.0,0.2294831871986389,0.1452974677085876,/kaggle/working/gfd-robustness-v4-factorial-r1/graphs/base/yelpchi/r40_s1/graph.bin,/kaggle/working/gfd-robustness-v4-factorial-r1/graphs/variants/yelpchi/r40_s1/heterophily_rewire_nonoracle/0.15/seed_0/graph.bin,/kaggle/working/gfd-robustness-v4-factorial-r1/graphs/variants/yelpchi/r40_s1/heterophily_rewire_nonoracle/0.15/seed_0/graph.bin,ok,
gfd_robustness_benchmark_v4_factorial,yelpchi,r40_s1,1,0,heterophily_rewire_nonoracle,0.15,mlp,train_clean_eval_all,0.7411298917567106,0.3289358495954787,0.62102968873229,0.4987255334854126,0.2192584829990664,16,6,0.7381013548468616,roc_auc,early_stopping,45954,8051348,175.2045135498047,174.0,175.2045135498047,175.0,0.2294254302978515,0.1452974677085876,/kaggle/working/gfd-robustness-v4-factorial-r1/graphs/base/yelpchi/r40_s1/graph.bin,/kaggle/working/gfd-robustness-v4-factorial-r1/graphs/variants/yelpchi/r40_s1/heterophily_rewire_nonoracle/0.15/seed_1/graph.bin,/kaggle/working/gfd-robustness-v4-factorial-r1/graphs/base/yelpchi/r40_s1/graph.bin,ok,
gfd_robustness_benchmark_v4_factorial,yelpchi,r40_s1,1,0,heterophily_rewire_nonoracle,0.15,mlp,train_on_variant,0.7411298917567106,0.3289358495954787,0.62102968873229,0.4987255334854126,0.465596765000555,16,6,0.7381013548468616,roc_auc,early_stopping,45954,8051348,175.2045135498047,174.0,175.2045135498047,175.0,0.2294254302978515,0.1452974677085876,/kaggle/working/gfd-robustness-v4-factorial-r1/graphs/base/yelpchi/r40_s1/graph.bin,/kaggle/working/gfd-robustness-v4-factorial-r1/graphs/variants/yelpchi/r40_s1/heterophily_rewire_nonoracle/0.15/seed_1/graph.bin,/kaggle/working/gfd-robustness-v4-factorial-r1/graphs/variants/yelpchi/r40_s1/heterophily_rewire_nonoracle/0.15/seed_1/graph.bin,ok,
gfd_robustness_benchmark_v4_factorial,yelpchi,r40_s1,1,0,heterophily_rewire_nonoracle,0.15,pmp,train_clean_eval_all,0.820571894017464,0.4912109981693658,0.6894791282655893,0.2638531029224396,0.5021773380012746,52,42,0.8448072627229967,roc_auc,early_stopping,45954,8051348,175.2045135498047,174.0,175.2045135498047,175.0,0.2294254302978515,0.1452974677085876,/kaggle/working/gfd-robustness-v4-factorial-r1/graphs/base/yelpchi/r40_s1/graph.bin,/kaggle/working/gfd-robustness-v4-factorial-r1/graphs/variants/yelpchi/r40_s1/heterophily_rewire_nonoracle/0.15/seed_1/graph.bin,/kaggle/working/gfd-robustness-v4-factorial-r1/graphs/base/yelpchi/r40_s1/graph.bin,ok,
gfd_robustness_benchmark_v4_factorial,yelpchi,r40_s1,1,0,heterophily_rewire_nonoracle,0.15,pmp,train_on_variant,0.8312245560432089,0.5083451728667395,0.7031683100379519,0.3315182030200958,27.798726655999417,62,52,0.8329191788431234,roc_auc,early_stopping,45954,8051348,175.2045135498047,174.0,175.2045135498047,175.0,0.2294254302978515,0.1452974677085876,/kaggle/working/gfd-robustness-v4-factorial-r1/graphs/base/yelpchi/r40_s1/graph.bin,/kaggle/working/gfd-robustness-v4-factorial-r1/graphs/variants/yelpchi/r40_s1/heterophily_rewire_nonoracle/0.15/seed_1/graph.bin,/kaggle/working/gfd-robustness-v4-factorial-r1/graphs/variants/yelpchi/r40_s1/heterophily_rewire_nonoracle/0.15/seed_1/graph.bin,ok,
gfd_robustness_benchmark_v4_factorial,yelpchi,r40_s1,1,0,heterophily_rewire_nonoracle,0.15,sage,train_clean_eval_all,0.778709236789913,0.4216145186134097,0.6585216749985006,0.6340437531471252,0.1841239189998305,100,99,0.7847662096472344,roc_auc,max_epochs,45954,8051348,175.2045135498047,174.0,175.2045135498047,175.0,0.2294254302978515,0.1452974677085876,/kaggle/working/gfd-robustness-v4-factorial-r1/graphs/base/yelpchi/r40_s1/graph.bin,/kaggle/working/gfd-robustness-v4-factorial-r1/graphs/variants/yelpchi/r40_s1/heterophily_rewire_nonoracle/0.15/seed_1/graph.bin,/kaggle/working/gfd-robustness-v4-factorial-r1/graphs/base/yelpchi/r40_s1/graph.bin,ok,
gfd_robustness_benchmark_v4_factorial,yelpchi,r40_s1,1,0,heterophily_rewire_nonoracle,0.15,sage,train_on_variant,0.7754044760212264,0.4131373606885832,0.6558561035454323,0.6608396172523499,3.336723172999882,100,100,0.7764808788505139,roc_auc,max_epochs,45954,8051348,175.2045135498047,174.0,175.2045135498047,175.0,0.2294254302978515,0.1452974677085876,/kaggle/working/gfd-robustness-v4-factorial-r1/graphs/base/yelpchi/r40_s1/graph.bin,/kaggle/working/gfd-robustness-v4-factorial-r1/graphs/variants/yelpchi/r40_s1/heterophily_rewire_nonoracle/0.15/seed_1/graph.bin,/kaggle/working/gfd-robustness-v4-factorial-r1/graphs/variants/yelpchi/r40_s1/heterophily_rewire_nonoracle/0.15/seed_1/graph.bin,ok,
gfd_robustness_benchmark_v4_factorial,yelpchi,r40_s1,1,0,heterophily_rewire_nonoracle,0.15,secgfd,train_clean_eval_all,0.8088513813767577,0.4728871258580022,0.6840656314274914,0.707516610622406,0.2350110810002661,50,50,0.81031190324634,roc_auc,max_epochs,45954,8051348,175.2045135498047,174.0,175.2045135498047,175.0,0.2294254302978515,0.1452974677085876,/kaggle/working/gfd-robustness-v4-factorial-r1/graphs/base/yelpchi/r40_s1/graph.bin,/kaggle/working/gfd-robustness-v4-factorial-r1/graphs/variants/yelpchi/r40_s1/heterophily_rewire_nonoracle/0.15/seed_1/graph.bin,/kaggle/working/gfd-robustness-v4-factorial-r1/graphs/base/yelpchi/r40_s1/graph.bin,ok,
gfd_robustness_benchmark_v4_factorial,yelpchi,r40_s1,1,0,heterophily_rewire_nonoracle,0.15,secgfd,train_on_variant,0.8224436159821396,0.4912111617748624,0.6957300641677189,0.6823422312736511,5.054279701000269,50,49,0.8252846894914139,roc_auc,max_epochs,45954,8051348,175.2045135498047,174.0,175.2045135498047,175.0,0.2294254302978515,0.1452974677085876,/kaggle/working/gfd-robustness-v4-factorial-r1/graphs/base/yelpchi/r40_s1/graph.bin,/kaggle/working/gfd-robustness-v4-factorial-r1/graphs/variants/yelpchi/r40_s1/heterophily_rewire_nonoracle/0.15/seed_1/graph.bin,/kaggle/working/gfd-robustness-v4-factorial-r1/graphs/variants/yelpchi/r40_s1/heterophily_rewire_nonoracle/0.15/seed_1/graph.bin,ok,
gfd_robustness_benchmark_v4_factorial,yelpchi,r40_s1,1,1,heterophily_rewire_nonoracle,0.15,mlp,train_clean_eval_all,0.7890208397487103,0.4259466979825966,0.6592905529479388,0.7060688734054565,0.1593083010011469,100,100,0.7923067203551258,roc_auc,max_epochs,45954,8051348,175.2045135498047,174.0,175.2045135498047,175.0,0.2294254302978515,0.1452974677085876,/kaggle/working/gfd-robustness-v4-factorial-r1/graphs/base/yelpchi/r40_s1/graph.bin,/kaggle/working/gfd-robustness-v4-factorial-r1/graphs/variants/yelpchi/r40_s1/heterophily_rewire_nonoracle/0.15/seed_1/graph.bin,/kaggle/working/gfd-robustness-v4-factorial-r1/graphs/base/yelpchi/r40_s1/graph.bin,ok,
gfd_robustness_benchmark_v4_factorial,yelpchi,r40_s1,1,1,heterophily_rewire_nonoracle,0.15,mlp,train_on_variant,0.7890208397487103,0.4259466979825966,0.6592905529479388,0.7060688734054565,1.8357112989997404,100,100,0.7923067203551258,roc_auc,max_epochs,45954,8051348,175.2045135498047,174.0,175.2045135498047,175.0,0.2294254302978515,0.1452974677085876,/kaggle/working/gfd-robustness-v4-factorial-r1/graphs/base/yelpchi/r40_s1/graph.bin,/kaggle/working/gfd-robustness-v4-factorial-r1/graphs/variants/yelpchi/r40_s1/heterophily_rewire_nonoracle/0.15/seed_1/graph.bin,/kaggle/working/gfd-robustness-v4-factorial-r1/graphs/variants/yelpchi/r40_s1/heterophily_rewire_nonoracle/0.15/seed_1/graph.bin,ok,
gfd_robustness_benchmark_v4_factorial,yelpchi,r40_s1,1,1,heterophily_rewire_nonoracle,0.15,pmp,train_clean_eval_all,0.8333443815970402,0.5225192436754349,0.7046297849201848,0.3995718955993652,0.5153788730003726,73,63,0.8482169090037834,roc_auc,early_stopping,45954,8051348,175.2045135498047,174.0,175.2045135498047,175.0,0.2294254302978515,0.1452974677085876,/kaggle/working/gfd-robustness-v4-factorial-r1/graphs/base/yelpchi/r40_s1/graph.bin,/kaggle/working/gfd-robustness-v4-factorial-r1/graphs/variants/yelpchi/r40_s1/heterophily_rewire_nonoracle/0.15/seed_1/graph.bin,/kaggle/working/gfd-robustness-v4-factorial-r1/graphs/base/yelpchi/r40_s1/graph.bin,ok,
gfd_robustness_benchmark_v4_factorial,yelpchi,r40_s1,1,1,heterophily_rewire_nonoracle,0.15,pmp,train_on_variant,0.8338550233735685,0.517508678275602,0.7069186436853259,0.2717954218387604,25.897046521999982,57,47,0.836556691150702,roc_auc,early_stopping,45954,8051348,175.2045135498047,174.0,175.2045135498047,175.0,0.2294254302978515,0.1452974677085876,/kaggle/working/gfd-robustness-v4-factorial-r1/graphs/base/yelpchi/r40_s1/graph.bin,/kaggle/working/gfd-robustness-v4-factorial-r1/graphs/variants/yelpchi/r40_s1/heterophily_rewire_nonoracle/0.15/seed_1/graph.bin,/kaggle/working/gfd-robustness-v4-factorial-r1/graphs/variants/yelpchi/r40_s1/heterophily_rewire_nonoracle/0.15/seed_1/graph.bin,ok,
gfd_robustness_benchmark_v4_factorial,yelpchi,r40_s1,1,1,heterophily_rewire_nonoracle,0.15,sage,train_clean_eval_all,0.611630417881142,0.2074692167360491,0.5534098843765164,0.2877165079116821,0.1794314700000541,23,13,0.6056249389091134,roc_auc,early_stopping,45954,8051348,175.2045135498047,174.0,175.2045135498047,175.0,0.2294254302978515,0.1452974677085876,/kaggle/working/gfd-robustness-v4-factorial-r1/graphs/base/yelpchi/r40_s1/graph.bin,/kaggle/working/gfd-robustness-v4-factorial-r1/graphs/variants/yelpchi/r40_s1/heterophily_rewire_nonoracle/0.15/seed_1/graph.bin,/kaggle/working/gfd-robustness-v4-factorial-r1/graphs/base/yelpchi/r40_s1/graph.bin,ok,
gfd_robustness_benchmark_v4_factorial,yelpchi,r40_s1,1,1,heterophily_rewire_nonoracle,0.15,sage,train_on_variant,0.6101679382134407,0.2051591893291235,0.5497971770922985,0.300017386674881,1.0237961209995774,23,13,0.6037260553525152,roc_auc,early_stopping,45954,8051348,175.2045135498047,174.0,175.2045135498047,175.0,0.2294254302978515,0.1452974677085876,/kaggle/working/gfd-robustness-v4-factorial-r1/graphs/base/yelpchi/r40_s1/graph.bin,/kaggle/working/gfd-robustness-v4-factorial-r1/graphs/variants/yelpchi/r40_s1/heterophily_rewire_nonoracle/0.15/seed_1/graph.bin,/kaggle/working/gfd-robustness-v4-factorial-r1/graphs/variants/yelpchi/r40_s1/heterophily_rewire_nonoracle/0.15/seed_1/graph.bin,ok,
gfd_robustness_benchmark_v4_factorial,yelpchi,r40_s1,1,1,heterophily_rewire_nonoracle,0.15,secgfd,train_clean_eval_all,0.8060316564554191,0.4590895675209686,0.6800306745787736,0.679985523223877,0.2342536719988857,50,50,0.8115241848389704,roc_auc,max_epochs,45954,8051348,175.2045135498047,174.0,175.2045135498047,175.0,0.2294254302978515,0.1452974677085876,/kaggle/working/gfd-robustness-v4-factorial-r1/graphs/base/yelpchi/r40_s1/graph.bin,/kaggle/working/gfd-robustness-v4-factorial-r1/graphs/variants/yelpchi/r40_s1/heterophily_rewire_nonoracle/0.15/seed_1/graph.bin,/kaggle/working/gfd-robustness-v4-factorial-r1/graphs/base/yelpchi/r40_s1/graph.bin,ok,
gfd_robustness_benchmark_v4_factorial,yelpchi,r40_s1,1,1,heterophily_rewire_nonoracle,0.15,secgfd,train_on_variant,0.7905576480694415,0.435386347454509,0.6670767450689838,0.6457633376121521,4.958962030999828,50,50,0.7958006660992665,roc_auc,max_epochs,45954,8051348,175.2045135498047,174.0,175.2045135498047,175.0,0.2294254302978515,0.1452974677085876,/kaggle/working/gfd-robustness-v4-factorial-r1/graphs/base/yelpchi/r40_s1/graph.bin,/kaggle/working/gfd-robustness-v4-factorial-r1/graphs/variants/yelpchi/r40_s1/heterophily_rewire_nonoracle/0.15/seed_1/graph.bin,/kaggle/working/gfd-robustness-v4-factorial-r1/graphs/variants/yelpchi/r40_s1/heterophily_rewire_nonoracle/0.15/seed_1/graph.bin,ok,
gfd_robustness_benchmark_v4_factorial,yelpchi,r40_s1,1,2,heterophily_rewire_nonoracle,0.15,mlp,train_clean_eval_all,0.7900874636610181,0.4282571598298197,0.6631972481222677,0.6799353361129761,0.143577421998998,100,100,0.7945293081293195,roc_auc,max_epochs,45954,8051348,175.2045135498047,174.0,175.2045135498047,175.0,0.2294254302978515,0.1452974677085876,/kaggle/working/gfd-robustness-v4-factorial-r1/graphs/base/yelpchi/r40_s1/graph.bin,/kaggle/working/gfd-robustness-v4-factorial-r1/graphs/variants/yelpchi/r40_s1/heterophily_rewire_nonoracle/0.15/seed_1/graph.bin,/kaggle/working/gfd-robustness-v4-factorial-r1/graphs/base/yelpchi/r40_s1/graph.bin,ok,
gfd_robustness_benchmark_v4_factorial,yelpchi,r40_s1,1,2,heterophily_rewire_nonoracle,0.15,mlp,train_on_variant,0.7900874636610181,0.4282571598298197,0.6631972481222677,0.6799353361129761,2.015665837000597,100,100,0.7945293081293195,roc_auc,max_epochs,45954,8051348,175.2045135498047,174.0,175.2045135498047,175.0,0.2294254302978515,0.1452974677085876,/kaggle/working/gfd-robustness-v4-factorial-r1/graphs/base/yelpchi/r40_s1/graph.bin,/kaggle/working/gfd-robustness-v4-factorial-r1/graphs/variants/yelpchi/r40_s1/heterophily_rewire_nonoracle/0.15/seed_1/graph.bin,/kaggle/working/gfd-robustness-v4-factorial-r1/graphs/variants/yelpchi/r40_s1/heterophily_rewire_nonoracle/0.15/seed_1/graph.bin,ok,
gfd_robustness_benchmark_v4_factorial,yelpchi,r40_s1,1,2,heterophily_rewire_nonoracle,0.15,pmp,train_clean_eval_all,0.8253874046077905,0.5067155025933789,0.6939240712609642,0.3258445560932159,0.4350486490002367,86,76,0.8507594819016013,roc_auc,early_stopping,45954,8051348,175.2045135498047,174.0,175.2045135498047,175.0,0.2294254302978515,0.1452974677085876,/kaggle/working/gfd-robustness-v4-factorial-r1/graphs/base/yelpchi/r40_s1/graph.bin,/kaggle/working/gfd-robustness-v4-factorial-r1/graphs/variants/yelpchi/r40_s1/heterophily_rewire_nonoracle/0.15/seed_1/graph.bin,/kaggle/working/gfd-robustness-v4-factorial-r1/graphs/base/yelpchi/r40_s1/graph.bin,ok,
gfd_robustness_benchmark_v4_factorial,yelpchi,r40_s1,1,2,heterophily_rewire_nonoracle,0.15,pmp,train_on_variant,0.8313064354679135,0.5082310384518957,0.7028095831071304,0.313629686832428,31.66604683999958,72,62,0.8338050384187176,roc_auc,early_stopping,45954,8051348,175.2045135498047,174.0,175.2045135498047,175.0,0.2294254302978515,0.1452974677085876,/kaggle/working/gfd-robustness-v4-factorial-r1/graphs/base/yelpchi/r40_s1/graph.bin,/kaggle/working/gfd-robustness-v4-factorial-r1/graphs/variants/yelpchi/r40_s1/heterophily_rewire_nonoracle/0.15/seed_1/graph.bin,/kaggle/working/gfd-robustness-v4-factorial-r1/graphs/variants/yelpchi/r40_s1/heterophily_rewire_nonoracle/0.15/seed_1/graph.bin,ok,
gfd_robustness_benchmark_v4_factorial,yelpchi,r40_s1,1,2,heterophily_rewire_nonoracle,0.15,sage,train_clean_eval_all,0.7823753269936705,0.4251420422383811,0.6595786719405994,0.6474134922027588,0.2289897539994854,100,99,0.7896983004217357,roc_auc,max_epochs,45954,8051348,175.2045135498047,174.0,175.2045135498047,175.0,0.2294254302978515,0.1452974677085876,/kaggle/working/gfd-robustness-v4-factorial-r1/graphs/base/yelpchi/r40_s1/graph.bin,/kaggle/working/gfd-robustness-v4-factorial-r1/graphs/variants/yelpchi/r40_s1/heterophily_rewire_nonoracle/0.15/seed_1/graph.bin,/kaggle/working/gfd-robustness-v4-factorial-r1/graphs/base/yelpchi/r40_s1/graph.bin,ok,
gfd_robustness_benchmark_v4_factorial,yelpchi,r40_s1,1,2,heterophily_rewire_nonoracle,0.15,sage,train_on_variant,0.7790438646002292,0.4215964096618787,0.6524353680504718,0.6986372470855713,3.2963427770000635,100,100,0.7804086235299447,roc_auc,max_epochs,45954,8051348,175.2045135498047,174.0,175.2045135498047,175.0,0.2294254302978515,0.1452974677085876,/kaggle/working/gfd-robustness-v4-factorial-r1/graphs/base/yelpchi/r40_s1/graph.bin,/kaggle/working/gfd-robustness-v4-factorial-r1/graphs/variants/yelpchi/r40_s1/heterophily_rewire_nonoracle/0.15/seed_1/graph.bin,/kaggle/working/gfd-robustness-v4-factorial-r1/graphs/variants/yelpchi/r40_s1/heterophily_rewire_nonoracle/0.15/seed_1/graph.bin,ok,
gfd_robustness_benchmark_v4_factorial,yelpchi,r40_s1,1,2,heterophily_rewire_nonoracle,0.15,secgfd,train_clean_eval_all,0.7956128063374269,0.4486841691117457,0.6753938813820999,0.6409332752227783,0.2448569109983509,50,50,0.8095187349358813,roc_auc,max_epochs,45954,8051348,175.2045135498047,174.0,175.2045135498047,175.0,0.2294254302978515,0.1452974677085876,/kaggle/working/gfd-robustness-v4-factorial-r1/graphs/base/yelpchi/r40_s1/graph.bin,/kaggle/working/gfd-robustness-v4-factorial-r1/graphs/variants/yelpchi/r40_s1/heterophily_rewire_nonoracle/0.15/seed_1/graph.bin,/kaggle/working/gfd-robustness-v4-factorial-r1/graphs/base/yelpchi/r40_s1/graph.bin,ok,
gfd_robustness_benchmark_v4_factorial,yelpchi,r40_s1,1,2,heterophily_rewire_nonoracle,0.15,secgfd,train_on_variant,0.7978600779601692,0.4544635456980905,0.6748334217890971,0.6892820596694946,5.054944208000052,50,50,0.8046892053297477,roc_auc,max_epochs,45954,8051348,175.2045135498047,174.0,175.2045135498047,175.0,0.2294254302978515,0.1452974677085876,/kaggle/working/gfd-robustness-v4-factorial-r1/graphs/base/yelpchi/r40_s1/graph.bin,/kaggle/working/gfd-robustness-v4-factorial-r1/graphs/variants/yelpchi/r40_s1/heterophily_rewire_nonoracle/0.15/seed_1/graph.bin,/kaggle/working/gfd-robustness-v4-factorial-r1/graphs/variants/yelpchi/r40_s1/heterophily_rewire_nonoracle/0.15/seed_1/graph.bin,ok,
gfd_robustness_benchmark_v4_factorial,yelpchi,r40_s1,1,3,heterophily_rewire_nonoracle,0.15,mlp,train_clean_eval_all,0.7890011172283742,0.4222148286858138,0.6591169548062679,0.6908923387527466,0.1366949870007374,100,100,0.79316778597091,roc_auc,max_epochs,45954,8051348,175.2045135498047,174.0,175.2045135498047,175.0,0.2294254302978515,0.1452974677085876,/kaggle/working/gfd-robustness-v4-factorial-r1/graphs/base/yelpchi/r40_s1/graph.bin,/kaggle/working/gfd-robustness-v4-factorial-r1/graphs/variants/yelpchi/r40_s1/heterophily_rewire_nonoracle/0.15/seed_1/graph.bin,/kaggle/working/gfd-robustness-v4-factorial-r1/graphs/base/yelpchi/r40_s1/graph.bin,ok,
gfd_robustness_benchmark_v4_factorial,yelpchi,r40_s1,1,3,heterophily_rewire_nonoracle,0.15,mlp,train_on_variant,0.7890011172283742,0.4222148286858138,0.6591169548062679,0.6908923387527466,2.1355349299992668,100,100,0.79316778597091,roc_auc,max_epochs,45954,8051348,175.2045135498047,174.0,175.2045135498047,175.0,0.2294254302978515,0.1452974677085876,/kaggle/working/gfd-robustness-v4-factorial-r1/graphs/base/yelpchi/r40_s1/graph.bin,/kaggle/working/gfd-robustness-v4-factorial-r1/graphs/variants/yelpchi/r40_s1/heterophily_rewire_nonoracle/0.15/seed_1/graph.bin,/kaggle/working/gfd-robustness-v4-factorial-r1/graphs/variants/yelpchi/r40_s1/heterophily_rewire_nonoracle/0.15/seed_1/graph.bin,ok,
gfd_robustness_benchmark_v4_factorial,yelpchi,r40_s1,1,3,heterophily_rewire_nonoracle,0.15,pmp,train_clean_eval_all,0.8319206681151444,0.516959167090733,0.6991501230994142,0.2770633101463318,0.4402334240003256,100,100,0.854679931435165,roc_auc,max_epochs,45954,8051348,175.2045135498047,174.0,175.2045135498047,175.0,0.2294254302978515,0.1452974677085876,/kaggle/working/gfd-robustness-v4-factorial-r1/graphs/base/yelpchi/r40_s1/graph.bin,/kaggle/working/gfd-robustness-v4-factorial-r1/graphs/variants/yelpchi/r40_s1/heterophily_rewire_nonoracle/0.15/seed_1/graph.bin,/kaggle/working/gfd-robustness-v4-factorial-r1/graphs/base/yelpchi/r40_s1/graph.bin,ok,
gfd_robustness_benchmark_v4_factorial,yelpchi,r40_s1,1,3,heterophily_rewire_nonoracle,0.15,pmp,train_on_variant,0.8328909065461236,0.5096553451371941,0.7053402878875084,0.2613275945186615,30.97822186400026,70,60,0.8335949572900202,roc_auc,early_stopping,45954,8051348,175.2045135498047,174.0,175.2045135498047,175.0,0.2294254302978515,0.1452974677085876,/kaggle/working/gfd-robustness-v4-factorial-r1/graphs/base/yelpchi/r40_s1/graph.bin,/kaggle/working/gfd-robustness-v4-factorial-r1/graphs/variants/yelpchi/r40_s1/heterophily_rewire_nonoracle/0.15/seed_1/graph.bin,/kaggle/working/gfd-robustness-v4-factorial-r1/graphs/variants/yelpchi/r40_s1/heterophily_rewire_nonoracle/0.15/seed_1/graph.bin,ok,
gfd_robustness_benchmark_v4_factorial,yelpchi,r40_s1,1,3,heterophily_rewire_nonoracle,0.15,sage,train_clean_eval_all,0.7778180313570924,0.4213631656328841,0.6594430087237877,0.6763858795166016,0.213981192000574,100,100,0.7853451486087966,roc_auc,max_epochs,45954,8051348,175.2045135498047,174.0,175.2045135498047,175.0,0.2294254302978515,0.1452974677085876,/kaggle/working/gfd-robustness-v4-factorial-r1/graphs/base/yelpchi/r40_s1/graph.bin,/kaggle/working/gfd-robustness-v4-factorial-r1/graphs/variants/yelpchi/r40_s1/heterophily_rewire_nonoracle/0.15/seed_1/graph.bin,/kaggle/working/gfd-robustness-v4-factorial-r1/graphs/base/yelpchi/r40_s1/graph.bin,ok,
gfd_robustness_benchmark_v4_factorial,yelpchi,r40_s1,1,3,heterophily_rewire_nonoracle,0.15,sage,train_on_variant,0.7777986661287913,0.4206631370603957,0.659910406563748,0.7010850310325623,3.4888299730000654,100,100,0.7793789589874528,roc_auc,max_epochs,45954,8051348,175.2045135498047,174.0,175.2045135498047,175.0,0.2294254302978515,0.1452974677085876,/kaggle/working/gfd-robustness-v4-factorial-r1/graphs/base/yelpchi/r40_s1/graph.bin,/kaggle/working/gfd-robustness-v4-factorial-r1/graphs/variants/yelpchi/r40_s1/heterophily_rewire_nonoracle/0.15/seed_1/graph.bin,/kaggle/working/gfd-robustness-v4-factorial-r1/graphs/variants/yelpchi/r40_s1/heterophily_rewire_nonoracle/0.15/seed_1/graph.bin,ok,
gfd_robustness_benchmark_v4_factorial,yelpchi,r40_s1,1,3,heterophily_rewire_nonoracle,0.15,secgfd,train_clean_eval_all,0.7891108654318145,0.432547088447669,0.6629642804407277,0.6394457817077637,0.2158790749999752,50,50,0.8028998443225408,roc_auc,max_epochs,45954,8051348,175.2045135498047,174.0,175.2045135498047,175.0,0.2294254302978515,0.1452974677085876,/kaggle/working/gfd-robustness-v4-factorial-r1/graphs/base/yelpchi/r40_s1/graph.bin,/kaggle/working/gfd-robustness-v4-factorial-r1/graphs/variants/yelpchi/r40_s1/heterophily_rewire_nonoracle/0.15/seed_1/graph.bin,/kaggle/working/gfd-robustness-v4-factorial-r1/graphs/base/yelpchi/r40_s1/graph.bin,ok,
gfd_robustness_benchmark_v4_factorial,yelpchi,r40_s1,1,3,heterophily_rewire_nonoracle,0.15,secgfd,train_on_variant,0.7966933050904301,0.4451321039469231,0.674790006264542,0.6454140543937683,5.022058432999984,50,50,0.8053641255241896,roc_auc,max_epochs,45954,8051348,175.2045135498047,174.0,175.2045135498047,175.0,0.2294254302978515,0.1452974677085876,/kaggle/working/gfd-robustness-v4-factorial-r1/graphs/base/yelpchi/r40_s1/graph.bin,/kaggle/working/gfd-robustness-v4-factorial-r1/graphs/variants/yelpchi/r40_s1/heterophily_rewire_nonoracle/0.15/seed_1/graph.bin,/kaggle/working/gfd-robustness-v4-factorial-r1/graphs/variants/yelpchi/r40_s1/heterophily_rewire_nonoracle/0.15/seed_1/graph.bin,ok,
gfd_robustness_benchmark_v4_factorial,yelpchi,r40_s1,1,4,heterophily_rewire_nonoracle,0.15,mlp,train_clean_eval_all,0.7894763990031648,0.4290633283011688,0.6620706708330315,0.6857644319534302,0.1365045969996572,100,100,0.7918636713655989,roc_auc,max_epochs,45954,8051348,175.2045135498047,174.0,175.2045135498047,175.0,0.2294254302978515,0.1452974677085876,/kaggle/working/gfd-robustness-v4-factorial-r1/graphs/base/yelpchi/r40_s1/graph.bin,/kaggle/working/gfd-robustness-v4-factorial-r1/graphs/variants/yelpchi/r40_s1/heterophily_rewire_nonoracle/0.15/seed_1/graph.bin,/kaggle/working/gfd-robustness-v4-factorial-r1/graphs/base/yelpchi/r40_s1/graph.bin,ok,
gfd_robustness_benchmark_v4_factorial,yelpchi,r40_s1,1,4,heterophily_rewire_nonoracle,0.15,mlp,train_on_variant,0.7894763990031648,0.4290633283011688,0.6620706708330315,0.6857644319534302,2.098796608999692,100,100,0.7918636713655989,roc_auc,max_epochs,45954,8051348,175.2045135498047,174.0,175.2045135498047,175.0,0.2294254302978515,0.1452974677085876,/kaggle/working/gfd-robustness-v4-factorial-r1/graphs/base/yelpchi/r40_s1/graph.bin,/kaggle/working/gfd-robustness-v4-factorial-r1/graphs/variants/yelpchi/r40_s1/heterophily_rewire_nonoracle/0.15/seed_1/graph.bin,/kaggle/working/gfd-robustness-v4-factorial-r1/graphs/variants/yelpchi/r40_s1/heterophily_rewire_nonoracle/0.15/seed_1/graph.bin,ok,
gfd_robustness_benchmark_v4_factorial,yelpchi,r40_s1,1,4,heterophily_rewire_nonoracle,0.15,pmp,train_clean_eval_all,0.8296647381154189,0.5079191173446888,0.6974771794741487,0.3471680581569671,0.4315956610007561,73,63,0.8499933008627821,roc_auc,early_stopping,45954,8051348,175.2045135498047,174.0,175.2045135498047,175.0,0.2294254302978515,0.1452974677085876,/kaggle/working/gfd-robustness-v4-factorial-r1/graphs/base/yelpchi/r40_s1/graph.bin,/kaggle/working/gfd-robustness-v4-factorial-r1/graphs/variants/yelpchi/r40_s1/heterophily_rewire_nonoracle/0.15/seed_1/graph.bin,/kaggle/working/gfd-robustness-v4-factorial-r1/graphs/base/yelpchi/r40_s1/graph.bin,ok,
gfd_robustness_benchmark_v4_factorial,yelpchi,r40_s1,1,4,heterophily_rewire_nonoracle,0.15,pmp,train_on_variant,0.8282955712175445,0.4982551478861605,0.6994996417396826,0.325888991355896,25.54143002300043,57,47,0.8304600471562044,roc_auc,early_stopping,45954,8051348,175.2045135498047,174.0,175.2045135498047,175.0,0.2294254302978515,0.1452974677085876,/kaggle/working/gfd-robustness-v4-factorial-r1/graphs/base/yelpchi/r40_s1/graph.bin,/kaggle/working/gfd-robustness-v4-factorial-r1/graphs/variants/yelpchi/r40_s1/heterophily_rewire_nonoracle/0.15/seed_1/graph.bin,/kaggle/working/gfd-robustness-v4-factorial-r1/graphs/variants/yelpchi/r40_s1/heterophily_rewire_nonoracle/0.15/seed_1/graph.bin,ok,
gfd_robustness_benchmark_v4_factorial,yelpchi,r40_s1,1,4,heterophily_rewire_nonoracle,0.15,sage,train_clean_eval_all,0.7802125906664268,0.4211871457861573,0.6525438119832788,0.701765239238739,0.2184334169996873,100,100,0.7862607132554708,roc_auc,max_epochs,45954,8051348,175.2045135498047,174.0,175.2045135498047,175.0,0.2294254302978515,0.1452974677085876,/kaggle/working/gfd-robustness-v4-factorial-r1/graphs/base/yelpchi/r40_s1/graph.bin,/kaggle/working/gfd-robustness-v4-factorial-r1/graphs/variants/yelpchi/r40_s1/heterophily_rewire_nonoracle/0.15/seed_1/graph.bin,/kaggle/working/gfd-robustness-v4-factorial-r1/graphs/base/yelpchi/r40_s1/graph.bin,ok,
gfd_robustness_benchmark_v4_factorial,yelpchi,r40_s1,1,4,heterophily_rewire_nonoracle,0.15,sage,train_on_variant,0.7789452639082832,0.4136478766485165,0.6562051832883279,0.6890573501586914,3.446195905999957,100,100,0.7806596623730203,roc_auc,max_epochs,45954,8051348,175.2045135498047,174.0,175.2045135498047,175.0,0.2294254302978515,0.1452974677085876,/kaggle/working/gfd-robustness-v4-factorial-r1/graphs/base/yelpchi/r40_s1/graph.bin,/kaggle/working/gfd-robustness-v4-factorial-r1/graphs/variants/yelpchi/r40_s1/heterophily_rewire_nonoracle/0.15/seed_1/graph.bin,/kaggle/working/gfd-robustness-v4-factorial-r1/graphs/variants/yelpchi/r40_s1/heterophily_rewire_nonoracle/0.15/seed_1/graph.bin,ok,
gfd_robustness_benchmark_v4_factorial,yelpchi,r40_s1,1,4,heterophily_rewire_nonoracle,0.15,secgfd,train_clean_eval_all,0.7857143163393173,0.4258908097492114,0.6621914075885814,0.6209703087806702,0.2275525369987008,50,49,0.7930952636384659,roc_auc,max_epochs,45954,8051348,175.2045135498047,174.0,175.2045135498047,175.0,0.2294254302978515,0.1452974677085876,/kaggle/working/gfd-robustness-v4-factorial-r1/graphs/base/yelpchi/r40_s1/graph.bin,/kaggle/working/gfd-robustness-v4-factorial-r1/graphs/variants/yelpchi/r40_s1/heterophily_rewire_nonoracle/0.15/seed_1/graph.bin,/kaggle/working/gfd-robustness-v4-factorial-r1/graphs/base/yelpchi/r40_s1/graph.bin,ok,
gfd_robustness_benchmark_v4_factorial,yelpchi,r40_s1,1,4,heterophily_rewire_nonoracle,0.15,secgfd,train_on_variant,0.7816967579606571,0.4187504473234024,0.6603809841967212,0.6824796199798584,4.997689798000465,50,50,0.7837498003371025,roc_auc,max_epochs,45954,8051348,175.2045135498047,174.0,175.2045135498047,175.0,0.2294254302978515,0.1452974677085876,/kaggle/working/gfd-robustness-v4-factorial-r1/graphs/base/yelpchi/r40_s1/graph.bin,/kaggle/working/gfd-robustness-v4-factorial-r1/graphs/variants/yelpchi/r40_s1/heterophily_rewire_nonoracle/0.15/seed_1/graph.bin,/kaggle/working/gfd-robustness-v4-factorial-r1/graphs/variants/yelpchi/r40_s1/heterophily_rewire_nonoracle/0.15/seed_1/graph.bin,ok,
gfd_robustness_benchmark_v4_factorial,yelpchi,r40_s1,0,0,heterophily_rewire_nonoracle,0.3,mlp,train_clean_eval_all,0.7411298917567106,0.3289358495954787,0.62102968873229,0.4987255334854126,0.1832041939996997,16,6,0.7381013548468616,roc_auc,early_stopping,45954,8051348,175.2045135498047,171.0,175.2045135498047,175.0,0.2322233468294143,0.1452974677085876,/kaggle/working/gfd-robustness-v4-factorial-r1/graphs/base/yelpchi/r40_s1/graph.bin,/kaggle/working/gfd-robustness-v4-factorial-r1/graphs/variants/yelpchi/r40_s1/heterophily_rewire_nonoracle/0.30/seed_0/graph.bin,/kaggle/working/gfd-robustness-v4-factorial-r1/graphs/base/yelpchi/r40_s1/graph.bin,ok,
gfd_robustness_benchmark_v4_factorial,yelpchi,r40_s1,0,0,heterophily_rewire_nonoracle,0.3,mlp,train_on_variant,0.7411298917567106,0.3289358495954787,0.62102968873229,0.4987255334854126,0.4281562650003252,16,6,0.7381013548468616,roc_auc,early_stopping,45954,8051348,175.2045135498047,171.0,175.2045135498047,175.0,0.2322233468294143,0.1452974677085876,/kaggle/working/gfd-robustness-v4-factorial-r1/graphs/base/yelpchi/r40_s1/graph.bin,/kaggle/working/gfd-robustness-v4-factorial-r1/graphs/variants/yelpchi/r40_s1/heterophily_rewire_nonoracle/0.30/seed_0/graph.bin,/kaggle/working/gfd-robustness-v4-factorial-r1/graphs/variants/yelpchi/r40_s1/heterophily_rewire_nonoracle/0.30/seed_0/graph.bin,ok,
gfd_robustness_benchmark_v4_factorial,yelpchi,r40_s1,0,0,heterophily_rewire_nonoracle,0.3,pmp,train_clean_eval_all,0.810482145592979,0.4831542768805675,0.6820775089297981,0.2638531029224396,0.5403196019997267,52,42,0.8448072627229967,roc_auc,early_stopping,45954,8051348,175.2045135498047,171.0,175.2045135498047,175.0,0.2322233468294143,0.1452974677085876,/kaggle/working/gfd-robustness-v4-factorial-r1/graphs/base/yelpchi/r40_s1/graph.bin,/kaggle/working/gfd-robustness-v4-factorial-r1/graphs/variants/yelpchi/r40_s1/heterophily_rewire_nonoracle/0.30/seed_0/graph.bin,/kaggle/working/gfd-robustness-v4-factorial-r1/graphs/base/yelpchi/r40_s1/graph.bin,ok,
gfd_robustness_benchmark_v4_factorial,yelpchi,r40_s1,0,0,heterophily_rewire_nonoracle,0.3,pmp,train_on_variant,0.8284909385023232,0.499840825688051,0.6975261155819468,0.3346205651760101,31.79978758299967,72,62,0.8326454439906832,roc_auc,early_stopping,45954,8051348,175.2045135498047,171.0,175.2045135498047,175.0,0.2322233468294143,0.1452974677085876,/kaggle/working/gfd-robustness-v4-factorial-r1/graphs/base/yelpchi/r40_s1/graph.bin,/kaggle/working/gfd-robustness-v4-factorial-r1/graphs/variants/yelpchi/r40_s1/heterophily_rewire_nonoracle/0.30/seed_0/graph.bin,/kaggle/working/gfd-robustness-v4-factorial-r1/graphs/variants/yelpchi/r40_s1/heterophily_rewire_nonoracle/0.30/seed_0/graph.bin,ok,
gfd_robustness_benchmark_v4_factorial,yelpchi,r40_s1,0,0,heterophily_rewire_nonoracle,0.3,sage,train_clean_eval_all,0.7763036728858983,0.4169153914008577,0.6558599863156209,0.6340437531471252,0.1876771240004018,100,99,0.7847662096472344,roc_auc,max_epochs,45954,8051348,175.2045135498047,171.0,175.2045135498047,175.0,0.2322233468294143,0.1452974677085876,/kaggle/working/gfd-robustness-v4-factorial-r1/graphs/base/yelpchi/r40_s1/graph.bin,/kaggle/working/gfd-robustness-v4-factorial-r1/graphs/variants/yelpchi/r40_s1/heterophily_rewire_nonoracle/0.30/seed_0/graph.bin,/kaggle/working/gfd-robustness-v4-factorial-r1/graphs/base/yelpchi/r40_s1/graph.bin,ok,
gfd_robustness_benchmark_v4_factorial,yelpchi,r40_s1,0,0,heterophily_rewire_nonoracle,0.3,sage,train_on_variant,0.7734647494725416,0.4046401726839527,0.6499354000734673,0.6573866009712219,3.4363402409999253,100,100,0.7747483532281021,roc_auc,max_epochs,45954,8051348,175.2045135498047,171.0,175.2045135498047,175.0,0.2322233468294143,0.1452974677085876,/kaggle/working/gfd-robustness-v4-factorial-r1/graphs/base/yelpchi/r40_s1/graph.bin,/kaggle/working/gfd-robustness-v4-factorial-r1/graphs/variants/yelpchi/r40_s1/heterophily_rewire_nonoracle/0.30/seed_0/graph.bin,/kaggle/working/gfd-robustness-v4-factorial-r1/graphs/variants/yelpchi/r40_s1/heterophily_rewire_nonoracle/0.30/seed_0/graph.bin,ok,
gfd_robustness_benchmark_v4_factorial,yelpchi,r40_s1,0,0,heterophily_rewire_nonoracle,0.3,secgfd,train_clean_eval_all,0.8068956243254326,0.4669089486058005,0.6808128857283191,0.707516610622406,0.248162179999781,50,50,0.81031190324634,roc_auc,max_epochs,45954,8051348,175.2045135498047,171.0,175.2045135498047,175.0,0.2322233468294143,0.1452974677085876,/kaggle/working/gfd-robustness-v4-factorial-r1/graphs/base/yelpchi/r40_s1/graph.bin,/kaggle/working/gfd-robustness-v4-factorial-r1/graphs/variants/yelpchi/r40_s1/heterophily_rewire_nonoracle/0.30/seed_0/graph.bin,/kaggle/working/gfd-robustness-v4-factorial-r1/graphs/base/yelpchi/r40_s1/graph.bin,ok,
gfd_robustness_benchmark_v4_factorial,yelpchi,r40_s1,0,0,heterophily_rewire_nonoracle,0.3,secgfd,train_on_variant,0.8160663342675647,0.4757822894160732,0.6932582807438129,0.7617420554161072,4.975190127000133,50,50,0.8161259914603881,roc_auc,max_epochs,45954,8051348,175.2045135498047,171.0,175.2045135498047,175.0,0.2322233468294143,0.1452974677085876,/kaggle/working/gfd-robustness-v4-factorial-r1/graphs/base/yelpchi/r40_s1/graph.bin,/kaggle/working/gfd-robustness-v4-factorial-r1/graphs/variants/yelpchi/r40_s1/heterophily_rewire_nonoracle/0.30/seed_0/graph.bin,/kaggle/working/gfd-robustness-v4-factorial-r1/graphs/variants/yelpchi/r40_s1/heterophily_rewire_nonoracle/0.30/seed_0/graph.bin,ok,
gfd_robustness_benchmark_v4_factorial,yelpchi,r40_s1,0,1,heterophily_rewire_nonoracle,0.3,mlp,train_clean_eval_all,0.7890208397487103,0.4259466979825966,0.6592905529479388,0.7060688734054565,0.2147997289994236,100,100,0.7923067203551258,roc_auc,max_epochs,45954,8051348,175.2045135498047,171.0,175.2045135498047,175.0,0.2322233468294143,0.1452974677085876,/kaggle/working/gfd-robustness-v4-factorial-r1/graphs/base/yelpchi/r40_s1/graph.bin,/kaggle/working/gfd-robustness-v4-factorial-r1/graphs/variants/yelpchi/r40_s1/heterophily_rewire_nonoracle/0.30/seed_0/graph.bin,/kaggle/working/gfd-robustness-v4-factorial-r1/graphs/base/yelpchi/r40_s1/graph.bin,ok,
gfd_robustness_benchmark_v4_factorial,yelpchi,r40_s1,0,1,heterophily_rewire_nonoracle,0.3,mlp,train_on_variant,0.7890208397487103,0.4259466979825966,0.6592905529479388,0.7060688734054565,2.021714581999732,100,100,0.7923067203551258,roc_auc,max_epochs,45954,8051348,175.2045135498047,171.0,175.2045135498047,175.0,0.2322233468294143,0.1452974677085876,/kaggle/working/gfd-robustness-v4-factorial-r1/graphs/base/yelpchi/r40_s1/graph.bin,/kaggle/working/gfd-robustness-v4-factorial-r1/graphs/variants/yelpchi/r40_s1/heterophily_rewire_nonoracle/0.30/seed_0/graph.bin,/kaggle/working/gfd-robustness-v4-factorial-r1/graphs/variants/yelpchi/r40_s1/heterophily_rewire_nonoracle/0.30/seed_0/graph.bin,ok,
gfd_robustness_benchmark_v4_factorial,yelpchi,r40_s1,0,1,heterophily_rewire_nonoracle,0.3,pmp,train_clean_eval_all,0.8250863384293023,0.5004167194512535,0.6912915194691052,0.3995718955993652,0.542720081999505,73,63,0.8482169090037834,roc_auc,early_stopping,45954,8051348,175.2045135498047,171.0,175.2045135498047,175.0,0.2322233468294143,0.1452974677085876,/kaggle/working/gfd-robustness-v4-factorial-r1/graphs/base/yelpchi/r40_s1/graph.bin,/kaggle/working/gfd-robustness-v4-factorial-r1/graphs/variants/yelpchi/r40_s1/heterophily_rewire_nonoracle/0.30/seed_0/graph.bin,/kaggle/working/gfd-robustness-v4-factorial-r1/graphs/base/yelpchi/r40_s1/graph.bin,ok,
gfd_robustness_benchmark_v4_factorial,yelpchi,r40_s1,0,1,heterophily_rewire_nonoracle,0.3,pmp,train_on_variant,0.8321395094866275,0.5232625793094084,0.7046657581216067,0.3770204782485962,44.26907091300018,100,97,0.8373451390726582,roc_auc,max_epochs,45954,8051348,175.2045135498047,171.0,175.2045135498047,175.0,0.2322233468294143,0.1452974677085876,/kaggle/working/gfd-robustness-v4-factorial-r1/graphs/base/yelpchi/r40_s1/graph.bin,/kaggle/working/gfd-robustness-v4-factorial-r1/graphs/variants/yelpchi/r40_s1/heterophily_rewire_nonoracle/0.30/seed_0/graph.bin,/kaggle/working/gfd-robustness-v4-factorial-r1/graphs/variants/yelpchi/r40_s1/heterophily_rewire_nonoracle/0.30/seed_0/graph.bin,ok,
gfd_robustness_benchmark_v4_factorial,yelpchi,r40_s1,0,1,heterophily_rewire_nonoracle,0.3,sage,train_clean_eval_all,0.6111109271718782,0.2094301086666092,0.5556281953930872,0.2877165079116821,0.1869527910002943,23,13,0.6056249389091134,roc_auc,early_stopping,45954,8051348,175.2045135498047,171.0,175.2045135498047,175.0,0.2322233468294143,0.1452974677085876,/kaggle/working/gfd-robustness-v4-factorial-r1/graphs/base/yelpchi/r40_s1/graph.bin,/kaggle/working/gfd-robustness-v4-factorial-r1/graphs/variants/yelpchi/r40_s1/heterophily_rewire_nonoracle/0.30/seed_0/graph.bin,/kaggle/working/gfd-robustness-v4-factorial-r1/graphs/base/yelpchi/r40_s1/graph.bin,ok,
gfd_robustness_benchmark_v4_factorial,yelpchi,r40_s1,0,1,heterophily_rewire_nonoracle,0.3,sage,train_on_variant,0.6462660933860385,0.2298816047363312,0.5669571978742503,0.2856854796409607,1.0381851749998532,23,13,0.6452171736316238,roc_auc,early_stopping,45954,8051348,175.2045135498047,171.0,175.2045135498047,175.0,0.2322233468294143,0.1452974677085876,/kaggle/working/gfd-robustness-v4-factorial-r1/graphs/base/yelpchi/r40_s1/graph.bin,/kaggle/working/gfd-robustness-v4-factorial-r1/graphs/variants/yelpchi/r40_s1/heterophily_rewire_nonoracle/0.30/seed_0/graph.bin,/kaggle/working/gfd-robustness-v4-factorial-r1/graphs/variants/yelpchi/r40_s1/heterophily_rewire_nonoracle/0.30/seed_0/graph.bin,ok,
gfd_robustness_benchmark_v4_factorial,yelpchi,r40_s1,0,1,heterophily_rewire_nonoracle,0.3,secgfd,train_clean_eval_all,0.8036410511779395,0.4552636324059017,0.6742027116249789,0.679985523223877,0.2277249679991655,50,50,0.8115241848389704,roc_auc,max_epochs,45954,8051348,175.2045135498047,171.0,175.2045135498047,175.0,0.2322233468294143,0.1452974677085876,/kaggle/working/gfd-robustness-v4-factorial-r1/graphs/base/yelpchi/r40_s1/graph.bin,/kaggle/working/gfd-robustness-v4-factorial-r1/graphs/variants/yelpchi/r40_s1/heterophily_rewire_nonoracle/0.30/seed_0/graph.bin,/kaggle/working/gfd-robustness-v4-factorial-r1/graphs/base/yelpchi/r40_s1/graph.bin,ok,
gfd_robustness_benchmark_v4_factorial,yelpchi,r40_s1,0,1,heterophily_rewire_nonoracle,0.3,secgfd,train_on_variant,0.7932083143095174,0.4410069210045647,0.6683829199643279,0.704088568687439,5.126289603000259,50,50,0.7981717792288602,roc_auc,max_epochs,45954,8051348,175.2045135498047,171.0,175.2045135498047,175.0,0.2322233468294143,0.1452974677085876,/kaggle/working/gfd-robustness-v4-factorial-r1/graphs/base/yelpchi/r40_s1/graph.bin,/kaggle/working/gfd-robustness-v4-factorial-r1/graphs/variants/yelpchi/r40_s1/heterophily_rewire_nonoracle/0.30/seed_0/graph.bin,/kaggle/working/gfd-robustness-v4-factorial-r1/graphs/variants/yelpchi/r40_s1/heterophily_rewire_nonoracle/0.30/seed_0/graph.bin,ok,
gfd_robustness_benchmark_v4_factorial,yelpchi,r40_s1,0,2,heterophily_rewire_nonoracle,0.3,mlp,train_clean_eval_all,0.7900874636610181,0.4282571598298197,0.6631972481222677,0.6799353361129761,0.2017726109988871,100,100,0.7945293081293195,roc_auc,max_epochs,45954,8051348,175.2045135498047,171.0,175.2045135498047,175.0,0.2322233468294143,0.1452974677085876,/kaggle/working/gfd-robustness-v4-factorial-r1/graphs/base/yelpchi/r40_s1/graph.bin,/kaggle/working/gfd-robustness-v4-factorial-r1/graphs/variants/yelpchi/r40_s1/heterophily_rewire_nonoracle/0.30/seed_0/graph.bin,/kaggle/working/gfd-robustness-v4-factorial-r1/graphs/base/yelpchi/r40_s1/graph.bin,ok,
gfd_robustness_benchmark_v4_factorial,yelpchi,r40_s1,0,2,heterophily_rewire_nonoracle,0.3,mlp,train_on_variant,0.7900874636610181,0.4282571598298197,0.6631972481222677,0.6799353361129761,2.068544462999853,100,100,0.7945293081293195,roc_auc,max_epochs,45954,8051348,175.2045135498047,171.0,175.2045135498047,175.0,0.2322233468294143,0.1452974677085876,/kaggle/working/gfd-robustness-v4-factorial-r1/graphs/base/yelpchi/r40_s1/graph.bin,/kaggle/working/gfd-robustness-v4-factorial-r1/graphs/variants/yelpchi/r40_s1/heterophily_rewire_nonoracle/0.30/seed_0/graph.bin,/kaggle/working/gfd-robustness-v4-factorial-r1/graphs/variants/yelpchi/r40_s1/heterophily_rewire_nonoracle/0.30/seed_0/graph.bin,ok,
gfd_robustness_benchmark_v4_factorial,yelpchi,r40_s1,0,2,heterophily_rewire_nonoracle,0.3,pmp,train_clean_eval_all,0.8095001760735149,0.4796497164257036,0.681224481317683,0.3258445560932159,0.4418472699999256,86,76,0.8507594819016013,roc_auc,early_stopping,45954,8051348,175.2045135498047,171.0,175.2045135498047,175.0,0.2322233468294143,0.1452974677085876,/kaggle/working/gfd-robustness-v4-factorial-r1/graphs/base/yelpchi/r40_s1/graph.bin,/kaggle/working/gfd-robustness-v4-factorial-r1/graphs/variants/yelpchi/r40_s1/heterophily_rewire_nonoracle/0.30/seed_0/graph.bin,/kaggle/working/gfd-robustness-v4-factorial-r1/graphs/base/yelpchi/r40_s1/graph.bin,ok,
gfd_robustness_benchmark_v4_factorial,yelpchi,r40_s1,0,2,heterophily_rewire_nonoracle,0.3,pmp,train_on_variant,0.8293261920024513,0.5035704451181154,0.694863547760669,0.2824320197105407,35.711389746999885,80,70,0.8339902302262211,roc_auc,early_stopping,45954,8051348,175.2045135498047,171.0,175.2045135498047,175.0,0.2322233468294143,0.1452974677085876,/kaggle/working/gfd-robustness-v4-factorial-r1/graphs/base/yelpchi/r40_s1/graph.bin,/kaggle/working/gfd-robustness-v4-factorial-r1/graphs/variants/yelpchi/r40_s1/heterophily_rewire_nonoracle/0.30/seed_0/graph.bin,/kaggle/working/gfd-robustness-v4-factorial-r1/graphs/variants/yelpchi/r40_s1/heterophily_rewire_nonoracle/0.30/seed_0/graph.bin,ok,
gfd_robustness_benchmark_v4_factorial,yelpchi,r40_s1,0,2,heterophily_rewire_nonoracle,0.3,sage,train_clean_eval_all,0.780024071478987,0.4206706294174515,0.6574599394296601,0.6474134922027588,0.2328158109994547,100,99,0.7896983004217357,roc_auc,max_epochs,45954,8051348,175.2045135498047,171.0,175.2045135498047,175.0,0.2322233468294143,0.1452974677085876,/kaggle/working/gfd-robustness-v4-factorial-r1/graphs/base/yelpchi/r40_s1/graph.bin,/kaggle/working/gfd-robustness-v4-factorial-r1/graphs/variants/yelpchi/r40_s1/heterophily_rewire_nonoracle/0.30/seed_0/graph.bin,/kaggle/working/gfd-robustness-v4-factorial-r1/graphs/base/yelpchi/r40_s1/graph.bin,ok,
gfd_robustness_benchmark_v4_factorial,yelpchi,r40_s1,0,2,heterophily_rewire_nonoracle,0.3,sage,train_on_variant,0.7763987244769626,0.4143049036023944,0.6476529459568726,0.6987646222114563,3.270453277999877,100,100,0.7780603971324832,roc_auc,max_epochs,45954,8051348,175.2045135498047,171.0,175.2045135498047,175.0,0.2322233468294143,0.1452974677085876,/kaggle/working/gfd-robustness-v4-factorial-r1/graphs/base/yelpchi/r40_s1/graph.bin,/kaggle/working/gfd-robustness-v4-factorial-r1/graphs/variants/yelpchi/r40_s1/heterophily_rewire_nonoracle/0.30/seed_0/graph.bin,/kaggle/working/gfd-robustness-v4-factorial-r1/graphs/variants/yelpchi/r40_s1/heterophily_rewire_nonoracle/0.30/seed_0/graph.bin,ok,
gfd_robustness_benchmark_v4_factorial,yelpchi,r40_s1,0,2,heterophily_rewire_nonoracle,0.3,secgfd,train_clean_eval_all,0.7921123686308645,0.441951820772411,0.6767146707339068,0.6409332752227783,0.2154181869991589,50,50,0.8095187349358813,roc_auc,max_epochs,45954,8051348,175.2045135498047,171.0,175.2045135498047,175.0,0.2322233468294143,0.1452974677085876,/kaggle/working/gfd-robustness-v4-factorial-r1/graphs/base/yelpchi/r40_s1/graph.bin,/kaggle/working/gfd-robustness-v4-factorial-r1/graphs/variants/yelpchi/r40_s1/heterophily_rewire_nonoracle/0.30/seed_0/graph.bin,/kaggle/working/gfd-robustness-v4-factorial-r1/graphs/base/yelpchi/r40_s1/graph.bin,ok,
gfd_robustness_benchmark_v4_factorial,yelpchi,r40_s1,0,2,heterophily_rewire_nonoracle,0.3,secgfd,train_on_variant,0.8011600152863825,0.4578593904372993,0.6797307402690291,0.7274171710014343,5.169671302999632,50,50,0.8095472479896628,roc_auc,max_epochs,45954,8051348,175.2045135498047,171.0,175.2045135498047,175.0,0.2322233468294143,0.1452974677085876,/kaggle/working/gfd-robustness-v4-factorial-r1/graphs/base/yelpchi/r40_s1/graph.bin,/kaggle/working/gfd-robustness-v4-factorial-r1/graphs/variants/yelpchi/r40_s1/heterophily_rewire_nonoracle/0.30/seed_0/graph.bin,/kaggle/working/gfd-robustness-v4-factorial-r1/graphs/variants/yelpchi/r40_s1/heterophily_rewire_nonoracle/0.30/seed_0/graph.bin,ok,
gfd_robustness_benchmark_v4_factorial,yelpchi,r40_s1,0,3,heterophily_rewire_nonoracle,0.3,mlp,train_clean_eval_all,0.7890011172283742,0.4222148286858138,0.6591169548062679,0.6908923387527466,0.1360425920011039,100,100,0.79316778597091,roc_auc,max_epochs,45954,8051348,175.2045135498047,171.0,175.2045135498047,175.0,0.2322233468294143,0.1452974677085876,/kaggle/working/gfd-robustness-v4-factorial-r1/graphs/base/yelpchi/r40_s1/graph.bin,/kaggle/working/gfd-robustness-v4-factorial-r1/graphs/variants/yelpchi/r40_s1/heterophily_rewire_nonoracle/0.30/seed_0/graph.bin,/kaggle/working/gfd-robustness-v4-factorial-r1/graphs/base/yelpchi/r40_s1/graph.bin,ok,
gfd_robustness_benchmark_v4_factorial,yelpchi,r40_s1,0,3,heterophily_rewire_nonoracle,0.3,mlp,train_on_variant,0.7890011172283742,0.4222148286858138,0.6591169548062679,0.6908923387527466,2.052282104000369,100,100,0.79316778597091,roc_auc,max_epochs,45954,8051348,175.2045135498047,171.0,175.2045135498047,175.0,0.2322233468294143,0.1452974677085876,/kaggle/working/gfd-robustness-v4-factorial-r1/graphs/base/yelpchi/r40_s1/graph.bin,/kaggle/working/gfd-robustness-v4-factorial-r1/graphs/variants/yelpchi/r40_s1/heterophily_rewire_nonoracle/0.30/seed_0/graph.bin,/kaggle/working/gfd-robustness-v4-factorial-r1/graphs/variants/yelpchi/r40_s1/heterophily_rewire_nonoracle/0.30/seed_0/graph.bin,ok,
gfd_robustness_benchmark_v4_factorial,yelpchi,r40_s1,0,3,heterophily_rewire_nonoracle,0.3,pmp,train_clean_eval_all,0.8161024803117797,0.4894055125135795,0.6868992587254966,0.2770633101463318,0.4549894760002644,100,100,0.854679931435165,roc_auc,max_epochs,45954,8051348,175.2045135498047,171.0,175.2045135498047,175.0,0.2322233468294143,0.1452974677085876,/kaggle/working/gfd-robustness-v4-factorial-r1/graphs/base/yelpchi/r40_s1/graph.bin,/kaggle/working/gfd-robustness-v4-factorial-r1/graphs/variants/yelpchi/r40_s1/heterophily_rewire_nonoracle/0.30/seed_0/graph.bin,/kaggle/working/gfd-robustness-v4-factorial-r1/graphs/base/yelpchi/r40_s1/graph.bin,ok,
gfd_robustness_benchmark_v4_factorial,yelpchi,r40_s1,0,3,heterophily_rewire_nonoracle,0.3,pmp,train_on_variant,0.8324983378774529,0.5210763869999439,0.7073235324590434,0.2853257358074188,42.040611774000354,96,86,0.8397966895295584,roc_auc,early_stopping,45954,8051348,175.2045135498047,171.0,175.2045135498047,175.0,0.2322233468294143,0.1452974677085876,/kaggle/working/gfd-robustness-v4-factorial-r1/graphs/base/yelpchi/r40_s1/graph.bin,/kaggle/working/gfd-robustness-v4-factorial-r1/graphs/variants/yelpchi/r40_s1/heterophily_rewire_nonoracle/0.30/seed_0/graph.bin,/kaggle/working/gfd-robustness-v4-factorial-r1/graphs/variants/yelpchi/r40_s1/heterophily_rewire_nonoracle/0.30/seed_0/graph.bin,ok,
gfd_robustness_benchmark_v4_factorial,yelpchi,r40_s1,0,3,heterophily_rewire_nonoracle,0.3,sage,train_clean_eval_all,0.7758594874278937,0.4172761489167702,0.6574416787880338,0.6763858795166016,0.1852951370001392,100,100,0.7853451486087966,roc_auc,max_epochs,45954,8051348,175.2045135498047,171.0,175.2045135498047,175.0,0.2322233468294143,0.1452974677085876,/kaggle/working/gfd-robustness-v4-factorial-r1/graphs/base/yelpchi/r40_s1/graph.bin,/kaggle/working/gfd-robustness-v4-factorial-r1/graphs/variants/yelpchi/r40_s1/heterophily_rewire_nonoracle/0.30/seed_0/graph.bin,/kaggle/working/gfd-robustness-v4-factorial-r1/graphs/base/yelpchi/r40_s1/graph.bin,ok,
gfd_robustness_benchmark_v4_factorial,yelpchi,r40_s1,0,3,heterophily_rewire_nonoracle,0.3,sage,train_on_variant,0.7753499770761431,0.4183060558827459,0.6597044714324102,0.6806356310844421,3.131697062000057,100,100,0.7770720717499052,roc_auc,max_epochs,45954,8051348,175.2045135498047,171.0,175.2045135498047,175.0,0.2322233468294143,0.1452974677085876,/kaggle/working/gfd-robustness-v4-factorial-r1/graphs/base/yelpchi/r40_s1/graph.bin,/kaggle/working/gfd-robustness-v4-factorial-r1/graphs/variants/yelpchi/r40_s1/heterophily_rewire_nonoracle/0.30/seed_0/graph.bin,/kaggle/working/gfd-robustness-v4-factorial-r1/graphs/variants/yelpchi/r40_s1/heterophily_rewire_nonoracle/0.30/seed_0/graph.bin,ok,
gfd_robustness_benchmark_v4_factorial,yelpchi,r40_s1,0,3,heterophily_rewire_nonoracle,0.3,secgfd,train_clean_eval_all,0.7843347165140188,0.4256785917159379,0.659154578810916,0.6394457817077637,0.2274084769996989,50,50,0.8028998443225408,roc_auc,max_epochs,45954,8051348,175.2045135498047,171.0,175.2045135498047,175.0,0.2322233468294143,0.1452974677085876,/kaggle/working/gfd-robustness-v4-factorial-r1/graphs/base/yelpchi/r40_s1/graph.bin,/kaggle/working/gfd-robustness-v4-factorial-r1/graphs/variants/yelpchi/r40_s1/heterophily_rewire_nonoracle/0.30/seed_0/graph.bin,/kaggle/working/gfd-robustness-v4-factorial-r1/graphs/base/yelpchi/r40_s1/graph.bin,ok,
gfd_robustness_benchmark_v4_factorial,yelpchi,r40_s1,0,3,heterophily_rewire_nonoracle,0.3,secgfd,train_on_variant,0.8057569465193849,0.4583951788867855,0.6819686960918276,0.7360172271728516,5.114551095000024,50,50,0.8106106227813578,roc_auc,max_epochs,45954,8051348,175.2045135498047,171.0,175.2045135498047,175.0,0.2322233468294143,0.1452974677085876,/kaggle/working/gfd-robustness-v4-factorial-r1/graphs/base/yelpchi/r40_s1/graph.bin,/kaggle/working/gfd-robustness-v4-factorial-r1/graphs/variants/yelpchi/r40_s1/heterophily_rewire_nonoracle/0.30/seed_0/graph.bin,/kaggle/working/gfd-robustness-v4-factorial-r1/graphs/variants/yelpchi/r40_s1/heterophily_rewire_nonoracle/0.30/seed_0/graph.bin,ok,
gfd_robustness_benchmark_v4_factorial,yelpchi,r40_s1,0,4,heterophily_rewire_nonoracle,0.3,mlp,train_clean_eval_all,0.7894763990031648,0.4290633283011688,0.6620706708330315,0.6857644319534302,0.132497136000893,100,100,0.7918636713655989,roc_auc,max_epochs,45954,8051348,175.2045135498047,171.0,175.2045135498047,175.0,0.2322233468294143,0.1452974677085876,/kaggle/working/gfd-robustness-v4-factorial-r1/graphs/base/yelpchi/r40_s1/graph.bin,/kaggle/working/gfd-robustness-v4-factorial-r1/graphs/variants/yelpchi/r40_s1/heterophily_rewire_nonoracle/0.30/seed_0/graph.bin,/kaggle/working/gfd-robustness-v4-factorial-r1/graphs/base/yelpchi/r40_s1/graph.bin,ok,
gfd_robustness_benchmark_v4_factorial,yelpchi,r40_s1,0,4,heterophily_rewire_nonoracle,0.3,mlp,train_on_variant,0.7894763990031648,0.4290633283011688,0.6620706708330315,0.6857644319534302,2.0219457559996954,100,100,0.7918636713655989,roc_auc,max_epochs,45954,8051348,175.2045135498047,171.0,175.2045135498047,175.0,0.2322233468294143,0.1452974677085876,/kaggle/working/gfd-robustness-v4-factorial-r1/graphs/base/yelpchi/r40_s1/graph.bin,/kaggle/working/gfd-robustness-v4-factorial-r1/graphs/variants/yelpchi/r40_s1/heterophily_rewire_nonoracle/0.30/seed_0/graph.bin,/kaggle/working/gfd-robustness-v4-factorial-r1/graphs/variants/yelpchi/r40_s1/heterophily_rewire_nonoracle/0.30/seed_0/graph.bin,ok,
gfd_robustness_benchmark_v4_factorial,yelpchi,r40_s1,0,4,heterophily_rewire_nonoracle,0.3,pmp,train_clean_eval_all,0.819396165027379,0.4932675847834566,0.6904796212740187,0.3471680581569671,0.4528685700006463,73,63,0.8499933008627821,roc_auc,early_stopping,45954,8051348,175.2045135498047,171.0,175.2045135498047,175.0,0.2322233468294143,0.1452974677085876,/kaggle/working/gfd-robustness-v4-factorial-r1/graphs/base/yelpchi/r40_s1/graph.bin,/kaggle/working/gfd-robustness-v4-factorial-r1/graphs/variants/yelpchi/r40_s1/heterophily_rewire_nonoracle/0.30/seed_0/graph.bin,/kaggle/working/gfd-robustness-v4-factorial-r1/graphs/base/yelpchi/r40_s1/graph.bin,ok,
gfd_robustness_benchmark_v4_factorial,yelpchi,r40_s1,0,4,heterophily_rewire_nonoracle,0.3,pmp,train_on_variant,0.8368889925088723,0.5296627017323207,0.7118373395480662,0.4323651194572449,43.88728832599918,100,98,0.8446302719945071,roc_auc,max_epochs,45954,8051348,175.2045135498047,171.0,175.2045135498047,175.0,0.2322233468294143,0.1452974677085876,/kaggle/working/gfd-robustness-v4-factorial-r1/graphs/base/yelpchi/r40_s1/graph.bin,/kaggle/working/gfd-robustness-v4-factorial-r1/graphs/variants/yelpchi/r40_s1/heterophily_rewire_nonoracle/0.30/seed_0/graph.bin,/kaggle/working/gfd-robustness-v4-factorial-r1/graphs/variants/yelpchi/r40_s1/heterophily_rewire_nonoracle/0.30/seed_0/graph.bin,ok,
gfd_robustness_benchmark_v4_factorial,yelpchi,r40_s1,0,4,heterophily_rewire_nonoracle,0.3,sage,train_clean_eval_all,0.7785645096962389,0.4180356245268262,0.6533330158145083,0.701765239238739,0.221278742999857,100,100,0.7862607132554708,roc_auc,max_epochs,45954,8051348,175.2045135498047,171.0,175.2045135498047,175.0,0.2322233468294143,0.1452974677085876,/kaggle/working/gfd-robustness-v4-factorial-r1/graphs/base/yelpchi/r40_s1/graph.bin,/kaggle/working/gfd-robustness-v4-factorial-r1/graphs/variants/yelpchi/r40_s1/heterophily_rewire_nonoracle/0.30/seed_0/graph.bin,/kaggle/working/gfd-robustness-v4-factorial-r1/graphs/base/yelpchi/r40_s1/graph.bin,ok,
gfd_robustness_benchmark_v4_factorial,yelpchi,r40_s1,0,4,heterophily_rewire_nonoracle,0.3,sage,train_on_variant,0.7787284710111345,0.4145407151803983,0.6536705763743672,0.6972903609275818,3.4539392950000547,100,100,0.7806986651790291,roc_auc,max_epochs,45954,8051348,175.2045135498047,171.0,175.2045135498047,175.0,0.2322233468294143,0.1452974677085876,/kaggle/working/gfd-robustness-v4-factorial-r1/graphs/base/yelpchi/r40_s1/graph.bin,/kaggle/working/gfd-robustness-v4-factorial-r1/graphs/variants/yelpchi/r40_s1/heterophily_rewire_nonoracle/0.30/seed_0/graph.bin,/kaggle/working/gfd-robustness-v4-factorial-r1/graphs/variants/yelpchi/r40_s1/heterophily_rewire_nonoracle/0.30/seed_0/graph.bin,ok,
gfd_robustness_benchmark_v4_factorial,yelpchi,r40_s1,0,4,heterophily_rewire_nonoracle,0.3,secgfd,train_clean_eval_all,0.7833336437804127,0.4218058492758352,0.658503889049451,0.6209703087806702,0.2358329979997506,50,49,0.7930952636384659,roc_auc,max_epochs,45954,8051348,175.2045135498047,171.0,175.2045135498047,175.0,0.2322233468294143,0.1452974677085876,/kaggle/working/gfd-robustness-v4-factorial-r1/graphs/base/yelpchi/r40_s1/graph.bin,/kaggle/working/gfd-robustness-v4-factorial-r1/graphs/variants/yelpchi/r40_s1/heterophily_rewire_nonoracle/0.30/seed_0/graph.bin,/kaggle/working/gfd-robustness-v4-factorial-r1/graphs/base/yelpchi/r40_s1/graph.bin,ok,
gfd_robustness_benchmark_v4_factorial,yelpchi,r40_s1,0,4,heterophily_rewire_nonoracle,0.3,secgfd,train_on_variant,0.7910580236548288,0.4361242618510621,0.6687666453207622,0.6863827109336853,5.164755392000188,50,50,0.7959362699871501,roc_auc,max_epochs,45954,8051348,175.2045135498047,171.0,175.2045135498047,175.0,0.2322233468294143,0.1452974677085876,/kaggle/working/gfd-robustness-v4-factorial-r1/graphs/base/yelpchi/r40_s1/graph.bin,/kaggle/working/gfd-robustness-v4-factorial-r1/graphs/variants/yelpchi/r40_s1/heterophily_rewire_nonoracle/0.30/seed_0/graph.bin,/kaggle/working/gfd-robustness-v4-factorial-r1/graphs/variants/yelpchi/r40_s1/heterophily_rewire_nonoracle/0.30/seed_0/graph.bin,ok,
gfd_robustness_benchmark_v4_factorial,yelpchi,r40_s1,1,0,heterophily_rewire_nonoracle,0.3,mlp,train_clean_eval_all,0.7411298917567106,0.3289358495954787,0.62102968873229,0.4987255334854126,0.1750431870004831,16,6,0.7381013548468616,roc_auc,early_stopping,45954,8051348,175.2045135498047,173.0,175.2045135498047,175.0,0.2319838851690292,0.1452974677085876,/kaggle/working/gfd-robustness-v4-factorial-r1/graphs/base/yelpchi/r40_s1/graph.bin,/kaggle/working/gfd-robustness-v4-factorial-r1/graphs/variants/yelpchi/r40_s1/heterophily_rewire_nonoracle/0.30/seed_1/graph.bin,/kaggle/working/gfd-robustness-v4-factorial-r1/graphs/base/yelpchi/r40_s1/graph.bin,ok,
gfd_robustness_benchmark_v4_factorial,yelpchi,r40_s1,1,0,heterophily_rewire_nonoracle,0.3,mlp,train_on_variant,0.7411298917567106,0.3289358495954787,0.62102968873229,0.4987255334854126,0.5153125939996244,16,6,0.7381013548468616,roc_auc,early_stopping,45954,8051348,175.2045135498047,173.0,175.2045135498047,175.0,0.2319838851690292,0.1452974677085876,/kaggle/working/gfd-robustness-v4-factorial-r1/graphs/base/yelpchi/r40_s1/graph.bin,/kaggle/working/gfd-robustness-v4-factorial-r1/graphs/variants/yelpchi/r40_s1/heterophily_rewire_nonoracle/0.30/seed_1/graph.bin,/kaggle/working/gfd-robustness-v4-factorial-r1/graphs/variants/yelpchi/r40_s1/heterophily_rewire_nonoracle/0.30/seed_1/graph.bin,ok,
gfd_robustness_benchmark_v4_factorial,yelpchi,r40_s1,1,0,heterophily_rewire_nonoracle,0.3,pmp,train_clean_eval_all,0.8108014693944595,0.4806172992039695,0.6801868899556782,0.2638531029224396,0.5200097440010722,52,42,0.8448072627229967,roc_auc,early_stopping,45954,8051348,175.2045135498047,173.0,175.2045135498047,175.0,0.2319838851690292,0.1452974677085876,/kaggle/working/gfd-robustness-v4-factorial-r1/graphs/base/yelpchi/r40_s1/graph.bin,/kaggle/working/gfd-robustness-v4-factorial-r1/graphs/variants/yelpchi/r40_s1/heterophily_rewire_nonoracle/0.30/seed_1/graph.bin,/kaggle/working/gfd-robustness-v4-factorial-r1/graphs/base/yelpchi/r40_s1/graph.bin,ok,
gfd_robustness_benchmark_v4_factorial,yelpchi,r40_s1,1,0,heterophily_rewire_nonoracle,0.3,pmp,train_on_variant,0.8276672969933351,0.5008366695070757,0.6973784390684326,0.3789968192577362,36.43066866299978,82,72,0.8316744266992803,roc_auc,early_stopping,45954,8051348,175.2045135498047,173.0,175.2045135498047,175.0,0.2319838851690292,0.1452974677085876,/kaggle/working/gfd-robustness-v4-factorial-r1/graphs/base/yelpchi/r40_s1/graph.bin,/kaggle/working/gfd-robustness-v4-factorial-r1/graphs/variants/yelpchi/r40_s1/heterophily_rewire_nonoracle/0.30/seed_1/graph.bin,/kaggle/working/gfd-robustness-v4-factorial-r1/graphs/variants/yelpchi/r40_s1/heterophily_rewire_nonoracle/0.30/seed_1/graph.bin,ok,
gfd_robustness_benchmark_v4_factorial,yelpchi,r40_s1,1,0,heterophily_rewire_nonoracle,0.3,sage,train_clean_eval_all,0.7765216567564972,0.4170070104833081,0.6554616420260866,0.6340437531471252,0.1753260200002842,100,99,0.7847662096472344,roc_auc,max_epochs,45954,8051348,175.2045135498047,173.0,175.2045135498047,175.0,0.2319838851690292,0.1452974677085876,/kaggle/working/gfd-robustness-v4-factorial-r1/graphs/base/yelpchi/r40_s1/graph.bin,/kaggle/working/gfd-robustness-v4-factorial-r1/graphs/variants/yelpchi/r40_s1/heterophily_rewire_nonoracle/0.30/seed_1/graph.bin,/kaggle/working/gfd-robustness-v4-factorial-r1/graphs/base/yelpchi/r40_s1/graph.bin,ok,
gfd_robustness_benchmark_v4_factorial,yelpchi,r40_s1,1,0,heterophily_rewire_nonoracle,0.3,sage,train_on_variant,0.7742498749001487,0.4090542557194425,0.6510349287178664,0.6562224626541138,3.477964695999617,100,100,0.7754983705123529,roc_auc,max_epochs,45954,8051348,175.2045135498047,173.0,175.2045135498047,175.0,0.2319838851690292,0.1452974677085876,/kaggle/working/gfd-robustness-v4-factorial-r1/graphs/base/yelpchi/r40_s1/graph.bin,/kaggle/working/gfd-robustness-v4-factorial-r1/graphs/variants/yelpchi/r40_s1/heterophily_rewire_nonoracle/0.30/seed_1/graph.bin,/kaggle/working/gfd-robustness-v4-factorial-r1/graphs/variants/yelpchi/r40_s1/heterophily_rewire_nonoracle/0.30/seed_1/graph.bin,ok,
gfd_robustness_benchmark_v4_factorial,yelpchi,r40_s1,1,0,heterophily_rewire_nonoracle,0.3,secgfd,train_clean_eval_all,0.8083821735665634,0.4687785776473092,0.6826643938031766,0.707516610622406,0.2547515049991489,50,50,0.81031190324634,roc_auc,max_epochs,45954,8051348,175.2045135498047,173.0,175.2045135498047,175.0,0.2319838851690292,0.1452974677085876,/kaggle/working/gfd-robustness-v4-factorial-r1/graphs/base/yelpchi/r40_s1/graph.bin,/kaggle/working/gfd-robustness-v4-factorial-r1/graphs/variants/yelpchi/r40_s1/heterophily_rewire_nonoracle/0.30/seed_1/graph.bin,/kaggle/working/gfd-robustness-v4-factorial-r1/graphs/base/yelpchi/r40_s1/graph.bin,ok,
gfd_robustness_benchmark_v4_factorial,yelpchi,r40_s1,1,0,heterophily_rewire_nonoracle,0.3,secgfd,train_on_variant,0.8195080450732953,0.480553041971159,0.7009666550327213,0.7183080315589905,5.0906261910004105,50,50,0.8182022948717032,roc_auc,max_epochs,45954,8051348,175.2045135498047,173.0,175.2045135498047,175.0,0.2319838851690292,0.1452974677085876,/kaggle/working/gfd-robustness-v4-factorial-r1/graphs/base/yelpchi/r40_s1/graph.bin,/kaggle/working/gfd-robustness-v4-factorial-r1/graphs/variants/yelpchi/r40_s1/heterophily_rewire_nonoracle/0.30/seed_1/graph.bin,/kaggle/working/gfd-robustness-v4-factorial-r1/graphs/variants/yelpchi/r40_s1/heterophily_rewire_nonoracle/0.30/seed_1/graph.bin,ok,
gfd_robustness_benchmark_v4_factorial,yelpchi,r40_s1,1,1,heterophily_rewire_nonoracle,0.3,mlp,train_clean_eval_all,0.7890208397487103,0.4259466979825966,0.6592905529479388,0.7060688734054565,0.2046085849997325,100,100,0.7923067203551258,roc_auc,max_epochs,45954,8051348,175.2045135498047,173.0,175.2045135498047,175.0,0.2319838851690292,0.1452974677085876,/kaggle/working/gfd-robustness-v4-factorial-r1/graphs/base/yelpchi/r40_s1/graph.bin,/kaggle/working/gfd-robustness-v4-factorial-r1/graphs/variants/yelpchi/r40_s1/heterophily_rewire_nonoracle/0.30/seed_1/graph.bin,/kaggle/working/gfd-robustness-v4-factorial-r1/graphs/base/yelpchi/r40_s1/graph.bin,ok,
gfd_robustness_benchmark_v4_factorial,yelpchi,r40_s1,1,1,heterophily_rewire_nonoracle,0.3,mlp,train_on_variant,0.7890208397487103,0.4259466979825966,0.6592905529479388,0.7060688734054565,2.012002794999717,100,100,0.7923067203551258,roc_auc,max_epochs,45954,8051348,175.2045135498047,173.0,175.2045135498047,175.0,0.2319838851690292,0.1452974677085876,/kaggle/working/gfd-robustness-v4-factorial-r1/graphs/base/yelpchi/r40_s1/graph.bin,/kaggle/working/gfd-robustness-v4-factorial-r1/graphs/variants/yelpchi/r40_s1/heterophily_rewire_nonoracle/0.30/seed_1/graph.bin,/kaggle/working/gfd-robustness-v4-factorial-r1/graphs/variants/yelpchi/r40_s1/heterophily_rewire_nonoracle/0.30/seed_1/graph.bin,ok,
gfd_robustness_benchmark_v4_factorial,yelpchi,r40_s1,1,1,heterophily_rewire_nonoracle,0.3,pmp,train_clean_eval_all,0.8247639776455237,0.4991524825332807,0.6924290810805345,0.3995718955993652,0.6395958269986295,73,63,0.8482169090037834,roc_auc,early_stopping,45954,8051348,175.2045135498047,173.0,175.2045135498047,175.0,0.2319838851690292,0.1452974677085876,/kaggle/working/gfd-robustness-v4-factorial-r1/graphs/base/yelpchi/r40_s1/graph.bin,/kaggle/working/gfd-robustness-v4-factorial-r1/graphs/variants/yelpchi/r40_s1/heterophily_rewire_nonoracle/0.30/seed_1/graph.bin,/kaggle/working/gfd-robustness-v4-factorial-r1/graphs/base/yelpchi/r40_s1/graph.bin,ok,
gfd_robustness_benchmark_v4_factorial,yelpchi,r40_s1,1,1,heterophily_rewire_nonoracle,0.3,pmp,train_on_variant,0.8263847019555594,0.4905338892950512,0.6969576348318789,0.4541609287261963,28.92894350999996,66,56,0.8299691267519674,roc_auc,early_stopping,45954,8051348,175.2045135498047,173.0,175.2045135498047,175.0,0.2319838851690292,0.1452974677085876,/kaggle/working/gfd-robustness-v4-factorial-r1/graphs/base/yelpchi/r40_s1/graph.bin,/kaggle/working/gfd-robustness-v4-factorial-r1/graphs/variants/yelpchi/r40_s1/heterophily_rewire_nonoracle/0.30/seed_1/graph.bin,/kaggle/working/gfd-robustness-v4-factorial-r1/graphs/variants/yelpchi/r40_s1/heterophily_rewire_nonoracle/0.30/seed_1/graph.bin,ok,
gfd_robustness_benchmark_v4_factorial,yelpchi,r40_s1,1,1,heterophily_rewire_nonoracle,0.3,sage,train_clean_eval_all,0.6119148580702648,0.2108956139229243,0.5545474686365177,0.2877165079116821,0.1873638159995607,23,13,0.6056249389091134,roc_auc,early_stopping,45954,8051348,175.2045135498047,173.0,175.2045135498047,175.0,0.2319838851690292,0.1452974677085876,/kaggle/working/gfd-robustness-v4-factorial-r1/graphs/base/yelpchi/r40_s1/graph.bin,/kaggle/working/gfd-robustness-v4-factorial-r1/graphs/variants/yelpchi/r40_s1/heterophily_rewire_nonoracle/0.30/seed_1/graph.bin,/kaggle/working/gfd-robustness-v4-factorial-r1/graphs/base/yelpchi/r40_s1/graph.bin,ok,
gfd_robustness_benchmark_v4_factorial,yelpchi,r40_s1,1,1,heterophily_rewire_nonoracle,0.3,sage,train_on_variant,0.6410018359093931,0.2263867848806526,0.5632432495134465,0.2869251072406769,1.028754261999893,23,13,0.6380291662792611,roc_auc,early_stopping,45954,8051348,175.2045135498047,173.0,175.2045135498047,175.0,0.2319838851690292,0.1452974677085876,/kaggle/working/gfd-robustness-v4-factorial-r1/graphs/base/yelpchi/r40_s1/graph.bin,/kaggle/working/gfd-robustness-v4-factorial-r1/graphs/variants/yelpchi/r40_s1/heterophily_rewire_nonoracle/0.30/seed_1/graph.bin,/kaggle/working/gfd-robustness-v4-factorial-r1/graphs/variants/yelpchi/r40_s1/heterophily_rewire_nonoracle/0.30/seed_1/graph.bin,ok,
gfd_robustness_benchmark_v4_factorial,yelpchi,r40_s1,1,1,heterophily_rewire_nonoracle,0.3,secgfd,train_clean_eval_all,0.8049213238174873,0.4553501621875939,0.6761919882097216,0.679985523223877,0.2294965849996515,50,50,0.8115241848389704,roc_auc,max_epochs,45954,8051348,175.2045135498047,173.0,175.2045135498047,175.0,0.2319838851690292,0.1452974677085876,/kaggle/working/gfd-robustness-v4-factorial-r1/graphs/base/yelpchi/r40_s1/graph.bin,/kaggle/working/gfd-robustness-v4-factorial-r1/graphs/variants/yelpchi/r40_s1/heterophily_rewire_nonoracle/0.30/seed_1/graph.bin,/kaggle/working/gfd-robustness-v4-factorial-r1/graphs/base/yelpchi/r40_s1/graph.bin,ok,
gfd_robustness_benchmark_v4_factorial,yelpchi,r40_s1,1,1,heterophily_rewire_nonoracle,0.3,secgfd,train_on_variant,0.8042663479685233,0.4610878839156154,0.6857048357789006,0.6866478323936462,5.056105981999281,50,48,0.8098074415255914,roc_auc,max_epochs,45954,8051348,175.2045135498047,173.0,175.2045135498047,175.0,0.2319838851690292,0.1452974677085876,/kaggle/working/gfd-robustness-v4-factorial-r1/graphs/base/yelpchi/r40_s1/graph.bin,/kaggle/working/gfd-robustness-v4-factorial-r1/graphs/variants/yelpchi/r40_s1/heterophily_rewire_nonoracle/0.30/seed_1/graph.bin,/kaggle/working/gfd-robustness-v4-factorial-r1/graphs/variants/yelpchi/r40_s1/heterophily_rewire_nonoracle/0.30/seed_1/graph.bin,ok,
gfd_robustness_benchmark_v4_factorial,yelpchi,r40_s1,1,2,heterophily_rewire_nonoracle,0.3,mlp,train_clean_eval_all,0.7900874636610181,0.4282571598298197,0.6631972481222677,0.6799353361129761,0.1901867099986702,100,100,0.7945293081293195,roc_auc,max_epochs,45954,8051348,175.2045135498047,173.0,175.2045135498047,175.0,0.2319838851690292,0.1452974677085876,/kaggle/working/gfd-robustness-v4-factorial-r1/graphs/base/yelpchi/r40_s1/graph.bin,/kaggle/working/gfd-robustness-v4-factorial-r1/graphs/variants/yelpchi/r40_s1/heterophily_rewire_nonoracle/0.30/seed_1/graph.bin,/kaggle/working/gfd-robustness-v4-factorial-r1/graphs/base/yelpchi/r40_s1/graph.bin,ok,
gfd_robustness_benchmark_v4_factorial,yelpchi,r40_s1,1,2,heterophily_rewire_nonoracle,0.3,mlp,train_on_variant,0.7900874636610181,0.4282571598298197,0.6631972481222677,0.6799353361129761,2.014868868999656,100,100,0.7945293081293195,roc_auc,max_epochs,45954,8051348,175.2045135498047,173.0,175.2045135498047,175.0,0.2319838851690292,0.1452974677085876,/kaggle/working/gfd-robustness-v4-factorial-r1/graphs/base/yelpchi/r40_s1/graph.bin,/kaggle/working/gfd-robustness-v4-factorial-r1/graphs/variants/yelpchi/r40_s1/heterophily_rewire_nonoracle/0.30/seed_1/graph.bin,/kaggle/working/gfd-robustness-v4-factorial-r1/graphs/variants/yelpchi/r40_s1/heterophily_rewire_nonoracle/0.30/seed_1/graph.bin,ok,
gfd_robustness_benchmark_v4_factorial,yelpchi,r40_s1,1,2,heterophily_rewire_nonoracle,0.3,pmp,train_clean_eval_all,0.8112261228878801,0.4777878351391934,0.6844014430665077,0.3258445560932159,0.4647990350003965,86,76,0.8507594819016013,roc_auc,early_stopping,45954,8051348,175.2045135498047,173.0,175.2045135498047,175.0,0.2319838851690292,0.1452974677085876,/kaggle/working/gfd-robustness-v4-factorial-r1/graphs/base/yelpchi/r40_s1/graph.bin,/kaggle/working/gfd-robustness-v4-factorial-r1/graphs/variants/yelpchi/r40_s1/heterophily_rewire_nonoracle/0.30/seed_1/graph.bin,/kaggle/working/gfd-robustness-v4-factorial-r1/graphs/base/yelpchi/r40_s1/graph.bin,ok,
gfd_robustness_benchmark_v4_factorial,yelpchi,r40_s1,1,2,heterophily_rewire_nonoracle,0.3,pmp,train_on_variant,0.8325815273729527,0.5106697210167995,0.7007062176375136,0.3017942011356354,44.00696136999977,100,100,0.8364803066822105,roc_auc,max_epochs,45954,8051348,175.2045135498047,173.0,175.2045135498047,175.0,0.2319838851690292,0.1452974677085876,/kaggle/working/gfd-robustness-v4-factorial-r1/graphs/base/yelpchi/r40_s1/graph.bin,/kaggle/working/gfd-robustness-v4-factorial-r1/graphs/variants/yelpchi/r40_s1/heterophily_rewire_nonoracle/0.30/seed_1/graph.bin,/kaggle/working/gfd-robustness-v4-factorial-r1/graphs/variants/yelpchi/r40_s1/heterophily_rewire_nonoracle/0.30/seed_1/graph.bin,ok,
gfd_robustness_benchmark_v4_factorial,yelpchi,r40_s1,1,2,heterophily_rewire_nonoracle,0.3,sage,train_clean_eval_all,0.7799262211003146,0.4199055519056261,0.6574197264791459,0.6474134922027588,0.2225559070011513,100,99,0.7896983004217357,roc_auc,max_epochs,45954,8051348,175.2045135498047,173.0,175.2045135498047,175.0,0.2319838851690292,0.1452974677085876,/kaggle/working/gfd-robustness-v4-factorial-r1/graphs/base/yelpchi/r40_s1/graph.bin,/kaggle/working/gfd-robustness-v4-factorial-r1/graphs/variants/yelpchi/r40_s1/heterophily_rewire_nonoracle/0.30/seed_1/graph.bin,/kaggle/working/gfd-robustness-v4-factorial-r1/graphs/base/yelpchi/r40_s1/graph.bin,ok,
gfd_robustness_benchmark_v4_factorial,yelpchi,r40_s1,1,2,heterophily_rewire_nonoracle,0.3,sage,train_on_variant,0.7762315832629547,0.4096723723050236,0.6516592864208804,0.6376688480377197,3.383608181999989,100,97,0.7782162176337503,roc_auc,max_epochs,45954,8051348,175.2045135498047,173.0,175.2045135498047,175.0,0.2319838851690292,0.1452974677085876,/kaggle/working/gfd-robustness-v4-factorial-r1/graphs/base/yelpchi/r40_s1/graph.bin,/kaggle/working/gfd-robustness-v4-factorial-r1/graphs/variants/yelpchi/r40_s1/heterophily_rewire_nonoracle/0.30/seed_1/graph.bin,/kaggle/working/gfd-robustness-v4-factorial-r1/graphs/variants/yelpchi/r40_s1/heterophily_rewire_nonoracle/0.30/seed_1/graph.bin,ok,
gfd_robustness_benchmark_v4_factorial,yelpchi,r40_s1,1,2,heterophily_rewire_nonoracle,0.3,secgfd,train_clean_eval_all,0.7933832206704209,0.441782408808947,0.6758285816108339,0.6409332752227783,0.2314556319997791,50,50,0.8095187349358813,roc_auc,max_epochs,45954,8051348,175.2045135498047,173.0,175.2045135498047,175.0,0.2319838851690292,0.1452974677085876,/kaggle/working/gfd-robustness-v4-factorial-r1/graphs/base/yelpchi/r40_s1/graph.bin,/kaggle/working/gfd-robustness-v4-factorial-r1/graphs/variants/yelpchi/r40_s1/heterophily_rewire_nonoracle/0.30/seed_1/graph.bin,/kaggle/working/gfd-robustness-v4-factorial-r1/graphs/base/yelpchi/r40_s1/graph.bin,ok,
gfd_robustness_benchmark_v4_factorial,yelpchi,r40_s1,1,2,heterophily_rewire_nonoracle,0.3,secgfd,train_on_variant,0.8021186655456907,0.4635413202386917,0.680354281349334,0.7596859931945801,4.990875129000415,50,50,0.808701487875992,roc_auc,max_epochs,45954,8051348,175.2045135498047,173.0,175.2045135498047,175.0,0.2319838851690292,0.1452974677085876,/kaggle/working/gfd-robustness-v4-factorial-r1/graphs/base/yelpchi/r40_s1/graph.bin,/kaggle/working/gfd-robustness-v4-factorial-r1/graphs/variants/yelpchi/r40_s1/heterophily_rewire_nonoracle/0.30/seed_1/graph.bin,/kaggle/working/gfd-robustness-v4-factorial-r1/graphs/variants/yelpchi/r40_s1/heterophily_rewire_nonoracle/0.30/seed_1/graph.bin,ok,
gfd_robustness_benchmark_v4_factorial,yelpchi,r40_s1,1,3,heterophily_rewire_nonoracle,0.3,mlp,train_clean_eval_all,0.7890011172283742,0.4222148286858138,0.6591169548062679,0.6908923387527466,0.1339165139997931,100,100,0.79316778597091,roc_auc,max_epochs,45954,8051348,175.2045135498047,173.0,175.2045135498047,175.0,0.2319838851690292,0.1452974677085876,/kaggle/working/gfd-robustness-v4-factorial-r1/graphs/base/yelpchi/r40_s1/graph.bin,/kaggle/working/gfd-robustness-v4-factorial-r1/graphs/variants/yelpchi/r40_s1/heterophily_rewire_nonoracle/0.30/seed_1/graph.bin,/kaggle/working/gfd-robustness-v4-factorial-r1/graphs/base/yelpchi/r40_s1/graph.bin,ok,
gfd_robustness_benchmark_v4_factorial,yelpchi,r40_s1,1,3,heterophily_rewire_nonoracle,0.3,mlp,train_on_variant,0.7890011172283742,0.4222148286858138,0.6591169548062679,0.6908923387527466,1.8011291070006337,100,100,0.79316778597091,roc_auc,max_epochs,45954,8051348,175.2045135498047,173.0,175.2045135498047,175.0,0.2319838851690292,0.1452974677085876,/kaggle/working/gfd-robustness-v4-factorial-r1/graphs/base/yelpchi/r40_s1/graph.bin,/kaggle/working/gfd-robustness-v4-factorial-r1/graphs/variants/yelpchi/r40_s1/heterophily_rewire_nonoracle/0.30/seed_1/graph.bin,/kaggle/working/gfd-robustness-v4-factorial-r1/graphs/variants/yelpchi/r40_s1/heterophily_rewire_nonoracle/0.30/seed_1/graph.bin,ok,
gfd_robustness_benchmark_v4_factorial,yelpchi,r40_s1,1,3,heterophily_rewire_nonoracle,0.3,pmp,train_clean_eval_all,0.8177168210041221,0.4920709777714966,0.6900116989968067,0.2770633101463318,0.4572753949996695,100,100,0.854679931435165,roc_auc,max_epochs,45954,8051348,175.2045135498047,173.0,175.2045135498047,175.0,0.2319838851690292,0.1452974677085876,/kaggle/working/gfd-robustness-v4-factorial-r1/graphs/base/yelpchi/r40_s1/graph.bin,/kaggle/working/gfd-robustness-v4-factorial-r1/graphs/variants/yelpchi/r40_s1/heterophily_rewire_nonoracle/0.30/seed_1/graph.bin,/kaggle/working/gfd-robustness-v4-factorial-r1/graphs/base/yelpchi/r40_s1/graph.bin,ok,
gfd_robustness_benchmark_v4_factorial,yelpchi,r40_s1,1,3,heterophily_rewire_nonoracle,0.3,pmp,train_on_variant,0.826341815001616,0.4980543602415985,0.6991310757263781,0.1936289817094802,31.548619922999933,72,62,0.831391727876755,roc_auc,early_stopping,45954,8051348,175.2045135498047,173.0,175.2045135498047,175.0,0.2319838851690292,0.1452974677085876,/kaggle/working/gfd-robustness-v4-factorial-r1/graphs/base/yelpchi/r40_s1/graph.bin,/kaggle/working/gfd-robustness-v4-factorial-r1/graphs/variants/yelpchi/r40_s1/heterophily_rewire_nonoracle/0.30/seed_1/graph.bin,/kaggle/working/gfd-robustness-v4-factorial-r1/graphs/variants/yelpchi/r40_s1/heterophily_rewire_nonoracle/0.30/seed_1/graph.bin,ok,
gfd_robustness_benchmark_v4_factorial,yelpchi,r40_s1,1,3,heterophily_rewire_nonoracle,0.3,sage,train_clean_eval_all,0.7759583382242643,0.4166688283314575,0.6594673193208247,0.6763858795166016,0.1968494980010291,100,100,0.7853451486087966,roc_auc,max_epochs,45954,8051348,175.2045135498047,173.0,175.2045135498047,175.0,0.2319838851690292,0.1452974677085876,/kaggle/working/gfd-robustness-v4-factorial-r1/graphs/base/yelpchi/r40_s1/graph.bin,/kaggle/working/gfd-robustness-v4-factorial-r1/graphs/variants/yelpchi/r40_s1/heterophily_rewire_nonoracle/0.30/seed_1/graph.bin,/kaggle/working/gfd-robustness-v4-factorial-r1/graphs/base/yelpchi/r40_s1/graph.bin,ok,
gfd_robustness_benchmark_v4_factorial,yelpchi,r40_s1,1,3,heterophily_rewire_nonoracle,0.3,sage,train_on_variant,0.7756708372333744,0.4186772765018764,0.654548327668822,0.7132910490036011,3.4477980439996827,100,100,0.7770844687298102,roc_auc,max_epochs,45954,8051348,175.2045135498047,173.0,175.2045135498047,175.0,0.2319838851690292,0.1452974677085876,/kaggle/working/gfd-robustness-v4-factorial-r1/graphs/base/yelpchi/r40_s1/graph.bin,/kaggle/working/gfd-robustness-v4-factorial-r1/graphs/variants/yelpchi/r40_s1/heterophily_rewire_nonoracle/0.30/seed_1/graph.bin,/kaggle/working/gfd-robustness-v4-factorial-r1/graphs/variants/yelpchi/r40_s1/heterophily_rewire_nonoracle/0.30/seed_1/graph.bin,ok,
gfd_robustness_benchmark_v4_factorial,yelpchi,r40_s1,1,3,heterophily_rewire_nonoracle,0.3,secgfd,train_clean_eval_all,0.786120890855763,0.4277365750314778,0.659324915508406,0.6394457817077637,0.3211191310001595,50,50,0.8028998443225408,roc_auc,max_epochs,45954,8051348,175.2045135498047,173.0,175.2045135498047,175.0,0.2319838851690292,0.1452974677085876,/kaggle/working/gfd-robustness-v4-factorial-r1/graphs/base/yelpchi/r40_s1/graph.bin,/kaggle/working/gfd-robustness-v4-factorial-r1/graphs/variants/yelpchi/r40_s1/heterophily_rewire_nonoracle/0.30/seed_1/graph.bin,/kaggle/working/gfd-robustness-v4-factorial-r1/graphs/base/yelpchi/r40_s1/graph.bin,ok,
gfd_robustness_benchmark_v4_factorial,yelpchi,r40_s1,1,3,heterophily_rewire_nonoracle,0.3,secgfd,train_on_variant,0.806143643688946,0.4610361871767965,0.681308089317278,0.6673890352249146,5.043483927000125,50,50,0.811955075252052,roc_auc,max_epochs,45954,8051348,175.2045135498047,173.0,175.2045135498047,175.0,0.2319838851690292,0.1452974677085876,/kaggle/working/gfd-robustness-v4-factorial-r1/graphs/base/yelpchi/r40_s1/graph.bin,/kaggle/working/gfd-robustness-v4-factorial-r1/graphs/variants/yelpchi/r40_s1/heterophily_rewire_nonoracle/0.30/seed_1/graph.bin,/kaggle/working/gfd-robustness-v4-factorial-r1/graphs/variants/yelpchi/r40_s1/heterophily_rewire_nonoracle/0.30/seed_1/graph.bin,ok,
gfd_robustness_benchmark_v4_factorial,yelpchi,r40_s1,1,4,heterophily_rewire_nonoracle,0.3,mlp,train_clean_eval_all,0.7894763990031648,0.4290633283011688,0.6620706708330315,0.6857644319534302,0.1304774430009274,100,100,0.7918636713655989,roc_auc,max_epochs,45954,8051348,175.2045135498047,173.0,175.2045135498047,175.0,0.2319838851690292,0.1452974677085876,/kaggle/working/gfd-robustness-v4-factorial-r1/graphs/base/yelpchi/r40_s1/graph.bin,/kaggle/working/gfd-robustness-v4-factorial-r1/graphs/variants/yelpchi/r40_s1/heterophily_rewire_nonoracle/0.30/seed_1/graph.bin,/kaggle/working/gfd-robustness-v4-factorial-r1/graphs/base/yelpchi/r40_s1/graph.bin,ok,
gfd_robustness_benchmark_v4_factorial,yelpchi,r40_s1,1,4,heterophily_rewire_nonoracle,0.3,mlp,train_on_variant,0.7894763990031648,0.4290633283011688,0.6620706708330315,0.6857644319534302,2.090615686999626,100,100,0.7918636713655989,roc_auc,max_epochs,45954,8051348,175.2045135498047,173.0,175.2045135498047,175.0,0.2319838851690292,0.1452974677085876,/kaggle/working/gfd-robustness-v4-factorial-r1/graphs/base/yelpchi/r40_s1/graph.bin,/kaggle/working/gfd-robustness-v4-factorial-r1/graphs/variants/yelpchi/r40_s1/heterophily_rewire_nonoracle/0.30/seed_1/graph.bin,/kaggle/working/gfd-robustness-v4-factorial-r1/graphs/variants/yelpchi/r40_s1/heterophily_rewire_nonoracle/0.30/seed_1/graph.bin,ok,
gfd_robustness_benchmark_v4_factorial,yelpchi,r40_s1,1,4,heterophily_rewire_nonoracle,0.3,pmp,train_clean_eval_all,0.8200168765701794,0.4896194564750381,0.690054568649159,0.3471680581569671,0.4554477330002555,73,63,0.8499933008627821,roc_auc,early_stopping,45954,8051348,175.2045135498047,173.0,175.2045135498047,175.0,0.2319838851690292,0.1452974677085876,/kaggle/working/gfd-robustness-v4-factorial-r1/graphs/base/yelpchi/r40_s1/graph.bin,/kaggle/working/gfd-robustness-v4-factorial-r1/graphs/variants/yelpchi/r40_s1/heterophily_rewire_nonoracle/0.30/seed_1/graph.bin,/kaggle/working/gfd-robustness-v4-factorial-r1/graphs/base/yelpchi/r40_s1/graph.bin,ok,
gfd_robustness_benchmark_v4_factorial,yelpchi,r40_s1,1,4,heterophily_rewire_nonoracle,0.3,pmp,train_on_variant,0.8290947024929266,0.4995714346559052,0.6984279152429719,0.3031547963619232,29.993891787999928,68,58,0.8315639028553582,roc_auc,early_stopping,45954,8051348,175.2045135498047,173.0,175.2045135498047,175.0,0.2319838851690292,0.1452974677085876,/kaggle/working/gfd-robustness-v4-factorial-r1/graphs/base/yelpchi/r40_s1/graph.bin,/kaggle/working/gfd-robustness-v4-factorial-r1/graphs/variants/yelpchi/r40_s1/heterophily_rewire_nonoracle/0.30/seed_1/graph.bin,/kaggle/working/gfd-robustness-v4-factorial-r1/graphs/variants/yelpchi/r40_s1/heterophily_rewire_nonoracle/0.30/seed_1/graph.bin,ok,
gfd_robustness_benchmark_v4_factorial,yelpchi,r40_s1,1,4,heterophily_rewire_nonoracle,0.3,sage,train_clean_eval_all,0.7786204139899935,0.4174694714027166,0.6518802182426211,0.701765239238739,0.221160349999991,100,100,0.7862607132554708,roc_auc,max_epochs,45954,8051348,175.2045135498047,173.0,175.2045135498047,175.0,0.2319838851690292,0.1452974677085876,/kaggle/working/gfd-robustness-v4-factorial-r1/graphs/base/yelpchi/r40_s1/graph.bin,/kaggle/working/gfd-robustness-v4-factorial-r1/graphs/variants/yelpchi/r40_s1/heterophily_rewire_nonoracle/0.30/seed_1/graph.bin,/kaggle/working/gfd-robustness-v4-factorial-r1/graphs/base/yelpchi/r40_s1/graph.bin,ok,
gfd_robustness_benchmark_v4_factorial,yelpchi,r40_s1,1,4,heterophily_rewire_nonoracle,0.3,sage,train_on_variant,0.780273556597345,0.4126755328432716,0.6558948516265276,0.6914852857589722,3.560405283000364,100,100,0.7824720054737434,roc_auc,max_epochs,45954,8051348,175.2045135498047,173.0,175.2045135498047,175.0,0.2319838851690292,0.1452974677085876,/kaggle/working/gfd-robustness-v4-factorial-r1/graphs/base/yelpchi/r40_s1/graph.bin,/kaggle/working/gfd-robustness-v4-factorial-r1/graphs/variants/yelpchi/r40_s1/heterophily_rewire_nonoracle/0.30/seed_1/graph.bin,/kaggle/working/gfd-robustness-v4-factorial-r1/graphs/variants/yelpchi/r40_s1/heterophily_rewire_nonoracle/0.30/seed_1/graph.bin,ok,
gfd_robustness_benchmark_v4_factorial,yelpchi,r40_s1,1,4,heterophily_rewire_nonoracle,0.3,secgfd,train_clean_eval_all,0.7845425175616181,0.4240640965855274,0.6612775251807194,0.6209703087806702,0.2354720530001941,50,49,0.7930952636384659,roc_auc,max_epochs,45954,8051348,175.2045135498047,173.0,175.2045135498047,175.0,0.2319838851690292,0.1452974677085876,/kaggle/working/gfd-robustness-v4-factorial-r1/graphs/base/yelpchi/r40_s1/graph.bin,/kaggle/working/gfd-robustness-v4-factorial-r1/graphs/variants/yelpchi/r40_s1/heterophily_rewire_nonoracle/0.30/seed_1/graph.bin,/kaggle/working/gfd-robustness-v4-factorial-r1/graphs/base/yelpchi/r40_s1/graph.bin,ok,
gfd_robustness_benchmark_v4_factorial,yelpchi,r40_s1,1,4,heterophily_rewire_nonoracle,0.3,secgfd,train_on_variant,0.7855302513925815,0.42549020320081,0.6628312181460837,0.6827573180198669,5.065166878000127,50,49,0.7896797049518782,roc_auc,max_epochs,45954,8051348,175.2045135498047,173.0,175.2045135498047,175.0,0.2319838851690292,0.1452974677085876,/kaggle/working/gfd-robustness-v4-factorial-r1/graphs/base/yelpchi/r40_s1/graph.bin,/kaggle/working/gfd-robustness-v4-factorial-r1/graphs/variants/yelpchi/r40_s1/heterophily_rewire_nonoracle/0.30/seed_1/graph.bin,/kaggle/working/gfd-robustness-v4-factorial-r1/graphs/variants/yelpchi/r40_s1/heterophily_rewire_nonoracle/0.30/seed_1/graph.bin,ok,
gfd_robustness_benchmark_v4_factorial,yelpchi,r40_s1,0,0,heterophily_rewire_oracle,0.15,mlp,train_clean_eval_all,0.7411298917567106,0.3289358495954787,0.62102968873229,0.4987255334854126,0.207450156998675,16,6,0.7381013548468616,roc_auc,early_stopping,45954,8051348,175.2045135498047,173.0,175.2045135498047,175.0,0.3428902924060821,0.1452974677085876,/kaggle/working/gfd-robustness-v4-factorial-r1/graphs/base/yelpchi/r40_s1/graph.bin,/kaggle/working/gfd-robustness-v4-factorial-r1/graphs/variants/yelpchi/r40_s1/heterophily_rewire_oracle/0.15/seed_0/graph.bin,/kaggle/working/gfd-robustness-v4-factorial-r1/graphs/base/yelpchi/r40_s1/graph.bin,ok,
gfd_robustness_benchmark_v4_factorial,yelpchi,r40_s1,0,0,heterophily_rewire_oracle,0.15,mlp,train_on_variant,0.7411298917567106,0.3289358495954787,0.62102968873229,0.4987255334854126,0.4894973350001237,16,6,0.7381013548468616,roc_auc,early_stopping,45954,8051348,175.2045135498047,173.0,175.2045135498047,175.0,0.3428902924060821,0.1452974677085876,/kaggle/working/gfd-robustness-v4-factorial-r1/graphs/base/yelpchi/r40_s1/graph.bin,/kaggle/working/gfd-robustness-v4-factorial-r1/graphs/variants/yelpchi/r40_s1/heterophily_rewire_oracle/0.15/seed_0/graph.bin,/kaggle/working/gfd-robustness-v4-factorial-r1/graphs/variants/yelpchi/r40_s1/heterophily_rewire_oracle/0.15/seed_0/graph.bin,ok,
gfd_robustness_benchmark_v4_factorial,yelpchi,r40_s1,0,0,heterophily_rewire_oracle,0.15,pmp,train_clean_eval_all,0.7754855217645158,0.3953874724818429,0.6475925598140718,0.2638531029224396,0.5412643520012352,52,42,0.8448072627229967,roc_auc,early_stopping,45954,8051348,175.2045135498047,173.0,175.2045135498047,175.0,0.3428902924060821,0.1452974677085876,/kaggle/working/gfd-robustness-v4-factorial-r1/graphs/base/yelpchi/r40_s1/graph.bin,/kaggle/working/gfd-robustness-v4-factorial-r1/graphs/variants/yelpchi/r40_s1/heterophily_rewire_oracle/0.15/seed_0/graph.bin,/kaggle/working/gfd-robustness-v4-factorial-r1/graphs/base/yelpchi/r40_s1/graph.bin,ok,
gfd_robustness_benchmark_v4_factorial,yelpchi,r40_s1,0,0,heterophily_rewire_oracle,0.15,pmp,train_on_variant,0.868252706653902,0.5653500479245922,0.7268458979380736,0.288379430770874,39.25765012000011,68,58,0.8792436411837209,roc_auc,early_stopping,45954,8051348,175.2045135498047,173.0,175.2045135498047,175.0,0.3428902924060821,0.1452974677085876,/kaggle/working/gfd-robustness-v4-factorial-r1/graphs/base/yelpchi/r40_s1/graph.bin,/kaggle/working/gfd-robustness-v4-factorial-r1/graphs/variants/yelpchi/r40_s1/heterophily_rewire_oracle/0.15/seed_0/graph.bin,/kaggle/working/gfd-robustness-v4-factorial-r1/graphs/variants/yelpchi/r40_s1/heterophily_rewire_oracle/0.15/seed_0/graph.bin,ok,
gfd_robustness_benchmark_v4_factorial,yelpchi,r40_s1,0,0,heterophily_rewire_oracle,0.15,sage,train_clean_eval_all,0.7752902616673476,0.4158570637619244,0.6569269447305862,0.6340437531471252,0.1834840379997331,100,99,0.7847662096472344,roc_auc,max_epochs,45954,8051348,175.2045135498047,173.0,175.2045135498047,175.0,0.3428902924060821,0.1452974677085876,/kaggle/working/gfd-robustness-v4-factorial-r1/graphs/base/yelpchi/r40_s1/graph.bin,/kaggle/working/gfd-robustness-v4-factorial-r1/graphs/variants/yelpchi/r40_s1/heterophily_rewire_oracle/0.15/seed_0/graph.bin,/kaggle/working/gfd-robustness-v4-factorial-r1/graphs/base/yelpchi/r40_s1/graph.bin,ok,
gfd_robustness_benchmark_v4_factorial,yelpchi,r40_s1,0,0,heterophily_rewire_oracle,0.15,sage,train_on_variant,0.8408906156627681,0.5105295906324135,0.7000822707441521,0.7301204204559326,3.440290217000438,100,100,0.8417727204457192,roc_auc,max_epochs,45954,8051348,175.2045135498047,173.0,175.2045135498047,175.0,0.3428902924060821,0.1452974677085876,/kaggle/working/gfd-robustness-v4-factorial-r1/graphs/base/yelpchi/r40_s1/graph.bin,/kaggle/working/gfd-robustness-v4-factorial-r1/graphs/variants/yelpchi/r40_s1/heterophily_rewire_oracle/0.15/seed_0/graph.bin,/kaggle/working/gfd-robustness-v4-factorial-r1/graphs/variants/yelpchi/r40_s1/heterophily_rewire_oracle/0.15/seed_0/graph.bin,ok,
gfd_robustness_benchmark_v4_factorial,yelpchi,r40_s1,0,0,heterophily_rewire_oracle,0.15,secgfd,train_clean_eval_all,0.668381517578387,0.2523429114465216,0.5745829496810859,0.707516610622406,0.2137748599998303,50,50,0.81031190324634,roc_auc,max_epochs,45954,8051348,175.2045135498047,173.0,175.2045135498047,175.0,0.3428902924060821,0.1452974677085876,/kaggle/working/gfd-robustness-v4-factorial-r1/graphs/base/yelpchi/r40_s1/graph.bin,/kaggle/working/gfd-robustness-v4-factorial-r1/graphs/variants/yelpchi/r40_s1/heterophily_rewire_oracle/0.15/seed_0/graph.bin,/kaggle/working/gfd-robustness-v4-factorial-r1/graphs/base/yelpchi/r40_s1/graph.bin,ok,
gfd_robustness_benchmark_v4_factorial,yelpchi,r40_s1,0,0,heterophily_rewire_oracle,0.15,secgfd,train_on_variant,0.9996325846905983,0.997241072403304,0.991468953745784,0.7444514036178589,3.9828158129994335,42,32,0.999411810984201,roc_auc,early_stopping,45954,8051348,175.2045135498047,173.0,175.2045135498047,175.0,0.3428902924060821,0.1452974677085876,/kaggle/working/gfd-robustness-v4-factorial-r1/graphs/base/yelpchi/r40_s1/graph.bin,/kaggle/working/gfd-robustness-v4-factorial-r1/graphs/variants/yelpchi/r40_s1/heterophily_rewire_oracle/0.15/seed_0/graph.bin,/kaggle/working/gfd-robustness-v4-factorial-r1/graphs/variants/yelpchi/r40_s1/heterophily_rewire_oracle/0.15/seed_0/graph.bin,ok,
gfd_robustness_benchmark_v4_factorial,yelpchi,r40_s1,0,1,heterophily_rewire_oracle,0.15,mlp,train_clean_eval_all,0.7890208397487103,0.4259466979825966,0.6592905529479388,0.7060688734054565,0.1648625100006029,100,100,0.7923067203551258,roc_auc,max_epochs,45954,8051348,175.2045135498047,173.0,175.2045135498047,175.0,0.3428902924060821,0.1452974677085876,/kaggle/working/gfd-robustness-v4-factorial-r1/graphs/base/yelpchi/r40_s1/graph.bin,/kaggle/working/gfd-robustness-v4-factorial-r1/graphs/variants/yelpchi/r40_s1/heterophily_rewire_oracle/0.15/seed_0/graph.bin,/kaggle/working/gfd-robustness-v4-factorial-r1/graphs/base/yelpchi/r40_s1/graph.bin,ok,
gfd_robustness_benchmark_v4_factorial,yelpchi,r40_s1,0,1,heterophily_rewire_oracle,0.15,mlp,train_on_variant,0.7890208397487103,0.4259466979825966,0.6592905529479388,0.7060688734054565,1.923422455999571,100,100,0.7923067203551258,roc_auc,max_epochs,45954,8051348,175.2045135498047,173.0,175.2045135498047,175.0,0.3428902924060821,0.1452974677085876,/kaggle/working/gfd-robustness-v4-factorial-r1/graphs/base/yelpchi/r40_s1/graph.bin,/kaggle/working/gfd-robustness-v4-factorial-r1/graphs/variants/yelpchi/r40_s1/heterophily_rewire_oracle/0.15/seed_0/graph.bin,/kaggle/working/gfd-robustness-v4-factorial-r1/graphs/variants/yelpchi/r40_s1/heterophily_rewire_oracle/0.15/seed_0/graph.bin,ok,
gfd_robustness_benchmark_v4_factorial,yelpchi,r40_s1,0,1,heterophily_rewire_oracle,0.15,pmp,train_clean_eval_all,0.7974566714331012,0.4221811271100837,0.6598758626993448,0.3995718955993652,0.5446549450007296,73,63,0.8482169090037834,roc_auc,early_stopping,45954,8051348,175.2045135498047,173.0,175.2045135498047,175.0,0.3428902924060821,0.1452974677085876,/kaggle/working/gfd-robustness-v4-factorial-r1/graphs/base/yelpchi/r40_s1/graph.bin,/kaggle/working/gfd-robustness-v4-factorial-r1/graphs/variants/yelpchi/r40_s1/heterophily_rewire_oracle/0.15/seed_0/graph.bin,/kaggle/working/gfd-robustness-v4-factorial-r1/graphs/base/yelpchi/r40_s1/graph.bin,ok,
gfd_robustness_benchmark_v4_factorial,yelpchi,r40_s1,0,1,heterophily_rewire_oracle,0.15,pmp,train_on_variant,0.8741292793105235,0.5763670718727621,0.7313246006713832,0.2300433814525604,40.33235622699976,69,59,0.8770127569691292,roc_auc,early_stopping,45954,8051348,175.2045135498047,173.0,175.2045135498047,175.0,0.3428902924060821,0.1452974677085876,/kaggle/working/gfd-robustness-v4-factorial-r1/graphs/base/yelpchi/r40_s1/graph.bin,/kaggle/working/gfd-robustness-v4-factorial-r1/graphs/variants/yelpchi/r40_s1/heterophily_rewire_oracle/0.15/seed_0/graph.bin,/kaggle/working/gfd-robustness-v4-factorial-r1/graphs/variants/yelpchi/r40_s1/heterophily_rewire_oracle/0.15/seed_0/graph.bin,ok,
gfd_robustness_benchmark_v4_factorial,yelpchi,r40_s1,0,1,heterophily_rewire_oracle,0.15,sage,train_clean_eval_all,0.6213611592687842,0.2043379493852818,0.5513200924288318,0.2877165079116821,0.2131029949996445,23,13,0.6056249389091134,roc_auc,early_stopping,45954,8051348,175.2045135498047,173.0,175.2045135498047,175.0,0.3428902924060821,0.1452974677085876,/kaggle/working/gfd-robustness-v4-factorial-r1/graphs/base/yelpchi/r40_s1/graph.bin,/kaggle/working/gfd-robustness-v4-factorial-r1/graphs/variants/yelpchi/r40_s1/heterophily_rewire_oracle/0.15/seed_0/graph.bin,/kaggle/working/gfd-robustness-v4-factorial-r1/graphs/base/yelpchi/r40_s1/graph.bin,ok,
gfd_robustness_benchmark_v4_factorial,yelpchi,r40_s1,0,1,heterophily_rewire_oracle,0.15,sage,train_on_variant,0.8345584122932851,0.4956736010083823,0.6968167164582173,0.6741275787353516,3.4617612140000347,100,100,0.8343256638940344,roc_auc,max_epochs,45954,8051348,175.2045135498047,173.0,175.2045135498047,175.0,0.3428902924060821,0.1452974677085876,/kaggle/working/gfd-robustness-v4-factorial-r1/graphs/base/yelpchi/r40_s1/graph.bin,/kaggle/working/gfd-robustness-v4-factorial-r1/graphs/variants/yelpchi/r40_s1/heterophily_rewire_oracle/0.15/seed_0/graph.bin,/kaggle/working/gfd-robustness-v4-factorial-r1/graphs/variants/yelpchi/r40_s1/heterophily_rewire_oracle/0.15/seed_0/graph.bin,ok,
gfd_robustness_benchmark_v4_factorial,yelpchi,r40_s1,0,1,heterophily_rewire_oracle,0.15,secgfd,train_clean_eval_all,0.689957383158835,0.2843761862307862,0.587532849306647,0.679985523223877,0.2151219009992928,50,50,0.8115241848389704,roc_auc,max_epochs,45954,8051348,175.2045135498047,173.0,175.2045135498047,175.0,0.3428902924060821,0.1452974677085876,/kaggle/working/gfd-robustness-v4-factorial-r1/graphs/base/yelpchi/r40_s1/graph.bin,/kaggle/working/gfd-robustness-v4-factorial-r1/graphs/variants/yelpchi/r40_s1/heterophily_rewire_oracle/0.15/seed_0/graph.bin,/kaggle/working/gfd-robustness-v4-factorial-r1/graphs/base/yelpchi/r40_s1/graph.bin,ok,
gfd_robustness_benchmark_v4_factorial,yelpchi,r40_s1,0,1,heterophily_rewire_oracle,0.15,secgfd,train_on_variant,0.999721526587863,0.998879171627512,0.9920539723486134,0.6697078347206116,4.524239268999736,50,50,0.9994978269524648,roc_auc,max_epochs,45954,8051348,175.2045135498047,173.0,175.2045135498047,175.0,0.3428902924060821,0.1452974677085876,/kaggle/working/gfd-robustness-v4-factorial-r1/graphs/base/yelpchi/r40_s1/graph.bin,/kaggle/working/gfd-robustness-v4-factorial-r1/graphs/variants/yelpchi/r40_s1/heterophily_rewire_oracle/0.15/seed_0/graph.bin,/kaggle/working/gfd-robustness-v4-factorial-r1/graphs/variants/yelpchi/r40_s1/heterophily_rewire_oracle/0.15/seed_0/graph.bin,ok,
gfd_robustness_benchmark_v4_factorial,yelpchi,r40_s1,0,2,heterophily_rewire_oracle,0.15,mlp,train_clean_eval_all,0.7900874636610181,0.4282571598298197,0.6631972481222677,0.6799353361129761,0.2155726260007213,100,100,0.7945293081293195,roc_auc,max_epochs,45954,8051348,175.2045135498047,173.0,175.2045135498047,175.0,0.3428902924060821,0.1452974677085876,/kaggle/working/gfd-robustness-v4-factorial-r1/graphs/base/yelpchi/r40_s1/graph.bin,/kaggle/working/gfd-robustness-v4-factorial-r1/graphs/variants/yelpchi/r40_s1/heterophily_rewire_oracle/0.15/seed_0/graph.bin,/kaggle/working/gfd-robustness-v4-factorial-r1/graphs/base/yelpchi/r40_s1/graph.bin,ok,
gfd_robustness_benchmark_v4_factorial,yelpchi,r40_s1,0,2,heterophily_rewire_oracle,0.15,mlp,train_on_variant,0.7900874636610181,0.4282571598298197,0.6631972481222677,0.6799353361129761,2.059616350000397,100,100,0.7945293081293195,roc_auc,max_epochs,45954,8051348,175.2045135498047,173.0,175.2045135498047,175.0,0.3428902924060821,0.1452974677085876,/kaggle/working/gfd-robustness-v4-factorial-r1/graphs/base/yelpchi/r40_s1/graph.bin,/kaggle/working/gfd-robustness-v4-factorial-r1/graphs/variants/yelpchi/r40_s1/heterophily_rewire_oracle/0.15/seed_0/graph.bin,/kaggle/working/gfd-robustness-v4-factorial-r1/graphs/variants/yelpchi/r40_s1/heterophily_rewire_oracle/0.15/seed_0/graph.bin,ok,
gfd_robustness_benchmark_v4_factorial,yelpchi,r40_s1,0,2,heterophily_rewire_oracle,0.15,pmp,train_clean_eval_all,0.784683254894234,0.4145194991934339,0.6613654736598658,0.3258445560932159,0.5140710010000475,86,76,0.8507594819016013,roc_auc,early_stopping,45954,8051348,175.2045135498047,173.0,175.2045135498047,175.0,0.3428902924060821,0.1452974677085876,/kaggle/working/gfd-robustness-v4-factorial-r1/graphs/base/yelpchi/r40_s1/graph.bin,/kaggle/working/gfd-robustness-v4-factorial-r1/graphs/variants/yelpchi/r40_s1/heterophily_rewire_oracle/0.15/seed_0/graph.bin,/kaggle/working/gfd-robustness-v4-factorial-r1/graphs/base/yelpchi/r40_s1/graph.bin,ok,
gfd_robustness_benchmark_v4_factorial,yelpchi,r40_s1,0,2,heterophily_rewire_oracle,0.15,pmp,train_on_variant,0.8770951962228801,0.595665790652721,0.741126884106054,0.2156996577978134,56.86555354899974,97,87,0.8864951592177506,roc_auc,early_stopping,45954,8051348,175.2045135498047,173.0,175.2045135498047,175.0,0.3428902924060821,0.1452974677085876,/kaggle/working/gfd-robustness-v4-factorial-r1/graphs/base/yelpchi/r40_s1/graph.bin,/kaggle/working/gfd-robustness-v4-factorial-r1/graphs/variants/yelpchi/r40_s1/heterophily_rewire_oracle/0.15/seed_0/graph.bin,/kaggle/working/gfd-robustness-v4-factorial-r1/graphs/variants/yelpchi/r40_s1/heterophily_rewire_oracle/0.15/seed_0/graph.bin,ok,
gfd_robustness_benchmark_v4_factorial,yelpchi,r40_s1,0,2,heterophily_rewire_oracle,0.15,sage,train_clean_eval_all,0.7727561321793786,0.4115820255589982,0.6523154813532404,0.6474134922027588,0.1736640079998324,100,99,0.7896983004217357,roc_auc,max_epochs,45954,8051348,175.2045135498047,173.0,175.2045135498047,175.0,0.3428902924060821,0.1452974677085876,/kaggle/working/gfd-robustness-v4-factorial-r1/graphs/base/yelpchi/r40_s1/graph.bin,/kaggle/working/gfd-robustness-v4-factorial-r1/graphs/variants/yelpchi/r40_s1/heterophily_rewire_oracle/0.15/seed_0/graph.bin,/kaggle/working/gfd-robustness-v4-factorial-r1/graphs/base/yelpchi/r40_s1/graph.bin,ok,
gfd_robustness_benchmark_v4_factorial,yelpchi,r40_s1,0,2,heterophily_rewire_oracle,0.15,sage,train_on_variant,0.846715642988463,0.5130056199310896,0.7081849471292958,0.7232608795166016,3.28231078600038,100,100,0.8463980813289562,roc_auc,max_epochs,45954,8051348,175.2045135498047,173.0,175.2045135498047,175.0,0.3428902924060821,0.1452974677085876,/kaggle/working/gfd-robustness-v4-factorial-r1/graphs/base/yelpchi/r40_s1/graph.bin,/kaggle/working/gfd-robustness-v4-factorial-r1/graphs/variants/yelpchi/r40_s1/heterophily_rewire_oracle/0.15/seed_0/graph.bin,/kaggle/working/gfd-robustness-v4-factorial-r1/graphs/variants/yelpchi/r40_s1/heterophily_rewire_oracle/0.15/seed_0/graph.bin,ok,
gfd_robustness_benchmark_v4_factorial,yelpchi,r40_s1,0,2,heterophily_rewire_oracle,0.15,secgfd,train_clean_eval_all,0.6407754437662353,0.2377327981718782,0.5679782741805365,0.6409332752227783,0.2172473350001382,50,50,0.8095187349358813,roc_auc,max_epochs,45954,8051348,175.2045135498047,173.0,175.2045135498047,175.0,0.3428902924060821,0.1452974677085876,/kaggle/working/gfd-robustness-v4-factorial-r1/graphs/base/yelpchi/r40_s1/graph.bin,/kaggle/working/gfd-robustness-v4-factorial-r1/graphs/variants/yelpchi/r40_s1/heterophily_rewire_oracle/0.15/seed_0/graph.bin,/kaggle/working/gfd-robustness-v4-factorial-r1/graphs/base/yelpchi/r40_s1/graph.bin,ok,
gfd_robustness_benchmark_v4_factorial,yelpchi,r40_s1,0,2,heterophily_rewire_oracle,0.15,secgfd,train_on_variant,0.9931328351761344,0.9795363349271734,0.9641301572491064,0.5435802936553955,1.385794064000038,12,2,0.9879639152523382,roc_auc,early_stopping,45954,8051348,175.2045135498047,173.0,175.2045135498047,175.0,0.3428902924060821,0.1452974677085876,/kaggle/working/gfd-robustness-v4-factorial-r1/graphs/base/yelpchi/r40_s1/graph.bin,/kaggle/working/gfd-robustness-v4-factorial-r1/graphs/variants/yelpchi/r40_s1/heterophily_rewire_oracle/0.15/seed_0/graph.bin,/kaggle/working/gfd-robustness-v4-factorial-r1/graphs/variants/yelpchi/r40_s1/heterophily_rewire_oracle/0.15/seed_0/graph.bin,ok,
gfd_robustness_benchmark_v4_factorial,yelpchi,r40_s1,0,3,heterophily_rewire_oracle,0.15,mlp,train_clean_eval_all,0.7890011172283742,0.4222148286858138,0.6591169548062679,0.6908923387527466,0.1301752440012933,100,100,0.79316778597091,roc_auc,max_epochs,45954,8051348,175.2045135498047,173.0,175.2045135498047,175.0,0.3428902924060821,0.1452974677085876,/kaggle/working/gfd-robustness-v4-factorial-r1/graphs/base/yelpchi/r40_s1/graph.bin,/kaggle/working/gfd-robustness-v4-factorial-r1/graphs/variants/yelpchi/r40_s1/heterophily_rewire_oracle/0.15/seed_0/graph.bin,/kaggle/working/gfd-robustness-v4-factorial-r1/graphs/base/yelpchi/r40_s1/graph.bin,ok,
gfd_robustness_benchmark_v4_factorial,yelpchi,r40_s1,0,3,heterophily_rewire_oracle,0.15,mlp,train_on_variant,0.7890011172283742,0.4222148286858138,0.6591169548062679,0.6908923387527466,1.9949302029999672,100,100,0.79316778597091,roc_auc,max_epochs,45954,8051348,175.2045135498047,173.0,175.2045135498047,175.0,0.3428902924060821,0.1452974677085876,/kaggle/working/gfd-robustness-v4-factorial-r1/graphs/base/yelpchi/r40_s1/graph.bin,/kaggle/working/gfd-robustness-v4-factorial-r1/graphs/variants/yelpchi/r40_s1/heterophily_rewire_oracle/0.15/seed_0/graph.bin,/kaggle/working/gfd-robustness-v4-factorial-r1/graphs/variants/yelpchi/r40_s1/heterophily_rewire_oracle/0.15/seed_0/graph.bin,ok,
gfd_robustness_benchmark_v4_factorial,yelpchi,r40_s1,0,3,heterophily_rewire_oracle,0.15,pmp,train_clean_eval_all,0.7889354588620621,0.4336875873544812,0.6636151576636188,0.2770633101463318,0.4648203179986012,100,100,0.854679931435165,roc_auc,max_epochs,45954,8051348,175.2045135498047,173.0,175.2045135498047,175.0,0.3428902924060821,0.1452974677085876,/kaggle/working/gfd-robustness-v4-factorial-r1/graphs/base/yelpchi/r40_s1/graph.bin,/kaggle/working/gfd-robustness-v4-factorial-r1/graphs/variants/yelpchi/r40_s1/heterophily_rewire_oracle/0.15/seed_0/graph.bin,/kaggle/working/gfd-robustness-v4-factorial-r1/graphs/base/yelpchi/r40_s1/graph.bin,ok,
gfd_robustness_benchmark_v4_factorial,yelpchi,r40_s1,0,3,heterophily_rewire_oracle,0.15,pmp,train_on_variant,0.8775194686047966,0.5926267531163972,0.7352727307831077,0.2947996258735657,57.682737317999454,100,99,0.8847321656331877,roc_auc,max_epochs,45954,8051348,175.2045135498047,173.0,175.2045135498047,175.0,0.3428902924060821,0.1452974677085876,/kaggle/working/gfd-robustness-v4-factorial-r1/graphs/base/yelpchi/r40_s1/graph.bin,/kaggle/working/gfd-robustness-v4-factorial-r1/graphs/variants/yelpchi/r40_s1/heterophily_rewire_oracle/0.15/seed_0/graph.bin,/kaggle/working/gfd-robustness-v4-factorial-r1/graphs/variants/yelpchi/r40_s1/heterophily_rewire_oracle/0.15/seed_0/graph.bin,ok,
gfd_robustness_benchmark_v4_factorial,yelpchi,r40_s1,0,3,heterophily_rewire_oracle,0.15,sage,train_clean_eval_all,0.7638001904795297,0.3977753828082341,0.6488497401458153,0.6763858795166016,0.1837985100009973,100,100,0.7853451486087966,roc_auc,max_epochs,45954,8051348,175.2045135498047,173.0,175.2045135498047,175.0,0.3428902924060821,0.1452974677085876,/kaggle/working/gfd-robustness-v4-factorial-r1/graphs/base/yelpchi/r40_s1/graph.bin,/kaggle/working/gfd-robustness-v4-factorial-r1/graphs/variants/yelpchi/r40_s1/heterophily_rewire_oracle/0.15/seed_0/graph.bin,/kaggle/working/gfd-robustness-v4-factorial-r1/graphs/base/yelpchi/r40_s1/graph.bin,ok,
gfd_robustness_benchmark_v4_factorial,yelpchi,r40_s1,0,3,heterophily_rewire_oracle,0.15,sage,train_on_variant,0.8529815210465017,0.5293578661462487,0.7119379180288604,0.7133646607398987,3.4389429089997066,100,100,0.8521612942447021,roc_auc,max_epochs,45954,8051348,175.2045135498047,173.0,175.2045135498047,175.0,0.3428902924060821,0.1452974677085876,/kaggle/working/gfd-robustness-v4-factorial-r1/graphs/base/yelpchi/r40_s1/graph.bin,/kaggle/working/gfd-robustness-v4-factorial-r1/graphs/variants/yelpchi/r40_s1/heterophily_rewire_oracle/0.15/seed_0/graph.bin,/kaggle/working/gfd-robustness-v4-factorial-r1/graphs/variants/yelpchi/r40_s1/heterophily_rewire_oracle/0.15/seed_0/graph.bin,ok,
gfd_robustness_benchmark_v4_factorial,yelpchi,r40_s1,0,3,heterophily_rewire_oracle,0.15,secgfd,train_clean_eval_all,0.6230526154920302,0.2184241549393381,0.5560836351432961,0.6394457817077637,0.2470983419989352,50,50,0.8028998443225408,roc_auc,max_epochs,45954,8051348,175.2045135498047,173.0,175.2045135498047,175.0,0.3428902924060821,0.1452974677085876,/kaggle/working/gfd-robustness-v4-factorial-r1/graphs/base/yelpchi/r40_s1/graph.bin,/kaggle/working/gfd-robustness-v4-factorial-r1/graphs/variants/yelpchi/r40_s1/heterophily_rewire_oracle/0.15/seed_0/graph.bin,/kaggle/working/gfd-robustness-v4-factorial-r1/graphs/base/yelpchi/r40_s1/graph.bin,ok,
gfd_robustness_benchmark_v4_factorial,yelpchi,r40_s1,0,3,heterophily_rewire_oracle,0.15,secgfd,train_on_variant,0.9995918176693964,0.9973028818193644,0.9904683347823748,0.7916492223739624,3.484771577000174,37,27,0.9995089842343792,roc_auc,early_stopping,45954,8051348,175.2045135498047,173.0,175.2045135498047,175.0,0.3428902924060821,0.1452974677085876,/kaggle/working/gfd-robustness-v4-factorial-r1/graphs/base/yelpchi/r40_s1/graph.bin,/kaggle/working/gfd-robustness-v4-factorial-r1/graphs/variants/yelpchi/r40_s1/heterophily_rewire_oracle/0.15/seed_0/graph.bin,/kaggle/working/gfd-robustness-v4-factorial-r1/graphs/variants/yelpchi/r40_s1/heterophily_rewire_oracle/0.15/seed_0/graph.bin,ok,
gfd_robustness_benchmark_v4_factorial,yelpchi,r40_s1,0,4,heterophily_rewire_oracle,0.15,mlp,train_clean_eval_all,0.7894763990031648,0.4290633283011688,0.6620706708330315,0.6857644319534302,0.13156586399964,100,100,0.7918636713655989,roc_auc,max_epochs,45954,8051348,175.2045135498047,173.0,175.2045135498047,175.0,0.3428902924060821,0.1452974677085876,/kaggle/working/gfd-robustness-v4-factorial-r1/graphs/base/yelpchi/r40_s1/graph.bin,/kaggle/working/gfd-robustness-v4-factorial-r1/graphs/variants/yelpchi/r40_s1/heterophily_rewire_oracle/0.15/seed_0/graph.bin,/kaggle/working/gfd-robustness-v4-factorial-r1/graphs/base/yelpchi/r40_s1/graph.bin,ok,
gfd_robustness_benchmark_v4_factorial,yelpchi,r40_s1,0,4,heterophily_rewire_oracle,0.15,mlp,train_on_variant,0.7894763990031648,0.4290633283011688,0.6620706708330315,0.6857644319534302,1.9716938929996104,100,100,0.7918636713655989,roc_auc,max_epochs,45954,8051348,175.2045135498047,173.0,175.2045135498047,175.0,0.3428902924060821,0.1452974677085876,/kaggle/working/gfd-robustness-v4-factorial-r1/graphs/base/yelpchi/r40_s1/graph.bin,/kaggle/working/gfd-robustness-v4-factorial-r1/graphs/variants/yelpchi/r40_s1/heterophily_rewire_oracle/0.15/seed_0/graph.bin,/kaggle/working/gfd-robustness-v4-factorial-r1/graphs/variants/yelpchi/r40_s1/heterophily_rewire_oracle/0.15/seed_0/graph.bin,ok,
gfd_robustness_benchmark_v4_factorial,yelpchi,r40_s1,0,4,heterophily_rewire_oracle,0.15,pmp,train_clean_eval_all,0.7929547441522251,0.4190308972213855,0.6554117298806368,0.3471680581569671,0.4737486190006166,73,63,0.8499933008627821,roc_auc,early_stopping,45954,8051348,175.2045135498047,173.0,175.2045135498047,175.0,0.3428902924060821,0.1452974677085876,/kaggle/working/gfd-robustness-v4-factorial-r1/graphs/base/yelpchi/r40_s1/graph.bin,/kaggle/working/gfd-robustness-v4-factorial-r1/graphs/variants/yelpchi/r40_s1/heterophily_rewire_oracle/0.15/seed_0/graph.bin,/kaggle/working/gfd-robustness-v4-factorial-r1/graphs/base/yelpchi/r40_s1/graph.bin,ok,
gfd_robustness_benchmark_v4_factorial,yelpchi,r40_s1,0,4,heterophily_rewire_oracle,0.15,pmp,train_on_variant,0.8699490935072319,0.560247712052522,0.7229211138946431,0.3625365495681762,38.09836544999962,65,55,0.8774490829810923,roc_auc,early_stopping,45954,8051348,175.2045135498047,173.0,175.2045135498047,175.0,0.3428902924060821,0.1452974677085876,/kaggle/working/gfd-robustness-v4-factorial-r1/graphs/base/yelpchi/r40_s1/graph.bin,/kaggle/working/gfd-robustness-v4-factorial-r1/graphs/variants/yelpchi/r40_s1/heterophily_rewire_oracle/0.15/seed_0/graph.bin,/kaggle/working/gfd-robustness-v4-factorial-r1/graphs/variants/yelpchi/r40_s1/heterophily_rewire_oracle/0.15/seed_0/graph.bin,ok,
gfd_robustness_benchmark_v4_factorial,yelpchi,r40_s1,0,4,heterophily_rewire_oracle,0.15,sage,train_clean_eval_all,0.772218729229423,0.4075477316662649,0.6479964172153554,0.701765239238739,0.2200810829999682,100,100,0.7862607132554708,roc_auc,max_epochs,45954,8051348,175.2045135498047,173.0,175.2045135498047,175.0,0.3428902924060821,0.1452974677085876,/kaggle/working/gfd-robustness-v4-factorial-r1/graphs/base/yelpchi/r40_s1/graph.bin,/kaggle/working/gfd-robustness-v4-factorial-r1/graphs/variants/yelpchi/r40_s1/heterophily_rewire_oracle/0.15/seed_0/graph.bin,/kaggle/working/gfd-robustness-v4-factorial-r1/graphs/base/yelpchi/r40_s1/graph.bin,ok,
gfd_robustness_benchmark_v4_factorial,yelpchi,r40_s1,0,4,heterophily_rewire_oracle,0.15,sage,train_on_variant,0.8333883166076198,0.4837468625401048,0.701275126254725,0.6721904277801514,3.298212853000223,100,100,0.8324414659905545,roc_auc,max_epochs,45954,8051348,175.2045135498047,173.0,175.2045135498047,175.0,0.3428902924060821,0.1452974677085876,/kaggle/working/gfd-robustness-v4-factorial-r1/graphs/base/yelpchi/r40_s1/graph.bin,/kaggle/working/gfd-robustness-v4-factorial-r1/graphs/variants/yelpchi/r40_s1/heterophily_rewire_oracle/0.15/seed_0/graph.bin,/kaggle/working/gfd-robustness-v4-factorial-r1/graphs/variants/yelpchi/r40_s1/heterophily_rewire_oracle/0.15/seed_0/graph.bin,ok,
gfd_robustness_benchmark_v4_factorial,yelpchi,r40_s1,0,4,heterophily_rewire_oracle,0.15,secgfd,train_clean_eval_all,0.6236933234790603,0.1960886583319963,0.53542064014493,0.6209703087806702,0.2097857039989321,50,49,0.7930952636384659,roc_auc,max_epochs,45954,8051348,175.2045135498047,173.0,175.2045135498047,175.0,0.3428902924060821,0.1452974677085876,/kaggle/working/gfd-robustness-v4-factorial-r1/graphs/base/yelpchi/r40_s1/graph.bin,/kaggle/working/gfd-robustness-v4-factorial-r1/graphs/variants/yelpchi/r40_s1/heterophily_rewire_oracle/0.15/seed_0/graph.bin,/kaggle/working/gfd-robustness-v4-factorial-r1/graphs/base/yelpchi/r40_s1/graph.bin,ok,
gfd_robustness_benchmark_v4_factorial,yelpchi,r40_s1,0,4,heterophily_rewire_oracle,0.15,secgfd,train_on_variant,0.999716191026806,0.9985383705986286,0.993729742712762,0.9414287209510804,4.590175314000589,50,46,0.9994038006279548,roc_auc,max_epochs,45954,8051348,175.2045135498047,173.0,175.2045135498047,175.0,0.3428902924060821,0.1452974677085876,/kaggle/working/gfd-robustness-v4-factorial-r1/graphs/base/yelpchi/r40_s1/graph.bin,/kaggle/working/gfd-robustness-v4-factorial-r1/graphs/variants/yelpchi/r40_s1/heterophily_rewire_oracle/0.15/seed_0/graph.bin,/kaggle/working/gfd-robustness-v4-factorial-r1/graphs/variants/yelpchi/r40_s1/heterophily_rewire_oracle/0.15/seed_0/graph.bin,ok,
gfd_robustness_benchmark_v4_factorial,yelpchi,r40_s1,1,0,heterophily_rewire_oracle,0.15,mlp,train_clean_eval_all,0.7411298917567106,0.3289358495954787,0.62102968873229,0.4987255334854126,0.1378490240003884,16,6,0.7381013548468616,roc_auc,early_stopping,45954,8051348,175.2045135498047,173.0,175.2045135498047,175.0,0.3429500162601471,0.1452974677085876,/kaggle/working/gfd-robustness-v4-factorial-r1/graphs/base/yelpchi/r40_s1/graph.bin,/kaggle/working/gfd-robustness-v4-factorial-r1/graphs/variants/yelpchi/r40_s1/heterophily_rewire_oracle/0.15/seed_1/graph.bin,/kaggle/working/gfd-robustness-v4-factorial-r1/graphs/base/yelpchi/r40_s1/graph.bin,ok,
gfd_robustness_benchmark_v4_factorial,yelpchi,r40_s1,1,0,heterophily_rewire_oracle,0.15,mlp,train_on_variant,0.7411298917567106,0.3289358495954787,0.62102968873229,0.4987255334854126,0.4980178759997216,16,6,0.7381013548468616,roc_auc,early_stopping,45954,8051348,175.2045135498047,173.0,175.2045135498047,175.0,0.3429500162601471,0.1452974677085876,/kaggle/working/gfd-robustness-v4-factorial-r1/graphs/base/yelpchi/r40_s1/graph.bin,/kaggle/working/gfd-robustness-v4-factorial-r1/graphs/variants/yelpchi/r40_s1/heterophily_rewire_oracle/0.15/seed_1/graph.bin,/kaggle/working/gfd-robustness-v4-factorial-r1/graphs/variants/yelpchi/r40_s1/heterophily_rewire_oracle/0.15/seed_1/graph.bin,ok,
gfd_robustness_benchmark_v4_factorial,yelpchi,r40_s1,1,0,heterophily_rewire_oracle,0.15,pmp,train_clean_eval_all,0.7784351580698075,0.4048759886714906,0.6485012032594821,0.2638531029224396,0.5395547510015604,52,42,0.8448072627229967,roc_auc,early_stopping,45954,8051348,175.2045135498047,173.0,175.2045135498047,175.0,0.3429500162601471,0.1452974677085876,/kaggle/working/gfd-robustness-v4-factorial-r1/graphs/base/yelpchi/r40_s1/graph.bin,/kaggle/working/gfd-robustness-v4-factorial-r1/graphs/variants/yelpchi/r40_s1/heterophily_rewire_oracle/0.15/seed_1/graph.bin,/kaggle/working/gfd-robustness-v4-factorial-r1/graphs/base/yelpchi/r40_s1/graph.bin,ok,
gfd_robustness_benchmark_v4_factorial,yelpchi,r40_s1,1,0,heterophily_rewire_oracle,0.15,pmp,train_on_variant,0.8751156197025501,0.5753822538840155,0.734823632170575,0.3011524081230163,46.46646016900013,81,71,0.8774777867576414,roc_auc,early_stopping,45954,8051348,175.2045135498047,173.0,175.2045135498047,175.0,0.3429500162601471,0.1452974677085876,/kaggle/working/gfd-robustness-v4-factorial-r1/graphs/base/yelpchi/r40_s1/graph.bin,/kaggle/working/gfd-robustness-v4-factorial-r1/graphs/variants/yelpchi/r40_s1/heterophily_rewire_oracle/0.15/seed_1/graph.bin,/kaggle/working/gfd-robustness-v4-factorial-r1/graphs/variants/yelpchi/r40_s1/heterophily_rewire_oracle/0.15/seed_1/graph.bin,ok,
gfd_robustness_benchmark_v4_factorial,yelpchi,r40_s1,1,0,heterophily_rewire_oracle,0.15,sage,train_clean_eval_all,0.775695145001494,0.4154072566318926,0.6580900593098703,0.6340437531471252,0.2134436599990294,100,99,0.7847662096472344,roc_auc,max_epochs,45954,8051348,175.2045135498047,173.0,175.2045135498047,175.0,0.3429500162601471,0.1452974677085876,/kaggle/working/gfd-robustness-v4-factorial-r1/graphs/base/yelpchi/r40_s1/graph.bin,/kaggle/working/gfd-robustness-v4-factorial-r1/graphs/variants/yelpchi/r40_s1/heterophily_rewire_oracle/0.15/seed_1/graph.bin,/kaggle/working/gfd-robustness-v4-factorial-r1/graphs/base/yelpchi/r40_s1/graph.bin,ok,
gfd_robustness_benchmark_v4_factorial,yelpchi,r40_s1,1,0,heterophily_rewire_oracle,0.15,sage,train_on_variant,0.8293323136059856,0.4972671620322916,0.6995776632004412,0.699032723903656,3.4207131809998828,100,100,0.8298636093806994,roc_auc,max_epochs,45954,8051348,175.2045135498047,173.0,175.2045135498047,175.0,0.3429500162601471,0.1452974677085876,/kaggle/working/gfd-robustness-v4-factorial-r1/graphs/base/yelpchi/r40_s1/graph.bin,/kaggle/working/gfd-robustness-v4-factorial-r1/graphs/variants/yelpchi/r40_s1/heterophily_rewire_oracle/0.15/seed_1/graph.bin,/kaggle/working/gfd-robustness-v4-factorial-r1/graphs/variants/yelpchi/r40_s1/heterophily_rewire_oracle/0.15/seed_1/graph.bin,ok,
gfd_robustness_benchmark_v4_factorial,yelpchi,r40_s1,1,0,heterophily_rewire_oracle,0.15,secgfd,train_clean_eval_all,0.6685960833551837,0.2528578562718624,0.5753703567461228,0.707516610622406,0.2114850809994095,50,50,0.81031190324634,roc_auc,max_epochs,45954,8051348,175.2045135498047,173.0,175.2045135498047,175.0,0.3429500162601471,0.1452974677085876,/kaggle/working/gfd-robustness-v4-factorial-r1/graphs/base/yelpchi/r40_s1/graph.bin,/kaggle/working/gfd-robustness-v4-factorial-r1/graphs/variants/yelpchi/r40_s1/heterophily_rewire_oracle/0.15/seed_1/graph.bin,/kaggle/working/gfd-robustness-v4-factorial-r1/graphs/base/yelpchi/r40_s1/graph.bin,ok,
gfd_robustness_benchmark_v4_factorial,yelpchi,r40_s1,1,0,heterophily_rewire_oracle,0.15,secgfd,train_on_variant,0.9997339603506836,0.9987156045114948,0.9917676803081462,0.8526343107223511,3.898353603999567,41,31,0.9992085005137594,roc_auc,early_stopping,45954,8051348,175.2045135498047,173.0,175.2045135498047,175.0,0.3429500162601471,0.1452974677085876,/kaggle/working/gfd-robustness-v4-factorial-r1/graphs/base/yelpchi/r40_s1/graph.bin,/kaggle/working/gfd-robustness-v4-factorial-r1/graphs/variants/yelpchi/r40_s1/heterophily_rewire_oracle/0.15/seed_1/graph.bin,/kaggle/working/gfd-robustness-v4-factorial-r1/graphs/variants/yelpchi/r40_s1/heterophily_rewire_oracle/0.15/seed_1/graph.bin,ok,
gfd_robustness_benchmark_v4_factorial,yelpchi,r40_s1,1,1,heterophily_rewire_oracle,0.15,mlp,train_clean_eval_all,0.7890208397487103,0.4259466979825966,0.6592905529479388,0.7060688734054565,0.206264476000797,100,100,0.7923067203551258,roc_auc,max_epochs,45954,8051348,175.2045135498047,173.0,175.2045135498047,175.0,0.3429500162601471,0.1452974677085876,/kaggle/working/gfd-robustness-v4-factorial-r1/graphs/base/yelpchi/r40_s1/graph.bin,/kaggle/working/gfd-robustness-v4-factorial-r1/graphs/variants/yelpchi/r40_s1/heterophily_rewire_oracle/0.15/seed_1/graph.bin,/kaggle/working/gfd-robustness-v4-factorial-r1/graphs/base/yelpchi/r40_s1/graph.bin,ok,
gfd_robustness_benchmark_v4_factorial,yelpchi,r40_s1,1,1,heterophily_rewire_oracle,0.15,mlp,train_on_variant,0.7890208397487103,0.4259466979825966,0.6592905529479388,0.7060688734054565,1.8834475949997795,100,100,0.7923067203551258,roc_auc,max_epochs,45954,8051348,175.2045135498047,173.0,175.2045135498047,175.0,0.3429500162601471,0.1452974677085876,/kaggle/working/gfd-robustness-v4-factorial-r1/graphs/base/yelpchi/r40_s1/graph.bin,/kaggle/working/gfd-robustness-v4-factorial-r1/graphs/variants/yelpchi/r40_s1/heterophily_rewire_oracle/0.15/seed_1/graph.bin,/kaggle/working/gfd-robustness-v4-factorial-r1/graphs/variants/yelpchi/r40_s1/heterophily_rewire_oracle/0.15/seed_1/graph.bin,ok,
gfd_robustness_benchmark_v4_factorial,yelpchi,r40_s1,1,1,heterophily_rewire_oracle,0.15,pmp,train_clean_eval_all,0.7968128788248351,0.4191919245633794,0.6562158127215747,0.3995718955993652,0.5371952269997564,73,63,0.8482169090037834,roc_auc,early_stopping,45954,8051348,175.2045135498047,173.0,175.2045135498047,175.0,0.3429500162601471,0.1452974677085876,/kaggle/working/gfd-robustness-v4-factorial-r1/graphs/base/yelpchi/r40_s1/graph.bin,/kaggle/working/gfd-robustness-v4-factorial-r1/graphs/variants/yelpchi/r40_s1/heterophily_rewire_oracle/0.15/seed_1/graph.bin,/kaggle/working/gfd-robustness-v4-factorial-r1/graphs/base/yelpchi/r40_s1/graph.bin,ok,
gfd_robustness_benchmark_v4_factorial,yelpchi,r40_s1,1,1,heterophily_rewire_oracle,0.15,pmp,train_on_variant,0.8732067512759614,0.5707291069186179,0.7340010443113877,0.3481384217739105,35.07936191399949,60,50,0.8742547627051164,roc_auc,early_stopping,45954,8051348,175.2045135498047,173.0,175.2045135498047,175.0,0.3429500162601471,0.1452974677085876,/kaggle/working/gfd-robustness-v4-factorial-r1/graphs/base/yelpchi/r40_s1/graph.bin,/kaggle/working/gfd-robustness-v4-factorial-r1/graphs/variants/yelpchi/r40_s1/heterophily_rewire_oracle/0.15/seed_1/graph.bin,/kaggle/working/gfd-robustness-v4-factorial-r1/graphs/variants/yelpchi/r40_s1/heterophily_rewire_oracle/0.15/seed_1/graph.bin,ok,
gfd_robustness_benchmark_v4_factorial,yelpchi,r40_s1,1,1,heterophily_rewire_oracle,0.15,sage,train_clean_eval_all,0.6216558418295791,0.2042807466863933,0.5506780636169131,0.2877165079116821,0.2198915089993534,23,13,0.6056249389091134,roc_auc,early_stopping,45954,8051348,175.2045135498047,173.0,175.2045135498047,175.0,0.3429500162601471,0.1452974677085876,/kaggle/working/gfd-robustness-v4-factorial-r1/graphs/base/yelpchi/r40_s1/graph.bin,/kaggle/working/gfd-robustness-v4-factorial-r1/graphs/variants/yelpchi/r40_s1/heterophily_rewire_oracle/0.15/seed_1/graph.bin,/kaggle/working/gfd-robustness-v4-factorial-r1/graphs/base/yelpchi/r40_s1/graph.bin,ok,
gfd_robustness_benchmark_v4_factorial,yelpchi,r40_s1,1,1,heterophily_rewire_oracle,0.15,sage,train_on_variant,0.8337017927294597,0.4967305511793354,0.6973041815076281,0.6762662529945374,3.3458228719991894,100,100,0.8325315824983253,roc_auc,max_epochs,45954,8051348,175.2045135498047,173.0,175.2045135498047,175.0,0.3429500162601471,0.1452974677085876,/kaggle/working/gfd-robustness-v4-factorial-r1/graphs/base/yelpchi/r40_s1/graph.bin,/kaggle/working/gfd-robustness-v4-factorial-r1/graphs/variants/yelpchi/r40_s1/heterophily_rewire_oracle/0.15/seed_1/graph.bin,/kaggle/working/gfd-robustness-v4-factorial-r1/graphs/variants/yelpchi/r40_s1/heterophily_rewire_oracle/0.15/seed_1/graph.bin,ok,
gfd_robustness_benchmark_v4_factorial,yelpchi,r40_s1,1,1,heterophily_rewire_oracle,0.15,secgfd,train_clean_eval_all,0.6899651006667927,0.2843446296020947,0.586884240366295,0.679985523223877,0.2087977579994913,50,50,0.8115241848389704,roc_auc,max_epochs,45954,8051348,175.2045135498047,173.0,175.2045135498047,175.0,0.3429500162601471,0.1452974677085876,/kaggle/working/gfd-robustness-v4-factorial-r1/graphs/base/yelpchi/r40_s1/graph.bin,/kaggle/working/gfd-robustness-v4-factorial-r1/graphs/variants/yelpchi/r40_s1/heterophily_rewire_oracle/0.15/seed_1/graph.bin,/kaggle/working/gfd-robustness-v4-factorial-r1/graphs/base/yelpchi/r40_s1/graph.bin,ok,
gfd_robustness_benchmark_v4_factorial,yelpchi,r40_s1,1,1,heterophily_rewire_oracle,0.15,secgfd,train_on_variant,0.9997091881029184,0.9989368930200274,0.9938503244435554,0.7917342185974121,4.709631961999548,50,50,0.9989778213261432,roc_auc,max_epochs,45954,8051348,175.2045135498047,173.0,175.2045135498047,175.0,0.3429500162601471,0.1452974677085876,/kaggle/working/gfd-robustness-v4-factorial-r1/graphs/base/yelpchi/r40_s1/graph.bin,/kaggle/working/gfd-robustness-v4-factorial-r1/graphs/variants/yelpchi/r40_s1/heterophily_rewire_oracle/0.15/seed_1/graph.bin,/kaggle/working/gfd-robustness-v4-factorial-r1/graphs/variants/yelpchi/r40_s1/heterophily_rewire_oracle/0.15/seed_1/graph.bin,ok,
gfd_robustness_benchmark_v4_factorial,yelpchi,r40_s1,1,2,heterophily_rewire_oracle,0.15,mlp,train_clean_eval_all,0.7900874636610181,0.4282571598298197,0.6631972481222677,0.6799353361129761,0.1396661540002242,100,100,0.7945293081293195,roc_auc,max_epochs,45954,8051348,175.2045135498047,173.0,175.2045135498047,175.0,0.3429500162601471,0.1452974677085876,/kaggle/working/gfd-robustness-v4-factorial-r1/graphs/base/yelpchi/r40_s1/graph.bin,/kaggle/working/gfd-robustness-v4-factorial-r1/graphs/variants/yelpchi/r40_s1/heterophily_rewire_oracle/0.15/seed_1/graph.bin,/kaggle/working/gfd-robustness-v4-factorial-r1/graphs/base/yelpchi/r40_s1/graph.bin,ok,
gfd_robustness_benchmark_v4_factorial,yelpchi,r40_s1,1,2,heterophily_rewire_oracle,0.15,mlp,train_on_variant,0.7900874636610181,0.4282571598298197,0.6631972481222677,0.6799353361129761,2.0994681249994755,100,100,0.7945293081293195,roc_auc,max_epochs,45954,8051348,175.2045135498047,173.0,175.2045135498047,175.0,0.3429500162601471,0.1452974677085876,/kaggle/working/gfd-robustness-v4-factorial-r1/graphs/base/yelpchi/r40_s1/graph.bin,/kaggle/working/gfd-robustness-v4-factorial-r1/graphs/variants/yelpchi/r40_s1/heterophily_rewire_oracle/0.15/seed_1/graph.bin,/kaggle/working/gfd-robustness-v4-factorial-r1/graphs/variants/yelpchi/r40_s1/heterophily_rewire_oracle/0.15/seed_1/graph.bin,ok,
gfd_robustness_benchmark_v4_factorial,yelpchi,r40_s1,1,2,heterophily_rewire_oracle,0.15,pmp,train_clean_eval_all,0.7801613073496592,0.4072009039509587,0.654303931932031,0.3258445560932159,0.4700857449988689,86,76,0.8507594819016013,roc_auc,early_stopping,45954,8051348,175.2045135498047,173.0,175.2045135498047,175.0,0.3429500162601471,0.1452974677085876,/kaggle/working/gfd-robustness-v4-factorial-r1/graphs/base/yelpchi/r40_s1/graph.bin,/kaggle/working/gfd-robustness-v4-factorial-r1/graphs/variants/yelpchi/r40_s1/heterophily_rewire_oracle/0.15/seed_1/graph.bin,/kaggle/working/gfd-robustness-v4-factorial-r1/graphs/base/yelpchi/r40_s1/graph.bin,ok,
gfd_robustness_benchmark_v4_factorial,yelpchi,r40_s1,1,2,heterophily_rewire_oracle,0.15,pmp,train_on_variant,0.8705893489243509,0.5595893195427154,0.7335157908405165,0.2959027290344238,39.66118561500025,69,59,0.8772083431674761,roc_auc,early_stopping,45954,8051348,175.2045135498047,173.0,175.2045135498047,175.0,0.3429500162601471,0.1452974677085876,/kaggle/working/gfd-robustness-v4-factorial-r1/graphs/base/yelpchi/r40_s1/graph.bin,/kaggle/working/gfd-robustness-v4-factorial-r1/graphs/variants/yelpchi/r40_s1/heterophily_rewire_oracle/0.15/seed_1/graph.bin,/kaggle/working/gfd-robustness-v4-factorial-r1/graphs/variants/yelpchi/r40_s1/heterophily_rewire_oracle/0.15/seed_1/graph.bin,ok,
gfd_robustness_benchmark_v4_factorial,yelpchi,r40_s1,1,2,heterophily_rewire_oracle,0.15,sage,train_clean_eval_all,0.7728769921651097,0.411351887041356,0.6522707321752561,0.6474134922027588,0.1729706330006593,100,99,0.7896983004217357,roc_auc,max_epochs,45954,8051348,175.2045135498047,173.0,175.2045135498047,175.0,0.3429500162601471,0.1452974677085876,/kaggle/working/gfd-robustness-v4-factorial-r1/graphs/base/yelpchi/r40_s1/graph.bin,/kaggle/working/gfd-robustness-v4-factorial-r1/graphs/variants/yelpchi/r40_s1/heterophily_rewire_oracle/0.15/seed_1/graph.bin,/kaggle/working/gfd-robustness-v4-factorial-r1/graphs/base/yelpchi/r40_s1/graph.bin,ok,
gfd_robustness_benchmark_v4_factorial,yelpchi,r40_s1,1,2,heterophily_rewire_oracle,0.15,sage,train_on_variant,0.8478044190069454,0.5211268766250456,0.70957207424429,0.6839162707328796,3.540389574000073,100,100,0.8470266082101383,roc_auc,max_epochs,45954,8051348,175.2045135498047,173.0,175.2045135498047,175.0,0.3429500162601471,0.1452974677085876,/kaggle/working/gfd-robustness-v4-factorial-r1/graphs/base/yelpchi/r40_s1/graph.bin,/kaggle/working/gfd-robustness-v4-factorial-r1/graphs/variants/yelpchi/r40_s1/heterophily_rewire_oracle/0.15/seed_1/graph.bin,/kaggle/working/gfd-robustness-v4-factorial-r1/graphs/variants/yelpchi/r40_s1/heterophily_rewire_oracle/0.15/seed_1/graph.bin,ok,
gfd_robustness_benchmark_v4_factorial,yelpchi,r40_s1,1,2,heterophily_rewire_oracle,0.15,secgfd,train_clean_eval_all,0.6410842155429467,0.2378105547160046,0.5687148390101606,0.6409332752227783,0.2032263760011119,50,50,0.8095187349358813,roc_auc,max_epochs,45954,8051348,175.2045135498047,173.0,175.2045135498047,175.0,0.3429500162601471,0.1452974677085876,/kaggle/working/gfd-robustness-v4-factorial-r1/graphs/base/yelpchi/r40_s1/graph.bin,/kaggle/working/gfd-robustness-v4-factorial-r1/graphs/variants/yelpchi/r40_s1/heterophily_rewire_oracle/0.15/seed_1/graph.bin,/kaggle/working/gfd-robustness-v4-factorial-r1/graphs/base/yelpchi/r40_s1/graph.bin,ok,
gfd_robustness_benchmark_v4_factorial,yelpchi,r40_s1,1,2,heterophily_rewire_oracle,0.15,secgfd,train_on_variant,0.992245024017647,0.9784672781869302,0.9657631190495092,0.5436378717422485,1.3864638919994832,12,2,0.989047268253957,roc_auc,early_stopping,45954,8051348,175.2045135498047,173.0,175.2045135498047,175.0,0.3429500162601471,0.1452974677085876,/kaggle/working/gfd-robustness-v4-factorial-r1/graphs/base/yelpchi/r40_s1/graph.bin,/kaggle/working/gfd-robustness-v4-factorial-r1/graphs/variants/yelpchi/r40_s1/heterophily_rewire_oracle/0.15/seed_1/graph.bin,/kaggle/working/gfd-robustness-v4-factorial-r1/graphs/variants/yelpchi/r40_s1/heterophily_rewire_oracle/0.15/seed_1/graph.bin,ok,
gfd_robustness_benchmark_v4_factorial,yelpchi,r40_s1,1,3,heterophily_rewire_oracle,0.15,mlp,train_clean_eval_all,0.7890011172283742,0.4222148286858138,0.6591169548062679,0.6908923387527466,0.137169305999123,100,100,0.79316778597091,roc_auc,max_epochs,45954,8051348,175.2045135498047,173.0,175.2045135498047,175.0,0.3429500162601471,0.1452974677085876,/kaggle/working/gfd-robustness-v4-factorial-r1/graphs/base/yelpchi/r40_s1/graph.bin,/kaggle/working/gfd-robustness-v4-factorial-r1/graphs/variants/yelpchi/r40_s1/heterophily_rewire_oracle/0.15/seed_1/graph.bin,/kaggle/working/gfd-robustness-v4-factorial-r1/graphs/base/yelpchi/r40_s1/graph.bin,ok,
gfd_robustness_benchmark_v4_factorial,yelpchi,r40_s1,1,3,heterophily_rewire_oracle,0.15,mlp,train_on_variant,0.7890011172283742,0.4222148286858138,0.6591169548062679,0.6908923387527466,1.7868877620003332,100,100,0.79316778597091,roc_auc,max_epochs,45954,8051348,175.2045135498047,173.0,175.2045135498047,175.0,0.3429500162601471,0.1452974677085876,/kaggle/working/gfd-robustness-v4-factorial-r1/graphs/base/yelpchi/r40_s1/graph.bin,/kaggle/working/gfd-robustness-v4-factorial-r1/graphs/variants/yelpchi/r40_s1/heterophily_rewire_oracle/0.15/seed_1/graph.bin,/kaggle/working/gfd-robustness-v4-factorial-r1/graphs/variants/yelpchi/r40_s1/heterophily_rewire_oracle/0.15/seed_1/graph.bin,ok,
gfd_robustness_benchmark_v4_factorial,yelpchi,r40_s1,1,3,heterophily_rewire_oracle,0.15,pmp,train_clean_eval_all,0.7882163014538641,0.4323367521369313,0.6606392404411343,0.2770633101463318,0.4672464689992921,100,100,0.854679931435165,roc_auc,max_epochs,45954,8051348,175.2045135498047,173.0,175.2045135498047,175.0,0.3429500162601471,0.1452974677085876,/kaggle/working/gfd-robustness-v4-factorial-r1/graphs/base/yelpchi/r40_s1/graph.bin,/kaggle/working/gfd-robustness-v4-factorial-r1/graphs/variants/yelpchi/r40_s1/heterophily_rewire_oracle/0.15/seed_1/graph.bin,/kaggle/working/gfd-robustness-v4-factorial-r1/graphs/base/yelpchi/r40_s1/graph.bin,ok,
gfd_robustness_benchmark_v4_factorial,yelpchi,r40_s1,1,3,heterophily_rewire_oracle,0.15,pmp,train_on_variant,0.8742722199440224,0.5705728765078274,0.7333867036095068,0.3702701032161712,43.91782754799988,74,64,0.8807030994833797,roc_auc,early_stopping,45954,8051348,175.2045135498047,173.0,175.2045135498047,175.0,0.3429500162601471,0.1452974677085876,/kaggle/working/gfd-robustness-v4-factorial-r1/graphs/base/yelpchi/r40_s1/graph.bin,/kaggle/working/gfd-robustness-v4-factorial-r1/graphs/variants/yelpchi/r40_s1/heterophily_rewire_oracle/0.15/seed_1/graph.bin,/kaggle/working/gfd-robustness-v4-factorial-r1/graphs/variants/yelpchi/r40_s1/heterophily_rewire_oracle/0.15/seed_1/graph.bin,ok,
gfd_robustness_benchmark_v4_factorial,yelpchi,r40_s1,1,3,heterophily_rewire_oracle,0.15,sage,train_clean_eval_all,0.7637826474406075,0.3973326928651863,0.6477842035957542,0.6763858795166016,0.1712836530005006,100,100,0.7853451486087966,roc_auc,max_epochs,45954,8051348,175.2045135498047,173.0,175.2045135498047,175.0,0.3429500162601471,0.1452974677085876,/kaggle/working/gfd-robustness-v4-factorial-r1/graphs/base/yelpchi/r40_s1/graph.bin,/kaggle/working/gfd-robustness-v4-factorial-r1/graphs/variants/yelpchi/r40_s1/heterophily_rewire_oracle/0.15/seed_1/graph.bin,/kaggle/working/gfd-robustness-v4-factorial-r1/graphs/base/yelpchi/r40_s1/graph.bin,ok,
gfd_robustness_benchmark_v4_factorial,yelpchi,r40_s1,1,3,heterophily_rewire_oracle,0.15,sage,train_on_variant,0.8555490454300158,0.5348291530974524,0.7144624560354897,0.6801717281341553,3.278490102999968,100,99,0.8541820496499045,roc_auc,max_epochs,45954,8051348,175.2045135498047,173.0,175.2045135498047,175.0,0.3429500162601471,0.1452974677085876,/kaggle/working/gfd-robustness-v4-factorial-r1/graphs/base/yelpchi/r40_s1/graph.bin,/kaggle/working/gfd-robustness-v4-factorial-r1/graphs/variants/yelpchi/r40_s1/heterophily_rewire_oracle/0.15/seed_1/graph.bin,/kaggle/working/gfd-robustness-v4-factorial-r1/graphs/variants/yelpchi/r40_s1/heterophily_rewire_oracle/0.15/seed_1/graph.bin,ok,
gfd_robustness_benchmark_v4_factorial,yelpchi,r40_s1,1,3,heterophily_rewire_oracle,0.15,secgfd,train_clean_eval_all,0.6233791208634157,0.2180490701392256,0.5560032951356997,0.6394457817077637,0.2612386929995409,50,50,0.8028998443225408,roc_auc,max_epochs,45954,8051348,175.2045135498047,173.0,175.2045135498047,175.0,0.3429500162601471,0.1452974677085876,/kaggle/working/gfd-robustness-v4-factorial-r1/graphs/base/yelpchi/r40_s1/graph.bin,/kaggle/working/gfd-robustness-v4-factorial-r1/graphs/variants/yelpchi/r40_s1/heterophily_rewire_oracle/0.15/seed_1/graph.bin,/kaggle/working/gfd-robustness-v4-factorial-r1/graphs/base/yelpchi/r40_s1/graph.bin,ok,
gfd_robustness_benchmark_v4_factorial,yelpchi,r40_s1,1,3,heterophily_rewire_oracle,0.15,secgfd,train_on_variant,0.9996505683896972,0.9983869842201818,0.9906496163260484,0.8759262561798096,3.419239607000236,35,25,0.9992873643782318,roc_auc,early_stopping,45954,8051348,175.2045135498047,173.0,175.2045135498047,175.0,0.3429500162601471,0.1452974677085876,/kaggle/working/gfd-robustness-v4-factorial-r1/graphs/base/yelpchi/r40_s1/graph.bin,/kaggle/working/gfd-robustness-v4-factorial-r1/graphs/variants/yelpchi/r40_s1/heterophily_rewire_oracle/0.15/seed_1/graph.bin,/kaggle/working/gfd-robustness-v4-factorial-r1/graphs/variants/yelpchi/r40_s1/heterophily_rewire_oracle/0.15/seed_1/graph.bin,ok,
gfd_robustness_benchmark_v4_factorial,yelpchi,r40_s1,1,4,heterophily_rewire_oracle,0.15,mlp,train_clean_eval_all,0.7894763990031648,0.4290633283011688,0.6620706708330315,0.6857644319534302,0.1539595520007424,100,100,0.7918636713655989,roc_auc,max_epochs,45954,8051348,175.2045135498047,173.0,175.2045135498047,175.0,0.3429500162601471,0.1452974677085876,/kaggle/working/gfd-robustness-v4-factorial-r1/graphs/base/yelpchi/r40_s1/graph.bin,/kaggle/working/gfd-robustness-v4-factorial-r1/graphs/variants/yelpchi/r40_s1/heterophily_rewire_oracle/0.15/seed_1/graph.bin,/kaggle/working/gfd-robustness-v4-factorial-r1/graphs/base/yelpchi/r40_s1/graph.bin,ok,
gfd_robustness_benchmark_v4_factorial,yelpchi,r40_s1,1,4,heterophily_rewire_oracle,0.15,mlp,train_on_variant,0.7894763990031648,0.4290633283011688,0.6620706708330315,0.6857644319534302,1.9684049640000008,100,100,0.7918636713655989,roc_auc,max_epochs,45954,8051348,175.2045135498047,173.0,175.2045135498047,175.0,0.3429500162601471,0.1452974677085876,/kaggle/working/gfd-robustness-v4-factorial-r1/graphs/base/yelpchi/r40_s1/graph.bin,/kaggle/working/gfd-robustness-v4-factorial-r1/graphs/variants/yelpchi/r40_s1/heterophily_rewire_oracle/0.15/seed_1/graph.bin,/kaggle/working/gfd-robustness-v4-factorial-r1/graphs/variants/yelpchi/r40_s1/heterophily_rewire_oracle/0.15/seed_1/graph.bin,ok,
gfd_robustness_benchmark_v4_factorial,yelpchi,r40_s1,1,4,heterophily_rewire_oracle,0.15,pmp,train_clean_eval_all,0.789131659828256,0.4133081725533554,0.6536983046152479,0.3471680581569671,0.4678121899996768,73,63,0.8499933008627821,roc_auc,early_stopping,45954,8051348,175.2045135498047,173.0,175.2045135498047,175.0,0.3429500162601471,0.1452974677085876,/kaggle/working/gfd-robustness-v4-factorial-r1/graphs/base/yelpchi/r40_s1/graph.bin,/kaggle/working/gfd-robustness-v4-factorial-r1/graphs/variants/yelpchi/r40_s1/heterophily_rewire_oracle/0.15/seed_1/graph.bin,/kaggle/working/gfd-robustness-v4-factorial-r1/graphs/base/yelpchi/r40_s1/graph.bin,ok,
gfd_robustness_benchmark_v4_factorial,yelpchi,r40_s1,1,4,heterophily_rewire_oracle,0.15,pmp,train_on_variant,0.8739389022045014,0.5800762368782559,0.7393484498096781,0.2513194680213928,40.19702769200012,69,59,0.8808423271038509,roc_auc,early_stopping,45954,8051348,175.2045135498047,173.0,175.2045135498047,175.0,0.3429500162601471,0.1452974677085876,/kaggle/working/gfd-robustness-v4-factorial-r1/graphs/base/yelpchi/r40_s1/graph.bin,/kaggle/working/gfd-robustness-v4-factorial-r1/graphs/variants/yelpchi/r40_s1/heterophily_rewire_oracle/0.15/seed_1/graph.bin,/kaggle/working/gfd-robustness-v4-factorial-r1/graphs/variants/yelpchi/r40_s1/heterophily_rewire_oracle/0.15/seed_1/graph.bin,ok,
gfd_robustness_benchmark_v4_factorial,yelpchi,r40_s1,1,4,heterophily_rewire_oracle,0.15,sage,train_clean_eval_all,0.7721652664312414,0.406986829660859,0.6467543529660443,0.701765239238739,0.239328439000019,100,100,0.7862607132554708,roc_auc,max_epochs,45954,8051348,175.2045135498047,173.0,175.2045135498047,175.0,0.3429500162601471,0.1452974677085876,/kaggle/working/gfd-robustness-v4-factorial-r1/graphs/base/yelpchi/r40_s1/graph.bin,/kaggle/working/gfd-robustness-v4-factorial-r1/graphs/variants/yelpchi/r40_s1/heterophily_rewire_oracle/0.15/seed_1/graph.bin,/kaggle/working/gfd-robustness-v4-factorial-r1/graphs/base/yelpchi/r40_s1/graph.bin,ok,
gfd_robustness_benchmark_v4_factorial,yelpchi,r40_s1,1,4,heterophily_rewire_oracle,0.15,sage,train_on_variant,0.8513117524497847,0.5250760800511808,0.7115199257856821,0.6759569644927979,3.4050548220002383,100,100,0.8505758635569319,roc_auc,max_epochs,45954,8051348,175.2045135498047,173.0,175.2045135498047,175.0,0.3429500162601471,0.1452974677085876,/kaggle/working/gfd-robustness-v4-factorial-r1/graphs/base/yelpchi/r40_s1/graph.bin,/kaggle/working/gfd-robustness-v4-factorial-r1/graphs/variants/yelpchi/r40_s1/heterophily_rewire_oracle/0.15/seed_1/graph.bin,/kaggle/working/gfd-robustness-v4-factorial-r1/graphs/variants/yelpchi/r40_s1/heterophily_rewire_oracle/0.15/seed_1/graph.bin,ok,
gfd_robustness_benchmark_v4_factorial,yelpchi,r40_s1,1,4,heterophily_rewire_oracle,0.15,secgfd,train_clean_eval_all,0.6238566773974963,0.1962009721583858,0.5343339482529486,0.6209703087806702,0.2002582639997854,50,49,0.7930952636384659,roc_auc,max_epochs,45954,8051348,175.2045135498047,173.0,175.2045135498047,175.0,0.3429500162601471,0.1452974677085876,/kaggle/working/gfd-robustness-v4-factorial-r1/graphs/base/yelpchi/r40_s1/graph.bin,/kaggle/working/gfd-robustness-v4-factorial-r1/graphs/variants/yelpchi/r40_s1/heterophily_rewire_oracle/0.15/seed_1/graph.bin,/kaggle/working/gfd-robustness-v4-factorial-r1/graphs/base/yelpchi/r40_s1/graph.bin,ok,
gfd_robustness_benchmark_v4_factorial,yelpchi,r40_s1,1,4,heterophily_rewire_oracle,0.15,secgfd,train_on_variant,0.9996907041949704,0.998515270378918,0.9910979875079352,0.8645538091659546,4.126659389999986,43,33,0.9991517604903484,roc_auc,early_stopping,45954,8051348,175.2045135498047,173.0,175.2045135498047,175.0,0.3429500162601471,0.1452974677085876,/kaggle/working/gfd-robustness-v4-factorial-r1/graphs/base/yelpchi/r40_s1/graph.bin,/kaggle/working/gfd-robustness-v4-factorial-r1/graphs/variants/yelpchi/r40_s1/heterophily_rewire_oracle/0.15/seed_1/graph.bin,/kaggle/working/gfd-robustness-v4-factorial-r1/graphs/variants/yelpchi/r40_s1/heterophily_rewire_oracle/0.15/seed_1/graph.bin,ok,
gfd_robustness_benchmark_v4_factorial,yelpchi,r40_s1,0,0,heterophily_rewire_oracle,0.3,mlp,train_clean_eval_all,0.7411298917567106,0.3289358495954787,0.62102968873229,0.4987255334854126,0.2008534069991583,16,6,0.7381013548468616,roc_auc,early_stopping,45954,8051348,175.2045135498047,149.0,175.2045135498047,175.0,0.4587487578392029,0.1452974677085876,/kaggle/working/gfd-robustness-v4-factorial-r1/graphs/base/yelpchi/r40_s1/graph.bin,/kaggle/working/gfd-robustness-v4-factorial-r1/graphs/variants/yelpchi/r40_s1/heterophily_rewire_oracle/0.30/seed_0/graph.bin,/kaggle/working/gfd-robustness-v4-factorial-r1/graphs/base/yelpchi/r40_s1/graph.bin,ok,
gfd_robustness_benchmark_v4_factorial,yelpchi,r40_s1,0,0,heterophily_rewire_oracle,0.3,mlp,train_on_variant,0.7411298917567106,0.3289358495954787,0.62102968873229,0.4987255334854126,0.3818160490000082,16,6,0.7381013548468616,roc_auc,early_stopping,45954,8051348,175.2045135498047,149.0,175.2045135498047,175.0,0.4587487578392029,0.1452974677085876,/kaggle/working/gfd-robustness-v4-factorial-r1/graphs/base/yelpchi/r40_s1/graph.bin,/kaggle/working/gfd-robustness-v4-factorial-r1/graphs/variants/yelpchi/r40_s1/heterophily_rewire_oracle/0.30/seed_0/graph.bin,/kaggle/working/gfd-robustness-v4-factorial-r1/graphs/variants/yelpchi/r40_s1/heterophily_rewire_oracle/0.30/seed_0/graph.bin,ok,
gfd_robustness_benchmark_v4_factorial,yelpchi,r40_s1,0,0,heterophily_rewire_oracle,0.3,pmp,train_clean_eval_all,0.7514196641721649,0.3534992232303859,0.6296235849694142,0.2638531029224396,0.69185657700109,52,42,0.8448072627229967,roc_auc,early_stopping,45954,8051348,175.2045135498047,149.0,175.2045135498047,175.0,0.4587487578392029,0.1452974677085876,/kaggle/working/gfd-robustness-v4-factorial-r1/graphs/base/yelpchi/r40_s1/graph.bin,/kaggle/working/gfd-robustness-v4-factorial-r1/graphs/variants/yelpchi/r40_s1/heterophily_rewire_oracle/0.30/seed_0/graph.bin,/kaggle/working/gfd-robustness-v4-factorial-r1/graphs/base/yelpchi/r40_s1/graph.bin,ok,
gfd_robustness_benchmark_v4_factorial,yelpchi,r40_s1,0,0,heterophily_rewire_oracle,0.3,pmp,train_on_variant,0.9016484954289486,0.6434468955453018,0.7650496795637962,0.2267238646745681,53.90806716299994,100,99,0.9079372617455423,roc_auc,max_epochs,45954,8051348,175.2045135498047,149.0,175.2045135498047,175.0,0.4587487578392029,0.1452974677085876,/kaggle/working/gfd-robustness-v4-factorial-r1/graphs/base/yelpchi/r40_s1/graph.bin,/kaggle/working/gfd-robustness-v4-factorial-r1/graphs/variants/yelpchi/r40_s1/heterophily_rewire_oracle/0.30/seed_0/graph.bin,/kaggle/working/gfd-robustness-v4-factorial-r1/graphs/variants/yelpchi/r40_s1/heterophily_rewire_oracle/0.30/seed_0/graph.bin,ok,
gfd_robustness_benchmark_v4_factorial,yelpchi,r40_s1,0,0,heterophily_rewire_oracle,0.3,sage,train_clean_eval_all,0.7725960415281962,0.4101343503211173,0.6546305489341941,0.6340437531471252,0.1743820779993257,100,99,0.7847662096472344,roc_auc,max_epochs,45954,8051348,175.2045135498047,149.0,175.2045135498047,175.0,0.4587487578392029,0.1452974677085876,/kaggle/working/gfd-robustness-v4-factorial-r1/graphs/base/yelpchi/r40_s1/graph.bin,/kaggle/working/gfd-robustness-v4-factorial-r1/graphs/variants/yelpchi/r40_s1/heterophily_rewire_oracle/0.30/seed_0/graph.bin,/kaggle/working/gfd-robustness-v4-factorial-r1/graphs/base/yelpchi/r40_s1/graph.bin,ok,
gfd_robustness_benchmark_v4_factorial,yelpchi,r40_s1,0,0,heterophily_rewire_oracle,0.3,sage,train_on_variant,0.8952182868542446,0.6550691373679716,0.7633875131725103,0.7217322587966919,3.2493956419993992,100,100,0.8950654775102096,roc_auc,max_epochs,45954,8051348,175.2045135498047,149.0,175.2045135498047,175.0,0.4587487578392029,0.1452974677085876,/kaggle/working/gfd-robustness-v4-factorial-r1/graphs/base/yelpchi/r40_s1/graph.bin,/kaggle/working/gfd-robustness-v4-factorial-r1/graphs/variants/yelpchi/r40_s1/heterophily_rewire_oracle/0.30/seed_0/graph.bin,/kaggle/working/gfd-robustness-v4-factorial-r1/graphs/variants/yelpchi/r40_s1/heterophily_rewire_oracle/0.30/seed_0/graph.bin,ok,
gfd_robustness_benchmark_v4_factorial,yelpchi,r40_s1,0,0,heterophily_rewire_oracle,0.3,secgfd,train_clean_eval_all,0.4787564398316402,0.1336105184236122,0.4728612172677843,0.707516610622406,0.2104323130006378,50,50,0.81031190324634,roc_auc,max_epochs,45954,8051348,175.2045135498047,149.0,175.2045135498047,175.0,0.4587487578392029,0.1452974677085876,/kaggle/working/gfd-robustness-v4-factorial-r1/graphs/base/yelpchi/r40_s1/graph.bin,/kaggle/working/gfd-robustness-v4-factorial-r1/graphs/variants/yelpchi/r40_s1/heterophily_rewire_oracle/0.30/seed_0/graph.bin,/kaggle/working/gfd-robustness-v4-factorial-r1/graphs/base/yelpchi/r40_s1/graph.bin,ok,
gfd_robustness_benchmark_v4_factorial,yelpchi,r40_s1,0,0,heterophily_rewire_oracle,0.3,secgfd,train_on_variant,1.0,1.0,1.0,0.5696352124214172,1.427597252999476,12,2,1.0,roc_auc,early_stopping,45954,8051348,175.2045135498047,149.0,175.2045135498047,175.0,0.4587487578392029,0.1452974677085876,/kaggle/working/gfd-robustness-v4-factorial-r1/graphs/base/yelpchi/r40_s1/graph.bin,/kaggle/working/gfd-robustness-v4-factorial-r1/graphs/variants/yelpchi/r40_s1/heterophily_rewire_oracle/0.30/seed_0/graph.bin,/kaggle/working/gfd-robustness-v4-factorial-r1/graphs/variants/yelpchi/r40_s1/heterophily_rewire_oracle/0.30/seed_0/graph.bin,ok,
gfd_robustness_benchmark_v4_factorial,yelpchi,r40_s1,0,1,heterophily_rewire_oracle,0.3,mlp,train_clean_eval_all,0.7890208397487103,0.4259466979825966,0.6592905529479388,0.7060688734054565,0.1448117709987855,100,100,0.7923067203551258,roc_auc,max_epochs,45954,8051348,175.2045135498047,149.0,175.2045135498047,175.0,0.4587487578392029,0.1452974677085876,/kaggle/working/gfd-robustness-v4-factorial-r1/graphs/base/yelpchi/r40_s1/graph.bin,/kaggle/working/gfd-robustness-v4-factorial-r1/graphs/variants/yelpchi/r40_s1/heterophily_rewire_oracle/0.30/seed_0/graph.bin,/kaggle/working/gfd-robustness-v4-factorial-r1/graphs/base/yelpchi/r40_s1/graph.bin,ok,
gfd_robustness_benchmark_v4_factorial,yelpchi,r40_s1,0,1,heterophily_rewire_oracle,0.3,mlp,train_on_variant,0.7890208397487103,0.4259466979825966,0.6592905529479388,0.7060688734054565,2.0652355459997125,100,100,0.7923067203551258,roc_auc,max_epochs,45954,8051348,175.2045135498047,149.0,175.2045135498047,175.0,0.4587487578392029,0.1452974677085876,/kaggle/working/gfd-robustness-v4-factorial-r1/graphs/base/yelpchi/r40_s1/graph.bin,/kaggle/working/gfd-robustness-v4-factorial-r1/graphs/variants/yelpchi/r40_s1/heterophily_rewire_oracle/0.30/seed_0/graph.bin,/kaggle/working/gfd-robustness-v4-factorial-r1/graphs/variants/yelpchi/r40_s1/heterophily_rewire_oracle/0.30/seed_0/graph.bin,ok,
gfd_robustness_benchmark_v4_factorial,yelpchi,r40_s1,0,1,heterophily_rewire_oracle,0.3,pmp,train_clean_eval_all,0.778399166852141,0.3799695025116671,0.6366747694613955,0.3995718955993652,0.5563562549996277,73,63,0.8482169090037834,roc_auc,early_stopping,45954,8051348,175.2045135498047,149.0,175.2045135498047,175.0,0.4587487578392029,0.1452974677085876,/kaggle/working/gfd-robustness-v4-factorial-r1/graphs/base/yelpchi/r40_s1/graph.bin,/kaggle/working/gfd-robustness-v4-factorial-r1/graphs/variants/yelpchi/r40_s1/heterophily_rewire_oracle/0.30/seed_0/graph.bin,/kaggle/working/gfd-robustness-v4-factorial-r1/graphs/base/yelpchi/r40_s1/graph.bin,ok,
gfd_robustness_benchmark_v4_factorial,yelpchi,r40_s1,0,1,heterophily_rewire_oracle,0.3,pmp,train_on_variant,0.8589873024127407,0.5366680931655605,0.718354510734834,0.5014826655387878,18.71666506099973,34,24,0.8711648631444939,roc_auc,early_stopping,45954,8051348,175.2045135498047,149.0,175.2045135498047,175.0,0.4587487578392029,0.1452974677085876,/kaggle/working/gfd-robustness-v4-factorial-r1/graphs/base/yelpchi/r40_s1/graph.bin,/kaggle/working/gfd-robustness-v4-factorial-r1/graphs/variants/yelpchi/r40_s1/heterophily_rewire_oracle/0.30/seed_0/graph.bin,/kaggle/working/gfd-robustness-v4-factorial-r1/graphs/variants/yelpchi/r40_s1/heterophily_rewire_oracle/0.30/seed_0/graph.bin,ok,
gfd_robustness_benchmark_v4_factorial,yelpchi,r40_s1,0,1,heterophily_rewire_oracle,0.3,sage,train_clean_eval_all,0.63267317992579,0.2155509352791033,0.5621449802084995,0.2877165079116821,0.2224647279999771,23,13,0.6056249389091134,roc_auc,early_stopping,45954,8051348,175.2045135498047,149.0,175.2045135498047,175.0,0.4587487578392029,0.1452974677085876,/kaggle/working/gfd-robustness-v4-factorial-r1/graphs/base/yelpchi/r40_s1/graph.bin,/kaggle/working/gfd-robustness-v4-factorial-r1/graphs/variants/yelpchi/r40_s1/heterophily_rewire_oracle/0.30/seed_0/graph.bin,/kaggle/working/gfd-robustness-v4-factorial-r1/graphs/base/yelpchi/r40_s1/graph.bin,ok,
gfd_robustness_benchmark_v4_factorial,yelpchi,r40_s1,0,1,heterophily_rewire_oracle,0.3,sage,train_on_variant,0.875899554156707,0.6094551252339198,0.748408485182295,0.6988070607185364,3.4578885990003982,100,100,0.8758413854101851,roc_auc,max_epochs,45954,8051348,175.2045135498047,149.0,175.2045135498047,175.0,0.4587487578392029,0.1452974677085876,/kaggle/working/gfd-robustness-v4-factorial-r1/graphs/base/yelpchi/r40_s1/graph.bin,/kaggle/working/gfd-robustness-v4-factorial-r1/graphs/variants/yelpchi/r40_s1/heterophily_rewire_oracle/0.30/seed_0/graph.bin,/kaggle/working/gfd-robustness-v4-factorial-r1/graphs/variants/yelpchi/r40_s1/heterophily_rewire_oracle/0.30/seed_0/graph.bin,ok,
gfd_robustness_benchmark_v4_factorial,yelpchi,r40_s1,0,1,heterophily_rewire_oracle,0.3,secgfd,train_clean_eval_all,0.5552916689215764,0.167678891690058,0.5056435125371107,0.679985523223877,0.2059251889986626,50,50,0.8115241848389704,roc_auc,max_epochs,45954,8051348,175.2045135498047,149.0,175.2045135498047,175.0,0.4587487578392029,0.1452974677085876,/kaggle/working/gfd-robustness-v4-factorial-r1/graphs/base/yelpchi/r40_s1/graph.bin,/kaggle/working/gfd-robustness-v4-factorial-r1/graphs/variants/yelpchi/r40_s1/heterophily_rewire_oracle/0.30/seed_0/graph.bin,/kaggle/working/gfd-robustness-v4-factorial-r1/graphs/base/yelpchi/r40_s1/graph.bin,ok,
gfd_robustness_benchmark_v4_factorial,yelpchi,r40_s1,0,1,heterophily_rewire_oracle,0.3,secgfd,train_on_variant,1.0,1.0,0.9996714240573222,0.5804739594459534,1.4776788689996465,13,3,1.0,roc_auc,early_stopping,45954,8051348,175.2045135498047,149.0,175.2045135498047,175.0,0.4587487578392029,0.1452974677085876,/kaggle/working/gfd-robustness-v4-factorial-r1/graphs/base/yelpchi/r40_s1/graph.bin,/kaggle/working/gfd-robustness-v4-factorial-r1/graphs/variants/yelpchi/r40_s1/heterophily_rewire_oracle/0.30/seed_0/graph.bin,/kaggle/working/gfd-robustness-v4-factorial-r1/graphs/variants/yelpchi/r40_s1/heterophily_rewire_oracle/0.30/seed_0/graph.bin,ok,
gfd_robustness_benchmark_v4_factorial,yelpchi,r40_s1,0,2,heterophily_rewire_oracle,0.3,mlp,train_clean_eval_all,0.7900874636610181,0.4282571598298197,0.6631972481222677,0.6799353361129761,0.1361808980000205,100,100,0.7945293081293195,roc_auc,max_epochs,45954,8051348,175.2045135498047,149.0,175.2045135498047,175.0,0.4587487578392029,0.1452974677085876,/kaggle/working/gfd-robustness-v4-factorial-r1/graphs/base/yelpchi/r40_s1/graph.bin,/kaggle/working/gfd-robustness-v4-factorial-r1/graphs/variants/yelpchi/r40_s1/heterophily_rewire_oracle/0.30/seed_0/graph.bin,/kaggle/working/gfd-robustness-v4-factorial-r1/graphs/base/yelpchi/r40_s1/graph.bin,ok,
gfd_robustness_benchmark_v4_factorial,yelpchi,r40_s1,0,2,heterophily_rewire_oracle,0.3,mlp,train_on_variant,0.7900874636610181,0.4282571598298197,0.6631972481222677,0.6799353361129761,2.0367093740005657,100,100,0.7945293081293195,roc_auc,max_epochs,45954,8051348,175.2045135498047,149.0,175.2045135498047,175.0,0.4587487578392029,0.1452974677085876,/kaggle/working/gfd-robustness-v4-factorial-r1/graphs/base/yelpchi/r40_s1/graph.bin,/kaggle/working/gfd-robustness-v4-factorial-r1/graphs/variants/yelpchi/r40_s1/heterophily_rewire_oracle/0.30/seed_0/graph.bin,/kaggle/working/gfd-robustness-v4-factorial-r1/graphs/variants/yelpchi/r40_s1/heterophily_rewire_oracle/0.30/seed_0/graph.bin,ok,
gfd_robustness_benchmark_v4_factorial,yelpchi,r40_s1,0,2,heterophily_rewire_oracle,0.3,pmp,train_clean_eval_all,0.7581134828103467,0.3641644759863384,0.6393358442240576,0.3258445560932159,0.480681472001379,86,76,0.8507594819016013,roc_auc,early_stopping,45954,8051348,175.2045135498047,149.0,175.2045135498047,175.0,0.4587487578392029,0.1452974677085876,/kaggle/working/gfd-robustness-v4-factorial-r1/graphs/base/yelpchi/r40_s1/graph.bin,/kaggle/working/gfd-robustness-v4-factorial-r1/graphs/variants/yelpchi/r40_s1/heterophily_rewire_oracle/0.30/seed_0/graph.bin,/kaggle/working/gfd-robustness-v4-factorial-r1/graphs/base/yelpchi/r40_s1/graph.bin,ok,
gfd_robustness_benchmark_v4_factorial,yelpchi,r40_s1,0,2,heterophily_rewire_oracle,0.3,pmp,train_on_variant,0.857983252245509,0.5323612083119739,0.7198222428416092,0.4069575071334839,14.720146464000209,26,16,0.866515423511826,roc_auc,early_stopping,45954,8051348,175.2045135498047,149.0,175.2045135498047,175.0,0.4587487578392029,0.1452974677085876,/kaggle/working/gfd-robustness-v4-factorial-r1/graphs/base/yelpchi/r40_s1/graph.bin,/kaggle/working/gfd-robustness-v4-factorial-r1/graphs/variants/yelpchi/r40_s1/heterophily_rewire_oracle/0.30/seed_0/graph.bin,/kaggle/working/gfd-robustness-v4-factorial-r1/graphs/variants/yelpchi/r40_s1/heterophily_rewire_oracle/0.30/seed_0/graph.bin,ok,
gfd_robustness_benchmark_v4_factorial,yelpchi,r40_s1,0,2,heterophily_rewire_oracle,0.3,sage,train_clean_eval_all,0.7686432959246985,0.402117945512747,0.6483667829526626,0.6474134922027588,0.2361778049998975,100,99,0.7896983004217357,roc_auc,max_epochs,45954,8051348,175.2045135498047,149.0,175.2045135498047,175.0,0.4587487578392029,0.1452974677085876,/kaggle/working/gfd-robustness-v4-factorial-r1/graphs/base/yelpchi/r40_s1/graph.bin,/kaggle/working/gfd-robustness-v4-factorial-r1/graphs/variants/yelpchi/r40_s1/heterophily_rewire_oracle/0.30/seed_0/graph.bin,/kaggle/working/gfd-robustness-v4-factorial-r1/graphs/base/yelpchi/r40_s1/graph.bin,ok,
gfd_robustness_benchmark_v4_factorial,yelpchi,r40_s1,0,2,heterophily_rewire_oracle,0.3,sage,train_on_variant,0.9002669185877227,0.6711452354012248,0.7710423995795745,0.7081186771392822,3.4081629770007567,100,100,0.9003766774663434,roc_auc,max_epochs,45954,8051348,175.2045135498047,149.0,175.2045135498047,175.0,0.4587487578392029,0.1452974677085876,/kaggle/working/gfd-robustness-v4-factorial-r1/graphs/base/yelpchi/r40_s1/graph.bin,/kaggle/working/gfd-robustness-v4-factorial-r1/graphs/variants/yelpchi/r40_s1/heterophily_rewire_oracle/0.30/seed_0/graph.bin,/kaggle/working/gfd-robustness-v4-factorial-r1/graphs/variants/yelpchi/r40_s1/heterophily_rewire_oracle/0.30/seed_0/graph.bin,ok,
gfd_robustness_benchmark_v4_factorial,yelpchi,r40_s1,0,2,heterophily_rewire_oracle,0.3,secgfd,train_clean_eval_all,0.4439098786579082,0.1247600940565988,0.4744630675188864,0.6409332752227783,0.2410985530004836,50,50,0.8095187349358813,roc_auc,max_epochs,45954,8051348,175.2045135498047,149.0,175.2045135498047,175.0,0.4587487578392029,0.1452974677085876,/kaggle/working/gfd-robustness-v4-factorial-r1/graphs/base/yelpchi/r40_s1/graph.bin,/kaggle/working/gfd-robustness-v4-factorial-r1/graphs/variants/yelpchi/r40_s1/heterophily_rewire_oracle/0.30/seed_0/graph.bin,/kaggle/working/gfd-robustness-v4-factorial-r1/graphs/base/yelpchi/r40_s1/graph.bin,ok,
gfd_robustness_benchmark_v4_factorial,yelpchi,r40_s1,0,2,heterophily_rewire_oracle,0.3,secgfd,train_on_variant,1.0,1.0,1.0,0.5450570583343506,1.373887580999508,12,2,1.0,roc_auc,early_stopping,45954,8051348,175.2045135498047,149.0,175.2045135498047,175.0,0.4587487578392029,0.1452974677085876,/kaggle/working/gfd-robustness-v4-factorial-r1/graphs/base/yelpchi/r40_s1/graph.bin,/kaggle/working/gfd-robustness-v4-factorial-r1/graphs/variants/yelpchi/r40_s1/heterophily_rewire_oracle/0.30/seed_0/graph.bin,/kaggle/working/gfd-robustness-v4-factorial-r1/graphs/variants/yelpchi/r40_s1/heterophily_rewire_oracle/0.30/seed_0/graph.bin,ok,
gfd_robustness_benchmark_v4_factorial,yelpchi,r40_s1,0,3,heterophily_rewire_oracle,0.3,mlp,train_clean_eval_all,0.7890011172283742,0.4222148286858138,0.6591169548062679,0.6908923387527466,0.1329095960008999,100,100,0.79316778597091,roc_auc,max_epochs,45954,8051348,175.2045135498047,149.0,175.2045135498047,175.0,0.4587487578392029,0.1452974677085876,/kaggle/working/gfd-robustness-v4-factorial-r1/graphs/base/yelpchi/r40_s1/graph.bin,/kaggle/working/gfd-robustness-v4-factorial-r1/graphs/variants/yelpchi/r40_s1/heterophily_rewire_oracle/0.30/seed_0/graph.bin,/kaggle/working/gfd-robustness-v4-factorial-r1/graphs/base/yelpchi/r40_s1/graph.bin,ok,
gfd_robustness_benchmark_v4_factorial,yelpchi,r40_s1,0,3,heterophily_rewire_oracle,0.3,mlp,train_on_variant,0.7890011172283742,0.4222148286858138,0.6591169548062679,0.6908923387527466,2.016834385999573,100,100,0.79316778597091,roc_auc,max_epochs,45954,8051348,175.2045135498047,149.0,175.2045135498047,175.0,0.4587487578392029,0.1452974677085876,/kaggle/working/gfd-robustness-v4-factorial-r1/graphs/base/yelpchi/r40_s1/graph.bin,/kaggle/working/gfd-robustness-v4-factorial-r1/graphs/variants/yelpchi/r40_s1/heterophily_rewire_oracle/0.30/seed_0/graph.bin,/kaggle/working/gfd-robustness-v4-factorial-r1/graphs/variants/yelpchi/r40_s1/heterophily_rewire_oracle/0.30/seed_0/graph.bin,ok,
gfd_robustness_benchmark_v4_factorial,yelpchi,r40_s1,0,3,heterophily_rewire_oracle,0.3,pmp,train_clean_eval_all,0.765024987575765,0.3991437841714689,0.6453910403297543,0.2770633101463318,0.4971065720001206,100,100,0.854679931435165,roc_auc,max_epochs,45954,8051348,175.2045135498047,149.0,175.2045135498047,175.0,0.4587487578392029,0.1452974677085876,/kaggle/working/gfd-robustness-v4-factorial-r1/graphs/base/yelpchi/r40_s1/graph.bin,/kaggle/working/gfd-robustness-v4-factorial-r1/graphs/variants/yelpchi/r40_s1/heterophily_rewire_oracle/0.30/seed_0/graph.bin,/kaggle/working/gfd-robustness-v4-factorial-r1/graphs/base/yelpchi/r40_s1/graph.bin,ok,
gfd_robustness_benchmark_v4_factorial,yelpchi,r40_s1,0,3,heterophily_rewire_oracle,0.3,pmp,train_on_variant,0.9035164420077868,0.6420533478530377,0.7671204529831549,0.3391465544700622,54.086472803000106,100,91,0.9111981919481617,roc_auc,max_epochs,45954,8051348,175.2045135498047,149.0,175.2045135498047,175.0,0.4587487578392029,0.1452974677085876,/kaggle/working/gfd-robustness-v4-factorial-r1/graphs/base/yelpchi/r40_s1/graph.bin,/kaggle/working/gfd-robustness-v4-factorial-r1/graphs/variants/yelpchi/r40_s1/heterophily_rewire_oracle/0.30/seed_0/graph.bin,/kaggle/working/gfd-robustness-v4-factorial-r1/graphs/variants/yelpchi/r40_s1/heterophily_rewire_oracle/0.30/seed_0/graph.bin,ok,
gfd_robustness_benchmark_v4_factorial,yelpchi,r40_s1,0,3,heterophily_rewire_oracle,0.3,sage,train_clean_eval_all,0.7570527542166177,0.3832168151761887,0.641200146458772,0.6763858795166016,0.1774992829996335,100,100,0.7853451486087966,roc_auc,max_epochs,45954,8051348,175.2045135498047,149.0,175.2045135498047,175.0,0.4587487578392029,0.1452974677085876,/kaggle/working/gfd-robustness-v4-factorial-r1/graphs/base/yelpchi/r40_s1/graph.bin,/kaggle/working/gfd-robustness-v4-factorial-r1/graphs/variants/yelpchi/r40_s1/heterophily_rewire_oracle/0.30/seed_0/graph.bin,/kaggle/working/gfd-robustness-v4-factorial-r1/graphs/base/yelpchi/r40_s1/graph.bin,ok,
gfd_robustness_benchmark_v4_factorial,yelpchi,r40_s1,0,3,heterophily_rewire_oracle,0.3,sage,train_on_variant,0.9095895133739648,0.685757429200671,0.7768884781899935,0.5967612862586975,3.485949005999828,100,100,0.909127228774344,roc_auc,max_epochs,45954,8051348,175.2045135498047,149.0,175.2045135498047,175.0,0.4587487578392029,0.1452974677085876,/kaggle/working/gfd-robustness-v4-factorial-r1/graphs/base/yelpchi/r40_s1/graph.bin,/kaggle/working/gfd-robustness-v4-factorial-r1/graphs/variants/yelpchi/r40_s1/heterophily_rewire_oracle/0.30/seed_0/graph.bin,/kaggle/working/gfd-robustness-v4-factorial-r1/graphs/variants/yelpchi/r40_s1/heterophily_rewire_oracle/0.30/seed_0/graph.bin,ok,
gfd_robustness_benchmark_v4_factorial,yelpchi,r40_s1,0,3,heterophily_rewire_oracle,0.3,secgfd,train_clean_eval_all,0.4063976687980962,0.1161591820127111,0.462881837402429,0.6394457817077637,0.1983792829996673,50,50,0.8028998443225408,roc_auc,max_epochs,45954,8051348,175.2045135498047,149.0,175.2045135498047,175.0,0.4587487578392029,0.1452974677085876,/kaggle/working/gfd-robustness-v4-factorial-r1/graphs/base/yelpchi/r40_s1/graph.bin,/kaggle/working/gfd-robustness-v4-factorial-r1/graphs/variants/yelpchi/r40_s1/heterophily_rewire_oracle/0.30/seed_0/graph.bin,/kaggle/working/gfd-robustness-v4-factorial-r1/graphs/base/yelpchi/r40_s1/graph.bin,ok,
gfd_robustness_benchmark_v4_factorial,yelpchi,r40_s1,0,3,heterophily_rewire_oracle,0.3,secgfd,train_on_variant,1.0,1.0,1.0,0.6421410441398621,1.3471673579997514,12,2,1.0,roc_auc,early_stopping,45954,8051348,175.2045135498047,149.0,175.2045135498047,175.0,0.4587487578392029,0.1452974677085876,/kaggle/working/gfd-robustness-v4-factorial-r1/graphs/base/yelpchi/r40_s1/graph.bin,/kaggle/working/gfd-robustness-v4-factorial-r1/graphs/variants/yelpchi/r40_s1/heterophily_rewire_oracle/0.30/seed_0/graph.bin,/kaggle/working/gfd-robustness-v4-factorial-r1/graphs/variants/yelpchi/r40_s1/heterophily_rewire_oracle/0.30/seed_0/graph.bin,ok,
gfd_robustness_benchmark_v4_factorial,yelpchi,r40_s1,0,4,heterophily_rewire_oracle,0.3,mlp,train_clean_eval_all,0.7894763990031648,0.4290633283011688,0.6620706708330315,0.6857644319534302,0.1317327209999348,100,100,0.7918636713655989,roc_auc,max_epochs,45954,8051348,175.2045135498047,149.0,175.2045135498047,175.0,0.4587487578392029,0.1452974677085876,/kaggle/working/gfd-robustness-v4-factorial-r1/graphs/base/yelpchi/r40_s1/graph.bin,/kaggle/working/gfd-robustness-v4-factorial-r1/graphs/variants/yelpchi/r40_s1/heterophily_rewire_oracle/0.30/seed_0/graph.bin,/kaggle/working/gfd-robustness-v4-factorial-r1/graphs/base/yelpchi/r40_s1/graph.bin,ok,
gfd_robustness_benchmark_v4_factorial,yelpchi,r40_s1,0,4,heterophily_rewire_oracle,0.3,mlp,train_on_variant,0.7894763990031648,0.4290633283011688,0.6620706708330315,0.6857644319534302,1.9301698760000363,100,100,0.7918636713655989,roc_auc,max_epochs,45954,8051348,175.2045135498047,149.0,175.2045135498047,175.0,0.4587487578392029,0.1452974677085876,/kaggle/working/gfd-robustness-v4-factorial-r1/graphs/base/yelpchi/r40_s1/graph.bin,/kaggle/working/gfd-robustness-v4-factorial-r1/graphs/variants/yelpchi/r40_s1/heterophily_rewire_oracle/0.30/seed_0/graph.bin,/kaggle/working/gfd-robustness-v4-factorial-r1/graphs/variants/yelpchi/r40_s1/heterophily_rewire_oracle/0.30/seed_0/graph.bin,ok,
gfd_robustness_benchmark_v4_factorial,yelpchi,r40_s1,0,4,heterophily_rewire_oracle,0.3,pmp,train_clean_eval_all,0.7682882191002415,0.373415511500884,0.6400192799475157,0.3471680581569671,0.4739928679991863,73,63,0.8499933008627821,roc_auc,early_stopping,45954,8051348,175.2045135498047,149.0,175.2045135498047,175.0,0.4587487578392029,0.1452974677085876,/kaggle/working/gfd-robustness-v4-factorial-r1/graphs/base/yelpchi/r40_s1/graph.bin,/kaggle/working/gfd-robustness-v4-factorial-r1/graphs/variants/yelpchi/r40_s1/heterophily_rewire_oracle/0.30/seed_0/graph.bin,/kaggle/working/gfd-robustness-v4-factorial-r1/graphs/base/yelpchi/r40_s1/graph.bin,ok,
gfd_robustness_benchmark_v4_factorial,yelpchi,r40_s1,0,4,heterophily_rewire_oracle,0.3,pmp,train_on_variant,0.8989475701092723,0.634023732228615,0.7673094514723476,0.3817870318889618,37.865170910000415,68,58,0.908888062423562,roc_auc,early_stopping,45954,8051348,175.2045135498047,149.0,175.2045135498047,175.0,0.4587487578392029,0.1452974677085876,/kaggle/working/gfd-robustness-v4-factorial-r1/graphs/base/yelpchi/r40_s1/graph.bin,/kaggle/working/gfd-robustness-v4-factorial-r1/graphs/variants/yelpchi/r40_s1/heterophily_rewire_oracle/0.30/seed_0/graph.bin,/kaggle/working/gfd-robustness-v4-factorial-r1/graphs/variants/yelpchi/r40_s1/heterophily_rewire_oracle/0.30/seed_0/graph.bin,ok,
gfd_robustness_benchmark_v4_factorial,yelpchi,r40_s1,0,4,heterophily_rewire_oracle,0.3,sage,train_clean_eval_all,0.7667967749582302,0.3964109452932725,0.6431702459819322,0.701765239238739,0.2322287830011191,100,100,0.7862607132554708,roc_auc,max_epochs,45954,8051348,175.2045135498047,149.0,175.2045135498047,175.0,0.4587487578392029,0.1452974677085876,/kaggle/working/gfd-robustness-v4-factorial-r1/graphs/base/yelpchi/r40_s1/graph.bin,/kaggle/working/gfd-robustness-v4-factorial-r1/graphs/variants/yelpchi/r40_s1/heterophily_rewire_oracle/0.30/seed_0/graph.bin,/kaggle/working/gfd-robustness-v4-factorial-r1/graphs/base/yelpchi/r40_s1/graph.bin,ok,
gfd_robustness_benchmark_v4_factorial,yelpchi,r40_s1,0,4,heterophily_rewire_oracle,0.3,sage,train_on_variant,0.8892930152932425,0.6451857906098514,0.7649095350302016,0.6548303365707397,3.457942824000384,100,99,0.8893733565061496,roc_auc,max_epochs,45954,8051348,175.2045135498047,149.0,175.2045135498047,175.0,0.4587487578392029,0.1452974677085876,/kaggle/working/gfd-robustness-v4-factorial-r1/graphs/base/yelpchi/r40_s1/graph.bin,/kaggle/working/gfd-robustness-v4-factorial-r1/graphs/variants/yelpchi/r40_s1/heterophily_rewire_oracle/0.30/seed_0/graph.bin,/kaggle/working/gfd-robustness-v4-factorial-r1/graphs/variants/yelpchi/r40_s1/heterophily_rewire_oracle/0.30/seed_0/graph.bin,ok,
gfd_robustness_benchmark_v4_factorial,yelpchi,r40_s1,0,4,heterophily_rewire_oracle,0.3,secgfd,train_clean_eval_all,0.422667044983353,0.1148651258750175,0.4422649748985627,0.6209703087806702,0.2076690769990818,50,49,0.7930952636384659,roc_auc,max_epochs,45954,8051348,175.2045135498047,149.0,175.2045135498047,175.0,0.4587487578392029,0.1452974677085876,/kaggle/working/gfd-robustness-v4-factorial-r1/graphs/base/yelpchi/r40_s1/graph.bin,/kaggle/working/gfd-robustness-v4-factorial-r1/graphs/variants/yelpchi/r40_s1/heterophily_rewire_oracle/0.30/seed_0/graph.bin,/kaggle/working/gfd-robustness-v4-factorial-r1/graphs/base/yelpchi/r40_s1/graph.bin,ok,
gfd_robustness_benchmark_v4_factorial,yelpchi,r40_s1,0,4,heterophily_rewire_oracle,0.3,secgfd,train_on_variant,1.0,1.0,0.999561830644112,0.6805942058563232,1.33635666400005,12,2,1.0,roc_auc,early_stopping,45954,8051348,175.2045135498047,149.0,175.2045135498047,175.0,0.4587487578392029,0.1452974677085876,/kaggle/working/gfd-robustness-v4-factorial-r1/graphs/base/yelpchi/r40_s1/graph.bin,/kaggle/working/gfd-robustness-v4-factorial-r1/graphs/variants/yelpchi/r40_s1/heterophily_rewire_oracle/0.30/seed_0/graph.bin,/kaggle/working/gfd-robustness-v4-factorial-r1/graphs/variants/yelpchi/r40_s1/heterophily_rewire_oracle/0.30/seed_0/graph.bin,ok,
gfd_robustness_benchmark_v4_factorial,yelpchi,r40_s1,1,0,heterophily_rewire_oracle,0.3,mlp,train_clean_eval_all,0.7411298917567106,0.3289358495954787,0.62102968873229,0.4987255334854126,0.2095896219998394,16,6,0.7381013548468616,roc_auc,early_stopping,45954,8051348,175.2045135498047,149.0,175.2045135498047,175.0,0.4587411880493164,0.1452974677085876,/kaggle/working/gfd-robustness-v4-factorial-r1/graphs/base/yelpchi/r40_s1/graph.bin,/kaggle/working/gfd-robustness-v4-factorial-r1/graphs/variants/yelpchi/r40_s1/heterophily_rewire_oracle/0.30/seed_1/graph.bin,/kaggle/working/gfd-robustness-v4-factorial-r1/graphs/base/yelpchi/r40_s1/graph.bin,ok,
gfd_robustness_benchmark_v4_factorial,yelpchi,r40_s1,1,0,heterophily_rewire_oracle,0.3,mlp,train_on_variant,0.7411298917567106,0.3289358495954787,0.62102968873229,0.4987255334854126,0.4919720810003127,16,6,0.7381013548468616,roc_auc,early_stopping,45954,8051348,175.2045135498047,149.0,175.2045135498047,175.0,0.4587411880493164,0.1452974677085876,/kaggle/working/gfd-robustness-v4-factorial-r1/graphs/base/yelpchi/r40_s1/graph.bin,/kaggle/working/gfd-robustness-v4-factorial-r1/graphs/variants/yelpchi/r40_s1/heterophily_rewire_oracle/0.30/seed_1/graph.bin,/kaggle/working/gfd-robustness-v4-factorial-r1/graphs/variants/yelpchi/r40_s1/heterophily_rewire_oracle/0.30/seed_1/graph.bin,ok,
gfd_robustness_benchmark_v4_factorial,yelpchi,r40_s1,1,0,heterophily_rewire_oracle,0.3,pmp,train_clean_eval_all,0.753623036513531,0.3640961754849613,0.6325719506624029,0.2638531029224396,0.5447655580010178,52,42,0.8448072627229967,roc_auc,early_stopping,45954,8051348,175.2045135498047,149.0,175.2045135498047,175.0,0.4587411880493164,0.1452974677085876,/kaggle/working/gfd-robustness-v4-factorial-r1/graphs/base/yelpchi/r40_s1/graph.bin,/kaggle/working/gfd-robustness-v4-factorial-r1/graphs/variants/yelpchi/r40_s1/heterophily_rewire_oracle/0.30/seed_1/graph.bin,/kaggle/working/gfd-robustness-v4-factorial-r1/graphs/base/yelpchi/r40_s1/graph.bin,ok,
gfd_robustness_benchmark_v4_factorial,yelpchi,r40_s1,1,0,heterophily_rewire_oracle,0.3,pmp,train_on_variant,0.882404734510104,0.5865511628067509,0.7443742129346567,0.4046196341514587,31.665230835999864,58,48,0.8866921281561638,roc_auc,early_stopping,45954,8051348,175.2045135498047,149.0,175.2045135498047,175.0,0.4587411880493164,0.1452974677085876,/kaggle/working/gfd-robustness-v4-factorial-r1/graphs/base/yelpchi/r40_s1/graph.bin,/kaggle/working/gfd-robustness-v4-factorial-r1/graphs/variants/yelpchi/r40_s1/heterophily_rewire_oracle/0.30/seed_1/graph.bin,/kaggle/working/gfd-robustness-v4-factorial-r1/graphs/variants/yelpchi/r40_s1/heterophily_rewire_oracle/0.30/seed_1/graph.bin,ok,
gfd_robustness_benchmark_v4_factorial,yelpchi,r40_s1,1,0,heterophily_rewire_oracle,0.3,sage,train_clean_eval_all,0.7726699295210495,0.409988999567983,0.6557011221833281,0.6340437531471252,0.1850981589996081,100,99,0.7847662096472344,roc_auc,max_epochs,45954,8051348,175.2045135498047,149.0,175.2045135498047,175.0,0.4587411880493164,0.1452974677085876,/kaggle/working/gfd-robustness-v4-factorial-r1/graphs/base/yelpchi/r40_s1/graph.bin,/kaggle/working/gfd-robustness-v4-factorial-r1/graphs/variants/yelpchi/r40_s1/heterophily_rewire_oracle/0.30/seed_1/graph.bin,/kaggle/working/gfd-robustness-v4-factorial-r1/graphs/base/yelpchi/r40_s1/graph.bin,ok,
gfd_robustness_benchmark_v4_factorial,yelpchi,r40_s1,1,0,heterophily_rewire_oracle,0.3,sage,train_on_variant,0.8928288130015427,0.6365741358962992,0.7611994883009882,0.6178841590881348,3.355523281999922,100,99,0.8916667024271856,roc_auc,max_epochs,45954,8051348,175.2045135498047,149.0,175.2045135498047,175.0,0.4587411880493164,0.1452974677085876,/kaggle/working/gfd-robustness-v4-factorial-r1/graphs/base/yelpchi/r40_s1/graph.bin,/kaggle/working/gfd-robustness-v4-factorial-r1/graphs/variants/yelpchi/r40_s1/heterophily_rewire_oracle/0.30/seed_1/graph.bin,/kaggle/working/gfd-robustness-v4-factorial-r1/graphs/variants/yelpchi/r40_s1/heterophily_rewire_oracle/0.30/seed_1/graph.bin,ok,
gfd_robustness_benchmark_v4_factorial,yelpchi,r40_s1,1,0,heterophily_rewire_oracle,0.3,secgfd,train_clean_eval_all,0.4786763349573765,0.1335234577077923,0.4749316861295655,0.707516610622406,0.219800650000252,50,50,0.81031190324634,roc_auc,max_epochs,45954,8051348,175.2045135498047,149.0,175.2045135498047,175.0,0.4587411880493164,0.1452974677085876,/kaggle/working/gfd-robustness-v4-factorial-r1/graphs/base/yelpchi/r40_s1/graph.bin,/kaggle/working/gfd-robustness-v4-factorial-r1/graphs/variants/yelpchi/r40_s1/heterophily_rewire_oracle/0.30/seed_1/graph.bin,/kaggle/working/gfd-robustness-v4-factorial-r1/graphs/base/yelpchi/r40_s1/graph.bin,ok,
gfd_robustness_benchmark_v4_factorial,yelpchi,r40_s1,1,0,heterophily_rewire_oracle,0.3,secgfd,train_on_variant,1.0,1.0,1.0,0.5693116188049316,1.368875410000328,12,2,1.0,roc_auc,early_stopping,45954,8051348,175.2045135498047,149.0,175.2045135498047,175.0,0.4587411880493164,0.1452974677085876,/kaggle/working/gfd-robustness-v4-factorial-r1/graphs/base/yelpchi/r40_s1/graph.bin,/kaggle/working/gfd-robustness-v4-factorial-r1/graphs/variants/yelpchi/r40_s1/heterophily_rewire_oracle/0.30/seed_1/graph.bin,/kaggle/working/gfd-robustness-v4-factorial-r1/graphs/variants/yelpchi/r40_s1/heterophily_rewire_oracle/0.30/seed_1/graph.bin,ok,
gfd_robustness_benchmark_v4_factorial,yelpchi,r40_s1,1,1,heterophily_rewire_oracle,0.3,mlp,train_clean_eval_all,0.7890208397487103,0.4259466979825966,0.6592905529479388,0.7060688734054565,0.14102844899935,100,100,0.7923067203551258,roc_auc,max_epochs,45954,8051348,175.2045135498047,149.0,175.2045135498047,175.0,0.4587411880493164,0.1452974677085876,/kaggle/working/gfd-robustness-v4-factorial-r1/graphs/base/yelpchi/r40_s1/graph.bin,/kaggle/working/gfd-robustness-v4-factorial-r1/graphs/variants/yelpchi/r40_s1/heterophily_rewire_oracle/0.30/seed_1/graph.bin,/kaggle/working/gfd-robustness-v4-factorial-r1/graphs/base/yelpchi/r40_s1/graph.bin,ok,
gfd_robustness_benchmark_v4_factorial,yelpchi,r40_s1,1,1,heterophily_rewire_oracle,0.3,mlp,train_on_variant,0.7890208397487103,0.4259466979825966,0.6592905529479388,0.7060688734054565,2.062253177000457,100,100,0.7923067203551258,roc_auc,max_epochs,45954,8051348,175.2045135498047,149.0,175.2045135498047,175.0,0.4587411880493164,0.1452974677085876,/kaggle/working/gfd-robustness-v4-factorial-r1/graphs/base/yelpchi/r40_s1/graph.bin,/kaggle/working/gfd-robustness-v4-factorial-r1/graphs/variants/yelpchi/r40_s1/heterophily_rewire_oracle/0.30/seed_1/graph.bin,/kaggle/working/gfd-robustness-v4-factorial-r1/graphs/variants/yelpchi/r40_s1/heterophily_rewire_oracle/0.30/seed_1/graph.bin,ok,
gfd_robustness_benchmark_v4_factorial,yelpchi,r40_s1,1,1,heterophily_rewire_oracle,0.3,pmp,train_clean_eval_all,0.7739417700685696,0.3779113162563374,0.6379342493849051,0.3995718955993652,0.5652240740000707,73,63,0.8482169090037834,roc_auc,early_stopping,45954,8051348,175.2045135498047,149.0,175.2045135498047,175.0,0.4587411880493164,0.1452974677085876,/kaggle/working/gfd-robustness-v4-factorial-r1/graphs/base/yelpchi/r40_s1/graph.bin,/kaggle/working/gfd-robustness-v4-factorial-r1/graphs/variants/yelpchi/r40_s1/heterophily_rewire_oracle/0.30/seed_1/graph.bin,/kaggle/working/gfd-robustness-v4-factorial-r1/graphs/base/yelpchi/r40_s1/graph.bin,ok,
gfd_robustness_benchmark_v4_factorial,yelpchi,r40_s1,1,1,heterophily_rewire_oracle,0.3,pmp,train_on_variant,0.90974582863931,0.6619564614872998,0.7750044388170286,0.3256282210350036,51.584241698999904,100,100,0.9149531894806856,roc_auc,max_epochs,45954,8051348,175.2045135498047,149.0,175.2045135498047,175.0,0.4587411880493164,0.1452974677085876,/kaggle/working/gfd-robustness-v4-factorial-r1/graphs/base/yelpchi/r40_s1/graph.bin,/kaggle/working/gfd-robustness-v4-factorial-r1/graphs/variants/yelpchi/r40_s1/heterophily_rewire_oracle/0.30/seed_1/graph.bin,/kaggle/working/gfd-robustness-v4-factorial-r1/graphs/variants/yelpchi/r40_s1/heterophily_rewire_oracle/0.30/seed_1/graph.bin,ok,
gfd_robustness_benchmark_v4_factorial,yelpchi,r40_s1,1,1,heterophily_rewire_oracle,0.3,sage,train_clean_eval_all,0.6337617058398478,0.2170982351408109,0.5637957112790537,0.2877165079116821,0.2309199930004979,23,13,0.6056249389091134,roc_auc,early_stopping,45954,8051348,175.2045135498047,149.0,175.2045135498047,175.0,0.4587411880493164,0.1452974677085876,/kaggle/working/gfd-robustness-v4-factorial-r1/graphs/base/yelpchi/r40_s1/graph.bin,/kaggle/working/gfd-robustness-v4-factorial-r1/graphs/variants/yelpchi/r40_s1/heterophily_rewire_oracle/0.30/seed_1/graph.bin,/kaggle/working/gfd-robustness-v4-factorial-r1/graphs/base/yelpchi/r40_s1/graph.bin,ok,
gfd_robustness_benchmark_v4_factorial,yelpchi,r40_s1,1,1,heterophily_rewire_oracle,0.3,sage,train_on_variant,0.7395839367598814,0.2976137752939394,0.6187183970467403,0.6719629168510437,1.3031594499998391,31,21,0.7348793797695592,roc_auc,early_stopping,45954,8051348,175.2045135498047,149.0,175.2045135498047,175.0,0.4587411880493164,0.1452974677085876,/kaggle/working/gfd-robustness-v4-factorial-r1/graphs/base/yelpchi/r40_s1/graph.bin,/kaggle/working/gfd-robustness-v4-factorial-r1/graphs/variants/yelpchi/r40_s1/heterophily_rewire_oracle/0.30/seed_1/graph.bin,/kaggle/working/gfd-robustness-v4-factorial-r1/graphs/variants/yelpchi/r40_s1/heterophily_rewire_oracle/0.30/seed_1/graph.bin,ok,
gfd_robustness_benchmark_v4_factorial,yelpchi,r40_s1,1,1,heterophily_rewire_oracle,0.3,secgfd,train_clean_eval_all,0.5552947654525471,0.1675568589675842,0.5075239434483465,0.679985523223877,0.2149636159992951,50,50,0.8115241848389704,roc_auc,max_epochs,45954,8051348,175.2045135498047,149.0,175.2045135498047,175.0,0.4587411880493164,0.1452974677085876,/kaggle/working/gfd-robustness-v4-factorial-r1/graphs/base/yelpchi/r40_s1/graph.bin,/kaggle/working/gfd-robustness-v4-factorial-r1/graphs/variants/yelpchi/r40_s1/heterophily_rewire_oracle/0.30/seed_1/graph.bin,/kaggle/working/gfd-robustness-v4-factorial-r1/graphs/base/yelpchi/r40_s1/graph.bin,ok,
gfd_robustness_benchmark_v4_factorial,yelpchi,r40_s1,1,1,heterophily_rewire_oracle,0.3,secgfd,train_on_variant,0.999999952361062,0.999999720081154,0.999890508715483,0.5780084133148193,1.4254570630000671,13,3,1.0,roc_auc,early_stopping,45954,8051348,175.2045135498047,149.0,175.2045135498047,175.0,0.4587411880493164,0.1452974677085876,/kaggle/working/gfd-robustness-v4-factorial-r1/graphs/base/yelpchi/r40_s1/graph.bin,/kaggle/working/gfd-robustness-v4-factorial-r1/graphs/variants/yelpchi/r40_s1/heterophily_rewire_oracle/0.30/seed_1/graph.bin,/kaggle/working/gfd-robustness-v4-factorial-r1/graphs/variants/yelpchi/r40_s1/heterophily_rewire_oracle/0.30/seed_1/graph.bin,ok,
gfd_robustness_benchmark_v4_factorial,yelpchi,r40_s1,1,2,heterophily_rewire_oracle,0.3,mlp,train_clean_eval_all,0.7900874636610181,0.4282571598298197,0.6631972481222677,0.6799353361129761,0.1404620780012919,100,100,0.7945293081293195,roc_auc,max_epochs,45954,8051348,175.2045135498047,149.0,175.2045135498047,175.0,0.4587411880493164,0.1452974677085876,/kaggle/working/gfd-robustness-v4-factorial-r1/graphs/base/yelpchi/r40_s1/graph.bin,/kaggle/working/gfd-robustness-v4-factorial-r1/graphs/variants/yelpchi/r40_s1/heterophily_rewire_oracle/0.30/seed_1/graph.bin,/kaggle/working/gfd-robustness-v4-factorial-r1/graphs/base/yelpchi/r40_s1/graph.bin,ok,
gfd_robustness_benchmark_v4_factorial,yelpchi,r40_s1,1,2,heterophily_rewire_oracle,0.3,mlp,train_on_variant,0.7900874636610181,0.4282571598298197,0.6631972481222677,0.6799353361129761,2.042665250000028,100,100,0.7945293081293195,roc_auc,max_epochs,45954,8051348,175.2045135498047,149.0,175.2045135498047,175.0,0.4587411880493164,0.1452974677085876,/kaggle/working/gfd-robustness-v4-factorial-r1/graphs/base/yelpchi/r40_s1/graph.bin,/kaggle/working/gfd-robustness-v4-factorial-r1/graphs/variants/yelpchi/r40_s1/heterophily_rewire_oracle/0.30/seed_1/graph.bin,/kaggle/working/gfd-robustness-v4-factorial-r1/graphs/variants/yelpchi/r40_s1/heterophily_rewire_oracle/0.30/seed_1/graph.bin,ok,
gfd_robustness_benchmark_v4_factorial,yelpchi,r40_s1,1,2,heterophily_rewire_oracle,0.3,pmp,train_clean_eval_all,0.7584143941622864,0.3689415701928795,0.6398857176844712,0.3258445560932159,0.4842782539999462,86,76,0.8507594819016013,roc_auc,early_stopping,45954,8051348,175.2045135498047,149.0,175.2045135498047,175.0,0.4587411880493164,0.1452974677085876,/kaggle/working/gfd-robustness-v4-factorial-r1/graphs/base/yelpchi/r40_s1/graph.bin,/kaggle/working/gfd-robustness-v4-factorial-r1/graphs/variants/yelpchi/r40_s1/heterophily_rewire_oracle/0.30/seed_1/graph.bin,/kaggle/working/gfd-robustness-v4-factorial-r1/graphs/base/yelpchi/r40_s1/graph.bin,ok,
gfd_robustness_benchmark_v4_factorial,yelpchi,r40_s1,1,2,heterophily_rewire_oracle,0.3,pmp,train_on_variant,0.9072406993548544,0.6551618500481134,0.7685663195432544,0.1929749995470047,39.03526914400027,77,67,0.91256066772041,roc_auc,early_stopping,45954,8051348,175.2045135498047,149.0,175.2045135498047,175.0,0.4587411880493164,0.1452974677085876,/kaggle/working/gfd-robustness-v4-factorial-r1/graphs/base/yelpchi/r40_s1/graph.bin,/kaggle/working/gfd-robustness-v4-factorial-r1/graphs/variants/yelpchi/r40_s1/heterophily_rewire_oracle/0.30/seed_1/graph.bin,/kaggle/working/gfd-robustness-v4-factorial-r1/graphs/variants/yelpchi/r40_s1/heterophily_rewire_oracle/0.30/seed_1/graph.bin,ok,
gfd_robustness_benchmark_v4_factorial,yelpchi,r40_s1,1,2,heterophily_rewire_oracle,0.3,sage,train_clean_eval_all,0.7685650846982207,0.4024233885205547,0.6469464793093579,0.6474134922027588,0.225418272000752,100,99,0.7896983004217357,roc_auc,max_epochs,45954,8051348,175.2045135498047,149.0,175.2045135498047,175.0,0.4587411880493164,0.1452974677085876,/kaggle/working/gfd-robustness-v4-factorial-r1/graphs/base/yelpchi/r40_s1/graph.bin,/kaggle/working/gfd-robustness-v4-factorial-r1/graphs/variants/yelpchi/r40_s1/heterophily_rewire_oracle/0.30/seed_1/graph.bin,/kaggle/working/gfd-robustness-v4-factorial-r1/graphs/base/yelpchi/r40_s1/graph.bin,ok,
gfd_robustness_benchmark_v4_factorial,yelpchi,r40_s1,1,2,heterophily_rewire_oracle,0.3,sage,train_on_variant,0.8959283690447516,0.6485208600946837,0.7669968634411177,0.5802732706069946,3.4648201509999126,100,100,0.8948116255063093,roc_auc,max_epochs,45954,8051348,175.2045135498047,149.0,175.2045135498047,175.0,0.4587411880493164,0.1452974677085876,/kaggle/working/gfd-robustness-v4-factorial-r1/graphs/base/yelpchi/r40_s1/graph.bin,/kaggle/working/gfd-robustness-v4-factorial-r1/graphs/variants/yelpchi/r40_s1/heterophily_rewire_oracle/0.30/seed_1/graph.bin,/kaggle/working/gfd-robustness-v4-factorial-r1/graphs/variants/yelpchi/r40_s1/heterophily_rewire_oracle/0.30/seed_1/graph.bin,ok,
gfd_robustness_benchmark_v4_factorial,yelpchi,r40_s1,1,2,heterophily_rewire_oracle,0.3,secgfd,train_clean_eval_all,0.444026343951608,0.1247217467523522,0.4729244960315745,0.6409332752227783,0.2415366759996686,50,50,0.8095187349358813,roc_auc,max_epochs,45954,8051348,175.2045135498047,149.0,175.2045135498047,175.0,0.4587411880493164,0.1452974677085876,/kaggle/working/gfd-robustness-v4-factorial-r1/graphs/base/yelpchi/r40_s1/graph.bin,/kaggle/working/gfd-robustness-v4-factorial-r1/graphs/variants/yelpchi/r40_s1/heterophily_rewire_oracle/0.30/seed_1/graph.bin,/kaggle/working/gfd-robustness-v4-factorial-r1/graphs/base/yelpchi/r40_s1/graph.bin,ok,
gfd_robustness_benchmark_v4_factorial,yelpchi,r40_s1,1,2,heterophily_rewire_oracle,0.3,secgfd,train_on_variant,1.0,1.0,1.0,0.5457659959793091,1.3964913810004873,12,2,1.0,roc_auc,early_stopping,45954,8051348,175.2045135498047,149.0,175.2045135498047,175.0,0.4587411880493164,0.1452974677085876,/kaggle/working/gfd-robustness-v4-factorial-r1/graphs/base/yelpchi/r40_s1/graph.bin,/kaggle/working/gfd-robustness-v4-factorial-r1/graphs/variants/yelpchi/r40_s1/heterophily_rewire_oracle/0.30/seed_1/graph.bin,/kaggle/working/gfd-robustness-v4-factorial-r1/graphs/variants/yelpchi/r40_s1/heterophily_rewire_oracle/0.30/seed_1/graph.bin,ok,
gfd_robustness_benchmark_v4_factorial,yelpchi,r40_s1,1,3,heterophily_rewire_oracle,0.3,mlp,train_clean_eval_all,0.7890011172283742,0.4222148286858138,0.6591169548062679,0.6908923387527466,0.1275788510010898,100,100,0.79316778597091,roc_auc,max_epochs,45954,8051348,175.2045135498047,149.0,175.2045135498047,175.0,0.4587411880493164,0.1452974677085876,/kaggle/working/gfd-robustness-v4-factorial-r1/graphs/base/yelpchi/r40_s1/graph.bin,/kaggle/working/gfd-robustness-v4-factorial-r1/graphs/variants/yelpchi/r40_s1/heterophily_rewire_oracle/0.30/seed_1/graph.bin,/kaggle/working/gfd-robustness-v4-factorial-r1/graphs/base/yelpchi/r40_s1/graph.bin,ok,
gfd_robustness_benchmark_v4_factorial,yelpchi,r40_s1,1,3,heterophily_rewire_oracle,0.3,mlp,train_on_variant,0.7890011172283742,0.4222148286858138,0.6591169548062679,0.6908923387527466,2.1051337999997486,100,100,0.79316778597091,roc_auc,max_epochs,45954,8051348,175.2045135498047,149.0,175.2045135498047,175.0,0.4587411880493164,0.1452974677085876,/kaggle/working/gfd-robustness-v4-factorial-r1/graphs/base/yelpchi/r40_s1/graph.bin,/kaggle/working/gfd-robustness-v4-factorial-r1/graphs/variants/yelpchi/r40_s1/heterophily_rewire_oracle/0.30/seed_1/graph.bin,/kaggle/working/gfd-robustness-v4-factorial-r1/graphs/variants/yelpchi/r40_s1/heterophily_rewire_oracle/0.30/seed_1/graph.bin,ok,
gfd_robustness_benchmark_v4_factorial,yelpchi,r40_s1,1,3,heterophily_rewire_oracle,0.3,pmp,train_clean_eval_all,0.7660185929058381,0.39973632390692,0.6445362855148654,0.2770633101463318,0.4711436620000313,100,100,0.854679931435165,roc_auc,max_epochs,45954,8051348,175.2045135498047,149.0,175.2045135498047,175.0,0.4587411880493164,0.1452974677085876,/kaggle/working/gfd-robustness-v4-factorial-r1/graphs/base/yelpchi/r40_s1/graph.bin,/kaggle/working/gfd-robustness-v4-factorial-r1/graphs/variants/yelpchi/r40_s1/heterophily_rewire_oracle/0.30/seed_1/graph.bin,/kaggle/working/gfd-robustness-v4-factorial-r1/graphs/base/yelpchi/r40_s1/graph.bin,ok,
gfd_robustness_benchmark_v4_factorial,yelpchi,r40_s1,1,3,heterophily_rewire_oracle,0.3,pmp,train_on_variant,0.904388365580448,0.6362562115928783,0.7641026507298456,0.3604513704776764,41.95907341200018,87,77,0.911814941698434,roc_auc,early_stopping,45954,8051348,175.2045135498047,149.0,175.2045135498047,175.0,0.4587411880493164,0.1452974677085876,/kaggle/working/gfd-robustness-v4-factorial-r1/graphs/base/yelpchi/r40_s1/graph.bin,/kaggle/working/gfd-robustness-v4-factorial-r1/graphs/variants/yelpchi/r40_s1/heterophily_rewire_oracle/0.30/seed_1/graph.bin,/kaggle/working/gfd-robustness-v4-factorial-r1/graphs/variants/yelpchi/r40_s1/heterophily_rewire_oracle/0.30/seed_1/graph.bin,ok,
gfd_robustness_benchmark_v4_factorial,yelpchi,r40_s1,1,3,heterophily_rewire_oracle,0.3,sage,train_clean_eval_all,0.7570558864767918,0.3837280916961708,0.6423106381131862,0.6763858795166016,0.2263675470003363,100,100,0.7853451486087966,roc_auc,max_epochs,45954,8051348,175.2045135498047,149.0,175.2045135498047,175.0,0.4587411880493164,0.1452974677085876,/kaggle/working/gfd-robustness-v4-factorial-r1/graphs/base/yelpchi/r40_s1/graph.bin,/kaggle/working/gfd-robustness-v4-factorial-r1/graphs/variants/yelpchi/r40_s1/heterophily_rewire_oracle/0.30/seed_1/graph.bin,/kaggle/working/gfd-robustness-v4-factorial-r1/graphs/base/yelpchi/r40_s1/graph.bin,ok,
gfd_robustness_benchmark_v4_factorial,yelpchi,r40_s1,1,3,heterophily_rewire_oracle,0.3,sage,train_on_variant,0.9173633662855044,0.7044913999019473,0.7917198605722211,0.6089609265327454,3.2991628440004206,100,100,0.9155261683557552,roc_auc,max_epochs,45954,8051348,175.2045135498047,149.0,175.2045135498047,175.0,0.4587411880493164,0.1452974677085876,/kaggle/working/gfd-robustness-v4-factorial-r1/graphs/base/yelpchi/r40_s1/graph.bin,/kaggle/working/gfd-robustness-v4-factorial-r1/graphs/variants/yelpchi/r40_s1/heterophily_rewire_oracle/0.30/seed_1/graph.bin,/kaggle/working/gfd-robustness-v4-factorial-r1/graphs/variants/yelpchi/r40_s1/heterophily_rewire_oracle/0.30/seed_1/graph.bin,ok,
gfd_robustness_benchmark_v4_factorial,yelpchi,r40_s1,1,3,heterophily_rewire_oracle,0.3,secgfd,train_clean_eval_all,0.4063943936211081,0.1161126571903365,0.4614716958077524,0.6394457817077637,0.2536900809991493,50,50,0.8028998443225408,roc_auc,max_epochs,45954,8051348,175.2045135498047,149.0,175.2045135498047,175.0,0.4587411880493164,0.1452974677085876,/kaggle/working/gfd-robustness-v4-factorial-r1/graphs/base/yelpchi/r40_s1/graph.bin,/kaggle/working/gfd-robustness-v4-factorial-r1/graphs/variants/yelpchi/r40_s1/heterophily_rewire_oracle/0.30/seed_1/graph.bin,/kaggle/working/gfd-robustness-v4-factorial-r1/graphs/base/yelpchi/r40_s1/graph.bin,ok,
gfd_robustness_benchmark_v4_factorial,yelpchi,r40_s1,1,3,heterophily_rewire_oracle,0.3,secgfd,train_on_variant,1.0,1.0,1.0,0.6414867043495178,1.4035240109997176,12,2,1.0,roc_auc,early_stopping,45954,8051348,175.2045135498047,149.0,175.2045135498047,175.0,0.4587411880493164,0.1452974677085876,/kaggle/working/gfd-robustness-v4-factorial-r1/graphs/base/yelpchi/r40_s1/graph.bin,/kaggle/working/gfd-robustness-v4-factorial-r1/graphs/variants/yelpchi/r40_s1/heterophily_rewire_oracle/0.30/seed_1/graph.bin,/kaggle/working/gfd-robustness-v4-factorial-r1/graphs/variants/yelpchi/r40_s1/heterophily_rewire_oracle/0.30/seed_1/graph.bin,ok,
gfd_robustness_benchmark_v4_factorial,yelpchi,r40_s1,1,4,heterophily_rewire_oracle,0.3,mlp,train_clean_eval_all,0.7894763990031648,0.4290633283011688,0.6620706708330315,0.6857644319534302,0.1386447839995526,100,100,0.7918636713655989,roc_auc,max_epochs,45954,8051348,175.2045135498047,149.0,175.2045135498047,175.0,0.4587411880493164,0.1452974677085876,/kaggle/working/gfd-robustness-v4-factorial-r1/graphs/base/yelpchi/r40_s1/graph.bin,/kaggle/working/gfd-robustness-v4-factorial-r1/graphs/variants/yelpchi/r40_s1/heterophily_rewire_oracle/0.30/seed_1/graph.bin,/kaggle/working/gfd-robustness-v4-factorial-r1/graphs/base/yelpchi/r40_s1/graph.bin,ok,
gfd_robustness_benchmark_v4_factorial,yelpchi,r40_s1,1,4,heterophily_rewire_oracle,0.3,mlp,train_on_variant,0.7894763990031648,0.4290633283011688,0.6620706708330315,0.6857644319534302,2.097992306999913,100,100,0.7918636713655989,roc_auc,max_epochs,45954,8051348,175.2045135498047,149.0,175.2045135498047,175.0,0.4587411880493164,0.1452974677085876,/kaggle/working/gfd-robustness-v4-factorial-r1/graphs/base/yelpchi/r40_s1/graph.bin,/kaggle/working/gfd-robustness-v4-factorial-r1/graphs/variants/yelpchi/r40_s1/heterophily_rewire_oracle/0.30/seed_1/graph.bin,/kaggle/working/gfd-robustness-v4-factorial-r1/graphs/variants/yelpchi/r40_s1/heterophily_rewire_oracle/0.30/seed_1/graph.bin,ok,
gfd_robustness_benchmark_v4_factorial,yelpchi,r40_s1,1,4,heterophily_rewire_oracle,0.3,pmp,train_clean_eval_all,0.7652203786800127,0.3727078593520816,0.6389432469135828,0.3471680581569671,0.460030464000738,73,63,0.8499933008627821,roc_auc,early_stopping,45954,8051348,175.2045135498047,149.0,175.2045135498047,175.0,0.4587411880493164,0.1452974677085876,/kaggle/working/gfd-robustness-v4-factorial-r1/graphs/base/yelpchi/r40_s1/graph.bin,/kaggle/working/gfd-robustness-v4-factorial-r1/graphs/variants/yelpchi/r40_s1/heterophily_rewire_oracle/0.30/seed_1/graph.bin,/kaggle/working/gfd-robustness-v4-factorial-r1/graphs/base/yelpchi/r40_s1/graph.bin,ok,
gfd_robustness_benchmark_v4_factorial,yelpchi,r40_s1,1,4,heterophily_rewire_oracle,0.3,pmp,train_on_variant,0.9071872127372038,0.6495713106491929,0.7695884204870789,0.4189234972000122,41.75429277799958,87,77,0.9115329104055958,roc_auc,early_stopping,45954,8051348,175.2045135498047,149.0,175.2045135498047,175.0,0.4587411880493164,0.1452974677085876,/kaggle/working/gfd-robustness-v4-factorial-r1/graphs/base/yelpchi/r40_s1/graph.bin,/kaggle/working/gfd-robustness-v4-factorial-r1/graphs/variants/yelpchi/r40_s1/heterophily_rewire_oracle/0.30/seed_1/graph.bin,/kaggle/working/gfd-robustness-v4-factorial-r1/graphs/variants/yelpchi/r40_s1/heterophily_rewire_oracle/0.30/seed_1/graph.bin,ok,
gfd_robustness_benchmark_v4_factorial,yelpchi,r40_s1,1,4,heterophily_rewire_oracle,0.3,sage,train_clean_eval_all,0.7666015267707965,0.3959106925950797,0.6417620213349734,0.701765239238739,0.2244215659993642,100,100,0.7862607132554708,roc_auc,max_epochs,45954,8051348,175.2045135498047,149.0,175.2045135498047,175.0,0.4587411880493164,0.1452974677085876,/kaggle/working/gfd-robustness-v4-factorial-r1/graphs/base/yelpchi/r40_s1/graph.bin,/kaggle/working/gfd-robustness-v4-factorial-r1/graphs/variants/yelpchi/r40_s1/heterophily_rewire_oracle/0.30/seed_1/graph.bin,/kaggle/working/gfd-robustness-v4-factorial-r1/graphs/base/yelpchi/r40_s1/graph.bin,ok,
gfd_robustness_benchmark_v4_factorial,yelpchi,r40_s1,1,4,heterophily_rewire_oracle,0.3,sage,train_on_variant,0.9029253618844288,0.6641592977184597,0.7730208398742122,0.6131818294525146,3.422146855999926,100,100,0.9018001845242778,roc_auc,max_epochs,45954,8051348,175.2045135498047,149.0,175.2045135498047,175.0,0.4587411880493164,0.1452974677085876,/kaggle/working/gfd-robustness-v4-factorial-r1/graphs/base/yelpchi/r40_s1/graph.bin,/kaggle/working/gfd-robustness-v4-factorial-r1/graphs/variants/yelpchi/r40_s1/heterophily_rewire_oracle/0.30/seed_1/graph.bin,/kaggle/working/gfd-robustness-v4-factorial-r1/graphs/variants/yelpchi/r40_s1/heterophily_rewire_oracle/0.30/seed_1/graph.bin,ok,
gfd_robustness_benchmark_v4_factorial,yelpchi,r40_s1,1,4,heterophily_rewire_oracle,0.3,secgfd,train_clean_eval_all,0.4228386523477993,0.1148896021561758,0.4414165200582757,0.6209703087806702,0.2407095130001835,50,49,0.7930952636384659,roc_auc,max_epochs,45954,8051348,175.2045135498047,149.0,175.2045135498047,175.0,0.4587411880493164,0.1452974677085876,/kaggle/working/gfd-robustness-v4-factorial-r1/graphs/base/yelpchi/r40_s1/graph.bin,/kaggle/working/gfd-robustness-v4-factorial-r1/graphs/variants/yelpchi/r40_s1/heterophily_rewire_oracle/0.30/seed_1/graph.bin,/kaggle/working/gfd-robustness-v4-factorial-r1/graphs/base/yelpchi/r40_s1/graph.bin,ok,
gfd_robustness_benchmark_v4_factorial,yelpchi,r40_s1,1,4,heterophily_rewire_oracle,0.3,secgfd,train_on_variant,1.0,1.0,0.999561830644112,0.6797844171524048,1.366753579000033,12,2,1.0,roc_auc,early_stopping,45954,8051348,175.2045135498047,149.0,175.2045135498047,175.0,0.4587411880493164,0.1452974677085876,/kaggle/working/gfd-robustness-v4-factorial-r1/graphs/base/yelpchi/r40_s1/graph.bin,/kaggle/working/gfd-robustness-v4-factorial-r1/graphs/variants/yelpchi/r40_s1/heterophily_rewire_oracle/0.30/seed_1/graph.bin,/kaggle/working/gfd-robustness-v4-factorial-r1/graphs/variants/yelpchi/r40_s1/heterophily_rewire_oracle/0.30/seed_1/graph.bin,ok,
gfd_robustness_benchmark_v4_factorial,yelpchi,r40_s1,0,0,noise_edges_uniform,0.1,mlp,train_clean_eval_all,0.7411298917567106,0.3289358495954787,0.62102968873229,0.4987255334854126,0.1288956410007813,16,6,0.7381013548468616,roc_auc,early_stopping,45954,8856482,192.7249450683593,193.0,192.7249450683593,192.0,0.2288910001516342,0.1452974677085876,/kaggle/working/gfd-robustness-v4-factorial-r1/graphs/base/yelpchi/r40_s1/graph.bin,/kaggle/working/gfd-robustness-v4-factorial-r1/graphs/variants/yelpchi/r40_s1/noise_edges_uniform/0.10/seed_0/graph.bin,/kaggle/working/gfd-robustness-v4-factorial-r1/graphs/base/yelpchi/r40_s1/graph.bin,ok,
gfd_robustness_benchmark_v4_factorial,yelpchi,r40_s1,0,0,noise_edges_uniform,0.1,mlp,train_on_variant,0.7411298917567106,0.3289358495954787,0.62102968873229,0.4987255334854126,0.4512811790000341,16,6,0.7381013548468616,roc_auc,early_stopping,45954,8856482,192.7249450683593,193.0,192.7249450683593,192.0,0.2288910001516342,0.1452974677085876,/kaggle/working/gfd-robustness-v4-factorial-r1/graphs/base/yelpchi/r40_s1/graph.bin,/kaggle/working/gfd-robustness-v4-factorial-r1/graphs/variants/yelpchi/r40_s1/noise_edges_uniform/0.10/seed_0/graph.bin,/kaggle/working/gfd-robustness-v4-factorial-r1/graphs/variants/yelpchi/r40_s1/noise_edges_uniform/0.10/seed_0/graph.bin,ok,
gfd_robustness_benchmark_v4_factorial,yelpchi,r40_s1,0,0,noise_edges_uniform,0.1,pmp,train_clean_eval_all,0.8257935027348562,0.5102306047152507,0.6963215850874696,0.2638531029224396,0.5077702760008833,52,42,0.8448072627229967,roc_auc,early_stopping,45954,8856482,192.72494506835932,193.0,192.72494506835932,192.0,0.2288910001516342,0.1452974677085876,/kaggle/working/gfd-robustness-v4-factorial-r1/graphs/base/yelpchi/r40_s1/graph.bin,/kaggle/working/gfd-robustness-v4-factorial-r1/graphs/variants/yelpchi/r40_s1/noise_edges_uniform/0.10/seed_0/graph.bin,/kaggle/working/gfd-robustness-v4-factorial-r1/graphs/base/yelpchi/r40_s1/graph.bin,ok,
gfd_robustness_benchmark_v4_factorial,yelpchi,r40_s1,0,0,noise_edges_uniform,0.1,pmp,train_on_variant,0.8377824250620449,0.5390706767444048,0.7074092480424294,0.3034507930278778,25.79489572499915,60,50,0.8421812962949718,roc_auc,early_stopping,45954,8856482,192.7249450683593,193.0,192.7249450683593,192.0,0.2288910001516342,0.1452974677085876,/kaggle/working/gfd-robustness-v4-factorial-r1/graphs/base/yelpchi/r40_s1/graph.bin,/kaggle/working/gfd-robustness-v4-factorial-r1/graphs/variants/yelpchi/r40_s1/noise_edges_uniform/0.10/seed_0/graph.bin,/kaggle/working/gfd-robustness-v4-factorial-r1/graphs/variants/yelpchi/r40_s1/noise_edges_uniform/0.10/seed_0/graph.bin,ok,
gfd_robustness_benchmark_v4_factorial,yelpchi,r40_s1,0,0,noise_edges_uniform,0.1,sage,train_clean_eval_all,0.7807434313526714,0.4241460965163206,0.6603021493751908,0.6340437531471252,0.1947028659997158,100,99,0.7847662096472344,roc_auc,max_epochs,45954,8856482,192.7249450683593,193.0,192.7249450683593,192.0,0.2288910001516342,0.1452974677085876,/kaggle/working/gfd-robustness-v4-factorial-r1/graphs/base/yelpchi/r40_s1/graph.bin,/kaggle/working/gfd-robustness-v4-factorial-r1/graphs/variants/yelpchi/r40_s1/noise_edges_uniform/0.10/seed_0/graph.bin,/kaggle/working/gfd-robustness-v4-factorial-r1/graphs/base/yelpchi/r40_s1/graph.bin,ok,
gfd_robustness_benchmark_v4_factorial,yelpchi,r40_s1,0,0,noise_edges_uniform,0.1,sage,train_on_variant,0.7800529406754211,0.4241316010860744,0.6601631696163052,0.646178662776947,3.631894472000568,100,100,0.7809161844956694,roc_auc,max_epochs,45954,8856482,192.7249450683593,193.0,192.7249450683593,192.0,0.2288910001516342,0.1452974677085876,/kaggle/working/gfd-robustness-v4-factorial-r1/graphs/base/yelpchi/r40_s1/graph.bin,/kaggle/working/gfd-robustness-v4-factorial-r1/graphs/variants/yelpchi/r40_s1/noise_edges_uniform/0.10/seed_0/graph.bin,/kaggle/working/gfd-robustness-v4-factorial-r1/graphs/variants/yelpchi/r40_s1/noise_edges_uniform/0.10/seed_0/graph.bin,ok,
gfd_robustness_benchmark_v4_factorial,yelpchi,r40_s1,0,0,noise_edges_uniform,0.1,secgfd,train_clean_eval_all,0.8101879870605022,0.4760634728087131,0.6868533152658655,0.707516610622406,0.2434633049997501,50,50,0.81031190324634,roc_auc,max_epochs,45954,8856482,192.7249450683593,193.0,192.7249450683593,192.0,0.2288910001516342,0.1452974677085876,/kaggle/working/gfd-robustness-v4-factorial-r1/graphs/base/yelpchi/r40_s1/graph.bin,/kaggle/working/gfd-robustness-v4-factorial-r1/graphs/variants/yelpchi/r40_s1/noise_edges_uniform/0.10/seed_0/graph.bin,/kaggle/working/gfd-robustness-v4-factorial-r1/graphs/base/yelpchi/r40_s1/graph.bin,ok,
gfd_robustness_benchmark_v4_factorial,yelpchi,r40_s1,0,0,noise_edges_uniform,0.1,secgfd,train_on_variant,0.8224754268829957,0.4930605376540312,0.6960696967068635,0.7242386341094971,5.367373041999599,50,50,0.8240305442512582,roc_auc,max_epochs,45954,8856482,192.7249450683593,193.0,192.7249450683593,192.0,0.2288910001516342,0.1452974677085876,/kaggle/working/gfd-robustness-v4-factorial-r1/graphs/base/yelpchi/r40_s1/graph.bin,/kaggle/working/gfd-robustness-v4-factorial-r1/graphs/variants/yelpchi/r40_s1/noise_edges_uniform/0.10/seed_0/graph.bin,/kaggle/working/gfd-robustness-v4-factorial-r1/graphs/variants/yelpchi/r40_s1/noise_edges_uniform/0.10/seed_0/graph.bin,ok,
gfd_robustness_benchmark_v4_factorial,yelpchi,r40_s1,0,1,noise_edges_uniform,0.1,mlp,train_clean_eval_all,0.7890208397487103,0.4259466979825966,0.6592905529479388,0.7060688734054565,0.1362444339993089,100,100,0.7923067203551258,roc_auc,max_epochs,45954,8856482,192.7249450683593,193.0,192.7249450683593,192.0,0.2288910001516342,0.1452974677085876,/kaggle/working/gfd-robustness-v4-factorial-r1/graphs/base/yelpchi/r40_s1/graph.bin,/kaggle/working/gfd-robustness-v4-factorial-r1/graphs/variants/yelpchi/r40_s1/noise_edges_uniform/0.10/seed_0/graph.bin,/kaggle/working/gfd-robustness-v4-factorial-r1/graphs/base/yelpchi/r40_s1/graph.bin,ok,
gfd_robustness_benchmark_v4_factorial,yelpchi,r40_s1,0,1,noise_edges_uniform,0.1,mlp,train_on_variant,0.7890208397487103,0.4259466979825966,0.6592905529479388,0.7060688734054565,1.8486842230004183,100,100,0.7923067203551258,roc_auc,max_epochs,45954,8856482,192.7249450683593,193.0,192.7249450683593,192.0,0.2288910001516342,0.1452974677085876,/kaggle/working/gfd-robustness-v4-factorial-r1/graphs/base/yelpchi/r40_s1/graph.bin,/kaggle/working/gfd-robustness-v4-factorial-r1/graphs/variants/yelpchi/r40_s1/noise_edges_uniform/0.10/seed_0/graph.bin,/kaggle/working/gfd-robustness-v4-factorial-r1/graphs/variants/yelpchi/r40_s1/noise_edges_uniform/0.10/seed_0/graph.bin,ok,
gfd_robustness_benchmark_v4_factorial,yelpchi,r40_s1,0,1,noise_edges_uniform,0.1,pmp,train_clean_eval_all,0.8360970189839262,0.5193139143666452,0.7058482512548679,0.3995718955993652,0.6394367670000065,73,63,0.8482169090037834,roc_auc,early_stopping,45954,8856482,192.72494506835932,193.0,192.72494506835932,192.0,0.2288910001516342,0.1452974677085876,/kaggle/working/gfd-robustness-v4-factorial-r1/graphs/base/yelpchi/r40_s1/graph.bin,/kaggle/working/gfd-robustness-v4-factorial-r1/graphs/variants/yelpchi/r40_s1/noise_edges_uniform/0.10/seed_0/graph.bin,/kaggle/working/gfd-robustness-v4-factorial-r1/graphs/base/yelpchi/r40_s1/graph.bin,ok,
gfd_robustness_benchmark_v4_factorial,yelpchi,r40_s1,0,1,noise_edges_uniform,0.1,pmp,train_on_variant,0.8362958877306487,0.5318353219244161,0.7048409413917551,0.329397052526474,26.204351774000315,61,51,0.8400464886746436,roc_auc,early_stopping,45954,8856482,192.7249450683593,193.0,192.7249450683593,192.0,0.2288910001516342,0.1452974677085876,/kaggle/working/gfd-robustness-v4-factorial-r1/graphs/base/yelpchi/r40_s1/graph.bin,/kaggle/working/gfd-robustness-v4-factorial-r1/graphs/variants/yelpchi/r40_s1/noise_edges_uniform/0.10/seed_0/graph.bin,/kaggle/working/gfd-robustness-v4-factorial-r1/graphs/variants/yelpchi/r40_s1/noise_edges_uniform/0.10/seed_0/graph.bin,ok,
gfd_robustness_benchmark_v4_factorial,yelpchi,r40_s1,0,1,noise_edges_uniform,0.1,sage,train_clean_eval_all,0.6136782490899058,0.2045751416167106,0.5509417771650236,0.2877165079116821,0.2295012600006885,23,13,0.6056249389091134,roc_auc,early_stopping,45954,8856482,192.7249450683593,193.0,192.7249450683593,192.0,0.2288910001516342,0.1452974677085876,/kaggle/working/gfd-robustness-v4-factorial-r1/graphs/base/yelpchi/r40_s1/graph.bin,/kaggle/working/gfd-robustness-v4-factorial-r1/graphs/variants/yelpchi/r40_s1/noise_edges_uniform/0.10/seed_0/graph.bin,/kaggle/working/gfd-robustness-v4-factorial-r1/graphs/base/yelpchi/r40_s1/graph.bin,ok,
gfd_robustness_benchmark_v4_factorial,yelpchi,r40_s1,0,1,noise_edges_uniform,0.1,sage,train_on_variant,0.6126089335776004,0.2028813111203089,0.5494592513865693,0.2847407162189483,1.0877658879999217,23,13,0.6037868482347416,roc_auc,early_stopping,45954,8856482,192.7249450683593,193.0,192.7249450683593,192.0,0.2288910001516342,0.1452974677085876,/kaggle/working/gfd-robustness-v4-factorial-r1/graphs/base/yelpchi/r40_s1/graph.bin,/kaggle/working/gfd-robustness-v4-factorial-r1/graphs/variants/yelpchi/r40_s1/noise_edges_uniform/0.10/seed_0/graph.bin,/kaggle/working/gfd-robustness-v4-factorial-r1/graphs/variants/yelpchi/r40_s1/noise_edges_uniform/0.10/seed_0/graph.bin,ok,
gfd_robustness_benchmark_v4_factorial,yelpchi,r40_s1,0,1,noise_edges_uniform,0.1,secgfd,train_clean_eval_all,0.8069438111112297,0.4626271239093243,0.6824464289500697,0.679985523223877,0.2453418589993816,50,50,0.8115241848389704,roc_auc,max_epochs,45954,8856482,192.7249450683593,193.0,192.7249450683593,192.0,0.2288910001516342,0.1452974677085876,/kaggle/working/gfd-robustness-v4-factorial-r1/graphs/base/yelpchi/r40_s1/graph.bin,/kaggle/working/gfd-robustness-v4-factorial-r1/graphs/variants/yelpchi/r40_s1/noise_edges_uniform/0.10/seed_0/graph.bin,/kaggle/working/gfd-robustness-v4-factorial-r1/graphs/base/yelpchi/r40_s1/graph.bin,ok,
gfd_robustness_benchmark_v4_factorial,yelpchi,r40_s1,0,1,noise_edges_uniform,0.1,secgfd,train_on_variant,0.7998061285778748,0.4554714313816555,0.6781286049007256,0.6613619923591614,5.331947077000223,50,49,0.8060168265161864,roc_auc,max_epochs,45954,8856482,192.7249450683593,193.0,192.7249450683593,192.0,0.2288910001516342,0.1452974677085876,/kaggle/working/gfd-robustness-v4-factorial-r1/graphs/base/yelpchi/r40_s1/graph.bin,/kaggle/working/gfd-robustness-v4-factorial-r1/graphs/variants/yelpchi/r40_s1/noise_edges_uniform/0.10/seed_0/graph.bin,/kaggle/working/gfd-robustness-v4-factorial-r1/graphs/variants/yelpchi/r40_s1/noise_edges_uniform/0.10/seed_0/graph.bin,ok,
gfd_robustness_benchmark_v4_factorial,yelpchi,r40_s1,0,2,noise_edges_uniform,0.1,mlp,train_clean_eval_all,0.7900874636610181,0.4282571598298197,0.6631972481222677,0.6799353361129761,0.1831933550001849,100,100,0.7945293081293195,roc_auc,max_epochs,45954,8856482,192.7249450683593,193.0,192.7249450683593,192.0,0.2288910001516342,0.1452974677085876,/kaggle/working/gfd-robustness-v4-factorial-r1/graphs/base/yelpchi/r40_s1/graph.bin,/kaggle/working/gfd-robustness-v4-factorial-r1/graphs/variants/yelpchi/r40_s1/noise_edges_uniform/0.10/seed_0/graph.bin,/kaggle/working/gfd-robustness-v4-factorial-r1/graphs/base/yelpchi/r40_s1/graph.bin,ok,
gfd_robustness_benchmark_v4_factorial,yelpchi,r40_s1,0,2,noise_edges_uniform,0.1,mlp,train_on_variant,0.7900874636610181,0.4282571598298197,0.6631972481222677,0.6799353361129761,1.886486137999782,100,100,0.7945293081293195,roc_auc,max_epochs,45954,8856482,192.7249450683593,193.0,192.7249450683593,192.0,0.2288910001516342,0.1452974677085876,/kaggle/working/gfd-robustness-v4-factorial-r1/graphs/base/yelpchi/r40_s1/graph.bin,/kaggle/working/gfd-robustness-v4-factorial-r1/graphs/variants/yelpchi/r40_s1/noise_edges_uniform/0.10/seed_0/graph.bin,/kaggle/working/gfd-robustness-v4-factorial-r1/graphs/variants/yelpchi/r40_s1/noise_edges_uniform/0.10/seed_0/graph.bin,ok,
gfd_robustness_benchmark_v4_factorial,yelpchi,r40_s1,0,2,noise_edges_uniform,0.1,pmp,train_clean_eval_all,0.8352332535793993,0.5235467941482583,0.7082851972044473,0.3258445560932159,0.4457423200001358,86,76,0.8507594819016013,roc_auc,early_stopping,45954,8856482,192.72494506835932,193.0,192.72494506835932,192.0,0.2288910001516342,0.1452974677085876,/kaggle/working/gfd-robustness-v4-factorial-r1/graphs/base/yelpchi/r40_s1/graph.bin,/kaggle/working/gfd-robustness-v4-factorial-r1/graphs/variants/yelpchi/r40_s1/noise_edges_uniform/0.10/seed_0/graph.bin,/kaggle/working/gfd-robustness-v4-factorial-r1/graphs/base/yelpchi/r40_s1/graph.bin,ok,
gfd_robustness_benchmark_v4_factorial,yelpchi,r40_s1,0,2,noise_edges_uniform,0.1,pmp,train_on_variant,0.8383406581376452,0.5259263270642413,0.7085621684856186,0.1890337318181991,41.80522970899983,97,87,0.8441809291536438,roc_auc,early_stopping,45954,8856482,192.7249450683593,193.0,192.7249450683593,192.0,0.2288910001516342,0.1452974677085876,/kaggle/working/gfd-robustness-v4-factorial-r1/graphs/base/yelpchi/r40_s1/graph.bin,/kaggle/working/gfd-robustness-v4-factorial-r1/graphs/variants/yelpchi/r40_s1/noise_edges_uniform/0.10/seed_0/graph.bin,/kaggle/working/gfd-robustness-v4-factorial-r1/graphs/variants/yelpchi/r40_s1/noise_edges_uniform/0.10/seed_0/graph.bin,ok,
gfd_robustness_benchmark_v4_factorial,yelpchi,r40_s1,0,2,noise_edges_uniform,0.1,sage,train_clean_eval_all,0.7839124568772333,0.4280979579650812,0.661181331942543,0.6474134922027588,0.274329203999514,100,99,0.7896983004217357,roc_auc,max_epochs,45954,8856482,192.7249450683593,193.0,192.7249450683593,192.0,0.2288910001516342,0.1452974677085876,/kaggle/working/gfd-robustness-v4-factorial-r1/graphs/base/yelpchi/r40_s1/graph.bin,/kaggle/working/gfd-robustness-v4-factorial-r1/graphs/variants/yelpchi/r40_s1/noise_edges_uniform/0.10/seed_0/graph.bin,/kaggle/working/gfd-robustness-v4-factorial-r1/graphs/base/yelpchi/r40_s1/graph.bin,ok,
gfd_robustness_benchmark_v4_factorial,yelpchi,r40_s1,0,2,noise_edges_uniform,0.1,sage,train_on_variant,0.7801401794806517,0.4233109529203606,0.6540174107976331,0.6044780611991882,3.5524378670006627,100,100,0.7828193116338504,roc_auc,max_epochs,45954,8856482,192.7249450683593,193.0,192.7249450683593,192.0,0.2288910001516342,0.1452974677085876,/kaggle/working/gfd-robustness-v4-factorial-r1/graphs/base/yelpchi/r40_s1/graph.bin,/kaggle/working/gfd-robustness-v4-factorial-r1/graphs/variants/yelpchi/r40_s1/noise_edges_uniform/0.10/seed_0/graph.bin,/kaggle/working/gfd-robustness-v4-factorial-r1/graphs/variants/yelpchi/r40_s1/noise_edges_uniform/0.10/seed_0/graph.bin,ok,
gfd_robustness_benchmark_v4_factorial,yelpchi,r40_s1,0,2,noise_edges_uniform,0.1,secgfd,train_clean_eval_all,0.7982962838960572,0.4531883931888871,0.6779210348665323,0.6409332752227783,0.2344369120000919,50,50,0.8095187349358813,roc_auc,max_epochs,45954,8856482,192.7249450683593,193.0,192.7249450683593,192.0,0.2288910001516342,0.1452974677085876,/kaggle/working/gfd-robustness-v4-factorial-r1/graphs/base/yelpchi/r40_s1/graph.bin,/kaggle/working/gfd-robustness-v4-factorial-r1/graphs/variants/yelpchi/r40_s1/noise_edges_uniform/0.10/seed_0/graph.bin,/kaggle/working/gfd-robustness-v4-factorial-r1/graphs/base/yelpchi/r40_s1/graph.bin,ok,
gfd_robustness_benchmark_v4_factorial,yelpchi,r40_s1,0,2,noise_edges_uniform,0.1,secgfd,train_on_variant,0.805114773635011,0.4647079956798439,0.6813388220315164,0.6896740198135376,5.273913351000374,50,50,0.8115056370498048,roc_auc,max_epochs,45954,8856482,192.7249450683593,193.0,192.7249450683593,192.0,0.2288910001516342,0.1452974677085876,/kaggle/working/gfd-robustness-v4-factorial-r1/graphs/base/yelpchi/r40_s1/graph.bin,/kaggle/working/gfd-robustness-v4-factorial-r1/graphs/variants/yelpchi/r40_s1/noise_edges_uniform/0.10/seed_0/graph.bin,/kaggle/working/gfd-robustness-v4-factorial-r1/graphs/variants/yelpchi/r40_s1/noise_edges_uniform/0.10/seed_0/graph.bin,ok,
gfd_robustness_benchmark_v4_factorial,yelpchi,r40_s1,0,3,noise_edges_uniform,0.1,mlp,train_clean_eval_all,0.7890011172283742,0.4222148286858138,0.6591169548062679,0.6908923387527466,0.1357108929987589,100,100,0.79316778597091,roc_auc,max_epochs,45954,8856482,192.7249450683593,193.0,192.7249450683593,192.0,0.2288910001516342,0.1452974677085876,/kaggle/working/gfd-robustness-v4-factorial-r1/graphs/base/yelpchi/r40_s1/graph.bin,/kaggle/working/gfd-robustness-v4-factorial-r1/graphs/variants/yelpchi/r40_s1/noise_edges_uniform/0.10/seed_0/graph.bin,/kaggle/working/gfd-robustness-v4-factorial-r1/graphs/base/yelpchi/r40_s1/graph.bin,ok,
gfd_robustness_benchmark_v4_factorial,yelpchi,r40_s1,0,3,noise_edges_uniform,0.1,mlp,train_on_variant,0.7890011172283742,0.4222148286858138,0.6591169548062679,0.6908923387527466,1.8868408590005856,100,100,0.79316778597091,roc_auc,max_epochs,45954,8856482,192.7249450683593,193.0,192.7249450683593,192.0,0.2288910001516342,0.1452974677085876,/kaggle/working/gfd-robustness-v4-factorial-r1/graphs/base/yelpchi/r40_s1/graph.bin,/kaggle/working/gfd-robustness-v4-factorial-r1/graphs/variants/yelpchi/r40_s1/noise_edges_uniform/0.10/seed_0/graph.bin,/kaggle/working/gfd-robustness-v4-factorial-r1/graphs/variants/yelpchi/r40_s1/noise_edges_uniform/0.10/seed_0/graph.bin,ok,
gfd_robustness_benchmark_v4_factorial,yelpchi,r40_s1,0,3,noise_edges_uniform,0.1,pmp,train_clean_eval_all,0.8399447088193776,0.5335655101368393,0.7095112813334703,0.2770633101463318,0.4535506579995854,100,100,0.854679931435165,roc_auc,max_epochs,45954,8856482,192.72494506835932,193.0,192.72494506835932,192.0,0.2288910001516342,0.1452974677085876,/kaggle/working/gfd-robustness-v4-factorial-r1/graphs/base/yelpchi/r40_s1/graph.bin,/kaggle/working/gfd-robustness-v4-factorial-r1/graphs/variants/yelpchi/r40_s1/noise_edges_uniform/0.10/seed_0/graph.bin,/kaggle/working/gfd-robustness-v4-factorial-r1/graphs/base/yelpchi/r40_s1/graph.bin,ok,
gfd_robustness_benchmark_v4_factorial,yelpchi,r40_s1,0,3,noise_edges_uniform,0.1,pmp,train_on_variant,0.8365459683357318,0.5250382238108151,0.7070391564533024,0.2527123391628265,30.40049602700128,72,62,0.8390173963004551,roc_auc,early_stopping,45954,8856482,192.7249450683593,193.0,192.7249450683593,192.0,0.2288910001516342,0.1452974677085876,/kaggle/working/gfd-robustness-v4-factorial-r1/graphs/base/yelpchi/r40_s1/graph.bin,/kaggle/working/gfd-robustness-v4-factorial-r1/graphs/variants/yelpchi/r40_s1/noise_edges_uniform/0.10/seed_0/graph.bin,/kaggle/working/gfd-robustness-v4-factorial-r1/graphs/variants/yelpchi/r40_s1/noise_edges_uniform/0.10/seed_0/graph.bin,ok,
gfd_robustness_benchmark_v4_factorial,yelpchi,r40_s1,0,3,noise_edges_uniform,0.1,sage,train_clean_eval_all,0.7792304186814761,0.4244350720839063,0.6596408234224672,0.6763858795166016,0.2202333860004728,100,100,0.7853451486087966,roc_auc,max_epochs,45954,8856482,192.7249450683593,193.0,192.7249450683593,192.0,0.2288910001516342,0.1452974677085876,/kaggle/working/gfd-robustness-v4-factorial-r1/graphs/base/yelpchi/r40_s1/graph.bin,/kaggle/working/gfd-robustness-v4-factorial-r1/graphs/variants/yelpchi/r40_s1/noise_edges_uniform/0.10/seed_0/graph.bin,/kaggle/working/gfd-robustness-v4-factorial-r1/graphs/base/yelpchi/r40_s1/graph.bin,ok,
gfd_robustness_benchmark_v4_factorial,yelpchi,r40_s1,0,3,noise_edges_uniform,0.1,sage,train_on_variant,0.779769346077448,0.424956691444068,0.6628771493686465,0.690732479095459,3.646587481000097,100,98,0.7819875696436107,roc_auc,max_epochs,45954,8856482,192.7249450683593,193.0,192.7249450683593,192.0,0.2288910001516342,0.1452974677085876,/kaggle/working/gfd-robustness-v4-factorial-r1/graphs/base/yelpchi/r40_s1/graph.bin,/kaggle/working/gfd-robustness-v4-factorial-r1/graphs/variants/yelpchi/r40_s1/noise_edges_uniform/0.10/seed_0/graph.bin,/kaggle/working/gfd-robustness-v4-factorial-r1/graphs/variants/yelpchi/r40_s1/noise_edges_uniform/0.10/seed_0/graph.bin,ok,
gfd_robustness_benchmark_v4_factorial,yelpchi,r40_s1,0,3,noise_edges_uniform,0.1,secgfd,train_clean_eval_all,0.7923449300164945,0.4366263467842438,0.6643721676312961,0.6394457817077637,0.277151166999829,50,50,0.8028998443225408,roc_auc,max_epochs,45954,8856482,192.7249450683593,193.0,192.7249450683593,192.0,0.2288910001516342,0.1452974677085876,/kaggle/working/gfd-robustness-v4-factorial-r1/graphs/base/yelpchi/r40_s1/graph.bin,/kaggle/working/gfd-robustness-v4-factorial-r1/graphs/variants/yelpchi/r40_s1/noise_edges_uniform/0.10/seed_0/graph.bin,/kaggle/working/gfd-robustness-v4-factorial-r1/graphs/base/yelpchi/r40_s1/graph.bin,ok,
gfd_robustness_benchmark_v4_factorial,yelpchi,r40_s1,0,3,noise_edges_uniform,0.1,secgfd,train_on_variant,0.7940605153618425,0.4391636203803547,0.668744592487333,0.6772395968437195,5.28198730800068,50,50,0.803514257718908,roc_auc,max_epochs,45954,8856482,192.7249450683593,193.0,192.7249450683593,192.0,0.2288910001516342,0.1452974677085876,/kaggle/working/gfd-robustness-v4-factorial-r1/graphs/base/yelpchi/r40_s1/graph.bin,/kaggle/working/gfd-robustness-v4-factorial-r1/graphs/variants/yelpchi/r40_s1/noise_edges_uniform/0.10/seed_0/graph.bin,/kaggle/working/gfd-robustness-v4-factorial-r1/graphs/variants/yelpchi/r40_s1/noise_edges_uniform/0.10/seed_0/graph.bin,ok,
gfd_robustness_benchmark_v4_factorial,yelpchi,r40_s1,0,4,noise_edges_uniform,0.1,mlp,train_clean_eval_all,0.7894763990031648,0.4290633283011688,0.6620706708330315,0.6857644319534302,0.1384124880005401,100,100,0.7918636713655989,roc_auc,max_epochs,45954,8856482,192.7249450683593,193.0,192.7249450683593,192.0,0.2288910001516342,0.1452974677085876,/kaggle/working/gfd-robustness-v4-factorial-r1/graphs/base/yelpchi/r40_s1/graph.bin,/kaggle/working/gfd-robustness-v4-factorial-r1/graphs/variants/yelpchi/r40_s1/noise_edges_uniform/0.10/seed_0/graph.bin,/kaggle/working/gfd-robustness-v4-factorial-r1/graphs/base/yelpchi/r40_s1/graph.bin,ok,
gfd_robustness_benchmark_v4_factorial,yelpchi,r40_s1,0,4,noise_edges_uniform,0.1,mlp,train_on_variant,0.7894763990031648,0.4290633283011688,0.6620706708330315,0.6857644319534302,1.8340672500007715,100,100,0.7918636713655989,roc_auc,max_epochs,45954,8856482,192.7249450683593,193.0,192.7249450683593,192.0,0.2288910001516342,0.1452974677085876,/kaggle/working/gfd-robustness-v4-factorial-r1/graphs/base/yelpchi/r40_s1/graph.bin,/kaggle/working/gfd-robustness-v4-factorial-r1/graphs/variants/yelpchi/r40_s1/noise_edges_uniform/0.10/seed_0/graph.bin,/kaggle/working/gfd-robustness-v4-factorial-r1/graphs/variants/yelpchi/r40_s1/noise_edges_uniform/0.10/seed_0/graph.bin,ok,
gfd_robustness_benchmark_v4_factorial,yelpchi,r40_s1,0,4,noise_edges_uniform,0.1,pmp,train_clean_eval_all,0.8368729977354354,0.5193343146869492,0.7088013704103282,0.3471680581569671,0.4460042690006958,73,63,0.8499933008627821,roc_auc,early_stopping,45954,8856482,192.72494506835932,193.0,192.72494506835932,192.0,0.2288910001516342,0.1452974677085876,/kaggle/working/gfd-robustness-v4-factorial-r1/graphs/base/yelpchi/r40_s1/graph.bin,/kaggle/working/gfd-robustness-v4-factorial-r1/graphs/variants/yelpchi/r40_s1/noise_edges_uniform/0.10/seed_0/graph.bin,/kaggle/working/gfd-robustness-v4-factorial-r1/graphs/base/yelpchi/r40_s1/graph.bin,ok,
gfd_robustness_benchmark_v4_factorial,yelpchi,r40_s1,0,4,noise_edges_uniform,0.1,pmp,train_on_variant,0.838737657227551,0.5270043261452115,0.7077802927091705,0.2659052014350891,34.906585376000294,82,72,0.843082032246452,roc_auc,early_stopping,45954,8856482,192.7249450683593,193.0,192.7249450683593,192.0,0.2288910001516342,0.1452974677085876,/kaggle/working/gfd-robustness-v4-factorial-r1/graphs/base/yelpchi/r40_s1/graph.bin,/kaggle/working/gfd-robustness-v4-factorial-r1/graphs/variants/yelpchi/r40_s1/noise_edges_uniform/0.10/seed_0/graph.bin,/kaggle/working/gfd-robustness-v4-factorial-r1/graphs/variants/yelpchi/r40_s1/noise_edges_uniform/0.10/seed_0/graph.bin,ok,
gfd_robustness_benchmark_v4_factorial,yelpchi,r40_s1,0,4,noise_edges_uniform,0.1,sage,train_clean_eval_all,0.781492208270577,0.4236033513928078,0.6544601027271117,0.701765239238739,0.1837042780007323,100,100,0.7862607132554708,roc_auc,max_epochs,45954,8856482,192.7249450683593,193.0,192.7249450683593,192.0,0.2288910001516342,0.1452974677085876,/kaggle/working/gfd-robustness-v4-factorial-r1/graphs/base/yelpchi/r40_s1/graph.bin,/kaggle/working/gfd-robustness-v4-factorial-r1/graphs/variants/yelpchi/r40_s1/noise_edges_uniform/0.10/seed_0/graph.bin,/kaggle/working/gfd-robustness-v4-factorial-r1/graphs/base/yelpchi/r40_s1/graph.bin,ok,
gfd_robustness_benchmark_v4_factorial,yelpchi,r40_s1,0,4,noise_edges_uniform,0.1,sage,train_on_variant,0.7814820849962498,0.4228123963872727,0.6571810449830782,0.6420373320579529,3.661593464999896,100,99,0.7834082635407205,roc_auc,max_epochs,45954,8856482,192.7249450683593,193.0,192.7249450683593,192.0,0.2288910001516342,0.1452974677085876,/kaggle/working/gfd-robustness-v4-factorial-r1/graphs/base/yelpchi/r40_s1/graph.bin,/kaggle/working/gfd-robustness-v4-factorial-r1/graphs/variants/yelpchi/r40_s1/noise_edges_uniform/0.10/seed_0/graph.bin,/kaggle/working/gfd-robustness-v4-factorial-r1/graphs/variants/yelpchi/r40_s1/noise_edges_uniform/0.10/seed_0/graph.bin,ok,
gfd_robustness_benchmark_v4_factorial,yelpchi,r40_s1,0,4,noise_edges_uniform,0.1,secgfd,train_clean_eval_all,0.7877475104843775,0.429686873493981,0.6654785211834926,0.6209703087806702,0.2393663389993889,50,49,0.7930952636384659,roc_auc,max_epochs,45954,8856482,192.7249450683593,193.0,192.7249450683593,192.0,0.2288910001516342,0.1452974677085876,/kaggle/working/gfd-robustness-v4-factorial-r1/graphs/base/yelpchi/r40_s1/graph.bin,/kaggle/working/gfd-robustness-v4-factorial-r1/graphs/variants/yelpchi/r40_s1/noise_edges_uniform/0.10/seed_0/graph.bin,/kaggle/working/gfd-robustness-v4-factorial-r1/graphs/base/yelpchi/r40_s1/graph.bin,ok,
gfd_robustness_benchmark_v4_factorial,yelpchi,r40_s1,0,4,noise_edges_uniform,0.1,secgfd,train_on_variant,0.7864954281863971,0.422504941502656,0.6604577364968496,0.6682208776473999,5.342616779999844,50,50,0.7917798487091645,roc_auc,max_epochs,45954,8856482,192.7249450683593,193.0,192.7249450683593,192.0,0.2288910001516342,0.1452974677085876,/kaggle/working/gfd-robustness-v4-factorial-r1/graphs/base/yelpchi/r40_s1/graph.bin,/kaggle/working/gfd-robustness-v4-factorial-r1/graphs/variants/yelpchi/r40_s1/noise_edges_uniform/0.10/seed_0/graph.bin,/kaggle/working/gfd-robustness-v4-factorial-r1/graphs/variants/yelpchi/r40_s1/noise_edges_uniform/0.10/seed_0/graph.bin,ok,
gfd_robustness_benchmark_v4_factorial,yelpchi,r40_s1,1,0,noise_edges_uniform,0.1,mlp,train_clean_eval_all,0.7411298917567106,0.3289358495954787,0.62102968873229,0.4987255334854126,0.1398699089986621,16,6,0.7381013548468616,roc_auc,early_stopping,45954,8856482,192.7249450683593,193.0,192.7249450683593,193.0,0.2289074808359146,0.1452974677085876,/kaggle/working/gfd-robustness-v4-factorial-r1/graphs/base/yelpchi/r40_s1/graph.bin,/kaggle/working/gfd-robustness-v4-factorial-r1/graphs/variants/yelpchi/r40_s1/noise_edges_uniform/0.10/seed_1/graph.bin,/kaggle/working/gfd-robustness-v4-factorial-r1/graphs/base/yelpchi/r40_s1/graph.bin,ok,
gfd_robustness_benchmark_v4_factorial,yelpchi,r40_s1,1,0,noise_edges_uniform,0.1,mlp,train_on_variant,0.7411298917567106,0.3289358495954787,0.62102968873229,0.4987255334854126,0.5121731520002868,16,6,0.7381013548468616,roc_auc,early_stopping,45954,8856482,192.7249450683593,193.0,192.7249450683593,193.0,0.2289074808359146,0.1452974677085876,/kaggle/working/gfd-robustness-v4-factorial-r1/graphs/base/yelpchi/r40_s1/graph.bin,/kaggle/working/gfd-robustness-v4-factorial-r1/graphs/variants/yelpchi/r40_s1/noise_edges_uniform/0.10/seed_1/graph.bin,/kaggle/working/gfd-robustness-v4-factorial-r1/graphs/variants/yelpchi/r40_s1/noise_edges_uniform/0.10/seed_1/graph.bin,ok,
gfd_robustness_benchmark_v4_factorial,yelpchi,r40_s1,1,0,noise_edges_uniform,0.1,pmp,train_clean_eval_all,0.8310089064805725,0.5154893434983893,0.7053610658890955,0.2638531029224396,0.4950647160003427,52,42,0.8448072627229967,roc_auc,early_stopping,45954,8856482,192.72494506835932,193.0,192.72494506835932,193.0,0.2289074808359146,0.1452974677085876,/kaggle/working/gfd-robustness-v4-factorial-r1/graphs/base/yelpchi/r40_s1/graph.bin,/kaggle/working/gfd-robustness-v4-factorial-r1/graphs/variants/yelpchi/r40_s1/noise_edges_uniform/0.10/seed_1/graph.bin,/kaggle/working/gfd-robustness-v4-factorial-r1/graphs/base/yelpchi/r40_s1/graph.bin,ok,
gfd_robustness_benchmark_v4_factorial,yelpchi,r40_s1,1,0,noise_edges_uniform,0.1,pmp,train_on_variant,0.8290675006593229,0.5051596666269076,0.6994684643366021,0.3123160302639007,20.67186178300108,48,38,0.8345226328324477,roc_auc,early_stopping,45954,8856482,192.7249450683593,193.0,192.7249450683593,193.0,0.2289074808359146,0.1452974677085876,/kaggle/working/gfd-robustness-v4-factorial-r1/graphs/base/yelpchi/r40_s1/graph.bin,/kaggle/working/gfd-robustness-v4-factorial-r1/graphs/variants/yelpchi/r40_s1/noise_edges_uniform/0.10/seed_1/graph.bin,/kaggle/working/gfd-robustness-v4-factorial-r1/graphs/variants/yelpchi/r40_s1/noise_edges_uniform/0.10/seed_1/graph.bin,ok,
gfd_robustness_benchmark_v4_factorial,yelpchi,r40_s1,1,0,noise_edges_uniform,0.1,sage,train_clean_eval_all,0.7805604859209788,0.4238410272460726,0.6615263390848718,0.6340437531471252,0.1930594959994778,100,99,0.7847662096472344,roc_auc,max_epochs,45954,8856482,192.7249450683593,193.0,192.7249450683593,193.0,0.2289074808359146,0.1452974677085876,/kaggle/working/gfd-robustness-v4-factorial-r1/graphs/base/yelpchi/r40_s1/graph.bin,/kaggle/working/gfd-robustness-v4-factorial-r1/graphs/variants/yelpchi/r40_s1/noise_edges_uniform/0.10/seed_1/graph.bin,/kaggle/working/gfd-robustness-v4-factorial-r1/graphs/base/yelpchi/r40_s1/graph.bin,ok,
gfd_robustness_benchmark_v4_factorial,yelpchi,r40_s1,1,0,noise_edges_uniform,0.1,sage,train_on_variant,0.7757327797625218,0.4089758087241388,0.6545353115021528,0.649924635887146,3.645972876000087,100,100,0.7760744009517067,roc_auc,max_epochs,45954,8856482,192.7249450683593,193.0,192.7249450683593,193.0,0.2289074808359146,0.1452974677085876,/kaggle/working/gfd-robustness-v4-factorial-r1/graphs/base/yelpchi/r40_s1/graph.bin,/kaggle/working/gfd-robustness-v4-factorial-r1/graphs/variants/yelpchi/r40_s1/noise_edges_uniform/0.10/seed_1/graph.bin,/kaggle/working/gfd-robustness-v4-factorial-r1/graphs/variants/yelpchi/r40_s1/noise_edges_uniform/0.10/seed_1/graph.bin,ok,
gfd_robustness_benchmark_v4_factorial,yelpchi,r40_s1,1,0,noise_edges_uniform,0.1,secgfd,train_clean_eval_all,0.8101900117153676,0.4759477254225205,0.6862155419772012,0.707516610622406,0.2369030250010837,50,50,0.81031190324634,roc_auc,max_epochs,45954,8856482,192.7249450683593,193.0,192.7249450683593,193.0,0.2289074808359146,0.1452974677085876,/kaggle/working/gfd-robustness-v4-factorial-r1/graphs/base/yelpchi/r40_s1/graph.bin,/kaggle/working/gfd-robustness-v4-factorial-r1/graphs/variants/yelpchi/r40_s1/noise_edges_uniform/0.10/seed_1/graph.bin,/kaggle/working/gfd-robustness-v4-factorial-r1/graphs/base/yelpchi/r40_s1/graph.bin,ok,
gfd_robustness_benchmark_v4_factorial,yelpchi,r40_s1,1,0,noise_edges_uniform,0.1,secgfd,train_on_variant,0.8136663322095625,0.4788275842107179,0.6906894125190061,0.6313880085945129,5.2894624819991805,50,49,0.8161453021406246,roc_auc,max_epochs,45954,8856482,192.7249450683593,193.0,192.7249450683593,193.0,0.2289074808359146,0.1452974677085876,/kaggle/working/gfd-robustness-v4-factorial-r1/graphs/base/yelpchi/r40_s1/graph.bin,/kaggle/working/gfd-robustness-v4-factorial-r1/graphs/variants/yelpchi/r40_s1/noise_edges_uniform/0.10/seed_1/graph.bin,/kaggle/working/gfd-robustness-v4-factorial-r1/graphs/variants/yelpchi/r40_s1/noise_edges_uniform/0.10/seed_1/graph.bin,ok,
gfd_robustness_benchmark_v4_factorial,yelpchi,r40_s1,1,1,noise_edges_uniform,0.1,mlp,train_clean_eval_all,0.7890208397487103,0.4259466979825966,0.6592905529479388,0.7060688734054565,0.1505452370001876,100,100,0.7923067203551258,roc_auc,max_epochs,45954,8856482,192.7249450683593,193.0,192.7249450683593,193.0,0.2289074808359146,0.1452974677085876,/kaggle/working/gfd-robustness-v4-factorial-r1/graphs/base/yelpchi/r40_s1/graph.bin,/kaggle/working/gfd-robustness-v4-factorial-r1/graphs/variants/yelpchi/r40_s1/noise_edges_uniform/0.10/seed_1/graph.bin,/kaggle/working/gfd-robustness-v4-factorial-r1/graphs/base/yelpchi/r40_s1/graph.bin,ok,
gfd_robustness_benchmark_v4_factorial,yelpchi,r40_s1,1,1,noise_edges_uniform,0.1,mlp,train_on_variant,0.7890208397487103,0.4259466979825966,0.6592905529479388,0.7060688734054565,2.08529068200005,100,100,0.7923067203551258,roc_auc,max_epochs,45954,8856482,192.7249450683593,193.0,192.7249450683593,193.0,0.2289074808359146,0.1452974677085876,/kaggle/working/gfd-robustness-v4-factorial-r1/graphs/base/yelpchi/r40_s1/graph.bin,/kaggle/working/gfd-robustness-v4-factorial-r1/graphs/variants/yelpchi/r40_s1/noise_edges_uniform/0.10/seed_1/graph.bin,/kaggle/working/gfd-robustness-v4-factorial-r1/graphs/variants/yelpchi/r40_s1/noise_edges_uniform/0.10/seed_1/graph.bin,ok,
gfd_robustness_benchmark_v4_factorial,yelpchi,r40_s1,1,1,noise_edges_uniform,0.1,pmp,train_clean_eval_all,0.8367361787054709,0.528911979312148,0.7089171717565791,0.3995718955993652,0.4911737989987159,73,63,0.8482169090037834,roc_auc,early_stopping,45954,8856482,192.72494506835932,193.0,192.72494506835932,193.0,0.2289074808359146,0.1452974677085876,/kaggle/working/gfd-robustness-v4-factorial-r1/graphs/base/yelpchi/r40_s1/graph.bin,/kaggle/working/gfd-robustness-v4-factorial-r1/graphs/variants/yelpchi/r40_s1/noise_edges_uniform/0.10/seed_1/graph.bin,/kaggle/working/gfd-robustness-v4-factorial-r1/graphs/base/yelpchi/r40_s1/graph.bin,ok,
gfd_robustness_benchmark_v4_factorial,yelpchi,r40_s1,1,1,noise_edges_uniform,0.1,pmp,train_on_variant,0.8388754647654793,0.5486646087503729,0.7141857474093929,0.3083304762840271,42.61695076000069,100,91,0.8456049606991897,roc_auc,max_epochs,45954,8856482,192.7249450683593,193.0,192.7249450683593,193.0,0.2289074808359146,0.1452974677085876,/kaggle/working/gfd-robustness-v4-factorial-r1/graphs/base/yelpchi/r40_s1/graph.bin,/kaggle/working/gfd-robustness-v4-factorial-r1/graphs/variants/yelpchi/r40_s1/noise_edges_uniform/0.10/seed_1/graph.bin,/kaggle/working/gfd-robustness-v4-factorial-r1/graphs/variants/yelpchi/r40_s1/noise_edges_uniform/0.10/seed_1/graph.bin,ok,
gfd_robustness_benchmark_v4_factorial,yelpchi,r40_s1,1,1,noise_edges_uniform,0.1,sage,train_clean_eval_all,0.6134511304529434,0.2051517067561711,0.5500524051338144,0.2877165079116821,0.2264006759996846,23,13,0.6056249389091134,roc_auc,early_stopping,45954,8856482,192.7249450683593,193.0,192.7249450683593,193.0,0.2289074808359146,0.1452974677085876,/kaggle/working/gfd-robustness-v4-factorial-r1/graphs/base/yelpchi/r40_s1/graph.bin,/kaggle/working/gfd-robustness-v4-factorial-r1/graphs/variants/yelpchi/r40_s1/noise_edges_uniform/0.10/seed_1/graph.bin,/kaggle/working/gfd-robustness-v4-factorial-r1/graphs/base/yelpchi/r40_s1/graph.bin,ok,
gfd_robustness_benchmark_v4_factorial,yelpchi,r40_s1,1,1,noise_edges_uniform,0.1,sage,train_on_variant,0.6124198189034354,0.2041818245977435,0.5489263476909507,0.2821909189224243,1.0911847999996098,23,13,0.6051112271341281,roc_auc,early_stopping,45954,8856482,192.7249450683593,193.0,192.7249450683593,193.0,0.2289074808359146,0.1452974677085876,/kaggle/working/gfd-robustness-v4-factorial-r1/graphs/base/yelpchi/r40_s1/graph.bin,/kaggle/working/gfd-robustness-v4-factorial-r1/graphs/variants/yelpchi/r40_s1/noise_edges_uniform/0.10/seed_1/graph.bin,/kaggle/working/gfd-robustness-v4-factorial-r1/graphs/variants/yelpchi/r40_s1/noise_edges_uniform/0.10/seed_1/graph.bin,ok,
gfd_robustness_benchmark_v4_factorial,yelpchi,r40_s1,1,1,noise_edges_uniform,0.1,secgfd,train_clean_eval_all,0.8069648317926266,0.4625990182926778,0.6819759920575228,0.679985523223877,0.2479389780000929,50,50,0.8115241848389704,roc_auc,max_epochs,45954,8856482,192.7249450683593,193.0,192.7249450683593,193.0,0.2289074808359146,0.1452974677085876,/kaggle/working/gfd-robustness-v4-factorial-r1/graphs/base/yelpchi/r40_s1/graph.bin,/kaggle/working/gfd-robustness-v4-factorial-r1/graphs/variants/yelpchi/r40_s1/noise_edges_uniform/0.10/seed_1/graph.bin,/kaggle/working/gfd-robustness-v4-factorial-r1/graphs/base/yelpchi/r40_s1/graph.bin,ok,
gfd_robustness_benchmark_v4_factorial,yelpchi,r40_s1,1,1,noise_edges_uniform,0.1,secgfd,train_on_variant,0.8055682963248656,0.462980645070791,0.6814296792280778,0.6887054443359375,5.308773900999768,50,50,0.8097102682754133,roc_auc,max_epochs,45954,8856482,192.7249450683593,193.0,192.7249450683593,193.0,0.2289074808359146,0.1452974677085876,/kaggle/working/gfd-robustness-v4-factorial-r1/graphs/base/yelpchi/r40_s1/graph.bin,/kaggle/working/gfd-robustness-v4-factorial-r1/graphs/variants/yelpchi/r40_s1/noise_edges_uniform/0.10/seed_1/graph.bin,/kaggle/working/gfd-robustness-v4-factorial-r1/graphs/variants/yelpchi/r40_s1/noise_edges_uniform/0.10/seed_1/graph.bin,ok,
gfd_robustness_benchmark_v4_factorial,yelpchi,r40_s1,1,2,noise_edges_uniform,0.1,mlp,train_clean_eval_all,0.7900874636610181,0.4282571598298197,0.6631972481222677,0.6799353361129761,0.1824987849995523,100,100,0.7945293081293195,roc_auc,max_epochs,45954,8856482,192.7249450683593,193.0,192.7249450683593,193.0,0.2289074808359146,0.1452974677085876,/kaggle/working/gfd-robustness-v4-factorial-r1/graphs/base/yelpchi/r40_s1/graph.bin,/kaggle/working/gfd-robustness-v4-factorial-r1/graphs/variants/yelpchi/r40_s1/noise_edges_uniform/0.10/seed_1/graph.bin,/kaggle/working/gfd-robustness-v4-factorial-r1/graphs/base/yelpchi/r40_s1/graph.bin,ok,
gfd_robustness_benchmark_v4_factorial,yelpchi,r40_s1,1,2,noise_edges_uniform,0.1,mlp,train_on_variant,0.7900874636610181,0.4282571598298197,0.6631972481222677,0.6799353361129761,1.9319812630001247,100,100,0.7945293081293195,roc_auc,max_epochs,45954,8856482,192.7249450683593,193.0,192.7249450683593,193.0,0.2289074808359146,0.1452974677085876,/kaggle/working/gfd-robustness-v4-factorial-r1/graphs/base/yelpchi/r40_s1/graph.bin,/kaggle/working/gfd-robustness-v4-factorial-r1/graphs/variants/yelpchi/r40_s1/noise_edges_uniform/0.10/seed_1/graph.bin,/kaggle/working/gfd-robustness-v4-factorial-r1/graphs/variants/yelpchi/r40_s1/noise_edges_uniform/0.10/seed_1/graph.bin,ok,
gfd_robustness_benchmark_v4_factorial,yelpchi,r40_s1,1,2,noise_edges_uniform,0.1,pmp,train_clean_eval_all,0.8314908577066844,0.5099451778178822,0.7024884339271665,0.3258445560932159,0.4732776250002644,86,76,0.8507594819016013,roc_auc,early_stopping,45954,8856482,192.72494506835932,193.0,192.72494506835932,193.0,0.2289074808359146,0.1452974677085876,/kaggle/working/gfd-robustness-v4-factorial-r1/graphs/base/yelpchi/r40_s1/graph.bin,/kaggle/working/gfd-robustness-v4-factorial-r1/graphs/variants/yelpchi/r40_s1/noise_edges_uniform/0.10/seed_1/graph.bin,/kaggle/working/gfd-robustness-v4-factorial-r1/graphs/base/yelpchi/r40_s1/graph.bin,ok,
gfd_robustness_benchmark_v4_factorial,yelpchi,r40_s1,1,2,noise_edges_uniform,0.1,pmp,train_on_variant,0.8380769408865568,0.5249804398357457,0.7071642839041509,0.2815530896186828,29.67505342000004,70,60,0.8402566174840329,roc_auc,early_stopping,45954,8856482,192.7249450683593,193.0,192.7249450683593,193.0,0.2289074808359146,0.1452974677085876,/kaggle/working/gfd-robustness-v4-factorial-r1/graphs/base/yelpchi/r40_s1/graph.bin,/kaggle/working/gfd-robustness-v4-factorial-r1/graphs/variants/yelpchi/r40_s1/noise_edges_uniform/0.10/seed_1/graph.bin,/kaggle/working/gfd-robustness-v4-factorial-r1/graphs/variants/yelpchi/r40_s1/noise_edges_uniform/0.10/seed_1/graph.bin,ok,
gfd_robustness_benchmark_v4_factorial,yelpchi,r40_s1,1,2,noise_edges_uniform,0.1,sage,train_clean_eval_all,0.7836923649836275,0.4276188710146895,0.6607026963317433,0.6474134922027588,0.2231997930011857,100,99,0.7896983004217357,roc_auc,max_epochs,45954,8856482,192.7249450683593,193.0,192.7249450683593,193.0,0.2289074808359146,0.1452974677085876,/kaggle/working/gfd-robustness-v4-factorial-r1/graphs/base/yelpchi/r40_s1/graph.bin,/kaggle/working/gfd-robustness-v4-factorial-r1/graphs/variants/yelpchi/r40_s1/noise_edges_uniform/0.10/seed_1/graph.bin,/kaggle/working/gfd-robustness-v4-factorial-r1/graphs/base/yelpchi/r40_s1/graph.bin,ok,
gfd_robustness_benchmark_v4_factorial,yelpchi,r40_s1,1,2,noise_edges_uniform,0.1,sage,train_on_variant,0.7808381971101077,0.4240730295984803,0.657107233623063,0.6792853474617004,3.5182810469996184,100,100,0.7836995925684873,roc_auc,max_epochs,45954,8856482,192.7249450683593,193.0,192.7249450683593,193.0,0.2289074808359146,0.1452974677085876,/kaggle/working/gfd-robustness-v4-factorial-r1/graphs/base/yelpchi/r40_s1/graph.bin,/kaggle/working/gfd-robustness-v4-factorial-r1/graphs/variants/yelpchi/r40_s1/noise_edges_uniform/0.10/seed_1/graph.bin,/kaggle/working/gfd-robustness-v4-factorial-r1/graphs/variants/yelpchi/r40_s1/noise_edges_uniform/0.10/seed_1/graph.bin,ok,
gfd_robustness_benchmark_v4_factorial,yelpchi,r40_s1,1,2,noise_edges_uniform,0.1,secgfd,train_clean_eval_all,0.7983906566322548,0.4527428346844457,0.6767181355001537,0.6409332752227783,0.2328825049989973,50,50,0.8095187349358813,roc_auc,max_epochs,45954,8856482,192.7249450683593,193.0,192.7249450683593,193.0,0.2289074808359146,0.1452974677085876,/kaggle/working/gfd-robustness-v4-factorial-r1/graphs/base/yelpchi/r40_s1/graph.bin,/kaggle/working/gfd-robustness-v4-factorial-r1/graphs/variants/yelpchi/r40_s1/noise_edges_uniform/0.10/seed_1/graph.bin,/kaggle/working/gfd-robustness-v4-factorial-r1/graphs/base/yelpchi/r40_s1/graph.bin,ok,
gfd_robustness_benchmark_v4_factorial,yelpchi,r40_s1,1,2,noise_edges_uniform,0.1,secgfd,train_on_variant,0.8016067494275705,0.4526411477253662,0.6752606154276983,0.6435840129852295,5.221920136000335,50,44,0.8083378272385489,roc_auc,max_epochs,45954,8856482,192.7249450683593,193.0,192.7249450683593,193.0,0.2289074808359146,0.1452974677085876,/kaggle/working/gfd-robustness-v4-factorial-r1/graphs/base/yelpchi/r40_s1/graph.bin,/kaggle/working/gfd-robustness-v4-factorial-r1/graphs/variants/yelpchi/r40_s1/noise_edges_uniform/0.10/seed_1/graph.bin,/kaggle/working/gfd-robustness-v4-factorial-r1/graphs/variants/yelpchi/r40_s1/noise_edges_uniform/0.10/seed_1/graph.bin,ok,
gfd_robustness_benchmark_v4_factorial,yelpchi,r40_s1,1,3,noise_edges_uniform,0.1,mlp,train_clean_eval_all,0.7890011172283742,0.4222148286858138,0.6591169548062679,0.6908923387527466,0.220381080000152,100,100,0.79316778597091,roc_auc,max_epochs,45954,8856482,192.7249450683593,193.0,192.7249450683593,193.0,0.2289074808359146,0.1452974677085876,/kaggle/working/gfd-robustness-v4-factorial-r1/graphs/base/yelpchi/r40_s1/graph.bin,/kaggle/working/gfd-robustness-v4-factorial-r1/graphs/variants/yelpchi/r40_s1/noise_edges_uniform/0.10/seed_1/graph.bin,/kaggle/working/gfd-robustness-v4-factorial-r1/graphs/base/yelpchi/r40_s1/graph.bin,ok,
gfd_robustness_benchmark_v4_factorial,yelpchi,r40_s1,1,3,noise_edges_uniform,0.1,mlp,train_on_variant,0.7890011172283742,0.4222148286858138,0.6591169548062679,0.6908923387527466,1.661104486000113,100,100,0.79316778597091,roc_auc,max_epochs,45954,8856482,192.7249450683593,193.0,192.7249450683593,193.0,0.2289074808359146,0.1452974677085876,/kaggle/working/gfd-robustness-v4-factorial-r1/graphs/base/yelpchi/r40_s1/graph.bin,/kaggle/working/gfd-robustness-v4-factorial-r1/graphs/variants/yelpchi/r40_s1/noise_edges_uniform/0.10/seed_1/graph.bin,/kaggle/working/gfd-robustness-v4-factorial-r1/graphs/variants/yelpchi/r40_s1/noise_edges_uniform/0.10/seed_1/graph.bin,ok,
gfd_robustness_benchmark_v4_factorial,yelpchi,r40_s1,1,3,noise_edges_uniform,0.1,pmp,train_clean_eval_all,0.8392059598979231,0.5328904736581951,0.7118382670369376,0.2770633101463318,0.4638325159994565,100,100,0.854679931435165,roc_auc,max_epochs,45954,8856482,192.72494506835932,193.0,192.72494506835932,193.0,0.2289074808359146,0.1452974677085876,/kaggle/working/gfd-robustness-v4-factorial-r1/graphs/base/yelpchi/r40_s1/graph.bin,/kaggle/working/gfd-robustness-v4-factorial-r1/graphs/variants/yelpchi/r40_s1/noise_edges_uniform/0.10/seed_1/graph.bin,/kaggle/working/gfd-robustness-v4-factorial-r1/graphs/base/yelpchi/r40_s1/graph.bin,ok,
gfd_robustness_benchmark_v4_factorial,yelpchi,r40_s1,1,3,noise_edges_uniform,0.1,pmp,train_on_variant,0.8350123399141127,0.5262191611406614,0.7124193211456099,0.3567177653312683,27.26834106699971,64,54,0.8389265169016132,roc_auc,early_stopping,45954,8856482,192.7249450683593,193.0,192.7249450683593,193.0,0.2289074808359146,0.1452974677085876,/kaggle/working/gfd-robustness-v4-factorial-r1/graphs/base/yelpchi/r40_s1/graph.bin,/kaggle/working/gfd-robustness-v4-factorial-r1/graphs/variants/yelpchi/r40_s1/noise_edges_uniform/0.10/seed_1/graph.bin,/kaggle/working/gfd-robustness-v4-factorial-r1/graphs/variants/yelpchi/r40_s1/noise_edges_uniform/0.10/seed_1/graph.bin,ok,
gfd_robustness_benchmark_v4_factorial,yelpchi,r40_s1,1,3,noise_edges_uniform,0.1,sage,train_clean_eval_all,0.7790221888834348,0.4243616549422976,0.6601337823229836,0.6763858795166016,0.2300166339991847,100,100,0.7853451486087966,roc_auc,max_epochs,45954,8856482,192.7249450683593,193.0,192.7249450683593,193.0,0.2289074808359146,0.1452974677085876,/kaggle/working/gfd-robustness-v4-factorial-r1/graphs/base/yelpchi/r40_s1/graph.bin,/kaggle/working/gfd-robustness-v4-factorial-r1/graphs/variants/yelpchi/r40_s1/noise_edges_uniform/0.10/seed_1/graph.bin,/kaggle/working/gfd-robustness-v4-factorial-r1/graphs/base/yelpchi/r40_s1/graph.bin,ok,
gfd_robustness_benchmark_v4_factorial,yelpchi,r40_s1,1,3,noise_edges_uniform,0.1,sage,train_on_variant,0.7778553564650231,0.4200079055422546,0.657318148055928,0.6713733673095703,3.488121981000404,100,98,0.7797713234014452,roc_auc,max_epochs,45954,8856482,192.7249450683593,193.0,192.7249450683593,193.0,0.2289074808359146,0.1452974677085876,/kaggle/working/gfd-robustness-v4-factorial-r1/graphs/base/yelpchi/r40_s1/graph.bin,/kaggle/working/gfd-robustness-v4-factorial-r1/graphs/variants/yelpchi/r40_s1/noise_edges_uniform/0.10/seed_1/graph.bin,/kaggle/working/gfd-robustness-v4-factorial-r1/graphs/variants/yelpchi/r40_s1/noise_edges_uniform/0.10/seed_1/graph.bin,ok,
gfd_robustness_benchmark_v4_factorial,yelpchi,r40_s1,1,3,noise_edges_uniform,0.1,secgfd,train_clean_eval_all,0.7925267202039404,0.4369707284823028,0.6636204037628602,0.6394457817077637,0.2807789929993305,50,50,0.8028998443225408,roc_auc,max_epochs,45954,8856482,192.7249450683593,193.0,192.7249450683593,193.0,0.2289074808359146,0.1452974677085876,/kaggle/working/gfd-robustness-v4-factorial-r1/graphs/base/yelpchi/r40_s1/graph.bin,/kaggle/working/gfd-robustness-v4-factorial-r1/graphs/variants/yelpchi/r40_s1/noise_edges_uniform/0.10/seed_1/graph.bin,/kaggle/working/gfd-robustness-v4-factorial-r1/graphs/base/yelpchi/r40_s1/graph.bin,ok,
gfd_robustness_benchmark_v4_factorial,yelpchi,r40_s1,1,3,noise_edges_uniform,0.1,secgfd,train_on_variant,0.7895019215642036,0.4292061181996249,0.6624257811433165,0.63884037733078,5.382490905999475,50,50,0.7977312573160061,roc_auc,max_epochs,45954,8856482,192.7249450683593,193.0,192.7249450683593,193.0,0.2289074808359146,0.1452974677085876,/kaggle/working/gfd-robustness-v4-factorial-r1/graphs/base/yelpchi/r40_s1/graph.bin,/kaggle/working/gfd-robustness-v4-factorial-r1/graphs/variants/yelpchi/r40_s1/noise_edges_uniform/0.10/seed_1/graph.bin,/kaggle/working/gfd-robustness-v4-factorial-r1/graphs/variants/yelpchi/r40_s1/noise_edges_uniform/0.10/seed_1/graph.bin,ok,
gfd_robustness_benchmark_v4_factorial,yelpchi,r40_s1,1,4,noise_edges_uniform,0.1,mlp,train_clean_eval_all,0.7894763990031648,0.4290633283011688,0.6620706708330315,0.6857644319534302,0.1636180240002431,100,100,0.7918636713655989,roc_auc,max_epochs,45954,8856482,192.7249450683593,193.0,192.7249450683593,193.0,0.2289074808359146,0.1452974677085876,/kaggle/working/gfd-robustness-v4-factorial-r1/graphs/base/yelpchi/r40_s1/graph.bin,/kaggle/working/gfd-robustness-v4-factorial-r1/graphs/variants/yelpchi/r40_s1/noise_edges_uniform/0.10/seed_1/graph.bin,/kaggle/working/gfd-robustness-v4-factorial-r1/graphs/base/yelpchi/r40_s1/graph.bin,ok,
gfd_robustness_benchmark_v4_factorial,yelpchi,r40_s1,1,4,noise_edges_uniform,0.1,mlp,train_on_variant,0.7894763990031648,0.4290633283011688,0.6620706708330315,0.6857644319534302,1.953187579999394,100,100,0.7918636713655989,roc_auc,max_epochs,45954,8856482,192.7249450683593,193.0,192.7249450683593,193.0,0.2289074808359146,0.1452974677085876,/kaggle/working/gfd-robustness-v4-factorial-r1/graphs/base/yelpchi/r40_s1/graph.bin,/kaggle/working/gfd-robustness-v4-factorial-r1/graphs/variants/yelpchi/r40_s1/noise_edges_uniform/0.10/seed_1/graph.bin,/kaggle/working/gfd-robustness-v4-factorial-r1/graphs/variants/yelpchi/r40_s1/noise_edges_uniform/0.10/seed_1/graph.bin,ok,
gfd_robustness_benchmark_v4_factorial,yelpchi,r40_s1,1,4,noise_edges_uniform,0.1,pmp,train_clean_eval_all,0.8386634834010696,0.5281898241274356,0.7085319856844119,0.3471680581569671,0.4505306329992891,73,63,0.8499933008627821,roc_auc,early_stopping,45954,8856482,192.72494506835932,193.0,192.72494506835932,193.0,0.2289074808359146,0.1452974677085876,/kaggle/working/gfd-robustness-v4-factorial-r1/graphs/base/yelpchi/r40_s1/graph.bin,/kaggle/working/gfd-robustness-v4-factorial-r1/graphs/variants/yelpchi/r40_s1/noise_edges_uniform/0.10/seed_1/graph.bin,/kaggle/working/gfd-robustness-v4-factorial-r1/graphs/base/yelpchi/r40_s1/graph.bin,ok,
gfd_robustness_benchmark_v4_factorial,yelpchi,r40_s1,1,4,noise_edges_uniform,0.1,pmp,train_on_variant,0.8376733557134712,0.5208941471735855,0.708883713713457,0.3629927635192871,29.04854801699912,68,58,0.8428885916792425,roc_auc,early_stopping,45954,8856482,192.7249450683593,193.0,192.7249450683593,193.0,0.2289074808359146,0.1452974677085876,/kaggle/working/gfd-robustness-v4-factorial-r1/graphs/base/yelpchi/r40_s1/graph.bin,/kaggle/working/gfd-robustness-v4-factorial-r1/graphs/variants/yelpchi/r40_s1/noise_edges_uniform/0.10/seed_1/graph.bin,/kaggle/working/gfd-robustness-v4-factorial-r1/graphs/variants/yelpchi/r40_s1/noise_edges_uniform/0.10/seed_1/graph.bin,ok,
gfd_robustness_benchmark_v4_factorial,yelpchi,r40_s1,1,4,noise_edges_uniform,0.1,sage,train_clean_eval_all,0.7814172007626804,0.4237200288176394,0.6538794355716818,0.701765239238739,0.1928143730001466,100,100,0.7862607132554708,roc_auc,max_epochs,45954,8856482,192.7249450683593,193.0,192.7249450683593,193.0,0.2289074808359146,0.1452974677085876,/kaggle/working/gfd-robustness-v4-factorial-r1/graphs/base/yelpchi/r40_s1/graph.bin,/kaggle/working/gfd-robustness-v4-factorial-r1/graphs/variants/yelpchi/r40_s1/noise_edges_uniform/0.10/seed_1/graph.bin,/kaggle/working/gfd-robustness-v4-factorial-r1/graphs/base/yelpchi/r40_s1/graph.bin,ok,
gfd_robustness_benchmark_v4_factorial,yelpchi,r40_s1,1,4,noise_edges_uniform,0.1,sage,train_on_variant,0.7802388159018013,0.4155415572085177,0.6559059677913021,0.6922988295555115,3.317937407999125,100,100,0.7812835642270841,roc_auc,max_epochs,45954,8856482,192.7249450683593,193.0,192.7249450683593,193.0,0.2289074808359146,0.1452974677085876,/kaggle/working/gfd-robustness-v4-factorial-r1/graphs/base/yelpchi/r40_s1/graph.bin,/kaggle/working/gfd-robustness-v4-factorial-r1/graphs/variants/yelpchi/r40_s1/noise_edges_uniform/0.10/seed_1/graph.bin,/kaggle/working/gfd-robustness-v4-factorial-r1/graphs/variants/yelpchi/r40_s1/noise_edges_uniform/0.10/seed_1/graph.bin,ok,
gfd_robustness_benchmark_v4_factorial,yelpchi,r40_s1,1,4,noise_edges_uniform,0.1,secgfd,train_clean_eval_all,0.7876713715517031,0.4292283551157981,0.6651014814432045,0.6209703087806702,0.2471367090001877,50,49,0.7930952636384659,roc_auc,max_epochs,45954,8856482,192.7249450683593,193.0,192.7249450683593,193.0,0.2289074808359146,0.1452974677085876,/kaggle/working/gfd-robustness-v4-factorial-r1/graphs/base/yelpchi/r40_s1/graph.bin,/kaggle/working/gfd-robustness-v4-factorial-r1/graphs/variants/yelpchi/r40_s1/noise_edges_uniform/0.10/seed_1/graph.bin,/kaggle/working/gfd-robustness-v4-factorial-r1/graphs/base/yelpchi/r40_s1/graph.bin,ok,
gfd_robustness_benchmark_v4_factorial,yelpchi,r40_s1,1,4,noise_edges_uniform,0.1,secgfd,train_on_variant,0.789343295810365,0.4293382570002683,0.6628183228127059,0.6572518348693848,5.297860339000181,50,49,0.7933978453095312,roc_auc,max_epochs,45954,8856482,192.7249450683593,193.0,192.7249450683593,193.0,0.2289074808359146,0.1452974677085876,/kaggle/working/gfd-robustness-v4-factorial-r1/graphs/base/yelpchi/r40_s1/graph.bin,/kaggle/working/gfd-robustness-v4-factorial-r1/graphs/variants/yelpchi/r40_s1/noise_edges_uniform/0.10/seed_1/graph.bin,/kaggle/working/gfd-robustness-v4-factorial-r1/graphs/variants/yelpchi/r40_s1/noise_edges_uniform/0.10/seed_1/graph.bin,ok,
gfd_robustness_benchmark_v4_factorial,yelpchi,r40_s1,0,0,noise_edges_uniform,0.2,mlp,train_clean_eval_all,0.7411298917567106,0.3289358495954787,0.62102968873229,0.4987255334854126,0.1334444119984255,16,6,0.7381013548468616,roc_auc,early_stopping,45954,9661617,210.24539184570312,210.0,210.24539184570312,210.0,0.2304346114397049,0.1452974677085876,/kaggle/working/gfd-robustness-v4-factorial-r1/graphs/base/yelpchi/r40_s1/graph.bin,/kaggle/working/gfd-robustness-v4-factorial-r1/graphs/variants/yelpchi/r40_s1/noise_edges_uniform/0.20/seed_0/graph.bin,/kaggle/working/gfd-robustness-v4-factorial-r1/graphs/base/yelpchi/r40_s1/graph.bin,ok,
gfd_robustness_benchmark_v4_factorial,yelpchi,r40_s1,0,0,noise_edges_uniform,0.2,mlp,train_on_variant,0.7411298917567106,0.3289358495954787,0.62102968873229,0.4987255334854126,0.5164253430002645,16,6,0.7381013548468616,roc_auc,early_stopping,45954,9661617,210.24539184570312,210.0,210.24539184570312,210.0,0.2304346114397049,0.1452974677085876,/kaggle/working/gfd-robustness-v4-factorial-r1/graphs/base/yelpchi/r40_s1/graph.bin,/kaggle/working/gfd-robustness-v4-factorial-r1/graphs/variants/yelpchi/r40_s1/noise_edges_uniform/0.20/seed_0/graph.bin,/kaggle/working/gfd-robustness-v4-factorial-r1/graphs/variants/yelpchi/r40_s1/noise_edges_uniform/0.20/seed_0/graph.bin,ok,
gfd_robustness_benchmark_v4_factorial,yelpchi,r40_s1,0,0,noise_edges_uniform,0.2,pmp,train_clean_eval_all,0.8251527113796846,0.4987492562924788,0.6953369618453243,0.2638531029224396,0.5327278269996896,52,42,0.8448072627229967,roc_auc,early_stopping,45954,9661617,210.24539184570312,210.0,210.24539184570312,210.0,0.2304346114397049,0.1452974677085876,/kaggle/working/gfd-robustness-v4-factorial-r1/graphs/base/yelpchi/r40_s1/graph.bin,/kaggle/working/gfd-robustness-v4-factorial-r1/graphs/variants/yelpchi/r40_s1/noise_edges_uniform/0.20/seed_0/graph.bin,/kaggle/working/gfd-robustness-v4-factorial-r1/graphs/base/yelpchi/r40_s1/graph.bin,ok,
gfd_robustness_benchmark_v4_factorial,yelpchi,r40_s1,0,0,noise_edges_uniform,0.2,pmp,train_on_variant,0.8298085957984743,0.5001041352818391,0.6984478572870885,0.2152523696422577,28.941133045998868,67,57,0.8354872132304384,roc_auc,early_stopping,45954,9661617,210.24539184570312,210.0,210.24539184570312,210.0,0.2304346114397049,0.1452974677085876,/kaggle/working/gfd-robustness-v4-factorial-r1/graphs/base/yelpchi/r40_s1/graph.bin,/kaggle/working/gfd-robustness-v4-factorial-r1/graphs/variants/yelpchi/r40_s1/noise_edges_uniform/0.20/seed_0/graph.bin,/kaggle/working/gfd-robustness-v4-factorial-r1/graphs/variants/yelpchi/r40_s1/noise_edges_uniform/0.20/seed_0/graph.bin,ok,
gfd_robustness_benchmark_v4_factorial,yelpchi,r40_s1,0,0,noise_edges_uniform,0.2,sage,train_clean_eval_all,0.7795067602511372,0.4217143375270127,0.6597388112842651,0.6340437531471252,0.2417471019998629,100,99,0.7847662096472344,roc_auc,max_epochs,45954,9661617,210.24539184570312,210.0,210.24539184570312,210.0,0.2304346114397049,0.1452974677085876,/kaggle/working/gfd-robustness-v4-factorial-r1/graphs/base/yelpchi/r40_s1/graph.bin,/kaggle/working/gfd-robustness-v4-factorial-r1/graphs/variants/yelpchi/r40_s1/noise_edges_uniform/0.20/seed_0/graph.bin,/kaggle/working/gfd-robustness-v4-factorial-r1/graphs/base/yelpchi/r40_s1/graph.bin,ok,
gfd_robustness_benchmark_v4_factorial,yelpchi,r40_s1,0,0,noise_edges_uniform,0.2,sage,train_on_variant,0.7772865594549191,0.4143912278269313,0.6550498117494556,0.6521098017692566,3.830930228999932,100,100,0.7774675354088738,roc_auc,max_epochs,45954,9661617,210.24539184570312,210.0,210.24539184570312,210.0,0.2304346114397049,0.1452974677085876,/kaggle/working/gfd-robustness-v4-factorial-r1/graphs/base/yelpchi/r40_s1/graph.bin,/kaggle/working/gfd-robustness-v4-factorial-r1/graphs/variants/yelpchi/r40_s1/noise_edges_uniform/0.20/seed_0/graph.bin,/kaggle/working/gfd-robustness-v4-factorial-r1/graphs/variants/yelpchi/r40_s1/noise_edges_uniform/0.20/seed_0/graph.bin,ok,
gfd_robustness_benchmark_v4_factorial,yelpchi,r40_s1,0,0,noise_edges_uniform,0.2,secgfd,train_clean_eval_all,0.8098899221351086,0.4741559338429677,0.6867533610441459,0.707516610622406,0.3176414400004432,50,50,0.81031190324634,roc_auc,max_epochs,45954,9661617,210.24539184570312,210.0,210.24539184570312,210.0,0.2304346114397049,0.1452974677085876,/kaggle/working/gfd-robustness-v4-factorial-r1/graphs/base/yelpchi/r40_s1/graph.bin,/kaggle/working/gfd-robustness-v4-factorial-r1/graphs/variants/yelpchi/r40_s1/noise_edges_uniform/0.20/seed_0/graph.bin,/kaggle/working/gfd-robustness-v4-factorial-r1/graphs/base/yelpchi/r40_s1/graph.bin,ok,
gfd_robustness_benchmark_v4_factorial,yelpchi,r40_s1,0,0,noise_edges_uniform,0.2,secgfd,train_on_variant,0.828194207467194,0.499620337573366,0.7015334503401687,0.7071428894996643,5.695164732999729,50,49,0.8274214043394198,roc_auc,max_epochs,45954,9661617,210.24539184570312,210.0,210.24539184570312,210.0,0.2304346114397049,0.1452974677085876,/kaggle/working/gfd-robustness-v4-factorial-r1/graphs/base/yelpchi/r40_s1/graph.bin,/kaggle/working/gfd-robustness-v4-factorial-r1/graphs/variants/yelpchi/r40_s1/noise_edges_uniform/0.20/seed_0/graph.bin,/kaggle/working/gfd-robustness-v4-factorial-r1/graphs/variants/yelpchi/r40_s1/noise_edges_uniform/0.20/seed_0/graph.bin,ok,
gfd_robustness_benchmark_v4_factorial,yelpchi,r40_s1,0,1,noise_edges_uniform,0.2,mlp,train_clean_eval_all,0.7890208397487103,0.4259466979825966,0.6592905529479388,0.7060688734054565,0.1320944559993222,100,100,0.7923067203551258,roc_auc,max_epochs,45954,9661617,210.24539184570312,210.0,210.24539184570312,210.0,0.2304346114397049,0.1452974677085876,/kaggle/working/gfd-robustness-v4-factorial-r1/graphs/base/yelpchi/r40_s1/graph.bin,/kaggle/working/gfd-robustness-v4-factorial-r1/graphs/variants/yelpchi/r40_s1/noise_edges_uniform/0.20/seed_0/graph.bin,/kaggle/working/gfd-robustness-v4-factorial-r1/graphs/base/yelpchi/r40_s1/graph.bin,ok,
gfd_robustness_benchmark_v4_factorial,yelpchi,r40_s1,0,1,noise_edges_uniform,0.2,mlp,train_on_variant,0.7890208397487103,0.4259466979825966,0.6592905529479388,0.7060688734054565,2.0233146090004084,100,100,0.7923067203551258,roc_auc,max_epochs,45954,9661617,210.24539184570312,210.0,210.24539184570312,210.0,0.2304346114397049,0.1452974677085876,/kaggle/working/gfd-robustness-v4-factorial-r1/graphs/base/yelpchi/r40_s1/graph.bin,/kaggle/working/gfd-robustness-v4-factorial-r1/graphs/variants/yelpchi/r40_s1/noise_edges_uniform/0.20/seed_0/graph.bin,/kaggle/working/gfd-robustness-v4-factorial-r1/graphs/variants/yelpchi/r40_s1/noise_edges_uniform/0.20/seed_0/graph.bin,ok,
gfd_robustness_benchmark_v4_factorial,yelpchi,r40_s1,0,1,noise_edges_uniform,0.2,pmp,train_clean_eval_all,0.8334846187208068,0.5143662145954185,0.7038713466923826,0.3995718955993652,0.5378365540000232,73,63,0.8482169090037834,roc_auc,early_stopping,45954,9661617,210.24539184570312,210.0,210.24539184570312,210.0,0.2304346114397049,0.1452974677085876,/kaggle/working/gfd-robustness-v4-factorial-r1/graphs/base/yelpchi/r40_s1/graph.bin,/kaggle/working/gfd-robustness-v4-factorial-r1/graphs/variants/yelpchi/r40_s1/noise_edges_uniform/0.20/seed_0/graph.bin,/kaggle/working/gfd-robustness-v4-factorial-r1/graphs/base/yelpchi/r40_s1/graph.bin,ok,
gfd_robustness_benchmark_v4_factorial,yelpchi,r40_s1,0,1,noise_edges_uniform,0.2,pmp,train_on_variant,0.8271165789602059,0.5014369674559488,0.6992700423558125,0.2298229038715362,24.359973712998908,57,47,0.8330083894177472,roc_auc,early_stopping,45954,9661617,210.24539184570312,210.0,210.24539184570312,210.0,0.2304346114397049,0.1452974677085876,/kaggle/working/gfd-robustness-v4-factorial-r1/graphs/base/yelpchi/r40_s1/graph.bin,/kaggle/working/gfd-robustness-v4-factorial-r1/graphs/variants/yelpchi/r40_s1/noise_edges_uniform/0.20/seed_0/graph.bin,/kaggle/working/gfd-robustness-v4-factorial-r1/graphs/variants/yelpchi/r40_s1/noise_edges_uniform/0.20/seed_0/graph.bin,ok,
gfd_robustness_benchmark_v4_factorial,yelpchi,r40_s1,0,1,noise_edges_uniform,0.2,sage,train_clean_eval_all,0.6155651916952755,0.2102916781844782,0.5536737586830641,0.2877165079116821,0.2266927710006712,23,13,0.6056249389091134,roc_auc,early_stopping,45954,9661617,210.24539184570312,210.0,210.24539184570312,210.0,0.2304346114397049,0.1452974677085876,/kaggle/working/gfd-robustness-v4-factorial-r1/graphs/base/yelpchi/r40_s1/graph.bin,/kaggle/working/gfd-robustness-v4-factorial-r1/graphs/variants/yelpchi/r40_s1/noise_edges_uniform/0.20/seed_0/graph.bin,/kaggle/working/gfd-robustness-v4-factorial-r1/graphs/base/yelpchi/r40_s1/graph.bin,ok,
gfd_robustness_benchmark_v4_factorial,yelpchi,r40_s1,0,1,noise_edges_uniform,0.2,sage,train_on_variant,0.6144214760715331,0.2077048507587184,0.5536173513631985,0.2814420461654663,1.1206361140002628,23,13,0.6057982105436314,roc_auc,early_stopping,45954,9661617,210.24539184570312,210.0,210.24539184570312,210.0,0.2304346114397049,0.1452974677085876,/kaggle/working/gfd-robustness-v4-factorial-r1/graphs/base/yelpchi/r40_s1/graph.bin,/kaggle/working/gfd-robustness-v4-factorial-r1/graphs/variants/yelpchi/r40_s1/noise_edges_uniform/0.20/seed_0/graph.bin,/kaggle/working/gfd-robustness-v4-factorial-r1/graphs/variants/yelpchi/r40_s1/noise_edges_uniform/0.20/seed_0/graph.bin,ok,
gfd_robustness_benchmark_v4_factorial,yelpchi,r40_s1,0,1,noise_edges_uniform,0.2,secgfd,train_clean_eval_all,0.8068763424652731,0.4611487974609953,0.6819254551486686,0.679985523223877,0.2473918209998373,50,50,0.8115241848389704,roc_auc,max_epochs,45954,9661617,210.24539184570312,210.0,210.24539184570312,210.0,0.2304346114397049,0.1452974677085876,/kaggle/working/gfd-robustness-v4-factorial-r1/graphs/base/yelpchi/r40_s1/graph.bin,/kaggle/working/gfd-robustness-v4-factorial-r1/graphs/variants/yelpchi/r40_s1/noise_edges_uniform/0.20/seed_0/graph.bin,/kaggle/working/gfd-robustness-v4-factorial-r1/graphs/base/yelpchi/r40_s1/graph.bin,ok,
gfd_robustness_benchmark_v4_factorial,yelpchi,r40_s1,0,1,noise_edges_uniform,0.2,secgfd,train_on_variant,0.7964767503879715,0.4539230455374941,0.6833663538554814,0.6691078543663025,5.817245115999867,50,49,0.8036194413253325,roc_auc,max_epochs,45954,9661617,210.24539184570312,210.0,210.24539184570312,210.0,0.2304346114397049,0.1452974677085876,/kaggle/working/gfd-robustness-v4-factorial-r1/graphs/base/yelpchi/r40_s1/graph.bin,/kaggle/working/gfd-robustness-v4-factorial-r1/graphs/variants/yelpchi/r40_s1/noise_edges_uniform/0.20/seed_0/graph.bin,/kaggle/working/gfd-robustness-v4-factorial-r1/graphs/variants/yelpchi/r40_s1/noise_edges_uniform/0.20/seed_0/graph.bin,ok,
gfd_robustness_benchmark_v4_factorial,yelpchi,r40_s1,0,2,noise_edges_uniform,0.2,mlp,train_clean_eval_all,0.7900874636610181,0.4282571598298197,0.6631972481222677,0.6799353361129761,0.1702561130005051,100,100,0.7945293081293195,roc_auc,max_epochs,45954,9661617,210.24539184570312,210.0,210.24539184570312,210.0,0.2304346114397049,0.1452974677085876,/kaggle/working/gfd-robustness-v4-factorial-r1/graphs/base/yelpchi/r40_s1/graph.bin,/kaggle/working/gfd-robustness-v4-factorial-r1/graphs/variants/yelpchi/r40_s1/noise_edges_uniform/0.20/seed_0/graph.bin,/kaggle/working/gfd-robustness-v4-factorial-r1/graphs/base/yelpchi/r40_s1/graph.bin,ok,
gfd_robustness_benchmark_v4_factorial,yelpchi,r40_s1,0,2,noise_edges_uniform,0.2,mlp,train_on_variant,0.7900874636610181,0.4282571598298197,0.6631972481222677,0.6799353361129761,1.903827762999753,100,100,0.7945293081293195,roc_auc,max_epochs,45954,9661617,210.24539184570312,210.0,210.24539184570312,210.0,0.2304346114397049,0.1452974677085876,/kaggle/working/gfd-robustness-v4-factorial-r1/graphs/base/yelpchi/r40_s1/graph.bin,/kaggle/working/gfd-robustness-v4-factorial-r1/graphs/variants/yelpchi/r40_s1/noise_edges_uniform/0.20/seed_0/graph.bin,/kaggle/working/gfd-robustness-v4-factorial-r1/graphs/variants/yelpchi/r40_s1/noise_edges_uniform/0.20/seed_0/graph.bin,ok,
gfd_robustness_benchmark_v4_factorial,yelpchi,r40_s1,0,2,noise_edges_uniform,0.2,pmp,train_clean_eval_all,0.827714411903027,0.5059047903435974,0.6997832677997453,0.3258445560932159,0.4700500150011066,86,76,0.8507594819016013,roc_auc,early_stopping,45954,9661617,210.24539184570312,210.0,210.24539184570312,210.0,0.2304346114397049,0.1452974677085876,/kaggle/working/gfd-robustness-v4-factorial-r1/graphs/base/yelpchi/r40_s1/graph.bin,/kaggle/working/gfd-robustness-v4-factorial-r1/graphs/variants/yelpchi/r40_s1/noise_edges_uniform/0.20/seed_0/graph.bin,/kaggle/working/gfd-robustness-v4-factorial-r1/graphs/base/yelpchi/r40_s1/graph.bin,ok,
gfd_robustness_benchmark_v4_factorial,yelpchi,r40_s1,0,2,noise_edges_uniform,0.2,pmp,train_on_variant,0.8331171200432638,0.5104916083619427,0.7001630858019949,0.2610250115394592,34.34872529600034,80,70,0.8371590890126998,roc_auc,early_stopping,45954,9661617,210.24539184570312,210.0,210.24539184570312,210.0,0.2304346114397049,0.1452974677085876,/kaggle/working/gfd-robustness-v4-factorial-r1/graphs/base/yelpchi/r40_s1/graph.bin,/kaggle/working/gfd-robustness-v4-factorial-r1/graphs/variants/yelpchi/r40_s1/noise_edges_uniform/0.20/seed_0/graph.bin,/kaggle/working/gfd-robustness-v4-factorial-r1/graphs/variants/yelpchi/r40_s1/noise_edges_uniform/0.20/seed_0/graph.bin,ok,
gfd_robustness_benchmark_v4_factorial,yelpchi,r40_s1,0,2,noise_edges_uniform,0.2,sage,train_clean_eval_all,0.7824709859811945,0.4250143453411435,0.659727122548975,0.6474134922027588,0.2355896709996159,100,99,0.7896983004217357,roc_auc,max_epochs,45954,9661617,210.24539184570312,210.0,210.24539184570312,210.0,0.2304346114397049,0.1452974677085876,/kaggle/working/gfd-robustness-v4-factorial-r1/graphs/base/yelpchi/r40_s1/graph.bin,/kaggle/working/gfd-robustness-v4-factorial-r1/graphs/variants/yelpchi/r40_s1/noise_edges_uniform/0.20/seed_0/graph.bin,/kaggle/working/gfd-robustness-v4-factorial-r1/graphs/base/yelpchi/r40_s1/graph.bin,ok,
gfd_robustness_benchmark_v4_factorial,yelpchi,r40_s1,0,2,noise_edges_uniform,0.2,sage,train_on_variant,0.778493027469755,0.4174103705924935,0.6527567423325379,0.6419370770454407,3.687156758000128,100,99,0.7808120498644676,roc_auc,max_epochs,45954,9661617,210.24539184570312,210.0,210.24539184570312,210.0,0.2304346114397049,0.1452974677085876,/kaggle/working/gfd-robustness-v4-factorial-r1/graphs/base/yelpchi/r40_s1/graph.bin,/kaggle/working/gfd-robustness-v4-factorial-r1/graphs/variants/yelpchi/r40_s1/noise_edges_uniform/0.20/seed_0/graph.bin,/kaggle/working/gfd-robustness-v4-factorial-r1/graphs/variants/yelpchi/r40_s1/noise_edges_uniform/0.20/seed_0/graph.bin,ok,
gfd_robustness_benchmark_v4_factorial,yelpchi,r40_s1,0,2,noise_edges_uniform,0.2,secgfd,train_clean_eval_all,0.7962621607917058,0.4465649782340112,0.6752775688237477,0.6409332752227783,0.2384583860002749,50,50,0.8095187349358813,roc_auc,max_epochs,45954,9661617,210.24539184570312,210.0,210.24539184570312,210.0,0.2304346114397049,0.1452974677085876,/kaggle/working/gfd-robustness-v4-factorial-r1/graphs/base/yelpchi/r40_s1/graph.bin,/kaggle/working/gfd-robustness-v4-factorial-r1/graphs/variants/yelpchi/r40_s1/noise_edges_uniform/0.20/seed_0/graph.bin,/kaggle/working/gfd-robustness-v4-factorial-r1/graphs/base/yelpchi/r40_s1/graph.bin,ok,
gfd_robustness_benchmark_v4_factorial,yelpchi,r40_s1,0,2,noise_edges_uniform,0.2,secgfd,train_on_variant,0.8002886514712428,0.4552130744308497,0.6769868427901109,0.710667073726654,5.740798877000088,50,50,0.8082996350043031,roc_auc,max_epochs,45954,9661617,210.24539184570312,210.0,210.24539184570312,210.0,0.2304346114397049,0.1452974677085876,/kaggle/working/gfd-robustness-v4-factorial-r1/graphs/base/yelpchi/r40_s1/graph.bin,/kaggle/working/gfd-robustness-v4-factorial-r1/graphs/variants/yelpchi/r40_s1/noise_edges_uniform/0.20/seed_0/graph.bin,/kaggle/working/gfd-robustness-v4-factorial-r1/graphs/variants/yelpchi/r40_s1/noise_edges_uniform/0.20/seed_0/graph.bin,ok,
gfd_robustness_benchmark_v4_factorial,yelpchi,r40_s1,0,3,noise_edges_uniform,0.2,mlp,train_clean_eval_all,0.7890011172283742,0.4222148286858138,0.6591169548062679,0.6908923387527466,0.1932266059993708,100,100,0.79316778597091,roc_auc,max_epochs,45954,9661617,210.24539184570312,210.0,210.24539184570312,210.0,0.2304346114397049,0.1452974677085876,/kaggle/working/gfd-robustness-v4-factorial-r1/graphs/base/yelpchi/r40_s1/graph.bin,/kaggle/working/gfd-robustness-v4-factorial-r1/graphs/variants/yelpchi/r40_s1/noise_edges_uniform/0.20/seed_0/graph.bin,/kaggle/working/gfd-robustness-v4-factorial-r1/graphs/base/yelpchi/r40_s1/graph.bin,ok,
gfd_robustness_benchmark_v4_factorial,yelpchi,r40_s1,0,3,noise_edges_uniform,0.2,mlp,train_on_variant,0.7890011172283742,0.4222148286858138,0.6591169548062679,0.6908923387527466,1.6579255300002842,100,100,0.79316778597091,roc_auc,max_epochs,45954,9661617,210.24539184570312,210.0,210.24539184570312,210.0,0.2304346114397049,0.1452974677085876,/kaggle/working/gfd-robustness-v4-factorial-r1/graphs/base/yelpchi/r40_s1/graph.bin,/kaggle/working/gfd-robustness-v4-factorial-r1/graphs/variants/yelpchi/r40_s1/noise_edges_uniform/0.20/seed_0/graph.bin,/kaggle/working/gfd-robustness-v4-factorial-r1/graphs/variants/yelpchi/r40_s1/noise_edges_uniform/0.20/seed_0/graph.bin,ok,
gfd_robustness_benchmark_v4_factorial,yelpchi,r40_s1,0,3,noise_edges_uniform,0.2,pmp,train_clean_eval_all,0.8312678002891875,0.519298434684152,0.7055264480939484,0.2770633101463318,0.4936395489985443,100,100,0.854679931435165,roc_auc,max_epochs,45954,9661617,210.24539184570312,210.0,210.24539184570312,210.0,0.2304346114397049,0.1452974677085876,/kaggle/working/gfd-robustness-v4-factorial-r1/graphs/base/yelpchi/r40_s1/graph.bin,/kaggle/working/gfd-robustness-v4-factorial-r1/graphs/variants/yelpchi/r40_s1/noise_edges_uniform/0.20/seed_0/graph.bin,/kaggle/working/gfd-robustness-v4-factorial-r1/graphs/base/yelpchi/r40_s1/graph.bin,ok,
gfd_robustness_benchmark_v4_factorial,yelpchi,r40_s1,0,3,noise_edges_uniform,0.2,pmp,train_on_variant,0.8355544948481347,0.5244372986622289,0.7068239984851459,0.228874385356903,42.66635696999947,100,90,0.8358969334162978,roc_auc,early_stopping,45954,9661617,210.24539184570312,210.0,210.24539184570312,210.0,0.2304346114397049,0.1452974677085876,/kaggle/working/gfd-robustness-v4-factorial-r1/graphs/base/yelpchi/r40_s1/graph.bin,/kaggle/working/gfd-robustness-v4-factorial-r1/graphs/variants/yelpchi/r40_s1/noise_edges_uniform/0.20/seed_0/graph.bin,/kaggle/working/gfd-robustness-v4-factorial-r1/graphs/variants/yelpchi/r40_s1/noise_edges_uniform/0.20/seed_0/graph.bin,ok,
gfd_robustness_benchmark_v4_factorial,yelpchi,r40_s1,0,3,noise_edges_uniform,0.2,sage,train_clean_eval_all,0.7780432444365343,0.4212491102895994,0.6588750987880921,0.6763858795166016,0.2419566690005012,100,100,0.7853451486087966,roc_auc,max_epochs,45954,9661617,210.24539184570312,210.0,210.24539184570312,210.0,0.2304346114397049,0.1452974677085876,/kaggle/working/gfd-robustness-v4-factorial-r1/graphs/base/yelpchi/r40_s1/graph.bin,/kaggle/working/gfd-robustness-v4-factorial-r1/graphs/variants/yelpchi/r40_s1/noise_edges_uniform/0.20/seed_0/graph.bin,/kaggle/working/gfd-robustness-v4-factorial-r1/graphs/base/yelpchi/r40_s1/graph.bin,ok,
gfd_robustness_benchmark_v4_factorial,yelpchi,r40_s1,0,3,noise_edges_uniform,0.2,sage,train_on_variant,0.7772967065487152,0.4189178908499119,0.6589373718616093,0.7053897976875305,3.773078256999725,100,100,0.7788303449459658,roc_auc,max_epochs,45954,9661617,210.24539184570312,210.0,210.24539184570312,210.0,0.2304346114397049,0.1452974677085876,/kaggle/working/gfd-robustness-v4-factorial-r1/graphs/base/yelpchi/r40_s1/graph.bin,/kaggle/working/gfd-robustness-v4-factorial-r1/graphs/variants/yelpchi/r40_s1/noise_edges_uniform/0.20/seed_0/graph.bin,/kaggle/working/gfd-robustness-v4-factorial-r1/graphs/variants/yelpchi/r40_s1/noise_edges_uniform/0.20/seed_0/graph.bin,ok,
gfd_robustness_benchmark_v4_factorial,yelpchi,r40_s1,0,3,noise_edges_uniform,0.2,secgfd,train_clean_eval_all,0.790343582501494,0.4313390588181094,0.6637344351256381,0.6394457817077637,0.2903220220014191,50,50,0.8028998443225408,roc_auc,max_epochs,45954,9661617,210.24539184570312,210.0,210.24539184570312,210.0,0.2304346114397049,0.1452974677085876,/kaggle/working/gfd-robustness-v4-factorial-r1/graphs/base/yelpchi/r40_s1/graph.bin,/kaggle/working/gfd-robustness-v4-factorial-r1/graphs/variants/yelpchi/r40_s1/noise_edges_uniform/0.20/seed_0/graph.bin,/kaggle/working/gfd-robustness-v4-factorial-r1/graphs/base/yelpchi/r40_s1/graph.bin,ok,
gfd_robustness_benchmark_v4_factorial,yelpchi,r40_s1,0,3,noise_edges_uniform,0.2,secgfd,train_on_variant,0.801798174590229,0.4505196924758287,0.6791833062931363,0.7010536789894104,5.856586831000641,50,50,0.8081864887223243,roc_auc,max_epochs,45954,9661617,210.24539184570312,210.0,210.24539184570312,210.0,0.2304346114397049,0.1452974677085876,/kaggle/working/gfd-robustness-v4-factorial-r1/graphs/base/yelpchi/r40_s1/graph.bin,/kaggle/working/gfd-robustness-v4-factorial-r1/graphs/variants/yelpchi/r40_s1/noise_edges_uniform/0.20/seed_0/graph.bin,/kaggle/working/gfd-robustness-v4-factorial-r1/graphs/variants/yelpchi/r40_s1/noise_edges_uniform/0.20/seed_0/graph.bin,ok,
gfd_robustness_benchmark_v4_factorial,yelpchi,r40_s1,0,4,noise_edges_uniform,0.2,mlp,train_clean_eval_all,0.7894763990031648,0.4290633283011688,0.6620706708330315,0.6857644319534302,0.1490578039993124,100,100,0.7918636713655989,roc_auc,max_epochs,45954,9661617,210.24539184570312,210.0,210.24539184570312,210.0,0.2304346114397049,0.1452974677085876,/kaggle/working/gfd-robustness-v4-factorial-r1/graphs/base/yelpchi/r40_s1/graph.bin,/kaggle/working/gfd-robustness-v4-factorial-r1/graphs/variants/yelpchi/r40_s1/noise_edges_uniform/0.20/seed_0/graph.bin,/kaggle/working/gfd-robustness-v4-factorial-r1/graphs/base/yelpchi/r40_s1/graph.bin,ok,
gfd_robustness_benchmark_v4_factorial,yelpchi,r40_s1,0,4,noise_edges_uniform,0.2,mlp,train_on_variant,0.7894763990031648,0.4290633283011688,0.6620706708330315,0.6857644319534302,2.0657237330005955,100,100,0.7918636713655989,roc_auc,max_epochs,45954,9661617,210.24539184570312,210.0,210.24539184570312,210.0,0.2304346114397049,0.1452974677085876,/kaggle/working/gfd-robustness-v4-factorial-r1/graphs/base/yelpchi/r40_s1/graph.bin,/kaggle/working/gfd-robustness-v4-factorial-r1/graphs/variants/yelpchi/r40_s1/noise_edges_uniform/0.20/seed_0/graph.bin,/kaggle/working/gfd-robustness-v4-factorial-r1/graphs/variants/yelpchi/r40_s1/noise_edges_uniform/0.20/seed_0/graph.bin,ok,
gfd_robustness_benchmark_v4_factorial,yelpchi,r40_s1,0,4,noise_edges_uniform,0.2,pmp,train_clean_eval_all,0.8329336029443151,0.5105309120945233,0.7074792827512886,0.3471680581569671,0.4992079759995249,73,63,0.8499933008627821,roc_auc,early_stopping,45954,9661617,210.24539184570312,210.0,210.24539184570312,210.0,0.2304346114397049,0.1452974677085876,/kaggle/working/gfd-robustness-v4-factorial-r1/graphs/base/yelpchi/r40_s1/graph.bin,/kaggle/working/gfd-robustness-v4-factorial-r1/graphs/variants/yelpchi/r40_s1/noise_edges_uniform/0.20/seed_0/graph.bin,/kaggle/working/gfd-robustness-v4-factorial-r1/graphs/base/yelpchi/r40_s1/graph.bin,ok,
gfd_robustness_benchmark_v4_factorial,yelpchi,r40_s1,0,4,noise_edges_uniform,0.2,pmp,train_on_variant,0.8350320147955108,0.5090863604088883,0.7047403012325149,0.3132464289665222,33.38048172900017,77,67,0.8385178933716686,roc_auc,early_stopping,45954,9661617,210.24539184570312,210.0,210.24539184570312,210.0,0.2304346114397049,0.1452974677085876,/kaggle/working/gfd-robustness-v4-factorial-r1/graphs/base/yelpchi/r40_s1/graph.bin,/kaggle/working/gfd-robustness-v4-factorial-r1/graphs/variants/yelpchi/r40_s1/noise_edges_uniform/0.20/seed_0/graph.bin,/kaggle/working/gfd-robustness-v4-factorial-r1/graphs/variants/yelpchi/r40_s1/noise_edges_uniform/0.20/seed_0/graph.bin,ok,
gfd_robustness_benchmark_v4_factorial,yelpchi,r40_s1,0,4,noise_edges_uniform,0.2,sage,train_clean_eval_all,0.7800525238347135,0.4206047702761256,0.6531947565796368,0.701765239238739,0.1835545690009894,100,100,0.7862607132554708,roc_auc,max_epochs,45954,9661617,210.24539184570312,210.0,210.24539184570312,210.0,0.2304346114397049,0.1452974677085876,/kaggle/working/gfd-robustness-v4-factorial-r1/graphs/base/yelpchi/r40_s1/graph.bin,/kaggle/working/gfd-robustness-v4-factorial-r1/graphs/variants/yelpchi/r40_s1/noise_edges_uniform/0.20/seed_0/graph.bin,/kaggle/working/gfd-robustness-v4-factorial-r1/graphs/base/yelpchi/r40_s1/graph.bin,ok,
gfd_robustness_benchmark_v4_factorial,yelpchi,r40_s1,0,4,noise_edges_uniform,0.2,sage,train_on_variant,0.7808300865809115,0.4180643374516712,0.6562480115472591,0.6848260164260864,3.836496224999792,100,100,0.7823756427953282,roc_auc,max_epochs,45954,9661617,210.24539184570312,210.0,210.24539184570312,210.0,0.2304346114397049,0.1452974677085876,/kaggle/working/gfd-robustness-v4-factorial-r1/graphs/base/yelpchi/r40_s1/graph.bin,/kaggle/working/gfd-robustness-v4-factorial-r1/graphs/variants/yelpchi/r40_s1/noise_edges_uniform/0.20/seed_0/graph.bin,/kaggle/working/gfd-robustness-v4-factorial-r1/graphs/variants/yelpchi/r40_s1/noise_edges_uniform/0.20/seed_0/graph.bin,ok,
gfd_robustness_benchmark_v4_factorial,yelpchi,r40_s1,0,4,noise_edges_uniform,0.2,secgfd,train_clean_eval_all,0.7863669459705843,0.4256847323364923,0.6623868688705234,0.6209703087806702,0.23492103100034,50,49,0.7930952636384659,roc_auc,max_epochs,45954,9661617,210.24539184570312,210.0,210.24539184570312,210.0,0.2304346114397049,0.1452974677085876,/kaggle/working/gfd-robustness-v4-factorial-r1/graphs/base/yelpchi/r40_s1/graph.bin,/kaggle/working/gfd-robustness-v4-factorial-r1/graphs/variants/yelpchi/r40_s1/noise_edges_uniform/0.20/seed_0/graph.bin,/kaggle/working/gfd-robustness-v4-factorial-r1/graphs/base/yelpchi/r40_s1/graph.bin,ok,
gfd_robustness_benchmark_v4_factorial,yelpchi,r40_s1,0,4,noise_edges_uniform,0.2,secgfd,train_on_variant,0.792339677823579,0.4299645273469228,0.666258702808447,0.6573504209518433,5.818279468999208,50,50,0.796837148980706,roc_auc,max_epochs,45954,9661617,210.24539184570312,210.0,210.24539184570312,210.0,0.2304346114397049,0.1452974677085876,/kaggle/working/gfd-robustness-v4-factorial-r1/graphs/base/yelpchi/r40_s1/graph.bin,/kaggle/working/gfd-robustness-v4-factorial-r1/graphs/variants/yelpchi/r40_s1/noise_edges_uniform/0.20/seed_0/graph.bin,/kaggle/working/gfd-robustness-v4-factorial-r1/graphs/variants/yelpchi/r40_s1/noise_edges_uniform/0.20/seed_0/graph.bin,ok,
gfd_robustness_benchmark_v4_factorial,yelpchi,r40_s1,1,0,noise_edges_uniform,0.2,mlp,train_clean_eval_all,0.7411298917567106,0.3289358495954787,0.62102968873229,0.4987255334854126,0.1413570389995584,16,6,0.7381013548468616,roc_auc,early_stopping,45954,9661617,210.24539184570312,210.0,210.24539184570312,210.0,0.2304567694664001,0.1452974677085876,/kaggle/working/gfd-robustness-v4-factorial-r1/graphs/base/yelpchi/r40_s1/graph.bin,/kaggle/working/gfd-robustness-v4-factorial-r1/graphs/variants/yelpchi/r40_s1/noise_edges_uniform/0.20/seed_1/graph.bin,/kaggle/working/gfd-robustness-v4-factorial-r1/graphs/base/yelpchi/r40_s1/graph.bin,ok,
gfd_robustness_benchmark_v4_factorial,yelpchi,r40_s1,1,0,noise_edges_uniform,0.2,mlp,train_on_variant,0.7411298917567106,0.3289358495954787,0.62102968873229,0.4987255334854126,0.5039284349995796,16,6,0.7381013548468616,roc_auc,early_stopping,45954,9661617,210.24539184570312,210.0,210.24539184570312,210.0,0.2304567694664001,0.1452974677085876,/kaggle/working/gfd-robustness-v4-factorial-r1/graphs/base/yelpchi/r40_s1/graph.bin,/kaggle/working/gfd-robustness-v4-factorial-r1/graphs/variants/yelpchi/r40_s1/noise_edges_uniform/0.20/seed_1/graph.bin,/kaggle/working/gfd-robustness-v4-factorial-r1/graphs/variants/yelpchi/r40_s1/noise_edges_uniform/0.20/seed_1/graph.bin,ok,
gfd_robustness_benchmark_v4_factorial,yelpchi,r40_s1,1,0,noise_edges_uniform,0.2,pmp,train_clean_eval_all,0.8227738729198935,0.490378262511938,0.692781973445096,0.2638531029224396,0.5401677760000894,52,42,0.8448072627229967,roc_auc,early_stopping,45954,9661617,210.24539184570312,210.0,210.24539184570312,210.0,0.2304567694664001,0.1452974677085876,/kaggle/working/gfd-robustness-v4-factorial-r1/graphs/base/yelpchi/r40_s1/graph.bin,/kaggle/working/gfd-robustness-v4-factorial-r1/graphs/variants/yelpchi/r40_s1/noise_edges_uniform/0.20/seed_1/graph.bin,/kaggle/working/gfd-robustness-v4-factorial-r1/graphs/base/yelpchi/r40_s1/graph.bin,ok,
gfd_robustness_benchmark_v4_factorial,yelpchi,r40_s1,1,0,noise_edges_uniform,0.2,pmp,train_on_variant,0.8314468750571667,0.5092263123277944,0.7013771091596754,0.3290401101112366,29.38672604400017,68,58,0.8355092893908076,roc_auc,early_stopping,45954,9661617,210.24539184570312,210.0,210.24539184570312,210.0,0.2304567694664001,0.1452974677085876,/kaggle/working/gfd-robustness-v4-factorial-r1/graphs/base/yelpchi/r40_s1/graph.bin,/kaggle/working/gfd-robustness-v4-factorial-r1/graphs/variants/yelpchi/r40_s1/noise_edges_uniform/0.20/seed_1/graph.bin,/kaggle/working/gfd-robustness-v4-factorial-r1/graphs/variants/yelpchi/r40_s1/noise_edges_uniform/0.20/seed_1/graph.bin,ok,
gfd_robustness_benchmark_v4_factorial,yelpchi,r40_s1,1,0,noise_edges_uniform,0.2,sage,train_clean_eval_all,0.7791930578443419,0.4214913425830649,0.6597105373432615,0.6340437531471252,0.2326610060008533,100,99,0.7847662096472344,roc_auc,max_epochs,45954,9661617,210.24539184570312,210.0,210.24539184570312,210.0,0.2304567694664001,0.1452974677085876,/kaggle/working/gfd-robustness-v4-factorial-r1/graphs/base/yelpchi/r40_s1/graph.bin,/kaggle/working/gfd-robustness-v4-factorial-r1/graphs/variants/yelpchi/r40_s1/noise_edges_uniform/0.20/seed_1/graph.bin,/kaggle/working/gfd-robustness-v4-factorial-r1/graphs/base/yelpchi/r40_s1/graph.bin,ok,
gfd_robustness_benchmark_v4_factorial,yelpchi,r40_s1,1,0,noise_edges_uniform,0.2,sage,train_on_variant,0.7777460608314939,0.4167122335762115,0.6574089521310658,0.6706769466400146,3.853704721999748,100,99,0.7792515561785832,roc_auc,max_epochs,45954,9661617,210.24539184570312,210.0,210.24539184570312,210.0,0.2304567694664001,0.1452974677085876,/kaggle/working/gfd-robustness-v4-factorial-r1/graphs/base/yelpchi/r40_s1/graph.bin,/kaggle/working/gfd-robustness-v4-factorial-r1/graphs/variants/yelpchi/r40_s1/noise_edges_uniform/0.20/seed_1/graph.bin,/kaggle/working/gfd-robustness-v4-factorial-r1/graphs/variants/yelpchi/r40_s1/noise_edges_uniform/0.20/seed_1/graph.bin,ok,
gfd_robustness_benchmark_v4_factorial,yelpchi,r40_s1,1,0,noise_edges_uniform,0.2,secgfd,train_clean_eval_all,0.8098665195068112,0.4747795627871458,0.685798107202134,0.707516610622406,0.28560104799908,50,50,0.81031190324634,roc_auc,max_epochs,45954,9661617,210.24539184570312,210.0,210.24539184570312,210.0,0.2304567694664001,0.1452974677085876,/kaggle/working/gfd-robustness-v4-factorial-r1/graphs/base/yelpchi/r40_s1/graph.bin,/kaggle/working/gfd-robustness-v4-factorial-r1/graphs/variants/yelpchi/r40_s1/noise_edges_uniform/0.20/seed_1/graph.bin,/kaggle/working/gfd-robustness-v4-factorial-r1/graphs/base/yelpchi/r40_s1/graph.bin,ok,
gfd_robustness_benchmark_v4_factorial,yelpchi,r40_s1,1,0,noise_edges_uniform,0.2,secgfd,train_on_variant,0.8260368662496799,0.4958075888096949,0.7049179888030227,0.6744464039802551,5.860391383000206,50,50,0.8259116429097619,roc_auc,max_epochs,45954,9661617,210.24539184570312,210.0,210.24539184570312,210.0,0.2304567694664001,0.1452974677085876,/kaggle/working/gfd-robustness-v4-factorial-r1/graphs/base/yelpchi/r40_s1/graph.bin,/kaggle/working/gfd-robustness-v4-factorial-r1/graphs/variants/yelpchi/r40_s1/noise_edges_uniform/0.20/seed_1/graph.bin,/kaggle/working/gfd-robustness-v4-factorial-r1/graphs/variants/yelpchi/r40_s1/noise_edges_uniform/0.20/seed_1/graph.bin,ok,
gfd_robustness_benchmark_v4_factorial,yelpchi,r40_s1,1,1,noise_edges_uniform,0.2,mlp,train_clean_eval_all,0.7890208397487103,0.4259466979825966,0.6592905529479388,0.7060688734054565,0.1687014390008698,100,100,0.7923067203551258,roc_auc,max_epochs,45954,9661617,210.24539184570312,210.0,210.24539184570312,210.0,0.2304567694664001,0.1452974677085876,/kaggle/working/gfd-robustness-v4-factorial-r1/graphs/base/yelpchi/r40_s1/graph.bin,/kaggle/working/gfd-robustness-v4-factorial-r1/graphs/variants/yelpchi/r40_s1/noise_edges_uniform/0.20/seed_1/graph.bin,/kaggle/working/gfd-robustness-v4-factorial-r1/graphs/base/yelpchi/r40_s1/graph.bin,ok,
gfd_robustness_benchmark_v4_factorial,yelpchi,r40_s1,1,1,noise_edges_uniform,0.2,mlp,train_on_variant,0.7890208397487103,0.4259466979825966,0.6592905529479388,0.7060688734054565,2.007859354000175,100,100,0.7923067203551258,roc_auc,max_epochs,45954,9661617,210.24539184570312,210.0,210.24539184570312,210.0,0.2304567694664001,0.1452974677085876,/kaggle/working/gfd-robustness-v4-factorial-r1/graphs/base/yelpchi/r40_s1/graph.bin,/kaggle/working/gfd-robustness-v4-factorial-r1/graphs/variants/yelpchi/r40_s1/noise_edges_uniform/0.20/seed_1/graph.bin,/kaggle/working/gfd-robustness-v4-factorial-r1/graphs/variants/yelpchi/r40_s1/noise_edges_uniform/0.20/seed_1/graph.bin,ok,
gfd_robustness_benchmark_v4_factorial,yelpchi,r40_s1,1,1,noise_edges_uniform,0.2,pmp,train_clean_eval_all,0.8331815755263912,0.5130774939018197,0.6987262270793432,0.3995718955993652,0.5812841579991073,73,63,0.8482169090037834,roc_auc,early_stopping,45954,9661617,210.24539184570312,210.0,210.24539184570312,210.0,0.2304567694664001,0.1452974677085876,/kaggle/working/gfd-robustness-v4-factorial-r1/graphs/base/yelpchi/r40_s1/graph.bin,/kaggle/working/gfd-robustness-v4-factorial-r1/graphs/variants/yelpchi/r40_s1/noise_edges_uniform/0.20/seed_1/graph.bin,/kaggle/working/gfd-robustness-v4-factorial-r1/graphs/base/yelpchi/r40_s1/graph.bin,ok,
gfd_robustness_benchmark_v4_factorial,yelpchi,r40_s1,1,1,noise_edges_uniform,0.2,pmp,train_on_variant,0.8247494120402271,0.5049332007633711,0.698069314568591,0.3362956047058105,22.338580353,51,41,0.8330778125052151,roc_auc,early_stopping,45954,9661617,210.24539184570312,210.0,210.24539184570312,210.0,0.2304567694664001,0.1452974677085876,/kaggle/working/gfd-robustness-v4-factorial-r1/graphs/base/yelpchi/r40_s1/graph.bin,/kaggle/working/gfd-robustness-v4-factorial-r1/graphs/variants/yelpchi/r40_s1/noise_edges_uniform/0.20/seed_1/graph.bin,/kaggle/working/gfd-robustness-v4-factorial-r1/graphs/variants/yelpchi/r40_s1/noise_edges_uniform/0.20/seed_1/graph.bin,ok,
gfd_robustness_benchmark_v4_factorial,yelpchi,r40_s1,1,1,noise_edges_uniform,0.2,sage,train_clean_eval_all,0.6149713366037782,0.2089345038675844,0.5541513720799867,0.2877165079116821,0.2367050680004467,23,13,0.6056249389091134,roc_auc,early_stopping,45954,9661617,210.24539184570312,210.0,210.24539184570312,210.0,0.2304567694664001,0.1452974677085876,/kaggle/working/gfd-robustness-v4-factorial-r1/graphs/base/yelpchi/r40_s1/graph.bin,/kaggle/working/gfd-robustness-v4-factorial-r1/graphs/variants/yelpchi/r40_s1/noise_edges_uniform/0.20/seed_1/graph.bin,/kaggle/working/gfd-robustness-v4-factorial-r1/graphs/base/yelpchi/r40_s1/graph.bin,ok,
gfd_robustness_benchmark_v4_factorial,yelpchi,r40_s1,1,1,noise_edges_uniform,0.2,sage,train_on_variant,0.6134822267697294,0.2064390954929123,0.5510434717371117,0.2863765060901642,1.070507667000129,23,13,0.6047876182779165,roc_auc,early_stopping,45954,9661617,210.24539184570312,210.0,210.24539184570312,210.0,0.2304567694664001,0.1452974677085876,/kaggle/working/gfd-robustness-v4-factorial-r1/graphs/base/yelpchi/r40_s1/graph.bin,/kaggle/working/gfd-robustness-v4-factorial-r1/graphs/variants/yelpchi/r40_s1/noise_edges_uniform/0.20/seed_1/graph.bin,/kaggle/working/gfd-robustness-v4-factorial-r1/graphs/variants/yelpchi/r40_s1/noise_edges_uniform/0.20/seed_1/graph.bin,ok,
gfd_robustness_benchmark_v4_factorial,yelpchi,r40_s1,1,1,noise_edges_uniform,0.2,secgfd,train_clean_eval_all,0.8070630037341305,0.4615232281065898,0.6825040161023952,0.679985523223877,0.2570513570008188,50,50,0.8115241848389704,roc_auc,max_epochs,45954,9661617,210.24539184570312,210.0,210.24539184570312,210.0,0.2304567694664001,0.1452974677085876,/kaggle/working/gfd-robustness-v4-factorial-r1/graphs/base/yelpchi/r40_s1/graph.bin,/kaggle/working/gfd-robustness-v4-factorial-r1/graphs/variants/yelpchi/r40_s1/noise_edges_uniform/0.20/seed_1/graph.bin,/kaggle/working/gfd-robustness-v4-factorial-r1/graphs/base/yelpchi/r40_s1/graph.bin,ok,
gfd_robustness_benchmark_v4_factorial,yelpchi,r40_s1,1,1,noise_edges_uniform,0.2,secgfd,train_on_variant,0.8005490935453431,0.4562690412920394,0.6812383260253837,0.7302488088607788,5.733055529999547,50,50,0.8082112826821343,roc_auc,max_epochs,45954,9661617,210.24539184570312,210.0,210.24539184570312,210.0,0.2304567694664001,0.1452974677085876,/kaggle/working/gfd-robustness-v4-factorial-r1/graphs/base/yelpchi/r40_s1/graph.bin,/kaggle/working/gfd-robustness-v4-factorial-r1/graphs/variants/yelpchi/r40_s1/noise_edges_uniform/0.20/seed_1/graph.bin,/kaggle/working/gfd-robustness-v4-factorial-r1/graphs/variants/yelpchi/r40_s1/noise_edges_uniform/0.20/seed_1/graph.bin,ok,
gfd_robustness_benchmark_v4_factorial,yelpchi,r40_s1,1,2,noise_edges_uniform,0.2,mlp,train_clean_eval_all,0.7900874636610181,0.4282571598298197,0.6631972481222677,0.6799353361129761,0.2189528679991781,100,100,0.7945293081293195,roc_auc,max_epochs,45954,9661617,210.24539184570312,210.0,210.24539184570312,210.0,0.2304567694664001,0.1452974677085876,/kaggle/working/gfd-robustness-v4-factorial-r1/graphs/base/yelpchi/r40_s1/graph.bin,/kaggle/working/gfd-robustness-v4-factorial-r1/graphs/variants/yelpchi/r40_s1/noise_edges_uniform/0.20/seed_1/graph.bin,/kaggle/working/gfd-robustness-v4-factorial-r1/graphs/base/yelpchi/r40_s1/graph.bin,ok,
gfd_robustness_benchmark_v4_factorial,yelpchi,r40_s1,1,2,noise_edges_uniform,0.2,mlp,train_on_variant,0.7900874636610181,0.4282571598298197,0.6631972481222677,0.6799353361129761,1.6489978560002785,100,100,0.7945293081293195,roc_auc,max_epochs,45954,9661617,210.24539184570312,210.0,210.24539184570312,210.0,0.2304567694664001,0.1452974677085876,/kaggle/working/gfd-robustness-v4-factorial-r1/graphs/base/yelpchi/r40_s1/graph.bin,/kaggle/working/gfd-robustness-v4-factorial-r1/graphs/variants/yelpchi/r40_s1/noise_edges_uniform/0.20/seed_1/graph.bin,/kaggle/working/gfd-robustness-v4-factorial-r1/graphs/variants/yelpchi/r40_s1/noise_edges_uniform/0.20/seed_1/graph.bin,ok,
gfd_robustness_benchmark_v4_factorial,yelpchi,r40_s1,1,2,noise_edges_uniform,0.2,pmp,train_clean_eval_all,0.8250742976877203,0.4977245963750902,0.6974012247770676,0.3258445560932159,0.4789640640010475,86,76,0.8507594819016013,roc_auc,early_stopping,45954,9661617,210.24539184570312,210.0,210.24539184570312,210.0,0.2304567694664001,0.1452974677085876,/kaggle/working/gfd-robustness-v4-factorial-r1/graphs/base/yelpchi/r40_s1/graph.bin,/kaggle/working/gfd-robustness-v4-factorial-r1/graphs/variants/yelpchi/r40_s1/noise_edges_uniform/0.20/seed_1/graph.bin,/kaggle/working/gfd-robustness-v4-factorial-r1/graphs/base/yelpchi/r40_s1/graph.bin,ok,
gfd_robustness_benchmark_v4_factorial,yelpchi,r40_s1,1,2,noise_edges_uniform,0.2,pmp,train_on_variant,0.8315974498304816,0.5026216591892094,0.6949993584548901,0.2052335292100906,27.96845088199916,66,56,0.8325931859523146,roc_auc,early_stopping,45954,9661617,210.24539184570312,210.0,210.24539184570312,210.0,0.2304567694664001,0.1452974677085876,/kaggle/working/gfd-robustness-v4-factorial-r1/graphs/base/yelpchi/r40_s1/graph.bin,/kaggle/working/gfd-robustness-v4-factorial-r1/graphs/variants/yelpchi/r40_s1/noise_edges_uniform/0.20/seed_1/graph.bin,/kaggle/working/gfd-robustness-v4-factorial-r1/graphs/variants/yelpchi/r40_s1/noise_edges_uniform/0.20/seed_1/graph.bin,ok,
gfd_robustness_benchmark_v4_factorial,yelpchi,r40_s1,1,2,noise_edges_uniform,0.2,sage,train_clean_eval_all,0.7824807757829555,0.425477981611241,0.6601811610167669,0.6474134922027588,0.2317791449986543,100,99,0.7896983004217357,roc_auc,max_epochs,45954,9661617,210.24539184570312,210.0,210.24539184570312,210.0,0.2304567694664001,0.1452974677085876,/kaggle/working/gfd-robustness-v4-factorial-r1/graphs/base/yelpchi/r40_s1/graph.bin,/kaggle/working/gfd-robustness-v4-factorial-r1/graphs/variants/yelpchi/r40_s1/noise_edges_uniform/0.20/seed_1/graph.bin,/kaggle/working/gfd-robustness-v4-factorial-r1/graphs/base/yelpchi/r40_s1/graph.bin,ok,
gfd_robustness_benchmark_v4_factorial,yelpchi,r40_s1,1,2,noise_edges_uniform,0.2,sage,train_on_variant,0.777122895883386,0.416444537634496,0.6517320002453612,0.6665422916412354,3.8335699620001833,100,100,0.7788813156056521,roc_auc,max_epochs,45954,9661617,210.24539184570312,210.0,210.24539184570312,210.0,0.2304567694664001,0.1452974677085876,/kaggle/working/gfd-robustness-v4-factorial-r1/graphs/base/yelpchi/r40_s1/graph.bin,/kaggle/working/gfd-robustness-v4-factorial-r1/graphs/variants/yelpchi/r40_s1/noise_edges_uniform/0.20/seed_1/graph.bin,/kaggle/working/gfd-robustness-v4-factorial-r1/graphs/variants/yelpchi/r40_s1/noise_edges_uniform/0.20/seed_1/graph.bin,ok,
gfd_robustness_benchmark_v4_factorial,yelpchi,r40_s1,1,2,noise_edges_uniform,0.2,secgfd,train_clean_eval_all,0.7964591358906423,0.44740122698504,0.6756463336983172,0.6409332752227783,0.2319448220005142,50,50,0.8095187349358813,roc_auc,max_epochs,45954,9661617,210.24539184570312,210.0,210.24539184570312,210.0,0.2304567694664001,0.1452974677085876,/kaggle/working/gfd-robustness-v4-factorial-r1/graphs/base/yelpchi/r40_s1/graph.bin,/kaggle/working/gfd-robustness-v4-factorial-r1/graphs/variants/yelpchi/r40_s1/noise_edges_uniform/0.20/seed_1/graph.bin,/kaggle/working/gfd-robustness-v4-factorial-r1/graphs/base/yelpchi/r40_s1/graph.bin,ok,
gfd_robustness_benchmark_v4_factorial,yelpchi,r40_s1,1,2,noise_edges_uniform,0.2,secgfd,train_on_variant,0.7994790872684366,0.45110375983322,0.6755296174187462,0.6097654700279236,5.702684775999842,50,50,0.8081534936835003,roc_auc,max_epochs,45954,9661617,210.24539184570312,210.0,210.24539184570312,210.0,0.2304567694664001,0.1452974677085876,/kaggle/working/gfd-robustness-v4-factorial-r1/graphs/base/yelpchi/r40_s1/graph.bin,/kaggle/working/gfd-robustness-v4-factorial-r1/graphs/variants/yelpchi/r40_s1/noise_edges_uniform/0.20/seed_1/graph.bin,/kaggle/working/gfd-robustness-v4-factorial-r1/graphs/variants/yelpchi/r40_s1/noise_edges_uniform/0.20/seed_1/graph.bin,ok,
gfd_robustness_benchmark_v4_factorial,yelpchi,r40_s1,1,3,noise_edges_uniform,0.2,mlp,train_clean_eval_all,0.7890011172283742,0.4222148286858138,0.6591169548062679,0.6908923387527466,0.1332102199994551,100,100,0.79316778597091,roc_auc,max_epochs,45954,9661617,210.24539184570312,210.0,210.24539184570312,210.0,0.2304567694664001,0.1452974677085876,/kaggle/working/gfd-robustness-v4-factorial-r1/graphs/base/yelpchi/r40_s1/graph.bin,/kaggle/working/gfd-robustness-v4-factorial-r1/graphs/variants/yelpchi/r40_s1/noise_edges_uniform/0.20/seed_1/graph.bin,/kaggle/working/gfd-robustness-v4-factorial-r1/graphs/base/yelpchi/r40_s1/graph.bin,ok,
gfd_robustness_benchmark_v4_factorial,yelpchi,r40_s1,1,3,noise_edges_uniform,0.2,mlp,train_on_variant,0.7890011172283742,0.4222148286858138,0.6591169548062679,0.6908923387527466,2.007591292999677,100,100,0.79316778597091,roc_auc,max_epochs,45954,9661617,210.24539184570312,210.0,210.24539184570312,210.0,0.2304567694664001,0.1452974677085876,/kaggle/working/gfd-robustness-v4-factorial-r1/graphs/base/yelpchi/r40_s1/graph.bin,/kaggle/working/gfd-robustness-v4-factorial-r1/graphs/variants/yelpchi/r40_s1/noise_edges_uniform/0.20/seed_1/graph.bin,/kaggle/working/gfd-robustness-v4-factorial-r1/graphs/variants/yelpchi/r40_s1/noise_edges_uniform/0.20/seed_1/graph.bin,ok,
gfd_robustness_benchmark_v4_factorial,yelpchi,r40_s1,1,3,noise_edges_uniform,0.2,pmp,train_clean_eval_all,0.8326424575746674,0.5172177838784326,0.7019647483306631,0.2770633101463318,0.4917380229999253,100,100,0.854679931435165,roc_auc,max_epochs,45954,9661617,210.24539184570312,210.0,210.24539184570312,210.0,0.2304567694664001,0.1452974677085876,/kaggle/working/gfd-robustness-v4-factorial-r1/graphs/base/yelpchi/r40_s1/graph.bin,/kaggle/working/gfd-robustness-v4-factorial-r1/graphs/variants/yelpchi/r40_s1/noise_edges_uniform/0.20/seed_1/graph.bin,/kaggle/working/gfd-robustness-v4-factorial-r1/graphs/base/yelpchi/r40_s1/graph.bin,ok,
gfd_robustness_benchmark_v4_factorial,yelpchi,r40_s1,1,3,noise_edges_uniform,0.2,pmp,train_on_variant,0.8307341965445382,0.506421191474572,0.7027303157532762,0.2781386375427246,29.32709649299977,69,59,0.8353960477474449,roc_auc,early_stopping,45954,9661617,210.24539184570312,210.0,210.24539184570312,210.0,0.2304567694664001,0.1452974677085876,/kaggle/working/gfd-robustness-v4-factorial-r1/graphs/base/yelpchi/r40_s1/graph.bin,/kaggle/working/gfd-robustness-v4-factorial-r1/graphs/variants/yelpchi/r40_s1/noise_edges_uniform/0.20/seed_1/graph.bin,/kaggle/working/gfd-robustness-v4-factorial-r1/graphs/variants/yelpchi/r40_s1/noise_edges_uniform/0.20/seed_1/graph.bin,ok,
gfd_robustness_benchmark_v4_factorial,yelpchi,r40_s1,1,3,noise_edges_uniform,0.2,sage,train_clean_eval_all,0.7781222655249582,0.4219984857078442,0.6602085427789138,0.6763858795166016,0.1872818570009258,100,100,0.7853451486087966,roc_auc,max_epochs,45954,9661617,210.24539184570312,210.0,210.24539184570312,210.0,0.2304567694664001,0.1452974677085876,/kaggle/working/gfd-robustness-v4-factorial-r1/graphs/base/yelpchi/r40_s1/graph.bin,/kaggle/working/gfd-robustness-v4-factorial-r1/graphs/variants/yelpchi/r40_s1/noise_edges_uniform/0.20/seed_1/graph.bin,/kaggle/working/gfd-robustness-v4-factorial-r1/graphs/base/yelpchi/r40_s1/graph.bin,ok,
gfd_robustness_benchmark_v4_factorial,yelpchi,r40_s1,1,3,noise_edges_uniform,0.2,sage,train_on_variant,0.7772491867080503,0.4197355010564347,0.6611980531532494,0.6878641843795776,3.738295537999875,100,100,0.7785647158111558,roc_auc,max_epochs,45954,9661617,210.24539184570312,210.0,210.24539184570312,210.0,0.2304567694664001,0.1452974677085876,/kaggle/working/gfd-robustness-v4-factorial-r1/graphs/base/yelpchi/r40_s1/graph.bin,/kaggle/working/gfd-robustness-v4-factorial-r1/graphs/variants/yelpchi/r40_s1/noise_edges_uniform/0.20/seed_1/graph.bin,/kaggle/working/gfd-robustness-v4-factorial-r1/graphs/variants/yelpchi/r40_s1/noise_edges_uniform/0.20/seed_1/graph.bin,ok,
gfd_robustness_benchmark_v4_factorial,yelpchi,r40_s1,1,3,noise_edges_uniform,0.2,secgfd,train_clean_eval_all,0.7904025833262193,0.4324313742277655,0.6634560633100797,0.6394457817077637,0.2758566940010496,50,50,0.8028998443225408,roc_auc,max_epochs,45954,9661617,210.24539184570312,210.0,210.24539184570312,210.0,0.2304567694664001,0.1452974677085876,/kaggle/working/gfd-robustness-v4-factorial-r1/graphs/base/yelpchi/r40_s1/graph.bin,/kaggle/working/gfd-robustness-v4-factorial-r1/graphs/variants/yelpchi/r40_s1/noise_edges_uniform/0.20/seed_1/graph.bin,/kaggle/working/gfd-robustness-v4-factorial-r1/graphs/base/yelpchi/r40_s1/graph.bin,ok,
gfd_robustness_benchmark_v4_factorial,yelpchi,r40_s1,1,3,noise_edges_uniform,0.2,secgfd,train_on_variant,0.8002770037508994,0.453322508715864,0.67615161835794,0.7173696756362915,5.843621072000133,50,50,0.8090483172291796,roc_auc,max_epochs,45954,9661617,210.24539184570312,210.0,210.24539184570312,210.0,0.2304567694664001,0.1452974677085876,/kaggle/working/gfd-robustness-v4-factorial-r1/graphs/base/yelpchi/r40_s1/graph.bin,/kaggle/working/gfd-robustness-v4-factorial-r1/graphs/variants/yelpchi/r40_s1/noise_edges_uniform/0.20/seed_1/graph.bin,/kaggle/working/gfd-robustness-v4-factorial-r1/graphs/variants/yelpchi/r40_s1/noise_edges_uniform/0.20/seed_1/graph.bin,ok,
gfd_robustness_benchmark_v4_factorial,yelpchi,r40_s1,1,4,noise_edges_uniform,0.2,mlp,train_clean_eval_all,0.7894763990031648,0.4290633283011688,0.6620706708330315,0.6857644319534302,0.1427566279999155,100,100,0.7918636713655989,roc_auc,max_epochs,45954,9661617,210.24539184570312,210.0,210.24539184570312,210.0,0.2304567694664001,0.1452974677085876,/kaggle/working/gfd-robustness-v4-factorial-r1/graphs/base/yelpchi/r40_s1/graph.bin,/kaggle/working/gfd-robustness-v4-factorial-r1/graphs/variants/yelpchi/r40_s1/noise_edges_uniform/0.20/seed_1/graph.bin,/kaggle/working/gfd-robustness-v4-factorial-r1/graphs/base/yelpchi/r40_s1/graph.bin,ok,
gfd_robustness_benchmark_v4_factorial,yelpchi,r40_s1,1,4,noise_edges_uniform,0.2,mlp,train_on_variant,0.7894763990031648,0.4290633283011688,0.6620706708330315,0.6857644319534302,2.089908941000431,100,100,0.7918636713655989,roc_auc,max_epochs,45954,9661617,210.24539184570312,210.0,210.24539184570312,210.0,0.2304567694664001,0.1452974677085876,/kaggle/working/gfd-robustness-v4-factorial-r1/graphs/base/yelpchi/r40_s1/graph.bin,/kaggle/working/gfd-robustness-v4-factorial-r1/graphs/variants/yelpchi/r40_s1/noise_edges_uniform/0.20/seed_1/graph.bin,/kaggle/working/gfd-robustness-v4-factorial-r1/graphs/variants/yelpchi/r40_s1/noise_edges_uniform/0.20/seed_1/graph.bin,ok,
gfd_robustness_benchmark_v4_factorial,yelpchi,r40_s1,1,4,noise_edges_uniform,0.2,pmp,train_clean_eval_all,0.8316461130056587,0.5100712168613589,0.7009898909813831,0.3471680581569671,0.4859126179999293,73,63,0.8499933008627821,roc_auc,early_stopping,45954,9661617,210.24539184570312,210.0,210.24539184570312,210.0,0.2304567694664001,0.1452974677085876,/kaggle/working/gfd-robustness-v4-factorial-r1/graphs/base/yelpchi/r40_s1/graph.bin,/kaggle/working/gfd-robustness-v4-factorial-r1/graphs/variants/yelpchi/r40_s1/noise_edges_uniform/0.20/seed_1/graph.bin,/kaggle/working/gfd-robustness-v4-factorial-r1/graphs/base/yelpchi/r40_s1/graph.bin,ok,
gfd_robustness_benchmark_v4_factorial,yelpchi,r40_s1,1,4,noise_edges_uniform,0.2,pmp,train_on_variant,0.8328823672664853,0.5163336769430543,0.7080540545256556,0.2256530821323394,35.89172496299943,84,74,0.8380557244246728,roc_auc,early_stopping,45954,9661617,210.24539184570312,210.0,210.24539184570312,210.0,0.2304567694664001,0.1452974677085876,/kaggle/working/gfd-robustness-v4-factorial-r1/graphs/base/yelpchi/r40_s1/graph.bin,/kaggle/working/gfd-robustness-v4-factorial-r1/graphs/variants/yelpchi/r40_s1/noise_edges_uniform/0.20/seed_1/graph.bin,/kaggle/working/gfd-robustness-v4-factorial-r1/graphs/variants/yelpchi/r40_s1/noise_edges_uniform/0.20/seed_1/graph.bin,ok,
gfd_robustness_benchmark_v4_factorial,yelpchi,r40_s1,1,4,noise_edges_uniform,0.2,sage,train_clean_eval_all,0.7800601341550606,0.420846622037254,0.6540550512862368,0.701765239238739,0.1982854739999311,100,100,0.7862607132554708,roc_auc,max_epochs,45954,9661617,210.24539184570312,210.0,210.24539184570312,210.0,0.2304567694664001,0.1452974677085876,/kaggle/working/gfd-robustness-v4-factorial-r1/graphs/base/yelpchi/r40_s1/graph.bin,/kaggle/working/gfd-robustness-v4-factorial-r1/graphs/variants/yelpchi/r40_s1/noise_edges_uniform/0.20/seed_1/graph.bin,/kaggle/working/gfd-robustness-v4-factorial-r1/graphs/base/yelpchi/r40_s1/graph.bin,ok,
gfd_robustness_benchmark_v4_factorial,yelpchi,r40_s1,1,4,noise_edges_uniform,0.2,sage,train_on_variant,0.7806377205492274,0.4201627122293049,0.655519359025755,0.6413412094116211,3.898362666000139,100,98,0.7820220904645768,roc_auc,max_epochs,45954,9661617,210.24539184570312,210.0,210.24539184570312,210.0,0.2304567694664001,0.1452974677085876,/kaggle/working/gfd-robustness-v4-factorial-r1/graphs/base/yelpchi/r40_s1/graph.bin,/kaggle/working/gfd-robustness-v4-factorial-r1/graphs/variants/yelpchi/r40_s1/noise_edges_uniform/0.20/seed_1/graph.bin,/kaggle/working/gfd-robustness-v4-factorial-r1/graphs/variants/yelpchi/r40_s1/noise_edges_uniform/0.20/seed_1/graph.bin,ok,
gfd_robustness_benchmark_v4_factorial,yelpchi,r40_s1,1,4,noise_edges_uniform,0.2,secgfd,train_clean_eval_all,0.7866929392233862,0.4271525517879448,0.6655377288988475,0.6209703087806702,0.2441932339988852,50,49,0.7930952636384659,roc_auc,max_epochs,45954,9661617,210.24539184570312,210.0,210.24539184570312,210.0,0.2304567694664001,0.1452974677085876,/kaggle/working/gfd-robustness-v4-factorial-r1/graphs/base/yelpchi/r40_s1/graph.bin,/kaggle/working/gfd-robustness-v4-factorial-r1/graphs/variants/yelpchi/r40_s1/noise_edges_uniform/0.20/seed_1/graph.bin,/kaggle/working/gfd-robustness-v4-factorial-r1/graphs/base/yelpchi/r40_s1/graph.bin,ok,
gfd_robustness_benchmark_v4_factorial,yelpchi,r40_s1,1,4,noise_edges_uniform,0.2,secgfd,train_on_variant,0.7880383700203971,0.4275159694755929,0.6664282199245072,0.6676779389381409,5.811176676999821,50,50,0.79262990008511,roc_auc,max_epochs,45954,9661617,210.24539184570312,210.0,210.24539184570312,210.0,0.2304567694664001,0.1452974677085876,/kaggle/working/gfd-robustness-v4-factorial-r1/graphs/base/yelpchi/r40_s1/graph.bin,/kaggle/working/gfd-robustness-v4-factorial-r1/graphs/variants/yelpchi/r40_s1/noise_edges_uniform/0.20/seed_1/graph.bin,/kaggle/working/gfd-robustness-v4-factorial-r1/graphs/variants/yelpchi/r40_s1/noise_edges_uniform/0.20/seed_1/graph.bin,ok,
