experiment_name,dataset_id,split_id,graph_seed,training_seed,scenario_id,severity,model_id,protocol,roc_auc,average_precision,f1_macro,threshold,duration_sec,epochs_trained,best_epoch,best_validation_monitor,validation_monitor,stopping_reason,n_nodes,n_edges,mean_in_degree,median_in_degree,mean_out_degree,median_out_degree,heterophily_ratio,pos_rate,base_graph_path,graph_path,train_graph_ref,status,error
gfd_robustness_benchmark_v4_factorial,yelpchi,r60_s1,0,0,camouflage_feature_oracle,0.15,mlp,train_clean_eval_all,0.6984746774272229,0.3001168851906052,0.6023149589530078,0.4993019104003906,0.0736564049984735,16,6,0.7522698631802545,roc_auc,early_stopping,45954,8051348,175.2045135498047,175.0,175.2045135498047,175.0,0.2268800139427185,0.1452974677085876,/kaggle/working/gfd-robustness-v4-factorial-r1/graphs/base/yelpchi/r60_s1/graph.bin,/kaggle/working/gfd-robustness-v4-factorial-r1/graphs/variants/yelpchi/r60_s1/camouflage_feature_oracle/0.15/seed_0/graph.bin,/kaggle/working/gfd-robustness-v4-factorial-r1/graphs/base/yelpchi/r60_s1/graph.bin,ok,
gfd_robustness_benchmark_v4_factorial,yelpchi,r60_s1,0,0,camouflage_feature_oracle,0.15,mlp,train_on_variant,0.6989182912179714,0.3024334058704597,0.6038302348384498,0.5075128674507141,0.4158766030013794,17,7,0.7169715131705992,roc_auc,early_stopping,45954,8051348,175.2045135498047,175.0,175.2045135498047,175.0,0.2268800139427185,0.1452974677085876,/kaggle/working/gfd-robustness-v4-factorial-r1/graphs/base/yelpchi/r60_s1/graph.bin,/kaggle/working/gfd-robustness-v4-factorial-r1/graphs/variants/yelpchi/r60_s1/camouflage_feature_oracle/0.15/seed_0/graph.bin,/kaggle/working/gfd-robustness-v4-factorial-r1/graphs/variants/yelpchi/r60_s1/camouflage_feature_oracle/0.15/seed_0/graph.bin,ok,
gfd_robustness_benchmark_v4_factorial,yelpchi,r60_s1,0,0,camouflage_feature_oracle,0.15,pmp,train_clean_eval_all,0.7895613273199019,0.47988625150283,0.6878553829552014,0.4558625817298889,0.2914734580008371,43,33,0.8640671153419779,roc_auc,early_stopping,45954,8051348,175.2045135498047,175.0,175.2045135498047,175.0,0.2268800139427185,0.1452974677085876,/kaggle/working/gfd-robustness-v4-factorial-r1/graphs/base/yelpchi/r60_s1/graph.bin,/kaggle/working/gfd-robustness-v4-factorial-r1/graphs/variants/yelpchi/r60_s1/camouflage_feature_oracle/0.15/seed_0/graph.bin,/kaggle/working/gfd-robustness-v4-factorial-r1/graphs/base/yelpchi/r60_s1/graph.bin,ok,
gfd_robustness_benchmark_v4_factorial,yelpchi,r60_s1,0,0,camouflage_feature_oracle,0.15,pmp,train_on_variant,0.8025468919594619,0.4998544934976219,0.6941999676712708,0.4294635951519012,70.8734322320015,87,77,0.8291743849786748,roc_auc,early_stopping,45954,8051348,175.2045135498047,175.0,175.2045135498047,175.0,0.2268800139427185,0.1452974677085876,/kaggle/working/gfd-robustness-v4-factorial-r1/graphs/base/yelpchi/r60_s1/graph.bin,/kaggle/working/gfd-robustness-v4-factorial-r1/graphs/variants/yelpchi/r60_s1/camouflage_feature_oracle/0.15/seed_0/graph.bin,/kaggle/working/gfd-robustness-v4-factorial-r1/graphs/variants/yelpchi/r60_s1/camouflage_feature_oracle/0.15/seed_0/graph.bin,ok,
gfd_robustness_benchmark_v4_factorial,yelpchi,r60_s1,0,0,camouflage_feature_oracle,0.15,sage,train_clean_eval_all,0.7454727764430406,0.3971561961575084,0.6478065141914371,0.6908925771713257,0.1167869300006714,100,100,0.8115424465439842,roc_auc,max_epochs,45954,8051348,175.2045135498047,175.0,175.2045135498047,175.0,0.2268800139427185,0.1452974677085876,/kaggle/working/gfd-robustness-v4-factorial-r1/graphs/base/yelpchi/r60_s1/graph.bin,/kaggle/working/gfd-robustness-v4-factorial-r1/graphs/variants/yelpchi/r60_s1/camouflage_feature_oracle/0.15/seed_0/graph.bin,/kaggle/working/gfd-robustness-v4-factorial-r1/graphs/base/yelpchi/r60_s1/graph.bin,ok,
gfd_robustness_benchmark_v4_factorial,yelpchi,r60_s1,0,0,camouflage_feature_oracle,0.15,sage,train_on_variant,0.7322147647170019,0.3763585588442493,0.6310075055307515,0.6386451721191406,3.048486364001292,100,100,0.7591380761317609,roc_auc,max_epochs,45954,8051348,175.2045135498047,175.0,175.2045135498047,175.0,0.2268800139427185,0.1452974677085876,/kaggle/working/gfd-robustness-v4-factorial-r1/graphs/base/yelpchi/r60_s1/graph.bin,/kaggle/working/gfd-robustness-v4-factorial-r1/graphs/variants/yelpchi/r60_s1/camouflage_feature_oracle/0.15/seed_0/graph.bin,/kaggle/working/gfd-robustness-v4-factorial-r1/graphs/variants/yelpchi/r60_s1/camouflage_feature_oracle/0.15/seed_0/graph.bin,ok,
gfd_robustness_benchmark_v4_factorial,yelpchi,r60_s1,0,0,camouflage_feature_oracle,0.15,secgfd,train_clean_eval_all,0.7519066055770333,0.420314991433743,0.6571265564593827,0.6614007353782654,0.1613176530008786,50,50,0.8176709412406993,roc_auc,max_epochs,45954,8051348,175.2045135498047,175.0,175.2045135498047,175.0,0.2268800139427185,0.1452974677085876,/kaggle/working/gfd-robustness-v4-factorial-r1/graphs/base/yelpchi/r60_s1/graph.bin,/kaggle/working/gfd-robustness-v4-factorial-r1/graphs/variants/yelpchi/r60_s1/camouflage_feature_oracle/0.15/seed_0/graph.bin,/kaggle/working/gfd-robustness-v4-factorial-r1/graphs/base/yelpchi/r60_s1/graph.bin,ok,
gfd_robustness_benchmark_v4_factorial,yelpchi,r60_s1,0,0,camouflage_feature_oracle,0.15,secgfd,train_on_variant,0.7571658490554533,0.4256108110165135,0.6607951627617977,0.7049040198326111,4.720061064999754,50,50,0.7853531589650429,roc_auc,max_epochs,45954,8051348,175.2045135498047,175.0,175.2045135498047,175.0,0.2268800139427185,0.1452974677085876,/kaggle/working/gfd-robustness-v4-factorial-r1/graphs/base/yelpchi/r60_s1/graph.bin,/kaggle/working/gfd-robustness-v4-factorial-r1/graphs/variants/yelpchi/r60_s1/camouflage_feature_oracle/0.15/seed_0/graph.bin,/kaggle/working/gfd-robustness-v4-factorial-r1/graphs/variants/yelpchi/r60_s1/camouflage_feature_oracle/0.15/seed_0/graph.bin,ok,
gfd_robustness_benchmark_v4_factorial,yelpchi,r60_s1,0,1,camouflage_feature_oracle,0.15,mlp,train_clean_eval_all,0.7394602184378697,0.3822327385143494,0.6370627576151099,0.6898988485336304,0.0881350339986966,100,100,0.8046757116939282,roc_auc,max_epochs,45954,8051348,175.2045135498047,175.0,175.2045135498047,175.0,0.2268800139427185,0.1452974677085876,/kaggle/working/gfd-robustness-v4-factorial-r1/graphs/base/yelpchi/r60_s1/graph.bin,/kaggle/working/gfd-robustness-v4-factorial-r1/graphs/variants/yelpchi/r60_s1/camouflage_feature_oracle/0.15/seed_0/graph.bin,/kaggle/working/gfd-robustness-v4-factorial-r1/graphs/base/yelpchi/r60_s1/graph.bin,ok,
gfd_robustness_benchmark_v4_factorial,yelpchi,r60_s1,0,1,camouflage_feature_oracle,0.15,mlp,train_on_variant,0.7365914968687879,0.3818759980000775,0.6300533302642366,0.6938686370849609,1.9287776409983053,100,100,0.7642421034814058,roc_auc,max_epochs,45954,8051348,175.2045135498047,175.0,175.2045135498047,175.0,0.2268800139427185,0.1452974677085876,/kaggle/working/gfd-robustness-v4-factorial-r1/graphs/base/yelpchi/r60_s1/graph.bin,/kaggle/working/gfd-robustness-v4-factorial-r1/graphs/variants/yelpchi/r60_s1/camouflage_feature_oracle/0.15/seed_0/graph.bin,/kaggle/working/gfd-robustness-v4-factorial-r1/graphs/variants/yelpchi/r60_s1/camouflage_feature_oracle/0.15/seed_0/graph.bin,ok,
gfd_robustness_benchmark_v4_factorial,yelpchi,r60_s1,0,1,camouflage_feature_oracle,0.15,pmp,train_clean_eval_all,0.7895113540739296,0.4867010251126927,0.689550519201062,0.3602780103683471,0.3077471509968745,51,41,0.8613966151476791,roc_auc,early_stopping,45954,8051348,175.2045135498047,175.0,175.2045135498047,175.0,0.2268800139427185,0.1452974677085876,/kaggle/working/gfd-robustness-v4-factorial-r1/graphs/base/yelpchi/r60_s1/graph.bin,/kaggle/working/gfd-robustness-v4-factorial-r1/graphs/variants/yelpchi/r60_s1/camouflage_feature_oracle/0.15/seed_0/graph.bin,/kaggle/working/gfd-robustness-v4-factorial-r1/graphs/base/yelpchi/r60_s1/graph.bin,ok,
gfd_robustness_benchmark_v4_factorial,yelpchi,r60_s1,0,1,camouflage_feature_oracle,0.15,pmp,train_on_variant,0.7900344772522165,0.4809777924858222,0.6795649219752977,0.3396256566047668,42.0108758690003,51,41,0.8225386630810786,roc_auc,early_stopping,45954,8051348,175.2045135498047,175.0,175.2045135498047,175.0,0.2268800139427185,0.1452974677085876,/kaggle/working/gfd-robustness-v4-factorial-r1/graphs/base/yelpchi/r60_s1/graph.bin,/kaggle/working/gfd-robustness-v4-factorial-r1/graphs/variants/yelpchi/r60_s1/camouflage_feature_oracle/0.15/seed_0/graph.bin,/kaggle/working/gfd-robustness-v4-factorial-r1/graphs/variants/yelpchi/r60_s1/camouflage_feature_oracle/0.15/seed_0/graph.bin,ok,
gfd_robustness_benchmark_v4_factorial,yelpchi,r60_s1,0,1,camouflage_feature_oracle,0.15,sage,train_clean_eval_all,0.5969203713245607,0.1876046718117742,0.5370913649995644,0.2996191680431366,0.1163686620020598,23,13,0.6071633087539366,roc_auc,early_stopping,45954,8051348,175.2045135498047,175.0,175.2045135498047,175.0,0.2268800139427185,0.1452974677085876,/kaggle/working/gfd-robustness-v4-factorial-r1/graphs/base/yelpchi/r60_s1/graph.bin,/kaggle/working/gfd-robustness-v4-factorial-r1/graphs/variants/yelpchi/r60_s1/camouflage_feature_oracle/0.15/seed_0/graph.bin,/kaggle/working/gfd-robustness-v4-factorial-r1/graphs/base/yelpchi/r60_s1/graph.bin,ok,
gfd_robustness_benchmark_v4_factorial,yelpchi,r60_s1,0,1,camouflage_feature_oracle,0.15,sage,train_on_variant,0.5890913406130712,0.1826762315896458,0.5299547840561779,0.301019549369812,0.9538584889996856,23,13,0.5811224988497034,roc_auc,early_stopping,45954,8051348,175.2045135498047,175.0,175.2045135498047,175.0,0.2268800139427185,0.1452974677085876,/kaggle/working/gfd-robustness-v4-factorial-r1/graphs/base/yelpchi/r60_s1/graph.bin,/kaggle/working/gfd-robustness-v4-factorial-r1/graphs/variants/yelpchi/r60_s1/camouflage_feature_oracle/0.15/seed_0/graph.bin,/kaggle/working/gfd-robustness-v4-factorial-r1/graphs/variants/yelpchi/r60_s1/camouflage_feature_oracle/0.15/seed_0/graph.bin,ok,
gfd_robustness_benchmark_v4_factorial,yelpchi,r60_s1,0,1,camouflage_feature_oracle,0.15,secgfd,train_clean_eval_all,0.7422938777485761,0.385421545489058,0.6412365238820297,0.7126186490058899,0.1584618250017229,50,50,0.8104918501777297,roc_auc,max_epochs,45954,8051348,175.2045135498047,175.0,175.2045135498047,175.0,0.2268800139427185,0.1452974677085876,/kaggle/working/gfd-robustness-v4-factorial-r1/graphs/base/yelpchi/r60_s1/graph.bin,/kaggle/working/gfd-robustness-v4-factorial-r1/graphs/variants/yelpchi/r60_s1/camouflage_feature_oracle/0.15/seed_0/graph.bin,/kaggle/working/gfd-robustness-v4-factorial-r1/graphs/base/yelpchi/r60_s1/graph.bin,ok,
gfd_robustness_benchmark_v4_factorial,yelpchi,r60_s1,0,1,camouflage_feature_oracle,0.15,secgfd,train_on_variant,0.73395296664817,0.3820337790734293,0.6344987804726291,0.6684905290603638,4.740932305001479,50,50,0.7655758754771049,roc_auc,max_epochs,45954,8051348,175.2045135498047,175.0,175.2045135498047,175.0,0.2268800139427185,0.1452974677085876,/kaggle/working/gfd-robustness-v4-factorial-r1/graphs/base/yelpchi/r60_s1/graph.bin,/kaggle/working/gfd-robustness-v4-factorial-r1/graphs/variants/yelpchi/r60_s1/camouflage_feature_oracle/0.15/seed_0/graph.bin,/kaggle/working/gfd-robustness-v4-factorial-r1/graphs/variants/yelpchi/r60_s1/camouflage_feature_oracle/0.15/seed_0/graph.bin,ok,
gfd_robustness_benchmark_v4_factorial,yelpchi,r60_s1,0,2,camouflage_feature_oracle,0.15,mlp,train_clean_eval_all,0.74165966056685,0.3851380823385201,0.6400948256017602,0.6982053518295288,0.10903565800254,100,100,0.8050527229251151,roc_auc,max_epochs,45954,8051348,175.2045135498047,175.0,175.2045135498047,175.0,0.2268800139427185,0.1452974677085876,/kaggle/working/gfd-robustness-v4-factorial-r1/graphs/base/yelpchi/r60_s1/graph.bin,/kaggle/working/gfd-robustness-v4-factorial-r1/graphs/variants/yelpchi/r60_s1/camouflage_feature_oracle/0.15/seed_0/graph.bin,/kaggle/working/gfd-robustness-v4-factorial-r1/graphs/base/yelpchi/r60_s1/graph.bin,ok,
gfd_robustness_benchmark_v4_factorial,yelpchi,r60_s1,0,2,camouflage_feature_oracle,0.15,mlp,train_on_variant,0.7369826601887874,0.381268078576874,0.6328929858587131,0.6911535263061523,1.878116294999927,100,100,0.7629117168148344,roc_auc,max_epochs,45954,8051348,175.2045135498047,175.0,175.2045135498047,175.0,0.2268800139427185,0.1452974677085876,/kaggle/working/gfd-robustness-v4-factorial-r1/graphs/base/yelpchi/r60_s1/graph.bin,/kaggle/working/gfd-robustness-v4-factorial-r1/graphs/variants/yelpchi/r60_s1/camouflage_feature_oracle/0.15/seed_0/graph.bin,/kaggle/working/gfd-robustness-v4-factorial-r1/graphs/variants/yelpchi/r60_s1/camouflage_feature_oracle/0.15/seed_0/graph.bin,ok,
gfd_robustness_benchmark_v4_factorial,yelpchi,r60_s1,0,2,camouflage_feature_oracle,0.15,pmp,train_clean_eval_all,0.7948888850354281,0.4919788188875398,0.69028398112055,0.3910762369632721,0.2737927859998308,61,51,0.8651209063145925,roc_auc,early_stopping,45954,8051348,175.2045135498047,175.0,175.2045135498047,175.0,0.2268800139427185,0.1452974677085876,/kaggle/working/gfd-robustness-v4-factorial-r1/graphs/base/yelpchi/r60_s1/graph.bin,/kaggle/working/gfd-robustness-v4-factorial-r1/graphs/variants/yelpchi/r60_s1/camouflage_feature_oracle/0.15/seed_0/graph.bin,/kaggle/working/gfd-robustness-v4-factorial-r1/graphs/base/yelpchi/r60_s1/graph.bin,ok,
gfd_robustness_benchmark_v4_factorial,yelpchi,r60_s1,0,2,camouflage_feature_oracle,0.15,pmp,train_on_variant,0.7985504614498091,0.4866477210899282,0.6832196806931042,0.3555329740047455,66.26621131600041,81,71,0.8268459937490613,roc_auc,early_stopping,45954,8051348,175.2045135498047,175.0,175.2045135498047,175.0,0.2268800139427185,0.1452974677085876,/kaggle/working/gfd-robustness-v4-factorial-r1/graphs/base/yelpchi/r60_s1/graph.bin,/kaggle/working/gfd-robustness-v4-factorial-r1/graphs/variants/yelpchi/r60_s1/camouflage_feature_oracle/0.15/seed_0/graph.bin,/kaggle/working/gfd-robustness-v4-factorial-r1/graphs/variants/yelpchi/r60_s1/camouflage_feature_oracle/0.15/seed_0/graph.bin,ok,
gfd_robustness_benchmark_v4_factorial,yelpchi,r60_s1,0,2,camouflage_feature_oracle,0.15,sage,train_clean_eval_all,0.7292476211019915,0.371071294931052,0.6250295309135527,0.6638100147247314,0.1345917090002331,100,100,0.794380449009076,roc_auc,max_epochs,45954,8051348,175.2045135498047,175.0,175.2045135498047,175.0,0.2268800139427185,0.1452974677085876,/kaggle/working/gfd-robustness-v4-factorial-r1/graphs/base/yelpchi/r60_s1/graph.bin,/kaggle/working/gfd-robustness-v4-factorial-r1/graphs/variants/yelpchi/r60_s1/camouflage_feature_oracle/0.15/seed_0/graph.bin,/kaggle/working/gfd-robustness-v4-factorial-r1/graphs/base/yelpchi/r60_s1/graph.bin,ok,
gfd_robustness_benchmark_v4_factorial,yelpchi,r60_s1,0,2,camouflage_feature_oracle,0.15,sage,train_on_variant,0.7316119892343622,0.3753205997601435,0.6289269821438674,0.6585137844085693,3.026055798000016,100,98,0.7615445206540837,roc_auc,max_epochs,45954,8051348,175.2045135498047,175.0,175.2045135498047,175.0,0.2268800139427185,0.1452974677085876,/kaggle/working/gfd-robustness-v4-factorial-r1/graphs/base/yelpchi/r60_s1/graph.bin,/kaggle/working/gfd-robustness-v4-factorial-r1/graphs/variants/yelpchi/r60_s1/camouflage_feature_oracle/0.15/seed_0/graph.bin,/kaggle/working/gfd-robustness-v4-factorial-r1/graphs/variants/yelpchi/r60_s1/camouflage_feature_oracle/0.15/seed_0/graph.bin,ok,
gfd_robustness_benchmark_v4_factorial,yelpchi,r60_s1,0,2,camouflage_feature_oracle,0.15,secgfd,train_clean_eval_all,0.7517637364019415,0.4274137367212768,0.6568529255847071,0.7434759140014648,0.1813990740010922,50,50,0.8145421342354521,roc_auc,max_epochs,45954,8051348,175.2045135498047,175.0,175.2045135498047,175.0,0.2268800139427185,0.1452974677085876,/kaggle/working/gfd-robustness-v4-factorial-r1/graphs/base/yelpchi/r60_s1/graph.bin,/kaggle/working/gfd-robustness-v4-factorial-r1/graphs/variants/yelpchi/r60_s1/camouflage_feature_oracle/0.15/seed_0/graph.bin,/kaggle/working/gfd-robustness-v4-factorial-r1/graphs/base/yelpchi/r60_s1/graph.bin,ok,
gfd_robustness_benchmark_v4_factorial,yelpchi,r60_s1,0,2,camouflage_feature_oracle,0.15,secgfd,train_on_variant,0.753709644102833,0.4302555544803904,0.6597597067518344,0.69146728515625,4.736432943998807,50,50,0.777626645877885,roc_auc,max_epochs,45954,8051348,175.2045135498047,175.0,175.2045135498047,175.0,0.2268800139427185,0.1452974677085876,/kaggle/working/gfd-robustness-v4-factorial-r1/graphs/base/yelpchi/r60_s1/graph.bin,/kaggle/working/gfd-robustness-v4-factorial-r1/graphs/variants/yelpchi/r60_s1/camouflage_feature_oracle/0.15/seed_0/graph.bin,/kaggle/working/gfd-robustness-v4-factorial-r1/graphs/variants/yelpchi/r60_s1/camouflage_feature_oracle/0.15/seed_0/graph.bin,ok,
gfd_robustness_benchmark_v4_factorial,yelpchi,r60_s1,0,3,camouflage_feature_oracle,0.15,mlp,train_clean_eval_all,0.7378395417667719,0.3756003155080554,0.6330455252944991,0.6969894766807556,0.1019492070008709,100,100,0.8041077869722045,roc_auc,max_epochs,45954,8051348,175.2045135498047,175.0,175.2045135498047,175.0,0.2268800139427185,0.1452974677085876,/kaggle/working/gfd-robustness-v4-factorial-r1/graphs/base/yelpchi/r60_s1/graph.bin,/kaggle/working/gfd-robustness-v4-factorial-r1/graphs/variants/yelpchi/r60_s1/camouflage_feature_oracle/0.15/seed_0/graph.bin,/kaggle/working/gfd-robustness-v4-factorial-r1/graphs/base/yelpchi/r60_s1/graph.bin,ok,
gfd_robustness_benchmark_v4_factorial,yelpchi,r60_s1,0,3,camouflage_feature_oracle,0.15,mlp,train_on_variant,0.7340832115046892,0.3740456121787706,0.6313735037358446,0.6774409413337708,1.8557447870007309,100,100,0.7628746212365034,roc_auc,max_epochs,45954,8051348,175.2045135498047,175.0,175.2045135498047,175.0,0.2268800139427185,0.1452974677085876,/kaggle/working/gfd-robustness-v4-factorial-r1/graphs/base/yelpchi/r60_s1/graph.bin,/kaggle/working/gfd-robustness-v4-factorial-r1/graphs/variants/yelpchi/r60_s1/camouflage_feature_oracle/0.15/seed_0/graph.bin,/kaggle/working/gfd-robustness-v4-factorial-r1/graphs/variants/yelpchi/r60_s1/camouflage_feature_oracle/0.15/seed_0/graph.bin,ok,
gfd_robustness_benchmark_v4_factorial,yelpchi,r60_s1,0,3,camouflage_feature_oracle,0.15,pmp,train_clean_eval_all,0.7947102866568289,0.4968280498822937,0.6833502516778523,0.3360407650470733,0.2975904209997679,64,54,0.863328636785177,roc_auc,early_stopping,45954,8051348,175.2045135498047,175.0,175.2045135498047,175.0,0.2268800139427185,0.1452974677085876,/kaggle/working/gfd-robustness-v4-factorial-r1/graphs/base/yelpchi/r60_s1/graph.bin,/kaggle/working/gfd-robustness-v4-factorial-r1/graphs/variants/yelpchi/r60_s1/camouflage_feature_oracle/0.15/seed_0/graph.bin,/kaggle/working/gfd-robustness-v4-factorial-r1/graphs/base/yelpchi/r60_s1/graph.bin,ok,
gfd_robustness_benchmark_v4_factorial,yelpchi,r60_s1,0,3,camouflage_feature_oracle,0.15,pmp,train_on_variant,0.8043809434339061,0.5194933505309866,0.7003499001535016,0.2920266389846802,76.24379241499992,93,83,0.833411100541891,roc_auc,early_stopping,45954,8051348,175.2045135498047,175.0,175.2045135498047,175.0,0.2268800139427185,0.1452974677085876,/kaggle/working/gfd-robustness-v4-factorial-r1/graphs/base/yelpchi/r60_s1/graph.bin,/kaggle/working/gfd-robustness-v4-factorial-r1/graphs/variants/yelpchi/r60_s1/camouflage_feature_oracle/0.15/seed_0/graph.bin,/kaggle/working/gfd-robustness-v4-factorial-r1/graphs/variants/yelpchi/r60_s1/camouflage_feature_oracle/0.15/seed_0/graph.bin,ok,
gfd_robustness_benchmark_v4_factorial,yelpchi,r60_s1,0,3,camouflage_feature_oracle,0.15,sage,train_clean_eval_all,0.7289354907801505,0.3732545677882777,0.6281788934042631,0.6734314560890198,0.1395202560015604,100,100,0.7957354389126895,roc_auc,max_epochs,45954,8051348,175.2045135498047,175.0,175.2045135498047,175.0,0.2268800139427185,0.1452974677085876,/kaggle/working/gfd-robustness-v4-factorial-r1/graphs/base/yelpchi/r60_s1/graph.bin,/kaggle/working/gfd-robustness-v4-factorial-r1/graphs/variants/yelpchi/r60_s1/camouflage_feature_oracle/0.15/seed_0/graph.bin,/kaggle/working/gfd-robustness-v4-factorial-r1/graphs/base/yelpchi/r60_s1/graph.bin,ok,
gfd_robustness_benchmark_v4_factorial,yelpchi,r60_s1,0,3,camouflage_feature_oracle,0.15,sage,train_on_variant,0.7281233421649572,0.3760585664305287,0.6281569916354188,0.6487513780593872,3.151984830001311,100,100,0.7575811584977721,roc_auc,max_epochs,45954,8051348,175.2045135498047,175.0,175.2045135498047,175.0,0.2268800139427185,0.1452974677085876,/kaggle/working/gfd-robustness-v4-factorial-r1/graphs/base/yelpchi/r60_s1/graph.bin,/kaggle/working/gfd-robustness-v4-factorial-r1/graphs/variants/yelpchi/r60_s1/camouflage_feature_oracle/0.15/seed_0/graph.bin,/kaggle/working/gfd-robustness-v4-factorial-r1/graphs/variants/yelpchi/r60_s1/camouflage_feature_oracle/0.15/seed_0/graph.bin,ok,
gfd_robustness_benchmark_v4_factorial,yelpchi,r60_s1,0,3,camouflage_feature_oracle,0.15,secgfd,train_clean_eval_all,0.7384904802157396,0.3824782369491966,0.637343510912733,0.7394757270812988,0.1963077879991033,50,44,0.80207887816868,roc_auc,max_epochs,45954,8051348,175.2045135498047,175.0,175.2045135498047,175.0,0.2268800139427185,0.1452974677085876,/kaggle/working/gfd-robustness-v4-factorial-r1/graphs/base/yelpchi/r60_s1/graph.bin,/kaggle/working/gfd-robustness-v4-factorial-r1/graphs/variants/yelpchi/r60_s1/camouflage_feature_oracle/0.15/seed_0/graph.bin,/kaggle/working/gfd-robustness-v4-factorial-r1/graphs/base/yelpchi/r60_s1/graph.bin,ok,
gfd_robustness_benchmark_v4_factorial,yelpchi,r60_s1,0,3,camouflage_feature_oracle,0.15,secgfd,train_on_variant,0.7393590809724746,0.3981849885048819,0.6399547913801662,0.6702421307563782,4.679646223998134,50,50,0.7667140135937652,roc_auc,max_epochs,45954,8051348,175.2045135498047,175.0,175.2045135498047,175.0,0.2268800139427185,0.1452974677085876,/kaggle/working/gfd-robustness-v4-factorial-r1/graphs/base/yelpchi/r60_s1/graph.bin,/kaggle/working/gfd-robustness-v4-factorial-r1/graphs/variants/yelpchi/r60_s1/camouflage_feature_oracle/0.15/seed_0/graph.bin,/kaggle/working/gfd-robustness-v4-factorial-r1/graphs/variants/yelpchi/r60_s1/camouflage_feature_oracle/0.15/seed_0/graph.bin,ok,
gfd_robustness_benchmark_v4_factorial,yelpchi,r60_s1,0,4,camouflage_feature_oracle,0.15,mlp,train_clean_eval_all,0.7374687679122407,0.3795459131534453,0.6328623606220161,0.6775984764099121,0.0664905810008349,100,100,0.8035062473626617,roc_auc,max_epochs,45954,8051348,175.2045135498047,175.0,175.2045135498047,175.0,0.2268800139427185,0.1452974677085876,/kaggle/working/gfd-robustness-v4-factorial-r1/graphs/base/yelpchi/r60_s1/graph.bin,/kaggle/working/gfd-robustness-v4-factorial-r1/graphs/variants/yelpchi/r60_s1/camouflage_feature_oracle/0.15/seed_0/graph.bin,/kaggle/working/gfd-robustness-v4-factorial-r1/graphs/base/yelpchi/r60_s1/graph.bin,ok,
gfd_robustness_benchmark_v4_factorial,yelpchi,r60_s1,0,4,camouflage_feature_oracle,0.15,mlp,train_on_variant,0.7350719576630852,0.3785737442459401,0.6305729875664251,0.6661882400512695,1.927401053999347,100,100,0.7627217569381367,roc_auc,max_epochs,45954,8051348,175.2045135498047,175.0,175.2045135498047,175.0,0.2268800139427185,0.1452974677085876,/kaggle/working/gfd-robustness-v4-factorial-r1/graphs/base/yelpchi/r60_s1/graph.bin,/kaggle/working/gfd-robustness-v4-factorial-r1/graphs/variants/yelpchi/r60_s1/camouflage_feature_oracle/0.15/seed_0/graph.bin,/kaggle/working/gfd-robustness-v4-factorial-r1/graphs/variants/yelpchi/r60_s1/camouflage_feature_oracle/0.15/seed_0/graph.bin,ok,
gfd_robustness_benchmark_v4_factorial,yelpchi,r60_s1,0,4,camouflage_feature_oracle,0.15,pmp,train_clean_eval_all,0.8053287677445516,0.50984124267481,0.6891485025391282,0.5032673478126526,0.2641695979982614,97,87,0.8691705705233195,roc_auc,early_stopping,45954,8051348,175.2045135498047,175.0,175.2045135498047,175.0,0.2268800139427185,0.1452974677085876,/kaggle/working/gfd-robustness-v4-factorial-r1/graphs/base/yelpchi/r60_s1/graph.bin,/kaggle/working/gfd-robustness-v4-factorial-r1/graphs/variants/yelpchi/r60_s1/camouflage_feature_oracle/0.15/seed_0/graph.bin,/kaggle/working/gfd-robustness-v4-factorial-r1/graphs/base/yelpchi/r60_s1/graph.bin,ok,
gfd_robustness_benchmark_v4_factorial,yelpchi,r60_s1,0,4,camouflage_feature_oracle,0.15,pmp,train_on_variant,0.803468419576326,0.5140504567917784,0.6944962289052448,0.2923581004142761,82.64215167899965,100,99,0.8305286119912172,roc_auc,max_epochs,45954,8051348,175.2045135498047,175.0,175.2045135498047,175.0,0.2268800139427185,0.1452974677085876,/kaggle/working/gfd-robustness-v4-factorial-r1/graphs/base/yelpchi/r60_s1/graph.bin,/kaggle/working/gfd-robustness-v4-factorial-r1/graphs/variants/yelpchi/r60_s1/camouflage_feature_oracle/0.15/seed_0/graph.bin,/kaggle/working/gfd-robustness-v4-factorial-r1/graphs/variants/yelpchi/r60_s1/camouflage_feature_oracle/0.15/seed_0/graph.bin,ok,
gfd_robustness_benchmark_v4_factorial,yelpchi,r60_s1,0,4,camouflage_feature_oracle,0.15,sage,train_clean_eval_all,0.7345822293803432,0.3793478750669513,0.6303616165549057,0.6741504073143005,0.1171684569999342,100,100,0.8005188136090231,roc_auc,max_epochs,45954,8051348,175.2045135498047,175.0,175.2045135498047,175.0,0.2268800139427185,0.1452974677085876,/kaggle/working/gfd-robustness-v4-factorial-r1/graphs/base/yelpchi/r60_s1/graph.bin,/kaggle/working/gfd-robustness-v4-factorial-r1/graphs/variants/yelpchi/r60_s1/camouflage_feature_oracle/0.15/seed_0/graph.bin,/kaggle/working/gfd-robustness-v4-factorial-r1/graphs/base/yelpchi/r60_s1/graph.bin,ok,
gfd_robustness_benchmark_v4_factorial,yelpchi,r60_s1,0,4,camouflage_feature_oracle,0.15,sage,train_on_variant,0.7322026644267473,0.3719213439013115,0.6292090224484189,0.6494588255882263,3.296954826997535,100,98,0.760763940046298,roc_auc,max_epochs,45954,8051348,175.2045135498047,175.0,175.2045135498047,175.0,0.2268800139427185,0.1452974677085876,/kaggle/working/gfd-robustness-v4-factorial-r1/graphs/base/yelpchi/r60_s1/graph.bin,/kaggle/working/gfd-robustness-v4-factorial-r1/graphs/variants/yelpchi/r60_s1/camouflage_feature_oracle/0.15/seed_0/graph.bin,/kaggle/working/gfd-robustness-v4-factorial-r1/graphs/variants/yelpchi/r60_s1/camouflage_feature_oracle/0.15/seed_0/graph.bin,ok,
gfd_robustness_benchmark_v4_factorial,yelpchi,r60_s1,0,4,camouflage_feature_oracle,0.15,secgfd,train_clean_eval_all,0.7408399373605132,0.3879341316424265,0.6414058534465217,0.7461267709732056,0.1632568439999886,50,50,0.8075951527808571,roc_auc,max_epochs,45954,8051348,175.2045135498047,175.0,175.2045135498047,175.0,0.2268800139427185,0.1452974677085876,/kaggle/working/gfd-robustness-v4-factorial-r1/graphs/base/yelpchi/r60_s1/graph.bin,/kaggle/working/gfd-robustness-v4-factorial-r1/graphs/variants/yelpchi/r60_s1/camouflage_feature_oracle/0.15/seed_0/graph.bin,/kaggle/working/gfd-robustness-v4-factorial-r1/graphs/base/yelpchi/r60_s1/graph.bin,ok,
gfd_robustness_benchmark_v4_factorial,yelpchi,r60_s1,0,4,camouflage_feature_oracle,0.15,secgfd,train_on_variant,0.7248801785431175,0.3751944586133039,0.6280065847338437,0.6670295000076294,4.761115031997178,50,49,0.7546951892565865,roc_auc,max_epochs,45954,8051348,175.2045135498047,175.0,175.2045135498047,175.0,0.2268800139427185,0.1452974677085876,/kaggle/working/gfd-robustness-v4-factorial-r1/graphs/base/yelpchi/r60_s1/graph.bin,/kaggle/working/gfd-robustness-v4-factorial-r1/graphs/variants/yelpchi/r60_s1/camouflage_feature_oracle/0.15/seed_0/graph.bin,/kaggle/working/gfd-robustness-v4-factorial-r1/graphs/variants/yelpchi/r60_s1/camouflage_feature_oracle/0.15/seed_0/graph.bin,ok,
gfd_robustness_benchmark_v4_factorial,yelpchi,r60_s1,1,0,camouflage_feature_oracle,0.15,mlp,train_clean_eval_all,0.6983803999689013,0.294414113066858,0.5952052596804872,0.4993019104003906,0.0685655410015897,16,6,0.7522698631802545,roc_auc,early_stopping,45954,8051348,175.2045135498047,175.0,175.2045135498047,175.0,0.2268800139427185,0.1452974677085876,/kaggle/working/gfd-robustness-v4-factorial-r1/graphs/base/yelpchi/r60_s1/graph.bin,/kaggle/working/gfd-robustness-v4-factorial-r1/graphs/variants/yelpchi/r60_s1/camouflage_feature_oracle/0.15/seed_1/graph.bin,/kaggle/working/gfd-robustness-v4-factorial-r1/graphs/base/yelpchi/r60_s1/graph.bin,ok,
gfd_robustness_benchmark_v4_factorial,yelpchi,r60_s1,1,0,camouflage_feature_oracle,0.15,mlp,train_on_variant,0.6985777680890765,0.2954684864073891,0.5971560598013115,0.5079024434089661,0.3979874510005174,17,7,0.7044042178340092,roc_auc,early_stopping,45954,8051348,175.2045135498047,175.0,175.2045135498047,175.0,0.2268800139427185,0.1452974677085876,/kaggle/working/gfd-robustness-v4-factorial-r1/graphs/base/yelpchi/r60_s1/graph.bin,/kaggle/working/gfd-robustness-v4-factorial-r1/graphs/variants/yelpchi/r60_s1/camouflage_feature_oracle/0.15/seed_1/graph.bin,/kaggle/working/gfd-robustness-v4-factorial-r1/graphs/variants/yelpchi/r60_s1/camouflage_feature_oracle/0.15/seed_1/graph.bin,ok,
gfd_robustness_benchmark_v4_factorial,yelpchi,r60_s1,1,0,camouflage_feature_oracle,0.15,pmp,train_clean_eval_all,0.7938359215885947,0.4802926515519393,0.6767917291665687,0.4558625817298889,0.283675086000585,43,33,0.8640671153419779,roc_auc,early_stopping,45954,8051348,175.2045135498047,175.0,175.2045135498047,175.0,0.2268800139427185,0.1452974677085876,/kaggle/working/gfd-robustness-v4-factorial-r1/graphs/base/yelpchi/r60_s1/graph.bin,/kaggle/working/gfd-robustness-v4-factorial-r1/graphs/variants/yelpchi/r60_s1/camouflage_feature_oracle/0.15/seed_1/graph.bin,/kaggle/working/gfd-robustness-v4-factorial-r1/graphs/base/yelpchi/r60_s1/graph.bin,ok,
gfd_robustness_benchmark_v4_factorial,yelpchi,r60_s1,1,0,camouflage_feature_oracle,0.15,pmp,train_on_variant,0.7934113633730502,0.4801211391257928,0.6854453306850871,0.4045350849628448,35.01706841199848,43,33,0.8020822158171159,roc_auc,early_stopping,45954,8051348,175.2045135498047,175.0,175.2045135498047,175.0,0.2268800139427185,0.1452974677085876,/kaggle/working/gfd-robustness-v4-factorial-r1/graphs/base/yelpchi/r60_s1/graph.bin,/kaggle/working/gfd-robustness-v4-factorial-r1/graphs/variants/yelpchi/r60_s1/camouflage_feature_oracle/0.15/seed_1/graph.bin,/kaggle/working/gfd-robustness-v4-factorial-r1/graphs/variants/yelpchi/r60_s1/camouflage_feature_oracle/0.15/seed_1/graph.bin,ok,
gfd_robustness_benchmark_v4_factorial,yelpchi,r60_s1,1,0,camouflage_feature_oracle,0.15,sage,train_clean_eval_all,0.7504520458827763,0.3964488310429356,0.6469091267684237,0.6908925771713257,0.118446339998627,100,100,0.8115424465439842,roc_auc,max_epochs,45954,8051348,175.2045135498047,175.0,175.2045135498047,175.0,0.2268800139427185,0.1452974677085876,/kaggle/working/gfd-robustness-v4-factorial-r1/graphs/base/yelpchi/r60_s1/graph.bin,/kaggle/working/gfd-robustness-v4-factorial-r1/graphs/variants/yelpchi/r60_s1/camouflage_feature_oracle/0.15/seed_1/graph.bin,/kaggle/working/gfd-robustness-v4-factorial-r1/graphs/base/yelpchi/r60_s1/graph.bin,ok,
gfd_robustness_benchmark_v4_factorial,yelpchi,r60_s1,1,0,camouflage_feature_oracle,0.15,sage,train_on_variant,0.7350994929692549,0.3705138899850101,0.6306806006560404,0.6507989168167114,3.1049568749986065,100,100,0.7407296576287915,roc_auc,max_epochs,45954,8051348,175.2045135498047,175.0,175.2045135498047,175.0,0.2268800139427185,0.1452974677085876,/kaggle/working/gfd-robustness-v4-factorial-r1/graphs/base/yelpchi/r60_s1/graph.bin,/kaggle/working/gfd-robustness-v4-factorial-r1/graphs/variants/yelpchi/r60_s1/camouflage_feature_oracle/0.15/seed_1/graph.bin,/kaggle/working/gfd-robustness-v4-factorial-r1/graphs/variants/yelpchi/r60_s1/camouflage_feature_oracle/0.15/seed_1/graph.bin,ok,
gfd_robustness_benchmark_v4_factorial,yelpchi,r60_s1,1,0,camouflage_feature_oracle,0.15,secgfd,train_clean_eval_all,0.760633916103638,0.4216165636821112,0.6553845754648764,0.6614007353782654,0.1638432450017717,50,50,0.8176709412406993,roc_auc,max_epochs,45954,8051348,175.2045135498047,175.0,175.2045135498047,175.0,0.2268800139427185,0.1452974677085876,/kaggle/working/gfd-robustness-v4-factorial-r1/graphs/base/yelpchi/r60_s1/graph.bin,/kaggle/working/gfd-robustness-v4-factorial-r1/graphs/variants/yelpchi/r60_s1/camouflage_feature_oracle/0.15/seed_1/graph.bin,/kaggle/working/gfd-robustness-v4-factorial-r1/graphs/base/yelpchi/r60_s1/graph.bin,ok,
gfd_robustness_benchmark_v4_factorial,yelpchi,r60_s1,1,0,camouflage_feature_oracle,0.15,secgfd,train_on_variant,0.7891742133096333,0.4668227836833233,0.6766071515161018,0.7718936800956726,4.711946643001284,50,50,0.7905032458631039,roc_auc,max_epochs,45954,8051348,175.2045135498047,175.0,175.2045135498047,175.0,0.2268800139427185,0.1452974677085876,/kaggle/working/gfd-robustness-v4-factorial-r1/graphs/base/yelpchi/r60_s1/graph.bin,/kaggle/working/gfd-robustness-v4-factorial-r1/graphs/variants/yelpchi/r60_s1/camouflage_feature_oracle/0.15/seed_1/graph.bin,/kaggle/working/gfd-robustness-v4-factorial-r1/graphs/variants/yelpchi/r60_s1/camouflage_feature_oracle/0.15/seed_1/graph.bin,ok,
gfd_robustness_benchmark_v4_factorial,yelpchi,r60_s1,1,1,camouflage_feature_oracle,0.15,mlp,train_clean_eval_all,0.7452621170591607,0.3796852973028005,0.6320458256089526,0.6898988485336304,0.0939989530015736,100,100,0.8046757116939282,roc_auc,max_epochs,45954,8051348,175.2045135498047,175.0,175.2045135498047,175.0,0.2268800139427185,0.1452974677085876,/kaggle/working/gfd-robustness-v4-factorial-r1/graphs/base/yelpchi/r60_s1/graph.bin,/kaggle/working/gfd-robustness-v4-factorial-r1/graphs/variants/yelpchi/r60_s1/camouflage_feature_oracle/0.15/seed_1/graph.bin,/kaggle/working/gfd-robustness-v4-factorial-r1/graphs/base/yelpchi/r60_s1/graph.bin,ok,
gfd_robustness_benchmark_v4_factorial,yelpchi,r60_s1,1,1,camouflage_feature_oracle,0.15,mlp,train_on_variant,0.7425385989731331,0.3743780124890483,0.6307500727523344,0.6598508954048157,1.8531437669989828,100,100,0.7442844916165423,roc_auc,max_epochs,45954,8051348,175.2045135498047,175.0,175.2045135498047,175.0,0.2268800139427185,0.1452974677085876,/kaggle/working/gfd-robustness-v4-factorial-r1/graphs/base/yelpchi/r60_s1/graph.bin,/kaggle/working/gfd-robustness-v4-factorial-r1/graphs/variants/yelpchi/r60_s1/camouflage_feature_oracle/0.15/seed_1/graph.bin,/kaggle/working/gfd-robustness-v4-factorial-r1/graphs/variants/yelpchi/r60_s1/camouflage_feature_oracle/0.15/seed_1/graph.bin,ok,
gfd_robustness_benchmark_v4_factorial,yelpchi,r60_s1,1,1,camouflage_feature_oracle,0.15,pmp,train_clean_eval_all,0.7891515848140785,0.4865956737758046,0.6811070611778158,0.3602780103683471,0.2989135480020195,51,41,0.8613966151476791,roc_auc,early_stopping,45954,8051348,175.2045135498047,175.0,175.2045135498047,175.0,0.2268800139427185,0.1452974677085876,/kaggle/working/gfd-robustness-v4-factorial-r1/graphs/base/yelpchi/r60_s1/graph.bin,/kaggle/working/gfd-robustness-v4-factorial-r1/graphs/variants/yelpchi/r60_s1/camouflage_feature_oracle/0.15/seed_1/graph.bin,/kaggle/working/gfd-robustness-v4-factorial-r1/graphs/base/yelpchi/r60_s1/graph.bin,ok,
gfd_robustness_benchmark_v4_factorial,yelpchi,r60_s1,1,1,camouflage_feature_oracle,0.15,pmp,train_on_variant,0.8000418460431479,0.4899035440742174,0.6913256348968153,0.2988121211528778,46.1607323850003,56,46,0.8046358983161563,roc_auc,early_stopping,45954,8051348,175.2045135498047,175.0,175.2045135498047,175.0,0.2268800139427185,0.1452974677085876,/kaggle/working/gfd-robustness-v4-factorial-r1/graphs/base/yelpchi/r60_s1/graph.bin,/kaggle/working/gfd-robustness-v4-factorial-r1/graphs/variants/yelpchi/r60_s1/camouflage_feature_oracle/0.15/seed_1/graph.bin,/kaggle/working/gfd-robustness-v4-factorial-r1/graphs/variants/yelpchi/r60_s1/camouflage_feature_oracle/0.15/seed_1/graph.bin,ok,
gfd_robustness_benchmark_v4_factorial,yelpchi,r60_s1,1,1,camouflage_feature_oracle,0.15,sage,train_clean_eval_all,0.5985710128876667,0.1894667862221034,0.538514458748156,0.2996191680431366,0.1163402879974455,23,13,0.6071633087539366,roc_auc,early_stopping,45954,8051348,175.2045135498047,175.0,175.2045135498047,175.0,0.2268800139427185,0.1452974677085876,/kaggle/working/gfd-robustness-v4-factorial-r1/graphs/base/yelpchi/r60_s1/graph.bin,/kaggle/working/gfd-robustness-v4-factorial-r1/graphs/variants/yelpchi/r60_s1/camouflage_feature_oracle/0.15/seed_1/graph.bin,/kaggle/working/gfd-robustness-v4-factorial-r1/graphs/base/yelpchi/r60_s1/graph.bin,ok,
gfd_robustness_benchmark_v4_factorial,yelpchi,r60_s1,1,1,camouflage_feature_oracle,0.15,sage,train_on_variant,0.589815118998256,0.1839275438856181,0.538823484595312,0.2786972224712372,0.9296741020007177,23,13,0.5690185644774077,roc_auc,early_stopping,45954,8051348,175.2045135498047,175.0,175.2045135498047,175.0,0.2268800139427185,0.1452974677085876,/kaggle/working/gfd-robustness-v4-factorial-r1/graphs/base/yelpchi/r60_s1/graph.bin,/kaggle/working/gfd-robustness-v4-factorial-r1/graphs/variants/yelpchi/r60_s1/camouflage_feature_oracle/0.15/seed_1/graph.bin,/kaggle/working/gfd-robustness-v4-factorial-r1/graphs/variants/yelpchi/r60_s1/camouflage_feature_oracle/0.15/seed_1/graph.bin,ok,
gfd_robustness_benchmark_v4_factorial,yelpchi,r60_s1,1,1,camouflage_feature_oracle,0.15,secgfd,train_clean_eval_all,0.7503868281766406,0.3868834182308018,0.6410200435516891,0.7126186490058899,0.1659168450023571,50,50,0.8104918501777297,roc_auc,max_epochs,45954,8051348,175.2045135498047,175.0,175.2045135498047,175.0,0.2268800139427185,0.1452974677085876,/kaggle/working/gfd-robustness-v4-factorial-r1/graphs/base/yelpchi/r60_s1/graph.bin,/kaggle/working/gfd-robustness-v4-factorial-r1/graphs/variants/yelpchi/r60_s1/camouflage_feature_oracle/0.15/seed_1/graph.bin,/kaggle/working/gfd-robustness-v4-factorial-r1/graphs/base/yelpchi/r60_s1/graph.bin,ok,
gfd_robustness_benchmark_v4_factorial,yelpchi,r60_s1,1,1,camouflage_feature_oracle,0.15,secgfd,train_on_variant,0.73424022944437,0.3759506263986859,0.6281388513125661,0.6826505661010742,4.620523133999086,50,45,0.7407533072519948,roc_auc,max_epochs,45954,8051348,175.2045135498047,175.0,175.2045135498047,175.0,0.2268800139427185,0.1452974677085876,/kaggle/working/gfd-robustness-v4-factorial-r1/graphs/base/yelpchi/r60_s1/graph.bin,/kaggle/working/gfd-robustness-v4-factorial-r1/graphs/variants/yelpchi/r60_s1/camouflage_feature_oracle/0.15/seed_1/graph.bin,/kaggle/working/gfd-robustness-v4-factorial-r1/graphs/variants/yelpchi/r60_s1/camouflage_feature_oracle/0.15/seed_1/graph.bin,ok,
gfd_robustness_benchmark_v4_factorial,yelpchi,r60_s1,1,2,camouflage_feature_oracle,0.15,mlp,train_clean_eval_all,0.746127478368111,0.3839867148574383,0.6360732520832322,0.6982053518295288,0.1003366000004462,100,100,0.8050527229251151,roc_auc,max_epochs,45954,8051348,175.2045135498047,175.0,175.2045135498047,175.0,0.2268800139427185,0.1452974677085876,/kaggle/working/gfd-robustness-v4-factorial-r1/graphs/base/yelpchi/r60_s1/graph.bin,/kaggle/working/gfd-robustness-v4-factorial-r1/graphs/variants/yelpchi/r60_s1/camouflage_feature_oracle/0.15/seed_1/graph.bin,/kaggle/working/gfd-robustness-v4-factorial-r1/graphs/base/yelpchi/r60_s1/graph.bin,ok,
gfd_robustness_benchmark_v4_factorial,yelpchi,r60_s1,1,2,camouflage_feature_oracle,0.15,mlp,train_on_variant,0.7422204185061648,0.3807442103856257,0.6285829984413631,0.6701099872589111,1.7835468140001467,100,100,0.7451987688845341,roc_auc,max_epochs,45954,8051348,175.2045135498047,175.0,175.2045135498047,175.0,0.2268800139427185,0.1452974677085876,/kaggle/working/gfd-robustness-v4-factorial-r1/graphs/base/yelpchi/r60_s1/graph.bin,/kaggle/working/gfd-robustness-v4-factorial-r1/graphs/variants/yelpchi/r60_s1/camouflage_feature_oracle/0.15/seed_1/graph.bin,/kaggle/working/gfd-robustness-v4-factorial-r1/graphs/variants/yelpchi/r60_s1/camouflage_feature_oracle/0.15/seed_1/graph.bin,ok,
gfd_robustness_benchmark_v4_factorial,yelpchi,r60_s1,1,2,camouflage_feature_oracle,0.15,pmp,train_clean_eval_all,0.8009455566971962,0.5012094890549215,0.6901969455504658,0.3910762369632721,0.2639999700004409,61,51,0.8651209063145925,roc_auc,early_stopping,45954,8051348,175.2045135498047,175.0,175.2045135498047,175.0,0.2268800139427185,0.1452974677085876,/kaggle/working/gfd-robustness-v4-factorial-r1/graphs/base/yelpchi/r60_s1/graph.bin,/kaggle/working/gfd-robustness-v4-factorial-r1/graphs/variants/yelpchi/r60_s1/camouflage_feature_oracle/0.15/seed_1/graph.bin,/kaggle/working/gfd-robustness-v4-factorial-r1/graphs/base/yelpchi/r60_s1/graph.bin,ok,
gfd_robustness_benchmark_v4_factorial,yelpchi,r60_s1,1,2,camouflage_feature_oracle,0.15,pmp,train_on_variant,0.7946736999524373,0.4928801024213964,0.6883709143246255,0.3412880301475525,50.41008527300073,61,51,0.8089953916611238,roc_auc,early_stopping,45954,8051348,175.2045135498047,175.0,175.2045135498047,175.0,0.2268800139427185,0.1452974677085876,/kaggle/working/gfd-robustness-v4-factorial-r1/graphs/base/yelpchi/r60_s1/graph.bin,/kaggle/working/gfd-robustness-v4-factorial-r1/graphs/variants/yelpchi/r60_s1/camouflage_feature_oracle/0.15/seed_1/graph.bin,/kaggle/working/gfd-robustness-v4-factorial-r1/graphs/variants/yelpchi/r60_s1/camouflage_feature_oracle/0.15/seed_1/graph.bin,ok,
gfd_robustness_benchmark_v4_factorial,yelpchi,r60_s1,1,2,camouflage_feature_oracle,0.15,sage,train_clean_eval_all,0.7325599564618218,0.3659264369760723,0.6199311669716585,0.6638100147247314,0.1342877720016986,100,100,0.794380449009076,roc_auc,max_epochs,45954,8051348,175.2045135498047,175.0,175.2045135498047,175.0,0.2268800139427185,0.1452974677085876,/kaggle/working/gfd-robustness-v4-factorial-r1/graphs/base/yelpchi/r60_s1/graph.bin,/kaggle/working/gfd-robustness-v4-factorial-r1/graphs/variants/yelpchi/r60_s1/camouflage_feature_oracle/0.15/seed_1/graph.bin,/kaggle/working/gfd-robustness-v4-factorial-r1/graphs/base/yelpchi/r60_s1/graph.bin,ok,
gfd_robustness_benchmark_v4_factorial,yelpchi,r60_s1,1,2,camouflage_feature_oracle,0.15,sage,train_on_variant,0.732671431576765,0.3618491573840534,0.619905904407675,0.6448050737380981,3.303256897997926,100,100,0.7413880803038214,roc_auc,max_epochs,45954,8051348,175.2045135498047,175.0,175.2045135498047,175.0,0.2268800139427185,0.1452974677085876,/kaggle/working/gfd-robustness-v4-factorial-r1/graphs/base/yelpchi/r60_s1/graph.bin,/kaggle/working/gfd-robustness-v4-factorial-r1/graphs/variants/yelpchi/r60_s1/camouflage_feature_oracle/0.15/seed_1/graph.bin,/kaggle/working/gfd-robustness-v4-factorial-r1/graphs/variants/yelpchi/r60_s1/camouflage_feature_oracle/0.15/seed_1/graph.bin,ok,
gfd_robustness_benchmark_v4_factorial,yelpchi,r60_s1,1,2,camouflage_feature_oracle,0.15,secgfd,train_clean_eval_all,0.7581654092527775,0.425822105321009,0.6568529255847071,0.7434759140014648,0.1810651310006505,50,50,0.8145421342354521,roc_auc,max_epochs,45954,8051348,175.2045135498047,175.0,175.2045135498047,175.0,0.2268800139427185,0.1452974677085876,/kaggle/working/gfd-robustness-v4-factorial-r1/graphs/base/yelpchi/r60_s1/graph.bin,/kaggle/working/gfd-robustness-v4-factorial-r1/graphs/variants/yelpchi/r60_s1/camouflage_feature_oracle/0.15/seed_1/graph.bin,/kaggle/working/gfd-robustness-v4-factorial-r1/graphs/base/yelpchi/r60_s1/graph.bin,ok,
gfd_robustness_benchmark_v4_factorial,yelpchi,r60_s1,1,2,camouflage_feature_oracle,0.15,secgfd,train_on_variant,0.7539756599326805,0.4237366760017285,0.6483243203290938,0.662517786026001,4.806643462001375,50,50,0.7575108294771574,roc_auc,max_epochs,45954,8051348,175.2045135498047,175.0,175.2045135498047,175.0,0.2268800139427185,0.1452974677085876,/kaggle/working/gfd-robustness-v4-factorial-r1/graphs/base/yelpchi/r60_s1/graph.bin,/kaggle/working/gfd-robustness-v4-factorial-r1/graphs/variants/yelpchi/r60_s1/camouflage_feature_oracle/0.15/seed_1/graph.bin,/kaggle/working/gfd-robustness-v4-factorial-r1/graphs/variants/yelpchi/r60_s1/camouflage_feature_oracle/0.15/seed_1/graph.bin,ok,
gfd_robustness_benchmark_v4_factorial,yelpchi,r60_s1,1,3,camouflage_feature_oracle,0.15,mlp,train_clean_eval_all,0.742470380013903,0.3722094716597064,0.6306202184876271,0.6969894766807556,0.0759896569979901,100,100,0.8041077869722045,roc_auc,max_epochs,45954,8051348,175.2045135498047,175.0,175.2045135498047,175.0,0.2268800139427185,0.1452974677085876,/kaggle/working/gfd-robustness-v4-factorial-r1/graphs/base/yelpchi/r60_s1/graph.bin,/kaggle/working/gfd-robustness-v4-factorial-r1/graphs/variants/yelpchi/r60_s1/camouflage_feature_oracle/0.15/seed_1/graph.bin,/kaggle/working/gfd-robustness-v4-factorial-r1/graphs/base/yelpchi/r60_s1/graph.bin,ok,
gfd_robustness_benchmark_v4_factorial,yelpchi,r60_s1,1,3,camouflage_feature_oracle,0.15,mlp,train_on_variant,0.7370808440400258,0.3663114399532992,0.6264976531185743,0.6667881608009338,1.9365153729995648,100,100,0.7436255444539012,roc_auc,max_epochs,45954,8051348,175.2045135498047,175.0,175.2045135498047,175.0,0.2268800139427185,0.1452974677085876,/kaggle/working/gfd-robustness-v4-factorial-r1/graphs/base/yelpchi/r60_s1/graph.bin,/kaggle/working/gfd-robustness-v4-factorial-r1/graphs/variants/yelpchi/r60_s1/camouflage_feature_oracle/0.15/seed_1/graph.bin,/kaggle/working/gfd-robustness-v4-factorial-r1/graphs/variants/yelpchi/r60_s1/camouflage_feature_oracle/0.15/seed_1/graph.bin,ok,
gfd_robustness_benchmark_v4_factorial,yelpchi,r60_s1,1,3,camouflage_feature_oracle,0.15,pmp,train_clean_eval_all,0.8001073972218495,0.5091628648772366,0.6893400094026058,0.3360407650470733,0.2762928109987115,64,54,0.863328636785177,roc_auc,early_stopping,45954,8051348,175.2045135498047,175.0,175.2045135498047,175.0,0.2268800139427185,0.1452974677085876,/kaggle/working/gfd-robustness-v4-factorial-r1/graphs/base/yelpchi/r60_s1/graph.bin,/kaggle/working/gfd-robustness-v4-factorial-r1/graphs/variants/yelpchi/r60_s1/camouflage_feature_oracle/0.15/seed_1/graph.bin,/kaggle/working/gfd-robustness-v4-factorial-r1/graphs/base/yelpchi/r60_s1/graph.bin,ok,
gfd_robustness_benchmark_v4_factorial,yelpchi,r60_s1,1,3,camouflage_feature_oracle,0.15,pmp,train_on_variant,0.7905983793614401,0.4866137291841523,0.6827522882423074,0.3037792146205902,52.78997598500064,64,54,0.8059834500318268,roc_auc,early_stopping,45954,8051348,175.2045135498047,175.0,175.2045135498047,175.0,0.2268800139427185,0.1452974677085876,/kaggle/working/gfd-robustness-v4-factorial-r1/graphs/base/yelpchi/r60_s1/graph.bin,/kaggle/working/gfd-robustness-v4-factorial-r1/graphs/variants/yelpchi/r60_s1/camouflage_feature_oracle/0.15/seed_1/graph.bin,/kaggle/working/gfd-robustness-v4-factorial-r1/graphs/variants/yelpchi/r60_s1/camouflage_feature_oracle/0.15/seed_1/graph.bin,ok,
gfd_robustness_benchmark_v4_factorial,yelpchi,r60_s1,1,3,camouflage_feature_oracle,0.15,sage,train_clean_eval_all,0.7321116740551483,0.3685226375877323,0.6276643005516871,0.6734314560890198,0.1373382419988047,100,100,0.7957354389126895,roc_auc,max_epochs,45954,8051348,175.2045135498047,175.0,175.2045135498047,175.0,0.2268800139427185,0.1452974677085876,/kaggle/working/gfd-robustness-v4-factorial-r1/graphs/base/yelpchi/r60_s1/graph.bin,/kaggle/working/gfd-robustness-v4-factorial-r1/graphs/variants/yelpchi/r60_s1/camouflage_feature_oracle/0.15/seed_1/graph.bin,/kaggle/working/gfd-robustness-v4-factorial-r1/graphs/base/yelpchi/r60_s1/graph.bin,ok,
gfd_robustness_benchmark_v4_factorial,yelpchi,r60_s1,1,3,camouflage_feature_oracle,0.15,sage,train_on_variant,0.7331632083338415,0.3707245860066651,0.6278676391230624,0.652219295501709,3.3088009870007227,100,99,0.7405818951644626,roc_auc,max_epochs,45954,8051348,175.2045135498047,175.0,175.2045135498047,175.0,0.2268800139427185,0.1452974677085876,/kaggle/working/gfd-robustness-v4-factorial-r1/graphs/base/yelpchi/r60_s1/graph.bin,/kaggle/working/gfd-robustness-v4-factorial-r1/graphs/variants/yelpchi/r60_s1/camouflage_feature_oracle/0.15/seed_1/graph.bin,/kaggle/working/gfd-robustness-v4-factorial-r1/graphs/variants/yelpchi/r60_s1/camouflage_feature_oracle/0.15/seed_1/graph.bin,ok,
gfd_robustness_benchmark_v4_factorial,yelpchi,r60_s1,1,3,camouflage_feature_oracle,0.15,secgfd,train_clean_eval_all,0.7433517956449626,0.3796095640419158,0.6343991037317669,0.7394757270812988,0.1589345330030482,50,44,0.80207887816868,roc_auc,max_epochs,45954,8051348,175.2045135498047,175.0,175.2045135498047,175.0,0.2268800139427185,0.1452974677085876,/kaggle/working/gfd-robustness-v4-factorial-r1/graphs/base/yelpchi/r60_s1/graph.bin,/kaggle/working/gfd-robustness-v4-factorial-r1/graphs/variants/yelpchi/r60_s1/camouflage_feature_oracle/0.15/seed_1/graph.bin,/kaggle/working/gfd-robustness-v4-factorial-r1/graphs/base/yelpchi/r60_s1/graph.bin,ok,
gfd_robustness_benchmark_v4_factorial,yelpchi,r60_s1,1,3,camouflage_feature_oracle,0.15,secgfd,train_on_variant,0.7487354720294644,0.3971168519297181,0.6459540882445574,0.7361069917678833,4.745926930998394,50,50,0.7557360587616847,roc_auc,max_epochs,45954,8051348,175.2045135498047,175.0,175.2045135498047,175.0,0.2268800139427185,0.1452974677085876,/kaggle/working/gfd-robustness-v4-factorial-r1/graphs/base/yelpchi/r60_s1/graph.bin,/kaggle/working/gfd-robustness-v4-factorial-r1/graphs/variants/yelpchi/r60_s1/camouflage_feature_oracle/0.15/seed_1/graph.bin,/kaggle/working/gfd-robustness-v4-factorial-r1/graphs/variants/yelpchi/r60_s1/camouflage_feature_oracle/0.15/seed_1/graph.bin,ok,
gfd_robustness_benchmark_v4_factorial,yelpchi,r60_s1,1,4,camouflage_feature_oracle,0.15,mlp,train_clean_eval_all,0.7426379261588839,0.3793737529106082,0.6331970548693785,0.6775984764099121,0.0959131290001096,100,100,0.8035062473626617,roc_auc,max_epochs,45954,8051348,175.2045135498047,175.0,175.2045135498047,175.0,0.2268800139427185,0.1452974677085876,/kaggle/working/gfd-robustness-v4-factorial-r1/graphs/base/yelpchi/r60_s1/graph.bin,/kaggle/working/gfd-robustness-v4-factorial-r1/graphs/variants/yelpchi/r60_s1/camouflage_feature_oracle/0.15/seed_1/graph.bin,/kaggle/working/gfd-robustness-v4-factorial-r1/graphs/base/yelpchi/r60_s1/graph.bin,ok,
gfd_robustness_benchmark_v4_factorial,yelpchi,r60_s1,1,4,camouflage_feature_oracle,0.15,mlp,train_on_variant,0.7388003238685562,0.37687471918502,0.633419026015444,0.645256757736206,1.9412489679998544,100,100,0.7430717808976844,roc_auc,max_epochs,45954,8051348,175.2045135498047,175.0,175.2045135498047,175.0,0.2268800139427185,0.1452974677085876,/kaggle/working/gfd-robustness-v4-factorial-r1/graphs/base/yelpchi/r60_s1/graph.bin,/kaggle/working/gfd-robustness-v4-factorial-r1/graphs/variants/yelpchi/r60_s1/camouflage_feature_oracle/0.15/seed_1/graph.bin,/kaggle/working/gfd-robustness-v4-factorial-r1/graphs/variants/yelpchi/r60_s1/camouflage_feature_oracle/0.15/seed_1/graph.bin,ok,
gfd_robustness_benchmark_v4_factorial,yelpchi,r60_s1,1,4,camouflage_feature_oracle,0.15,pmp,train_clean_eval_all,0.804198009911948,0.5073964340940625,0.6896285820718864,0.5032673478126526,0.2718518149995361,97,87,0.8691705705233195,roc_auc,early_stopping,45954,8051348,175.2045135498047,175.0,175.2045135498047,175.0,0.2268800139427185,0.1452974677085876,/kaggle/working/gfd-robustness-v4-factorial-r1/graphs/base/yelpchi/r60_s1/graph.bin,/kaggle/working/gfd-robustness-v4-factorial-r1/graphs/variants/yelpchi/r60_s1/camouflage_feature_oracle/0.15/seed_1/graph.bin,/kaggle/working/gfd-robustness-v4-factorial-r1/graphs/base/yelpchi/r60_s1/graph.bin,ok,
gfd_robustness_benchmark_v4_factorial,yelpchi,r60_s1,1,4,camouflage_feature_oracle,0.15,pmp,train_on_variant,0.8017586104522116,0.5033876923385112,0.6929501319737236,0.3589965403079986,70.89048842600096,86,76,0.8095008546764031,roc_auc,early_stopping,45954,8051348,175.2045135498047,175.0,175.2045135498047,175.0,0.2268800139427185,0.1452974677085876,/kaggle/working/gfd-robustness-v4-factorial-r1/graphs/base/yelpchi/r60_s1/graph.bin,/kaggle/working/gfd-robustness-v4-factorial-r1/graphs/variants/yelpchi/r60_s1/camouflage_feature_oracle/0.15/seed_1/graph.bin,/kaggle/working/gfd-robustness-v4-factorial-r1/graphs/variants/yelpchi/r60_s1/camouflage_feature_oracle/0.15/seed_1/graph.bin,ok,
gfd_robustness_benchmark_v4_factorial,yelpchi,r60_s1,1,4,camouflage_feature_oracle,0.15,sage,train_clean_eval_all,0.7376356471120895,0.3750539341816175,0.6288073115844988,0.6741504073143005,0.113129541001399,100,100,0.8005188136090231,roc_auc,max_epochs,45954,8051348,175.2045135498047,175.0,175.2045135498047,175.0,0.2268800139427185,0.1452974677085876,/kaggle/working/gfd-robustness-v4-factorial-r1/graphs/base/yelpchi/r60_s1/graph.bin,/kaggle/working/gfd-robustness-v4-factorial-r1/graphs/variants/yelpchi/r60_s1/camouflage_feature_oracle/0.15/seed_1/graph.bin,/kaggle/working/gfd-robustness-v4-factorial-r1/graphs/base/yelpchi/r60_s1/graph.bin,ok,
gfd_robustness_benchmark_v4_factorial,yelpchi,r60_s1,1,4,camouflage_feature_oracle,0.15,sage,train_on_variant,0.7341531931046258,0.3675320909737546,0.6255927028322945,0.6448128819465637,3.1622983959969133,100,100,0.7407064848125076,roc_auc,max_epochs,45954,8051348,175.2045135498047,175.0,175.2045135498047,175.0,0.2268800139427185,0.1452974677085876,/kaggle/working/gfd-robustness-v4-factorial-r1/graphs/base/yelpchi/r60_s1/graph.bin,/kaggle/working/gfd-robustness-v4-factorial-r1/graphs/variants/yelpchi/r60_s1/camouflage_feature_oracle/0.15/seed_1/graph.bin,/kaggle/working/gfd-robustness-v4-factorial-r1/graphs/variants/yelpchi/r60_s1/camouflage_feature_oracle/0.15/seed_1/graph.bin,ok,
gfd_robustness_benchmark_v4_factorial,yelpchi,r60_s1,1,4,camouflage_feature_oracle,0.15,secgfd,train_clean_eval_all,0.7475972348835933,0.3875387127629434,0.6428792932425185,0.7461267709732056,0.1620442349994846,50,50,0.8075951527808571,roc_auc,max_epochs,45954,8051348,175.2045135498047,175.0,175.2045135498047,175.0,0.2268800139427185,0.1452974677085876,/kaggle/working/gfd-robustness-v4-factorial-r1/graphs/base/yelpchi/r60_s1/graph.bin,/kaggle/working/gfd-robustness-v4-factorial-r1/graphs/variants/yelpchi/r60_s1/camouflage_feature_oracle/0.15/seed_1/graph.bin,/kaggle/working/gfd-robustness-v4-factorial-r1/graphs/base/yelpchi/r60_s1/graph.bin,ok,
gfd_robustness_benchmark_v4_factorial,yelpchi,r60_s1,1,4,camouflage_feature_oracle,0.15,secgfd,train_on_variant,0.7360025366781712,0.3764766588205927,0.6247219695678944,0.6825153231620789,4.788729032999981,50,50,0.7404718004467681,roc_auc,max_epochs,45954,8051348,175.2045135498047,175.0,175.2045135498047,175.0,0.2268800139427185,0.1452974677085876,/kaggle/working/gfd-robustness-v4-factorial-r1/graphs/base/yelpchi/r60_s1/graph.bin,/kaggle/working/gfd-robustness-v4-factorial-r1/graphs/variants/yelpchi/r60_s1/camouflage_feature_oracle/0.15/seed_1/graph.bin,/kaggle/working/gfd-robustness-v4-factorial-r1/graphs/variants/yelpchi/r60_s1/camouflage_feature_oracle/0.15/seed_1/graph.bin,ok,
gfd_robustness_benchmark_v4_factorial,yelpchi,r60_s1,0,0,camouflage_feature_oracle,0.3,mlp,train_clean_eval_all,0.6630798992646072,0.2648945293396541,0.5813827996220201,0.4993019104003906,0.0725265799992485,16,6,0.7522698631802545,roc_auc,early_stopping,45954,8051348,175.2045135498047,175.0,175.2045135498047,175.0,0.2268800139427185,0.1452974677085876,/kaggle/working/gfd-robustness-v4-factorial-r1/graphs/base/yelpchi/r60_s1/graph.bin,/kaggle/working/gfd-robustness-v4-factorial-r1/graphs/variants/yelpchi/r60_s1/camouflage_feature_oracle/0.30/seed_0/graph.bin,/kaggle/working/gfd-robustness-v4-factorial-r1/graphs/base/yelpchi/r60_s1/graph.bin,ok,
gfd_robustness_benchmark_v4_factorial,yelpchi,r60_s1,0,0,camouflage_feature_oracle,0.3,mlp,train_on_variant,0.697173991502738,0.3333523611341156,0.6129406398461269,0.6240304112434387,1.9103996279991409,100,100,0.7164380139084578,roc_auc,max_epochs,45954,8051348,175.2045135498047,175.0,175.2045135498047,175.0,0.2268800139427185,0.1452974677085876,/kaggle/working/gfd-robustness-v4-factorial-r1/graphs/base/yelpchi/r60_s1/graph.bin,/kaggle/working/gfd-robustness-v4-factorial-r1/graphs/variants/yelpchi/r60_s1/camouflage_feature_oracle/0.30/seed_0/graph.bin,/kaggle/working/gfd-robustness-v4-factorial-r1/graphs/variants/yelpchi/r60_s1/camouflage_feature_oracle/0.30/seed_0/graph.bin,ok,
gfd_robustness_benchmark_v4_factorial,yelpchi,r60_s1,0,0,camouflage_feature_oracle,0.3,pmp,train_clean_eval_all,0.7529626655548374,0.4329749327175321,0.6683689031889877,0.4558625817298889,0.2815202199999476,43,33,0.8640671153419779,roc_auc,early_stopping,45954,8051348,175.2045135498047,175.0,175.2045135498047,175.0,0.2268800139427185,0.1452974677085876,/kaggle/working/gfd-robustness-v4-factorial-r1/graphs/base/yelpchi/r60_s1/graph.bin,/kaggle/working/gfd-robustness-v4-factorial-r1/graphs/variants/yelpchi/r60_s1/camouflage_feature_oracle/0.30/seed_0/graph.bin,/kaggle/working/gfd-robustness-v4-factorial-r1/graphs/base/yelpchi/r60_s1/graph.bin,ok,
gfd_robustness_benchmark_v4_factorial,yelpchi,r60_s1,0,0,camouflage_feature_oracle,0.3,pmp,train_on_variant,0.77032743957096,0.4663747060050129,0.6744295808668814,0.3309188485145569,83.2460374350012,100,95,0.7945480466412529,roc_auc,max_epochs,45954,8051348,175.2045135498047,175.0,175.2045135498047,175.0,0.2268800139427185,0.1452974677085876,/kaggle/working/gfd-robustness-v4-factorial-r1/graphs/base/yelpchi/r60_s1/graph.bin,/kaggle/working/gfd-robustness-v4-factorial-r1/graphs/variants/yelpchi/r60_s1/camouflage_feature_oracle/0.30/seed_0/graph.bin,/kaggle/working/gfd-robustness-v4-factorial-r1/graphs/variants/yelpchi/r60_s1/camouflage_feature_oracle/0.30/seed_0/graph.bin,ok,
gfd_robustness_benchmark_v4_factorial,yelpchi,r60_s1,0,0,camouflage_feature_oracle,0.3,sage,train_clean_eval_all,0.7064680624748466,0.3471979526366825,0.6249539307460337,0.6908925771713257,0.1159955980001541,100,100,0.8115424465439842,roc_auc,max_epochs,45954,8051348,175.2045135498047,175.0,175.2045135498047,175.0,0.2268800139427185,0.1452974677085876,/kaggle/working/gfd-robustness-v4-factorial-r1/graphs/base/yelpchi/r60_s1/graph.bin,/kaggle/working/gfd-robustness-v4-factorial-r1/graphs/variants/yelpchi/r60_s1/camouflage_feature_oracle/0.30/seed_0/graph.bin,/kaggle/working/gfd-robustness-v4-factorial-r1/graphs/base/yelpchi/r60_s1/graph.bin,ok,
gfd_robustness_benchmark_v4_factorial,yelpchi,r60_s1,0,0,camouflage_feature_oracle,0.3,sage,train_on_variant,0.6882833746966353,0.3225149110271877,0.6071054120309259,0.633983850479126,3.1284483189992898,100,99,0.7080393937876827,roc_auc,max_epochs,45954,8051348,175.2045135498047,175.0,175.2045135498047,175.0,0.2268800139427185,0.1452974677085876,/kaggle/working/gfd-robustness-v4-factorial-r1/graphs/base/yelpchi/r60_s1/graph.bin,/kaggle/working/gfd-robustness-v4-factorial-r1/graphs/variants/yelpchi/r60_s1/camouflage_feature_oracle/0.30/seed_0/graph.bin,/kaggle/working/gfd-robustness-v4-factorial-r1/graphs/variants/yelpchi/r60_s1/camouflage_feature_oracle/0.30/seed_0/graph.bin,ok,
gfd_robustness_benchmark_v4_factorial,yelpchi,r60_s1,0,0,camouflage_feature_oracle,0.3,secgfd,train_clean_eval_all,0.7136175713745625,0.3747587484214221,0.6346668148918337,0.6614007353782654,0.1584458010001981,50,50,0.8176709412406993,roc_auc,max_epochs,45954,8051348,175.2045135498047,175.0,175.2045135498047,175.0,0.2268800139427185,0.1452974677085876,/kaggle/working/gfd-robustness-v4-factorial-r1/graphs/base/yelpchi/r60_s1/graph.bin,/kaggle/working/gfd-robustness-v4-factorial-r1/graphs/variants/yelpchi/r60_s1/camouflage_feature_oracle/0.30/seed_0/graph.bin,/kaggle/working/gfd-robustness-v4-factorial-r1/graphs/base/yelpchi/r60_s1/graph.bin,ok,
gfd_robustness_benchmark_v4_factorial,yelpchi,r60_s1,0,0,camouflage_feature_oracle,0.3,secgfd,train_on_variant,0.7361709879629743,0.4018102159902966,0.6484794547030857,0.5638654232025146,4.679505305997736,50,49,0.7533151669897034,roc_auc,max_epochs,45954,8051348,175.2045135498047,175.0,175.2045135498047,175.0,0.2268800139427185,0.1452974677085876,/kaggle/working/gfd-robustness-v4-factorial-r1/graphs/base/yelpchi/r60_s1/graph.bin,/kaggle/working/gfd-robustness-v4-factorial-r1/graphs/variants/yelpchi/r60_s1/camouflage_feature_oracle/0.30/seed_0/graph.bin,/kaggle/working/gfd-robustness-v4-factorial-r1/graphs/variants/yelpchi/r60_s1/camouflage_feature_oracle/0.30/seed_0/graph.bin,ok,
gfd_robustness_benchmark_v4_factorial,yelpchi,r60_s1,0,1,camouflage_feature_oracle,0.3,mlp,train_clean_eval_all,0.7011547964407234,0.3365993268052744,0.6152935700641666,0.6898988485336304,0.0920596500000101,100,100,0.8046757116939282,roc_auc,max_epochs,45954,8051348,175.2045135498047,175.0,175.2045135498047,175.0,0.2268800139427185,0.1452974677085876,/kaggle/working/gfd-robustness-v4-factorial-r1/graphs/base/yelpchi/r60_s1/graph.bin,/kaggle/working/gfd-robustness-v4-factorial-r1/graphs/variants/yelpchi/r60_s1/camouflage_feature_oracle/0.30/seed_0/graph.bin,/kaggle/working/gfd-robustness-v4-factorial-r1/graphs/base/yelpchi/r60_s1/graph.bin,ok,
gfd_robustness_benchmark_v4_factorial,yelpchi,r60_s1,0,1,camouflage_feature_oracle,0.3,mlp,train_on_variant,0.6962173063496225,0.3312039556007157,0.6093397292915687,0.6573991775512695,1.9073346529985429,100,100,0.7146129400629861,roc_auc,max_epochs,45954,8051348,175.2045135498047,175.0,175.2045135498047,175.0,0.2268800139427185,0.1452974677085876,/kaggle/working/gfd-robustness-v4-factorial-r1/graphs/base/yelpchi/r60_s1/graph.bin,/kaggle/working/gfd-robustness-v4-factorial-r1/graphs/variants/yelpchi/r60_s1/camouflage_feature_oracle/0.30/seed_0/graph.bin,/kaggle/working/gfd-robustness-v4-factorial-r1/graphs/variants/yelpchi/r60_s1/camouflage_feature_oracle/0.30/seed_0/graph.bin,ok,
gfd_robustness_benchmark_v4_factorial,yelpchi,r60_s1,0,1,camouflage_feature_oracle,0.3,pmp,train_clean_eval_all,0.7532114360891252,0.4415536777507944,0.6685231931503399,0.3602780103683471,0.3112123499995505,51,41,0.8613966151476791,roc_auc,early_stopping,45954,8051348,175.2045135498047,175.0,175.2045135498047,175.0,0.2268800139427185,0.1452974677085876,/kaggle/working/gfd-robustness-v4-factorial-r1/graphs/base/yelpchi/r60_s1/graph.bin,/kaggle/working/gfd-robustness-v4-factorial-r1/graphs/variants/yelpchi/r60_s1/camouflage_feature_oracle/0.30/seed_0/graph.bin,/kaggle/working/gfd-robustness-v4-factorial-r1/graphs/base/yelpchi/r60_s1/graph.bin,ok,
gfd_robustness_benchmark_v4_factorial,yelpchi,r60_s1,0,1,camouflage_feature_oracle,0.3,pmp,train_on_variant,0.7571450308395429,0.4336097947146881,0.6571234813396629,0.3089822828769684,42.45694960399851,51,41,0.7844135155689379,roc_auc,early_stopping,45954,8051348,175.2045135498047,175.0,175.2045135498047,175.0,0.2268800139427185,0.1452974677085876,/kaggle/working/gfd-robustness-v4-factorial-r1/graphs/base/yelpchi/r60_s1/graph.bin,/kaggle/working/gfd-robustness-v4-factorial-r1/graphs/variants/yelpchi/r60_s1/camouflage_feature_oracle/0.30/seed_0/graph.bin,/kaggle/working/gfd-robustness-v4-factorial-r1/graphs/variants/yelpchi/r60_s1/camouflage_feature_oracle/0.30/seed_0/graph.bin,ok,
gfd_robustness_benchmark_v4_factorial,yelpchi,r60_s1,0,1,camouflage_feature_oracle,0.3,sage,train_clean_eval_all,0.5692701123974048,0.1772774360687376,0.5348572805629663,0.2996191680431366,0.1228937580017373,23,13,0.6071633087539366,roc_auc,early_stopping,45954,8051348,175.2045135498047,175.0,175.2045135498047,175.0,0.2268800139427185,0.1452974677085876,/kaggle/working/gfd-robustness-v4-factorial-r1/graphs/base/yelpchi/r60_s1/graph.bin,/kaggle/working/gfd-robustness-v4-factorial-r1/graphs/variants/yelpchi/r60_s1/camouflage_feature_oracle/0.30/seed_0/graph.bin,/kaggle/working/gfd-robustness-v4-factorial-r1/graphs/base/yelpchi/r60_s1/graph.bin,ok,
gfd_robustness_benchmark_v4_factorial,yelpchi,r60_s1,0,1,camouflage_feature_oracle,0.3,sage,train_on_variant,0.6879377542013733,0.3199339376448749,0.603502639314274,0.5924108624458313,3.277655264002533,100,99,0.7123460092452861,roc_auc,max_epochs,45954,8051348,175.2045135498047,175.0,175.2045135498047,175.0,0.2268800139427185,0.1452974677085876,/kaggle/working/gfd-robustness-v4-factorial-r1/graphs/base/yelpchi/r60_s1/graph.bin,/kaggle/working/gfd-robustness-v4-factorial-r1/graphs/variants/yelpchi/r60_s1/camouflage_feature_oracle/0.30/seed_0/graph.bin,/kaggle/working/gfd-robustness-v4-factorial-r1/graphs/variants/yelpchi/r60_s1/camouflage_feature_oracle/0.30/seed_0/graph.bin,ok,
gfd_robustness_benchmark_v4_factorial,yelpchi,r60_s1,0,1,camouflage_feature_oracle,0.3,secgfd,train_clean_eval_all,0.7059205005213606,0.3454389809192106,0.6220620902399887,0.7126186490058899,0.1625565030008147,50,50,0.8104918501777297,roc_auc,max_epochs,45954,8051348,175.2045135498047,175.0,175.2045135498047,175.0,0.2268800139427185,0.1452974677085876,/kaggle/working/gfd-robustness-v4-factorial-r1/graphs/base/yelpchi/r60_s1/graph.bin,/kaggle/working/gfd-robustness-v4-factorial-r1/graphs/variants/yelpchi/r60_s1/camouflage_feature_oracle/0.30/seed_0/graph.bin,/kaggle/working/gfd-robustness-v4-factorial-r1/graphs/base/yelpchi/r60_s1/graph.bin,ok,
gfd_robustness_benchmark_v4_factorial,yelpchi,r60_s1,0,1,camouflage_feature_oracle,0.3,secgfd,train_on_variant,0.7037903254082466,0.3425266255780216,0.6147542396120701,0.5987018346786499,4.694469125002797,50,50,0.7239049056279905,roc_auc,max_epochs,45954,8051348,175.2045135498047,175.0,175.2045135498047,175.0,0.2268800139427185,0.1452974677085876,/kaggle/working/gfd-robustness-v4-factorial-r1/graphs/base/yelpchi/r60_s1/graph.bin,/kaggle/working/gfd-robustness-v4-factorial-r1/graphs/variants/yelpchi/r60_s1/camouflage_feature_oracle/0.30/seed_0/graph.bin,/kaggle/working/gfd-robustness-v4-factorial-r1/graphs/variants/yelpchi/r60_s1/camouflage_feature_oracle/0.30/seed_0/graph.bin,ok,
gfd_robustness_benchmark_v4_factorial,yelpchi,r60_s1,0,2,camouflage_feature_oracle,0.3,mlp,train_clean_eval_all,0.70305773381953,0.3391513609504702,0.6182573016703614,0.6982053518295288,0.1002708229971176,100,100,0.8050527229251151,roc_auc,max_epochs,45954,8051348,175.2045135498047,175.0,175.2045135498047,175.0,0.2268800139427185,0.1452974677085876,/kaggle/working/gfd-robustness-v4-factorial-r1/graphs/base/yelpchi/r60_s1/graph.bin,/kaggle/working/gfd-robustness-v4-factorial-r1/graphs/variants/yelpchi/r60_s1/camouflage_feature_oracle/0.30/seed_0/graph.bin,/kaggle/working/gfd-robustness-v4-factorial-r1/graphs/base/yelpchi/r60_s1/graph.bin,ok,
gfd_robustness_benchmark_v4_factorial,yelpchi,r60_s1,0,2,camouflage_feature_oracle,0.3,mlp,train_on_variant,0.697255882837177,0.333317414325485,0.6126220809996727,0.6329882144927979,1.8864871109981325,100,100,0.713046581651993,roc_auc,max_epochs,45954,8051348,175.2045135498047,175.0,175.2045135498047,175.0,0.2268800139427185,0.1452974677085876,/kaggle/working/gfd-robustness-v4-factorial-r1/graphs/base/yelpchi/r60_s1/graph.bin,/kaggle/working/gfd-robustness-v4-factorial-r1/graphs/variants/yelpchi/r60_s1/camouflage_feature_oracle/0.30/seed_0/graph.bin,/kaggle/working/gfd-robustness-v4-factorial-r1/graphs/variants/yelpchi/r60_s1/camouflage_feature_oracle/0.30/seed_0/graph.bin,ok,
gfd_robustness_benchmark_v4_factorial,yelpchi,r60_s1,0,2,camouflage_feature_oracle,0.3,pmp,train_clean_eval_all,0.7581252972669732,0.4437087504706017,0.6636199644383979,0.3910762369632721,0.2641855190013302,61,51,0.8651209063145925,roc_auc,early_stopping,45954,8051348,175.2045135498047,175.0,175.2045135498047,175.0,0.2268800139427185,0.1452974677085876,/kaggle/working/gfd-robustness-v4-factorial-r1/graphs/base/yelpchi/r60_s1/graph.bin,/kaggle/working/gfd-robustness-v4-factorial-r1/graphs/variants/yelpchi/r60_s1/camouflage_feature_oracle/0.30/seed_0/graph.bin,/kaggle/working/gfd-robustness-v4-factorial-r1/graphs/base/yelpchi/r60_s1/graph.bin,ok,
gfd_robustness_benchmark_v4_factorial,yelpchi,r60_s1,0,2,camouflage_feature_oracle,0.3,pmp,train_on_variant,0.7439328477718697,0.4190287014471268,0.6542530691949188,0.3002870678901672,35.43173064300208,43,33,0.7778791151417189,roc_auc,early_stopping,45954,8051348,175.2045135498047,175.0,175.2045135498047,175.0,0.2268800139427185,0.1452974677085876,/kaggle/working/gfd-robustness-v4-factorial-r1/graphs/base/yelpchi/r60_s1/graph.bin,/kaggle/working/gfd-robustness-v4-factorial-r1/graphs/variants/yelpchi/r60_s1/camouflage_feature_oracle/0.30/seed_0/graph.bin,/kaggle/working/gfd-robustness-v4-factorial-r1/graphs/variants/yelpchi/r60_s1/camouflage_feature_oracle/0.30/seed_0/graph.bin,ok,
gfd_robustness_benchmark_v4_factorial,yelpchi,r60_s1,0,2,camouflage_feature_oracle,0.3,sage,train_clean_eval_all,0.6911318020781249,0.3239314439453958,0.6035528594914508,0.6638100147247314,0.1372569689992815,100,100,0.794380449009076,roc_auc,max_epochs,45954,8051348,175.2045135498047,175.0,175.2045135498047,175.0,0.2268800139427185,0.1452974677085876,/kaggle/working/gfd-robustness-v4-factorial-r1/graphs/base/yelpchi/r60_s1/graph.bin,/kaggle/working/gfd-robustness-v4-factorial-r1/graphs/variants/yelpchi/r60_s1/camouflage_feature_oracle/0.30/seed_0/graph.bin,/kaggle/working/gfd-robustness-v4-factorial-r1/graphs/base/yelpchi/r60_s1/graph.bin,ok,
gfd_robustness_benchmark_v4_factorial,yelpchi,r60_s1,0,2,camouflage_feature_oracle,0.3,sage,train_on_variant,0.6968325632340208,0.329375687291865,0.6107694869641546,0.5963181257247925,3.2504338760008977,100,100,0.7201860977406505,roc_auc,max_epochs,45954,8051348,175.2045135498047,175.0,175.2045135498047,175.0,0.2268800139427185,0.1452974677085876,/kaggle/working/gfd-robustness-v4-factorial-r1/graphs/base/yelpchi/r60_s1/graph.bin,/kaggle/working/gfd-robustness-v4-factorial-r1/graphs/variants/yelpchi/r60_s1/camouflage_feature_oracle/0.30/seed_0/graph.bin,/kaggle/working/gfd-robustness-v4-factorial-r1/graphs/variants/yelpchi/r60_s1/camouflage_feature_oracle/0.30/seed_0/graph.bin,ok,
gfd_robustness_benchmark_v4_factorial,yelpchi,r60_s1,0,2,camouflage_feature_oracle,0.3,secgfd,train_clean_eval_all,0.7132483219660476,0.3837308438384214,0.6370970929708623,0.7434759140014648,0.1845159139993484,50,50,0.8145421342354521,roc_auc,max_epochs,45954,8051348,175.2045135498047,175.0,175.2045135498047,175.0,0.2268800139427185,0.1452974677085876,/kaggle/working/gfd-robustness-v4-factorial-r1/graphs/base/yelpchi/r60_s1/graph.bin,/kaggle/working/gfd-robustness-v4-factorial-r1/graphs/variants/yelpchi/r60_s1/camouflage_feature_oracle/0.30/seed_0/graph.bin,/kaggle/working/gfd-robustness-v4-factorial-r1/graphs/base/yelpchi/r60_s1/graph.bin,ok,
gfd_robustness_benchmark_v4_factorial,yelpchi,r60_s1,0,2,camouflage_feature_oracle,0.3,secgfd,train_on_variant,0.7231454542544239,0.3960193629725128,0.6414637807108405,0.5734781622886658,4.651571750000585,50,50,0.7389546008291672,roc_auc,max_epochs,45954,8051348,175.2045135498047,175.0,175.2045135498047,175.0,0.2268800139427185,0.1452974677085876,/kaggle/working/gfd-robustness-v4-factorial-r1/graphs/base/yelpchi/r60_s1/graph.bin,/kaggle/working/gfd-robustness-v4-factorial-r1/graphs/variants/yelpchi/r60_s1/camouflage_feature_oracle/0.30/seed_0/graph.bin,/kaggle/working/gfd-robustness-v4-factorial-r1/graphs/variants/yelpchi/r60_s1/camouflage_feature_oracle/0.30/seed_0/graph.bin,ok,
gfd_robustness_benchmark_v4_factorial,yelpchi,r60_s1,0,3,camouflage_feature_oracle,0.3,mlp,train_clean_eval_all,0.6990408662054709,0.3295993159551272,0.6111379820049396,0.6969894766807556,0.099364288002107,100,100,0.8041077869722045,roc_auc,max_epochs,45954,8051348,175.2045135498047,175.0,175.2045135498047,175.0,0.2268800139427185,0.1452974677085876,/kaggle/working/gfd-robustness-v4-factorial-r1/graphs/base/yelpchi/r60_s1/graph.bin,/kaggle/working/gfd-robustness-v4-factorial-r1/graphs/variants/yelpchi/r60_s1/camouflage_feature_oracle/0.30/seed_0/graph.bin,/kaggle/working/gfd-robustness-v4-factorial-r1/graphs/base/yelpchi/r60_s1/graph.bin,ok,
gfd_robustness_benchmark_v4_factorial,yelpchi,r60_s1,0,3,camouflage_feature_oracle,0.3,mlp,train_on_variant,0.6933455835274461,0.3245783212387874,0.6062419323892531,0.6519463062286377,1.8690937909996137,100,100,0.715157501245658,roc_auc,max_epochs,45954,8051348,175.2045135498047,175.0,175.2045135498047,175.0,0.2268800139427185,0.1452974677085876,/kaggle/working/gfd-robustness-v4-factorial-r1/graphs/base/yelpchi/r60_s1/graph.bin,/kaggle/working/gfd-robustness-v4-factorial-r1/graphs/variants/yelpchi/r60_s1/camouflage_feature_oracle/0.30/seed_0/graph.bin,/kaggle/working/gfd-robustness-v4-factorial-r1/graphs/variants/yelpchi/r60_s1/camouflage_feature_oracle/0.30/seed_0/graph.bin,ok,
gfd_robustness_benchmark_v4_factorial,yelpchi,r60_s1,0,3,camouflage_feature_oracle,0.3,pmp,train_clean_eval_all,0.755739634529312,0.4515834407406254,0.6666591640293915,0.3360407650470733,0.2691724800024531,64,54,0.863328636785177,roc_auc,early_stopping,45954,8051348,175.2045135498047,175.0,175.2045135498047,175.0,0.2268800139427185,0.1452974677085876,/kaggle/working/gfd-robustness-v4-factorial-r1/graphs/base/yelpchi/r60_s1/graph.bin,/kaggle/working/gfd-robustness-v4-factorial-r1/graphs/variants/yelpchi/r60_s1/camouflage_feature_oracle/0.30/seed_0/graph.bin,/kaggle/working/gfd-robustness-v4-factorial-r1/graphs/base/yelpchi/r60_s1/graph.bin,ok,
gfd_robustness_benchmark_v4_factorial,yelpchi,r60_s1,0,3,camouflage_feature_oracle,0.3,pmp,train_on_variant,0.7509845062929131,0.4353916221790793,0.6572646272051513,0.2454811334609985,34.66118284500044,42,32,0.7804076222354139,roc_auc,early_stopping,45954,8051348,175.2045135498047,175.0,175.2045135498047,175.0,0.2268800139427185,0.1452974677085876,/kaggle/working/gfd-robustness-v4-factorial-r1/graphs/base/yelpchi/r60_s1/graph.bin,/kaggle/working/gfd-robustness-v4-factorial-r1/graphs/variants/yelpchi/r60_s1/camouflage_feature_oracle/0.30/seed_0/graph.bin,/kaggle/working/gfd-robustness-v4-factorial-r1/graphs/variants/yelpchi/r60_s1/camouflage_feature_oracle/0.30/seed_0/graph.bin,ok,
gfd_robustness_benchmark_v4_factorial,yelpchi,r60_s1,0,3,camouflage_feature_oracle,0.3,sage,train_clean_eval_all,0.6899621708721051,0.3261446518370042,0.6061292868639346,0.6734314560890198,0.1520976270003302,100,100,0.7957354389126895,roc_auc,max_epochs,45954,8051348,175.2045135498047,175.0,175.2045135498047,175.0,0.2268800139427185,0.1452974677085876,/kaggle/working/gfd-robustness-v4-factorial-r1/graphs/base/yelpchi/r60_s1/graph.bin,/kaggle/working/gfd-robustness-v4-factorial-r1/graphs/variants/yelpchi/r60_s1/camouflage_feature_oracle/0.30/seed_0/graph.bin,/kaggle/working/gfd-robustness-v4-factorial-r1/graphs/base/yelpchi/r60_s1/graph.bin,ok,
gfd_robustness_benchmark_v4_factorial,yelpchi,r60_s1,0,3,camouflage_feature_oracle,0.3,sage,train_on_variant,0.7187847764247473,0.3455805927530874,0.6180799119730418,0.5860418677330017,3.299355237999407,100,98,0.7401186772422441,roc_auc,max_epochs,45954,8051348,175.2045135498047,175.0,175.2045135498047,175.0,0.2268800139427185,0.1452974677085876,/kaggle/working/gfd-robustness-v4-factorial-r1/graphs/base/yelpchi/r60_s1/graph.bin,/kaggle/working/gfd-robustness-v4-factorial-r1/graphs/variants/yelpchi/r60_s1/camouflage_feature_oracle/0.30/seed_0/graph.bin,/kaggle/working/gfd-robustness-v4-factorial-r1/graphs/variants/yelpchi/r60_s1/camouflage_feature_oracle/0.30/seed_0/graph.bin,ok,
gfd_robustness_benchmark_v4_factorial,yelpchi,r60_s1,0,3,camouflage_feature_oracle,0.3,secgfd,train_clean_eval_all,0.7004253490219154,0.3385393285499379,0.615353151414094,0.7394757270812988,0.1671767850020842,50,44,0.80207887816868,roc_auc,max_epochs,45954,8051348,175.2045135498047,175.0,175.2045135498047,175.0,0.2268800139427185,0.1452974677085876,/kaggle/working/gfd-robustness-v4-factorial-r1/graphs/base/yelpchi/r60_s1/graph.bin,/kaggle/working/gfd-robustness-v4-factorial-r1/graphs/variants/yelpchi/r60_s1/camouflage_feature_oracle/0.30/seed_0/graph.bin,/kaggle/working/gfd-robustness-v4-factorial-r1/graphs/base/yelpchi/r60_s1/graph.bin,ok,
gfd_robustness_benchmark_v4_factorial,yelpchi,r60_s1,0,3,camouflage_feature_oracle,0.3,secgfd,train_on_variant,0.7044659884660415,0.3636946740219017,0.6182560525858094,0.6209654808044434,4.712346248001268,50,50,0.7242365725211404,roc_auc,max_epochs,45954,8051348,175.2045135498047,175.0,175.2045135498047,175.0,0.2268800139427185,0.1452974677085876,/kaggle/working/gfd-robustness-v4-factorial-r1/graphs/base/yelpchi/r60_s1/graph.bin,/kaggle/working/gfd-robustness-v4-factorial-r1/graphs/variants/yelpchi/r60_s1/camouflage_feature_oracle/0.30/seed_0/graph.bin,/kaggle/working/gfd-robustness-v4-factorial-r1/graphs/variants/yelpchi/r60_s1/camouflage_feature_oracle/0.30/seed_0/graph.bin,ok,
gfd_robustness_benchmark_v4_factorial,yelpchi,r60_s1,0,4,camouflage_feature_oracle,0.3,mlp,train_clean_eval_all,0.69818246018147,0.334080941507927,0.6085028237883794,0.6775984764099121,0.0644200509996153,100,100,0.8035062473626617,roc_auc,max_epochs,45954,8051348,175.2045135498047,175.0,175.2045135498047,175.0,0.2268800139427185,0.1452974677085876,/kaggle/working/gfd-robustness-v4-factorial-r1/graphs/base/yelpchi/r60_s1/graph.bin,/kaggle/working/gfd-robustness-v4-factorial-r1/graphs/variants/yelpchi/r60_s1/camouflage_feature_oracle/0.30/seed_0/graph.bin,/kaggle/working/gfd-robustness-v4-factorial-r1/graphs/base/yelpchi/r60_s1/graph.bin,ok,
gfd_robustness_benchmark_v4_factorial,yelpchi,r60_s1,0,4,camouflage_feature_oracle,0.3,mlp,train_on_variant,0.6928055485261656,0.3297128529029767,0.6079413492568062,0.6448935866355896,1.882648197999515,100,100,0.714145383197801,roc_auc,max_epochs,45954,8051348,175.2045135498047,175.0,175.2045135498047,175.0,0.2268800139427185,0.1452974677085876,/kaggle/working/gfd-robustness-v4-factorial-r1/graphs/base/yelpchi/r60_s1/graph.bin,/kaggle/working/gfd-robustness-v4-factorial-r1/graphs/variants/yelpchi/r60_s1/camouflage_feature_oracle/0.30/seed_0/graph.bin,/kaggle/working/gfd-robustness-v4-factorial-r1/graphs/variants/yelpchi/r60_s1/camouflage_feature_oracle/0.30/seed_0/graph.bin,ok,
gfd_robustness_benchmark_v4_factorial,yelpchi,r60_s1,0,4,camouflage_feature_oracle,0.3,pmp,train_clean_eval_all,0.7657476226264376,0.4648617114053596,0.6797053308080669,0.5032673478126526,0.2706884659964998,97,87,0.8691705705233195,roc_auc,early_stopping,45954,8051348,175.2045135498047,175.0,175.2045135498047,175.0,0.2268800139427185,0.1452974677085876,/kaggle/working/gfd-robustness-v4-factorial-r1/graphs/base/yelpchi/r60_s1/graph.bin,/kaggle/working/gfd-robustness-v4-factorial-r1/graphs/variants/yelpchi/r60_s1/camouflage_feature_oracle/0.30/seed_0/graph.bin,/kaggle/working/gfd-robustness-v4-factorial-r1/graphs/base/yelpchi/r60_s1/graph.bin,ok,
gfd_robustness_benchmark_v4_factorial,yelpchi,r60_s1,0,4,camouflage_feature_oracle,0.3,pmp,train_on_variant,0.7560838258564337,0.4221586714497261,0.6586555371773065,0.3798305094242096,35.446801428999606,43,33,0.7769058568577947,roc_auc,early_stopping,45954,8051348,175.2045135498047,175.0,175.2045135498047,175.0,0.2268800139427185,0.1452974677085876,/kaggle/working/gfd-robustness-v4-factorial-r1/graphs/base/yelpchi/r60_s1/graph.bin,/kaggle/working/gfd-robustness-v4-factorial-r1/graphs/variants/yelpchi/r60_s1/camouflage_feature_oracle/0.30/seed_0/graph.bin,/kaggle/working/gfd-robustness-v4-factorial-r1/graphs/variants/yelpchi/r60_s1/camouflage_feature_oracle/0.30/seed_0/graph.bin,ok,
gfd_robustness_benchmark_v4_factorial,yelpchi,r60_s1,0,4,camouflage_feature_oracle,0.3,sage,train_clean_eval_all,0.6959585316383526,0.3314412831912783,0.609972026576211,0.6741504073143005,0.1166179850006301,100,100,0.8005188136090231,roc_auc,max_epochs,45954,8051348,175.2045135498047,175.0,175.2045135498047,175.0,0.2268800139427185,0.1452974677085876,/kaggle/working/gfd-robustness-v4-factorial-r1/graphs/base/yelpchi/r60_s1/graph.bin,/kaggle/working/gfd-robustness-v4-factorial-r1/graphs/variants/yelpchi/r60_s1/camouflage_feature_oracle/0.30/seed_0/graph.bin,/kaggle/working/gfd-robustness-v4-factorial-r1/graphs/base/yelpchi/r60_s1/graph.bin,ok,
gfd_robustness_benchmark_v4_factorial,yelpchi,r60_s1,0,4,camouflage_feature_oracle,0.3,sage,train_on_variant,0.5502851380995646,0.1688827484860291,0.5239958506510747,0.5919263958930969,0.7268985299997439,17,7,0.556003976569708,roc_auc,early_stopping,45954,8051348,175.2045135498047,175.0,175.2045135498047,175.0,0.2268800139427185,0.1452974677085876,/kaggle/working/gfd-robustness-v4-factorial-r1/graphs/base/yelpchi/r60_s1/graph.bin,/kaggle/working/gfd-robustness-v4-factorial-r1/graphs/variants/yelpchi/r60_s1/camouflage_feature_oracle/0.30/seed_0/graph.bin,/kaggle/working/gfd-robustness-v4-factorial-r1/graphs/variants/yelpchi/r60_s1/camouflage_feature_oracle/0.30/seed_0/graph.bin,ok,
gfd_robustness_benchmark_v4_factorial,yelpchi,r60_s1,0,4,camouflage_feature_oracle,0.3,secgfd,train_clean_eval_all,0.704632200720758,0.3460927239619285,0.621905850873681,0.7461267709732056,0.1686659500010137,50,50,0.8075951527808571,roc_auc,max_epochs,45954,8051348,175.2045135498047,175.0,175.2045135498047,175.0,0.2268800139427185,0.1452974677085876,/kaggle/working/gfd-robustness-v4-factorial-r1/graphs/base/yelpchi/r60_s1/graph.bin,/kaggle/working/gfd-robustness-v4-factorial-r1/graphs/variants/yelpchi/r60_s1/camouflage_feature_oracle/0.30/seed_0/graph.bin,/kaggle/working/gfd-robustness-v4-factorial-r1/graphs/base/yelpchi/r60_s1/graph.bin,ok,
gfd_robustness_benchmark_v4_factorial,yelpchi,r60_s1,0,4,camouflage_feature_oracle,0.3,secgfd,train_on_variant,0.7045378279845604,0.3526902757177326,0.6273111662010059,0.6400306820869446,4.738875058999838,50,50,0.7194674543516976,roc_auc,max_epochs,45954,8051348,175.2045135498047,175.0,175.2045135498047,175.0,0.2268800139427185,0.1452974677085876,/kaggle/working/gfd-robustness-v4-factorial-r1/graphs/base/yelpchi/r60_s1/graph.bin,/kaggle/working/gfd-robustness-v4-factorial-r1/graphs/variants/yelpchi/r60_s1/camouflage_feature_oracle/0.30/seed_0/graph.bin,/kaggle/working/gfd-robustness-v4-factorial-r1/graphs/variants/yelpchi/r60_s1/camouflage_feature_oracle/0.30/seed_0/graph.bin,ok,
gfd_robustness_benchmark_v4_factorial,yelpchi,r60_s1,1,0,camouflage_feature_oracle,0.3,mlp,train_clean_eval_all,0.660103799529251,0.2616916216652132,0.5757478829206949,0.4993019104003906,0.1035123789988574,16,6,0.7522698631802545,roc_auc,early_stopping,45954,8051348,175.2045135498047,175.0,175.2045135498047,175.0,0.2268800139427185,0.1452974677085876,/kaggle/working/gfd-robustness-v4-factorial-r1/graphs/base/yelpchi/r60_s1/graph.bin,/kaggle/working/gfd-robustness-v4-factorial-r1/graphs/variants/yelpchi/r60_s1/camouflage_feature_oracle/0.30/seed_1/graph.bin,/kaggle/working/gfd-robustness-v4-factorial-r1/graphs/base/yelpchi/r60_s1/graph.bin,ok,
gfd_robustness_benchmark_v4_factorial,yelpchi,r60_s1,1,0,camouflage_feature_oracle,0.3,mlp,train_on_variant,0.6617701619419003,0.2625265965908576,0.5812735132485336,0.5153839588165283,0.4216722389974165,18,8,0.6689154311407367,roc_auc,early_stopping,45954,8051348,175.2045135498047,175.0,175.2045135498047,175.0,0.2268800139427185,0.1452974677085876,/kaggle/working/gfd-robustness-v4-factorial-r1/graphs/base/yelpchi/r60_s1/graph.bin,/kaggle/working/gfd-robustness-v4-factorial-r1/graphs/variants/yelpchi/r60_s1/camouflage_feature_oracle/0.30/seed_1/graph.bin,/kaggle/working/gfd-robustness-v4-factorial-r1/graphs/variants/yelpchi/r60_s1/camouflage_feature_oracle/0.30/seed_1/graph.bin,ok,
gfd_robustness_benchmark_v4_factorial,yelpchi,r60_s1,1,0,camouflage_feature_oracle,0.3,pmp,train_clean_eval_all,0.7566230986347061,0.4214793858188628,0.6559262068986998,0.4558625817298889,0.2918198500010476,43,33,0.8640671153419779,roc_auc,early_stopping,45954,8051348,175.2045135498047,175.0,175.2045135498047,175.0,0.2268800139427185,0.1452974677085876,/kaggle/working/gfd-robustness-v4-factorial-r1/graphs/base/yelpchi/r60_s1/graph.bin,/kaggle/working/gfd-robustness-v4-factorial-r1/graphs/variants/yelpchi/r60_s1/camouflage_feature_oracle/0.30/seed_1/graph.bin,/kaggle/working/gfd-robustness-v4-factorial-r1/graphs/base/yelpchi/r60_s1/graph.bin,ok,
gfd_robustness_benchmark_v4_factorial,yelpchi,r60_s1,1,0,camouflage_feature_oracle,0.3,pmp,train_on_variant,0.7575728285028721,0.4258773835909356,0.6524734728377763,0.302439272403717,34.120399852003175,41,31,0.7683613338196764,roc_auc,early_stopping,45954,8051348,175.2045135498047,175.0,175.2045135498047,175.0,0.2268800139427185,0.1452974677085876,/kaggle/working/gfd-robustness-v4-factorial-r1/graphs/base/yelpchi/r60_s1/graph.bin,/kaggle/working/gfd-robustness-v4-factorial-r1/graphs/variants/yelpchi/r60_s1/camouflage_feature_oracle/0.30/seed_1/graph.bin,/kaggle/working/gfd-robustness-v4-factorial-r1/graphs/variants/yelpchi/r60_s1/camouflage_feature_oracle/0.30/seed_1/graph.bin,ok,
gfd_robustness_benchmark_v4_factorial,yelpchi,r60_s1,1,0,camouflage_feature_oracle,0.3,sage,train_clean_eval_all,0.7027276912569972,0.3407231952570401,0.619180463477964,0.6908925771713257,0.1135458779972395,100,100,0.8115424465439842,roc_auc,max_epochs,45954,8051348,175.2045135498047,175.0,175.2045135498047,175.0,0.2268800139427185,0.1452974677085876,/kaggle/working/gfd-robustness-v4-factorial-r1/graphs/base/yelpchi/r60_s1/graph.bin,/kaggle/working/gfd-robustness-v4-factorial-r1/graphs/variants/yelpchi/r60_s1/camouflage_feature_oracle/0.30/seed_1/graph.bin,/kaggle/working/gfd-robustness-v4-factorial-r1/graphs/base/yelpchi/r60_s1/graph.bin,ok,
gfd_robustness_benchmark_v4_factorial,yelpchi,r60_s1,1,0,camouflage_feature_oracle,0.3,sage,train_on_variant,0.6900016159127773,0.3205321259320843,0.6057282108393924,0.6033397912979126,3.256124927997007,100,100,0.6963035543571808,roc_auc,max_epochs,45954,8051348,175.2045135498047,175.0,175.2045135498047,175.0,0.2268800139427185,0.1452974677085876,/kaggle/working/gfd-robustness-v4-factorial-r1/graphs/base/yelpchi/r60_s1/graph.bin,/kaggle/working/gfd-robustness-v4-factorial-r1/graphs/variants/yelpchi/r60_s1/camouflage_feature_oracle/0.30/seed_1/graph.bin,/kaggle/working/gfd-robustness-v4-factorial-r1/graphs/variants/yelpchi/r60_s1/camouflage_feature_oracle/0.30/seed_1/graph.bin,ok,
gfd_robustness_benchmark_v4_factorial,yelpchi,r60_s1,1,0,camouflage_feature_oracle,0.3,secgfd,train_clean_eval_all,0.7093120594351013,0.3645963440113908,0.6263601346500609,0.6614007353782654,0.1685386259996448,50,50,0.8176709412406993,roc_auc,max_epochs,45954,8051348,175.2045135498047,175.0,175.2045135498047,175.0,0.2268800139427185,0.1452974677085876,/kaggle/working/gfd-robustness-v4-factorial-r1/graphs/base/yelpchi/r60_s1/graph.bin,/kaggle/working/gfd-robustness-v4-factorial-r1/graphs/variants/yelpchi/r60_s1/camouflage_feature_oracle/0.30/seed_1/graph.bin,/kaggle/working/gfd-robustness-v4-factorial-r1/graphs/base/yelpchi/r60_s1/graph.bin,ok,
gfd_robustness_benchmark_v4_factorial,yelpchi,r60_s1,1,0,camouflage_feature_oracle,0.3,secgfd,train_on_variant,0.7496919189878898,0.4134268209241961,0.6493705654284385,0.6673007011413574,4.693992606000393,50,50,0.7613340580798509,roc_auc,max_epochs,45954,8051348,175.2045135498047,175.0,175.2045135498047,175.0,0.2268800139427185,0.1452974677085876,/kaggle/working/gfd-robustness-v4-factorial-r1/graphs/base/yelpchi/r60_s1/graph.bin,/kaggle/working/gfd-robustness-v4-factorial-r1/graphs/variants/yelpchi/r60_s1/camouflage_feature_oracle/0.30/seed_1/graph.bin,/kaggle/working/gfd-robustness-v4-factorial-r1/graphs/variants/yelpchi/r60_s1/camouflage_feature_oracle/0.30/seed_1/graph.bin,ok,
gfd_robustness_benchmark_v4_factorial,yelpchi,r60_s1,1,1,camouflage_feature_oracle,0.3,mlp,train_clean_eval_all,0.6956908008067368,0.3277289867270526,0.6072316556441271,0.6898988485336304,0.0887616150030226,100,100,0.8046757116939282,roc_auc,max_epochs,45954,8051348,175.2045135498047,175.0,175.2045135498047,175.0,0.2268800139427185,0.1452974677085876,/kaggle/working/gfd-robustness-v4-factorial-r1/graphs/base/yelpchi/r60_s1/graph.bin,/kaggle/working/gfd-robustness-v4-factorial-r1/graphs/variants/yelpchi/r60_s1/camouflage_feature_oracle/0.30/seed_1/graph.bin,/kaggle/working/gfd-robustness-v4-factorial-r1/graphs/base/yelpchi/r60_s1/graph.bin,ok,
gfd_robustness_benchmark_v4_factorial,yelpchi,r60_s1,1,1,camouflage_feature_oracle,0.3,mlp,train_on_variant,0.6939309707977122,0.3235994102721322,0.6068241292199927,0.6500239372253418,1.9338492160022724,100,100,0.7051303470915969,roc_auc,max_epochs,45954,8051348,175.2045135498047,175.0,175.2045135498047,175.0,0.2268800139427185,0.1452974677085876,/kaggle/working/gfd-robustness-v4-factorial-r1/graphs/base/yelpchi/r60_s1/graph.bin,/kaggle/working/gfd-robustness-v4-factorial-r1/graphs/variants/yelpchi/r60_s1/camouflage_feature_oracle/0.30/seed_1/graph.bin,/kaggle/working/gfd-robustness-v4-factorial-r1/graphs/variants/yelpchi/r60_s1/camouflage_feature_oracle/0.30/seed_1/graph.bin,ok,
gfd_robustness_benchmark_v4_factorial,yelpchi,r60_s1,1,1,camouflage_feature_oracle,0.3,pmp,train_clean_eval_all,0.7533779341774699,0.4230943155752822,0.6605633587983485,0.3602780103683471,0.3024696110005607,51,41,0.8613966151476791,roc_auc,early_stopping,45954,8051348,175.2045135498047,175.0,175.2045135498047,175.0,0.2268800139427185,0.1452974677085876,/kaggle/working/gfd-robustness-v4-factorial-r1/graphs/base/yelpchi/r60_s1/graph.bin,/kaggle/working/gfd-robustness-v4-factorial-r1/graphs/variants/yelpchi/r60_s1/camouflage_feature_oracle/0.30/seed_1/graph.bin,/kaggle/working/gfd-robustness-v4-factorial-r1/graphs/base/yelpchi/r60_s1/graph.bin,ok,
gfd_robustness_benchmark_v4_factorial,yelpchi,r60_s1,1,1,camouflage_feature_oracle,0.3,pmp,train_on_variant,0.7567448637602595,0.42506340543997,0.651809043015487,0.3328587412834167,42.35229764600081,51,41,0.7751550218496771,roc_auc,early_stopping,45954,8051348,175.2045135498047,175.0,175.2045135498047,175.0,0.2268800139427185,0.1452974677085876,/kaggle/working/gfd-robustness-v4-factorial-r1/graphs/base/yelpchi/r60_s1/graph.bin,/kaggle/working/gfd-robustness-v4-factorial-r1/graphs/variants/yelpchi/r60_s1/camouflage_feature_oracle/0.30/seed_1/graph.bin,/kaggle/working/gfd-robustness-v4-factorial-r1/graphs/variants/yelpchi/r60_s1/camouflage_feature_oracle/0.30/seed_1/graph.bin,ok,
gfd_robustness_benchmark_v4_factorial,yelpchi,r60_s1,1,1,camouflage_feature_oracle,0.3,sage,train_clean_eval_all,0.576253647237094,0.1759934829119842,0.5282584795399458,0.2996191680431366,0.1161731850006617,23,13,0.6071633087539366,roc_auc,early_stopping,45954,8051348,175.2045135498047,175.0,175.2045135498047,175.0,0.2268800139427185,0.1452974677085876,/kaggle/working/gfd-robustness-v4-factorial-r1/graphs/base/yelpchi/r60_s1/graph.bin,/kaggle/working/gfd-robustness-v4-factorial-r1/graphs/variants/yelpchi/r60_s1/camouflage_feature_oracle/0.30/seed_1/graph.bin,/kaggle/working/gfd-robustness-v4-factorial-r1/graphs/base/yelpchi/r60_s1/graph.bin,ok,
gfd_robustness_benchmark_v4_factorial,yelpchi,r60_s1,1,1,camouflage_feature_oracle,0.3,sage,train_on_variant,0.5164642551709209,0.1561558036615417,0.5164999113188452,0.8304126858711243,0.5576832910010125,11,1,0.5072168541709877,roc_auc,early_stopping,45954,8051348,175.2045135498047,175.0,175.2045135498047,175.0,0.2268800139427185,0.1452974677085876,/kaggle/working/gfd-robustness-v4-factorial-r1/graphs/base/yelpchi/r60_s1/graph.bin,/kaggle/working/gfd-robustness-v4-factorial-r1/graphs/variants/yelpchi/r60_s1/camouflage_feature_oracle/0.30/seed_1/graph.bin,/kaggle/working/gfd-robustness-v4-factorial-r1/graphs/variants/yelpchi/r60_s1/camouflage_feature_oracle/0.30/seed_1/graph.bin,ok,
gfd_robustness_benchmark_v4_factorial,yelpchi,r60_s1,1,1,camouflage_feature_oracle,0.3,secgfd,train_clean_eval_all,0.7017797716684757,0.3350950645727921,0.6136578931202938,0.7126186490058899,0.1938650009979028,50,50,0.8104918501777297,roc_auc,max_epochs,45954,8051348,175.2045135498047,175.0,175.2045135498047,175.0,0.2268800139427185,0.1452974677085876,/kaggle/working/gfd-robustness-v4-factorial-r1/graphs/base/yelpchi/r60_s1/graph.bin,/kaggle/working/gfd-robustness-v4-factorial-r1/graphs/variants/yelpchi/r60_s1/camouflage_feature_oracle/0.30/seed_1/graph.bin,/kaggle/working/gfd-robustness-v4-factorial-r1/graphs/base/yelpchi/r60_s1/graph.bin,ok,
gfd_robustness_benchmark_v4_factorial,yelpchi,r60_s1,1,1,camouflage_feature_oracle,0.3,secgfd,train_on_variant,0.7248584551873849,0.3666407466053846,0.634060520468575,0.6154913902282715,4.703032345998508,50,50,0.7346859392023497,roc_auc,max_epochs,45954,8051348,175.2045135498047,175.0,175.2045135498047,175.0,0.2268800139427185,0.1452974677085876,/kaggle/working/gfd-robustness-v4-factorial-r1/graphs/base/yelpchi/r60_s1/graph.bin,/kaggle/working/gfd-robustness-v4-factorial-r1/graphs/variants/yelpchi/r60_s1/camouflage_feature_oracle/0.30/seed_1/graph.bin,/kaggle/working/gfd-robustness-v4-factorial-r1/graphs/variants/yelpchi/r60_s1/camouflage_feature_oracle/0.30/seed_1/graph.bin,ok,
gfd_robustness_benchmark_v4_factorial,yelpchi,r60_s1,1,2,camouflage_feature_oracle,0.3,mlp,train_clean_eval_all,0.6971894265186531,0.329868714101802,0.6112310216153833,0.6982053518295288,0.0907407039994723,100,100,0.8050527229251151,roc_auc,max_epochs,45954,8051348,175.2045135498047,175.0,175.2045135498047,175.0,0.2268800139427185,0.1452974677085876,/kaggle/working/gfd-robustness-v4-factorial-r1/graphs/base/yelpchi/r60_s1/graph.bin,/kaggle/working/gfd-robustness-v4-factorial-r1/graphs/variants/yelpchi/r60_s1/camouflage_feature_oracle/0.30/seed_1/graph.bin,/kaggle/working/gfd-robustness-v4-factorial-r1/graphs/base/yelpchi/r60_s1/graph.bin,ok,
gfd_robustness_benchmark_v4_factorial,yelpchi,r60_s1,1,2,camouflage_feature_oracle,0.3,mlp,train_on_variant,0.6948993751295779,0.3246493068650104,0.6051111264688138,0.6232011914253235,1.920161862999521,100,100,0.7041425461966304,roc_auc,max_epochs,45954,8051348,175.2045135498047,175.0,175.2045135498047,175.0,0.2268800139427185,0.1452974677085876,/kaggle/working/gfd-robustness-v4-factorial-r1/graphs/base/yelpchi/r60_s1/graph.bin,/kaggle/working/gfd-robustness-v4-factorial-r1/graphs/variants/yelpchi/r60_s1/camouflage_feature_oracle/0.30/seed_1/graph.bin,/kaggle/working/gfd-robustness-v4-factorial-r1/graphs/variants/yelpchi/r60_s1/camouflage_feature_oracle/0.30/seed_1/graph.bin,ok,
gfd_robustness_benchmark_v4_factorial,yelpchi,r60_s1,1,2,camouflage_feature_oracle,0.3,pmp,train_clean_eval_all,0.7615454871824578,0.4445564491390841,0.6680805619174792,0.3910762369632721,0.2621678249997785,61,51,0.8651209063145925,roc_auc,early_stopping,45954,8051348,175.2045135498047,175.0,175.2045135498047,175.0,0.2268800139427185,0.1452974677085876,/kaggle/working/gfd-robustness-v4-factorial-r1/graphs/base/yelpchi/r60_s1/graph.bin,/kaggle/working/gfd-robustness-v4-factorial-r1/graphs/variants/yelpchi/r60_s1/camouflage_feature_oracle/0.30/seed_1/graph.bin,/kaggle/working/gfd-robustness-v4-factorial-r1/graphs/base/yelpchi/r60_s1/graph.bin,ok,
gfd_robustness_benchmark_v4_factorial,yelpchi,r60_s1,1,2,camouflage_feature_oracle,0.3,pmp,train_on_variant,0.7548451658292377,0.4118109850281248,0.6493309091190377,0.2809472382068634,32.06044733800081,38,28,0.7657941576848163,roc_auc,early_stopping,45954,8051348,175.2045135498047,175.0,175.2045135498047,175.0,0.2268800139427185,0.1452974677085876,/kaggle/working/gfd-robustness-v4-factorial-r1/graphs/base/yelpchi/r60_s1/graph.bin,/kaggle/working/gfd-robustness-v4-factorial-r1/graphs/variants/yelpchi/r60_s1/camouflage_feature_oracle/0.30/seed_1/graph.bin,/kaggle/working/gfd-robustness-v4-factorial-r1/graphs/variants/yelpchi/r60_s1/camouflage_feature_oracle/0.30/seed_1/graph.bin,ok,
gfd_robustness_benchmark_v4_factorial,yelpchi,r60_s1,1,2,camouflage_feature_oracle,0.3,sage,train_clean_eval_all,0.6898386907447833,0.317635637580248,0.5971546617881336,0.6638100147247314,0.1352994860026228,100,100,0.794380449009076,roc_auc,max_epochs,45954,8051348,175.2045135498047,175.0,175.2045135498047,175.0,0.2268800139427185,0.1452974677085876,/kaggle/working/gfd-robustness-v4-factorial-r1/graphs/base/yelpchi/r60_s1/graph.bin,/kaggle/working/gfd-robustness-v4-factorial-r1/graphs/variants/yelpchi/r60_s1/camouflage_feature_oracle/0.30/seed_1/graph.bin,/kaggle/working/gfd-robustness-v4-factorial-r1/graphs/base/yelpchi/r60_s1/graph.bin,ok,
gfd_robustness_benchmark_v4_factorial,yelpchi,r60_s1,1,2,camouflage_feature_oracle,0.3,sage,train_on_variant,0.6976103165359708,0.3253504973764102,0.6062915783264121,0.589378833770752,3.4043923520002863,100,100,0.7065160433608213,roc_auc,max_epochs,45954,8051348,175.2045135498047,175.0,175.2045135498047,175.0,0.2268800139427185,0.1452974677085876,/kaggle/working/gfd-robustness-v4-factorial-r1/graphs/base/yelpchi/r60_s1/graph.bin,/kaggle/working/gfd-robustness-v4-factorial-r1/graphs/variants/yelpchi/r60_s1/camouflage_feature_oracle/0.30/seed_1/graph.bin,/kaggle/working/gfd-robustness-v4-factorial-r1/graphs/variants/yelpchi/r60_s1/camouflage_feature_oracle/0.30/seed_1/graph.bin,ok,
gfd_robustness_benchmark_v4_factorial,yelpchi,r60_s1,1,2,camouflage_feature_oracle,0.3,secgfd,train_clean_eval_all,0.7116590393550983,0.3733559297275175,0.631853515627496,0.7434759140014648,0.1887758470002154,50,50,0.8145421342354521,roc_auc,max_epochs,45954,8051348,175.2045135498047,175.0,175.2045135498047,175.0,0.2268800139427185,0.1452974677085876,/kaggle/working/gfd-robustness-v4-factorial-r1/graphs/base/yelpchi/r60_s1/graph.bin,/kaggle/working/gfd-robustness-v4-factorial-r1/graphs/variants/yelpchi/r60_s1/camouflage_feature_oracle/0.30/seed_1/graph.bin,/kaggle/working/gfd-robustness-v4-factorial-r1/graphs/base/yelpchi/r60_s1/graph.bin,ok,
gfd_robustness_benchmark_v4_factorial,yelpchi,r60_s1,1,2,camouflage_feature_oracle,0.3,secgfd,train_on_variant,0.7095513021817872,0.3733650451473571,0.6301564991952926,0.6573989391326904,4.752807540000504,50,50,0.7190165380480001,roc_auc,max_epochs,45954,8051348,175.2045135498047,175.0,175.2045135498047,175.0,0.2268800139427185,0.1452974677085876,/kaggle/working/gfd-robustness-v4-factorial-r1/graphs/base/yelpchi/r60_s1/graph.bin,/kaggle/working/gfd-robustness-v4-factorial-r1/graphs/variants/yelpchi/r60_s1/camouflage_feature_oracle/0.30/seed_1/graph.bin,/kaggle/working/gfd-robustness-v4-factorial-r1/graphs/variants/yelpchi/r60_s1/camouflage_feature_oracle/0.30/seed_1/graph.bin,ok,
gfd_robustness_benchmark_v4_factorial,yelpchi,r60_s1,1,3,camouflage_feature_oracle,0.3,mlp,train_clean_eval_all,0.6954788075325926,0.3217538606535906,0.6038597510708015,0.6969894766807556,0.1081253760021354,100,100,0.8041077869722045,roc_auc,max_epochs,45954,8051348,175.2045135498047,175.0,175.2045135498047,175.0,0.2268800139427185,0.1452974677085876,/kaggle/working/gfd-robustness-v4-factorial-r1/graphs/base/yelpchi/r60_s1/graph.bin,/kaggle/working/gfd-robustness-v4-factorial-r1/graphs/variants/yelpchi/r60_s1/camouflage_feature_oracle/0.30/seed_1/graph.bin,/kaggle/working/gfd-robustness-v4-factorial-r1/graphs/base/yelpchi/r60_s1/graph.bin,ok,
gfd_robustness_benchmark_v4_factorial,yelpchi,r60_s1,1,3,camouflage_feature_oracle,0.3,mlp,train_on_variant,0.6899156276296694,0.3154073309974124,0.601279350103288,0.6327552199363708,1.734675910000078,100,100,0.7014641310074692,roc_auc,max_epochs,45954,8051348,175.2045135498047,175.0,175.2045135498047,175.0,0.2268800139427185,0.1452974677085876,/kaggle/working/gfd-robustness-v4-factorial-r1/graphs/base/yelpchi/r60_s1/graph.bin,/kaggle/working/gfd-robustness-v4-factorial-r1/graphs/variants/yelpchi/r60_s1/camouflage_feature_oracle/0.30/seed_1/graph.bin,/kaggle/working/gfd-robustness-v4-factorial-r1/graphs/variants/yelpchi/r60_s1/camouflage_feature_oracle/0.30/seed_1/graph.bin,ok,
gfd_robustness_benchmark_v4_factorial,yelpchi,r60_s1,1,3,camouflage_feature_oracle,0.3,pmp,train_clean_eval_all,0.7546908156700854,0.4419373838884587,0.659352331279203,0.3360407650470733,0.2670612980000442,64,54,0.863328636785177,roc_auc,early_stopping,45954,8051348,175.2045135498047,175.0,175.2045135498047,175.0,0.2268800139427185,0.1452974677085876,/kaggle/working/gfd-robustness-v4-factorial-r1/graphs/base/yelpchi/r60_s1/graph.bin,/kaggle/working/gfd-robustness-v4-factorial-r1/graphs/variants/yelpchi/r60_s1/camouflage_feature_oracle/0.30/seed_1/graph.bin,/kaggle/working/gfd-robustness-v4-factorial-r1/graphs/base/yelpchi/r60_s1/graph.bin,ok,
gfd_robustness_benchmark_v4_factorial,yelpchi,r60_s1,1,3,camouflage_feature_oracle,0.3,pmp,train_on_variant,0.7704688319389734,0.4464028070440784,0.6662033142449811,0.2966929078102112,69.86480831399967,85,75,0.7884920265962899,roc_auc,early_stopping,45954,8051348,175.2045135498047,175.0,175.2045135498047,175.0,0.2268800139427185,0.1452974677085876,/kaggle/working/gfd-robustness-v4-factorial-r1/graphs/base/yelpchi/r60_s1/graph.bin,/kaggle/working/gfd-robustness-v4-factorial-r1/graphs/variants/yelpchi/r60_s1/camouflage_feature_oracle/0.30/seed_1/graph.bin,/kaggle/working/gfd-robustness-v4-factorial-r1/graphs/variants/yelpchi/r60_s1/camouflage_feature_oracle/0.30/seed_1/graph.bin,ok,
gfd_robustness_benchmark_v4_factorial,yelpchi,r60_s1,1,3,camouflage_feature_oracle,0.3,sage,train_clean_eval_all,0.6886727753759284,0.3192413576409025,0.6015929076888271,0.6734314560890198,0.1157282299973303,100,100,0.7957354389126895,roc_auc,max_epochs,45954,8051348,175.2045135498047,175.0,175.2045135498047,175.0,0.2268800139427185,0.1452974677085876,/kaggle/working/gfd-robustness-v4-factorial-r1/graphs/base/yelpchi/r60_s1/graph.bin,/kaggle/working/gfd-robustness-v4-factorial-r1/graphs/variants/yelpchi/r60_s1/camouflage_feature_oracle/0.30/seed_1/graph.bin,/kaggle/working/gfd-robustness-v4-factorial-r1/graphs/base/yelpchi/r60_s1/graph.bin,ok,
gfd_robustness_benchmark_v4_factorial,yelpchi,r60_s1,1,3,camouflage_feature_oracle,0.3,sage,train_on_variant,0.6923957583814042,0.3276923188175358,0.6071609432984965,0.7021781206130981,3.2890153260013903,100,100,0.7031255170375033,roc_auc,max_epochs,45954,8051348,175.2045135498047,175.0,175.2045135498047,175.0,0.2268800139427185,0.1452974677085876,/kaggle/working/gfd-robustness-v4-factorial-r1/graphs/base/yelpchi/r60_s1/graph.bin,/kaggle/working/gfd-robustness-v4-factorial-r1/graphs/variants/yelpchi/r60_s1/camouflage_feature_oracle/0.30/seed_1/graph.bin,/kaggle/working/gfd-robustness-v4-factorial-r1/graphs/variants/yelpchi/r60_s1/camouflage_feature_oracle/0.30/seed_1/graph.bin,ok,
gfd_robustness_benchmark_v4_factorial,yelpchi,r60_s1,1,3,camouflage_feature_oracle,0.3,secgfd,train_clean_eval_all,0.6959921170896496,0.3305498551453211,0.6130021683388336,0.7394757270812988,0.1748355009985971,50,44,0.80207887816868,roc_auc,max_epochs,45954,8051348,175.2045135498047,175.0,175.2045135498047,175.0,0.2268800139427185,0.1452974677085876,/kaggle/working/gfd-robustness-v4-factorial-r1/graphs/base/yelpchi/r60_s1/graph.bin,/kaggle/working/gfd-robustness-v4-factorial-r1/graphs/variants/yelpchi/r60_s1/camouflage_feature_oracle/0.30/seed_1/graph.bin,/kaggle/working/gfd-robustness-v4-factorial-r1/graphs/base/yelpchi/r60_s1/graph.bin,ok,
gfd_robustness_benchmark_v4_factorial,yelpchi,r60_s1,1,3,camouflage_feature_oracle,0.3,secgfd,train_on_variant,0.7028423581807871,0.362982309000235,0.6277958735682792,0.5525694489479065,4.759930978998455,50,50,0.7200171173684072,roc_auc,max_epochs,45954,8051348,175.2045135498047,175.0,175.2045135498047,175.0,0.2268800139427185,0.1452974677085876,/kaggle/working/gfd-robustness-v4-factorial-r1/graphs/base/yelpchi/r60_s1/graph.bin,/kaggle/working/gfd-robustness-v4-factorial-r1/graphs/variants/yelpchi/r60_s1/camouflage_feature_oracle/0.30/seed_1/graph.bin,/kaggle/working/gfd-robustness-v4-factorial-r1/graphs/variants/yelpchi/r60_s1/camouflage_feature_oracle/0.30/seed_1/graph.bin,ok,
gfd_robustness_benchmark_v4_factorial,yelpchi,r60_s1,1,4,camouflage_feature_oracle,0.3,mlp,train_clean_eval_all,0.6946041089917924,0.326697695399615,0.6060355100862722,0.6775984764099121,0.0961247699997329,100,100,0.8035062473626617,roc_auc,max_epochs,45954,8051348,175.2045135498047,175.0,175.2045135498047,175.0,0.2268800139427185,0.1452974677085876,/kaggle/working/gfd-robustness-v4-factorial-r1/graphs/base/yelpchi/r60_s1/graph.bin,/kaggle/working/gfd-robustness-v4-factorial-r1/graphs/variants/yelpchi/r60_s1/camouflage_feature_oracle/0.30/seed_1/graph.bin,/kaggle/working/gfd-robustness-v4-factorial-r1/graphs/base/yelpchi/r60_s1/graph.bin,ok,
gfd_robustness_benchmark_v4_factorial,yelpchi,r60_s1,1,4,camouflage_feature_oracle,0.3,mlp,train_on_variant,0.6912081196568167,0.3230645156078575,0.6039904730721617,0.6363621354103088,1.8063015949992405,100,100,0.7012652071606863,roc_auc,max_epochs,45954,8051348,175.2045135498047,175.0,175.2045135498047,175.0,0.2268800139427185,0.1452974677085876,/kaggle/working/gfd-robustness-v4-factorial-r1/graphs/base/yelpchi/r60_s1/graph.bin,/kaggle/working/gfd-robustness-v4-factorial-r1/graphs/variants/yelpchi/r60_s1/camouflage_feature_oracle/0.30/seed_1/graph.bin,/kaggle/working/gfd-robustness-v4-factorial-r1/graphs/variants/yelpchi/r60_s1/camouflage_feature_oracle/0.30/seed_1/graph.bin,ok,
gfd_robustness_benchmark_v4_factorial,yelpchi,r60_s1,1,4,camouflage_feature_oracle,0.3,pmp,train_clean_eval_all,0.7666446638291645,0.4438414951484008,0.66591936124734,0.5032673478126526,0.2714376879994233,97,87,0.8691705705233195,roc_auc,early_stopping,45954,8051348,175.2045135498047,175.0,175.2045135498047,175.0,0.2268800139427185,0.1452974677085876,/kaggle/working/gfd-robustness-v4-factorial-r1/graphs/base/yelpchi/r60_s1/graph.bin,/kaggle/working/gfd-robustness-v4-factorial-r1/graphs/variants/yelpchi/r60_s1/camouflage_feature_oracle/0.30/seed_1/graph.bin,/kaggle/working/gfd-robustness-v4-factorial-r1/graphs/base/yelpchi/r60_s1/graph.bin,ok,
gfd_robustness_benchmark_v4_factorial,yelpchi,r60_s1,1,4,camouflage_feature_oracle,0.3,pmp,train_on_variant,0.7478771612833396,0.415167563623437,0.6532359881850969,0.2340635061264038,33.558513709998806,41,31,0.7705547410104016,roc_auc,early_stopping,45954,8051348,175.2045135498047,175.0,175.2045135498047,175.0,0.2268800139427185,0.1452974677085876,/kaggle/working/gfd-robustness-v4-factorial-r1/graphs/base/yelpchi/r60_s1/graph.bin,/kaggle/working/gfd-robustness-v4-factorial-r1/graphs/variants/yelpchi/r60_s1/camouflage_feature_oracle/0.30/seed_1/graph.bin,/kaggle/working/gfd-robustness-v4-factorial-r1/graphs/variants/yelpchi/r60_s1/camouflage_feature_oracle/0.30/seed_1/graph.bin,ok,
gfd_robustness_benchmark_v4_factorial,yelpchi,r60_s1,1,4,camouflage_feature_oracle,0.3,sage,train_clean_eval_all,0.6934654907344171,0.3235070640271435,0.6028933948697477,0.6741504073143005,0.1223094000015407,100,100,0.8005188136090231,roc_auc,max_epochs,45954,8051348,175.2045135498047,175.0,175.2045135498047,175.0,0.2268800139427185,0.1452974677085876,/kaggle/working/gfd-robustness-v4-factorial-r1/graphs/base/yelpchi/r60_s1/graph.bin,/kaggle/working/gfd-robustness-v4-factorial-r1/graphs/variants/yelpchi/r60_s1/camouflage_feature_oracle/0.30/seed_1/graph.bin,/kaggle/working/gfd-robustness-v4-factorial-r1/graphs/base/yelpchi/r60_s1/graph.bin,ok,
gfd_robustness_benchmark_v4_factorial,yelpchi,r60_s1,1,4,camouflage_feature_oracle,0.3,sage,train_on_variant,0.5571153708367379,0.1715238688779039,0.523726090186248,0.437202513217926,0.738932151998597,18,8,0.549903470439163,roc_auc,early_stopping,45954,8051348,175.2045135498047,175.0,175.2045135498047,175.0,0.2268800139427185,0.1452974677085876,/kaggle/working/gfd-robustness-v4-factorial-r1/graphs/base/yelpchi/r60_s1/graph.bin,/kaggle/working/gfd-robustness-v4-factorial-r1/graphs/variants/yelpchi/r60_s1/camouflage_feature_oracle/0.30/seed_1/graph.bin,/kaggle/working/gfd-robustness-v4-factorial-r1/graphs/variants/yelpchi/r60_s1/camouflage_feature_oracle/0.30/seed_1/graph.bin,ok,
gfd_robustness_benchmark_v4_factorial,yelpchi,r60_s1,1,4,camouflage_feature_oracle,0.3,secgfd,train_clean_eval_all,0.7002991058361892,0.3386133118062439,0.618801523140032,0.7461267709732056,0.175658721000218,50,50,0.8075951527808571,roc_auc,max_epochs,45954,8051348,175.2045135498047,175.0,175.2045135498047,175.0,0.2268800139427185,0.1452974677085876,/kaggle/working/gfd-robustness-v4-factorial-r1/graphs/base/yelpchi/r60_s1/graph.bin,/kaggle/working/gfd-robustness-v4-factorial-r1/graphs/variants/yelpchi/r60_s1/camouflage_feature_oracle/0.30/seed_1/graph.bin,/kaggle/working/gfd-robustness-v4-factorial-r1/graphs/base/yelpchi/r60_s1/graph.bin,ok,
gfd_robustness_benchmark_v4_factorial,yelpchi,r60_s1,1,4,camouflage_feature_oracle,0.3,secgfd,train_on_variant,0.6886811598290181,0.3292879223076407,0.6028312930648866,0.6005839109420776,4.754441418001079,50,50,0.7071614968876428,roc_auc,max_epochs,45954,8051348,175.2045135498047,175.0,175.2045135498047,175.0,0.2268800139427185,0.1452974677085876,/kaggle/working/gfd-robustness-v4-factorial-r1/graphs/base/yelpchi/r60_s1/graph.bin,/kaggle/working/gfd-robustness-v4-factorial-r1/graphs/variants/yelpchi/r60_s1/camouflage_feature_oracle/0.30/seed_1/graph.bin,/kaggle/working/gfd-robustness-v4-factorial-r1/graphs/variants/yelpchi/r60_s1/camouflage_feature_oracle/0.30/seed_1/graph.bin,ok,
gfd_robustness_benchmark_v4_factorial,yelpchi,r60_s1,0,0,camouflage_relation_oracle,0.15,mlp,train_clean_eval_all,0.7313415906222179,0.3257175093405576,0.6106510448958343,0.4993019104003906,0.1179005619997042,16,6,0.7522698631802545,roc_auc,early_stopping,45954,8071230,175.6371612548828,176.0,175.6371612548828,176.0,0.2312477827072143,0.1452974677085876,/kaggle/working/gfd-robustness-v4-factorial-r1/graphs/base/yelpchi/r60_s1/graph.bin,/kaggle/working/gfd-robustness-v4-factorial-r1/graphs/variants/yelpchi/r60_s1/camouflage_relation_oracle/0.15/seed_0/graph.bin,/kaggle/working/gfd-robustness-v4-factorial-r1/graphs/base/yelpchi/r60_s1/graph.bin,ok,
gfd_robustness_benchmark_v4_factorial,yelpchi,r60_s1,0,0,camouflage_relation_oracle,0.15,mlp,train_on_variant,0.7313415906222179,0.3257175093405576,0.6106510448958343,0.4993019104003906,0.3827695020008832,16,6,0.7522698631802545,roc_auc,early_stopping,45954,8071230,175.6371612548828,176.0,175.6371612548828,176.0,0.2312477827072143,0.1452974677085876,/kaggle/working/gfd-robustness-v4-factorial-r1/graphs/base/yelpchi/r60_s1/graph.bin,/kaggle/working/gfd-robustness-v4-factorial-r1/graphs/variants/yelpchi/r60_s1/camouflage_relation_oracle/0.15/seed_0/graph.bin,/kaggle/working/gfd-robustness-v4-factorial-r1/graphs/variants/yelpchi/r60_s1/camouflage_relation_oracle/0.15/seed_0/graph.bin,ok,
gfd_robustness_benchmark_v4_factorial,yelpchi,r60_s1,0,0,camouflage_relation_oracle,0.15,pmp,train_clean_eval_all,0.8321581124919204,0.5368840734143233,0.7094410361106913,0.4558625817298889,0.2901738060027128,43,33,0.8640671153419779,roc_auc,early_stopping,45954,8071230,175.6371612548828,176.0,175.6371612548828,176.0,0.2312477827072143,0.1452974677085876,/kaggle/working/gfd-robustness-v4-factorial-r1/graphs/base/yelpchi/r60_s1/graph.bin,/kaggle/working/gfd-robustness-v4-factorial-r1/graphs/variants/yelpchi/r60_s1/camouflage_relation_oracle/0.15/seed_0/graph.bin,/kaggle/working/gfd-robustness-v4-factorial-r1/graphs/base/yelpchi/r60_s1/graph.bin,ok,
gfd_robustness_benchmark_v4_factorial,yelpchi,r60_s1,0,0,camouflage_relation_oracle,0.15,pmp,train_on_variant,0.8381828660652219,0.5511358557210357,0.7126385417873478,0.3428210914134979,41.4334284439974,51,41,0.8582266597052857,roc_auc,early_stopping,45954,8071230,175.6371612548828,176.0,175.6371612548828,176.0,0.2312477827072143,0.1452974677085876,/kaggle/working/gfd-robustness-v4-factorial-r1/graphs/base/yelpchi/r60_s1/graph.bin,/kaggle/working/gfd-robustness-v4-factorial-r1/graphs/variants/yelpchi/r60_s1/camouflage_relation_oracle/0.15/seed_0/graph.bin,/kaggle/working/gfd-robustness-v4-factorial-r1/graphs/variants/yelpchi/r60_s1/camouflage_relation_oracle/0.15/seed_0/graph.bin,ok,
gfd_robustness_benchmark_v4_factorial,yelpchi,r60_s1,0,0,camouflage_relation_oracle,0.15,sage,train_clean_eval_all,0.788966316984158,0.439873669969692,0.6674037742875202,0.6908925771713257,0.1217673329992976,100,100,0.8115424465439842,roc_auc,max_epochs,45954,8071230,175.6371612548828,176.0,175.6371612548828,176.0,0.2312477827072143,0.1452974677085876,/kaggle/working/gfd-robustness-v4-factorial-r1/graphs/base/yelpchi/r60_s1/graph.bin,/kaggle/working/gfd-robustness-v4-factorial-r1/graphs/variants/yelpchi/r60_s1/camouflage_relation_oracle/0.15/seed_0/graph.bin,/kaggle/working/gfd-robustness-v4-factorial-r1/graphs/base/yelpchi/r60_s1/graph.bin,ok,
gfd_robustness_benchmark_v4_factorial,yelpchi,r60_s1,0,0,camouflage_relation_oracle,0.15,sage,train_on_variant,0.7823653228166885,0.4325316719224856,0.6627133350063463,0.6430662870407104,3.157767724002042,100,100,0.8043005600097268,roc_auc,max_epochs,45954,8071230,175.6371612548828,176.0,175.6371612548828,176.0,0.2312477827072143,0.1452974677085876,/kaggle/working/gfd-robustness-v4-factorial-r1/graphs/base/yelpchi/r60_s1/graph.bin,/kaggle/working/gfd-robustness-v4-factorial-r1/graphs/variants/yelpchi/r60_s1/camouflage_relation_oracle/0.15/seed_0/graph.bin,/kaggle/working/gfd-robustness-v4-factorial-r1/graphs/variants/yelpchi/r60_s1/camouflage_relation_oracle/0.15/seed_0/graph.bin,ok,
gfd_robustness_benchmark_v4_factorial,yelpchi,r60_s1,0,0,camouflage_relation_oracle,0.15,secgfd,train_clean_eval_all,0.800584453547081,0.4698594267584196,0.6795900929305885,0.6614007353782654,0.1672909870030707,50,50,0.8176709412406993,roc_auc,max_epochs,45954,8071230,175.6371612548828,176.0,175.6371612548828,176.0,0.2312477827072143,0.1452974677085876,/kaggle/working/gfd-robustness-v4-factorial-r1/graphs/base/yelpchi/r60_s1/graph.bin,/kaggle/working/gfd-robustness-v4-factorial-r1/graphs/variants/yelpchi/r60_s1/camouflage_relation_oracle/0.15/seed_0/graph.bin,/kaggle/working/gfd-robustness-v4-factorial-r1/graphs/base/yelpchi/r60_s1/graph.bin,ok,
gfd_robustness_benchmark_v4_factorial,yelpchi,r60_s1,0,0,camouflage_relation_oracle,0.15,secgfd,train_on_variant,0.8101714563490128,0.4844667965181813,0.6800281895426407,0.7983015179634094,4.732685787999799,50,49,0.8255456459184136,roc_auc,max_epochs,45954,8071230,175.6371612548828,176.0,175.6371612548828,176.0,0.2312477827072143,0.1452974677085876,/kaggle/working/gfd-robustness-v4-factorial-r1/graphs/base/yelpchi/r60_s1/graph.bin,/kaggle/working/gfd-robustness-v4-factorial-r1/graphs/variants/yelpchi/r60_s1/camouflage_relation_oracle/0.15/seed_0/graph.bin,/kaggle/working/gfd-robustness-v4-factorial-r1/graphs/variants/yelpchi/r60_s1/camouflage_relation_oracle/0.15/seed_0/graph.bin,ok,
gfd_robustness_benchmark_v4_factorial,yelpchi,r60_s1,0,1,camouflage_relation_oracle,0.15,mlp,train_clean_eval_all,0.7838484658737515,0.4223574749223457,0.6531032177334472,0.6898988485336304,0.0891743889987992,100,100,0.8046757116939282,roc_auc,max_epochs,45954,8071230,175.6371612548828,176.0,175.6371612548828,176.0,0.2312477827072143,0.1452974677085876,/kaggle/working/gfd-robustness-v4-factorial-r1/graphs/base/yelpchi/r60_s1/graph.bin,/kaggle/working/gfd-robustness-v4-factorial-r1/graphs/variants/yelpchi/r60_s1/camouflage_relation_oracle/0.15/seed_0/graph.bin,/kaggle/working/gfd-robustness-v4-factorial-r1/graphs/base/yelpchi/r60_s1/graph.bin,ok,
gfd_robustness_benchmark_v4_factorial,yelpchi,r60_s1,0,1,camouflage_relation_oracle,0.15,mlp,train_on_variant,0.7838484658737515,0.4223574749223457,0.6531032177334472,0.6898988485336304,1.987121777001448,100,100,0.8046757116939282,roc_auc,max_epochs,45954,8071230,175.6371612548828,176.0,175.6371612548828,176.0,0.2312477827072143,0.1452974677085876,/kaggle/working/gfd-robustness-v4-factorial-r1/graphs/base/yelpchi/r60_s1/graph.bin,/kaggle/working/gfd-robustness-v4-factorial-r1/graphs/variants/yelpchi/r60_s1/camouflage_relation_oracle/0.15/seed_0/graph.bin,/kaggle/working/gfd-robustness-v4-factorial-r1/graphs/variants/yelpchi/r60_s1/camouflage_relation_oracle/0.15/seed_0/graph.bin,ok,
gfd_robustness_benchmark_v4_factorial,yelpchi,r60_s1,0,1,camouflage_relation_oracle,0.15,pmp,train_clean_eval_all,0.826416477127212,0.5265752417823549,0.702468720821662,0.3602780103683471,0.3047880529993563,51,41,0.8613966151476791,roc_auc,early_stopping,45954,8071230,175.6371612548828,176.0,175.6371612548828,176.0,0.2312477827072143,0.1452974677085876,/kaggle/working/gfd-robustness-v4-factorial-r1/graphs/base/yelpchi/r60_s1/graph.bin,/kaggle/working/gfd-robustness-v4-factorial-r1/graphs/variants/yelpchi/r60_s1/camouflage_relation_oracle/0.15/seed_0/graph.bin,/kaggle/working/gfd-robustness-v4-factorial-r1/graphs/base/yelpchi/r60_s1/graph.bin,ok,
gfd_robustness_benchmark_v4_factorial,yelpchi,r60_s1,0,1,camouflage_relation_oracle,0.15,pmp,train_on_variant,0.8350258336433041,0.5378366193045463,0.7056617724471761,0.3232813775539398,44.907427029000246,56,46,0.8589834476477922,roc_auc,early_stopping,45954,8071230,175.6371612548828,176.0,175.6371612548828,176.0,0.2312477827072143,0.1452974677085876,/kaggle/working/gfd-robustness-v4-factorial-r1/graphs/base/yelpchi/r60_s1/graph.bin,/kaggle/working/gfd-robustness-v4-factorial-r1/graphs/variants/yelpchi/r60_s1/camouflage_relation_oracle/0.15/seed_0/graph.bin,/kaggle/working/gfd-robustness-v4-factorial-r1/graphs/variants/yelpchi/r60_s1/camouflage_relation_oracle/0.15/seed_0/graph.bin,ok,
gfd_robustness_benchmark_v4_factorial,yelpchi,r60_s1,0,1,camouflage_relation_oracle,0.15,sage,train_clean_eval_all,0.614596513439516,0.1986135960908324,0.545364983851773,0.2996191680431366,0.1147783970009186,23,13,0.6071633087539366,roc_auc,early_stopping,45954,8071230,175.6371612548828,176.0,175.6371612548828,176.0,0.2312477827072143,0.1452974677085876,/kaggle/working/gfd-robustness-v4-factorial-r1/graphs/base/yelpchi/r60_s1/graph.bin,/kaggle/working/gfd-robustness-v4-factorial-r1/graphs/variants/yelpchi/r60_s1/camouflage_relation_oracle/0.15/seed_0/graph.bin,/kaggle/working/gfd-robustness-v4-factorial-r1/graphs/base/yelpchi/r60_s1/graph.bin,ok,
gfd_robustness_benchmark_v4_factorial,yelpchi,r60_s1,0,1,camouflage_relation_oracle,0.15,sage,train_on_variant,0.6149582835347635,0.1986009215563588,0.5502441608102522,0.2778173089027405,0.9157434650005598,23,13,0.6106228767191869,roc_auc,early_stopping,45954,8071230,175.6371612548828,176.0,175.6371612548828,176.0,0.2312477827072143,0.1452974677085876,/kaggle/working/gfd-robustness-v4-factorial-r1/graphs/base/yelpchi/r60_s1/graph.bin,/kaggle/working/gfd-robustness-v4-factorial-r1/graphs/variants/yelpchi/r60_s1/camouflage_relation_oracle/0.15/seed_0/graph.bin,/kaggle/working/gfd-robustness-v4-factorial-r1/graphs/variants/yelpchi/r60_s1/camouflage_relation_oracle/0.15/seed_0/graph.bin,ok,
gfd_robustness_benchmark_v4_factorial,yelpchi,r60_s1,0,1,camouflage_relation_oracle,0.15,secgfd,train_clean_eval_all,0.7904428382288377,0.4305812280691418,0.662566791629596,0.7126186490058899,0.166147058000206,50,50,0.8104918501777297,roc_auc,max_epochs,45954,8071230,175.6371612548828,176.0,175.6371612548828,176.0,0.2312477827072143,0.1452974677085876,/kaggle/working/gfd-robustness-v4-factorial-r1/graphs/base/yelpchi/r60_s1/graph.bin,/kaggle/working/gfd-robustness-v4-factorial-r1/graphs/variants/yelpchi/r60_s1/camouflage_relation_oracle/0.15/seed_0/graph.bin,/kaggle/working/gfd-robustness-v4-factorial-r1/graphs/base/yelpchi/r60_s1/graph.bin,ok,
gfd_robustness_benchmark_v4_factorial,yelpchi,r60_s1,0,1,camouflage_relation_oracle,0.15,secgfd,train_on_variant,0.7920300247265144,0.4430824292636605,0.6706193849493167,0.7734396457672119,4.761079072002758,50,50,0.8112946023072687,roc_auc,max_epochs,45954,8071230,175.6371612548828,176.0,175.6371612548828,176.0,0.2312477827072143,0.1452974677085876,/kaggle/working/gfd-robustness-v4-factorial-r1/graphs/base/yelpchi/r60_s1/graph.bin,/kaggle/working/gfd-robustness-v4-factorial-r1/graphs/variants/yelpchi/r60_s1/camouflage_relation_oracle/0.15/seed_0/graph.bin,/kaggle/working/gfd-robustness-v4-factorial-r1/graphs/variants/yelpchi/r60_s1/camouflage_relation_oracle/0.15/seed_0/graph.bin,ok,
gfd_robustness_benchmark_v4_factorial,yelpchi,r60_s1,0,2,camouflage_relation_oracle,0.15,mlp,train_clean_eval_all,0.7843809262838884,0.425287123032842,0.6571495387316263,0.6982053518295288,0.0720694770025147,100,100,0.8050527229251151,roc_auc,max_epochs,45954,8071230,175.6371612548828,176.0,175.6371612548828,176.0,0.2312477827072143,0.1452974677085876,/kaggle/working/gfd-robustness-v4-factorial-r1/graphs/base/yelpchi/r60_s1/graph.bin,/kaggle/working/gfd-robustness-v4-factorial-r1/graphs/variants/yelpchi/r60_s1/camouflage_relation_oracle/0.15/seed_0/graph.bin,/kaggle/working/gfd-robustness-v4-factorial-r1/graphs/base/yelpchi/r60_s1/graph.bin,ok,
gfd_robustness_benchmark_v4_factorial,yelpchi,r60_s1,0,2,camouflage_relation_oracle,0.15,mlp,train_on_variant,0.7843809262838884,0.425287123032842,0.6571495387316263,0.6982053518295288,1.6076847610020195,100,100,0.8050527229251151,roc_auc,max_epochs,45954,8071230,175.6371612548828,176.0,175.6371612548828,176.0,0.2312477827072143,0.1452974677085876,/kaggle/working/gfd-robustness-v4-factorial-r1/graphs/base/yelpchi/r60_s1/graph.bin,/kaggle/working/gfd-robustness-v4-factorial-r1/graphs/variants/yelpchi/r60_s1/camouflage_relation_oracle/0.15/seed_0/graph.bin,/kaggle/working/gfd-robustness-v4-factorial-r1/graphs/variants/yelpchi/r60_s1/camouflage_relation_oracle/0.15/seed_0/graph.bin,ok,
gfd_robustness_benchmark_v4_factorial,yelpchi,r60_s1,0,2,camouflage_relation_oracle,0.15,pmp,train_clean_eval_all,0.8378525853079991,0.5485651942381213,0.7134989196315376,0.3910762369632721,0.3011220449989196,61,51,0.8651209063145925,roc_auc,early_stopping,45954,8071230,175.6371612548828,176.0,175.6371612548828,176.0,0.2312477827072143,0.1452974677085876,/kaggle/working/gfd-robustness-v4-factorial-r1/graphs/base/yelpchi/r60_s1/graph.bin,/kaggle/working/gfd-robustness-v4-factorial-r1/graphs/variants/yelpchi/r60_s1/camouflage_relation_oracle/0.15/seed_0/graph.bin,/kaggle/working/gfd-robustness-v4-factorial-r1/graphs/base/yelpchi/r60_s1/graph.bin,ok,
gfd_robustness_benchmark_v4_factorial,yelpchi,r60_s1,0,2,camouflage_relation_oracle,0.15,pmp,train_on_variant,0.8346139950242082,0.5437671081720701,0.7071543473135766,0.3741878867149353,40.09063081700151,50,40,0.8586762409496087,roc_auc,early_stopping,45954,8071230,175.6371612548828,176.0,175.6371612548828,176.0,0.2312477827072143,0.1452974677085876,/kaggle/working/gfd-robustness-v4-factorial-r1/graphs/base/yelpchi/r60_s1/graph.bin,/kaggle/working/gfd-robustness-v4-factorial-r1/graphs/variants/yelpchi/r60_s1/camouflage_relation_oracle/0.15/seed_0/graph.bin,/kaggle/working/gfd-robustness-v4-factorial-r1/graphs/variants/yelpchi/r60_s1/camouflage_relation_oracle/0.15/seed_0/graph.bin,ok,
gfd_robustness_benchmark_v4_factorial,yelpchi,r60_s1,0,2,camouflage_relation_oracle,0.15,sage,train_clean_eval_all,0.7683812936753783,0.4062675612773924,0.6414484895777276,0.6638100147247314,0.1351954210003896,100,100,0.794380449009076,roc_auc,max_epochs,45954,8071230,175.6371612548828,176.0,175.6371612548828,176.0,0.2312477827072143,0.1452974677085876,/kaggle/working/gfd-robustness-v4-factorial-r1/graphs/base/yelpchi/r60_s1/graph.bin,/kaggle/working/gfd-robustness-v4-factorial-r1/graphs/variants/yelpchi/r60_s1/camouflage_relation_oracle/0.15/seed_0/graph.bin,/kaggle/working/gfd-robustness-v4-factorial-r1/graphs/base/yelpchi/r60_s1/graph.bin,ok,
gfd_robustness_benchmark_v4_factorial,yelpchi,r60_s1,0,2,camouflage_relation_oracle,0.15,sage,train_on_variant,0.7701524141127114,0.4101788050727042,0.6440003853017812,0.656096875667572,3.2006138079996163,100,100,0.7934848625723256,roc_auc,max_epochs,45954,8071230,175.6371612548828,176.0,175.6371612548828,176.0,0.2312477827072143,0.1452974677085876,/kaggle/working/gfd-robustness-v4-factorial-r1/graphs/base/yelpchi/r60_s1/graph.bin,/kaggle/working/gfd-robustness-v4-factorial-r1/graphs/variants/yelpchi/r60_s1/camouflage_relation_oracle/0.15/seed_0/graph.bin,/kaggle/working/gfd-robustness-v4-factorial-r1/graphs/variants/yelpchi/r60_s1/camouflage_relation_oracle/0.15/seed_0/graph.bin,ok,
gfd_robustness_benchmark_v4_factorial,yelpchi,r60_s1,0,2,camouflage_relation_oracle,0.15,secgfd,train_clean_eval_all,0.8005400540568557,0.4777849834110005,0.6803756027546213,0.7434759140014648,0.1689540849984041,50,50,0.8145421342354521,roc_auc,max_epochs,45954,8071230,175.6371612548828,176.0,175.6371612548828,176.0,0.2312477827072143,0.1452974677085876,/kaggle/working/gfd-robustness-v4-factorial-r1/graphs/base/yelpchi/r60_s1/graph.bin,/kaggle/working/gfd-robustness-v4-factorial-r1/graphs/variants/yelpchi/r60_s1/camouflage_relation_oracle/0.15/seed_0/graph.bin,/kaggle/working/gfd-robustness-v4-factorial-r1/graphs/base/yelpchi/r60_s1/graph.bin,ok,
gfd_robustness_benchmark_v4_factorial,yelpchi,r60_s1,0,2,camouflage_relation_oracle,0.15,secgfd,train_on_variant,0.7998963567264656,0.475218633413463,0.6827750370550627,0.7193353176116943,4.764816504000919,50,50,0.8166474751881599,roc_auc,max_epochs,45954,8071230,175.6371612548828,176.0,175.6371612548828,176.0,0.2312477827072143,0.1452974677085876,/kaggle/working/gfd-robustness-v4-factorial-r1/graphs/base/yelpchi/r60_s1/graph.bin,/kaggle/working/gfd-robustness-v4-factorial-r1/graphs/variants/yelpchi/r60_s1/camouflage_relation_oracle/0.15/seed_0/graph.bin,/kaggle/working/gfd-robustness-v4-factorial-r1/graphs/variants/yelpchi/r60_s1/camouflage_relation_oracle/0.15/seed_0/graph.bin,ok,
gfd_robustness_benchmark_v4_factorial,yelpchi,r60_s1,0,3,camouflage_relation_oracle,0.15,mlp,train_clean_eval_all,0.7816018135572033,0.4143485547512492,0.6496944434221562,0.6969894766807556,0.095454371003143,100,100,0.8041077869722045,roc_auc,max_epochs,45954,8071230,175.6371612548828,176.0,175.6371612548828,176.0,0.2312477827072143,0.1452974677085876,/kaggle/working/gfd-robustness-v4-factorial-r1/graphs/base/yelpchi/r60_s1/graph.bin,/kaggle/working/gfd-robustness-v4-factorial-r1/graphs/variants/yelpchi/r60_s1/camouflage_relation_oracle/0.15/seed_0/graph.bin,/kaggle/working/gfd-robustness-v4-factorial-r1/graphs/base/yelpchi/r60_s1/graph.bin,ok,
gfd_robustness_benchmark_v4_factorial,yelpchi,r60_s1,0,3,camouflage_relation_oracle,0.15,mlp,train_on_variant,0.7816018135572033,0.4143485547512492,0.6496944434221562,0.6969894766807556,1.8364538740024727,100,100,0.8041077869722045,roc_auc,max_epochs,45954,8071230,175.6371612548828,176.0,175.6371612548828,176.0,0.2312477827072143,0.1452974677085876,/kaggle/working/gfd-robustness-v4-factorial-r1/graphs/base/yelpchi/r60_s1/graph.bin,/kaggle/working/gfd-robustness-v4-factorial-r1/graphs/variants/yelpchi/r60_s1/camouflage_relation_oracle/0.15/seed_0/graph.bin,/kaggle/working/gfd-robustness-v4-factorial-r1/graphs/variants/yelpchi/r60_s1/camouflage_relation_oracle/0.15/seed_0/graph.bin,ok,
gfd_robustness_benchmark_v4_factorial,yelpchi,r60_s1,0,3,camouflage_relation_oracle,0.15,pmp,train_clean_eval_all,0.8350453179689501,0.5467720007542942,0.7085405249418846,0.3360407650470733,0.2774394130028668,64,54,0.863328636785177,roc_auc,early_stopping,45954,8071230,175.6371612548828,176.0,175.6371612548828,176.0,0.2312477827072143,0.1452974677085876,/kaggle/working/gfd-robustness-v4-factorial-r1/graphs/base/yelpchi/r60_s1/graph.bin,/kaggle/working/gfd-robustness-v4-factorial-r1/graphs/variants/yelpchi/r60_s1/camouflage_relation_oracle/0.15/seed_0/graph.bin,/kaggle/working/gfd-robustness-v4-factorial-r1/graphs/base/yelpchi/r60_s1/graph.bin,ok,
gfd_robustness_benchmark_v4_factorial,yelpchi,r60_s1,0,3,camouflage_relation_oracle,0.15,pmp,train_on_variant,0.8327939017586009,0.5333361532757266,0.706972038172945,0.2584914267063141,31.754958582001564,40,30,0.855862889402251,roc_auc,early_stopping,45954,8071230,175.6371612548828,176.0,175.6371612548828,176.0,0.2312477827072143,0.1452974677085876,/kaggle/working/gfd-robustness-v4-factorial-r1/graphs/base/yelpchi/r60_s1/graph.bin,/kaggle/working/gfd-robustness-v4-factorial-r1/graphs/variants/yelpchi/r60_s1/camouflage_relation_oracle/0.15/seed_0/graph.bin,/kaggle/working/gfd-robustness-v4-factorial-r1/graphs/variants/yelpchi/r60_s1/camouflage_relation_oracle/0.15/seed_0/graph.bin,ok,
gfd_robustness_benchmark_v4_factorial,yelpchi,r60_s1,0,3,camouflage_relation_oracle,0.15,sage,train_clean_eval_all,0.769056480343793,0.4094089230158709,0.6466407688794017,0.6734314560890198,0.1284025040004053,100,100,0.7957354389126895,roc_auc,max_epochs,45954,8071230,175.6371612548828,176.0,175.6371612548828,176.0,0.2312477827072143,0.1452974677085876,/kaggle/working/gfd-robustness-v4-factorial-r1/graphs/base/yelpchi/r60_s1/graph.bin,/kaggle/working/gfd-robustness-v4-factorial-r1/graphs/variants/yelpchi/r60_s1/camouflage_relation_oracle/0.15/seed_0/graph.bin,/kaggle/working/gfd-robustness-v4-factorial-r1/graphs/base/yelpchi/r60_s1/graph.bin,ok,
gfd_robustness_benchmark_v4_factorial,yelpchi,r60_s1,0,3,camouflage_relation_oracle,0.15,sage,train_on_variant,0.770951604936766,0.4182855848372385,0.6493602885159282,0.7032615542411804,3.2929917980000027,100,100,0.7964100253422878,roc_auc,max_epochs,45954,8071230,175.6371612548828,176.0,175.6371612548828,176.0,0.2312477827072143,0.1452974677085876,/kaggle/working/gfd-robustness-v4-factorial-r1/graphs/base/yelpchi/r60_s1/graph.bin,/kaggle/working/gfd-robustness-v4-factorial-r1/graphs/variants/yelpchi/r60_s1/camouflage_relation_oracle/0.15/seed_0/graph.bin,/kaggle/working/gfd-robustness-v4-factorial-r1/graphs/variants/yelpchi/r60_s1/camouflage_relation_oracle/0.15/seed_0/graph.bin,ok,
gfd_robustness_benchmark_v4_factorial,yelpchi,r60_s1,0,3,camouflage_relation_oracle,0.15,secgfd,train_clean_eval_all,0.7851496281876166,0.4270638188097909,0.6563086834711714,0.7394757270812988,0.1999557070012088,50,44,0.80207887816868,roc_auc,max_epochs,45954,8071230,175.6371612548828,176.0,175.6371612548828,176.0,0.2312477827072143,0.1452974677085876,/kaggle/working/gfd-robustness-v4-factorial-r1/graphs/base/yelpchi/r60_s1/graph.bin,/kaggle/working/gfd-robustness-v4-factorial-r1/graphs/variants/yelpchi/r60_s1/camouflage_relation_oracle/0.15/seed_0/graph.bin,/kaggle/working/gfd-robustness-v4-factorial-r1/graphs/base/yelpchi/r60_s1/graph.bin,ok,
gfd_robustness_benchmark_v4_factorial,yelpchi,r60_s1,0,3,camouflage_relation_oracle,0.15,secgfd,train_on_variant,0.7833048579521202,0.4336723019820351,0.6567361181788129,0.7096902132034302,4.746489058001316,50,50,0.8031077798201007,roc_auc,max_epochs,45954,8071230,175.6371612548828,176.0,175.6371612548828,176.0,0.2312477827072143,0.1452974677085876,/kaggle/working/gfd-robustness-v4-factorial-r1/graphs/base/yelpchi/r60_s1/graph.bin,/kaggle/working/gfd-robustness-v4-factorial-r1/graphs/variants/yelpchi/r60_s1/camouflage_relation_oracle/0.15/seed_0/graph.bin,/kaggle/working/gfd-robustness-v4-factorial-r1/graphs/variants/yelpchi/r60_s1/camouflage_relation_oracle/0.15/seed_0/graph.bin,ok,
gfd_robustness_benchmark_v4_factorial,yelpchi,r60_s1,0,4,camouflage_relation_oracle,0.15,mlp,train_clean_eval_all,0.7806874794199787,0.4201037950434657,0.6496479861960988,0.6775984764099121,0.065946704999078,100,100,0.8035062473626617,roc_auc,max_epochs,45954,8071230,175.6371612548828,176.0,175.6371612548828,176.0,0.2312477827072143,0.1452974677085876,/kaggle/working/gfd-robustness-v4-factorial-r1/graphs/base/yelpchi/r60_s1/graph.bin,/kaggle/working/gfd-robustness-v4-factorial-r1/graphs/variants/yelpchi/r60_s1/camouflage_relation_oracle/0.15/seed_0/graph.bin,/kaggle/working/gfd-robustness-v4-factorial-r1/graphs/base/yelpchi/r60_s1/graph.bin,ok,
gfd_robustness_benchmark_v4_factorial,yelpchi,r60_s1,0,4,camouflage_relation_oracle,0.15,mlp,train_on_variant,0.7806874794199787,0.4201037950434657,0.6496479861960988,0.6775984764099121,1.7705292139980884,100,100,0.8035062473626617,roc_auc,max_epochs,45954,8071230,175.6371612548828,176.0,175.6371612548828,176.0,0.2312477827072143,0.1452974677085876,/kaggle/working/gfd-robustness-v4-factorial-r1/graphs/base/yelpchi/r60_s1/graph.bin,/kaggle/working/gfd-robustness-v4-factorial-r1/graphs/variants/yelpchi/r60_s1/camouflage_relation_oracle/0.15/seed_0/graph.bin,/kaggle/working/gfd-robustness-v4-factorial-r1/graphs/variants/yelpchi/r60_s1/camouflage_relation_oracle/0.15/seed_0/graph.bin,ok,
gfd_robustness_benchmark_v4_factorial,yelpchi,r60_s1,0,4,camouflage_relation_oracle,0.15,pmp,train_clean_eval_all,0.8451595885367758,0.5615963022512271,0.7190379918884819,0.5032673478126526,0.2845536479981092,97,87,0.8691705705233195,roc_auc,early_stopping,45954,8071230,175.6371612548828,176.0,175.6371612548828,176.0,0.2312477827072143,0.1452974677085876,/kaggle/working/gfd-robustness-v4-factorial-r1/graphs/base/yelpchi/r60_s1/graph.bin,/kaggle/working/gfd-robustness-v4-factorial-r1/graphs/variants/yelpchi/r60_s1/camouflage_relation_oracle/0.15/seed_0/graph.bin,/kaggle/working/gfd-robustness-v4-factorial-r1/graphs/base/yelpchi/r60_s1/graph.bin,ok,
gfd_robustness_benchmark_v4_factorial,yelpchi,r60_s1,0,4,camouflage_relation_oracle,0.15,pmp,train_on_variant,0.8377143371098943,0.5373386262032016,0.7038654396124171,0.2441940605640411,41.92334419200051,52,42,0.8578421149247718,roc_auc,early_stopping,45954,8071230,175.6371612548828,176.0,175.6371612548828,176.0,0.2312477827072143,0.1452974677085876,/kaggle/working/gfd-robustness-v4-factorial-r1/graphs/base/yelpchi/r60_s1/graph.bin,/kaggle/working/gfd-robustness-v4-factorial-r1/graphs/variants/yelpchi/r60_s1/camouflage_relation_oracle/0.15/seed_0/graph.bin,/kaggle/working/gfd-robustness-v4-factorial-r1/graphs/variants/yelpchi/r60_s1/camouflage_relation_oracle/0.15/seed_0/graph.bin,ok,
gfd_robustness_benchmark_v4_factorial,yelpchi,r60_s1,0,4,camouflage_relation_oracle,0.15,sage,train_clean_eval_all,0.7737301459961949,0.4147553525916165,0.6453950535318214,0.6741504073143005,0.1171442640006716,100,100,0.8005188136090231,roc_auc,max_epochs,45954,8071230,175.6371612548828,176.0,175.6371612548828,176.0,0.2312477827072143,0.1452974677085876,/kaggle/working/gfd-robustness-v4-factorial-r1/graphs/base/yelpchi/r60_s1/graph.bin,/kaggle/working/gfd-robustness-v4-factorial-r1/graphs/variants/yelpchi/r60_s1/camouflage_relation_oracle/0.15/seed_0/graph.bin,/kaggle/working/gfd-robustness-v4-factorial-r1/graphs/base/yelpchi/r60_s1/graph.bin,ok,
gfd_robustness_benchmark_v4_factorial,yelpchi,r60_s1,0,4,camouflage_relation_oracle,0.15,sage,train_on_variant,0.7710702258924107,0.4099247213877068,0.6443193505930813,0.6464174389839172,3.3034908619993075,100,100,0.7953243359867639,roc_auc,max_epochs,45954,8071230,175.6371612548828,176.0,175.6371612548828,176.0,0.2312477827072143,0.1452974677085876,/kaggle/working/gfd-robustness-v4-factorial-r1/graphs/base/yelpchi/r60_s1/graph.bin,/kaggle/working/gfd-robustness-v4-factorial-r1/graphs/variants/yelpchi/r60_s1/camouflage_relation_oracle/0.15/seed_0/graph.bin,/kaggle/working/gfd-robustness-v4-factorial-r1/graphs/variants/yelpchi/r60_s1/camouflage_relation_oracle/0.15/seed_0/graph.bin,ok,
gfd_robustness_benchmark_v4_factorial,yelpchi,r60_s1,0,4,camouflage_relation_oracle,0.15,secgfd,train_clean_eval_all,0.787906207696623,0.4326621985232871,0.6634859346778726,0.7461267709732056,0.1649756420010817,50,50,0.8075951527808571,roc_auc,max_epochs,45954,8071230,175.6371612548828,176.0,175.6371612548828,176.0,0.2312477827072143,0.1452974677085876,/kaggle/working/gfd-robustness-v4-factorial-r1/graphs/base/yelpchi/r60_s1/graph.bin,/kaggle/working/gfd-robustness-v4-factorial-r1/graphs/variants/yelpchi/r60_s1/camouflage_relation_oracle/0.15/seed_0/graph.bin,/kaggle/working/gfd-robustness-v4-factorial-r1/graphs/base/yelpchi/r60_s1/graph.bin,ok,
gfd_robustness_benchmark_v4_factorial,yelpchi,r60_s1,0,4,camouflage_relation_oracle,0.15,secgfd,train_on_variant,0.7846970582765224,0.4301086624460752,0.6572976889995117,0.6299649477005005,4.61882516300102,50,50,0.8024918883222834,roc_auc,max_epochs,45954,8071230,175.6371612548828,176.0,175.6371612548828,176.0,0.2312477827072143,0.1452974677085876,/kaggle/working/gfd-robustness-v4-factorial-r1/graphs/base/yelpchi/r60_s1/graph.bin,/kaggle/working/gfd-robustness-v4-factorial-r1/graphs/variants/yelpchi/r60_s1/camouflage_relation_oracle/0.15/seed_0/graph.bin,/kaggle/working/gfd-robustness-v4-factorial-r1/graphs/variants/yelpchi/r60_s1/camouflage_relation_oracle/0.15/seed_0/graph.bin,ok,
gfd_robustness_benchmark_v4_factorial,yelpchi,r60_s1,1,0,camouflage_relation_oracle,0.15,mlp,train_clean_eval_all,0.7313415906222179,0.3257175093405576,0.6106510448958343,0.4993019104003906,0.0990537550023873,16,6,0.7522698631802545,roc_auc,early_stopping,45954,8070570,175.622802734375,176.0,175.622802734375,176.0,0.2311030030250549,0.1452974677085876,/kaggle/working/gfd-robustness-v4-factorial-r1/graphs/base/yelpchi/r60_s1/graph.bin,/kaggle/working/gfd-robustness-v4-factorial-r1/graphs/variants/yelpchi/r60_s1/camouflage_relation_oracle/0.15/seed_1/graph.bin,/kaggle/working/gfd-robustness-v4-factorial-r1/graphs/base/yelpchi/r60_s1/graph.bin,ok,
gfd_robustness_benchmark_v4_factorial,yelpchi,r60_s1,1,0,camouflage_relation_oracle,0.15,mlp,train_on_variant,0.7313415906222179,0.3257175093405576,0.6106510448958343,0.4993019104003906,0.3166241100007028,16,6,0.7522698631802545,roc_auc,early_stopping,45954,8070570,175.622802734375,176.0,175.622802734375,176.0,0.2311030030250549,0.1452974677085876,/kaggle/working/gfd-robustness-v4-factorial-r1/graphs/base/yelpchi/r60_s1/graph.bin,/kaggle/working/gfd-robustness-v4-factorial-r1/graphs/variants/yelpchi/r60_s1/camouflage_relation_oracle/0.15/seed_1/graph.bin,/kaggle/working/gfd-robustness-v4-factorial-r1/graphs/variants/yelpchi/r60_s1/camouflage_relation_oracle/0.15/seed_1/graph.bin,ok,
gfd_robustness_benchmark_v4_factorial,yelpchi,r60_s1,1,0,camouflage_relation_oracle,0.15,pmp,train_clean_eval_all,0.8351184913777333,0.5364727204650952,0.7080259250799452,0.4558625817298889,0.3037884139994276,43,33,0.8640671153419779,roc_auc,early_stopping,45954,8070570,175.622802734375,176.0,175.622802734375,176.0,0.2311030030250549,0.1452974677085876,/kaggle/working/gfd-robustness-v4-factorial-r1/graphs/base/yelpchi/r60_s1/graph.bin,/kaggle/working/gfd-robustness-v4-factorial-r1/graphs/variants/yelpchi/r60_s1/camouflage_relation_oracle/0.15/seed_1/graph.bin,/kaggle/working/gfd-robustness-v4-factorial-r1/graphs/base/yelpchi/r60_s1/graph.bin,ok,
gfd_robustness_benchmark_v4_factorial,yelpchi,r60_s1,1,0,camouflage_relation_oracle,0.15,pmp,train_on_variant,0.8309847178097979,0.5425293478068876,0.7059429736667601,0.4127828478813171,34.81534712100256,43,33,0.8555685088101999,roc_auc,early_stopping,45954,8070570,175.622802734375,176.0,175.622802734375,176.0,0.2311030030250549,0.1452974677085876,/kaggle/working/gfd-robustness-v4-factorial-r1/graphs/base/yelpchi/r60_s1/graph.bin,/kaggle/working/gfd-robustness-v4-factorial-r1/graphs/variants/yelpchi/r60_s1/camouflage_relation_oracle/0.15/seed_1/graph.bin,/kaggle/working/gfd-robustness-v4-factorial-r1/graphs/variants/yelpchi/r60_s1/camouflage_relation_oracle/0.15/seed_1/graph.bin,ok,
gfd_robustness_benchmark_v4_factorial,yelpchi,r60_s1,1,0,camouflage_relation_oracle,0.15,sage,train_clean_eval_all,0.7888986220532459,0.4396315410517524,0.6685282083557258,0.6908925771713257,0.1175782919999619,100,100,0.8115424465439842,roc_auc,max_epochs,45954,8070570,175.622802734375,176.0,175.622802734375,176.0,0.2311030030250549,0.1452974677085876,/kaggle/working/gfd-robustness-v4-factorial-r1/graphs/base/yelpchi/r60_s1/graph.bin,/kaggle/working/gfd-robustness-v4-factorial-r1/graphs/variants/yelpchi/r60_s1/camouflage_relation_oracle/0.15/seed_1/graph.bin,/kaggle/working/gfd-robustness-v4-factorial-r1/graphs/base/yelpchi/r60_s1/graph.bin,ok,
gfd_robustness_benchmark_v4_factorial,yelpchi,r60_s1,1,0,camouflage_relation_oracle,0.15,sage,train_on_variant,0.7692499420710514,0.4148466695534749,0.6506195351523449,0.6589788794517517,3.1469019430005574,100,100,0.7907996290442166,roc_auc,max_epochs,45954,8070570,175.622802734375,176.0,175.622802734375,176.0,0.2311030030250549,0.1452974677085876,/kaggle/working/gfd-robustness-v4-factorial-r1/graphs/base/yelpchi/r60_s1/graph.bin,/kaggle/working/gfd-robustness-v4-factorial-r1/graphs/variants/yelpchi/r60_s1/camouflage_relation_oracle/0.15/seed_1/graph.bin,/kaggle/working/gfd-robustness-v4-factorial-r1/graphs/variants/yelpchi/r60_s1/camouflage_relation_oracle/0.15/seed_1/graph.bin,ok,
gfd_robustness_benchmark_v4_factorial,yelpchi,r60_s1,1,0,camouflage_relation_oracle,0.15,secgfd,train_clean_eval_all,0.8006207544178445,0.4702504747377595,0.6793964154353305,0.6614007353782654,0.1637099990002752,50,50,0.8176709412406993,roc_auc,max_epochs,45954,8070570,175.622802734375,176.0,175.622802734375,176.0,0.2311030030250549,0.1452974677085876,/kaggle/working/gfd-robustness-v4-factorial-r1/graphs/base/yelpchi/r60_s1/graph.bin,/kaggle/working/gfd-robustness-v4-factorial-r1/graphs/variants/yelpchi/r60_s1/camouflage_relation_oracle/0.15/seed_1/graph.bin,/kaggle/working/gfd-robustness-v4-factorial-r1/graphs/base/yelpchi/r60_s1/graph.bin,ok,
gfd_robustness_benchmark_v4_factorial,yelpchi,r60_s1,1,0,camouflage_relation_oracle,0.15,secgfd,train_on_variant,0.8069373917643329,0.4811166177016022,0.6866602838375244,0.73627108335495,4.776716178999777,50,50,0.8237772644156612,roc_auc,max_epochs,45954,8070570,175.622802734375,176.0,175.622802734375,176.0,0.2311030030250549,0.1452974677085876,/kaggle/working/gfd-robustness-v4-factorial-r1/graphs/base/yelpchi/r60_s1/graph.bin,/kaggle/working/gfd-robustness-v4-factorial-r1/graphs/variants/yelpchi/r60_s1/camouflage_relation_oracle/0.15/seed_1/graph.bin,/kaggle/working/gfd-robustness-v4-factorial-r1/graphs/variants/yelpchi/r60_s1/camouflage_relation_oracle/0.15/seed_1/graph.bin,ok,
gfd_robustness_benchmark_v4_factorial,yelpchi,r60_s1,1,1,camouflage_relation_oracle,0.15,mlp,train_clean_eval_all,0.7838484658737515,0.4223574749223457,0.6531032177334472,0.6898988485336304,0.0907539859981625,100,100,0.8046757116939282,roc_auc,max_epochs,45954,8070570,175.622802734375,176.0,175.622802734375,176.0,0.2311030030250549,0.1452974677085876,/kaggle/working/gfd-robustness-v4-factorial-r1/graphs/base/yelpchi/r60_s1/graph.bin,/kaggle/working/gfd-robustness-v4-factorial-r1/graphs/variants/yelpchi/r60_s1/camouflage_relation_oracle/0.15/seed_1/graph.bin,/kaggle/working/gfd-robustness-v4-factorial-r1/graphs/base/yelpchi/r60_s1/graph.bin,ok,
gfd_robustness_benchmark_v4_factorial,yelpchi,r60_s1,1,1,camouflage_relation_oracle,0.15,mlp,train_on_variant,0.7838484658737515,0.4223574749223457,0.6531032177334472,0.6898988485336304,1.8817809560023304,100,100,0.8046757116939282,roc_auc,max_epochs,45954,8070570,175.622802734375,176.0,175.622802734375,176.0,0.2311030030250549,0.1452974677085876,/kaggle/working/gfd-robustness-v4-factorial-r1/graphs/base/yelpchi/r60_s1/graph.bin,/kaggle/working/gfd-robustness-v4-factorial-r1/graphs/variants/yelpchi/r60_s1/camouflage_relation_oracle/0.15/seed_1/graph.bin,/kaggle/working/gfd-robustness-v4-factorial-r1/graphs/variants/yelpchi/r60_s1/camouflage_relation_oracle/0.15/seed_1/graph.bin,ok,
gfd_robustness_benchmark_v4_factorial,yelpchi,r60_s1,1,1,camouflage_relation_oracle,0.15,pmp,train_clean_eval_all,0.8332348477688208,0.5396246703041562,0.7056250985980483,0.3602780103683471,0.3258403830004681,51,41,0.8613966151476791,roc_auc,early_stopping,45954,8070570,175.622802734375,176.0,175.622802734375,176.0,0.2311030030250549,0.1452974677085876,/kaggle/working/gfd-robustness-v4-factorial-r1/graphs/base/yelpchi/r60_s1/graph.bin,/kaggle/working/gfd-robustness-v4-factorial-r1/graphs/variants/yelpchi/r60_s1/camouflage_relation_oracle/0.15/seed_1/graph.bin,/kaggle/working/gfd-robustness-v4-factorial-r1/graphs/base/yelpchi/r60_s1/graph.bin,ok,
gfd_robustness_benchmark_v4_factorial,yelpchi,r60_s1,1,1,camouflage_relation_oracle,0.15,pmp,train_on_variant,0.8357459914692001,0.5530234805995549,0.7137402068753467,0.4244285523891449,47.53877768299935,59,49,0.8602621484442983,roc_auc,early_stopping,45954,8070570,175.622802734375,176.0,175.622802734375,176.0,0.2311030030250549,0.1452974677085876,/kaggle/working/gfd-robustness-v4-factorial-r1/graphs/base/yelpchi/r60_s1/graph.bin,/kaggle/working/gfd-robustness-v4-factorial-r1/graphs/variants/yelpchi/r60_s1/camouflage_relation_oracle/0.15/seed_1/graph.bin,/kaggle/working/gfd-robustness-v4-factorial-r1/graphs/variants/yelpchi/r60_s1/camouflage_relation_oracle/0.15/seed_1/graph.bin,ok,
gfd_robustness_benchmark_v4_factorial,yelpchi,r60_s1,1,1,camouflage_relation_oracle,0.15,sage,train_clean_eval_all,0.6153811743874776,0.199412871736347,0.5472458833816001,0.2996191680431366,0.1146713039997848,23,13,0.6071633087539366,roc_auc,early_stopping,45954,8070570,175.622802734375,176.0,175.622802734375,176.0,0.2311030030250549,0.1452974677085876,/kaggle/working/gfd-robustness-v4-factorial-r1/graphs/base/yelpchi/r60_s1/graph.bin,/kaggle/working/gfd-robustness-v4-factorial-r1/graphs/variants/yelpchi/r60_s1/camouflage_relation_oracle/0.15/seed_1/graph.bin,/kaggle/working/gfd-robustness-v4-factorial-r1/graphs/base/yelpchi/r60_s1/graph.bin,ok,
gfd_robustness_benchmark_v4_factorial,yelpchi,r60_s1,1,1,camouflage_relation_oracle,0.15,sage,train_on_variant,0.6158626134950059,0.1995034322440835,0.5508607700030579,0.2744556367397308,0.8779653860001417,23,13,0.6112583173007007,roc_auc,early_stopping,45954,8070570,175.622802734375,176.0,175.622802734375,176.0,0.2311030030250549,0.1452974677085876,/kaggle/working/gfd-robustness-v4-factorial-r1/graphs/base/yelpchi/r60_s1/graph.bin,/kaggle/working/gfd-robustness-v4-factorial-r1/graphs/variants/yelpchi/r60_s1/camouflage_relation_oracle/0.15/seed_1/graph.bin,/kaggle/working/gfd-robustness-v4-factorial-r1/graphs/variants/yelpchi/r60_s1/camouflage_relation_oracle/0.15/seed_1/graph.bin,ok,
gfd_robustness_benchmark_v4_factorial,yelpchi,r60_s1,1,1,camouflage_relation_oracle,0.15,secgfd,train_clean_eval_all,0.7905892326853421,0.4310963413827028,0.6633221246174513,0.7126186490058899,0.1825341580006352,50,50,0.8104918501777297,roc_auc,max_epochs,45954,8070570,175.622802734375,176.0,175.622802734375,176.0,0.2311030030250549,0.1452974677085876,/kaggle/working/gfd-robustness-v4-factorial-r1/graphs/base/yelpchi/r60_s1/graph.bin,/kaggle/working/gfd-robustness-v4-factorial-r1/graphs/variants/yelpchi/r60_s1/camouflage_relation_oracle/0.15/seed_1/graph.bin,/kaggle/working/gfd-robustness-v4-factorial-r1/graphs/base/yelpchi/r60_s1/graph.bin,ok,
gfd_robustness_benchmark_v4_factorial,yelpchi,r60_s1,1,1,camouflage_relation_oracle,0.15,secgfd,train_on_variant,0.7880466472858764,0.4429157180705051,0.6622363605762198,0.727998673915863,4.796855353997671,50,49,0.8059406327704628,roc_auc,max_epochs,45954,8070570,175.622802734375,176.0,175.622802734375,176.0,0.2311030030250549,0.1452974677085876,/kaggle/working/gfd-robustness-v4-factorial-r1/graphs/base/yelpchi/r60_s1/graph.bin,/kaggle/working/gfd-robustness-v4-factorial-r1/graphs/variants/yelpchi/r60_s1/camouflage_relation_oracle/0.15/seed_1/graph.bin,/kaggle/working/gfd-robustness-v4-factorial-r1/graphs/variants/yelpchi/r60_s1/camouflage_relation_oracle/0.15/seed_1/graph.bin,ok,
gfd_robustness_benchmark_v4_factorial,yelpchi,r60_s1,1,2,camouflage_relation_oracle,0.15,mlp,train_clean_eval_all,0.7843809262838884,0.425287123032842,0.6571495387316263,0.6982053518295288,0.0900948870003048,100,100,0.8050527229251151,roc_auc,max_epochs,45954,8070570,175.622802734375,176.0,175.622802734375,176.0,0.2311030030250549,0.1452974677085876,/kaggle/working/gfd-robustness-v4-factorial-r1/graphs/base/yelpchi/r60_s1/graph.bin,/kaggle/working/gfd-robustness-v4-factorial-r1/graphs/variants/yelpchi/r60_s1/camouflage_relation_oracle/0.15/seed_1/graph.bin,/kaggle/working/gfd-robustness-v4-factorial-r1/graphs/base/yelpchi/r60_s1/graph.bin,ok,
gfd_robustness_benchmark_v4_factorial,yelpchi,r60_s1,1,2,camouflage_relation_oracle,0.15,mlp,train_on_variant,0.7843809262838884,0.425287123032842,0.6571495387316263,0.6982053518295288,1.8964327329995283,100,100,0.8050527229251151,roc_auc,max_epochs,45954,8070570,175.622802734375,176.0,175.622802734375,176.0,0.2311030030250549,0.1452974677085876,/kaggle/working/gfd-robustness-v4-factorial-r1/graphs/base/yelpchi/r60_s1/graph.bin,/kaggle/working/gfd-robustness-v4-factorial-r1/graphs/variants/yelpchi/r60_s1/camouflage_relation_oracle/0.15/seed_1/graph.bin,/kaggle/working/gfd-robustness-v4-factorial-r1/graphs/variants/yelpchi/r60_s1/camouflage_relation_oracle/0.15/seed_1/graph.bin,ok,
gfd_robustness_benchmark_v4_factorial,yelpchi,r60_s1,1,2,camouflage_relation_oracle,0.15,pmp,train_clean_eval_all,0.838428111318097,0.5416127602178213,0.7098507558934267,0.3910762369632721,0.2661488520025159,61,51,0.8651209063145925,roc_auc,early_stopping,45954,8070570,175.622802734375,176.0,175.622802734375,176.0,0.2311030030250549,0.1452974677085876,/kaggle/working/gfd-robustness-v4-factorial-r1/graphs/base/yelpchi/r60_s1/graph.bin,/kaggle/working/gfd-robustness-v4-factorial-r1/graphs/variants/yelpchi/r60_s1/camouflage_relation_oracle/0.15/seed_1/graph.bin,/kaggle/working/gfd-robustness-v4-factorial-r1/graphs/base/yelpchi/r60_s1/graph.bin,ok,
gfd_robustness_benchmark_v4_factorial,yelpchi,r60_s1,1,2,camouflage_relation_oracle,0.15,pmp,train_on_variant,0.8384098656048392,0.5490077577728657,0.714055687880434,0.4057897925376892,54.64030135299981,67,57,0.8614480149335927,roc_auc,early_stopping,45954,8070570,175.622802734375,176.0,175.622802734375,176.0,0.2311030030250549,0.1452974677085876,/kaggle/working/gfd-robustness-v4-factorial-r1/graphs/base/yelpchi/r60_s1/graph.bin,/kaggle/working/gfd-robustness-v4-factorial-r1/graphs/variants/yelpchi/r60_s1/camouflage_relation_oracle/0.15/seed_1/graph.bin,/kaggle/working/gfd-robustness-v4-factorial-r1/graphs/variants/yelpchi/r60_s1/camouflage_relation_oracle/0.15/seed_1/graph.bin,ok,
gfd_robustness_benchmark_v4_factorial,yelpchi,r60_s1,1,2,camouflage_relation_oracle,0.15,sage,train_clean_eval_all,0.7681948825109455,0.4053975913354671,0.6394129468278413,0.6638100147247314,0.1502688070031581,100,100,0.794380449009076,roc_auc,max_epochs,45954,8070570,175.622802734375,176.0,175.622802734375,176.0,0.2311030030250549,0.1452974677085876,/kaggle/working/gfd-robustness-v4-factorial-r1/graphs/base/yelpchi/r60_s1/graph.bin,/kaggle/working/gfd-robustness-v4-factorial-r1/graphs/variants/yelpchi/r60_s1/camouflage_relation_oracle/0.15/seed_1/graph.bin,/kaggle/working/gfd-robustness-v4-factorial-r1/graphs/base/yelpchi/r60_s1/graph.bin,ok,
gfd_robustness_benchmark_v4_factorial,yelpchi,r60_s1,1,2,camouflage_relation_oracle,0.15,sage,train_on_variant,0.7782115885337269,0.4264357085791526,0.6469832373934499,0.6828137636184692,3.248996680002165,100,100,0.7998991076558503,roc_auc,max_epochs,45954,8070570,175.622802734375,176.0,175.622802734375,176.0,0.2311030030250549,0.1452974677085876,/kaggle/working/gfd-robustness-v4-factorial-r1/graphs/base/yelpchi/r60_s1/graph.bin,/kaggle/working/gfd-robustness-v4-factorial-r1/graphs/variants/yelpchi/r60_s1/camouflage_relation_oracle/0.15/seed_1/graph.bin,/kaggle/working/gfd-robustness-v4-factorial-r1/graphs/variants/yelpchi/r60_s1/camouflage_relation_oracle/0.15/seed_1/graph.bin,ok,
gfd_robustness_benchmark_v4_factorial,yelpchi,r60_s1,1,2,camouflage_relation_oracle,0.15,secgfd,train_clean_eval_all,0.8005665413063893,0.4784507112848825,0.681654953243929,0.7434759140014648,0.1697661530015466,50,50,0.8145421342354521,roc_auc,max_epochs,45954,8070570,175.622802734375,176.0,175.622802734375,176.0,0.2311030030250549,0.1452974677085876,/kaggle/working/gfd-robustness-v4-factorial-r1/graphs/base/yelpchi/r60_s1/graph.bin,/kaggle/working/gfd-robustness-v4-factorial-r1/graphs/variants/yelpchi/r60_s1/camouflage_relation_oracle/0.15/seed_1/graph.bin,/kaggle/working/gfd-robustness-v4-factorial-r1/graphs/base/yelpchi/r60_s1/graph.bin,ok,
gfd_robustness_benchmark_v4_factorial,yelpchi,r60_s1,1,2,camouflage_relation_oracle,0.15,secgfd,train_on_variant,0.8028331543379635,0.4805341934049178,0.6752920323744849,0.6547502875328064,4.797652353998274,50,50,0.8186663710463766,roc_auc,max_epochs,45954,8070570,175.622802734375,176.0,175.622802734375,176.0,0.2311030030250549,0.1452974677085876,/kaggle/working/gfd-robustness-v4-factorial-r1/graphs/base/yelpchi/r60_s1/graph.bin,/kaggle/working/gfd-robustness-v4-factorial-r1/graphs/variants/yelpchi/r60_s1/camouflage_relation_oracle/0.15/seed_1/graph.bin,/kaggle/working/gfd-robustness-v4-factorial-r1/graphs/variants/yelpchi/r60_s1/camouflage_relation_oracle/0.15/seed_1/graph.bin,ok,
gfd_robustness_benchmark_v4_factorial,yelpchi,r60_s1,1,3,camouflage_relation_oracle,0.15,mlp,train_clean_eval_all,0.7816018135572033,0.4143485547512492,0.6496944434221562,0.6969894766807556,0.0928605079971021,100,100,0.8041077869722045,roc_auc,max_epochs,45954,8070570,175.622802734375,176.0,175.622802734375,176.0,0.2311030030250549,0.1452974677085876,/kaggle/working/gfd-robustness-v4-factorial-r1/graphs/base/yelpchi/r60_s1/graph.bin,/kaggle/working/gfd-robustness-v4-factorial-r1/graphs/variants/yelpchi/r60_s1/camouflage_relation_oracle/0.15/seed_1/graph.bin,/kaggle/working/gfd-robustness-v4-factorial-r1/graphs/base/yelpchi/r60_s1/graph.bin,ok,
gfd_robustness_benchmark_v4_factorial,yelpchi,r60_s1,1,3,camouflage_relation_oracle,0.15,mlp,train_on_variant,0.7816018135572033,0.4143485547512492,0.6496944434221562,0.6969894766807556,1.798454234001838,100,100,0.8041077869722045,roc_auc,max_epochs,45954,8070570,175.622802734375,176.0,175.622802734375,176.0,0.2311030030250549,0.1452974677085876,/kaggle/working/gfd-robustness-v4-factorial-r1/graphs/base/yelpchi/r60_s1/graph.bin,/kaggle/working/gfd-robustness-v4-factorial-r1/graphs/variants/yelpchi/r60_s1/camouflage_relation_oracle/0.15/seed_1/graph.bin,/kaggle/working/gfd-robustness-v4-factorial-r1/graphs/variants/yelpchi/r60_s1/camouflage_relation_oracle/0.15/seed_1/graph.bin,ok,
gfd_robustness_benchmark_v4_factorial,yelpchi,r60_s1,1,3,camouflage_relation_oracle,0.15,pmp,train_clean_eval_all,0.8333103078466285,0.5524037875772613,0.7110360915996183,0.3360407650470733,0.2709858790003636,64,54,0.863328636785177,roc_auc,early_stopping,45954,8070570,175.622802734375,176.0,175.622802734375,176.0,0.2311030030250549,0.1452974677085876,/kaggle/working/gfd-robustness-v4-factorial-r1/graphs/base/yelpchi/r60_s1/graph.bin,/kaggle/working/gfd-robustness-v4-factorial-r1/graphs/variants/yelpchi/r60_s1/camouflage_relation_oracle/0.15/seed_1/graph.bin,/kaggle/working/gfd-robustness-v4-factorial-r1/graphs/base/yelpchi/r60_s1/graph.bin,ok,
gfd_robustness_benchmark_v4_factorial,yelpchi,r60_s1,1,3,camouflage_relation_oracle,0.15,pmp,train_on_variant,0.8370442954467846,0.5495256883341625,0.7106908193041173,0.2553991973400116,44.88634228199953,55,45,0.8590249775304739,roc_auc,early_stopping,45954,8070570,175.622802734375,176.0,175.622802734375,176.0,0.2311030030250549,0.1452974677085876,/kaggle/working/gfd-robustness-v4-factorial-r1/graphs/base/yelpchi/r60_s1/graph.bin,/kaggle/working/gfd-robustness-v4-factorial-r1/graphs/variants/yelpchi/r60_s1/camouflage_relation_oracle/0.15/seed_1/graph.bin,/kaggle/working/gfd-robustness-v4-factorial-r1/graphs/variants/yelpchi/r60_s1/camouflage_relation_oracle/0.15/seed_1/graph.bin,ok,
gfd_robustness_benchmark_v4_factorial,yelpchi,r60_s1,1,3,camouflage_relation_oracle,0.15,sage,train_clean_eval_all,0.7689028447687111,0.4086760613042043,0.6465399839490904,0.6734314560890198,0.1504497479982092,100,100,0.7957354389126895,roc_auc,max_epochs,45954,8070570,175.622802734375,176.0,175.622802734375,176.0,0.2311030030250549,0.1452974677085876,/kaggle/working/gfd-robustness-v4-factorial-r1/graphs/base/yelpchi/r60_s1/graph.bin,/kaggle/working/gfd-robustness-v4-factorial-r1/graphs/variants/yelpchi/r60_s1/camouflage_relation_oracle/0.15/seed_1/graph.bin,/kaggle/working/gfd-robustness-v4-factorial-r1/graphs/base/yelpchi/r60_s1/graph.bin,ok,
gfd_robustness_benchmark_v4_factorial,yelpchi,r60_s1,1,3,camouflage_relation_oracle,0.15,sage,train_on_variant,0.7687810796431577,0.4129483430152103,0.6487591726518985,0.6635724306106567,3.335660459000792,100,100,0.7939364464057103,roc_auc,max_epochs,45954,8070570,175.622802734375,176.0,175.622802734375,176.0,0.2311030030250549,0.1452974677085876,/kaggle/working/gfd-robustness-v4-factorial-r1/graphs/base/yelpchi/r60_s1/graph.bin,/kaggle/working/gfd-robustness-v4-factorial-r1/graphs/variants/yelpchi/r60_s1/camouflage_relation_oracle/0.15/seed_1/graph.bin,/kaggle/working/gfd-robustness-v4-factorial-r1/graphs/variants/yelpchi/r60_s1/camouflage_relation_oracle/0.15/seed_1/graph.bin,ok,
gfd_robustness_benchmark_v4_factorial,yelpchi,r60_s1,1,3,camouflage_relation_oracle,0.15,secgfd,train_clean_eval_all,0.7851905023964292,0.4275632431502616,0.6570196768017885,0.7394757270812988,0.2143323820018849,50,44,0.80207887816868,roc_auc,max_epochs,45954,8070570,175.622802734375,176.0,175.622802734375,176.0,0.2311030030250549,0.1452974677085876,/kaggle/working/gfd-robustness-v4-factorial-r1/graphs/base/yelpchi/r60_s1/graph.bin,/kaggle/working/gfd-robustness-v4-factorial-r1/graphs/variants/yelpchi/r60_s1/camouflage_relation_oracle/0.15/seed_1/graph.bin,/kaggle/working/gfd-robustness-v4-factorial-r1/graphs/base/yelpchi/r60_s1/graph.bin,ok,
gfd_robustness_benchmark_v4_factorial,yelpchi,r60_s1,1,3,camouflage_relation_oracle,0.15,secgfd,train_on_variant,0.7946327781046868,0.4567080196695604,0.6731359931977425,0.7496570348739624,4.79320531600024,50,50,0.8110780842851592,roc_auc,max_epochs,45954,8070570,175.622802734375,176.0,175.622802734375,176.0,0.2311030030250549,0.1452974677085876,/kaggle/working/gfd-robustness-v4-factorial-r1/graphs/base/yelpchi/r60_s1/graph.bin,/kaggle/working/gfd-robustness-v4-factorial-r1/graphs/variants/yelpchi/r60_s1/camouflage_relation_oracle/0.15/seed_1/graph.bin,/kaggle/working/gfd-robustness-v4-factorial-r1/graphs/variants/yelpchi/r60_s1/camouflage_relation_oracle/0.15/seed_1/graph.bin,ok,
gfd_robustness_benchmark_v4_factorial,yelpchi,r60_s1,1,4,camouflage_relation_oracle,0.15,mlp,train_clean_eval_all,0.7806874794199787,0.4201037950434657,0.6496479861960988,0.6775984764099121,0.0991839119997166,100,100,0.8035062473626617,roc_auc,max_epochs,45954,8070570,175.622802734375,176.0,175.622802734375,176.0,0.2311030030250549,0.1452974677085876,/kaggle/working/gfd-robustness-v4-factorial-r1/graphs/base/yelpchi/r60_s1/graph.bin,/kaggle/working/gfd-robustness-v4-factorial-r1/graphs/variants/yelpchi/r60_s1/camouflage_relation_oracle/0.15/seed_1/graph.bin,/kaggle/working/gfd-robustness-v4-factorial-r1/graphs/base/yelpchi/r60_s1/graph.bin,ok,
gfd_robustness_benchmark_v4_factorial,yelpchi,r60_s1,1,4,camouflage_relation_oracle,0.15,mlp,train_on_variant,0.7806874794199787,0.4201037950434657,0.6496479861960988,0.6775984764099121,1.9580212910004773,100,100,0.8035062473626617,roc_auc,max_epochs,45954,8070570,175.622802734375,176.0,175.622802734375,176.0,0.2311030030250549,0.1452974677085876,/kaggle/working/gfd-robustness-v4-factorial-r1/graphs/base/yelpchi/r60_s1/graph.bin,/kaggle/working/gfd-robustness-v4-factorial-r1/graphs/variants/yelpchi/r60_s1/camouflage_relation_oracle/0.15/seed_1/graph.bin,/kaggle/working/gfd-robustness-v4-factorial-r1/graphs/variants/yelpchi/r60_s1/camouflage_relation_oracle/0.15/seed_1/graph.bin,ok,
gfd_robustness_benchmark_v4_factorial,yelpchi,r60_s1,1,4,camouflage_relation_oracle,0.15,pmp,train_clean_eval_all,0.8451564443668671,0.5632760442787949,0.719268439764926,0.5032673478126526,0.2669893910024257,97,87,0.8691705705233195,roc_auc,early_stopping,45954,8070570,175.622802734375,176.0,175.622802734375,176.0,0.2311030030250549,0.1452974677085876,/kaggle/working/gfd-robustness-v4-factorial-r1/graphs/base/yelpchi/r60_s1/graph.bin,/kaggle/working/gfd-robustness-v4-factorial-r1/graphs/variants/yelpchi/r60_s1/camouflage_relation_oracle/0.15/seed_1/graph.bin,/kaggle/working/gfd-robustness-v4-factorial-r1/graphs/base/yelpchi/r60_s1/graph.bin,ok,
gfd_robustness_benchmark_v4_factorial,yelpchi,r60_s1,1,4,camouflage_relation_oracle,0.15,pmp,train_on_variant,0.8425609321072722,0.5624990773981915,0.7162880548454567,0.334561675786972,69.02410509699985,84,74,0.8623780745106173,roc_auc,early_stopping,45954,8070570,175.622802734375,176.0,175.622802734375,176.0,0.2311030030250549,0.1452974677085876,/kaggle/working/gfd-robustness-v4-factorial-r1/graphs/base/yelpchi/r60_s1/graph.bin,/kaggle/working/gfd-robustness-v4-factorial-r1/graphs/variants/yelpchi/r60_s1/camouflage_relation_oracle/0.15/seed_1/graph.bin,/kaggle/working/gfd-robustness-v4-factorial-r1/graphs/variants/yelpchi/r60_s1/camouflage_relation_oracle/0.15/seed_1/graph.bin,ok,
gfd_robustness_benchmark_v4_factorial,yelpchi,r60_s1,1,4,camouflage_relation_oracle,0.15,sage,train_clean_eval_all,0.773408964276132,0.4136726779751709,0.6455081535577528,0.6741504073143005,0.137610735000635,100,100,0.8005188136090231,roc_auc,max_epochs,45954,8070570,175.622802734375,176.0,175.622802734375,176.0,0.2311030030250549,0.1452974677085876,/kaggle/working/gfd-robustness-v4-factorial-r1/graphs/base/yelpchi/r60_s1/graph.bin,/kaggle/working/gfd-robustness-v4-factorial-r1/graphs/variants/yelpchi/r60_s1/camouflage_relation_oracle/0.15/seed_1/graph.bin,/kaggle/working/gfd-robustness-v4-factorial-r1/graphs/base/yelpchi/r60_s1/graph.bin,ok,
gfd_robustness_benchmark_v4_factorial,yelpchi,r60_s1,1,4,camouflage_relation_oracle,0.15,sage,train_on_variant,0.7771931633169507,0.4141276218924992,0.6475937675552839,0.6837702989578247,3.1620272580003075,100,100,0.8019718826959616,roc_auc,max_epochs,45954,8070570,175.622802734375,176.0,175.622802734375,176.0,0.2311030030250549,0.1452974677085876,/kaggle/working/gfd-robustness-v4-factorial-r1/graphs/base/yelpchi/r60_s1/graph.bin,/kaggle/working/gfd-robustness-v4-factorial-r1/graphs/variants/yelpchi/r60_s1/camouflage_relation_oracle/0.15/seed_1/graph.bin,/kaggle/working/gfd-robustness-v4-factorial-r1/graphs/variants/yelpchi/r60_s1/camouflage_relation_oracle/0.15/seed_1/graph.bin,ok,
gfd_robustness_benchmark_v4_factorial,yelpchi,r60_s1,1,4,camouflage_relation_oracle,0.15,secgfd,train_clean_eval_all,0.7879648988682513,0.4330787633482841,0.6644560728323697,0.7461267709732056,0.1700800979997438,50,50,0.8075951527808571,roc_auc,max_epochs,45954,8070570,175.622802734375,176.0,175.622802734375,176.0,0.2311030030250549,0.1452974677085876,/kaggle/working/gfd-robustness-v4-factorial-r1/graphs/base/yelpchi/r60_s1/graph.bin,/kaggle/working/gfd-robustness-v4-factorial-r1/graphs/variants/yelpchi/r60_s1/camouflage_relation_oracle/0.15/seed_1/graph.bin,/kaggle/working/gfd-robustness-v4-factorial-r1/graphs/base/yelpchi/r60_s1/graph.bin,ok,
gfd_robustness_benchmark_v4_factorial,yelpchi,r60_s1,1,4,camouflage_relation_oracle,0.15,secgfd,train_on_variant,0.7908047512408991,0.4415458020506445,0.6655970227723367,0.6715732216835022,4.779342139998335,50,50,0.8069719661371726,roc_auc,max_epochs,45954,8070570,175.622802734375,176.0,175.622802734375,176.0,0.2311030030250549,0.1452974677085876,/kaggle/working/gfd-robustness-v4-factorial-r1/graphs/base/yelpchi/r60_s1/graph.bin,/kaggle/working/gfd-robustness-v4-factorial-r1/graphs/variants/yelpchi/r60_s1/camouflage_relation_oracle/0.15/seed_1/graph.bin,/kaggle/working/gfd-robustness-v4-factorial-r1/graphs/variants/yelpchi/r60_s1/camouflage_relation_oracle/0.15/seed_1/graph.bin,ok,
gfd_robustness_benchmark_v4_factorial,yelpchi,r60_s1,0,0,camouflage_relation_oracle,0.3,mlp,train_clean_eval_all,0.7313415906222179,0.3257175093405576,0.6106510448958343,0.4993019104003906,0.0956201560002227,16,6,0.7522698631802545,roc_auc,early_stopping,45954,8089930,176.04408264160156,176.0,176.04408264160156,176.0,0.2353361546993255,0.1452974677085876,/kaggle/working/gfd-robustness-v4-factorial-r1/graphs/base/yelpchi/r60_s1/graph.bin,/kaggle/working/gfd-robustness-v4-factorial-r1/graphs/variants/yelpchi/r60_s1/camouflage_relation_oracle/0.30/seed_0/graph.bin,/kaggle/working/gfd-robustness-v4-factorial-r1/graphs/base/yelpchi/r60_s1/graph.bin,ok,
gfd_robustness_benchmark_v4_factorial,yelpchi,r60_s1,0,0,camouflage_relation_oracle,0.3,mlp,train_on_variant,0.7313415906222179,0.3257175093405576,0.6106510448958343,0.4993019104003906,0.3959359840009711,16,6,0.7522698631802545,roc_auc,early_stopping,45954,8089930,176.04408264160156,176.0,176.04408264160156,176.0,0.2353361546993255,0.1452974677085876,/kaggle/working/gfd-robustness-v4-factorial-r1/graphs/base/yelpchi/r60_s1/graph.bin,/kaggle/working/gfd-robustness-v4-factorial-r1/graphs/variants/yelpchi/r60_s1/camouflage_relation_oracle/0.30/seed_0/graph.bin,/kaggle/working/gfd-robustness-v4-factorial-r1/graphs/variants/yelpchi/r60_s1/camouflage_relation_oracle/0.30/seed_0/graph.bin,ok,
gfd_robustness_benchmark_v4_factorial,yelpchi,r60_s1,0,0,camouflage_relation_oracle,0.3,pmp,train_clean_eval_all,0.8317820507152701,0.5320766660272139,0.7036232254150436,0.4558625817298889,0.3042942050014972,43,33,0.8640671153419779,roc_auc,early_stopping,45954,8089930,176.04408264160156,176.0,176.04408264160156,176.0,0.2353361546993255,0.1452974677085876,/kaggle/working/gfd-robustness-v4-factorial-r1/graphs/base/yelpchi/r60_s1/graph.bin,/kaggle/working/gfd-robustness-v4-factorial-r1/graphs/variants/yelpchi/r60_s1/camouflage_relation_oracle/0.30/seed_0/graph.bin,/kaggle/working/gfd-robustness-v4-factorial-r1/graphs/base/yelpchi/r60_s1/graph.bin,ok,
gfd_robustness_benchmark_v4_factorial,yelpchi,r60_s1,0,0,camouflage_relation_oracle,0.3,pmp,train_on_variant,0.8315085079332171,0.5438133454065426,0.7067240237989691,0.2900139987468719,52.45270912300112,67,57,0.8577881403814932,roc_auc,early_stopping,45954,8089930,176.04408264160156,176.0,176.04408264160156,176.0,0.2353361546993255,0.1452974677085876,/kaggle/working/gfd-robustness-v4-factorial-r1/graphs/base/yelpchi/r60_s1/graph.bin,/kaggle/working/gfd-robustness-v4-factorial-r1/graphs/variants/yelpchi/r60_s1/camouflage_relation_oracle/0.30/seed_0/graph.bin,/kaggle/working/gfd-robustness-v4-factorial-r1/graphs/variants/yelpchi/r60_s1/camouflage_relation_oracle/0.30/seed_0/graph.bin,ok,
gfd_robustness_benchmark_v4_factorial,yelpchi,r60_s1,0,0,camouflage_relation_oracle,0.3,sage,train_clean_eval_all,0.7875805002774492,0.4378133689049702,0.6682421047400922,0.6908925771713257,0.1182251969985372,100,100,0.8115424465439842,roc_auc,max_epochs,45954,8089930,176.04408264160156,176.0,176.04408264160156,176.0,0.2353361546993255,0.1452974677085876,/kaggle/working/gfd-robustness-v4-factorial-r1/graphs/base/yelpchi/r60_s1/graph.bin,/kaggle/working/gfd-robustness-v4-factorial-r1/graphs/variants/yelpchi/r60_s1/camouflage_relation_oracle/0.30/seed_0/graph.bin,/kaggle/working/gfd-robustness-v4-factorial-r1/graphs/base/yelpchi/r60_s1/graph.bin,ok,
gfd_robustness_benchmark_v4_factorial,yelpchi,r60_s1,0,0,camouflage_relation_oracle,0.3,sage,train_on_variant,0.7727702213952949,0.4242868328506487,0.6540210086560913,0.636691689491272,3.338451724001061,100,100,0.7946934250709846,roc_auc,max_epochs,45954,8089930,176.04408264160156,176.0,176.04408264160156,176.0,0.2353361546993255,0.1452974677085876,/kaggle/working/gfd-robustness-v4-factorial-r1/graphs/base/yelpchi/r60_s1/graph.bin,/kaggle/working/gfd-robustness-v4-factorial-r1/graphs/variants/yelpchi/r60_s1/camouflage_relation_oracle/0.30/seed_0/graph.bin,/kaggle/working/gfd-robustness-v4-factorial-r1/graphs/variants/yelpchi/r60_s1/camouflage_relation_oracle/0.30/seed_0/graph.bin,ok,
gfd_robustness_benchmark_v4_factorial,yelpchi,r60_s1,0,0,camouflage_relation_oracle,0.3,secgfd,train_clean_eval_all,0.803410919378148,0.4752150623270714,0.6807906288671977,0.6614007353782654,0.1687502399981895,50,50,0.8176709412406993,roc_auc,max_epochs,45954,8089930,176.04408264160156,176.0,176.04408264160156,176.0,0.2353361546993255,0.1452974677085876,/kaggle/working/gfd-robustness-v4-factorial-r1/graphs/base/yelpchi/r60_s1/graph.bin,/kaggle/working/gfd-robustness-v4-factorial-r1/graphs/variants/yelpchi/r60_s1/camouflage_relation_oracle/0.30/seed_0/graph.bin,/kaggle/working/gfd-robustness-v4-factorial-r1/graphs/base/yelpchi/r60_s1/graph.bin,ok,
gfd_robustness_benchmark_v4_factorial,yelpchi,r60_s1,0,0,camouflage_relation_oracle,0.3,secgfd,train_on_variant,0.8293144490042319,0.5215078426305075,0.7051041114969321,0.501971960067749,4.754519526999502,50,48,0.8378195619574831,roc_auc,max_epochs,45954,8089930,176.04408264160156,176.0,176.04408264160156,176.0,0.2353361546993255,0.1452974677085876,/kaggle/working/gfd-robustness-v4-factorial-r1/graphs/base/yelpchi/r60_s1/graph.bin,/kaggle/working/gfd-robustness-v4-factorial-r1/graphs/variants/yelpchi/r60_s1/camouflage_relation_oracle/0.30/seed_0/graph.bin,/kaggle/working/gfd-robustness-v4-factorial-r1/graphs/variants/yelpchi/r60_s1/camouflage_relation_oracle/0.30/seed_0/graph.bin,ok,
gfd_robustness_benchmark_v4_factorial,yelpchi,r60_s1,0,1,camouflage_relation_oracle,0.3,mlp,train_clean_eval_all,0.7838484658737515,0.4223574749223457,0.6531032177334472,0.6898988485336304,0.0865674739980022,100,100,0.8046757116939282,roc_auc,max_epochs,45954,8089930,176.04408264160156,176.0,176.04408264160156,176.0,0.2353361546993255,0.1452974677085876,/kaggle/working/gfd-robustness-v4-factorial-r1/graphs/base/yelpchi/r60_s1/graph.bin,/kaggle/working/gfd-robustness-v4-factorial-r1/graphs/variants/yelpchi/r60_s1/camouflage_relation_oracle/0.30/seed_0/graph.bin,/kaggle/working/gfd-robustness-v4-factorial-r1/graphs/base/yelpchi/r60_s1/graph.bin,ok,
gfd_robustness_benchmark_v4_factorial,yelpchi,r60_s1,0,1,camouflage_relation_oracle,0.3,mlp,train_on_variant,0.7838484658737515,0.4223574749223457,0.6531032177334472,0.6898988485336304,1.9585261659995008,100,100,0.8046757116939282,roc_auc,max_epochs,45954,8089930,176.04408264160156,176.0,176.04408264160156,176.0,0.2353361546993255,0.1452974677085876,/kaggle/working/gfd-robustness-v4-factorial-r1/graphs/base/yelpchi/r60_s1/graph.bin,/kaggle/working/gfd-robustness-v4-factorial-r1/graphs/variants/yelpchi/r60_s1/camouflage_relation_oracle/0.30/seed_0/graph.bin,/kaggle/working/gfd-robustness-v4-factorial-r1/graphs/variants/yelpchi/r60_s1/camouflage_relation_oracle/0.30/seed_0/graph.bin,ok,
gfd_robustness_benchmark_v4_factorial,yelpchi,r60_s1,0,1,camouflage_relation_oracle,0.3,pmp,train_clean_eval_all,0.828230520247692,0.5287462172513573,0.7063250500941796,0.3602780103683471,0.3080481010001676,51,41,0.8613966151476791,roc_auc,early_stopping,45954,8089930,176.04408264160156,176.0,176.04408264160156,176.0,0.2353361546993255,0.1452974677085876,/kaggle/working/gfd-robustness-v4-factorial-r1/graphs/base/yelpchi/r60_s1/graph.bin,/kaggle/working/gfd-robustness-v4-factorial-r1/graphs/variants/yelpchi/r60_s1/camouflage_relation_oracle/0.30/seed_0/graph.bin,/kaggle/working/gfd-robustness-v4-factorial-r1/graphs/base/yelpchi/r60_s1/graph.bin,ok,
gfd_robustness_benchmark_v4_factorial,yelpchi,r60_s1,0,1,camouflage_relation_oracle,0.3,pmp,train_on_variant,0.8510804892252155,0.5884411807185299,0.7235599131559498,0.1881009489297866,78.08009053800197,100,98,0.8726980834745874,roc_auc,max_epochs,45954,8089930,176.04408264160156,176.0,176.04408264160156,176.0,0.2353361546993255,0.1452974677085876,/kaggle/working/gfd-robustness-v4-factorial-r1/graphs/base/yelpchi/r60_s1/graph.bin,/kaggle/working/gfd-robustness-v4-factorial-r1/graphs/variants/yelpchi/r60_s1/camouflage_relation_oracle/0.30/seed_0/graph.bin,/kaggle/working/gfd-robustness-v4-factorial-r1/graphs/variants/yelpchi/r60_s1/camouflage_relation_oracle/0.30/seed_0/graph.bin,ok,
gfd_robustness_benchmark_v4_factorial,yelpchi,r60_s1,0,1,camouflage_relation_oracle,0.3,sage,train_clean_eval_all,0.6169822714550532,0.2016805593929737,0.5487226941604149,0.2996191680431366,0.1195367529981012,23,13,0.6071633087539366,roc_auc,early_stopping,45954,8089930,176.04408264160156,176.0,176.04408264160156,176.0,0.2353361546993255,0.1452974677085876,/kaggle/working/gfd-robustness-v4-factorial-r1/graphs/base/yelpchi/r60_s1/graph.bin,/kaggle/working/gfd-robustness-v4-factorial-r1/graphs/variants/yelpchi/r60_s1/camouflage_relation_oracle/0.30/seed_0/graph.bin,/kaggle/working/gfd-robustness-v4-factorial-r1/graphs/base/yelpchi/r60_s1/graph.bin,ok,
gfd_robustness_benchmark_v4_factorial,yelpchi,r60_s1,0,1,camouflage_relation_oracle,0.3,sage,train_on_variant,0.617965110385136,0.2018385654011495,0.5497119567347258,0.3005736172199249,0.9120061460016586,23,13,0.6141672686354024,roc_auc,early_stopping,45954,8089930,176.04408264160156,176.0,176.04408264160156,176.0,0.2353361546993255,0.1452974677085876,/kaggle/working/gfd-robustness-v4-factorial-r1/graphs/base/yelpchi/r60_s1/graph.bin,/kaggle/working/gfd-robustness-v4-factorial-r1/graphs/variants/yelpchi/r60_s1/camouflage_relation_oracle/0.30/seed_0/graph.bin,/kaggle/working/gfd-robustness-v4-factorial-r1/graphs/variants/yelpchi/r60_s1/camouflage_relation_oracle/0.30/seed_0/graph.bin,ok,
gfd_robustness_benchmark_v4_factorial,yelpchi,r60_s1,0,1,camouflage_relation_oracle,0.3,secgfd,train_clean_eval_all,0.7932770692068003,0.4348985217763628,0.664930302106882,0.7126186490058899,0.1875662130005366,50,50,0.8104918501777297,roc_auc,max_epochs,45954,8089930,176.04408264160156,176.0,176.04408264160156,176.0,0.2353361546993255,0.1452974677085876,/kaggle/working/gfd-robustness-v4-factorial-r1/graphs/base/yelpchi/r60_s1/graph.bin,/kaggle/working/gfd-robustness-v4-factorial-r1/graphs/variants/yelpchi/r60_s1/camouflage_relation_oracle/0.30/seed_0/graph.bin,/kaggle/working/gfd-robustness-v4-factorial-r1/graphs/base/yelpchi/r60_s1/graph.bin,ok,
gfd_robustness_benchmark_v4_factorial,yelpchi,r60_s1,0,1,camouflage_relation_oracle,0.3,secgfd,train_on_variant,0.8210011208489335,0.4996270689956084,0.6946615926948179,0.6976891160011292,4.874475270000403,50,50,0.8353689651144217,roc_auc,max_epochs,45954,8089930,176.04408264160156,176.0,176.04408264160156,176.0,0.2353361546993255,0.1452974677085876,/kaggle/working/gfd-robustness-v4-factorial-r1/graphs/base/yelpchi/r60_s1/graph.bin,/kaggle/working/gfd-robustness-v4-factorial-r1/graphs/variants/yelpchi/r60_s1/camouflage_relation_oracle/0.30/seed_0/graph.bin,/kaggle/working/gfd-robustness-v4-factorial-r1/graphs/variants/yelpchi/r60_s1/camouflage_relation_oracle/0.30/seed_0/graph.bin,ok,
gfd_robustness_benchmark_v4_factorial,yelpchi,r60_s1,0,2,camouflage_relation_oracle,0.3,mlp,train_clean_eval_all,0.7843809262838884,0.425287123032842,0.6571495387316263,0.6982053518295288,0.0905138820016873,100,100,0.8050527229251151,roc_auc,max_epochs,45954,8089930,176.04408264160156,176.0,176.04408264160156,176.0,0.2353361546993255,0.1452974677085876,/kaggle/working/gfd-robustness-v4-factorial-r1/graphs/base/yelpchi/r60_s1/graph.bin,/kaggle/working/gfd-robustness-v4-factorial-r1/graphs/variants/yelpchi/r60_s1/camouflage_relation_oracle/0.30/seed_0/graph.bin,/kaggle/working/gfd-robustness-v4-factorial-r1/graphs/base/yelpchi/r60_s1/graph.bin,ok,
gfd_robustness_benchmark_v4_factorial,yelpchi,r60_s1,0,2,camouflage_relation_oracle,0.3,mlp,train_on_variant,0.7843809262838884,0.425287123032842,0.6571495387316263,0.6982053518295288,1.978534829999262,100,100,0.8050527229251151,roc_auc,max_epochs,45954,8089930,176.04408264160156,176.0,176.04408264160156,176.0,0.2353361546993255,0.1452974677085876,/kaggle/working/gfd-robustness-v4-factorial-r1/graphs/base/yelpchi/r60_s1/graph.bin,/kaggle/working/gfd-robustness-v4-factorial-r1/graphs/variants/yelpchi/r60_s1/camouflage_relation_oracle/0.30/seed_0/graph.bin,/kaggle/working/gfd-robustness-v4-factorial-r1/graphs/variants/yelpchi/r60_s1/camouflage_relation_oracle/0.30/seed_0/graph.bin,ok,
gfd_robustness_benchmark_v4_factorial,yelpchi,r60_s1,0,2,camouflage_relation_oracle,0.3,pmp,train_clean_eval_all,0.831973178134566,0.5304513756928264,0.7016599227349353,0.3910762369632721,0.2633107640031085,61,51,0.8651209063145925,roc_auc,early_stopping,45954,8089930,176.04408264160156,176.0,176.04408264160156,176.0,0.2353361546993255,0.1452974677085876,/kaggle/working/gfd-robustness-v4-factorial-r1/graphs/base/yelpchi/r60_s1/graph.bin,/kaggle/working/gfd-robustness-v4-factorial-r1/graphs/variants/yelpchi/r60_s1/camouflage_relation_oracle/0.30/seed_0/graph.bin,/kaggle/working/gfd-robustness-v4-factorial-r1/graphs/base/yelpchi/r60_s1/graph.bin,ok,
gfd_robustness_benchmark_v4_factorial,yelpchi,r60_s1,0,2,camouflage_relation_oracle,0.3,pmp,train_on_variant,0.8403108974261253,0.5525923546725067,0.7143010158313616,0.3229594230651855,77.45893317200171,98,88,0.8665646299859103,roc_auc,early_stopping,45954,8089930,176.04408264160156,176.0,176.04408264160156,176.0,0.2353361546993255,0.1452974677085876,/kaggle/working/gfd-robustness-v4-factorial-r1/graphs/base/yelpchi/r60_s1/graph.bin,/kaggle/working/gfd-robustness-v4-factorial-r1/graphs/variants/yelpchi/r60_s1/camouflage_relation_oracle/0.30/seed_0/graph.bin,/kaggle/working/gfd-robustness-v4-factorial-r1/graphs/variants/yelpchi/r60_s1/camouflage_relation_oracle/0.30/seed_0/graph.bin,ok,
gfd_robustness_benchmark_v4_factorial,yelpchi,r60_s1,0,2,camouflage_relation_oracle,0.3,sage,train_clean_eval_all,0.7662876576277181,0.4023929248334226,0.6381114467992361,0.6638100147247314,0.1380987070006085,100,100,0.794380449009076,roc_auc,max_epochs,45954,8089930,176.04408264160156,176.0,176.04408264160156,176.0,0.2353361546993255,0.1452974677085876,/kaggle/working/gfd-robustness-v4-factorial-r1/graphs/base/yelpchi/r60_s1/graph.bin,/kaggle/working/gfd-robustness-v4-factorial-r1/graphs/variants/yelpchi/r60_s1/camouflage_relation_oracle/0.30/seed_0/graph.bin,/kaggle/working/gfd-robustness-v4-factorial-r1/graphs/base/yelpchi/r60_s1/graph.bin,ok,
gfd_robustness_benchmark_v4_factorial,yelpchi,r60_s1,0,2,camouflage_relation_oracle,0.3,sage,train_on_variant,0.7786736862324232,0.4246320689290693,0.6511666837371324,0.6298849582672119,3.197399120999762,100,100,0.8011737079128493,roc_auc,max_epochs,45954,8089930,176.04408264160156,176.0,176.04408264160156,176.0,0.2353361546993255,0.1452974677085876,/kaggle/working/gfd-robustness-v4-factorial-r1/graphs/base/yelpchi/r60_s1/graph.bin,/kaggle/working/gfd-robustness-v4-factorial-r1/graphs/variants/yelpchi/r60_s1/camouflage_relation_oracle/0.30/seed_0/graph.bin,/kaggle/working/gfd-robustness-v4-factorial-r1/graphs/variants/yelpchi/r60_s1/camouflage_relation_oracle/0.30/seed_0/graph.bin,ok,
gfd_robustness_benchmark_v4_factorial,yelpchi,r60_s1,0,2,camouflage_relation_oracle,0.3,secgfd,train_clean_eval_all,0.8045135225983877,0.4855405907396308,0.6825052810135079,0.7434759140014648,0.1690814310022688,50,50,0.8145421342354521,roc_auc,max_epochs,45954,8089930,176.04408264160156,176.0,176.04408264160156,176.0,0.2353361546993255,0.1452974677085876,/kaggle/working/gfd-robustness-v4-factorial-r1/graphs/base/yelpchi/r60_s1/graph.bin,/kaggle/working/gfd-robustness-v4-factorial-r1/graphs/variants/yelpchi/r60_s1/camouflage_relation_oracle/0.30/seed_0/graph.bin,/kaggle/working/gfd-robustness-v4-factorial-r1/graphs/base/yelpchi/r60_s1/graph.bin,ok,
gfd_robustness_benchmark_v4_factorial,yelpchi,r60_s1,0,2,camouflage_relation_oracle,0.3,secgfd,train_on_variant,0.8322998383325,0.5340473607804305,0.7087842298628625,0.7490130662918091,4.856404930000281,50,49,0.8438375328102762,roc_auc,max_epochs,45954,8089930,176.04408264160156,176.0,176.04408264160156,176.0,0.2353361546993255,0.1452974677085876,/kaggle/working/gfd-robustness-v4-factorial-r1/graphs/base/yelpchi/r60_s1/graph.bin,/kaggle/working/gfd-robustness-v4-factorial-r1/graphs/variants/yelpchi/r60_s1/camouflage_relation_oracle/0.30/seed_0/graph.bin,/kaggle/working/gfd-robustness-v4-factorial-r1/graphs/variants/yelpchi/r60_s1/camouflage_relation_oracle/0.30/seed_0/graph.bin,ok,
gfd_robustness_benchmark_v4_factorial,yelpchi,r60_s1,0,3,camouflage_relation_oracle,0.3,mlp,train_clean_eval_all,0.7816018135572033,0.4143485547512492,0.6496944434221562,0.6969894766807556,0.0934718870012147,100,100,0.8041077869722045,roc_auc,max_epochs,45954,8089930,176.04408264160156,176.0,176.04408264160156,176.0,0.2353361546993255,0.1452974677085876,/kaggle/working/gfd-robustness-v4-factorial-r1/graphs/base/yelpchi/r60_s1/graph.bin,/kaggle/working/gfd-robustness-v4-factorial-r1/graphs/variants/yelpchi/r60_s1/camouflage_relation_oracle/0.30/seed_0/graph.bin,/kaggle/working/gfd-robustness-v4-factorial-r1/graphs/base/yelpchi/r60_s1/graph.bin,ok,
gfd_robustness_benchmark_v4_factorial,yelpchi,r60_s1,0,3,camouflage_relation_oracle,0.3,mlp,train_on_variant,0.7816018135572033,0.4143485547512492,0.6496944434221562,0.6969894766807556,1.92788396999822,100,100,0.8041077869722045,roc_auc,max_epochs,45954,8089930,176.04408264160156,176.0,176.04408264160156,176.0,0.2353361546993255,0.1452974677085876,/kaggle/working/gfd-robustness-v4-factorial-r1/graphs/base/yelpchi/r60_s1/graph.bin,/kaggle/working/gfd-robustness-v4-factorial-r1/graphs/variants/yelpchi/r60_s1/camouflage_relation_oracle/0.30/seed_0/graph.bin,/kaggle/working/gfd-robustness-v4-factorial-r1/graphs/variants/yelpchi/r60_s1/camouflage_relation_oracle/0.30/seed_0/graph.bin,ok,
gfd_robustness_benchmark_v4_factorial,yelpchi,r60_s1,0,3,camouflage_relation_oracle,0.3,pmp,train_clean_eval_all,0.8308111691586277,0.5391865807008017,0.7009062297488403,0.3360407650470733,0.2750059760001022,64,54,0.863328636785177,roc_auc,early_stopping,45954,8089930,176.04408264160156,176.0,176.04408264160156,176.0,0.2353361546993255,0.1452974677085876,/kaggle/working/gfd-robustness-v4-factorial-r1/graphs/base/yelpchi/r60_s1/graph.bin,/kaggle/working/gfd-robustness-v4-factorial-r1/graphs/variants/yelpchi/r60_s1/camouflage_relation_oracle/0.30/seed_0/graph.bin,/kaggle/working/gfd-robustness-v4-factorial-r1/graphs/base/yelpchi/r60_s1/graph.bin,ok,
gfd_robustness_benchmark_v4_factorial,yelpchi,r60_s1,0,3,camouflage_relation_oracle,0.3,pmp,train_on_variant,0.8484411015037135,0.5839149593367781,0.7306820491729658,0.4109302759170532,67.16868661199987,86,76,0.8700323513494828,roc_auc,early_stopping,45954,8089930,176.04408264160156,176.0,176.04408264160156,176.0,0.2353361546993255,0.1452974677085876,/kaggle/working/gfd-robustness-v4-factorial-r1/graphs/base/yelpchi/r60_s1/graph.bin,/kaggle/working/gfd-robustness-v4-factorial-r1/graphs/variants/yelpchi/r60_s1/camouflage_relation_oracle/0.30/seed_0/graph.bin,/kaggle/working/gfd-robustness-v4-factorial-r1/graphs/variants/yelpchi/r60_s1/camouflage_relation_oracle/0.30/seed_0/graph.bin,ok,
gfd_robustness_benchmark_v4_factorial,yelpchi,r60_s1,0,3,camouflage_relation_oracle,0.3,sage,train_clean_eval_all,0.7673891651523836,0.4059392201403098,0.645047923820859,0.6734314560890198,0.1093448389983677,100,100,0.7957354389126895,roc_auc,max_epochs,45954,8089930,176.04408264160156,176.0,176.04408264160156,176.0,0.2353361546993255,0.1452974677085876,/kaggle/working/gfd-robustness-v4-factorial-r1/graphs/base/yelpchi/r60_s1/graph.bin,/kaggle/working/gfd-robustness-v4-factorial-r1/graphs/variants/yelpchi/r60_s1/camouflage_relation_oracle/0.30/seed_0/graph.bin,/kaggle/working/gfd-robustness-v4-factorial-r1/graphs/base/yelpchi/r60_s1/graph.bin,ok,
gfd_robustness_benchmark_v4_factorial,yelpchi,r60_s1,0,3,camouflage_relation_oracle,0.3,sage,train_on_variant,0.7705013693336341,0.4151232770630059,0.6522811623039222,0.6596471071243286,3.2678056830009155,100,100,0.7956151882076112,roc_auc,max_epochs,45954,8089930,176.04408264160156,176.0,176.04408264160156,176.0,0.2353361546993255,0.1452974677085876,/kaggle/working/gfd-robustness-v4-factorial-r1/graphs/base/yelpchi/r60_s1/graph.bin,/kaggle/working/gfd-robustness-v4-factorial-r1/graphs/variants/yelpchi/r60_s1/camouflage_relation_oracle/0.30/seed_0/graph.bin,/kaggle/working/gfd-robustness-v4-factorial-r1/graphs/variants/yelpchi/r60_s1/camouflage_relation_oracle/0.30/seed_0/graph.bin,ok,
gfd_robustness_benchmark_v4_factorial,yelpchi,r60_s1,0,3,camouflage_relation_oracle,0.3,secgfd,train_clean_eval_all,0.7900964555105675,0.4352356264344292,0.6603516625053446,0.7394757270812988,0.1622824029982439,50,44,0.80207887816868,roc_auc,max_epochs,45954,8089930,176.04408264160156,176.0,176.04408264160156,176.0,0.2353361546993255,0.1452974677085876,/kaggle/working/gfd-robustness-v4-factorial-r1/graphs/base/yelpchi/r60_s1/graph.bin,/kaggle/working/gfd-robustness-v4-factorial-r1/graphs/variants/yelpchi/r60_s1/camouflage_relation_oracle/0.30/seed_0/graph.bin,/kaggle/working/gfd-robustness-v4-factorial-r1/graphs/base/yelpchi/r60_s1/graph.bin,ok,
gfd_robustness_benchmark_v4_factorial,yelpchi,r60_s1,0,3,camouflage_relation_oracle,0.3,secgfd,train_on_variant,0.8166130029909631,0.498986935542119,0.6889762132428052,0.7151390910148621,4.929774080999778,50,50,0.8278184414612225,roc_auc,max_epochs,45954,8089930,176.04408264160156,176.0,176.04408264160156,176.0,0.2353361546993255,0.1452974677085876,/kaggle/working/gfd-robustness-v4-factorial-r1/graphs/base/yelpchi/r60_s1/graph.bin,/kaggle/working/gfd-robustness-v4-factorial-r1/graphs/variants/yelpchi/r60_s1/camouflage_relation_oracle/0.30/seed_0/graph.bin,/kaggle/working/gfd-robustness-v4-factorial-r1/graphs/variants/yelpchi/r60_s1/camouflage_relation_oracle/0.30/seed_0/graph.bin,ok,
gfd_robustness_benchmark_v4_factorial,yelpchi,r60_s1,0,4,camouflage_relation_oracle,0.3,mlp,train_clean_eval_all,0.7806874794199787,0.4201037950434657,0.6496479861960988,0.6775984764099121,0.067880320999393,100,100,0.8035062473626617,roc_auc,max_epochs,45954,8089930,176.04408264160156,176.0,176.04408264160156,176.0,0.2353361546993255,0.1452974677085876,/kaggle/working/gfd-robustness-v4-factorial-r1/graphs/base/yelpchi/r60_s1/graph.bin,/kaggle/working/gfd-robustness-v4-factorial-r1/graphs/variants/yelpchi/r60_s1/camouflage_relation_oracle/0.30/seed_0/graph.bin,/kaggle/working/gfd-robustness-v4-factorial-r1/graphs/base/yelpchi/r60_s1/graph.bin,ok,
gfd_robustness_benchmark_v4_factorial,yelpchi,r60_s1,0,4,camouflage_relation_oracle,0.3,mlp,train_on_variant,0.7806874794199787,0.4201037950434657,0.6496479861960988,0.6775984764099121,1.7199354530021085,100,100,0.8035062473626617,roc_auc,max_epochs,45954,8089930,176.04408264160156,176.0,176.04408264160156,176.0,0.2353361546993255,0.1452974677085876,/kaggle/working/gfd-robustness-v4-factorial-r1/graphs/base/yelpchi/r60_s1/graph.bin,/kaggle/working/gfd-robustness-v4-factorial-r1/graphs/variants/yelpchi/r60_s1/camouflage_relation_oracle/0.30/seed_0/graph.bin,/kaggle/working/gfd-robustness-v4-factorial-r1/graphs/variants/yelpchi/r60_s1/camouflage_relation_oracle/0.30/seed_0/graph.bin,ok,
gfd_robustness_benchmark_v4_factorial,yelpchi,r60_s1,0,4,camouflage_relation_oracle,0.3,pmp,train_clean_eval_all,0.8417900388123956,0.5513683218293399,0.7135065651870788,0.5032673478126526,0.2647693920007441,97,87,0.8691705705233195,roc_auc,early_stopping,45954,8089930,176.04408264160156,176.0,176.04408264160156,176.0,0.2353361546993255,0.1452974677085876,/kaggle/working/gfd-robustness-v4-factorial-r1/graphs/base/yelpchi/r60_s1/graph.bin,/kaggle/working/gfd-robustness-v4-factorial-r1/graphs/variants/yelpchi/r60_s1/camouflage_relation_oracle/0.30/seed_0/graph.bin,/kaggle/working/gfd-robustness-v4-factorial-r1/graphs/base/yelpchi/r60_s1/graph.bin,ok,
gfd_robustness_benchmark_v4_factorial,yelpchi,r60_s1,0,4,camouflage_relation_oracle,0.3,pmp,train_on_variant,0.8316643825383856,0.537844937738788,0.7062257661689263,0.3641409277915954,32.89044127200032,42,32,0.8562376596409167,roc_auc,early_stopping,45954,8089930,176.04408264160156,176.0,176.04408264160156,176.0,0.2353361546993255,0.1452974677085876,/kaggle/working/gfd-robustness-v4-factorial-r1/graphs/base/yelpchi/r60_s1/graph.bin,/kaggle/working/gfd-robustness-v4-factorial-r1/graphs/variants/yelpchi/r60_s1/camouflage_relation_oracle/0.30/seed_0/graph.bin,/kaggle/working/gfd-robustness-v4-factorial-r1/graphs/variants/yelpchi/r60_s1/camouflage_relation_oracle/0.30/seed_0/graph.bin,ok,
gfd_robustness_benchmark_v4_factorial,yelpchi,r60_s1,0,4,camouflage_relation_oracle,0.3,sage,train_clean_eval_all,0.7706390935034209,0.4100623494442906,0.6455081535577528,0.6741504073143005,0.152773788999184,100,100,0.8005188136090231,roc_auc,max_epochs,45954,8089930,176.04408264160156,176.0,176.04408264160156,176.0,0.2353361546993255,0.1452974677085876,/kaggle/working/gfd-robustness-v4-factorial-r1/graphs/base/yelpchi/r60_s1/graph.bin,/kaggle/working/gfd-robustness-v4-factorial-r1/graphs/variants/yelpchi/r60_s1/camouflage_relation_oracle/0.30/seed_0/graph.bin,/kaggle/working/gfd-robustness-v4-factorial-r1/graphs/base/yelpchi/r60_s1/graph.bin,ok,
gfd_robustness_benchmark_v4_factorial,yelpchi,r60_s1,0,4,camouflage_relation_oracle,0.3,sage,train_on_variant,0.7784668856025221,0.4245073016174979,0.6536045203088983,0.6812946796417236,3.2160830940010783,100,100,0.8020709154931256,roc_auc,max_epochs,45954,8089930,176.04408264160156,176.0,176.04408264160156,176.0,0.2353361546993255,0.1452974677085876,/kaggle/working/gfd-robustness-v4-factorial-r1/graphs/base/yelpchi/r60_s1/graph.bin,/kaggle/working/gfd-robustness-v4-factorial-r1/graphs/variants/yelpchi/r60_s1/camouflage_relation_oracle/0.30/seed_0/graph.bin,/kaggle/working/gfd-robustness-v4-factorial-r1/graphs/variants/yelpchi/r60_s1/camouflage_relation_oracle/0.30/seed_0/graph.bin,ok,
gfd_robustness_benchmark_v4_factorial,yelpchi,r60_s1,0,4,camouflage_relation_oracle,0.3,secgfd,train_clean_eval_all,0.79106828984597,0.4389877770908857,0.6680859823093355,0.7461267709732056,0.1747030520018597,50,50,0.8075951527808571,roc_auc,max_epochs,45954,8089930,176.04408264160156,176.0,176.04408264160156,176.0,0.2353361546993255,0.1452974677085876,/kaggle/working/gfd-robustness-v4-factorial-r1/graphs/base/yelpchi/r60_s1/graph.bin,/kaggle/working/gfd-robustness-v4-factorial-r1/graphs/variants/yelpchi/r60_s1/camouflage_relation_oracle/0.30/seed_0/graph.bin,/kaggle/working/gfd-robustness-v4-factorial-r1/graphs/base/yelpchi/r60_s1/graph.bin,ok,
gfd_robustness_benchmark_v4_factorial,yelpchi,r60_s1,0,4,camouflage_relation_oracle,0.3,secgfd,train_on_variant,0.8124996665274339,0.4836776470028717,0.6879783886308204,0.7201370000839233,4.913654829000734,50,50,0.8256708077347619,roc_auc,max_epochs,45954,8089930,176.04408264160156,176.0,176.04408264160156,176.0,0.2353361546993255,0.1452974677085876,/kaggle/working/gfd-robustness-v4-factorial-r1/graphs/base/yelpchi/r60_s1/graph.bin,/kaggle/working/gfd-robustness-v4-factorial-r1/graphs/variants/yelpchi/r60_s1/camouflage_relation_oracle/0.30/seed_0/graph.bin,/kaggle/working/gfd-robustness-v4-factorial-r1/graphs/variants/yelpchi/r60_s1/camouflage_relation_oracle/0.30/seed_0/graph.bin,ok,
gfd_robustness_benchmark_v4_factorial,yelpchi,r60_s1,1,0,camouflage_relation_oracle,0.3,mlp,train_clean_eval_all,0.7313415906222179,0.3257175093405576,0.6106510448958343,0.4993019104003906,0.0885687539994251,16,6,0.7522698631802545,roc_auc,early_stopping,45954,8090118,176.0481719970703,176.0,176.0481719970703,176.0,0.2353772819042205,0.1452974677085876,/kaggle/working/gfd-robustness-v4-factorial-r1/graphs/base/yelpchi/r60_s1/graph.bin,/kaggle/working/gfd-robustness-v4-factorial-r1/graphs/variants/yelpchi/r60_s1/camouflage_relation_oracle/0.30/seed_1/graph.bin,/kaggle/working/gfd-robustness-v4-factorial-r1/graphs/base/yelpchi/r60_s1/graph.bin,ok,
gfd_robustness_benchmark_v4_factorial,yelpchi,r60_s1,1,0,camouflage_relation_oracle,0.3,mlp,train_on_variant,0.7313415906222179,0.3257175093405576,0.6106510448958343,0.4993019104003906,0.3417490680003539,16,6,0.7522698631802545,roc_auc,early_stopping,45954,8090118,176.0481719970703,176.0,176.0481719970703,176.0,0.2353772819042205,0.1452974677085876,/kaggle/working/gfd-robustness-v4-factorial-r1/graphs/base/yelpchi/r60_s1/graph.bin,/kaggle/working/gfd-robustness-v4-factorial-r1/graphs/variants/yelpchi/r60_s1/camouflage_relation_oracle/0.30/seed_1/graph.bin,/kaggle/working/gfd-robustness-v4-factorial-r1/graphs/variants/yelpchi/r60_s1/camouflage_relation_oracle/0.30/seed_1/graph.bin,ok,
gfd_robustness_benchmark_v4_factorial,yelpchi,r60_s1,1,0,camouflage_relation_oracle,0.3,pmp,train_clean_eval_all,0.8300067856903302,0.524628393600579,0.69796521061855,0.4558625817298889,0.3071904800017364,43,33,0.8640671153419779,roc_auc,early_stopping,45954,8090118,176.0481719970703,176.0,176.0481719970703,176.0,0.2353772819042205,0.1452974677085876,/kaggle/working/gfd-robustness-v4-factorial-r1/graphs/base/yelpchi/r60_s1/graph.bin,/kaggle/working/gfd-robustness-v4-factorial-r1/graphs/variants/yelpchi/r60_s1/camouflage_relation_oracle/0.30/seed_1/graph.bin,/kaggle/working/gfd-robustness-v4-factorial-r1/graphs/base/yelpchi/r60_s1/graph.bin,ok,
gfd_robustness_benchmark_v4_factorial,yelpchi,r60_s1,1,0,camouflage_relation_oracle,0.3,pmp,train_on_variant,0.8259426126108272,0.5272361554138354,0.6994826581110678,0.2859300374984741,30.93683968500045,39,29,0.8542279184755529,roc_auc,early_stopping,45954,8090118,176.0481719970703,176.0,176.0481719970703,176.0,0.2353772819042205,0.1452974677085876,/kaggle/working/gfd-robustness-v4-factorial-r1/graphs/base/yelpchi/r60_s1/graph.bin,/kaggle/working/gfd-robustness-v4-factorial-r1/graphs/variants/yelpchi/r60_s1/camouflage_relation_oracle/0.30/seed_1/graph.bin,/kaggle/working/gfd-robustness-v4-factorial-r1/graphs/variants/yelpchi/r60_s1/camouflage_relation_oracle/0.30/seed_1/graph.bin,ok,
gfd_robustness_benchmark_v4_factorial,yelpchi,r60_s1,1,0,camouflage_relation_oracle,0.3,sage,train_clean_eval_all,0.7882089055087381,0.438602621095041,0.66783684228975,0.6908925771713257,0.1138930830020399,100,100,0.8115424465439842,roc_auc,max_epochs,45954,8090118,176.0481719970703,176.0,176.0481719970703,176.0,0.2353772819042205,0.1452974677085876,/kaggle/working/gfd-robustness-v4-factorial-r1/graphs/base/yelpchi/r60_s1/graph.bin,/kaggle/working/gfd-robustness-v4-factorial-r1/graphs/variants/yelpchi/r60_s1/camouflage_relation_oracle/0.30/seed_1/graph.bin,/kaggle/working/gfd-robustness-v4-factorial-r1/graphs/base/yelpchi/r60_s1/graph.bin,ok,
gfd_robustness_benchmark_v4_factorial,yelpchi,r60_s1,1,0,camouflage_relation_oracle,0.3,sage,train_on_variant,0.7911417490883813,0.4497166942724323,0.6706461572308788,0.650687575340271,3.1963777410019247,100,100,0.8121517104256217,roc_auc,max_epochs,45954,8090118,176.0481719970703,176.0,176.0481719970703,176.0,0.2353772819042205,0.1452974677085876,/kaggle/working/gfd-robustness-v4-factorial-r1/graphs/base/yelpchi/r60_s1/graph.bin,/kaggle/working/gfd-robustness-v4-factorial-r1/graphs/variants/yelpchi/r60_s1/camouflage_relation_oracle/0.30/seed_1/graph.bin,/kaggle/working/gfd-robustness-v4-factorial-r1/graphs/variants/yelpchi/r60_s1/camouflage_relation_oracle/0.30/seed_1/graph.bin,ok,
gfd_robustness_benchmark_v4_factorial,yelpchi,r60_s1,1,0,camouflage_relation_oracle,0.3,secgfd,train_clean_eval_all,0.8028269136370842,0.4750804012333334,0.679933115445753,0.6614007353782654,0.173087930001202,50,50,0.8176709412406993,roc_auc,max_epochs,45954,8090118,176.0481719970703,176.0,176.0481719970703,176.0,0.2353772819042205,0.1452974677085876,/kaggle/working/gfd-robustness-v4-factorial-r1/graphs/base/yelpchi/r60_s1/graph.bin,/kaggle/working/gfd-robustness-v4-factorial-r1/graphs/variants/yelpchi/r60_s1/camouflage_relation_oracle/0.30/seed_1/graph.bin,/kaggle/working/gfd-robustness-v4-factorial-r1/graphs/base/yelpchi/r60_s1/graph.bin,ok,
gfd_robustness_benchmark_v4_factorial,yelpchi,r60_s1,1,0,camouflage_relation_oracle,0.3,secgfd,train_on_variant,0.8317443206763662,0.5215320299474343,0.7115099834481001,0.6194160580635071,4.813853843999823,50,50,0.8422760378298609,roc_auc,max_epochs,45954,8090118,176.0481719970703,176.0,176.0481719970703,176.0,0.2353772819042205,0.1452974677085876,/kaggle/working/gfd-robustness-v4-factorial-r1/graphs/base/yelpchi/r60_s1/graph.bin,/kaggle/working/gfd-robustness-v4-factorial-r1/graphs/variants/yelpchi/r60_s1/camouflage_relation_oracle/0.30/seed_1/graph.bin,/kaggle/working/gfd-robustness-v4-factorial-r1/graphs/variants/yelpchi/r60_s1/camouflage_relation_oracle/0.30/seed_1/graph.bin,ok,
gfd_robustness_benchmark_v4_factorial,yelpchi,r60_s1,1,1,camouflage_relation_oracle,0.3,mlp,train_clean_eval_all,0.7838484658737515,0.4223574749223457,0.6531032177334472,0.6898988485336304,0.086859553000977,100,100,0.8046757116939282,roc_auc,max_epochs,45954,8090118,176.0481719970703,176.0,176.0481719970703,176.0,0.2353772819042205,0.1452974677085876,/kaggle/working/gfd-robustness-v4-factorial-r1/graphs/base/yelpchi/r60_s1/graph.bin,/kaggle/working/gfd-robustness-v4-factorial-r1/graphs/variants/yelpchi/r60_s1/camouflage_relation_oracle/0.30/seed_1/graph.bin,/kaggle/working/gfd-robustness-v4-factorial-r1/graphs/base/yelpchi/r60_s1/graph.bin,ok,
gfd_robustness_benchmark_v4_factorial,yelpchi,r60_s1,1,1,camouflage_relation_oracle,0.3,mlp,train_on_variant,0.7838484658737515,0.4223574749223457,0.6531032177334472,0.6898988485336304,1.610211466999317,100,100,0.8046757116939282,roc_auc,max_epochs,45954,8090118,176.0481719970703,176.0,176.0481719970703,176.0,0.2353772819042205,0.1452974677085876,/kaggle/working/gfd-robustness-v4-factorial-r1/graphs/base/yelpchi/r60_s1/graph.bin,/kaggle/working/gfd-robustness-v4-factorial-r1/graphs/variants/yelpchi/r60_s1/camouflage_relation_oracle/0.30/seed_1/graph.bin,/kaggle/working/gfd-robustness-v4-factorial-r1/graphs/variants/yelpchi/r60_s1/camouflage_relation_oracle/0.30/seed_1/graph.bin,ok,
gfd_robustness_benchmark_v4_factorial,yelpchi,r60_s1,1,1,camouflage_relation_oracle,0.3,pmp,train_clean_eval_all,0.8240389130090126,0.5188632007874253,0.7033228964452609,0.3602780103683471,0.322626503999345,51,41,0.8613966151476791,roc_auc,early_stopping,45954,8090118,176.0481719970703,176.0,176.0481719970703,176.0,0.2353772819042205,0.1452974677085876,/kaggle/working/gfd-robustness-v4-factorial-r1/graphs/base/yelpchi/r60_s1/graph.bin,/kaggle/working/gfd-robustness-v4-factorial-r1/graphs/variants/yelpchi/r60_s1/camouflage_relation_oracle/0.30/seed_1/graph.bin,/kaggle/working/gfd-robustness-v4-factorial-r1/graphs/base/yelpchi/r60_s1/graph.bin,ok,
gfd_robustness_benchmark_v4_factorial,yelpchi,r60_s1,1,1,camouflage_relation_oracle,0.3,pmp,train_on_variant,0.8351796597741381,0.5439530644652996,0.707215535144794,0.3517286479473114,48.42035330900035,62,52,0.8587406098837307,roc_auc,early_stopping,45954,8090118,176.0481719970703,176.0,176.0481719970703,176.0,0.2353772819042205,0.1452974677085876,/kaggle/working/gfd-robustness-v4-factorial-r1/graphs/base/yelpchi/r60_s1/graph.bin,/kaggle/working/gfd-robustness-v4-factorial-r1/graphs/variants/yelpchi/r60_s1/camouflage_relation_oracle/0.30/seed_1/graph.bin,/kaggle/working/gfd-robustness-v4-factorial-r1/graphs/variants/yelpchi/r60_s1/camouflage_relation_oracle/0.30/seed_1/graph.bin,ok,
gfd_robustness_benchmark_v4_factorial,yelpchi,r60_s1,1,1,camouflage_relation_oracle,0.3,sage,train_clean_eval_all,0.6173464234972011,0.2017802272407453,0.5481329543952934,0.2996191680431366,0.1134272960007365,23,13,0.6071633087539366,roc_auc,early_stopping,45954,8090118,176.0481719970703,176.0,176.0481719970703,176.0,0.2353772819042205,0.1452974677085876,/kaggle/working/gfd-robustness-v4-factorial-r1/graphs/base/yelpchi/r60_s1/graph.bin,/kaggle/working/gfd-robustness-v4-factorial-r1/graphs/variants/yelpchi/r60_s1/camouflage_relation_oracle/0.30/seed_1/graph.bin,/kaggle/working/gfd-robustness-v4-factorial-r1/graphs/base/yelpchi/r60_s1/graph.bin,ok,
gfd_robustness_benchmark_v4_factorial,yelpchi,r60_s1,1,1,camouflage_relation_oracle,0.3,sage,train_on_variant,0.6180979277443077,0.2015227434550318,0.5478380183645714,0.3032326996326446,0.8859762770007364,23,13,0.6144176876294829,roc_auc,early_stopping,45954,8090118,176.0481719970703,176.0,176.0481719970703,176.0,0.2353772819042205,0.1452974677085876,/kaggle/working/gfd-robustness-v4-factorial-r1/graphs/base/yelpchi/r60_s1/graph.bin,/kaggle/working/gfd-robustness-v4-factorial-r1/graphs/variants/yelpchi/r60_s1/camouflage_relation_oracle/0.30/seed_1/graph.bin,/kaggle/working/gfd-robustness-v4-factorial-r1/graphs/variants/yelpchi/r60_s1/camouflage_relation_oracle/0.30/seed_1/graph.bin,ok,
gfd_robustness_benchmark_v4_factorial,yelpchi,r60_s1,1,1,camouflage_relation_oracle,0.3,secgfd,train_clean_eval_all,0.793122576130834,0.4351703894098959,0.6652268605184759,0.7126186490058899,0.18441804199756,50,50,0.8104918501777297,roc_auc,max_epochs,45954,8090118,176.0481719970703,176.0,176.0481719970703,176.0,0.2353772819042205,0.1452974677085876,/kaggle/working/gfd-robustness-v4-factorial-r1/graphs/base/yelpchi/r60_s1/graph.bin,/kaggle/working/gfd-robustness-v4-factorial-r1/graphs/variants/yelpchi/r60_s1/camouflage_relation_oracle/0.30/seed_1/graph.bin,/kaggle/working/gfd-robustness-v4-factorial-r1/graphs/base/yelpchi/r60_s1/graph.bin,ok,
gfd_robustness_benchmark_v4_factorial,yelpchi,r60_s1,1,1,camouflage_relation_oracle,0.3,secgfd,train_on_variant,0.8189045788260546,0.500809736936586,0.6974195480081725,0.6515734195709229,4.810994807001407,50,50,0.835265688735675,roc_auc,max_epochs,45954,8090118,176.0481719970703,176.0,176.0481719970703,176.0,0.2353772819042205,0.1452974677085876,/kaggle/working/gfd-robustness-v4-factorial-r1/graphs/base/yelpchi/r60_s1/graph.bin,/kaggle/working/gfd-robustness-v4-factorial-r1/graphs/variants/yelpchi/r60_s1/camouflage_relation_oracle/0.30/seed_1/graph.bin,/kaggle/working/gfd-robustness-v4-factorial-r1/graphs/variants/yelpchi/r60_s1/camouflage_relation_oracle/0.30/seed_1/graph.bin,ok,
gfd_robustness_benchmark_v4_factorial,yelpchi,r60_s1,1,2,camouflage_relation_oracle,0.3,mlp,train_clean_eval_all,0.7843809262838884,0.425287123032842,0.6571495387316263,0.6982053518295288,0.0918499970030097,100,100,0.8050527229251151,roc_auc,max_epochs,45954,8090118,176.0481719970703,176.0,176.0481719970703,176.0,0.2353772819042205,0.1452974677085876,/kaggle/working/gfd-robustness-v4-factorial-r1/graphs/base/yelpchi/r60_s1/graph.bin,/kaggle/working/gfd-robustness-v4-factorial-r1/graphs/variants/yelpchi/r60_s1/camouflage_relation_oracle/0.30/seed_1/graph.bin,/kaggle/working/gfd-robustness-v4-factorial-r1/graphs/base/yelpchi/r60_s1/graph.bin,ok,
gfd_robustness_benchmark_v4_factorial,yelpchi,r60_s1,1,2,camouflage_relation_oracle,0.3,mlp,train_on_variant,0.7843809262838884,0.425287123032842,0.6571495387316263,0.6982053518295288,1.871511712000938,100,100,0.8050527229251151,roc_auc,max_epochs,45954,8090118,176.0481719970703,176.0,176.0481719970703,176.0,0.2353772819042205,0.1452974677085876,/kaggle/working/gfd-robustness-v4-factorial-r1/graphs/base/yelpchi/r60_s1/graph.bin,/kaggle/working/gfd-robustness-v4-factorial-r1/graphs/variants/yelpchi/r60_s1/camouflage_relation_oracle/0.30/seed_1/graph.bin,/kaggle/working/gfd-robustness-v4-factorial-r1/graphs/variants/yelpchi/r60_s1/camouflage_relation_oracle/0.30/seed_1/graph.bin,ok,
gfd_robustness_benchmark_v4_factorial,yelpchi,r60_s1,1,2,camouflage_relation_oracle,0.3,pmp,train_clean_eval_all,0.8318983850018903,0.5350384212916914,0.7061133925166411,0.3910762369632721,0.2664349379992927,61,51,0.8651209063145925,roc_auc,early_stopping,45954,8090118,176.0481719970703,176.0,176.0481719970703,176.0,0.2353772819042205,0.1452974677085876,/kaggle/working/gfd-robustness-v4-factorial-r1/graphs/base/yelpchi/r60_s1/graph.bin,/kaggle/working/gfd-robustness-v4-factorial-r1/graphs/variants/yelpchi/r60_s1/camouflage_relation_oracle/0.30/seed_1/graph.bin,/kaggle/working/gfd-robustness-v4-factorial-r1/graphs/base/yelpchi/r60_s1/graph.bin,ok,
gfd_robustness_benchmark_v4_factorial,yelpchi,r60_s1,1,2,camouflage_relation_oracle,0.3,pmp,train_on_variant,0.8310541277424783,0.5393853444245097,0.7039825554997009,0.3792519867420196,34.25400568599798,44,34,0.8570688294628531,roc_auc,early_stopping,45954,8090118,176.0481719970703,176.0,176.0481719970703,176.0,0.2353772819042205,0.1452974677085876,/kaggle/working/gfd-robustness-v4-factorial-r1/graphs/base/yelpchi/r60_s1/graph.bin,/kaggle/working/gfd-robustness-v4-factorial-r1/graphs/variants/yelpchi/r60_s1/camouflage_relation_oracle/0.30/seed_1/graph.bin,/kaggle/working/gfd-robustness-v4-factorial-r1/graphs/variants/yelpchi/r60_s1/camouflage_relation_oracle/0.30/seed_1/graph.bin,ok,
gfd_robustness_benchmark_v4_factorial,yelpchi,r60_s1,1,2,camouflage_relation_oracle,0.3,sage,train_clean_eval_all,0.7668335998573118,0.4027044505685458,0.638118818416302,0.6638100147247314,0.1374153140022826,100,100,0.794380449009076,roc_auc,max_epochs,45954,8090118,176.0481719970703,176.0,176.0481719970703,176.0,0.2353772819042205,0.1452974677085876,/kaggle/working/gfd-robustness-v4-factorial-r1/graphs/base/yelpchi/r60_s1/graph.bin,/kaggle/working/gfd-robustness-v4-factorial-r1/graphs/variants/yelpchi/r60_s1/camouflage_relation_oracle/0.30/seed_1/graph.bin,/kaggle/working/gfd-robustness-v4-factorial-r1/graphs/base/yelpchi/r60_s1/graph.bin,ok,
gfd_robustness_benchmark_v4_factorial,yelpchi,r60_s1,1,2,camouflage_relation_oracle,0.3,sage,train_on_variant,0.7768942766198763,0.4244832802825426,0.645884040630432,0.7149386405944824,3.3066091269975004,100,100,0.7997963080840229,roc_auc,max_epochs,45954,8090118,176.0481719970703,176.0,176.0481719970703,176.0,0.2353772819042205,0.1452974677085876,/kaggle/working/gfd-robustness-v4-factorial-r1/graphs/base/yelpchi/r60_s1/graph.bin,/kaggle/working/gfd-robustness-v4-factorial-r1/graphs/variants/yelpchi/r60_s1/camouflage_relation_oracle/0.30/seed_1/graph.bin,/kaggle/working/gfd-robustness-v4-factorial-r1/graphs/variants/yelpchi/r60_s1/camouflage_relation_oracle/0.30/seed_1/graph.bin,ok,
gfd_robustness_benchmark_v4_factorial,yelpchi,r60_s1,1,2,camouflage_relation_oracle,0.3,secgfd,train_clean_eval_all,0.8040341796041318,0.4856408801017816,0.6850503288610951,0.7434759140014648,0.1660173650016077,50,50,0.8145421342354521,roc_auc,max_epochs,45954,8090118,176.0481719970703,176.0,176.0481719970703,176.0,0.2353772819042205,0.1452974677085876,/kaggle/working/gfd-robustness-v4-factorial-r1/graphs/base/yelpchi/r60_s1/graph.bin,/kaggle/working/gfd-robustness-v4-factorial-r1/graphs/variants/yelpchi/r60_s1/camouflage_relation_oracle/0.30/seed_1/graph.bin,/kaggle/working/gfd-robustness-v4-factorial-r1/graphs/base/yelpchi/r60_s1/graph.bin,ok,
gfd_robustness_benchmark_v4_factorial,yelpchi,r60_s1,1,2,camouflage_relation_oracle,0.3,secgfd,train_on_variant,0.8247924657304535,0.5123538682054428,0.7005426054472905,0.74256432056427,4.855688932999328,50,48,0.8391892375142148,roc_auc,max_epochs,45954,8090118,176.0481719970703,176.0,176.0481719970703,176.0,0.2353772819042205,0.1452974677085876,/kaggle/working/gfd-robustness-v4-factorial-r1/graphs/base/yelpchi/r60_s1/graph.bin,/kaggle/working/gfd-robustness-v4-factorial-r1/graphs/variants/yelpchi/r60_s1/camouflage_relation_oracle/0.30/seed_1/graph.bin,/kaggle/working/gfd-robustness-v4-factorial-r1/graphs/variants/yelpchi/r60_s1/camouflage_relation_oracle/0.30/seed_1/graph.bin,ok,
gfd_robustness_benchmark_v4_factorial,yelpchi,r60_s1,1,3,camouflage_relation_oracle,0.3,mlp,train_clean_eval_all,0.7816018135572033,0.4143485547512492,0.6496944434221562,0.6969894766807556,0.0927944060022127,100,100,0.8041077869722045,roc_auc,max_epochs,45954,8090118,176.0481719970703,176.0,176.0481719970703,176.0,0.2353772819042205,0.1452974677085876,/kaggle/working/gfd-robustness-v4-factorial-r1/graphs/base/yelpchi/r60_s1/graph.bin,/kaggle/working/gfd-robustness-v4-factorial-r1/graphs/variants/yelpchi/r60_s1/camouflage_relation_oracle/0.30/seed_1/graph.bin,/kaggle/working/gfd-robustness-v4-factorial-r1/graphs/base/yelpchi/r60_s1/graph.bin,ok,
gfd_robustness_benchmark_v4_factorial,yelpchi,r60_s1,1,3,camouflage_relation_oracle,0.3,mlp,train_on_variant,0.7816018135572033,0.4143485547512492,0.6496944434221562,0.6969894766807556,2.0034875540004577,100,100,0.8041077869722045,roc_auc,max_epochs,45954,8090118,176.0481719970703,176.0,176.0481719970703,176.0,0.2353772819042205,0.1452974677085876,/kaggle/working/gfd-robustness-v4-factorial-r1/graphs/base/yelpchi/r60_s1/graph.bin,/kaggle/working/gfd-robustness-v4-factorial-r1/graphs/variants/yelpchi/r60_s1/camouflage_relation_oracle/0.30/seed_1/graph.bin,/kaggle/working/gfd-robustness-v4-factorial-r1/graphs/variants/yelpchi/r60_s1/camouflage_relation_oracle/0.30/seed_1/graph.bin,ok,
gfd_robustness_benchmark_v4_factorial,yelpchi,r60_s1,1,3,camouflage_relation_oracle,0.3,pmp,train_clean_eval_all,0.8262466443132066,0.5399376878617539,0.7004995646684046,0.3360407650470733,0.2749313380008971,64,54,0.863328636785177,roc_auc,early_stopping,45954,8090118,176.0481719970703,176.0,176.0481719970703,176.0,0.2353772819042205,0.1452974677085876,/kaggle/working/gfd-robustness-v4-factorial-r1/graphs/base/yelpchi/r60_s1/graph.bin,/kaggle/working/gfd-robustness-v4-factorial-r1/graphs/variants/yelpchi/r60_s1/camouflage_relation_oracle/0.30/seed_1/graph.bin,/kaggle/working/gfd-robustness-v4-factorial-r1/graphs/base/yelpchi/r60_s1/graph.bin,ok,
gfd_robustness_benchmark_v4_factorial,yelpchi,r60_s1,1,3,camouflage_relation_oracle,0.3,pmp,train_on_variant,0.8318014874019781,0.5412813983210132,0.7087378752474998,0.2933329045772552,34.47112765299971,44,34,0.8565743806874125,roc_auc,early_stopping,45954,8090118,176.0481719970703,176.0,176.0481719970703,176.0,0.2353772819042205,0.1452974677085876,/kaggle/working/gfd-robustness-v4-factorial-r1/graphs/base/yelpchi/r60_s1/graph.bin,/kaggle/working/gfd-robustness-v4-factorial-r1/graphs/variants/yelpchi/r60_s1/camouflage_relation_oracle/0.30/seed_1/graph.bin,/kaggle/working/gfd-robustness-v4-factorial-r1/graphs/variants/yelpchi/r60_s1/camouflage_relation_oracle/0.30/seed_1/graph.bin,ok,
gfd_robustness_benchmark_v4_factorial,yelpchi,r60_s1,1,3,camouflage_relation_oracle,0.3,sage,train_clean_eval_all,0.767784425421052,0.4057097321593397,0.6451597946734673,0.6734314560890198,0.1548714640011894,100,100,0.7957354389126895,roc_auc,max_epochs,45954,8090118,176.0481719970703,176.0,176.0481719970703,176.0,0.2353772819042205,0.1452974677085876,/kaggle/working/gfd-robustness-v4-factorial-r1/graphs/base/yelpchi/r60_s1/graph.bin,/kaggle/working/gfd-robustness-v4-factorial-r1/graphs/variants/yelpchi/r60_s1/camouflage_relation_oracle/0.30/seed_1/graph.bin,/kaggle/working/gfd-robustness-v4-factorial-r1/graphs/base/yelpchi/r60_s1/graph.bin,ok,
gfd_robustness_benchmark_v4_factorial,yelpchi,r60_s1,1,3,camouflage_relation_oracle,0.3,sage,train_on_variant,0.7745731646432187,0.4229815331310811,0.6509195342952198,0.6739201545715332,3.285107989999233,100,100,0.7987335531413232,roc_auc,max_epochs,45954,8090118,176.0481719970703,176.0,176.0481719970703,176.0,0.2353772819042205,0.1452974677085876,/kaggle/working/gfd-robustness-v4-factorial-r1/graphs/base/yelpchi/r60_s1/graph.bin,/kaggle/working/gfd-robustness-v4-factorial-r1/graphs/variants/yelpchi/r60_s1/camouflage_relation_oracle/0.30/seed_1/graph.bin,/kaggle/working/gfd-robustness-v4-factorial-r1/graphs/variants/yelpchi/r60_s1/camouflage_relation_oracle/0.30/seed_1/graph.bin,ok,
gfd_robustness_benchmark_v4_factorial,yelpchi,r60_s1,1,3,camouflage_relation_oracle,0.3,secgfd,train_clean_eval_all,0.7897742257338684,0.4357274805058553,0.6610608916142231,0.7394757270812988,0.1598009740009729,50,44,0.80207887816868,roc_auc,max_epochs,45954,8090118,176.0481719970703,176.0,176.0481719970703,176.0,0.2353772819042205,0.1452974677085876,/kaggle/working/gfd-robustness-v4-factorial-r1/graphs/base/yelpchi/r60_s1/graph.bin,/kaggle/working/gfd-robustness-v4-factorial-r1/graphs/variants/yelpchi/r60_s1/camouflage_relation_oracle/0.30/seed_1/graph.bin,/kaggle/working/gfd-robustness-v4-factorial-r1/graphs/base/yelpchi/r60_s1/graph.bin,ok,
gfd_robustness_benchmark_v4_factorial,yelpchi,r60_s1,1,3,camouflage_relation_oracle,0.3,secgfd,train_on_variant,0.8260363660408307,0.525737677980491,0.700810467727761,0.7700355052947998,4.811184158999822,50,50,0.8384505682346463,roc_auc,max_epochs,45954,8090118,176.0481719970703,176.0,176.0481719970703,176.0,0.2353772819042205,0.1452974677085876,/kaggle/working/gfd-robustness-v4-factorial-r1/graphs/base/yelpchi/r60_s1/graph.bin,/kaggle/working/gfd-robustness-v4-factorial-r1/graphs/variants/yelpchi/r60_s1/camouflage_relation_oracle/0.30/seed_1/graph.bin,/kaggle/working/gfd-robustness-v4-factorial-r1/graphs/variants/yelpchi/r60_s1/camouflage_relation_oracle/0.30/seed_1/graph.bin,ok,
gfd_robustness_benchmark_v4_factorial,yelpchi,r60_s1,1,4,camouflage_relation_oracle,0.3,mlp,train_clean_eval_all,0.7806874794199787,0.4201037950434657,0.6496479861960988,0.6775984764099121,0.0936249879996466,100,100,0.8035062473626617,roc_auc,max_epochs,45954,8090118,176.0481719970703,176.0,176.0481719970703,176.0,0.2353772819042205,0.1452974677085876,/kaggle/working/gfd-robustness-v4-factorial-r1/graphs/base/yelpchi/r60_s1/graph.bin,/kaggle/working/gfd-robustness-v4-factorial-r1/graphs/variants/yelpchi/r60_s1/camouflage_relation_oracle/0.30/seed_1/graph.bin,/kaggle/working/gfd-robustness-v4-factorial-r1/graphs/base/yelpchi/r60_s1/graph.bin,ok,
gfd_robustness_benchmark_v4_factorial,yelpchi,r60_s1,1,4,camouflage_relation_oracle,0.3,mlp,train_on_variant,0.7806874794199787,0.4201037950434657,0.6496479861960988,0.6775984764099121,1.7336384230002295,100,100,0.8035062473626617,roc_auc,max_epochs,45954,8090118,176.0481719970703,176.0,176.0481719970703,176.0,0.2353772819042205,0.1452974677085876,/kaggle/working/gfd-robustness-v4-factorial-r1/graphs/base/yelpchi/r60_s1/graph.bin,/kaggle/working/gfd-robustness-v4-factorial-r1/graphs/variants/yelpchi/r60_s1/camouflage_relation_oracle/0.30/seed_1/graph.bin,/kaggle/working/gfd-robustness-v4-factorial-r1/graphs/variants/yelpchi/r60_s1/camouflage_relation_oracle/0.30/seed_1/graph.bin,ok,
gfd_robustness_benchmark_v4_factorial,yelpchi,r60_s1,1,4,camouflage_relation_oracle,0.3,pmp,train_clean_eval_all,0.8366782378471164,0.5526667581589519,0.7168066849024785,0.5032673478126526,0.2813184629994794,97,87,0.8691705705233195,roc_auc,early_stopping,45954,8090118,176.0481719970703,176.0,176.0481719970703,176.0,0.2353772819042205,0.1452974677085876,/kaggle/working/gfd-robustness-v4-factorial-r1/graphs/base/yelpchi/r60_s1/graph.bin,/kaggle/working/gfd-robustness-v4-factorial-r1/graphs/variants/yelpchi/r60_s1/camouflage_relation_oracle/0.30/seed_1/graph.bin,/kaggle/working/gfd-robustness-v4-factorial-r1/graphs/base/yelpchi/r60_s1/graph.bin,ok,
gfd_robustness_benchmark_v4_factorial,yelpchi,r60_s1,1,4,camouflage_relation_oracle,0.3,pmp,train_on_variant,0.8553362661133944,0.5814689796142034,0.7296823044428826,0.3328075408935547,76.13169307700082,98,88,0.872351873970395,roc_auc,early_stopping,45954,8090118,176.0481719970703,176.0,176.0481719970703,176.0,0.2353772819042205,0.1452974677085876,/kaggle/working/gfd-robustness-v4-factorial-r1/graphs/base/yelpchi/r60_s1/graph.bin,/kaggle/working/gfd-robustness-v4-factorial-r1/graphs/variants/yelpchi/r60_s1/camouflage_relation_oracle/0.30/seed_1/graph.bin,/kaggle/working/gfd-robustness-v4-factorial-r1/graphs/variants/yelpchi/r60_s1/camouflage_relation_oracle/0.30/seed_1/graph.bin,ok,
gfd_robustness_benchmark_v4_factorial,yelpchi,r60_s1,1,4,camouflage_relation_oracle,0.3,sage,train_clean_eval_all,0.7711204373330731,0.4103311613394095,0.6446321586744099,0.6741504073143005,0.1504003109985205,100,100,0.8005188136090231,roc_auc,max_epochs,45954,8090118,176.0481719970703,176.0,176.0481719970703,176.0,0.2353772819042205,0.1452974677085876,/kaggle/working/gfd-robustness-v4-factorial-r1/graphs/base/yelpchi/r60_s1/graph.bin,/kaggle/working/gfd-robustness-v4-factorial-r1/graphs/variants/yelpchi/r60_s1/camouflage_relation_oracle/0.30/seed_1/graph.bin,/kaggle/working/gfd-robustness-v4-factorial-r1/graphs/base/yelpchi/r60_s1/graph.bin,ok,
gfd_robustness_benchmark_v4_factorial,yelpchi,r60_s1,1,4,camouflage_relation_oracle,0.3,sage,train_on_variant,0.7997452936540361,0.4595274292577702,0.676094639672685,0.6607043743133545,3.189543636999588,100,98,0.821544329931316,roc_auc,max_epochs,45954,8090118,176.0481719970703,176.0,176.0481719970703,176.0,0.2353772819042205,0.1452974677085876,/kaggle/working/gfd-robustness-v4-factorial-r1/graphs/base/yelpchi/r60_s1/graph.bin,/kaggle/working/gfd-robustness-v4-factorial-r1/graphs/variants/yelpchi/r60_s1/camouflage_relation_oracle/0.30/seed_1/graph.bin,/kaggle/working/gfd-robustness-v4-factorial-r1/graphs/variants/yelpchi/r60_s1/camouflage_relation_oracle/0.30/seed_1/graph.bin,ok,
gfd_robustness_benchmark_v4_factorial,yelpchi,r60_s1,1,4,camouflage_relation_oracle,0.3,secgfd,train_clean_eval_all,0.7907969860940034,0.4393262479396201,0.6664575508288567,0.7461267709732056,0.1689957810012856,50,50,0.8075951527808571,roc_auc,max_epochs,45954,8090118,176.0481719970703,176.0,176.0481719970703,176.0,0.2353772819042205,0.1452974677085876,/kaggle/working/gfd-robustness-v4-factorial-r1/graphs/base/yelpchi/r60_s1/graph.bin,/kaggle/working/gfd-robustness-v4-factorial-r1/graphs/variants/yelpchi/r60_s1/camouflage_relation_oracle/0.30/seed_1/graph.bin,/kaggle/working/gfd-robustness-v4-factorial-r1/graphs/base/yelpchi/r60_s1/graph.bin,ok,
gfd_robustness_benchmark_v4_factorial,yelpchi,r60_s1,1,4,camouflage_relation_oracle,0.3,secgfd,train_on_variant,0.8141887527135139,0.4902125627089137,0.6909733302178406,0.7460058331489563,4.827926121000928,50,50,0.8291594609220969,roc_auc,max_epochs,45954,8090118,176.0481719970703,176.0,176.0481719970703,176.0,0.2353772819042205,0.1452974677085876,/kaggle/working/gfd-robustness-v4-factorial-r1/graphs/base/yelpchi/r60_s1/graph.bin,/kaggle/working/gfd-robustness-v4-factorial-r1/graphs/variants/yelpchi/r60_s1/camouflage_relation_oracle/0.30/seed_1/graph.bin,/kaggle/working/gfd-robustness-v4-factorial-r1/graphs/variants/yelpchi/r60_s1/camouflage_relation_oracle/0.30/seed_1/graph.bin,ok,
gfd_robustness_benchmark_v4_factorial,yelpchi,r60_s1,1729,0,clean,0.0,mlp,train_clean_eval_all,0.7313415906222179,0.3257175093405576,0.6106510448958343,0.4993019104003906,1.4992692050000187,16,6,0.7522698631802545,roc_auc,early_stopping,45954,8051348,175.2045135498047,175.0,175.2045135498047,175.0,0.2268800139427185,0.1452974677085876,/kaggle/working/gfd-robustness-v4-factorial-r1/graphs/base/yelpchi/r60_s1/graph.bin,/kaggle/working/gfd-robustness-v4-factorial-r1/graphs/base/yelpchi/r60_s1/graph.bin,/kaggle/working/gfd-robustness-v4-factorial-r1/graphs/base/yelpchi/r60_s1/graph.bin,ok,
gfd_robustness_benchmark_v4_factorial,yelpchi,r60_s1,1729,0,clean,0.0,mlp,train_on_variant,0.7313415906222179,0.3257175093405576,0.6106510448958343,0.4993019104003906,1.6462029989997973,16,6,0.7522698631802545,roc_auc,early_stopping,45954,8051348,175.2045135498047,175.0,175.2045135498047,175.0,0.2268800139427185,0.1452974677085876,/kaggle/working/gfd-robustness-v4-factorial-r1/graphs/base/yelpchi/r60_s1/graph.bin,/kaggle/working/gfd-robustness-v4-factorial-r1/graphs/base/yelpchi/r60_s1/graph.bin,/kaggle/working/gfd-robustness-v4-factorial-r1/graphs/base/yelpchi/r60_s1/graph.bin,ok,
gfd_robustness_benchmark_v4_factorial,yelpchi,r60_s1,1729,0,clean,0.0,pmp,train_clean_eval_all,0.8405976361940071,0.5494213888960253,0.7120848595036511,0.4558625817298889,41.26589996599796,43,33,0.8640671153419779,roc_auc,early_stopping,45954,8051348,175.2045135498047,175.0,175.2045135498047,175.0,0.2268800139427185,0.1452974677085876,/kaggle/working/gfd-robustness-v4-factorial-r1/graphs/base/yelpchi/r60_s1/graph.bin,/kaggle/working/gfd-robustness-v4-factorial-r1/graphs/base/yelpchi/r60_s1/graph.bin,/kaggle/working/gfd-robustness-v4-factorial-r1/graphs/base/yelpchi/r60_s1/graph.bin,ok,
gfd_robustness_benchmark_v4_factorial,yelpchi,r60_s1,1729,0,clean,0.0,pmp,train_on_variant,0.8405976361940071,0.5494213888960253,0.7120848595036511,0.4558625817298889,42.04511589400136,43,33,0.8640671153419779,roc_auc,early_stopping,45954,8051348,175.2045135498047,175.0,175.2045135498047,175.0,0.2268800139427185,0.1452974677085876,/kaggle/working/gfd-robustness-v4-factorial-r1/graphs/base/yelpchi/r60_s1/graph.bin,/kaggle/working/gfd-robustness-v4-factorial-r1/graphs/base/yelpchi/r60_s1/graph.bin,/kaggle/working/gfd-robustness-v4-factorial-r1/graphs/base/yelpchi/r60_s1/graph.bin,ok,
gfd_robustness_benchmark_v4_factorial,yelpchi,r60_s1,1729,0,clean,0.0,sage,train_clean_eval_all,0.789667228679098,0.4406609804140141,0.6677756352056856,0.6908925771713257,3.080667313002777,100,100,0.8115424465439842,roc_auc,max_epochs,45954,8051348,175.2045135498047,175.0,175.2045135498047,175.0,0.2268800139427185,0.1452974677085876,/kaggle/working/gfd-robustness-v4-factorial-r1/graphs/base/yelpchi/r60_s1/graph.bin,/kaggle/working/gfd-robustness-v4-factorial-r1/graphs/base/yelpchi/r60_s1/graph.bin,/kaggle/working/gfd-robustness-v4-factorial-r1/graphs/base/yelpchi/r60_s1/graph.bin,ok,
gfd_robustness_benchmark_v4_factorial,yelpchi,r60_s1,1729,0,clean,0.0,sage,train_on_variant,0.7887594210763809,0.4408176389619824,0.6677266856370805,0.66743403673172,3.3348918250012503,100,100,0.8106375623723051,roc_auc,max_epochs,45954,8051348,175.2045135498047,175.0,175.2045135498047,175.0,0.2268800139427185,0.1452974677085876,/kaggle/working/gfd-robustness-v4-factorial-r1/graphs/base/yelpchi/r60_s1/graph.bin,/kaggle/working/gfd-robustness-v4-factorial-r1/graphs/base/yelpchi/r60_s1/graph.bin,/kaggle/working/gfd-robustness-v4-factorial-r1/graphs/base/yelpchi/r60_s1/graph.bin,ok,
gfd_robustness_benchmark_v4_factorial,yelpchi,r60_s1,1729,0,clean,0.0,secgfd,train_clean_eval_all,0.7985073958498482,0.4659968776429525,0.6771686319613072,0.6614007353782654,5.847305084003892,50,50,0.8176709412406993,roc_auc,max_epochs,45954,8051348,175.2045135498047,175.0,175.2045135498047,175.0,0.2268800139427185,0.1452974677085876,/kaggle/working/gfd-robustness-v4-factorial-r1/graphs/base/yelpchi/r60_s1/graph.bin,/kaggle/working/gfd-robustness-v4-factorial-r1/graphs/base/yelpchi/r60_s1/graph.bin,/kaggle/working/gfd-robustness-v4-factorial-r1/graphs/base/yelpchi/r60_s1/graph.bin,ok,
gfd_robustness_benchmark_v4_factorial,yelpchi,r60_s1,1729,0,clean,0.0,secgfd,train_on_variant,0.8017332665371903,0.4690937208030055,0.6783864794307313,0.7201707363128662,5.9805054440003005,50,50,0.8206576597839588,roc_auc,max_epochs,45954,8051348,175.2045135498047,175.0,175.2045135498047,175.0,0.2268800139427185,0.1452974677085876,/kaggle/working/gfd-robustness-v4-factorial-r1/graphs/base/yelpchi/r60_s1/graph.bin,/kaggle/working/gfd-robustness-v4-factorial-r1/graphs/base/yelpchi/r60_s1/graph.bin,/kaggle/working/gfd-robustness-v4-factorial-r1/graphs/base/yelpchi/r60_s1/graph.bin,ok,
gfd_robustness_benchmark_v4_factorial,yelpchi,r60_s1,1729,1,clean,0.0,mlp,train_clean_eval_all,0.7838484658737515,0.4223574749223457,0.6531032177334472,0.6898988485336304,2.3025711459995364,100,100,0.8046757116939282,roc_auc,max_epochs,45954,8051348,175.2045135498047,175.0,175.2045135498047,175.0,0.2268800139427185,0.1452974677085876,/kaggle/working/gfd-robustness-v4-factorial-r1/graphs/base/yelpchi/r60_s1/graph.bin,/kaggle/working/gfd-robustness-v4-factorial-r1/graphs/base/yelpchi/r60_s1/graph.bin,/kaggle/working/gfd-robustness-v4-factorial-r1/graphs/base/yelpchi/r60_s1/graph.bin,ok,
gfd_robustness_benchmark_v4_factorial,yelpchi,r60_s1,1729,1,clean,0.0,mlp,train_on_variant,0.7838484658737515,0.4223574749223457,0.6531032177334472,0.6898988485336304,1.9204949009981649,100,100,0.8046757116939282,roc_auc,max_epochs,45954,8051348,175.2045135498047,175.0,175.2045135498047,175.0,0.2268800139427185,0.1452974677085876,/kaggle/working/gfd-robustness-v4-factorial-r1/graphs/base/yelpchi/r60_s1/graph.bin,/kaggle/working/gfd-robustness-v4-factorial-r1/graphs/base/yelpchi/r60_s1/graph.bin,/kaggle/working/gfd-robustness-v4-factorial-r1/graphs/base/yelpchi/r60_s1/graph.bin,ok,
gfd_robustness_benchmark_v4_factorial,yelpchi,r60_s1,1729,1,clean,0.0,pmp,train_clean_eval_all,0.8319074840390502,0.5450807196795684,0.7117488778300329,0.3602780103683471,49.46831516199745,51,41,0.8613966151476791,roc_auc,early_stopping,45954,8051348,175.2045135498047,175.0,175.2045135498047,175.0,0.2268800139427185,0.1452974677085876,/kaggle/working/gfd-robustness-v4-factorial-r1/graphs/base/yelpchi/r60_s1/graph.bin,/kaggle/working/gfd-robustness-v4-factorial-r1/graphs/base/yelpchi/r60_s1/graph.bin,/kaggle/working/gfd-robustness-v4-factorial-r1/graphs/base/yelpchi/r60_s1/graph.bin,ok,
gfd_robustness_benchmark_v4_factorial,yelpchi,r60_s1,1729,1,clean,0.0,pmp,train_on_variant,0.8319074840390502,0.5450807196795684,0.7117488778300329,0.3602780103683471,45.9260385000016,51,41,0.8613966151476791,roc_auc,early_stopping,45954,8051348,175.2045135498047,175.0,175.2045135498047,175.0,0.2268800139427185,0.1452974677085876,/kaggle/working/gfd-robustness-v4-factorial-r1/graphs/base/yelpchi/r60_s1/graph.bin,/kaggle/working/gfd-robustness-v4-factorial-r1/graphs/base/yelpchi/r60_s1/graph.bin,/kaggle/working/gfd-robustness-v4-factorial-r1/graphs/base/yelpchi/r60_s1/graph.bin,ok,
gfd_robustness_benchmark_v4_factorial,yelpchi,r60_s1,1729,1,clean,0.0,sage,train_clean_eval_all,0.6117123092155811,0.1953891994371452,0.5448427904169586,0.2996191680431366,0.9382660310002392,23,13,0.6071633087539366,roc_auc,early_stopping,45954,8051348,175.2045135498047,175.0,175.2045135498047,175.0,0.2268800139427185,0.1452974677085876,/kaggle/working/gfd-robustness-v4-factorial-r1/graphs/base/yelpchi/r60_s1/graph.bin,/kaggle/working/gfd-robustness-v4-factorial-r1/graphs/base/yelpchi/r60_s1/graph.bin,/kaggle/working/gfd-robustness-v4-factorial-r1/graphs/base/yelpchi/r60_s1/graph.bin,ok,
gfd_robustness_benchmark_v4_factorial,yelpchi,r60_s1,1729,1,clean,0.0,sage,train_on_variant,0.6117124044934571,0.1953894054194437,0.5448427904169586,0.2996191680431366,0.964876820002246,23,13,0.6071633564346286,roc_auc,early_stopping,45954,8051348,175.2045135498047,175.0,175.2045135498047,175.0,0.2268800139427185,0.1452974677085876,/kaggle/working/gfd-robustness-v4-factorial-r1/graphs/base/yelpchi/r60_s1/graph.bin,/kaggle/working/gfd-robustness-v4-factorial-r1/graphs/base/yelpchi/r60_s1/graph.bin,/kaggle/working/gfd-robustness-v4-factorial-r1/graphs/base/yelpchi/r60_s1/graph.bin,ok,
gfd_robustness_benchmark_v4_factorial,yelpchi,r60_s1,1729,1,clean,0.0,secgfd,train_clean_eval_all,0.7881677454662975,0.4275406916774729,0.6591205292938671,0.7126186490058899,4.535700548996829,50,50,0.8104918501777297,roc_auc,max_epochs,45954,8051348,175.2045135498047,175.0,175.2045135498047,175.0,0.2268800139427185,0.1452974677085876,/kaggle/working/gfd-robustness-v4-factorial-r1/graphs/base/yelpchi/r60_s1/graph.bin,/kaggle/working/gfd-robustness-v4-factorial-r1/graphs/base/yelpchi/r60_s1/graph.bin,/kaggle/working/gfd-robustness-v4-factorial-r1/graphs/base/yelpchi/r60_s1/graph.bin,ok,
gfd_robustness_benchmark_v4_factorial,yelpchi,r60_s1,1729,1,clean,0.0,secgfd,train_on_variant,0.7872082972547776,0.425538583781925,0.6532945092560127,0.7299000024795532,4.476352848996612,50,50,0.8093834648128414,roc_auc,max_epochs,45954,8051348,175.2045135498047,175.0,175.2045135498047,175.0,0.2268800139427185,0.1452974677085876,/kaggle/working/gfd-robustness-v4-factorial-r1/graphs/base/yelpchi/r60_s1/graph.bin,/kaggle/working/gfd-robustness-v4-factorial-r1/graphs/base/yelpchi/r60_s1/graph.bin,/kaggle/working/gfd-robustness-v4-factorial-r1/graphs/base/yelpchi/r60_s1/graph.bin,ok,
gfd_robustness_benchmark_v4_factorial,yelpchi,r60_s1,1729,2,clean,0.0,mlp,train_clean_eval_all,0.7843809262838884,0.425287123032842,0.6571495387316263,0.6982053518295288,2.2670177149957453,100,100,0.8050527229251151,roc_auc,max_epochs,45954,8051348,175.2045135498047,175.0,175.2045135498047,175.0,0.2268800139427185,0.1452974677085876,/kaggle/working/gfd-robustness-v4-factorial-r1/graphs/base/yelpchi/r60_s1/graph.bin,/kaggle/working/gfd-robustness-v4-factorial-r1/graphs/base/yelpchi/r60_s1/graph.bin,/kaggle/working/gfd-robustness-v4-factorial-r1/graphs/base/yelpchi/r60_s1/graph.bin,ok,
gfd_robustness_benchmark_v4_factorial,yelpchi,r60_s1,1729,2,clean,0.0,mlp,train_on_variant,0.7843809262838884,0.425287123032842,0.6571495387316263,0.6982053518295288,1.7685891170003742,100,100,0.8050527229251151,roc_auc,max_epochs,45954,8051348,175.2045135498047,175.0,175.2045135498047,175.0,0.2268800139427185,0.1452974677085876,/kaggle/working/gfd-robustness-v4-factorial-r1/graphs/base/yelpchi/r60_s1/graph.bin,/kaggle/working/gfd-robustness-v4-factorial-r1/graphs/base/yelpchi/r60_s1/graph.bin,/kaggle/working/gfd-robustness-v4-factorial-r1/graphs/base/yelpchi/r60_s1/graph.bin,ok,
gfd_robustness_benchmark_v4_factorial,yelpchi,r60_s1,1729,2,clean,0.0,pmp,train_clean_eval_all,0.8432137284748222,0.5577158116277383,0.7164229405591873,0.3910762369632721,55.77453987299669,61,51,0.8651209063145925,roc_auc,early_stopping,45954,8051348,175.2045135498047,175.0,175.2045135498047,175.0,0.2268800139427185,0.1452974677085876,/kaggle/working/gfd-robustness-v4-factorial-r1/graphs/base/yelpchi/r60_s1/graph.bin,/kaggle/working/gfd-robustness-v4-factorial-r1/graphs/base/yelpchi/r60_s1/graph.bin,/kaggle/working/gfd-robustness-v4-factorial-r1/graphs/base/yelpchi/r60_s1/graph.bin,ok,
gfd_robustness_benchmark_v4_factorial,yelpchi,r60_s1,1729,2,clean,0.0,pmp,train_on_variant,0.8432137284748222,0.5577158116277383,0.7164229405591873,0.3910762369632721,54.46909197700006,61,51,0.8651209063145925,roc_auc,early_stopping,45954,8051348,175.2045135498047,175.0,175.2045135498047,175.0,0.2268800139427185,0.1452974677085876,/kaggle/working/gfd-robustness-v4-factorial-r1/graphs/base/yelpchi/r60_s1/graph.bin,/kaggle/working/gfd-robustness-v4-factorial-r1/graphs/base/yelpchi/r60_s1/graph.bin,/kaggle/working/gfd-robustness-v4-factorial-r1/graphs/base/yelpchi/r60_s1/graph.bin,ok,
gfd_robustness_benchmark_v4_factorial,yelpchi,r60_s1,1729,2,clean,0.0,sage,train_clean_eval_all,0.7698195132138981,0.408420781330911,0.6417712213413962,0.6638100147247314,3.1950645689976227,100,100,0.794380449009076,roc_auc,max_epochs,45954,8051348,175.2045135498047,175.0,175.2045135498047,175.0,0.2268800139427185,0.1452974677085876,/kaggle/working/gfd-robustness-v4-factorial-r1/graphs/base/yelpchi/r60_s1/graph.bin,/kaggle/working/gfd-robustness-v4-factorial-r1/graphs/base/yelpchi/r60_s1/graph.bin,/kaggle/working/gfd-robustness-v4-factorial-r1/graphs/base/yelpchi/r60_s1/graph.bin,ok,
gfd_robustness_benchmark_v4_factorial,yelpchi,r60_s1,1729,2,clean,0.0,sage,train_on_variant,0.7661163003676964,0.3985776660982317,0.6375317910980408,0.6828197836875916,3.191939297001227,100,100,0.7909215485735129,roc_auc,max_epochs,45954,8051348,175.2045135498047,175.0,175.2045135498047,175.0,0.2268800139427185,0.1452974677085876,/kaggle/working/gfd-robustness-v4-factorial-r1/graphs/base/yelpchi/r60_s1/graph.bin,/kaggle/working/gfd-robustness-v4-factorial-r1/graphs/base/yelpchi/r60_s1/graph.bin,/kaggle/working/gfd-robustness-v4-factorial-r1/graphs/base/yelpchi/r60_s1/graph.bin,ok,
gfd_robustness_benchmark_v4_factorial,yelpchi,r60_s1,1729,2,clean,0.0,secgfd,train_clean_eval_all,0.7974642936631828,0.4722569758530782,0.6765423790062817,0.7434759140014648,4.479861255000287,50,50,0.8145421342354521,roc_auc,max_epochs,45954,8051348,175.2045135498047,175.0,175.2045135498047,175.0,0.2268800139427185,0.1452974677085876,/kaggle/working/gfd-robustness-v4-factorial-r1/graphs/base/yelpchi/r60_s1/graph.bin,/kaggle/working/gfd-robustness-v4-factorial-r1/graphs/base/yelpchi/r60_s1/graph.bin,/kaggle/working/gfd-robustness-v4-factorial-r1/graphs/base/yelpchi/r60_s1/graph.bin,ok,
gfd_robustness_benchmark_v4_factorial,yelpchi,r60_s1,1729,2,clean,0.0,secgfd,train_on_variant,0.7968923882123736,0.4699347025755846,0.6763860525874763,0.6911176443099976,4.404972930999065,50,50,0.8141372297994789,roc_auc,max_epochs,45954,8051348,175.2045135498047,175.0,175.2045135498047,175.0,0.2268800139427185,0.1452974677085876,/kaggle/working/gfd-robustness-v4-factorial-r1/graphs/base/yelpchi/r60_s1/graph.bin,/kaggle/working/gfd-robustness-v4-factorial-r1/graphs/base/yelpchi/r60_s1/graph.bin,/kaggle/working/gfd-robustness-v4-factorial-r1/graphs/base/yelpchi/r60_s1/graph.bin,ok,
gfd_robustness_benchmark_v4_factorial,yelpchi,r60_s1,1729,3,clean,0.0,mlp,train_clean_eval_all,0.7816018135572033,0.4143485547512492,0.6496944434221562,0.6969894766807556,2.27672459400128,100,100,0.8041077869722045,roc_auc,max_epochs,45954,8051348,175.2045135498047,175.0,175.2045135498047,175.0,0.2268800139427185,0.1452974677085876,/kaggle/working/gfd-robustness-v4-factorial-r1/graphs/base/yelpchi/r60_s1/graph.bin,/kaggle/working/gfd-robustness-v4-factorial-r1/graphs/base/yelpchi/r60_s1/graph.bin,/kaggle/working/gfd-robustness-v4-factorial-r1/graphs/base/yelpchi/r60_s1/graph.bin,ok,
gfd_robustness_benchmark_v4_factorial,yelpchi,r60_s1,1729,3,clean,0.0,mlp,train_on_variant,0.7816018135572033,0.4143485547512492,0.6496944434221562,0.6969894766807556,1.9129804769982,100,100,0.8041077869722045,roc_auc,max_epochs,45954,8051348,175.2045135498047,175.0,175.2045135498047,175.0,0.2268800139427185,0.1452974677085876,/kaggle/working/gfd-robustness-v4-factorial-r1/graphs/base/yelpchi/r60_s1/graph.bin,/kaggle/working/gfd-robustness-v4-factorial-r1/graphs/base/yelpchi/r60_s1/graph.bin,/kaggle/working/gfd-robustness-v4-factorial-r1/graphs/base/yelpchi/r60_s1/graph.bin,ok,
gfd_robustness_benchmark_v4_factorial,yelpchi,r60_s1,1729,3,clean,0.0,pmp,train_clean_eval_all,0.8396671524567972,0.5542717512507134,0.7090360864473046,0.3360407650470733,52.14604929699999,64,54,0.863328636785177,roc_auc,early_stopping,45954,8051348,175.2045135498047,175.0,175.2045135498047,175.0,0.2268800139427185,0.1452974677085876,/kaggle/working/gfd-robustness-v4-factorial-r1/graphs/base/yelpchi/r60_s1/graph.bin,/kaggle/working/gfd-robustness-v4-factorial-r1/graphs/base/yelpchi/r60_s1/graph.bin,/kaggle/working/gfd-robustness-v4-factorial-r1/graphs/base/yelpchi/r60_s1/graph.bin,ok,
gfd_robustness_benchmark_v4_factorial,yelpchi,r60_s1,1729,3,clean,0.0,pmp,train_on_variant,0.8396671524567972,0.5542717512507134,0.7090360864473046,0.3360407650470733,57.86321573600071,64,54,0.863328636785177,roc_auc,early_stopping,45954,8051348,175.2045135498047,175.0,175.2045135498047,175.0,0.2268800139427185,0.1452974677085876,/kaggle/working/gfd-robustness-v4-factorial-r1/graphs/base/yelpchi/r60_s1/graph.bin,/kaggle/working/gfd-robustness-v4-factorial-r1/graphs/base/yelpchi/r60_s1/graph.bin,/kaggle/working/gfd-robustness-v4-factorial-r1/graphs/base/yelpchi/r60_s1/graph.bin,ok,
gfd_robustness_benchmark_v4_factorial,yelpchi,r60_s1,1729,3,clean,0.0,sage,train_clean_eval_all,0.7701640856525239,0.4112899909596249,0.6477007471412161,0.6734314560890198,3.3743046859999595,100,100,0.7957354389126895,roc_auc,max_epochs,45954,8051348,175.2045135498047,175.0,175.2045135498047,175.0,0.2268800139427185,0.1452974677085876,/kaggle/working/gfd-robustness-v4-factorial-r1/graphs/base/yelpchi/r60_s1/graph.bin,/kaggle/working/gfd-robustness-v4-factorial-r1/graphs/base/yelpchi/r60_s1/graph.bin,/kaggle/working/gfd-robustness-v4-factorial-r1/graphs/base/yelpchi/r60_s1/graph.bin,ok,
gfd_robustness_benchmark_v4_factorial,yelpchi,r60_s1,1729,3,clean,0.0,sage,train_on_variant,0.7732286508957644,0.4152264032797171,0.6484673983739637,0.6375543475151062,3.213420718002453,100,100,0.7985642866849284,roc_auc,max_epochs,45954,8051348,175.2045135498047,175.0,175.2045135498047,175.0,0.2268800139427185,0.1452974677085876,/kaggle/working/gfd-robustness-v4-factorial-r1/graphs/base/yelpchi/r60_s1/graph.bin,/kaggle/working/gfd-robustness-v4-factorial-r1/graphs/base/yelpchi/r60_s1/graph.bin,/kaggle/working/gfd-robustness-v4-factorial-r1/graphs/base/yelpchi/r60_s1/graph.bin,ok,
gfd_robustness_benchmark_v4_factorial,yelpchi,r60_s1,1729,3,clean,0.0,secgfd,train_clean_eval_all,0.781125662371794,0.4201678000969776,0.6524422567574466,0.7394757270812988,4.511020858000848,50,44,0.80207887816868,roc_auc,max_epochs,45954,8051348,175.2045135498047,175.0,175.2045135498047,175.0,0.2268800139427185,0.1452974677085876,/kaggle/working/gfd-robustness-v4-factorial-r1/graphs/base/yelpchi/r60_s1/graph.bin,/kaggle/working/gfd-robustness-v4-factorial-r1/graphs/base/yelpchi/r60_s1/graph.bin,/kaggle/working/gfd-robustness-v4-factorial-r1/graphs/base/yelpchi/r60_s1/graph.bin,ok,
gfd_robustness_benchmark_v4_factorial,yelpchi,r60_s1,1729,3,clean,0.0,secgfd,train_on_variant,0.7877124124967987,0.4406210295528498,0.66255021347229,0.7511453628540039,4.389385959999345,50,50,0.8072896625875835,roc_auc,max_epochs,45954,8051348,175.2045135498047,175.0,175.2045135498047,175.0,0.2268800139427185,0.1452974677085876,/kaggle/working/gfd-robustness-v4-factorial-r1/graphs/base/yelpchi/r60_s1/graph.bin,/kaggle/working/gfd-robustness-v4-factorial-r1/graphs/base/yelpchi/r60_s1/graph.bin,/kaggle/working/gfd-robustness-v4-factorial-r1/graphs/base/yelpchi/r60_s1/graph.bin,ok,
gfd_robustness_benchmark_v4_factorial,yelpchi,r60_s1,1729,4,clean,0.0,mlp,train_clean_eval_all,0.7806874794199787,0.4201037950434657,0.6496479861960988,0.6775984764099121,2.230704808996961,100,100,0.8035062473626617,roc_auc,max_epochs,45954,8051348,175.2045135498047,175.0,175.2045135498047,175.0,0.2268800139427185,0.1452974677085876,/kaggle/working/gfd-robustness-v4-factorial-r1/graphs/base/yelpchi/r60_s1/graph.bin,/kaggle/working/gfd-robustness-v4-factorial-r1/graphs/base/yelpchi/r60_s1/graph.bin,/kaggle/working/gfd-robustness-v4-factorial-r1/graphs/base/yelpchi/r60_s1/graph.bin,ok,
gfd_robustness_benchmark_v4_factorial,yelpchi,r60_s1,1729,4,clean,0.0,mlp,train_on_variant,0.7806874794199787,0.4201037950434657,0.6496479861960988,0.6775984764099121,1.960735955999553,100,100,0.8035062473626617,roc_auc,max_epochs,45954,8051348,175.2045135498047,175.0,175.2045135498047,175.0,0.2268800139427185,0.1452974677085876,/kaggle/working/gfd-robustness-v4-factorial-r1/graphs/base/yelpchi/r60_s1/graph.bin,/kaggle/working/gfd-robustness-v4-factorial-r1/graphs/base/yelpchi/r60_s1/graph.bin,/kaggle/working/gfd-robustness-v4-factorial-r1/graphs/base/yelpchi/r60_s1/graph.bin,ok,
gfd_robustness_benchmark_v4_factorial,yelpchi,r60_s1,1729,4,clean,0.0,pmp,train_clean_eval_all,0.8504674237319658,0.5768381257553825,0.723705360601131,0.5032673478126526,78.17849867400218,97,87,0.8691705705233195,roc_auc,early_stopping,45954,8051348,175.2045135498047,175.0,175.2045135498047,175.0,0.2268800139427185,0.1452974677085876,/kaggle/working/gfd-robustness-v4-factorial-r1/graphs/base/yelpchi/r60_s1/graph.bin,/kaggle/working/gfd-robustness-v4-factorial-r1/graphs/base/yelpchi/r60_s1/graph.bin,/kaggle/working/gfd-robustness-v4-factorial-r1/graphs/base/yelpchi/r60_s1/graph.bin,ok,
gfd_robustness_benchmark_v4_factorial,yelpchi,r60_s1,1729,4,clean,0.0,pmp,train_on_variant,0.8504674237319658,0.5768381257553825,0.723705360601131,0.5032673478126526,86.5845391340008,97,87,0.8691705705233195,roc_auc,early_stopping,45954,8051348,175.2045135498047,175.0,175.2045135498047,175.0,0.2268800139427185,0.1452974677085876,/kaggle/working/gfd-robustness-v4-factorial-r1/graphs/base/yelpchi/r60_s1/graph.bin,/kaggle/working/gfd-robustness-v4-factorial-r1/graphs/base/yelpchi/r60_s1/graph.bin,/kaggle/working/gfd-robustness-v4-factorial-r1/graphs/base/yelpchi/r60_s1/graph.bin,ok,
gfd_robustness_benchmark_v4_factorial,yelpchi,r60_s1,1729,4,clean,0.0,sage,train_clean_eval_all,0.7760399199056063,0.4188456455149519,0.6490318074109807,0.6741504073143005,3.240987660996325,100,100,0.8005188136090231,roc_auc,max_epochs,45954,8051348,175.2045135498047,175.0,175.2045135498047,175.0,0.2268800139427185,0.1452974677085876,/kaggle/working/gfd-robustness-v4-factorial-r1/graphs/base/yelpchi/r60_s1/graph.bin,/kaggle/working/gfd-robustness-v4-factorial-r1/graphs/base/yelpchi/r60_s1/graph.bin,/kaggle/working/gfd-robustness-v4-factorial-r1/graphs/base/yelpchi/r60_s1/graph.bin,ok,
gfd_robustness_benchmark_v4_factorial,yelpchi,r60_s1,1729,4,clean,0.0,sage,train_on_variant,0.775601832231667,0.4179258512884955,0.6488028527763627,0.6644766330718994,3.138431267998385,100,100,0.8001503849023857,roc_auc,max_epochs,45954,8051348,175.2045135498047,175.0,175.2045135498047,175.0,0.2268800139427185,0.1452974677085876,/kaggle/working/gfd-robustness-v4-factorial-r1/graphs/base/yelpchi/r60_s1/graph.bin,/kaggle/working/gfd-robustness-v4-factorial-r1/graphs/base/yelpchi/r60_s1/graph.bin,/kaggle/working/gfd-robustness-v4-factorial-r1/graphs/base/yelpchi/r60_s1/graph.bin,ok,
gfd_robustness_benchmark_v4_factorial,yelpchi,r60_s1,1729,4,clean,0.0,secgfd,train_clean_eval_all,0.7854610915643255,0.4285038717149451,0.6614914130230988,0.7461267709732056,4.341428069001267,50,50,0.8075951527808571,roc_auc,max_epochs,45954,8051348,175.2045135498047,175.0,175.2045135498047,175.0,0.2268800139427185,0.1452974677085876,/kaggle/working/gfd-robustness-v4-factorial-r1/graphs/base/yelpchi/r60_s1/graph.bin,/kaggle/working/gfd-robustness-v4-factorial-r1/graphs/base/yelpchi/r60_s1/graph.bin,/kaggle/working/gfd-robustness-v4-factorial-r1/graphs/base/yelpchi/r60_s1/graph.bin,ok,
gfd_robustness_benchmark_v4_factorial,yelpchi,r60_s1,1729,4,clean,0.0,secgfd,train_on_variant,0.7850081405417272,0.4268100710961179,0.6602379772886808,0.7500991821289062,4.403971858002478,50,50,0.8073418252645682,roc_auc,max_epochs,45954,8051348,175.2045135498047,175.0,175.2045135498047,175.0,0.2268800139427185,0.1452974677085876,/kaggle/working/gfd-robustness-v4-factorial-r1/graphs/base/yelpchi/r60_s1/graph.bin,/kaggle/working/gfd-robustness-v4-factorial-r1/graphs/base/yelpchi/r60_s1/graph.bin,/kaggle/working/gfd-robustness-v4-factorial-r1/graphs/base/yelpchi/r60_s1/graph.bin,ok,
gfd_robustness_benchmark_v4_factorial,yelpchi,r60_s1,0,0,heterophily_rewire_nonoracle,0.15,mlp,train_clean_eval_all,0.7313415906222179,0.3257175093405576,0.6106510448958343,0.4993019104003906,0.0748428349979803,16,6,0.7522698631802545,roc_auc,early_stopping,45954,8051348,175.2045135498047,174.0,175.2045135498047,175.0,0.2294831871986389,0.1452974677085876,/kaggle/working/gfd-robustness-v4-factorial-r1/graphs/base/yelpchi/r60_s1/graph.bin,/kaggle/working/gfd-robustness-v4-factorial-r1/graphs/variants/yelpchi/r60_s1/heterophily_rewire_nonoracle/0.15/seed_0/graph.bin,/kaggle/working/gfd-robustness-v4-factorial-r1/graphs/base/yelpchi/r60_s1/graph.bin,ok,
gfd_robustness_benchmark_v4_factorial,yelpchi,r60_s1,0,0,heterophily_rewire_nonoracle,0.15,mlp,train_on_variant,0.7313415906222179,0.3257175093405576,0.6106510448958343,0.4993019104003906,0.3956191289980779,16,6,0.7522698631802545,roc_auc,early_stopping,45954,8051348,175.2045135498047,174.0,175.2045135498047,175.0,0.2294831871986389,0.1452974677085876,/kaggle/working/gfd-robustness-v4-factorial-r1/graphs/base/yelpchi/r60_s1/graph.bin,/kaggle/working/gfd-robustness-v4-factorial-r1/graphs/variants/yelpchi/r60_s1/heterophily_rewire_nonoracle/0.15/seed_0/graph.bin,/kaggle/working/gfd-robustness-v4-factorial-r1/graphs/variants/yelpchi/r60_s1/heterophily_rewire_nonoracle/0.15/seed_0/graph.bin,ok,
gfd_robustness_benchmark_v4_factorial,yelpchi,r60_s1,0,0,heterophily_rewire_nonoracle,0.15,pmp,train_clean_eval_all,0.8239415866586582,0.5051254243454238,0.6896214135490388,0.4558625817298889,0.3533184570005687,43,33,0.8640671153419779,roc_auc,early_stopping,45954,8051348,175.2045135498047,174.0,175.2045135498047,175.0,0.2294831871986389,0.1452974677085876,/kaggle/working/gfd-robustness-v4-factorial-r1/graphs/base/yelpchi/r60_s1/graph.bin,/kaggle/working/gfd-robustness-v4-factorial-r1/graphs/variants/yelpchi/r60_s1/heterophily_rewire_nonoracle/0.15/seed_0/graph.bin,/kaggle/working/gfd-robustness-v4-factorial-r1/graphs/base/yelpchi/r60_s1/graph.bin,ok,
gfd_robustness_benchmark_v4_factorial,yelpchi,r60_s1,0,0,heterophily_rewire_nonoracle,0.15,pmp,train_on_variant,0.8301951024122833,0.5114344560996803,0.6996009148097179,0.3142520785331726,38.95707206899897,66,56,0.8478368462083121,roc_auc,early_stopping,45954,8051348,175.2045135498047,174.0,175.2045135498047,175.0,0.2294831871986389,0.1452974677085876,/kaggle/working/gfd-robustness-v4-factorial-r1/graphs/base/yelpchi/r60_s1/graph.bin,/kaggle/working/gfd-robustness-v4-factorial-r1/graphs/variants/yelpchi/r60_s1/heterophily_rewire_nonoracle/0.15/seed_0/graph.bin,/kaggle/working/gfd-robustness-v4-factorial-r1/graphs/variants/yelpchi/r60_s1/heterophily_rewire_nonoracle/0.15/seed_0/graph.bin,ok,
gfd_robustness_benchmark_v4_factorial,yelpchi,r60_s1,0,0,heterophily_rewire_nonoracle,0.15,sage,train_clean_eval_all,0.7799958573179506,0.4253119694775638,0.6529763564443726,0.6908925771713257,0.1037076419997902,100,100,0.8115424465439842,roc_auc,max_epochs,45954,8051348,175.2045135498047,174.0,175.2045135498047,175.0,0.2294831871986389,0.1452974677085876,/kaggle/working/gfd-robustness-v4-factorial-r1/graphs/base/yelpchi/r60_s1/graph.bin,/kaggle/working/gfd-robustness-v4-factorial-r1/graphs/variants/yelpchi/r60_s1/heterophily_rewire_nonoracle/0.15/seed_0/graph.bin,/kaggle/working/gfd-robustness-v4-factorial-r1/graphs/base/yelpchi/r60_s1/graph.bin,ok,
gfd_robustness_benchmark_v4_factorial,yelpchi,r60_s1,0,0,heterophily_rewire_nonoracle,0.15,sage,train_on_variant,0.7651988696995012,0.4056193684966912,0.6434818805137914,0.6643420457839966,3.2744888749984966,100,100,0.7874184004558274,roc_auc,max_epochs,45954,8051348,175.2045135498047,174.0,175.2045135498047,175.0,0.2294831871986389,0.1452974677085876,/kaggle/working/gfd-robustness-v4-factorial-r1/graphs/base/yelpchi/r60_s1/graph.bin,/kaggle/working/gfd-robustness-v4-factorial-r1/graphs/variants/yelpchi/r60_s1/heterophily_rewire_nonoracle/0.15/seed_0/graph.bin,/kaggle/working/gfd-robustness-v4-factorial-r1/graphs/variants/yelpchi/r60_s1/heterophily_rewire_nonoracle/0.15/seed_0/graph.bin,ok,
gfd_robustness_benchmark_v4_factorial,yelpchi,r60_s1,0,0,heterophily_rewire_nonoracle,0.15,secgfd,train_clean_eval_all,0.7931109522299596,0.4631729429914658,0.6681915863897907,0.6614007353782654,0.1507689459976973,50,50,0.8176709412406993,roc_auc,max_epochs,45954,8051348,175.2045135498047,174.0,175.2045135498047,175.0,0.2294831871986389,0.1452974677085876,/kaggle/working/gfd-robustness-v4-factorial-r1/graphs/base/yelpchi/r60_s1/graph.bin,/kaggle/working/gfd-robustness-v4-factorial-r1/graphs/variants/yelpchi/r60_s1/heterophily_rewire_nonoracle/0.15/seed_0/graph.bin,/kaggle/working/gfd-robustness-v4-factorial-r1/graphs/base/yelpchi/r60_s1/graph.bin,ok,
gfd_robustness_benchmark_v4_factorial,yelpchi,r60_s1,0,0,heterophily_rewire_nonoracle,0.15,secgfd,train_on_variant,0.8104838248655438,0.4873573468360668,0.6926374827464001,0.7752437591552734,4.7545053380017634,50,50,0.8258924275909092,roc_auc,max_epochs,45954,8051348,175.2045135498047,174.0,175.2045135498047,175.0,0.2294831871986389,0.1452974677085876,/kaggle/working/gfd-robustness-v4-factorial-r1/graphs/base/yelpchi/r60_s1/graph.bin,/kaggle/working/gfd-robustness-v4-factorial-r1/graphs/variants/yelpchi/r60_s1/heterophily_rewire_nonoracle/0.15/seed_0/graph.bin,/kaggle/working/gfd-robustness-v4-factorial-r1/graphs/variants/yelpchi/r60_s1/heterophily_rewire_nonoracle/0.15/seed_0/graph.bin,ok,
gfd_robustness_benchmark_v4_factorial,yelpchi,r60_s1,0,1,heterophily_rewire_nonoracle,0.15,mlp,train_clean_eval_all,0.7838484658737515,0.4223574749223457,0.6531032177334472,0.6898988485336304,0.1056591230008052,100,100,0.8046757116939282,roc_auc,max_epochs,45954,8051348,175.2045135498047,174.0,175.2045135498047,175.0,0.2294831871986389,0.1452974677085876,/kaggle/working/gfd-robustness-v4-factorial-r1/graphs/base/yelpchi/r60_s1/graph.bin,/kaggle/working/gfd-robustness-v4-factorial-r1/graphs/variants/yelpchi/r60_s1/heterophily_rewire_nonoracle/0.15/seed_0/graph.bin,/kaggle/working/gfd-robustness-v4-factorial-r1/graphs/base/yelpchi/r60_s1/graph.bin,ok,
gfd_robustness_benchmark_v4_factorial,yelpchi,r60_s1,0,1,heterophily_rewire_nonoracle,0.15,mlp,train_on_variant,0.7838484658737515,0.4223574749223457,0.6531032177334472,0.6898988485336304,1.9608514399988053,100,100,0.8046757116939282,roc_auc,max_epochs,45954,8051348,175.2045135498047,174.0,175.2045135498047,175.0,0.2294831871986389,0.1452974677085876,/kaggle/working/gfd-robustness-v4-factorial-r1/graphs/base/yelpchi/r60_s1/graph.bin,/kaggle/working/gfd-robustness-v4-factorial-r1/graphs/variants/yelpchi/r60_s1/heterophily_rewire_nonoracle/0.15/seed_0/graph.bin,/kaggle/working/gfd-robustness-v4-factorial-r1/graphs/variants/yelpchi/r60_s1/heterophily_rewire_nonoracle/0.15/seed_0/graph.bin,ok,
gfd_robustness_benchmark_v4_factorial,yelpchi,r60_s1,0,1,heterophily_rewire_nonoracle,0.15,pmp,train_clean_eval_all,0.8207519692031415,0.4992832708602567,0.6969304735383026,0.3602780103683471,0.3772559070021088,51,41,0.8613966151476791,roc_auc,early_stopping,45954,8051348,175.2045135498047,174.0,175.2045135498047,175.0,0.2294831871986389,0.1452974677085876,/kaggle/working/gfd-robustness-v4-factorial-r1/graphs/base/yelpchi/r60_s1/graph.bin,/kaggle/working/gfd-robustness-v4-factorial-r1/graphs/variants/yelpchi/r60_s1/heterophily_rewire_nonoracle/0.15/seed_0/graph.bin,/kaggle/working/gfd-robustness-v4-factorial-r1/graphs/base/yelpchi/r60_s1/graph.bin,ok,
gfd_robustness_benchmark_v4_factorial,yelpchi,r60_s1,0,1,heterophily_rewire_nonoracle,0.15,pmp,train_on_variant,0.8283638616351817,0.5130248773433261,0.6993583917206987,0.3350959718227386,28.42755322299854,49,39,0.8489523359962999,roc_auc,early_stopping,45954,8051348,175.2045135498047,174.0,175.2045135498047,175.0,0.2294831871986389,0.1452974677085876,/kaggle/working/gfd-robustness-v4-factorial-r1/graphs/base/yelpchi/r60_s1/graph.bin,/kaggle/working/gfd-robustness-v4-factorial-r1/graphs/variants/yelpchi/r60_s1/heterophily_rewire_nonoracle/0.15/seed_0/graph.bin,/kaggle/working/gfd-robustness-v4-factorial-r1/graphs/variants/yelpchi/r60_s1/heterophily_rewire_nonoracle/0.15/seed_0/graph.bin,ok,
gfd_robustness_benchmark_v4_factorial,yelpchi,r60_s1,0,1,heterophily_rewire_nonoracle,0.15,sage,train_clean_eval_all,0.6097518239996585,0.2089315701621555,0.5504089451993389,0.2996191680431366,0.1151936580026813,23,13,0.6071633087539366,roc_auc,early_stopping,45954,8051348,175.2045135498047,174.0,175.2045135498047,175.0,0.2294831871986389,0.1452974677085876,/kaggle/working/gfd-robustness-v4-factorial-r1/graphs/base/yelpchi/r60_s1/graph.bin,/kaggle/working/gfd-robustness-v4-factorial-r1/graphs/variants/yelpchi/r60_s1/heterophily_rewire_nonoracle/0.15/seed_0/graph.bin,/kaggle/working/gfd-robustness-v4-factorial-r1/graphs/base/yelpchi/r60_s1/graph.bin,ok,
gfd_robustness_benchmark_v4_factorial,yelpchi,r60_s1,0,1,heterophily_rewire_nonoracle,0.15,sage,train_on_variant,0.610118929655963,0.2096658553704328,0.5520855777991014,0.3015779554843902,0.9492128309975668,23,13,0.6084546449338073,roc_auc,early_stopping,45954,8051348,175.2045135498047,174.0,175.2045135498047,175.0,0.2294831871986389,0.1452974677085876,/kaggle/working/gfd-robustness-v4-factorial-r1/graphs/base/yelpchi/r60_s1/graph.bin,/kaggle/working/gfd-robustness-v4-factorial-r1/graphs/variants/yelpchi/r60_s1/heterophily_rewire_nonoracle/0.15/seed_0/graph.bin,/kaggle/working/gfd-robustness-v4-factorial-r1/graphs/variants/yelpchi/r60_s1/heterophily_rewire_nonoracle/0.15/seed_0/graph.bin,ok,
gfd_robustness_benchmark_v4_factorial,yelpchi,r60_s1,0,1,heterophily_rewire_nonoracle,0.15,secgfd,train_clean_eval_all,0.7866620691915558,0.4280561057694378,0.6614651217838662,0.7126186490058899,0.1707529240011354,50,50,0.8104918501777297,roc_auc,max_epochs,45954,8051348,175.2045135498047,174.0,175.2045135498047,175.0,0.2294831871986389,0.1452974677085876,/kaggle/working/gfd-robustness-v4-factorial-r1/graphs/base/yelpchi/r60_s1/graph.bin,/kaggle/working/gfd-robustness-v4-factorial-r1/graphs/variants/yelpchi/r60_s1/heterophily_rewire_nonoracle/0.15/seed_0/graph.bin,/kaggle/working/gfd-robustness-v4-factorial-r1/graphs/base/yelpchi/r60_s1/graph.bin,ok,
gfd_robustness_benchmark_v4_factorial,yelpchi,r60_s1,0,1,heterophily_rewire_nonoracle,0.15,secgfd,train_on_variant,0.7860982147212703,0.4330826714742484,0.6644838487054476,0.7009032368659973,4.722156105002796,50,49,0.810421568837807,roc_auc,max_epochs,45954,8051348,175.2045135498047,174.0,175.2045135498047,175.0,0.2294831871986389,0.1452974677085876,/kaggle/working/gfd-robustness-v4-factorial-r1/graphs/base/yelpchi/r60_s1/graph.bin,/kaggle/working/gfd-robustness-v4-factorial-r1/graphs/variants/yelpchi/r60_s1/heterophily_rewire_nonoracle/0.15/seed_0/graph.bin,/kaggle/working/gfd-robustness-v4-factorial-r1/graphs/variants/yelpchi/r60_s1/heterophily_rewire_nonoracle/0.15/seed_0/graph.bin,ok,
gfd_robustness_benchmark_v4_factorial,yelpchi,r60_s1,0,2,heterophily_rewire_nonoracle,0.15,mlp,train_clean_eval_all,0.7843809262838884,0.425287123032842,0.6571495387316263,0.6982053518295288,0.0685254689997236,100,100,0.8050527229251151,roc_auc,max_epochs,45954,8051348,175.2045135498047,174.0,175.2045135498047,175.0,0.2294831871986389,0.1452974677085876,/kaggle/working/gfd-robustness-v4-factorial-r1/graphs/base/yelpchi/r60_s1/graph.bin,/kaggle/working/gfd-robustness-v4-factorial-r1/graphs/variants/yelpchi/r60_s1/heterophily_rewire_nonoracle/0.15/seed_0/graph.bin,/kaggle/working/gfd-robustness-v4-factorial-r1/graphs/base/yelpchi/r60_s1/graph.bin,ok,
gfd_robustness_benchmark_v4_factorial,yelpchi,r60_s1,0,2,heterophily_rewire_nonoracle,0.15,mlp,train_on_variant,0.7843809262838884,0.425287123032842,0.6571495387316263,0.6982053518295288,1.854761029000656,100,100,0.8050527229251151,roc_auc,max_epochs,45954,8051348,175.2045135498047,174.0,175.2045135498047,175.0,0.2294831871986389,0.1452974677085876,/kaggle/working/gfd-robustness-v4-factorial-r1/graphs/base/yelpchi/r60_s1/graph.bin,/kaggle/working/gfd-robustness-v4-factorial-r1/graphs/variants/yelpchi/r60_s1/heterophily_rewire_nonoracle/0.15/seed_0/graph.bin,/kaggle/working/gfd-robustness-v4-factorial-r1/graphs/variants/yelpchi/r60_s1/heterophily_rewire_nonoracle/0.15/seed_0/graph.bin,ok,
gfd_robustness_benchmark_v4_factorial,yelpchi,r60_s1,0,2,heterophily_rewire_nonoracle,0.15,pmp,train_clean_eval_all,0.8295869437296487,0.5133360401831484,0.7045519183211633,0.3910762369632721,0.274974102001579,61,51,0.8651209063145925,roc_auc,early_stopping,45954,8051348,175.2045135498047,174.0,175.2045135498047,175.0,0.2294831871986389,0.1452974677085876,/kaggle/working/gfd-robustness-v4-factorial-r1/graphs/base/yelpchi/r60_s1/graph.bin,/kaggle/working/gfd-robustness-v4-factorial-r1/graphs/variants/yelpchi/r60_s1/heterophily_rewire_nonoracle/0.15/seed_0/graph.bin,/kaggle/working/gfd-robustness-v4-factorial-r1/graphs/base/yelpchi/r60_s1/graph.bin,ok,
gfd_robustness_benchmark_v4_factorial,yelpchi,r60_s1,0,2,heterophily_rewire_nonoracle,0.15,pmp,train_on_variant,0.8298248525860702,0.5125083361678455,0.6964814032121724,0.300467848777771,39.14854230399942,68,58,0.852183704169915,roc_auc,early_stopping,45954,8051348,175.2045135498047,174.0,175.2045135498047,175.0,0.2294831871986389,0.1452974677085876,/kaggle/working/gfd-robustness-v4-factorial-r1/graphs/base/yelpchi/r60_s1/graph.bin,/kaggle/working/gfd-robustness-v4-factorial-r1/graphs/variants/yelpchi/r60_s1/heterophily_rewire_nonoracle/0.15/seed_0/graph.bin,/kaggle/working/gfd-robustness-v4-factorial-r1/graphs/variants/yelpchi/r60_s1/heterophily_rewire_nonoracle/0.15/seed_0/graph.bin,ok,
gfd_robustness_benchmark_v4_factorial,yelpchi,r60_s1,0,2,heterophily_rewire_nonoracle,0.15,sage,train_clean_eval_all,0.766210339631328,0.4033630647497718,0.6409046803095184,0.6638100147247314,0.1378340759983984,100,100,0.794380449009076,roc_auc,max_epochs,45954,8051348,175.2045135498047,174.0,175.2045135498047,175.0,0.2294831871986389,0.1452974677085876,/kaggle/working/gfd-robustness-v4-factorial-r1/graphs/base/yelpchi/r60_s1/graph.bin,/kaggle/working/gfd-robustness-v4-factorial-r1/graphs/variants/yelpchi/r60_s1/heterophily_rewire_nonoracle/0.15/seed_0/graph.bin,/kaggle/working/gfd-robustness-v4-factorial-r1/graphs/base/yelpchi/r60_s1/graph.bin,ok,
gfd_robustness_benchmark_v4_factorial,yelpchi,r60_s1,0,2,heterophily_rewire_nonoracle,0.15,sage,train_on_variant,0.767112573478298,0.4107590825201954,0.6417416422142427,0.685271143913269,3.2432083949970547,100,100,0.7925137499195388,roc_auc,max_epochs,45954,8051348,175.2045135498047,174.0,175.2045135498047,175.0,0.2294831871986389,0.1452974677085876,/kaggle/working/gfd-robustness-v4-factorial-r1/graphs/base/yelpchi/r60_s1/graph.bin,/kaggle/working/gfd-robustness-v4-factorial-r1/graphs/variants/yelpchi/r60_s1/heterophily_rewire_nonoracle/0.15/seed_0/graph.bin,/kaggle/working/gfd-robustness-v4-factorial-r1/graphs/variants/yelpchi/r60_s1/heterophily_rewire_nonoracle/0.15/seed_0/graph.bin,ok,
gfd_robustness_benchmark_v4_factorial,yelpchi,r60_s1,0,2,heterophily_rewire_nonoracle,0.15,secgfd,train_clean_eval_all,0.7930095765698745,0.4719072113502696,0.6737136587073487,0.7434759140014648,0.1469698330001847,50,50,0.8145421342354521,roc_auc,max_epochs,45954,8051348,175.2045135498047,174.0,175.2045135498047,175.0,0.2294831871986389,0.1452974677085876,/kaggle/working/gfd-robustness-v4-factorial-r1/graphs/base/yelpchi/r60_s1/graph.bin,/kaggle/working/gfd-robustness-v4-factorial-r1/graphs/variants/yelpchi/r60_s1/heterophily_rewire_nonoracle/0.15/seed_0/graph.bin,/kaggle/working/gfd-robustness-v4-factorial-r1/graphs/base/yelpchi/r60_s1/graph.bin,ok,
gfd_robustness_benchmark_v4_factorial,yelpchi,r60_s1,0,2,heterophily_rewire_nonoracle,0.15,secgfd,train_on_variant,0.790732054221496,0.4587909218434854,0.672944596853442,0.7291263937950134,4.778373348999594,50,50,0.8095935459415387,roc_auc,max_epochs,45954,8051348,175.2045135498047,174.0,175.2045135498047,175.0,0.2294831871986389,0.1452974677085876,/kaggle/working/gfd-robustness-v4-factorial-r1/graphs/base/yelpchi/r60_s1/graph.bin,/kaggle/working/gfd-robustness-v4-factorial-r1/graphs/variants/yelpchi/r60_s1/heterophily_rewire_nonoracle/0.15/seed_0/graph.bin,/kaggle/working/gfd-robustness-v4-factorial-r1/graphs/variants/yelpchi/r60_s1/heterophily_rewire_nonoracle/0.15/seed_0/graph.bin,ok,
gfd_robustness_benchmark_v4_factorial,yelpchi,r60_s1,0,3,heterophily_rewire_nonoracle,0.15,mlp,train_clean_eval_all,0.7816018135572033,0.4143485547512492,0.6496944434221562,0.6969894766807556,0.0881562909999047,100,100,0.8041077869722045,roc_auc,max_epochs,45954,8051348,175.2045135498047,174.0,175.2045135498047,175.0,0.2294831871986389,0.1452974677085876,/kaggle/working/gfd-robustness-v4-factorial-r1/graphs/base/yelpchi/r60_s1/graph.bin,/kaggle/working/gfd-robustness-v4-factorial-r1/graphs/variants/yelpchi/r60_s1/heterophily_rewire_nonoracle/0.15/seed_0/graph.bin,/kaggle/working/gfd-robustness-v4-factorial-r1/graphs/base/yelpchi/r60_s1/graph.bin,ok,
gfd_robustness_benchmark_v4_factorial,yelpchi,r60_s1,0,3,heterophily_rewire_nonoracle,0.15,mlp,train_on_variant,0.7816018135572033,0.4143485547512492,0.6496944434221562,0.6969894766807556,1.795905043003586,100,100,0.8041077869722045,roc_auc,max_epochs,45954,8051348,175.2045135498047,174.0,175.2045135498047,175.0,0.2294831871986389,0.1452974677085876,/kaggle/working/gfd-robustness-v4-factorial-r1/graphs/base/yelpchi/r60_s1/graph.bin,/kaggle/working/gfd-robustness-v4-factorial-r1/graphs/variants/yelpchi/r60_s1/heterophily_rewire_nonoracle/0.15/seed_0/graph.bin,/kaggle/working/gfd-robustness-v4-factorial-r1/graphs/variants/yelpchi/r60_s1/heterophily_rewire_nonoracle/0.15/seed_0/graph.bin,ok,
gfd_robustness_benchmark_v4_factorial,yelpchi,r60_s1,0,3,heterophily_rewire_nonoracle,0.15,pmp,train_clean_eval_all,0.8221491239770967,0.5103268397550736,0.6900702003578306,0.3360407650470733,0.2883495670030243,64,54,0.863328636785177,roc_auc,early_stopping,45954,8051348,175.2045135498047,174.0,175.2045135498047,175.0,0.2294831871986389,0.1452974677085876,/kaggle/working/gfd-robustness-v4-factorial-r1/graphs/base/yelpchi/r60_s1/graph.bin,/kaggle/working/gfd-robustness-v4-factorial-r1/graphs/variants/yelpchi/r60_s1/heterophily_rewire_nonoracle/0.15/seed_0/graph.bin,/kaggle/working/gfd-robustness-v4-factorial-r1/graphs/base/yelpchi/r60_s1/graph.bin,ok,
gfd_robustness_benchmark_v4_factorial,yelpchi,r60_s1,0,3,heterophily_rewire_nonoracle,0.15,pmp,train_on_variant,0.8309619940363672,0.5155957906299551,0.6988538156477088,0.2924587726593017,35.153412918996764,60,50,0.8495928784118515,roc_auc,early_stopping,45954,8051348,175.2045135498047,174.0,175.2045135498047,175.0,0.2294831871986389,0.1452974677085876,/kaggle/working/gfd-robustness-v4-factorial-r1/graphs/base/yelpchi/r60_s1/graph.bin,/kaggle/working/gfd-robustness-v4-factorial-r1/graphs/variants/yelpchi/r60_s1/heterophily_rewire_nonoracle/0.15/seed_0/graph.bin,/kaggle/working/gfd-robustness-v4-factorial-r1/graphs/variants/yelpchi/r60_s1/heterophily_rewire_nonoracle/0.15/seed_0/graph.bin,ok,
gfd_robustness_benchmark_v4_factorial,yelpchi,r60_s1,0,3,heterophily_rewire_nonoracle,0.15,sage,train_clean_eval_all,0.7660106372031904,0.4049943395965223,0.6422086206679511,0.6734314560890198,0.1121149940008763,100,100,0.7957354389126895,roc_auc,max_epochs,45954,8051348,175.2045135498047,174.0,175.2045135498047,175.0,0.2294831871986389,0.1452974677085876,/kaggle/working/gfd-robustness-v4-factorial-r1/graphs/base/yelpchi/r60_s1/graph.bin,/kaggle/working/gfd-robustness-v4-factorial-r1/graphs/variants/yelpchi/r60_s1/heterophily_rewire_nonoracle/0.15/seed_0/graph.bin,/kaggle/working/gfd-robustness-v4-factorial-r1/graphs/base/yelpchi/r60_s1/graph.bin,ok,
gfd_robustness_benchmark_v4_factorial,yelpchi,r60_s1,0,3,heterophily_rewire_nonoracle,0.15,sage,train_on_variant,0.7659827207855165,0.4096956273309515,0.6456476667149438,0.6893846988677979,3.08136228299918,100,100,0.7903961073483098,roc_auc,max_epochs,45954,8051348,175.2045135498047,174.0,175.2045135498047,175.0,0.2294831871986389,0.1452974677085876,/kaggle/working/gfd-robustness-v4-factorial-r1/graphs/base/yelpchi/r60_s1/graph.bin,/kaggle/working/gfd-robustness-v4-factorial-r1/graphs/variants/yelpchi/r60_s1/heterophily_rewire_nonoracle/0.15/seed_0/graph.bin,/kaggle/working/gfd-robustness-v4-factorial-r1/graphs/variants/yelpchi/r60_s1/heterophily_rewire_nonoracle/0.15/seed_0/graph.bin,ok,
gfd_robustness_benchmark_v4_factorial,yelpchi,r60_s1,0,3,heterophily_rewire_nonoracle,0.15,secgfd,train_clean_eval_all,0.7766592260997354,0.4179076866109666,0.6561594341769283,0.7394757270812988,0.1455888689997664,50,44,0.80207887816868,roc_auc,max_epochs,45954,8051348,175.2045135498047,174.0,175.2045135498047,175.0,0.2294831871986389,0.1452974677085876,/kaggle/working/gfd-robustness-v4-factorial-r1/graphs/base/yelpchi/r60_s1/graph.bin,/kaggle/working/gfd-robustness-v4-factorial-r1/graphs/variants/yelpchi/r60_s1/heterophily_rewire_nonoracle/0.15/seed_0/graph.bin,/kaggle/working/gfd-robustness-v4-factorial-r1/graphs/base/yelpchi/r60_s1/graph.bin,ok,
gfd_robustness_benchmark_v4_factorial,yelpchi,r60_s1,0,3,heterophily_rewire_nonoracle,0.15,secgfd,train_on_variant,0.7895685684384794,0.4330885178383312,0.6666187176234153,0.7390719056129456,4.648933061002026,50,48,0.812247930061961,roc_auc,max_epochs,45954,8051348,175.2045135498047,174.0,175.2045135498047,175.0,0.2294831871986389,0.1452974677085876,/kaggle/working/gfd-robustness-v4-factorial-r1/graphs/base/yelpchi/r60_s1/graph.bin,/kaggle/working/gfd-robustness-v4-factorial-r1/graphs/variants/yelpchi/r60_s1/heterophily_rewire_nonoracle/0.15/seed_0/graph.bin,/kaggle/working/gfd-robustness-v4-factorial-r1/graphs/variants/yelpchi/r60_s1/heterophily_rewire_nonoracle/0.15/seed_0/graph.bin,ok,
gfd_robustness_benchmark_v4_factorial,yelpchi,r60_s1,0,4,heterophily_rewire_nonoracle,0.15,mlp,train_clean_eval_all,0.7806874794199787,0.4201037950434657,0.6496479861960988,0.6775984764099121,0.0664970949983398,100,100,0.8035062473626617,roc_auc,max_epochs,45954,8051348,175.2045135498047,174.0,175.2045135498047,175.0,0.2294831871986389,0.1452974677085876,/kaggle/working/gfd-robustness-v4-factorial-r1/graphs/base/yelpchi/r60_s1/graph.bin,/kaggle/working/gfd-robustness-v4-factorial-r1/graphs/variants/yelpchi/r60_s1/heterophily_rewire_nonoracle/0.15/seed_0/graph.bin,/kaggle/working/gfd-robustness-v4-factorial-r1/graphs/base/yelpchi/r60_s1/graph.bin,ok,
gfd_robustness_benchmark_v4_factorial,yelpchi,r60_s1,0,4,heterophily_rewire_nonoracle,0.15,mlp,train_on_variant,0.7806874794199787,0.4201037950434657,0.6496479861960988,0.6775984764099121,1.8639652579986432,100,100,0.8035062473626617,roc_auc,max_epochs,45954,8051348,175.2045135498047,174.0,175.2045135498047,175.0,0.2294831871986389,0.1452974677085876,/kaggle/working/gfd-robustness-v4-factorial-r1/graphs/base/yelpchi/r60_s1/graph.bin,/kaggle/working/gfd-robustness-v4-factorial-r1/graphs/variants/yelpchi/r60_s1/heterophily_rewire_nonoracle/0.15/seed_0/graph.bin,/kaggle/working/gfd-robustness-v4-factorial-r1/graphs/variants/yelpchi/r60_s1/heterophily_rewire_nonoracle/0.15/seed_0/graph.bin,ok,
gfd_robustness_benchmark_v4_factorial,yelpchi,r60_s1,0,4,heterophily_rewire_nonoracle,0.15,pmp,train_clean_eval_all,0.8356406617772602,0.5338494741767265,0.7042160179276107,0.5032673478126526,0.2692670479991648,97,87,0.8691705705233195,roc_auc,early_stopping,45954,8051348,175.2045135498047,174.0,175.2045135498047,175.0,0.2294831871986389,0.1452974677085876,/kaggle/working/gfd-robustness-v4-factorial-r1/graphs/base/yelpchi/r60_s1/graph.bin,/kaggle/working/gfd-robustness-v4-factorial-r1/graphs/variants/yelpchi/r60_s1/heterophily_rewire_nonoracle/0.15/seed_0/graph.bin,/kaggle/working/gfd-robustness-v4-factorial-r1/graphs/base/yelpchi/r60_s1/graph.bin,ok,
gfd_robustness_benchmark_v4_factorial,yelpchi,r60_s1,0,4,heterophily_rewire_nonoracle,0.15,pmp,train_on_variant,0.8331452865653621,0.5159720640012868,0.7052783732735494,0.4182651340961456,39.765586024001095,65,55,0.850642568844959,roc_auc,early_stopping,45954,8051348,175.2045135498047,174.0,175.2045135498047,175.0,0.2294831871986389,0.1452974677085876,/kaggle/working/gfd-robustness-v4-factorial-r1/graphs/base/yelpchi/r60_s1/graph.bin,/kaggle/working/gfd-robustness-v4-factorial-r1/graphs/variants/yelpchi/r60_s1/heterophily_rewire_nonoracle/0.15/seed_0/graph.bin,/kaggle/working/gfd-robustness-v4-factorial-r1/graphs/variants/yelpchi/r60_s1/heterophily_rewire_nonoracle/0.15/seed_0/graph.bin,ok,
gfd_robustness_benchmark_v4_factorial,yelpchi,r60_s1,0,4,heterophily_rewire_nonoracle,0.15,sage,train_clean_eval_all,0.7711239626144859,0.4119886971640641,0.6461671918664784,0.6741504073143005,0.1094600559990794,100,100,0.8005188136090231,roc_auc,max_epochs,45954,8051348,175.2045135498047,174.0,175.2045135498047,175.0,0.2294831871986389,0.1452974677085876,/kaggle/working/gfd-robustness-v4-factorial-r1/graphs/base/yelpchi/r60_s1/graph.bin,/kaggle/working/gfd-robustness-v4-factorial-r1/graphs/variants/yelpchi/r60_s1/heterophily_rewire_nonoracle/0.15/seed_0/graph.bin,/kaggle/working/gfd-robustness-v4-factorial-r1/graphs/base/yelpchi/r60_s1/graph.bin,ok,
gfd_robustness_benchmark_v4_factorial,yelpchi,r60_s1,0,4,heterophily_rewire_nonoracle,0.15,sage,train_on_variant,0.7690705338305059,0.4073442303942185,0.6420605149450089,0.6602057218551636,3.309572223999566,100,100,0.7942259635671833,roc_auc,max_epochs,45954,8051348,175.2045135498047,174.0,175.2045135498047,175.0,0.2294831871986389,0.1452974677085876,/kaggle/working/gfd-robustness-v4-factorial-r1/graphs/base/yelpchi/r60_s1/graph.bin,/kaggle/working/gfd-robustness-v4-factorial-r1/graphs/variants/yelpchi/r60_s1/heterophily_rewire_nonoracle/0.15/seed_0/graph.bin,/kaggle/working/gfd-robustness-v4-factorial-r1/graphs/variants/yelpchi/r60_s1/heterophily_rewire_nonoracle/0.15/seed_0/graph.bin,ok,
gfd_robustness_benchmark_v4_factorial,yelpchi,r60_s1,0,4,heterophily_rewire_nonoracle,0.15,secgfd,train_clean_eval_all,0.7820738677939437,0.4206574504168405,0.6606848411957263,0.7461267709732056,0.1731264590016508,50,50,0.8075951527808571,roc_auc,max_epochs,45954,8051348,175.2045135498047,174.0,175.2045135498047,175.0,0.2294831871986389,0.1452974677085876,/kaggle/working/gfd-robustness-v4-factorial-r1/graphs/base/yelpchi/r60_s1/graph.bin,/kaggle/working/gfd-robustness-v4-factorial-r1/graphs/variants/yelpchi/r60_s1/heterophily_rewire_nonoracle/0.15/seed_0/graph.bin,/kaggle/working/gfd-robustness-v4-factorial-r1/graphs/base/yelpchi/r60_s1/graph.bin,ok,
gfd_robustness_benchmark_v4_factorial,yelpchi,r60_s1,0,4,heterophily_rewire_nonoracle,0.15,secgfd,train_on_variant,0.7789058307773455,0.4244936382279544,0.6546948004769295,0.6671738624572754,4.727873717998591,50,50,0.7987079486097503,roc_auc,max_epochs,45954,8051348,175.2045135498047,174.0,175.2045135498047,175.0,0.2294831871986389,0.1452974677085876,/kaggle/working/gfd-robustness-v4-factorial-r1/graphs/base/yelpchi/r60_s1/graph.bin,/kaggle/working/gfd-robustness-v4-factorial-r1/graphs/variants/yelpchi/r60_s1/heterophily_rewire_nonoracle/0.15/seed_0/graph.bin,/kaggle/working/gfd-robustness-v4-factorial-r1/graphs/variants/yelpchi/r60_s1/heterophily_rewire_nonoracle/0.15/seed_0/graph.bin,ok,
gfd_robustness_benchmark_v4_factorial,yelpchi,r60_s1,1,0,heterophily_rewire_nonoracle,0.15,mlp,train_clean_eval_all,0.7313415906222179,0.3257175093405576,0.6106510448958343,0.4993019104003906,0.1086147850000998,16,6,0.7522698631802545,roc_auc,early_stopping,45954,8051348,175.2045135498047,174.0,175.2045135498047,175.0,0.2294254302978515,0.1452974677085876,/kaggle/working/gfd-robustness-v4-factorial-r1/graphs/base/yelpchi/r60_s1/graph.bin,/kaggle/working/gfd-robustness-v4-factorial-r1/graphs/variants/yelpchi/r60_s1/heterophily_rewire_nonoracle/0.15/seed_1/graph.bin,/kaggle/working/gfd-robustness-v4-factorial-r1/graphs/base/yelpchi/r60_s1/graph.bin,ok,
gfd_robustness_benchmark_v4_factorial,yelpchi,r60_s1,1,0,heterophily_rewire_nonoracle,0.15,mlp,train_on_variant,0.7313415906222179,0.3257175093405576,0.6106510448958343,0.4993019104003906,0.3184256040003674,16,6,0.7522698631802545,roc_auc,early_stopping,45954,8051348,175.2045135498047,174.0,175.2045135498047,175.0,0.2294254302978515,0.1452974677085876,/kaggle/working/gfd-robustness-v4-factorial-r1/graphs/base/yelpchi/r60_s1/graph.bin,/kaggle/working/gfd-robustness-v4-factorial-r1/graphs/variants/yelpchi/r60_s1/heterophily_rewire_nonoracle/0.15/seed_1/graph.bin,/kaggle/working/gfd-robustness-v4-factorial-r1/graphs/variants/yelpchi/r60_s1/heterophily_rewire_nonoracle/0.15/seed_1/graph.bin,ok,
gfd_robustness_benchmark_v4_factorial,yelpchi,r60_s1,1,0,heterophily_rewire_nonoracle,0.15,pmp,train_clean_eval_all,0.8249993139992926,0.4965466365188266,0.6876654253424538,0.4558625817298889,0.3663761849966249,43,33,0.8640671153419779,roc_auc,early_stopping,45954,8051348,175.2045135498047,174.0,175.2045135498047,175.0,0.2294254302978515,0.1452974677085876,/kaggle/working/gfd-robustness-v4-factorial-r1/graphs/base/yelpchi/r60_s1/graph.bin,/kaggle/working/gfd-robustness-v4-factorial-r1/graphs/variants/yelpchi/r60_s1/heterophily_rewire_nonoracle/0.15/seed_1/graph.bin,/kaggle/working/gfd-robustness-v4-factorial-r1/graphs/base/yelpchi/r60_s1/graph.bin,ok,
gfd_robustness_benchmark_v4_factorial,yelpchi,r60_s1,1,0,heterophily_rewire_nonoracle,0.15,pmp,train_on_variant,0.8312574507299048,0.513672892338983,0.7017878355311099,0.2888611257076263,31.81409322799664,53,43,0.8483065010239429,roc_auc,early_stopping,45954,8051348,175.2045135498047,174.0,175.2045135498047,175.0,0.2294254302978515,0.1452974677085876,/kaggle/working/gfd-robustness-v4-factorial-r1/graphs/base/yelpchi/r60_s1/graph.bin,/kaggle/working/gfd-robustness-v4-factorial-r1/graphs/variants/yelpchi/r60_s1/heterophily_rewire_nonoracle/0.15/seed_1/graph.bin,/kaggle/working/gfd-robustness-v4-factorial-r1/graphs/variants/yelpchi/r60_s1/heterophily_rewire_nonoracle/0.15/seed_1/graph.bin,ok,
gfd_robustness_benchmark_v4_factorial,yelpchi,r60_s1,1,0,heterophily_rewire_nonoracle,0.15,sage,train_clean_eval_all,0.7799572697781626,0.4244649662174678,0.6555152342794757,0.6908925771713257,0.1090726239999639,100,100,0.8115424465439842,roc_auc,max_epochs,45954,8051348,175.2045135498047,174.0,175.2045135498047,175.0,0.2294254302978515,0.1452974677085876,/kaggle/working/gfd-robustness-v4-factorial-r1/graphs/base/yelpchi/r60_s1/graph.bin,/kaggle/working/gfd-robustness-v4-factorial-r1/graphs/variants/yelpchi/r60_s1/heterophily_rewire_nonoracle/0.15/seed_1/graph.bin,/kaggle/working/gfd-robustness-v4-factorial-r1/graphs/base/yelpchi/r60_s1/graph.bin,ok,
gfd_robustness_benchmark_v4_factorial,yelpchi,r60_s1,1,0,heterophily_rewire_nonoracle,0.15,sage,train_on_variant,0.763499160030245,0.4010905548987351,0.6408133138254464,0.6602606773376465,3.271978759999911,100,100,0.7865341620237593,roc_auc,max_epochs,45954,8051348,175.2045135498047,174.0,175.2045135498047,175.0,0.2294254302978515,0.1452974677085876,/kaggle/working/gfd-robustness-v4-factorial-r1/graphs/base/yelpchi/r60_s1/graph.bin,/kaggle/working/gfd-robustness-v4-factorial-r1/graphs/variants/yelpchi/r60_s1/heterophily_rewire_nonoracle/0.15/seed_1/graph.bin,/kaggle/working/gfd-robustness-v4-factorial-r1/graphs/variants/yelpchi/r60_s1/heterophily_rewire_nonoracle/0.15/seed_1/graph.bin,ok,
gfd_robustness_benchmark_v4_factorial,yelpchi,r60_s1,1,0,heterophily_rewire_nonoracle,0.15,secgfd,train_clean_eval_all,0.7928896217239655,0.4615072178188392,0.6681873587085161,0.6614007353782654,0.1575761390013212,50,50,0.8176709412406993,roc_auc,max_epochs,45954,8051348,175.2045135498047,174.0,175.2045135498047,175.0,0.2294254302978515,0.1452974677085876,/kaggle/working/gfd-robustness-v4-factorial-r1/graphs/base/yelpchi/r60_s1/graph.bin,/kaggle/working/gfd-robustness-v4-factorial-r1/graphs/variants/yelpchi/r60_s1/heterophily_rewire_nonoracle/0.15/seed_1/graph.bin,/kaggle/working/gfd-robustness-v4-factorial-r1/graphs/base/yelpchi/r60_s1/graph.bin,ok,
gfd_robustness_benchmark_v4_factorial,yelpchi,r60_s1,1,0,heterophily_rewire_nonoracle,0.15,secgfd,train_on_variant,0.8054612992700952,0.4738457875357832,0.6838977936277776,0.6886039972305298,4.778831045998231,50,50,0.8196334785210403,roc_auc,max_epochs,45954,8051348,175.2045135498047,174.0,175.2045135498047,175.0,0.2294254302978515,0.1452974677085876,/kaggle/working/gfd-robustness-v4-factorial-r1/graphs/base/yelpchi/r60_s1/graph.bin,/kaggle/working/gfd-robustness-v4-factorial-r1/graphs/variants/yelpchi/r60_s1/heterophily_rewire_nonoracle/0.15/seed_1/graph.bin,/kaggle/working/gfd-robustness-v4-factorial-r1/graphs/variants/yelpchi/r60_s1/heterophily_rewire_nonoracle/0.15/seed_1/graph.bin,ok,
gfd_robustness_benchmark_v4_factorial,yelpchi,r60_s1,1,1,heterophily_rewire_nonoracle,0.15,mlp,train_clean_eval_all,0.7838484658737515,0.4223574749223457,0.6531032177334472,0.6898988485336304,0.0941252980010176,100,100,0.8046757116939282,roc_auc,max_epochs,45954,8051348,175.2045135498047,174.0,175.2045135498047,175.0,0.2294254302978515,0.1452974677085876,/kaggle/working/gfd-robustness-v4-factorial-r1/graphs/base/yelpchi/r60_s1/graph.bin,/kaggle/working/gfd-robustness-v4-factorial-r1/graphs/variants/yelpchi/r60_s1/heterophily_rewire_nonoracle/0.15/seed_1/graph.bin,/kaggle/working/gfd-robustness-v4-factorial-r1/graphs/base/yelpchi/r60_s1/graph.bin,ok,
gfd_robustness_benchmark_v4_factorial,yelpchi,r60_s1,1,1,heterophily_rewire_nonoracle,0.15,mlp,train_on_variant,0.7838484658737515,0.4223574749223457,0.6531032177334472,0.6898988485336304,1.8518105170005583,100,100,0.8046757116939282,roc_auc,max_epochs,45954,8051348,175.2045135498047,174.0,175.2045135498047,175.0,0.2294254302978515,0.1452974677085876,/kaggle/working/gfd-robustness-v4-factorial-r1/graphs/base/yelpchi/r60_s1/graph.bin,/kaggle/working/gfd-robustness-v4-factorial-r1/graphs/variants/yelpchi/r60_s1/heterophily_rewire_nonoracle/0.15/seed_1/graph.bin,/kaggle/working/gfd-robustness-v4-factorial-r1/graphs/variants/yelpchi/r60_s1/heterophily_rewire_nonoracle/0.15/seed_1/graph.bin,ok,
gfd_robustness_benchmark_v4_factorial,yelpchi,r60_s1,1,1,heterophily_rewire_nonoracle,0.15,pmp,train_clean_eval_all,0.8222886584265278,0.4942656690024458,0.6875022669737407,0.3602780103683471,0.3088358159984636,51,41,0.8613966151476791,roc_auc,early_stopping,45954,8051348,175.2045135498047,174.0,175.2045135498047,175.0,0.2294254302978515,0.1452974677085876,/kaggle/working/gfd-robustness-v4-factorial-r1/graphs/base/yelpchi/r60_s1/graph.bin,/kaggle/working/gfd-robustness-v4-factorial-r1/graphs/variants/yelpchi/r60_s1/heterophily_rewire_nonoracle/0.15/seed_1/graph.bin,/kaggle/working/gfd-robustness-v4-factorial-r1/graphs/base/yelpchi/r60_s1/graph.bin,ok,
gfd_robustness_benchmark_v4_factorial,yelpchi,r60_s1,1,1,heterophily_rewire_nonoracle,0.15,pmp,train_on_variant,0.8330563923070357,0.5216983935626707,0.7036406505235315,0.225157544016838,39.81547588600006,67,57,0.8496254920051399,roc_auc,early_stopping,45954,8051348,175.2045135498047,174.0,175.2045135498047,175.0,0.2294254302978515,0.1452974677085876,/kaggle/working/gfd-robustness-v4-factorial-r1/graphs/base/yelpchi/r60_s1/graph.bin,/kaggle/working/gfd-robustness-v4-factorial-r1/graphs/variants/yelpchi/r60_s1/heterophily_rewire_nonoracle/0.15/seed_1/graph.bin,/kaggle/working/gfd-robustness-v4-factorial-r1/graphs/variants/yelpchi/r60_s1/heterophily_rewire_nonoracle/0.15/seed_1/graph.bin,ok,
gfd_robustness_benchmark_v4_factorial,yelpchi,r60_s1,1,1,heterophily_rewire_nonoracle,0.15,sage,train_clean_eval_all,0.6087485479651694,0.2082004289330117,0.5500051379093926,0.2996191680431366,0.1173407390015199,23,13,0.6071633087539366,roc_auc,early_stopping,45954,8051348,175.2045135498047,174.0,175.2045135498047,175.0,0.2294254302978515,0.1452974677085876,/kaggle/working/gfd-robustness-v4-factorial-r1/graphs/base/yelpchi/r60_s1/graph.bin,/kaggle/working/gfd-robustness-v4-factorial-r1/graphs/variants/yelpchi/r60_s1/heterophily_rewire_nonoracle/0.15/seed_1/graph.bin,/kaggle/working/gfd-robustness-v4-factorial-r1/graphs/base/yelpchi/r60_s1/graph.bin,ok,
gfd_robustness_benchmark_v4_factorial,yelpchi,r60_s1,1,1,heterophily_rewire_nonoracle,0.15,sage,train_on_variant,0.6088990393703428,0.2087919899267823,0.5556544668333031,0.2944432497024536,0.829475447000732,23,13,0.6082581528023134,roc_auc,early_stopping,45954,8051348,175.2045135498047,174.0,175.2045135498047,175.0,0.2294254302978515,0.1452974677085876,/kaggle/working/gfd-robustness-v4-factorial-r1/graphs/base/yelpchi/r60_s1/graph.bin,/kaggle/working/gfd-robustness-v4-factorial-r1/graphs/variants/yelpchi/r60_s1/heterophily_rewire_nonoracle/0.15/seed_1/graph.bin,/kaggle/working/gfd-robustness-v4-factorial-r1/graphs/variants/yelpchi/r60_s1/heterophily_rewire_nonoracle/0.15/seed_1/graph.bin,ok,
gfd_robustness_benchmark_v4_factorial,yelpchi,r60_s1,1,1,heterophily_rewire_nonoracle,0.15,secgfd,train_clean_eval_all,0.7867375769083015,0.4265649215512611,0.6614651217838662,0.7126186490058899,0.1715794670017203,50,50,0.8104918501777297,roc_auc,max_epochs,45954,8051348,175.2045135498047,174.0,175.2045135498047,175.0,0.2294254302978515,0.1452974677085876,/kaggle/working/gfd-robustness-v4-factorial-r1/graphs/base/yelpchi/r60_s1/graph.bin,/kaggle/working/gfd-robustness-v4-factorial-r1/graphs/variants/yelpchi/r60_s1/heterophily_rewire_nonoracle/0.15/seed_1/graph.bin,/kaggle/working/gfd-robustness-v4-factorial-r1/graphs/base/yelpchi/r60_s1/graph.bin,ok,
gfd_robustness_benchmark_v4_factorial,yelpchi,r60_s1,1,1,heterophily_rewire_nonoracle,0.15,secgfd,train_on_variant,0.7857687438259936,0.4237334619522598,0.6588826665690617,0.7288630604743958,4.72124752200034,50,49,0.8097908486447956,roc_auc,max_epochs,45954,8051348,175.2045135498047,174.0,175.2045135498047,175.0,0.2294254302978515,0.1452974677085876,/kaggle/working/gfd-robustness-v4-factorial-r1/graphs/base/yelpchi/r60_s1/graph.bin,/kaggle/working/gfd-robustness-v4-factorial-r1/graphs/variants/yelpchi/r60_s1/heterophily_rewire_nonoracle/0.15/seed_1/graph.bin,/kaggle/working/gfd-robustness-v4-factorial-r1/graphs/variants/yelpchi/r60_s1/heterophily_rewire_nonoracle/0.15/seed_1/graph.bin,ok,
gfd_robustness_benchmark_v4_factorial,yelpchi,r60_s1,1,2,heterophily_rewire_nonoracle,0.15,mlp,train_clean_eval_all,0.7843809262838884,0.425287123032842,0.6571495387316263,0.6982053518295288,0.106876015997841,100,100,0.8050527229251151,roc_auc,max_epochs,45954,8051348,175.2045135498047,174.0,175.2045135498047,175.0,0.2294254302978515,0.1452974677085876,/kaggle/working/gfd-robustness-v4-factorial-r1/graphs/base/yelpchi/r60_s1/graph.bin,/kaggle/working/gfd-robustness-v4-factorial-r1/graphs/variants/yelpchi/r60_s1/heterophily_rewire_nonoracle/0.15/seed_1/graph.bin,/kaggle/working/gfd-robustness-v4-factorial-r1/graphs/base/yelpchi/r60_s1/graph.bin,ok,
gfd_robustness_benchmark_v4_factorial,yelpchi,r60_s1,1,2,heterophily_rewire_nonoracle,0.15,mlp,train_on_variant,0.7843809262838884,0.425287123032842,0.6571495387316263,0.6982053518295288,1.6401865879997786,100,100,0.8050527229251151,roc_auc,max_epochs,45954,8051348,175.2045135498047,174.0,175.2045135498047,175.0,0.2294254302978515,0.1452974677085876,/kaggle/working/gfd-robustness-v4-factorial-r1/graphs/base/yelpchi/r60_s1/graph.bin,/kaggle/working/gfd-robustness-v4-factorial-r1/graphs/variants/yelpchi/r60_s1/heterophily_rewire_nonoracle/0.15/seed_1/graph.bin,/kaggle/working/gfd-robustness-v4-factorial-r1/graphs/variants/yelpchi/r60_s1/heterophily_rewire_nonoracle/0.15/seed_1/graph.bin,ok,
gfd_robustness_benchmark_v4_factorial,yelpchi,r60_s1,1,2,heterophily_rewire_nonoracle,0.15,pmp,train_clean_eval_all,0.8282961190653316,0.5135165266970685,0.7018443732502726,0.3910762369632721,0.2688190979970386,61,51,0.8651209063145925,roc_auc,early_stopping,45954,8051348,175.2045135498047,174.0,175.2045135498047,175.0,0.2294254302978515,0.1452974677085876,/kaggle/working/gfd-robustness-v4-factorial-r1/graphs/base/yelpchi/r60_s1/graph.bin,/kaggle/working/gfd-robustness-v4-factorial-r1/graphs/variants/yelpchi/r60_s1/heterophily_rewire_nonoracle/0.15/seed_1/graph.bin,/kaggle/working/gfd-robustness-v4-factorial-r1/graphs/base/yelpchi/r60_s1/graph.bin,ok,
gfd_robustness_benchmark_v4_factorial,yelpchi,r60_s1,1,2,heterophily_rewire_nonoracle,0.15,pmp,train_on_variant,0.8274229449705477,0.5180317156577995,0.6994804486941264,0.2252474725246429,44.72386359200027,77,67,0.8514595775013887,roc_auc,early_stopping,45954,8051348,175.2045135498047,174.0,175.2045135498047,175.0,0.2294254302978515,0.1452974677085876,/kaggle/working/gfd-robustness-v4-factorial-r1/graphs/base/yelpchi/r60_s1/graph.bin,/kaggle/working/gfd-robustness-v4-factorial-r1/graphs/variants/yelpchi/r60_s1/heterophily_rewire_nonoracle/0.15/seed_1/graph.bin,/kaggle/working/gfd-robustness-v4-factorial-r1/graphs/variants/yelpchi/r60_s1/heterophily_rewire_nonoracle/0.15/seed_1/graph.bin,ok,
gfd_robustness_benchmark_v4_factorial,yelpchi,r60_s1,1,2,heterophily_rewire_nonoracle,0.15,sage,train_clean_eval_all,0.766065993649158,0.4031512320331452,0.642939985017064,0.6638100147247314,0.1318465479998849,100,100,0.794380449009076,roc_auc,max_epochs,45954,8051348,175.2045135498047,174.0,175.2045135498047,175.0,0.2294254302978515,0.1452974677085876,/kaggle/working/gfd-robustness-v4-factorial-r1/graphs/base/yelpchi/r60_s1/graph.bin,/kaggle/working/gfd-robustness-v4-factorial-r1/graphs/variants/yelpchi/r60_s1/heterophily_rewire_nonoracle/0.15/seed_1/graph.bin,/kaggle/working/gfd-robustness-v4-factorial-r1/graphs/base/yelpchi/r60_s1/graph.bin,ok,
gfd_robustness_benchmark_v4_factorial,yelpchi,r60_s1,1,2,heterophily_rewire_nonoracle,0.15,sage,train_on_variant,0.7690939721880069,0.4109303201933373,0.6455593735934189,0.659717857837677,3.2018424380003125,100,100,0.7937364735837047,roc_auc,max_epochs,45954,8051348,175.2045135498047,174.0,175.2045135498047,175.0,0.2294254302978515,0.1452974677085876,/kaggle/working/gfd-robustness-v4-factorial-r1/graphs/base/yelpchi/r60_s1/graph.bin,/kaggle/working/gfd-robustness-v4-factorial-r1/graphs/variants/yelpchi/r60_s1/heterophily_rewire_nonoracle/0.15/seed_1/graph.bin,/kaggle/working/gfd-robustness-v4-factorial-r1/graphs/variants/yelpchi/r60_s1/heterophily_rewire_nonoracle/0.15/seed_1/graph.bin,ok,
gfd_robustness_benchmark_v4_factorial,yelpchi,r60_s1,1,2,heterophily_rewire_nonoracle,0.15,secgfd,train_clean_eval_all,0.7925479076216203,0.4696262067537223,0.6718630137747785,0.7434759140014648,0.1496889119989646,50,50,0.8145421342354521,roc_auc,max_epochs,45954,8051348,175.2045135498047,174.0,175.2045135498047,175.0,0.2294254302978515,0.1452974677085876,/kaggle/working/gfd-robustness-v4-factorial-r1/graphs/base/yelpchi/r60_s1/graph.bin,/kaggle/working/gfd-robustness-v4-factorial-r1/graphs/variants/yelpchi/r60_s1/heterophily_rewire_nonoracle/0.15/seed_1/graph.bin,/kaggle/working/gfd-robustness-v4-factorial-r1/graphs/base/yelpchi/r60_s1/graph.bin,ok,
gfd_robustness_benchmark_v4_factorial,yelpchi,r60_s1,1,2,heterophily_rewire_nonoracle,0.15,secgfd,train_on_variant,0.7956507745710208,0.4738977184404904,0.6752440635453454,0.7774423956871033,4.881406171996787,50,50,0.8124353628619858,roc_auc,max_epochs,45954,8051348,175.2045135498047,174.0,175.2045135498047,175.0,0.2294254302978515,0.1452974677085876,/kaggle/working/gfd-robustness-v4-factorial-r1/graphs/base/yelpchi/r60_s1/graph.bin,/kaggle/working/gfd-robustness-v4-factorial-r1/graphs/variants/yelpchi/r60_s1/heterophily_rewire_nonoracle/0.15/seed_1/graph.bin,/kaggle/working/gfd-robustness-v4-factorial-r1/graphs/variants/yelpchi/r60_s1/heterophily_rewire_nonoracle/0.15/seed_1/graph.bin,ok,
gfd_robustness_benchmark_v4_factorial,yelpchi,r60_s1,1,3,heterophily_rewire_nonoracle,0.15,mlp,train_clean_eval_all,0.7816018135572033,0.4143485547512492,0.6496944434221562,0.6969894766807556,0.0909126240003388,100,100,0.8041077869722045,roc_auc,max_epochs,45954,8051348,175.2045135498047,174.0,175.2045135498047,175.0,0.2294254302978515,0.1452974677085876,/kaggle/working/gfd-robustness-v4-factorial-r1/graphs/base/yelpchi/r60_s1/graph.bin,/kaggle/working/gfd-robustness-v4-factorial-r1/graphs/variants/yelpchi/r60_s1/heterophily_rewire_nonoracle/0.15/seed_1/graph.bin,/kaggle/working/gfd-robustness-v4-factorial-r1/graphs/base/yelpchi/r60_s1/graph.bin,ok,
gfd_robustness_benchmark_v4_factorial,yelpchi,r60_s1,1,3,heterophily_rewire_nonoracle,0.15,mlp,train_on_variant,0.7816018135572033,0.4143485547512492,0.6496944434221562,0.6969894766807556,1.8855247780011268,100,100,0.8041077869722045,roc_auc,max_epochs,45954,8051348,175.2045135498047,174.0,175.2045135498047,175.0,0.2294254302978515,0.1452974677085876,/kaggle/working/gfd-robustness-v4-factorial-r1/graphs/base/yelpchi/r60_s1/graph.bin,/kaggle/working/gfd-robustness-v4-factorial-r1/graphs/variants/yelpchi/r60_s1/heterophily_rewire_nonoracle/0.15/seed_1/graph.bin,/kaggle/working/gfd-robustness-v4-factorial-r1/graphs/variants/yelpchi/r60_s1/heterophily_rewire_nonoracle/0.15/seed_1/graph.bin,ok,
gfd_robustness_benchmark_v4_factorial,yelpchi,r60_s1,1,3,heterophily_rewire_nonoracle,0.15,pmp,train_clean_eval_all,0.8242273250088418,0.5132240997817429,0.6938678656175846,0.3360407650470733,0.2716646190019673,64,54,0.863328636785177,roc_auc,early_stopping,45954,8051348,175.2045135498047,174.0,175.2045135498047,175.0,0.2294254302978515,0.1452974677085876,/kaggle/working/gfd-robustness-v4-factorial-r1/graphs/base/yelpchi/r60_s1/graph.bin,/kaggle/working/gfd-robustness-v4-factorial-r1/graphs/variants/yelpchi/r60_s1/heterophily_rewire_nonoracle/0.15/seed_1/graph.bin,/kaggle/working/gfd-robustness-v4-factorial-r1/graphs/base/yelpchi/r60_s1/graph.bin,ok,
gfd_robustness_benchmark_v4_factorial,yelpchi,r60_s1,1,3,heterophily_rewire_nonoracle,0.15,pmp,train_on_variant,0.8276792900959791,0.5131710374602767,0.694577283226794,0.4124950468540191,36.600412924999546,62,52,0.8482674505372422,roc_auc,early_stopping,45954,8051348,175.2045135498047,174.0,175.2045135498047,175.0,0.2294254302978515,0.1452974677085876,/kaggle/working/gfd-robustness-v4-factorial-r1/graphs/base/yelpchi/r60_s1/graph.bin,/kaggle/working/gfd-robustness-v4-factorial-r1/graphs/variants/yelpchi/r60_s1/heterophily_rewire_nonoracle/0.15/seed_1/graph.bin,/kaggle/working/gfd-robustness-v4-factorial-r1/graphs/variants/yelpchi/r60_s1/heterophily_rewire_nonoracle/0.15/seed_1/graph.bin,ok,
gfd_robustness_benchmark_v4_factorial,yelpchi,r60_s1,1,3,heterophily_rewire_nonoracle,0.15,sage,train_clean_eval_all,0.7660748068526897,0.4044401814666103,0.6412515843974457,0.6734314560890198,0.1107907659970806,100,100,0.7957354389126895,roc_auc,max_epochs,45954,8051348,175.2045135498047,174.0,175.2045135498047,175.0,0.2294254302978515,0.1452974677085876,/kaggle/working/gfd-robustness-v4-factorial-r1/graphs/base/yelpchi/r60_s1/graph.bin,/kaggle/working/gfd-robustness-v4-factorial-r1/graphs/variants/yelpchi/r60_s1/heterophily_rewire_nonoracle/0.15/seed_1/graph.bin,/kaggle/working/gfd-robustness-v4-factorial-r1/graphs/base/yelpchi/r60_s1/graph.bin,ok,
gfd_robustness_benchmark_v4_factorial,yelpchi,r60_s1,1,3,heterophily_rewire_nonoracle,0.15,sage,train_on_variant,0.7655059502939132,0.4093699612533235,0.6470541771618645,0.698969304561615,3.282064816001366,100,100,0.7906716063863519,roc_auc,max_epochs,45954,8051348,175.2045135498047,174.0,175.2045135498047,175.0,0.2294254302978515,0.1452974677085876,/kaggle/working/gfd-robustness-v4-factorial-r1/graphs/base/yelpchi/r60_s1/graph.bin,/kaggle/working/gfd-robustness-v4-factorial-r1/graphs/variants/yelpchi/r60_s1/heterophily_rewire_nonoracle/0.15/seed_1/graph.bin,/kaggle/working/gfd-robustness-v4-factorial-r1/graphs/variants/yelpchi/r60_s1/heterophily_rewire_nonoracle/0.15/seed_1/graph.bin,ok,
gfd_robustness_benchmark_v4_factorial,yelpchi,r60_s1,1,3,heterophily_rewire_nonoracle,0.15,secgfd,train_clean_eval_all,0.7764944430131591,0.4166193751079835,0.656476509589016,0.7394757270812988,0.1470346819987753,50,44,0.80207887816868,roc_auc,max_epochs,45954,8051348,175.2045135498047,174.0,175.2045135498047,175.0,0.2294254302978515,0.1452974677085876,/kaggle/working/gfd-robustness-v4-factorial-r1/graphs/base/yelpchi/r60_s1/graph.bin,/kaggle/working/gfd-robustness-v4-factorial-r1/graphs/variants/yelpchi/r60_s1/heterophily_rewire_nonoracle/0.15/seed_1/graph.bin,/kaggle/working/gfd-robustness-v4-factorial-r1/graphs/base/yelpchi/r60_s1/graph.bin,ok,
gfd_robustness_benchmark_v4_factorial,yelpchi,r60_s1,1,3,heterophily_rewire_nonoracle,0.15,secgfd,train_on_variant,0.7949416213398051,0.4435319912503127,0.6660284230948981,0.7761123776435852,4.918833530999109,50,49,0.8152119049151642,roc_auc,max_epochs,45954,8051348,175.2045135498047,174.0,175.2045135498047,175.0,0.2294254302978515,0.1452974677085876,/kaggle/working/gfd-robustness-v4-factorial-r1/graphs/base/yelpchi/r60_s1/graph.bin,/kaggle/working/gfd-robustness-v4-factorial-r1/graphs/variants/yelpchi/r60_s1/heterophily_rewire_nonoracle/0.15/seed_1/graph.bin,/kaggle/working/gfd-robustness-v4-factorial-r1/graphs/variants/yelpchi/r60_s1/heterophily_rewire_nonoracle/0.15/seed_1/graph.bin,ok,
gfd_robustness_benchmark_v4_factorial,yelpchi,r60_s1,1,4,heterophily_rewire_nonoracle,0.15,mlp,train_clean_eval_all,0.7806874794199787,0.4201037950434657,0.6496479861960988,0.6775984764099121,0.0902881040019565,100,100,0.8035062473626617,roc_auc,max_epochs,45954,8051348,175.2045135498047,174.0,175.2045135498047,175.0,0.2294254302978515,0.1452974677085876,/kaggle/working/gfd-robustness-v4-factorial-r1/graphs/base/yelpchi/r60_s1/graph.bin,/kaggle/working/gfd-robustness-v4-factorial-r1/graphs/variants/yelpchi/r60_s1/heterophily_rewire_nonoracle/0.15/seed_1/graph.bin,/kaggle/working/gfd-robustness-v4-factorial-r1/graphs/base/yelpchi/r60_s1/graph.bin,ok,
gfd_robustness_benchmark_v4_factorial,yelpchi,r60_s1,1,4,heterophily_rewire_nonoracle,0.15,mlp,train_on_variant,0.7806874794199787,0.4201037950434657,0.6496479861960988,0.6775984764099121,1.9499543569982047,100,100,0.8035062473626617,roc_auc,max_epochs,45954,8051348,175.2045135498047,174.0,175.2045135498047,175.0,0.2294254302978515,0.1452974677085876,/kaggle/working/gfd-robustness-v4-factorial-r1/graphs/base/yelpchi/r60_s1/graph.bin,/kaggle/working/gfd-robustness-v4-factorial-r1/graphs/variants/yelpchi/r60_s1/heterophily_rewire_nonoracle/0.15/seed_1/graph.bin,/kaggle/working/gfd-robustness-v4-factorial-r1/graphs/variants/yelpchi/r60_s1/heterophily_rewire_nonoracle/0.15/seed_1/graph.bin,ok,
gfd_robustness_benchmark_v4_factorial,yelpchi,r60_s1,1,4,heterophily_rewire_nonoracle,0.15,pmp,train_clean_eval_all,0.8356331348250545,0.5272175259832372,0.7006462670944118,0.5032673478126526,0.27412995800114,97,87,0.8691705705233195,roc_auc,early_stopping,45954,8051348,175.2045135498047,174.0,175.2045135498047,175.0,0.2294254302978515,0.1452974677085876,/kaggle/working/gfd-robustness-v4-factorial-r1/graphs/base/yelpchi/r60_s1/graph.bin,/kaggle/working/gfd-robustness-v4-factorial-r1/graphs/variants/yelpchi/r60_s1/heterophily_rewire_nonoracle/0.15/seed_1/graph.bin,/kaggle/working/gfd-robustness-v4-factorial-r1/graphs/base/yelpchi/r60_s1/graph.bin,ok,
gfd_robustness_benchmark_v4_factorial,yelpchi,r60_s1,1,4,heterophily_rewire_nonoracle,0.15,pmp,train_on_variant,0.8293072078856544,0.5086700151509731,0.6986647245154161,0.3917054235935211,28.372785117000603,48,38,0.8474246466264719,roc_auc,early_stopping,45954,8051348,175.2045135498047,174.0,175.2045135498047,175.0,0.2294254302978515,0.1452974677085876,/kaggle/working/gfd-robustness-v4-factorial-r1/graphs/base/yelpchi/r60_s1/graph.bin,/kaggle/working/gfd-robustness-v4-factorial-r1/graphs/variants/yelpchi/r60_s1/heterophily_rewire_nonoracle/0.15/seed_1/graph.bin,/kaggle/working/gfd-robustness-v4-factorial-r1/graphs/variants/yelpchi/r60_s1/heterophily_rewire_nonoracle/0.15/seed_1/graph.bin,ok,
gfd_robustness_benchmark_v4_factorial,yelpchi,r60_s1,1,4,heterophily_rewire_nonoracle,0.15,sage,train_clean_eval_all,0.7711365392941205,0.412292456662997,0.6458358303453305,0.6741504073143005,0.115111375998822,100,100,0.8005188136090231,roc_auc,max_epochs,45954,8051348,175.2045135498047,174.0,175.2045135498047,175.0,0.2294254302978515,0.1452974677085876,/kaggle/working/gfd-robustness-v4-factorial-r1/graphs/base/yelpchi/r60_s1/graph.bin,/kaggle/working/gfd-robustness-v4-factorial-r1/graphs/variants/yelpchi/r60_s1/heterophily_rewire_nonoracle/0.15/seed_1/graph.bin,/kaggle/working/gfd-robustness-v4-factorial-r1/graphs/base/yelpchi/r60_s1/graph.bin,ok,
gfd_robustness_benchmark_v4_factorial,yelpchi,r60_s1,1,4,heterophily_rewire_nonoracle,0.15,sage,train_on_variant,0.7667428000414649,0.4005347203994591,0.6419932885655565,0.6642703413963318,3.131956237997656,100,100,0.7921006444045516,roc_auc,max_epochs,45954,8051348,175.2045135498047,174.0,175.2045135498047,175.0,0.2294254302978515,0.1452974677085876,/kaggle/working/gfd-robustness-v4-factorial-r1/graphs/base/yelpchi/r60_s1/graph.bin,/kaggle/working/gfd-robustness-v4-factorial-r1/graphs/variants/yelpchi/r60_s1/heterophily_rewire_nonoracle/0.15/seed_1/graph.bin,/kaggle/working/gfd-robustness-v4-factorial-r1/graphs/variants/yelpchi/r60_s1/heterophily_rewire_nonoracle/0.15/seed_1/graph.bin,ok,
gfd_robustness_benchmark_v4_factorial,yelpchi,r60_s1,1,4,heterophily_rewire_nonoracle,0.15,secgfd,train_clean_eval_all,0.7818824545410198,0.4192558949241624,0.6643819797299133,0.7461267709732056,0.1562357639995752,50,50,0.8075951527808571,roc_auc,max_epochs,45954,8051348,175.2045135498047,174.0,175.2045135498047,175.0,0.2294254302978515,0.1452974677085876,/kaggle/working/gfd-robustness-v4-factorial-r1/graphs/base/yelpchi/r60_s1/graph.bin,/kaggle/working/gfd-robustness-v4-factorial-r1/graphs/variants/yelpchi/r60_s1/heterophily_rewire_nonoracle/0.15/seed_1/graph.bin,/kaggle/working/gfd-robustness-v4-factorial-r1/graphs/base/yelpchi/r60_s1/graph.bin,ok,
gfd_robustness_benchmark_v4_factorial,yelpchi,r60_s1,1,4,heterophily_rewire_nonoracle,0.15,secgfd,train_on_variant,0.7801855555691062,0.4233555245291985,0.650129203138151,0.7365220785140991,4.970332152999617,50,49,0.800797793337577,roc_auc,max_epochs,45954,8051348,175.2045135498047,174.0,175.2045135498047,175.0,0.2294254302978515,0.1452974677085876,/kaggle/working/gfd-robustness-v4-factorial-r1/graphs/base/yelpchi/r60_s1/graph.bin,/kaggle/working/gfd-robustness-v4-factorial-r1/graphs/variants/yelpchi/r60_s1/heterophily_rewire_nonoracle/0.15/seed_1/graph.bin,/kaggle/working/gfd-robustness-v4-factorial-r1/graphs/variants/yelpchi/r60_s1/heterophily_rewire_nonoracle/0.15/seed_1/graph.bin,ok,
gfd_robustness_benchmark_v4_factorial,yelpchi,r60_s1,0,0,heterophily_rewire_nonoracle,0.3,mlp,train_clean_eval_all,0.7313415906222179,0.3257175093405576,0.6106510448958343,0.4993019104003906,0.1053799580004124,16,6,0.7522698631802545,roc_auc,early_stopping,45954,8051348,175.2045135498047,171.0,175.2045135498047,175.0,0.2322233468294143,0.1452974677085876,/kaggle/working/gfd-robustness-v4-factorial-r1/graphs/base/yelpchi/r60_s1/graph.bin,/kaggle/working/gfd-robustness-v4-factorial-r1/graphs/variants/yelpchi/r60_s1/heterophily_rewire_nonoracle/0.30/seed_0/graph.bin,/kaggle/working/gfd-robustness-v4-factorial-r1/graphs/base/yelpchi/r60_s1/graph.bin,ok,
gfd_robustness_benchmark_v4_factorial,yelpchi,r60_s1,0,0,heterophily_rewire_nonoracle,0.3,mlp,train_on_variant,0.7313415906222179,0.3257175093405576,0.6106510448958343,0.4993019104003906,0.3603763289975177,16,6,0.7522698631802545,roc_auc,early_stopping,45954,8051348,175.2045135498047,171.0,175.2045135498047,175.0,0.2322233468294143,0.1452974677085876,/kaggle/working/gfd-robustness-v4-factorial-r1/graphs/base/yelpchi/r60_s1/graph.bin,/kaggle/working/gfd-robustness-v4-factorial-r1/graphs/variants/yelpchi/r60_s1/heterophily_rewire_nonoracle/0.30/seed_0/graph.bin,/kaggle/working/gfd-robustness-v4-factorial-r1/graphs/variants/yelpchi/r60_s1/heterophily_rewire_nonoracle/0.30/seed_0/graph.bin,ok,
gfd_robustness_benchmark_v4_factorial,yelpchi,r60_s1,0,0,heterophily_rewire_nonoracle,0.3,pmp,train_clean_eval_all,0.8130245047074893,0.4915233539200364,0.6817989088186823,0.4558625817298889,0.3834913360005885,43,33,0.8640671153419779,roc_auc,early_stopping,45954,8051348,175.2045135498047,171.0,175.2045135498047,175.0,0.2322233468294143,0.1452974677085876,/kaggle/working/gfd-robustness-v4-factorial-r1/graphs/base/yelpchi/r60_s1/graph.bin,/kaggle/working/gfd-robustness-v4-factorial-r1/graphs/variants/yelpchi/r60_s1/heterophily_rewire_nonoracle/0.30/seed_0/graph.bin,/kaggle/working/gfd-robustness-v4-factorial-r1/graphs/base/yelpchi/r60_s1/graph.bin,ok,
gfd_robustness_benchmark_v4_factorial,yelpchi,r60_s1,0,0,heterophily_rewire_nonoracle,0.3,pmp,train_on_variant,0.8219811014427357,0.49237333401444,0.6911823961856773,0.2580400109291076,32.21775642099965,54,44,0.8425481515387752,roc_auc,early_stopping,45954,8051348,175.2045135498047,171.0,175.2045135498047,175.0,0.2322233468294143,0.1452974677085876,/kaggle/working/gfd-robustness-v4-factorial-r1/graphs/base/yelpchi/r60_s1/graph.bin,/kaggle/working/gfd-robustness-v4-factorial-r1/graphs/variants/yelpchi/r60_s1/heterophily_rewire_nonoracle/0.30/seed_0/graph.bin,/kaggle/working/gfd-robustness-v4-factorial-r1/graphs/variants/yelpchi/r60_s1/heterophily_rewire_nonoracle/0.30/seed_0/graph.bin,ok,
gfd_robustness_benchmark_v4_factorial,yelpchi,r60_s1,0,0,heterophily_rewire_nonoracle,0.3,sage,train_clean_eval_all,0.7747470944058928,0.4176784065815963,0.6482598070174871,0.6908925771713257,0.1115994459978537,100,100,0.8115424465439842,roc_auc,max_epochs,45954,8051348,175.2045135498047,171.0,175.2045135498047,175.0,0.2322233468294143,0.1452974677085876,/kaggle/working/gfd-robustness-v4-factorial-r1/graphs/base/yelpchi/r60_s1/graph.bin,/kaggle/working/gfd-robustness-v4-factorial-r1/graphs/variants/yelpchi/r60_s1/heterophily_rewire_nonoracle/0.30/seed_0/graph.bin,/kaggle/working/gfd-robustness-v4-factorial-r1/graphs/base/yelpchi/r60_s1/graph.bin,ok,
gfd_robustness_benchmark_v4_factorial,yelpchi,r60_s1,0,0,heterophily_rewire_nonoracle,0.3,sage,train_on_variant,0.7637579823804529,0.4019965184244926,0.6380733108335114,0.6597443222999573,3.299642022997432,100,99,0.7874372343291446,roc_auc,max_epochs,45954,8051348,175.2045135498047,171.0,175.2045135498047,175.0,0.2322233468294143,0.1452974677085876,/kaggle/working/gfd-robustness-v4-factorial-r1/graphs/base/yelpchi/r60_s1/graph.bin,/kaggle/working/gfd-robustness-v4-factorial-r1/graphs/variants/yelpchi/r60_s1/heterophily_rewire_nonoracle/0.30/seed_0/graph.bin,/kaggle/working/gfd-robustness-v4-factorial-r1/graphs/variants/yelpchi/r60_s1/heterophily_rewire_nonoracle/0.30/seed_0/graph.bin,ok,
gfd_robustness_benchmark_v4_factorial,yelpchi,r60_s1,0,0,heterophily_rewire_nonoracle,0.3,secgfd,train_clean_eval_all,0.7898105266046319,0.4577165264761754,0.6651598061679733,0.6614007353782654,0.1589768989979347,50,50,0.8176709412406993,roc_auc,max_epochs,45954,8051348,175.2045135498047,171.0,175.2045135498047,175.0,0.2322233468294143,0.1452974677085876,/kaggle/working/gfd-robustness-v4-factorial-r1/graphs/base/yelpchi/r60_s1/graph.bin,/kaggle/working/gfd-robustness-v4-factorial-r1/graphs/variants/yelpchi/r60_s1/heterophily_rewire_nonoracle/0.30/seed_0/graph.bin,/kaggle/working/gfd-robustness-v4-factorial-r1/graphs/base/yelpchi/r60_s1/graph.bin,ok,
gfd_robustness_benchmark_v4_factorial,yelpchi,r60_s1,0,0,heterophily_rewire_nonoracle,0.3,secgfd,train_on_variant,0.8062770208056392,0.4697194125882274,0.689407144350086,0.700657844543457,4.904851682000299,50,49,0.8228956484216499,roc_auc,max_epochs,45954,8051348,175.2045135498047,171.0,175.2045135498047,175.0,0.2322233468294143,0.1452974677085876,/kaggle/working/gfd-robustness-v4-factorial-r1/graphs/base/yelpchi/r60_s1/graph.bin,/kaggle/working/gfd-robustness-v4-factorial-r1/graphs/variants/yelpchi/r60_s1/heterophily_rewire_nonoracle/0.30/seed_0/graph.bin,/kaggle/working/gfd-robustness-v4-factorial-r1/graphs/variants/yelpchi/r60_s1/heterophily_rewire_nonoracle/0.30/seed_0/graph.bin,ok,
gfd_robustness_benchmark_v4_factorial,yelpchi,r60_s1,0,1,heterophily_rewire_nonoracle,0.3,mlp,train_clean_eval_all,0.7838484658737515,0.4223574749223457,0.6531032177334472,0.6898988485336304,0.0916412730002775,100,100,0.8046757116939282,roc_auc,max_epochs,45954,8051348,175.2045135498047,171.0,175.2045135498047,175.0,0.2322233468294143,0.1452974677085876,/kaggle/working/gfd-robustness-v4-factorial-r1/graphs/base/yelpchi/r60_s1/graph.bin,/kaggle/working/gfd-robustness-v4-factorial-r1/graphs/variants/yelpchi/r60_s1/heterophily_rewire_nonoracle/0.30/seed_0/graph.bin,/kaggle/working/gfd-robustness-v4-factorial-r1/graphs/base/yelpchi/r60_s1/graph.bin,ok,
gfd_robustness_benchmark_v4_factorial,yelpchi,r60_s1,0,1,heterophily_rewire_nonoracle,0.3,mlp,train_on_variant,0.7838484658737515,0.4223574749223457,0.6531032177334472,0.6898988485336304,1.7900135349991615,100,100,0.8046757116939282,roc_auc,max_epochs,45954,8051348,175.2045135498047,171.0,175.2045135498047,175.0,0.2322233468294143,0.1452974677085876,/kaggle/working/gfd-robustness-v4-factorial-r1/graphs/base/yelpchi/r60_s1/graph.bin,/kaggle/working/gfd-robustness-v4-factorial-r1/graphs/variants/yelpchi/r60_s1/heterophily_rewire_nonoracle/0.30/seed_0/graph.bin,/kaggle/working/gfd-robustness-v4-factorial-r1/graphs/variants/yelpchi/r60_s1/heterophily_rewire_nonoracle/0.30/seed_0/graph.bin,ok,
gfd_robustness_benchmark_v4_factorial,yelpchi,r60_s1,0,1,heterophily_rewire_nonoracle,0.3,pmp,train_clean_eval_all,0.8088983533696354,0.4760974298871989,0.6793194059753822,0.3602780103683471,0.3214891809984692,51,41,0.8613966151476791,roc_auc,early_stopping,45954,8051348,175.2045135498047,171.0,175.2045135498047,175.0,0.2322233468294143,0.1452974677085876,/kaggle/working/gfd-robustness-v4-factorial-r1/graphs/base/yelpchi/r60_s1/graph.bin,/kaggle/working/gfd-robustness-v4-factorial-r1/graphs/variants/yelpchi/r60_s1/heterophily_rewire_nonoracle/0.30/seed_0/graph.bin,/kaggle/working/gfd-robustness-v4-factorial-r1/graphs/base/yelpchi/r60_s1/graph.bin,ok,
gfd_robustness_benchmark_v4_factorial,yelpchi,r60_s1,0,1,heterophily_rewire_nonoracle,0.3,pmp,train_on_variant,0.8271522128858373,0.528427326616449,0.7048837908617116,0.3977248966693878,58.74483565399714,100,90,0.8504979533062984,roc_auc,early_stopping,45954,8051348,175.2045135498047,171.0,175.2045135498047,175.0,0.2322233468294143,0.1452974677085876,/kaggle/working/gfd-robustness-v4-factorial-r1/graphs/base/yelpchi/r60_s1/graph.bin,/kaggle/working/gfd-robustness-v4-factorial-r1/graphs/variants/yelpchi/r60_s1/heterophily_rewire_nonoracle/0.30/seed_0/graph.bin,/kaggle/working/gfd-robustness-v4-factorial-r1/graphs/variants/yelpchi/r60_s1/heterophily_rewire_nonoracle/0.30/seed_0/graph.bin,ok,
gfd_robustness_benchmark_v4_factorial,yelpchi,r60_s1,0,1,heterophily_rewire_nonoracle,0.3,sage,train_clean_eval_all,0.6076072142883276,0.2108607563596004,0.5512163855508774,0.2996191680431366,0.1190387490023567,23,13,0.6071633087539366,roc_auc,early_stopping,45954,8051348,175.2045135498047,171.0,175.2045135498047,175.0,0.2322233468294143,0.1452974677085876,/kaggle/working/gfd-robustness-v4-factorial-r1/graphs/base/yelpchi/r60_s1/graph.bin,/kaggle/working/gfd-robustness-v4-factorial-r1/graphs/variants/yelpchi/r60_s1/heterophily_rewire_nonoracle/0.30/seed_0/graph.bin,/kaggle/working/gfd-robustness-v4-factorial-r1/graphs/base/yelpchi/r60_s1/graph.bin,ok,
gfd_robustness_benchmark_v4_factorial,yelpchi,r60_s1,0,1,heterophily_rewire_nonoracle,0.3,sage,train_on_variant,0.6423531501152481,0.2319483283363904,0.5652657402528978,0.2809423506259918,0.9076852809994308,23,13,0.6460010442071535,roc_auc,early_stopping,45954,8051348,175.2045135498047,171.0,175.2045135498047,175.0,0.2322233468294143,0.1452974677085876,/kaggle/working/gfd-robustness-v4-factorial-r1/graphs/base/yelpchi/r60_s1/graph.bin,/kaggle/working/gfd-robustness-v4-factorial-r1/graphs/variants/yelpchi/r60_s1/heterophily_rewire_nonoracle/0.30/seed_0/graph.bin,/kaggle/working/gfd-robustness-v4-factorial-r1/graphs/variants/yelpchi/r60_s1/heterophily_rewire_nonoracle/0.30/seed_0/graph.bin,ok,
gfd_robustness_benchmark_v4_factorial,yelpchi,r60_s1,0,1,heterophily_rewire_nonoracle,0.3,secgfd,train_clean_eval_all,0.7847803311401637,0.4261151432038077,0.65991995466115,0.7126186490058899,0.1640582500003802,50,50,0.8104918501777297,roc_auc,max_epochs,45954,8051348,175.2045135498047,171.0,175.2045135498047,175.0,0.2322233468294143,0.1452974677085876,/kaggle/working/gfd-robustness-v4-factorial-r1/graphs/base/yelpchi/r60_s1/graph.bin,/kaggle/working/gfd-robustness-v4-factorial-r1/graphs/variants/yelpchi/r60_s1/heterophily_rewire_nonoracle/0.30/seed_0/graph.bin,/kaggle/working/gfd-robustness-v4-factorial-r1/graphs/base/yelpchi/r60_s1/graph.bin,ok,
gfd_robustness_benchmark_v4_factorial,yelpchi,r60_s1,0,1,heterophily_rewire_nonoracle,0.3,secgfd,train_on_variant,0.7832306364867008,0.4298265610783889,0.6590335638409861,0.6481208205223083,4.972300552002707,50,48,0.8077034356322579,roc_auc,max_epochs,45954,8051348,175.2045135498047,171.0,175.2045135498047,175.0,0.2322233468294143,0.1452974677085876,/kaggle/working/gfd-robustness-v4-factorial-r1/graphs/base/yelpchi/r60_s1/graph.bin,/kaggle/working/gfd-robustness-v4-factorial-r1/graphs/variants/yelpchi/r60_s1/heterophily_rewire_nonoracle/0.30/seed_0/graph.bin,/kaggle/working/gfd-robustness-v4-factorial-r1/graphs/variants/yelpchi/r60_s1/heterophily_rewire_nonoracle/0.30/seed_0/graph.bin,ok,
gfd_robustness_benchmark_v4_factorial,yelpchi,r60_s1,0,2,heterophily_rewire_nonoracle,0.3,mlp,train_clean_eval_all,0.7843809262838884,0.425287123032842,0.6571495387316263,0.6982053518295288,0.1105901490009273,100,100,0.8050527229251151,roc_auc,max_epochs,45954,8051348,175.2045135498047,171.0,175.2045135498047,175.0,0.2322233468294143,0.1452974677085876,/kaggle/working/gfd-robustness-v4-factorial-r1/graphs/base/yelpchi/r60_s1/graph.bin,/kaggle/working/gfd-robustness-v4-factorial-r1/graphs/variants/yelpchi/r60_s1/heterophily_rewire_nonoracle/0.30/seed_0/graph.bin,/kaggle/working/gfd-robustness-v4-factorial-r1/graphs/base/yelpchi/r60_s1/graph.bin,ok,
gfd_robustness_benchmark_v4_factorial,yelpchi,r60_s1,0,2,heterophily_rewire_nonoracle,0.3,mlp,train_on_variant,0.7843809262838884,0.425287123032842,0.6571495387316263,0.6982053518295288,1.8514587600002408,100,100,0.8050527229251151,roc_auc,max_epochs,45954,8051348,175.2045135498047,171.0,175.2045135498047,175.0,0.2322233468294143,0.1452974677085876,/kaggle/working/gfd-robustness-v4-factorial-r1/graphs/base/yelpchi/r60_s1/graph.bin,/kaggle/working/gfd-robustness-v4-factorial-r1/graphs/variants/yelpchi/r60_s1/heterophily_rewire_nonoracle/0.30/seed_0/graph.bin,/kaggle/working/gfd-robustness-v4-factorial-r1/graphs/variants/yelpchi/r60_s1/heterophily_rewire_nonoracle/0.30/seed_0/graph.bin,ok,
gfd_robustness_benchmark_v4_factorial,yelpchi,r60_s1,0,2,heterophily_rewire_nonoracle,0.3,pmp,train_clean_eval_all,0.816525776095467,0.4839810182389749,0.6817223170854021,0.3910762369632721,0.2793751030003477,61,51,0.8651209063145925,roc_auc,early_stopping,45954,8051348,175.2045135498047,171.0,175.2045135498047,175.0,0.2322233468294143,0.1452974677085876,/kaggle/working/gfd-robustness-v4-factorial-r1/graphs/base/yelpchi/r60_s1/graph.bin,/kaggle/working/gfd-robustness-v4-factorial-r1/graphs/variants/yelpchi/r60_s1/heterophily_rewire_nonoracle/0.30/seed_0/graph.bin,/kaggle/working/gfd-robustness-v4-factorial-r1/graphs/base/yelpchi/r60_s1/graph.bin,ok,
gfd_robustness_benchmark_v4_factorial,yelpchi,r60_s1,0,2,heterophily_rewire_nonoracle,0.3,pmp,train_on_variant,0.821799740005732,0.4933396814231831,0.6918905607727535,0.37496018409729,34.28931732499768,58,48,0.8420161303780841,roc_auc,early_stopping,45954,8051348,175.2045135498047,171.0,175.2045135498047,175.0,0.2322233468294143,0.1452974677085876,/kaggle/working/gfd-robustness-v4-factorial-r1/graphs/base/yelpchi/r60_s1/graph.bin,/kaggle/working/gfd-robustness-v4-factorial-r1/graphs/variants/yelpchi/r60_s1/heterophily_rewire_nonoracle/0.30/seed_0/graph.bin,/kaggle/working/gfd-robustness-v4-factorial-r1/graphs/variants/yelpchi/r60_s1/heterophily_rewire_nonoracle/0.30/seed_0/graph.bin,ok,
gfd_robustness_benchmark_v4_factorial,yelpchi,r60_s1,0,2,heterophily_rewire_nonoracle,0.3,sage,train_clean_eval_all,0.7637863275485689,0.3994594760974432,0.6399204249638353,0.6638100147247314,0.1377538220003771,100,100,0.794380449009076,roc_auc,max_epochs,45954,8051348,175.2045135498047,171.0,175.2045135498047,175.0,0.2322233468294143,0.1452974677085876,/kaggle/working/gfd-robustness-v4-factorial-r1/graphs/base/yelpchi/r60_s1/graph.bin,/kaggle/working/gfd-robustness-v4-factorial-r1/graphs/variants/yelpchi/r60_s1/heterophily_rewire_nonoracle/0.30/seed_0/graph.bin,/kaggle/working/gfd-robustness-v4-factorial-r1/graphs/base/yelpchi/r60_s1/graph.bin,ok,
gfd_robustness_benchmark_v4_factorial,yelpchi,r60_s1,0,2,heterophily_rewire_nonoracle,0.3,sage,train_on_variant,0.7677293071697745,0.4134480999063862,0.6424068716559871,0.6713626980781555,3.3202683969975624,100,100,0.7924061822785172,roc_auc,max_epochs,45954,8051348,175.2045135498047,171.0,175.2045135498047,175.0,0.2322233468294143,0.1452974677085876,/kaggle/working/gfd-robustness-v4-factorial-r1/graphs/base/yelpchi/r60_s1/graph.bin,/kaggle/working/gfd-robustness-v4-factorial-r1/graphs/variants/yelpchi/r60_s1/heterophily_rewire_nonoracle/0.30/seed_0/graph.bin,/kaggle/working/gfd-robustness-v4-factorial-r1/graphs/variants/yelpchi/r60_s1/heterophily_rewire_nonoracle/0.30/seed_0/graph.bin,ok,
gfd_robustness_benchmark_v4_factorial,yelpchi,r60_s1,0,2,heterophily_rewire_nonoracle,0.3,secgfd,train_clean_eval_all,0.7894396098332865,0.4649516275632823,0.6686755616728142,0.7434759140014648,0.1941907919972436,50,50,0.8145421342354521,roc_auc,max_epochs,45954,8051348,175.2045135498047,171.0,175.2045135498047,175.0,0.2322233468294143,0.1452974677085876,/kaggle/working/gfd-robustness-v4-factorial-r1/graphs/base/yelpchi/r60_s1/graph.bin,/kaggle/working/gfd-robustness-v4-factorial-r1/graphs/variants/yelpchi/r60_s1/heterophily_rewire_nonoracle/0.30/seed_0/graph.bin,/kaggle/working/gfd-robustness-v4-factorial-r1/graphs/base/yelpchi/r60_s1/graph.bin,ok,
gfd_robustness_benchmark_v4_factorial,yelpchi,r60_s1,0,2,heterophily_rewire_nonoracle,0.3,secgfd,train_on_variant,0.7933433349695721,0.4626306425275414,0.681156080926581,0.7699929475784302,5.0161446330021136,50,49,0.8113368474003295,roc_auc,max_epochs,45954,8051348,175.2045135498047,171.0,175.2045135498047,175.0,0.2322233468294143,0.1452974677085876,/kaggle/working/gfd-robustness-v4-factorial-r1/graphs/base/yelpchi/r60_s1/graph.bin,/kaggle/working/gfd-robustness-v4-factorial-r1/graphs/variants/yelpchi/r60_s1/heterophily_rewire_nonoracle/0.30/seed_0/graph.bin,/kaggle/working/gfd-robustness-v4-factorial-r1/graphs/variants/yelpchi/r60_s1/heterophily_rewire_nonoracle/0.30/seed_0/graph.bin,ok,
gfd_robustness_benchmark_v4_factorial,yelpchi,r60_s1,0,3,heterophily_rewire_nonoracle,0.3,mlp,train_clean_eval_all,0.7816018135572033,0.4143485547512492,0.6496944434221562,0.6969894766807556,0.090713985999173,100,100,0.8041077869722045,roc_auc,max_epochs,45954,8051348,175.2045135498047,171.0,175.2045135498047,175.0,0.2322233468294143,0.1452974677085876,/kaggle/working/gfd-robustness-v4-factorial-r1/graphs/base/yelpchi/r60_s1/graph.bin,/kaggle/working/gfd-robustness-v4-factorial-r1/graphs/variants/yelpchi/r60_s1/heterophily_rewire_nonoracle/0.30/seed_0/graph.bin,/kaggle/working/gfd-robustness-v4-factorial-r1/graphs/base/yelpchi/r60_s1/graph.bin,ok,
gfd_robustness_benchmark_v4_factorial,yelpchi,r60_s1,0,3,heterophily_rewire_nonoracle,0.3,mlp,train_on_variant,0.7816018135572033,0.4143485547512492,0.6496944434221562,0.6969894766807556,1.8743798969990169,100,100,0.8041077869722045,roc_auc,max_epochs,45954,8051348,175.2045135498047,171.0,175.2045135498047,175.0,0.2322233468294143,0.1452974677085876,/kaggle/working/gfd-robustness-v4-factorial-r1/graphs/base/yelpchi/r60_s1/graph.bin,/kaggle/working/gfd-robustness-v4-factorial-r1/graphs/variants/yelpchi/r60_s1/heterophily_rewire_nonoracle/0.30/seed_0/graph.bin,/kaggle/working/gfd-robustness-v4-factorial-r1/graphs/variants/yelpchi/r60_s1/heterophily_rewire_nonoracle/0.30/seed_0/graph.bin,ok,
gfd_robustness_benchmark_v4_factorial,yelpchi,r60_s1,0,3,heterophily_rewire_nonoracle,0.3,pmp,train_clean_eval_all,0.8096985446113882,0.4875940387135685,0.6770090305351558,0.3360407650470733,0.2857749310023791,64,54,0.863328636785177,roc_auc,early_stopping,45954,8051348,175.2045135498047,171.0,175.2045135498047,175.0,0.2322233468294143,0.1452974677085876,/kaggle/working/gfd-robustness-v4-factorial-r1/graphs/base/yelpchi/r60_s1/graph.bin,/kaggle/working/gfd-robustness-v4-factorial-r1/graphs/variants/yelpchi/r60_s1/heterophily_rewire_nonoracle/0.30/seed_0/graph.bin,/kaggle/working/gfd-robustness-v4-factorial-r1/graphs/base/yelpchi/r60_s1/graph.bin,ok,
gfd_robustness_benchmark_v4_factorial,yelpchi,r60_s1,0,3,heterophily_rewire_nonoracle,0.3,pmp,train_on_variant,0.8244679492847299,0.5144941127121275,0.6961718633391514,0.3627379834651947,34.01541520400133,58,48,0.8474681314175231,roc_auc,early_stopping,45954,8051348,175.2045135498047,171.0,175.2045135498047,175.0,0.2322233468294143,0.1452974677085876,/kaggle/working/gfd-robustness-v4-factorial-r1/graphs/base/yelpchi/r60_s1/graph.bin,/kaggle/working/gfd-robustness-v4-factorial-r1/graphs/variants/yelpchi/r60_s1/heterophily_rewire_nonoracle/0.30/seed_0/graph.bin,/kaggle/working/gfd-robustness-v4-factorial-r1/graphs/variants/yelpchi/r60_s1/heterophily_rewire_nonoracle/0.30/seed_0/graph.bin,ok,
gfd_robustness_benchmark_v4_factorial,yelpchi,r60_s1,0,3,heterophily_rewire_nonoracle,0.3,sage,train_clean_eval_all,0.7639920324828957,0.4010461750031593,0.6416749125010314,0.6734314560890198,0.1142724509991239,100,100,0.7957354389126895,roc_auc,max_epochs,45954,8051348,175.2045135498047,171.0,175.2045135498047,175.0,0.2322233468294143,0.1452974677085876,/kaggle/working/gfd-robustness-v4-factorial-r1/graphs/base/yelpchi/r60_s1/graph.bin,/kaggle/working/gfd-robustness-v4-factorial-r1/graphs/variants/yelpchi/r60_s1/heterophily_rewire_nonoracle/0.30/seed_0/graph.bin,/kaggle/working/gfd-robustness-v4-factorial-r1/graphs/base/yelpchi/r60_s1/graph.bin,ok,
gfd_robustness_benchmark_v4_factorial,yelpchi,r60_s1,0,3,heterophily_rewire_nonoracle,0.3,sage,train_on_variant,0.7636410764265766,0.4049520561452938,0.6414887555856102,0.6925751566886902,3.360238934998052,100,98,0.7883589497850793,roc_auc,max_epochs,45954,8051348,175.2045135498047,171.0,175.2045135498047,175.0,0.2322233468294143,0.1452974677085876,/kaggle/working/gfd-robustness-v4-factorial-r1/graphs/base/yelpchi/r60_s1/graph.bin,/kaggle/working/gfd-robustness-v4-factorial-r1/graphs/variants/yelpchi/r60_s1/heterophily_rewire_nonoracle/0.30/seed_0/graph.bin,/kaggle/working/gfd-robustness-v4-factorial-r1/graphs/variants/yelpchi/r60_s1/heterophily_rewire_nonoracle/0.30/seed_0/graph.bin,ok,
gfd_robustness_benchmark_v4_factorial,yelpchi,r60_s1,0,3,heterophily_rewire_nonoracle,0.3,secgfd,train_clean_eval_all,0.772924190442943,0.4134016407215269,0.6499994128366715,0.7394757270812988,0.2254889029973128,50,44,0.80207887816868,roc_auc,max_epochs,45954,8051348,175.2045135498047,171.0,175.2045135498047,175.0,0.2322233468294143,0.1452974677085876,/kaggle/working/gfd-robustness-v4-factorial-r1/graphs/base/yelpchi/r60_s1/graph.bin,/kaggle/working/gfd-robustness-v4-factorial-r1/graphs/variants/yelpchi/r60_s1/heterophily_rewire_nonoracle/0.30/seed_0/graph.bin,/kaggle/working/gfd-robustness-v4-factorial-r1/graphs/base/yelpchi/r60_s1/graph.bin,ok,
gfd_robustness_benchmark_v4_factorial,yelpchi,r60_s1,0,3,heterophily_rewire_nonoracle,0.3,secgfd,train_on_variant,0.7938882291425297,0.4441923377329121,0.6710997472809775,0.7870989441871643,5.053149168001255,50,48,0.8164145550080223,roc_auc,max_epochs,45954,8051348,175.2045135498047,171.0,175.2045135498047,175.0,0.2322233468294143,0.1452974677085876,/kaggle/working/gfd-robustness-v4-factorial-r1/graphs/base/yelpchi/r60_s1/graph.bin,/kaggle/working/gfd-robustness-v4-factorial-r1/graphs/variants/yelpchi/r60_s1/heterophily_rewire_nonoracle/0.30/seed_0/graph.bin,/kaggle/working/gfd-robustness-v4-factorial-r1/graphs/variants/yelpchi/r60_s1/heterophily_rewire_nonoracle/0.30/seed_0/graph.bin,ok,
gfd_robustness_benchmark_v4_factorial,yelpchi,r60_s1,0,4,heterophily_rewire_nonoracle,0.3,mlp,train_clean_eval_all,0.7806874794199787,0.4201037950434657,0.6496479861960988,0.6775984764099121,0.0639711459989484,100,100,0.8035062473626617,roc_auc,max_epochs,45954,8051348,175.2045135498047,171.0,175.2045135498047,175.0,0.2322233468294143,0.1452974677085876,/kaggle/working/gfd-robustness-v4-factorial-r1/graphs/base/yelpchi/r60_s1/graph.bin,/kaggle/working/gfd-robustness-v4-factorial-r1/graphs/variants/yelpchi/r60_s1/heterophily_rewire_nonoracle/0.30/seed_0/graph.bin,/kaggle/working/gfd-robustness-v4-factorial-r1/graphs/base/yelpchi/r60_s1/graph.bin,ok,
gfd_robustness_benchmark_v4_factorial,yelpchi,r60_s1,0,4,heterophily_rewire_nonoracle,0.3,mlp,train_on_variant,0.7806874794199787,0.4201037950434657,0.6496479861960988,0.6775984764099121,1.570227846001217,100,100,0.8035062473626617,roc_auc,max_epochs,45954,8051348,175.2045135498047,171.0,175.2045135498047,175.0,0.2322233468294143,0.1452974677085876,/kaggle/working/gfd-robustness-v4-factorial-r1/graphs/base/yelpchi/r60_s1/graph.bin,/kaggle/working/gfd-robustness-v4-factorial-r1/graphs/variants/yelpchi/r60_s1/heterophily_rewire_nonoracle/0.30/seed_0/graph.bin,/kaggle/working/gfd-robustness-v4-factorial-r1/graphs/variants/yelpchi/r60_s1/heterophily_rewire_nonoracle/0.30/seed_0/graph.bin,ok,
gfd_robustness_benchmark_v4_factorial,yelpchi,r60_s1,0,4,heterophily_rewire_nonoracle,0.3,pmp,train_clean_eval_all,0.819367343469883,0.4991009482958067,0.6855451847840341,0.5032673478126526,0.2867978430003859,97,87,0.8691705705233195,roc_auc,early_stopping,45954,8051348,175.2045135498047,171.0,175.2045135498047,175.0,0.2322233468294143,0.1452974677085876,/kaggle/working/gfd-robustness-v4-factorial-r1/graphs/base/yelpchi/r60_s1/graph.bin,/kaggle/working/gfd-robustness-v4-factorial-r1/graphs/variants/yelpchi/r60_s1/heterophily_rewire_nonoracle/0.30/seed_0/graph.bin,/kaggle/working/gfd-robustness-v4-factorial-r1/graphs/base/yelpchi/r60_s1/graph.bin,ok,
gfd_robustness_benchmark_v4_factorial,yelpchi,r60_s1,0,4,heterophily_rewire_nonoracle,0.3,pmp,train_on_variant,0.8402833144810176,0.5440597637207608,0.7140841669992806,0.323900818824768,58.21663452699795,100,97,0.8559290702026667,roc_auc,max_epochs,45954,8051348,175.2045135498047,171.0,175.2045135498047,175.0,0.2322233468294143,0.1452974677085876,/kaggle/working/gfd-robustness-v4-factorial-r1/graphs/base/yelpchi/r60_s1/graph.bin,/kaggle/working/gfd-robustness-v4-factorial-r1/graphs/variants/yelpchi/r60_s1/heterophily_rewire_nonoracle/0.30/seed_0/graph.bin,/kaggle/working/gfd-robustness-v4-factorial-r1/graphs/variants/yelpchi/r60_s1/heterophily_rewire_nonoracle/0.30/seed_0/graph.bin,ok,
gfd_robustness_benchmark_v4_factorial,yelpchi,r60_s1,0,4,heterophily_rewire_nonoracle,0.3,sage,train_clean_eval_all,0.7686028623760626,0.4082284852745317,0.6425617562361219,0.6741504073143005,0.1326245359996392,100,100,0.8005188136090231,roc_auc,max_epochs,45954,8051348,175.2045135498047,171.0,175.2045135498047,175.0,0.2322233468294143,0.1452974677085876,/kaggle/working/gfd-robustness-v4-factorial-r1/graphs/base/yelpchi/r60_s1/graph.bin,/kaggle/working/gfd-robustness-v4-factorial-r1/graphs/variants/yelpchi/r60_s1/heterophily_rewire_nonoracle/0.30/seed_0/graph.bin,/kaggle/working/gfd-robustness-v4-factorial-r1/graphs/base/yelpchi/r60_s1/graph.bin,ok,
gfd_robustness_benchmark_v4_factorial,yelpchi,r60_s1,0,4,heterophily_rewire_nonoracle,0.3,sage,train_on_variant,0.7664135197019403,0.4014037744193685,0.6396714869170783,0.6500935554504395,3.3323606550002296,100,100,0.7903436585871734,roc_auc,max_epochs,45954,8051348,175.2045135498047,171.0,175.2045135498047,175.0,0.2322233468294143,0.1452974677085876,/kaggle/working/gfd-robustness-v4-factorial-r1/graphs/base/yelpchi/r60_s1/graph.bin,/kaggle/working/gfd-robustness-v4-factorial-r1/graphs/variants/yelpchi/r60_s1/heterophily_rewire_nonoracle/0.30/seed_0/graph.bin,/kaggle/working/gfd-robustness-v4-factorial-r1/graphs/variants/yelpchi/r60_s1/heterophily_rewire_nonoracle/0.30/seed_0/graph.bin,ok,
gfd_robustness_benchmark_v4_factorial,yelpchi,r60_s1,0,4,heterophily_rewire_nonoracle,0.3,secgfd,train_clean_eval_all,0.7803534351866531,0.4203598215644895,0.6584129150340577,0.7461267709732056,0.1619637889998557,50,50,0.8075951527808571,roc_auc,max_epochs,45954,8051348,175.2045135498047,171.0,175.2045135498047,175.0,0.2322233468294143,0.1452974677085876,/kaggle/working/gfd-robustness-v4-factorial-r1/graphs/base/yelpchi/r60_s1/graph.bin,/kaggle/working/gfd-robustness-v4-factorial-r1/graphs/variants/yelpchi/r60_s1/heterophily_rewire_nonoracle/0.30/seed_0/graph.bin,/kaggle/working/gfd-robustness-v4-factorial-r1/graphs/base/yelpchi/r60_s1/graph.bin,ok,
gfd_robustness_benchmark_v4_factorial,yelpchi,r60_s1,0,4,heterophily_rewire_nonoracle,0.3,secgfd,train_on_variant,0.7760853674524678,0.4229539724165709,0.6488111237226933,0.7243269681930542,5.134150624002359,50,50,0.7983568756749798,roc_auc,max_epochs,45954,8051348,175.2045135498047,171.0,175.2045135498047,175.0,0.2322233468294143,0.1452974677085876,/kaggle/working/gfd-robustness-v4-factorial-r1/graphs/base/yelpchi/r60_s1/graph.bin,/kaggle/working/gfd-robustness-v4-factorial-r1/graphs/variants/yelpchi/r60_s1/heterophily_rewire_nonoracle/0.30/seed_0/graph.bin,/kaggle/working/gfd-robustness-v4-factorial-r1/graphs/variants/yelpchi/r60_s1/heterophily_rewire_nonoracle/0.30/seed_0/graph.bin,ok,
gfd_robustness_benchmark_v4_factorial,yelpchi,r60_s1,1,0,heterophily_rewire_nonoracle,0.3,mlp,train_clean_eval_all,0.7313415906222179,0.3257175093405576,0.6106510448958343,0.4993019104003906,0.1037096250001923,16,6,0.7522698631802545,roc_auc,early_stopping,45954,8051348,175.2045135498047,173.0,175.2045135498047,175.0,0.2319838851690292,0.1452974677085876,/kaggle/working/gfd-robustness-v4-factorial-r1/graphs/base/yelpchi/r60_s1/graph.bin,/kaggle/working/gfd-robustness-v4-factorial-r1/graphs/variants/yelpchi/r60_s1/heterophily_rewire_nonoracle/0.30/seed_1/graph.bin,/kaggle/working/gfd-robustness-v4-factorial-r1/graphs/base/yelpchi/r60_s1/graph.bin,ok,
gfd_robustness_benchmark_v4_factorial,yelpchi,r60_s1,1,0,heterophily_rewire_nonoracle,0.3,mlp,train_on_variant,0.7313415906222179,0.3257175093405576,0.6106510448958343,0.4993019104003906,0.3847044690010079,16,6,0.7522698631802545,roc_auc,early_stopping,45954,8051348,175.2045135498047,173.0,175.2045135498047,175.0,0.2319838851690292,0.1452974677085876,/kaggle/working/gfd-robustness-v4-factorial-r1/graphs/base/yelpchi/r60_s1/graph.bin,/kaggle/working/gfd-robustness-v4-factorial-r1/graphs/variants/yelpchi/r60_s1/heterophily_rewire_nonoracle/0.30/seed_1/graph.bin,/kaggle/working/gfd-robustness-v4-factorial-r1/graphs/variants/yelpchi/r60_s1/heterophily_rewire_nonoracle/0.30/seed_1/graph.bin,ok,
gfd_robustness_benchmark_v4_factorial,yelpchi,r60_s1,1,0,heterophily_rewire_nonoracle,0.3,pmp,train_clean_eval_all,0.8098632324200885,0.4806514655827723,0.6777321894815368,0.4558625817298889,0.3632767649978632,43,33,0.8640671153419779,roc_auc,early_stopping,45954,8051348,175.2045135498047,173.0,175.2045135498047,175.0,0.2319838851690292,0.1452974677085876,/kaggle/working/gfd-robustness-v4-factorial-r1/graphs/base/yelpchi/r60_s1/graph.bin,/kaggle/working/gfd-robustness-v4-factorial-r1/graphs/variants/yelpchi/r60_s1/heterophily_rewire_nonoracle/0.30/seed_1/graph.bin,/kaggle/working/gfd-robustness-v4-factorial-r1/graphs/base/yelpchi/r60_s1/graph.bin,ok,
gfd_robustness_benchmark_v4_factorial,yelpchi,r60_s1,1,0,heterophily_rewire_nonoracle,0.3,pmp,train_on_variant,0.8243566170866007,0.4977901586233664,0.6955060930210847,0.2511513531208038,49.50883605200215,84,74,0.8470077743368212,roc_auc,early_stopping,45954,8051348,175.2045135498047,173.0,175.2045135498047,175.0,0.2319838851690292,0.1452974677085876,/kaggle/working/gfd-robustness-v4-factorial-r1/graphs/base/yelpchi/r60_s1/graph.bin,/kaggle/working/gfd-robustness-v4-factorial-r1/graphs/variants/yelpchi/r60_s1/heterophily_rewire_nonoracle/0.30/seed_1/graph.bin,/kaggle/working/gfd-robustness-v4-factorial-r1/graphs/variants/yelpchi/r60_s1/heterophily_rewire_nonoracle/0.30/seed_1/graph.bin,ok,
gfd_robustness_benchmark_v4_factorial,yelpchi,r60_s1,1,0,heterophily_rewire_nonoracle,0.3,sage,train_clean_eval_all,0.7746378106820981,0.4168864622073805,0.6471581607858583,0.6908925771713257,0.122123091998219,100,100,0.8115424465439842,roc_auc,max_epochs,45954,8051348,175.2045135498047,173.0,175.2045135498047,175.0,0.2319838851690292,0.1452974677085876,/kaggle/working/gfd-robustness-v4-factorial-r1/graphs/base/yelpchi/r60_s1/graph.bin,/kaggle/working/gfd-robustness-v4-factorial-r1/graphs/variants/yelpchi/r60_s1/heterophily_rewire_nonoracle/0.30/seed_1/graph.bin,/kaggle/working/gfd-robustness-v4-factorial-r1/graphs/base/yelpchi/r60_s1/graph.bin,ok,
gfd_robustness_benchmark_v4_factorial,yelpchi,r60_s1,1,0,heterophily_rewire_nonoracle,0.3,sage,train_on_variant,0.7620771377306487,0.3968023672937227,0.6391929805886513,0.6769482493400574,3.2900379649981915,100,100,0.7856052944640333,roc_auc,max_epochs,45954,8051348,175.2045135498047,173.0,175.2045135498047,175.0,0.2319838851690292,0.1452974677085876,/kaggle/working/gfd-robustness-v4-factorial-r1/graphs/base/yelpchi/r60_s1/graph.bin,/kaggle/working/gfd-robustness-v4-factorial-r1/graphs/variants/yelpchi/r60_s1/heterophily_rewire_nonoracle/0.30/seed_1/graph.bin,/kaggle/working/gfd-robustness-v4-factorial-r1/graphs/variants/yelpchi/r60_s1/heterophily_rewire_nonoracle/0.30/seed_1/graph.bin,ok,
gfd_robustness_benchmark_v4_factorial,yelpchi,r60_s1,1,0,heterophily_rewire_nonoracle,0.3,secgfd,train_clean_eval_all,0.7911266951839702,0.4589499471445631,0.6676931186484605,0.6614007353782654,0.1559509610015084,50,50,0.8176709412406993,roc_auc,max_epochs,45954,8051348,175.2045135498047,173.0,175.2045135498047,175.0,0.2319838851690292,0.1452974677085876,/kaggle/working/gfd-robustness-v4-factorial-r1/graphs/base/yelpchi/r60_s1/graph.bin,/kaggle/working/gfd-robustness-v4-factorial-r1/graphs/variants/yelpchi/r60_s1/heterophily_rewire_nonoracle/0.30/seed_1/graph.bin,/kaggle/working/gfd-robustness-v4-factorial-r1/graphs/base/yelpchi/r60_s1/graph.bin,ok,
gfd_robustness_benchmark_v4_factorial,yelpchi,r60_s1,1,0,heterophily_rewire_nonoracle,0.3,secgfd,train_on_variant,0.8107590826493652,0.477989526307542,0.6857274007986773,0.7105161547660828,5.075369456997578,50,50,0.8272013579461065,roc_auc,max_epochs,45954,8051348,175.2045135498047,173.0,175.2045135498047,175.0,0.2319838851690292,0.1452974677085876,/kaggle/working/gfd-robustness-v4-factorial-r1/graphs/base/yelpchi/r60_s1/graph.bin,/kaggle/working/gfd-robustness-v4-factorial-r1/graphs/variants/yelpchi/r60_s1/heterophily_rewire_nonoracle/0.30/seed_1/graph.bin,/kaggle/working/gfd-robustness-v4-factorial-r1/graphs/variants/yelpchi/r60_s1/heterophily_rewire_nonoracle/0.30/seed_1/graph.bin,ok,
gfd_robustness_benchmark_v4_factorial,yelpchi,r60_s1,1,1,heterophily_rewire_nonoracle,0.3,mlp,train_clean_eval_all,0.7838484658737515,0.4223574749223457,0.6531032177334472,0.6898988485336304,0.0885085240006446,100,100,0.8046757116939282,roc_auc,max_epochs,45954,8051348,175.2045135498047,173.0,175.2045135498047,175.0,0.2319838851690292,0.1452974677085876,/kaggle/working/gfd-robustness-v4-factorial-r1/graphs/base/yelpchi/r60_s1/graph.bin,/kaggle/working/gfd-robustness-v4-factorial-r1/graphs/variants/yelpchi/r60_s1/heterophily_rewire_nonoracle/0.30/seed_1/graph.bin,/kaggle/working/gfd-robustness-v4-factorial-r1/graphs/base/yelpchi/r60_s1/graph.bin,ok,
gfd_robustness_benchmark_v4_factorial,yelpchi,r60_s1,1,1,heterophily_rewire_nonoracle,0.3,mlp,train_on_variant,0.7838484658737515,0.4223574749223457,0.6531032177334472,0.6898988485336304,1.9261070430002287,100,100,0.8046757116939282,roc_auc,max_epochs,45954,8051348,175.2045135498047,173.0,175.2045135498047,175.0,0.2319838851690292,0.1452974677085876,/kaggle/working/gfd-robustness-v4-factorial-r1/graphs/base/yelpchi/r60_s1/graph.bin,/kaggle/working/gfd-robustness-v4-factorial-r1/graphs/variants/yelpchi/r60_s1/heterophily_rewire_nonoracle/0.30/seed_1/graph.bin,/kaggle/working/gfd-robustness-v4-factorial-r1/graphs/variants/yelpchi/r60_s1/heterophily_rewire_nonoracle/0.30/seed_1/graph.bin,ok,
gfd_robustness_benchmark_v4_factorial,yelpchi,r60_s1,1,1,heterophily_rewire_nonoracle,0.3,pmp,train_clean_eval_all,0.8048099320706855,0.4689189012018818,0.6759998802189996,0.3602780103683471,0.4052415240003029,51,41,0.8613966151476791,roc_auc,early_stopping,45954,8051348,175.2045135498047,173.0,175.2045135498047,175.0,0.2319838851690292,0.1452974677085876,/kaggle/working/gfd-robustness-v4-factorial-r1/graphs/base/yelpchi/r60_s1/graph.bin,/kaggle/working/gfd-robustness-v4-factorial-r1/graphs/variants/yelpchi/r60_s1/heterophily_rewire_nonoracle/0.30/seed_1/graph.bin,/kaggle/working/gfd-robustness-v4-factorial-r1/graphs/base/yelpchi/r60_s1/graph.bin,ok,
gfd_robustness_benchmark_v4_factorial,yelpchi,r60_s1,1,1,heterophily_rewire_nonoracle,0.3,pmp,train_on_variant,0.8176905957687476,0.4923467665978676,0.6947637059335966,0.3364955186843872,24.63040134899711,42,32,0.838241202316328,roc_auc,early_stopping,45954,8051348,175.2045135498047,173.0,175.2045135498047,175.0,0.2319838851690292,0.1452974677085876,/kaggle/working/gfd-robustness-v4-factorial-r1/graphs/base/yelpchi/r60_s1/graph.bin,/kaggle/working/gfd-robustness-v4-factorial-r1/graphs/variants/yelpchi/r60_s1/heterophily_rewire_nonoracle/0.30/seed_1/graph.bin,/kaggle/working/gfd-robustness-v4-factorial-r1/graphs/variants/yelpchi/r60_s1/heterophily_rewire_nonoracle/0.30/seed_1/graph.bin,ok,
gfd_robustness_benchmark_v4_factorial,yelpchi,r60_s1,1,1,heterophily_rewire_nonoracle,0.3,sage,train_clean_eval_all,0.6066498621900801,0.2107727529817892,0.5489896773346261,0.2996191680431366,0.1180762960029824,23,13,0.6071633087539366,roc_auc,early_stopping,45954,8051348,175.2045135498047,173.0,175.2045135498047,175.0,0.2319838851690292,0.1452974677085876,/kaggle/working/gfd-robustness-v4-factorial-r1/graphs/base/yelpchi/r60_s1/graph.bin,/kaggle/working/gfd-robustness-v4-factorial-r1/graphs/variants/yelpchi/r60_s1/heterophily_rewire_nonoracle/0.30/seed_1/graph.bin,/kaggle/working/gfd-robustness-v4-factorial-r1/graphs/base/yelpchi/r60_s1/graph.bin,ok,
gfd_robustness_benchmark_v4_factorial,yelpchi,r60_s1,1,1,heterophily_rewire_nonoracle,0.3,sage,train_on_variant,0.6418708535068356,0.2305199719749063,0.563725257537062,0.280610054731369,0.8420404080025037,23,13,0.6477743368211759,roc_auc,early_stopping,45954,8051348,175.2045135498047,173.0,175.2045135498047,175.0,0.2319838851690292,0.1452974677085876,/kaggle/working/gfd-robustness-v4-factorial-r1/graphs/base/yelpchi/r60_s1/graph.bin,/kaggle/working/gfd-robustness-v4-factorial-r1/graphs/variants/yelpchi/r60_s1/heterophily_rewire_nonoracle/0.30/seed_1/graph.bin,/kaggle/working/gfd-robustness-v4-factorial-r1/graphs/variants/yelpchi/r60_s1/heterophily_rewire_nonoracle/0.30/seed_1/graph.bin,ok,
gfd_robustness_benchmark_v4_factorial,yelpchi,r60_s1,1,1,heterophily_rewire_nonoracle,0.3,secgfd,train_clean_eval_all,0.7865237257155749,0.4269331269955972,0.6603209757782973,0.7126186490058899,0.2011228859992115,50,50,0.8104918501777297,roc_auc,max_epochs,45954,8051348,175.2045135498047,173.0,175.2045135498047,175.0,0.2319838851690292,0.1452974677085876,/kaggle/working/gfd-robustness-v4-factorial-r1/graphs/base/yelpchi/r60_s1/graph.bin,/kaggle/working/gfd-robustness-v4-factorial-r1/graphs/variants/yelpchi/r60_s1/heterophily_rewire_nonoracle/0.30/seed_1/graph.bin,/kaggle/working/gfd-robustness-v4-factorial-r1/graphs/base/yelpchi/r60_s1/graph.bin,ok,
gfd_robustness_benchmark_v4_factorial,yelpchi,r60_s1,1,1,heterophily_rewire_nonoracle,0.3,secgfd,train_on_variant,0.7860640576027171,0.4297172372734871,0.6604027657233505,0.6974435448646545,5.025320273998659,50,50,0.8082584388864651,roc_auc,max_epochs,45954,8051348,175.2045135498047,173.0,175.2045135498047,175.0,0.2319838851690292,0.1452974677085876,/kaggle/working/gfd-robustness-v4-factorial-r1/graphs/base/yelpchi/r60_s1/graph.bin,/kaggle/working/gfd-robustness-v4-factorial-r1/graphs/variants/yelpchi/r60_s1/heterophily_rewire_nonoracle/0.30/seed_1/graph.bin,/kaggle/working/gfd-robustness-v4-factorial-r1/graphs/variants/yelpchi/r60_s1/heterophily_rewire_nonoracle/0.30/seed_1/graph.bin,ok,
gfd_robustness_benchmark_v4_factorial,yelpchi,r60_s1,1,2,heterophily_rewire_nonoracle,0.3,mlp,train_clean_eval_all,0.7843809262838884,0.425287123032842,0.6571495387316263,0.6982053518295288,0.0990602109995961,100,100,0.8050527229251151,roc_auc,max_epochs,45954,8051348,175.2045135498047,173.0,175.2045135498047,175.0,0.2319838851690292,0.1452974677085876,/kaggle/working/gfd-robustness-v4-factorial-r1/graphs/base/yelpchi/r60_s1/graph.bin,/kaggle/working/gfd-robustness-v4-factorial-r1/graphs/variants/yelpchi/r60_s1/heterophily_rewire_nonoracle/0.30/seed_1/graph.bin,/kaggle/working/gfd-robustness-v4-factorial-r1/graphs/base/yelpchi/r60_s1/graph.bin,ok,
gfd_robustness_benchmark_v4_factorial,yelpchi,r60_s1,1,2,heterophily_rewire_nonoracle,0.3,mlp,train_on_variant,0.7843809262838884,0.425287123032842,0.6571495387316263,0.6982053518295288,1.7255936080000538,100,100,0.8050527229251151,roc_auc,max_epochs,45954,8051348,175.2045135498047,173.0,175.2045135498047,175.0,0.2319838851690292,0.1452974677085876,/kaggle/working/gfd-robustness-v4-factorial-r1/graphs/base/yelpchi/r60_s1/graph.bin,/kaggle/working/gfd-robustness-v4-factorial-r1/graphs/variants/yelpchi/r60_s1/heterophily_rewire_nonoracle/0.30/seed_1/graph.bin,/kaggle/working/gfd-robustness-v4-factorial-r1/graphs/variants/yelpchi/r60_s1/heterophily_rewire_nonoracle/0.30/seed_1/graph.bin,ok,
gfd_robustness_benchmark_v4_factorial,yelpchi,r60_s1,1,2,heterophily_rewire_nonoracle,0.3,pmp,train_clean_eval_all,0.8122324597241363,0.4713117883635976,0.685669191919192,0.3910762369632721,0.2869407650032372,61,51,0.8651209063145925,roc_auc,early_stopping,45954,8051348,175.2045135498047,173.0,175.2045135498047,175.0,0.2319838851690292,0.1452974677085876,/kaggle/working/gfd-robustness-v4-factorial-r1/graphs/base/yelpchi/r60_s1/graph.bin,/kaggle/working/gfd-robustness-v4-factorial-r1/graphs/variants/yelpchi/r60_s1/heterophily_rewire_nonoracle/0.30/seed_1/graph.bin,/kaggle/working/gfd-robustness-v4-factorial-r1/graphs/base/yelpchi/r60_s1/graph.bin,ok,
gfd_robustness_benchmark_v4_factorial,yelpchi,r60_s1,1,2,heterophily_rewire_nonoracle,0.3,pmp,train_on_variant,0.8219602355878873,0.4978558984059787,0.6948468285938212,0.4081209599971771,33.39518311499705,58,48,0.8433279692554898,roc_auc,early_stopping,45954,8051348,175.2045135498047,173.0,175.2045135498047,175.0,0.2319838851690292,0.1452974677085876,/kaggle/working/gfd-robustness-v4-factorial-r1/graphs/base/yelpchi/r60_s1/graph.bin,/kaggle/working/gfd-robustness-v4-factorial-r1/graphs/variants/yelpchi/r60_s1/heterophily_rewire_nonoracle/0.30/seed_1/graph.bin,/kaggle/working/gfd-robustness-v4-factorial-r1/graphs/variants/yelpchi/r60_s1/heterophily_rewire_nonoracle/0.30/seed_1/graph.bin,ok,
gfd_robustness_benchmark_v4_factorial,yelpchi,r60_s1,1,2,heterophily_rewire_nonoracle,0.3,sage,train_clean_eval_all,0.764295444879081,0.3991905340063999,0.6388590022732143,0.6638100147247314,0.1380795609984488,100,100,0.794380449009076,roc_auc,max_epochs,45954,8051348,175.2045135498047,173.0,175.2045135498047,175.0,0.2319838851690292,0.1452974677085876,/kaggle/working/gfd-robustness-v4-factorial-r1/graphs/base/yelpchi/r60_s1/graph.bin,/kaggle/working/gfd-robustness-v4-factorial-r1/graphs/variants/yelpchi/r60_s1/heterophily_rewire_nonoracle/0.30/seed_1/graph.bin,/kaggle/working/gfd-robustness-v4-factorial-r1/graphs/base/yelpchi/r60_s1/graph.bin,ok,
gfd_robustness_benchmark_v4_factorial,yelpchi,r60_s1,1,2,heterophily_rewire_nonoracle,0.3,sage,train_on_variant,0.7657316159432662,0.4059256375639387,0.636970392410532,0.6849483847618103,3.141138856997713,100,100,0.7898402935223396,roc_auc,max_epochs,45954,8051348,175.2045135498047,173.0,175.2045135498047,175.0,0.2319838851690292,0.1452974677085876,/kaggle/working/gfd-robustness-v4-factorial-r1/graphs/base/yelpchi/r60_s1/graph.bin,/kaggle/working/gfd-robustness-v4-factorial-r1/graphs/variants/yelpchi/r60_s1/heterophily_rewire_nonoracle/0.30/seed_1/graph.bin,/kaggle/working/gfd-robustness-v4-factorial-r1/graphs/variants/yelpchi/r60_s1/heterophily_rewire_nonoracle/0.30/seed_1/graph.bin,ok,
gfd_robustness_benchmark_v4_factorial,yelpchi,r60_s1,1,2,heterophily_rewire_nonoracle,0.3,secgfd,train_clean_eval_all,0.7903507521616645,0.4647127615593593,0.6729297942541985,0.7434759140014648,0.1847457840012794,50,50,0.8145421342354521,roc_auc,max_epochs,45954,8051348,175.2045135498047,173.0,175.2045135498047,175.0,0.2319838851690292,0.1452974677085876,/kaggle/working/gfd-robustness-v4-factorial-r1/graphs/base/yelpchi/r60_s1/graph.bin,/kaggle/working/gfd-robustness-v4-factorial-r1/graphs/variants/yelpchi/r60_s1/heterophily_rewire_nonoracle/0.30/seed_1/graph.bin,/kaggle/working/gfd-robustness-v4-factorial-r1/graphs/base/yelpchi/r60_s1/graph.bin,ok,
gfd_robustness_benchmark_v4_factorial,yelpchi,r60_s1,1,2,heterophily_rewire_nonoracle,0.3,secgfd,train_on_variant,0.7860659631602376,0.4429671908390773,0.6649723017737423,0.7341256737709045,5.023650893999729,50,50,0.8048265257225413,roc_auc,max_epochs,45954,8051348,175.2045135498047,173.0,175.2045135498047,175.0,0.2319838851690292,0.1452974677085876,/kaggle/working/gfd-robustness-v4-factorial-r1/graphs/base/yelpchi/r60_s1/graph.bin,/kaggle/working/gfd-robustness-v4-factorial-r1/graphs/variants/yelpchi/r60_s1/heterophily_rewire_nonoracle/0.30/seed_1/graph.bin,/kaggle/working/gfd-robustness-v4-factorial-r1/graphs/variants/yelpchi/r60_s1/heterophily_rewire_nonoracle/0.30/seed_1/graph.bin,ok,
gfd_robustness_benchmark_v4_factorial,yelpchi,r60_s1,1,3,heterophily_rewire_nonoracle,0.3,mlp,train_clean_eval_all,0.7816018135572033,0.4143485547512492,0.6496944434221562,0.6969894766807556,0.1012678260012762,100,100,0.8041077869722045,roc_auc,max_epochs,45954,8051348,175.2045135498047,173.0,175.2045135498047,175.0,0.2319838851690292,0.1452974677085876,/kaggle/working/gfd-robustness-v4-factorial-r1/graphs/base/yelpchi/r60_s1/graph.bin,/kaggle/working/gfd-robustness-v4-factorial-r1/graphs/variants/yelpchi/r60_s1/heterophily_rewire_nonoracle/0.30/seed_1/graph.bin,/kaggle/working/gfd-robustness-v4-factorial-r1/graphs/base/yelpchi/r60_s1/graph.bin,ok,
gfd_robustness_benchmark_v4_factorial,yelpchi,r60_s1,1,3,heterophily_rewire_nonoracle,0.3,mlp,train_on_variant,0.7816018135572033,0.4143485547512492,0.6496944434221562,0.6969894766807556,1.9921216509974329,100,100,0.8041077869722045,roc_auc,max_epochs,45954,8051348,175.2045135498047,173.0,175.2045135498047,175.0,0.2319838851690292,0.1452974677085876,/kaggle/working/gfd-robustness-v4-factorial-r1/graphs/base/yelpchi/r60_s1/graph.bin,/kaggle/working/gfd-robustness-v4-factorial-r1/graphs/variants/yelpchi/r60_s1/heterophily_rewire_nonoracle/0.30/seed_1/graph.bin,/kaggle/working/gfd-robustness-v4-factorial-r1/graphs/variants/yelpchi/r60_s1/heterophily_rewire_nonoracle/0.30/seed_1/graph.bin,ok,
gfd_robustness_benchmark_v4_factorial,yelpchi,r60_s1,1,3,heterophily_rewire_nonoracle,0.3,pmp,train_clean_eval_all,0.8066323120053173,0.4820959979689456,0.6757691496477706,0.3360407650470733,0.290233548003016,64,54,0.863328636785177,roc_auc,early_stopping,45954,8051348,175.2045135498047,173.0,175.2045135498047,175.0,0.2319838851690292,0.1452974677085876,/kaggle/working/gfd-robustness-v4-factorial-r1/graphs/base/yelpchi/r60_s1/graph.bin,/kaggle/working/gfd-robustness-v4-factorial-r1/graphs/variants/yelpchi/r60_s1/heterophily_rewire_nonoracle/0.30/seed_1/graph.bin,/kaggle/working/gfd-robustness-v4-factorial-r1/graphs/base/yelpchi/r60_s1/graph.bin,ok,
gfd_robustness_benchmark_v4_factorial,yelpchi,r60_s1,1,3,heterophily_rewire_nonoracle,0.3,pmp,train_on_variant,0.8488933379422418,0.5684014226284155,0.7211483554134308,0.2879773378372192,57.30938151399823,100,99,0.8615331726494014,roc_auc,max_epochs,45954,8051348,175.2045135498047,173.0,175.2045135498047,175.0,0.2319838851690292,0.1452974677085876,/kaggle/working/gfd-robustness-v4-factorial-r1/graphs/base/yelpchi/r60_s1/graph.bin,/kaggle/working/gfd-robustness-v4-factorial-r1/graphs/variants/yelpchi/r60_s1/heterophily_rewire_nonoracle/0.30/seed_1/graph.bin,/kaggle/working/gfd-robustness-v4-factorial-r1/graphs/variants/yelpchi/r60_s1/heterophily_rewire_nonoracle/0.30/seed_1/graph.bin,ok,
gfd_robustness_benchmark_v4_factorial,yelpchi,r60_s1,1,3,heterophily_rewire_nonoracle,0.3,sage,train_clean_eval_all,0.7639660216227423,0.3996114114182115,0.6399650412521588,0.6734314560890198,0.1379370730028313,100,100,0.7957354389126895,roc_auc,max_epochs,45954,8051348,175.2045135498047,173.0,175.2045135498047,175.0,0.2319838851690292,0.1452974677085876,/kaggle/working/gfd-robustness-v4-factorial-r1/graphs/base/yelpchi/r60_s1/graph.bin,/kaggle/working/gfd-robustness-v4-factorial-r1/graphs/variants/yelpchi/r60_s1/heterophily_rewire_nonoracle/0.30/seed_1/graph.bin,/kaggle/working/gfd-robustness-v4-factorial-r1/graphs/base/yelpchi/r60_s1/graph.bin,ok,
gfd_robustness_benchmark_v4_factorial,yelpchi,r60_s1,1,3,heterophily_rewire_nonoracle,0.3,sage,train_on_variant,0.7643200742100321,0.4042713093843559,0.6412149379205834,0.6509414315223694,3.382480279997253,100,100,0.7887065420293379,roc_auc,max_epochs,45954,8051348,175.2045135498047,173.0,175.2045135498047,175.0,0.2319838851690292,0.1452974677085876,/kaggle/working/gfd-robustness-v4-factorial-r1/graphs/base/yelpchi/r60_s1/graph.bin,/kaggle/working/gfd-robustness-v4-factorial-r1/graphs/variants/yelpchi/r60_s1/heterophily_rewire_nonoracle/0.30/seed_1/graph.bin,/kaggle/working/gfd-robustness-v4-factorial-r1/graphs/variants/yelpchi/r60_s1/heterophily_rewire_nonoracle/0.30/seed_1/graph.bin,ok,
gfd_robustness_benchmark_v4_factorial,yelpchi,r60_s1,1,3,heterophily_rewire_nonoracle,0.3,secgfd,train_clean_eval_all,0.774612847878581,0.4151357069221406,0.6522099484771658,0.7394757270812988,0.1547749139972438,50,44,0.80207887816868,roc_auc,max_epochs,45954,8051348,175.2045135498047,173.0,175.2045135498047,175.0,0.2319838851690292,0.1452974677085876,/kaggle/working/gfd-robustness-v4-factorial-r1/graphs/base/yelpchi/r60_s1/graph.bin,/kaggle/working/gfd-robustness-v4-factorial-r1/graphs/variants/yelpchi/r60_s1/heterophily_rewire_nonoracle/0.30/seed_1/graph.bin,/kaggle/working/gfd-robustness-v4-factorial-r1/graphs/base/yelpchi/r60_s1/graph.bin,ok,
gfd_robustness_benchmark_v4_factorial,yelpchi,r60_s1,1,3,heterophily_rewire_nonoracle,0.3,secgfd,train_on_variant,0.7977494603461103,0.4511253552537639,0.6751719788623661,0.7079445123672485,4.960068686999875,50,49,0.818167011159666,roc_auc,max_epochs,45954,8051348,175.2045135498047,173.0,175.2045135498047,175.0,0.2319838851690292,0.1452974677085876,/kaggle/working/gfd-robustness-v4-factorial-r1/graphs/base/yelpchi/r60_s1/graph.bin,/kaggle/working/gfd-robustness-v4-factorial-r1/graphs/variants/yelpchi/r60_s1/heterophily_rewire_nonoracle/0.30/seed_1/graph.bin,/kaggle/working/gfd-robustness-v4-factorial-r1/graphs/variants/yelpchi/r60_s1/heterophily_rewire_nonoracle/0.30/seed_1/graph.bin,ok,
gfd_robustness_benchmark_v4_factorial,yelpchi,r60_s1,1,4,heterophily_rewire_nonoracle,0.3,mlp,train_clean_eval_all,0.7806874794199787,0.4201037950434657,0.6496479861960988,0.6775984764099121,0.1077055349996953,100,100,0.8035062473626617,roc_auc,max_epochs,45954,8051348,175.2045135498047,173.0,175.2045135498047,175.0,0.2319838851690292,0.1452974677085876,/kaggle/working/gfd-robustness-v4-factorial-r1/graphs/base/yelpchi/r60_s1/graph.bin,/kaggle/working/gfd-robustness-v4-factorial-r1/graphs/variants/yelpchi/r60_s1/heterophily_rewire_nonoracle/0.30/seed_1/graph.bin,/kaggle/working/gfd-robustness-v4-factorial-r1/graphs/base/yelpchi/r60_s1/graph.bin,ok,
gfd_robustness_benchmark_v4_factorial,yelpchi,r60_s1,1,4,heterophily_rewire_nonoracle,0.3,mlp,train_on_variant,0.7806874794199787,0.4201037950434657,0.6496479861960988,0.6775984764099121,1.9314605649997247,100,100,0.8035062473626617,roc_auc,max_epochs,45954,8051348,175.2045135498047,173.0,175.2045135498047,175.0,0.2319838851690292,0.1452974677085876,/kaggle/working/gfd-robustness-v4-factorial-r1/graphs/base/yelpchi/r60_s1/graph.bin,/kaggle/working/gfd-robustness-v4-factorial-r1/graphs/variants/yelpchi/r60_s1/heterophily_rewire_nonoracle/0.30/seed_1/graph.bin,/kaggle/working/gfd-robustness-v4-factorial-r1/graphs/variants/yelpchi/r60_s1/heterophily_rewire_nonoracle/0.30/seed_1/graph.bin,ok,
gfd_robustness_benchmark_v4_factorial,yelpchi,r60_s1,1,4,heterophily_rewire_nonoracle,0.3,pmp,train_clean_eval_all,0.8167071851714087,0.500038331934336,0.6904033752860956,0.5032673478126526,0.297585980999429,97,87,0.8691705705233195,roc_auc,early_stopping,45954,8051348,175.2045135498047,173.0,175.2045135498047,175.0,0.2319838851690292,0.1452974677085876,/kaggle/working/gfd-robustness-v4-factorial-r1/graphs/base/yelpchi/r60_s1/graph.bin,/kaggle/working/gfd-robustness-v4-factorial-r1/graphs/variants/yelpchi/r60_s1/heterophily_rewire_nonoracle/0.30/seed_1/graph.bin,/kaggle/working/gfd-robustness-v4-factorial-r1/graphs/base/yelpchi/r60_s1/graph.bin,ok,
gfd_robustness_benchmark_v4_factorial,yelpchi,r60_s1,1,4,heterophily_rewire_nonoracle,0.3,pmp,train_on_variant,0.8214765574502726,0.4939572677489877,0.6940618746503239,0.2722508311271667,35.701327996001055,62,52,0.8437113220187051,roc_auc,early_stopping,45954,8051348,175.2045135498047,173.0,175.2045135498047,175.0,0.2319838851690292,0.1452974677085876,/kaggle/working/gfd-robustness-v4-factorial-r1/graphs/base/yelpchi/r60_s1/graph.bin,/kaggle/working/gfd-robustness-v4-factorial-r1/graphs/variants/yelpchi/r60_s1/heterophily_rewire_nonoracle/0.30/seed_1/graph.bin,/kaggle/working/gfd-robustness-v4-factorial-r1/graphs/variants/yelpchi/r60_s1/heterophily_rewire_nonoracle/0.30/seed_1/graph.bin,ok,
gfd_robustness_benchmark_v4_factorial,yelpchi,r60_s1,1,4,heterophily_rewire_nonoracle,0.3,sage,train_clean_eval_all,0.7690241811438223,0.4073680903728362,0.6432272707531785,0.6741504073143005,0.1185528370006068,100,100,0.8005188136090231,roc_auc,max_epochs,45954,8051348,175.2045135498047,173.0,175.2045135498047,175.0,0.2319838851690292,0.1452974677085876,/kaggle/working/gfd-robustness-v4-factorial-r1/graphs/base/yelpchi/r60_s1/graph.bin,/kaggle/working/gfd-robustness-v4-factorial-r1/graphs/variants/yelpchi/r60_s1/heterophily_rewire_nonoracle/0.30/seed_1/graph.bin,/kaggle/working/gfd-robustness-v4-factorial-r1/graphs/base/yelpchi/r60_s1/graph.bin,ok,
gfd_robustness_benchmark_v4_factorial,yelpchi,r60_s1,1,4,heterophily_rewire_nonoracle,0.3,sage,train_on_variant,0.7665593424911887,0.3998611807273103,0.6387237788588526,0.6683561205863953,3.19117659100084,100,100,0.7914459885041851,roc_auc,max_epochs,45954,8051348,175.2045135498047,173.0,175.2045135498047,175.0,0.2319838851690292,0.1452974677085876,/kaggle/working/gfd-robustness-v4-factorial-r1/graphs/base/yelpchi/r60_s1/graph.bin,/kaggle/working/gfd-robustness-v4-factorial-r1/graphs/variants/yelpchi/r60_s1/heterophily_rewire_nonoracle/0.30/seed_1/graph.bin,/kaggle/working/gfd-robustness-v4-factorial-r1/graphs/variants/yelpchi/r60_s1/heterophily_rewire_nonoracle/0.30/seed_1/graph.bin,ok,
gfd_robustness_benchmark_v4_factorial,yelpchi,r60_s1,1,4,heterophily_rewire_nonoracle,0.3,secgfd,train_clean_eval_all,0.7816900885093357,0.421423150236773,0.6593523050515578,0.7461267709732056,0.16167085699999,50,50,0.8075951527808571,roc_auc,max_epochs,45954,8051348,175.2045135498047,173.0,175.2045135498047,175.0,0.2319838851690292,0.1452974677085876,/kaggle/working/gfd-robustness-v4-factorial-r1/graphs/base/yelpchi/r60_s1/graph.bin,/kaggle/working/gfd-robustness-v4-factorial-r1/graphs/variants/yelpchi/r60_s1/heterophily_rewire_nonoracle/0.30/seed_1/graph.bin,/kaggle/working/gfd-robustness-v4-factorial-r1/graphs/base/yelpchi/r60_s1/graph.bin,ok,
gfd_robustness_benchmark_v4_factorial,yelpchi,r60_s1,1,4,heterophily_rewire_nonoracle,0.3,secgfd,train_on_variant,0.7835299042952791,0.4291953432325641,0.6570655804218547,0.730923056602478,5.018651897000382,50,50,0.8015823314427939,roc_auc,max_epochs,45954,8051348,175.2045135498047,173.0,175.2045135498047,175.0,0.2319838851690292,0.1452974677085876,/kaggle/working/gfd-robustness-v4-factorial-r1/graphs/base/yelpchi/r60_s1/graph.bin,/kaggle/working/gfd-robustness-v4-factorial-r1/graphs/variants/yelpchi/r60_s1/heterophily_rewire_nonoracle/0.30/seed_1/graph.bin,/kaggle/working/gfd-robustness-v4-factorial-r1/graphs/variants/yelpchi/r60_s1/heterophily_rewire_nonoracle/0.30/seed_1/graph.bin,ok,
gfd_robustness_benchmark_v4_factorial,yelpchi,r60_s1,0,0,heterophily_rewire_oracle,0.15,mlp,train_clean_eval_all,0.7313415906222179,0.3257175093405576,0.6106510448958343,0.4993019104003906,0.1055747950013028,16,6,0.7522698631802545,roc_auc,early_stopping,45954,8051348,175.2045135498047,173.0,175.2045135498047,175.0,0.3428902924060821,0.1452974677085876,/kaggle/working/gfd-robustness-v4-factorial-r1/graphs/base/yelpchi/r60_s1/graph.bin,/kaggle/working/gfd-robustness-v4-factorial-r1/graphs/variants/yelpchi/r60_s1/heterophily_rewire_oracle/0.15/seed_0/graph.bin,/kaggle/working/gfd-robustness-v4-factorial-r1/graphs/base/yelpchi/r60_s1/graph.bin,ok,
gfd_robustness_benchmark_v4_factorial,yelpchi,r60_s1,0,0,heterophily_rewire_oracle,0.15,mlp,train_on_variant,0.7313415906222179,0.3257175093405576,0.6106510448958343,0.4993019104003906,0.3690482649981277,16,6,0.7522698631802545,roc_auc,early_stopping,45954,8051348,175.2045135498047,173.0,175.2045135498047,175.0,0.3428902924060821,0.1452974677085876,/kaggle/working/gfd-robustness-v4-factorial-r1/graphs/base/yelpchi/r60_s1/graph.bin,/kaggle/working/gfd-robustness-v4-factorial-r1/graphs/variants/yelpchi/r60_s1/heterophily_rewire_oracle/0.15/seed_0/graph.bin,/kaggle/working/gfd-robustness-v4-factorial-r1/graphs/variants/yelpchi/r60_s1/heterophily_rewire_oracle/0.15/seed_0/graph.bin,ok,
gfd_robustness_benchmark_v4_factorial,yelpchi,r60_s1,0,0,heterophily_rewire_oracle,0.15,pmp,train_clean_eval_all,0.7810872177488201,0.411787508887837,0.6512068760321035,0.4558625817298889,0.3188936080005078,43,33,0.8640671153419779,roc_auc,early_stopping,45954,8051348,175.2045135498047,173.0,175.2045135498047,175.0,0.3428902924060821,0.1452974677085876,/kaggle/working/gfd-robustness-v4-factorial-r1/graphs/base/yelpchi/r60_s1/graph.bin,/kaggle/working/gfd-robustness-v4-factorial-r1/graphs/variants/yelpchi/r60_s1/heterophily_rewire_oracle/0.15/seed_0/graph.bin,/kaggle/working/gfd-robustness-v4-factorial-r1/graphs/base/yelpchi/r60_s1/graph.bin,ok,
gfd_robustness_benchmark_v4_factorial,yelpchi,r60_s1,0,0,heterophily_rewire_oracle,0.15,pmp,train_on_variant,0.875767558569216,0.5853872902816508,0.7369220310113138,0.4072204828262329,48.40474505900056,61,51,0.8925748765666087,roc_auc,early_stopping,45954,8051348,175.2045135498047,173.0,175.2045135498047,175.0,0.3428902924060821,0.1452974677085876,/kaggle/working/gfd-robustness-v4-factorial-r1/graphs/base/yelpchi/r60_s1/graph.bin,/kaggle/working/gfd-robustness-v4-factorial-r1/graphs/variants/yelpchi/r60_s1/heterophily_rewire_oracle/0.15/seed_0/graph.bin,/kaggle/working/gfd-robustness-v4-factorial-r1/graphs/variants/yelpchi/r60_s1/heterophily_rewire_oracle/0.15/seed_0/graph.bin,ok,
gfd_robustness_benchmark_v4_factorial,yelpchi,r60_s1,0,0,heterophily_rewire_oracle,0.15,sage,train_clean_eval_all,0.7694829917557959,0.4085616873137451,0.6440540920080128,0.6908925771713257,0.1062141600014001,100,100,0.8115424465439842,roc_auc,max_epochs,45954,8051348,175.2045135498047,173.0,175.2045135498047,175.0,0.3428902924060821,0.1452974677085876,/kaggle/working/gfd-robustness-v4-factorial-r1/graphs/base/yelpchi/r60_s1/graph.bin,/kaggle/working/gfd-robustness-v4-factorial-r1/graphs/variants/yelpchi/r60_s1/heterophily_rewire_oracle/0.15/seed_0/graph.bin,/kaggle/working/gfd-robustness-v4-factorial-r1/graphs/base/yelpchi/r60_s1/graph.bin,ok,
gfd_robustness_benchmark_v4_factorial,yelpchi,r60_s1,0,0,heterophily_rewire_oracle,0.15,sage,train_on_variant,0.8331881139706331,0.5027643845451578,0.6890186176716037,0.6874670386314392,3.025591762001568,100,100,0.8529529367730184,roc_auc,max_epochs,45954,8051348,175.2045135498047,173.0,175.2045135498047,175.0,0.3428902924060821,0.1452974677085876,/kaggle/working/gfd-robustness-v4-factorial-r1/graphs/base/yelpchi/r60_s1/graph.bin,/kaggle/working/gfd-robustness-v4-factorial-r1/graphs/variants/yelpchi/r60_s1/heterophily_rewire_oracle/0.15/seed_0/graph.bin,/kaggle/working/gfd-robustness-v4-factorial-r1/graphs/variants/yelpchi/r60_s1/heterophily_rewire_oracle/0.15/seed_0/graph.bin,ok,
gfd_robustness_benchmark_v4_factorial,yelpchi,r60_s1,0,0,heterophily_rewire_oracle,0.15,secgfd,train_clean_eval_all,0.6553641063087674,0.2546184328796492,0.5779680684794948,0.6614007353782654,0.1465428660012548,50,50,0.8176709412406993,roc_auc,max_epochs,45954,8051348,175.2045135498047,173.0,175.2045135498047,175.0,0.3428902924060821,0.1452974677085876,/kaggle/working/gfd-robustness-v4-factorial-r1/graphs/base/yelpchi/r60_s1/graph.bin,/kaggle/working/gfd-robustness-v4-factorial-r1/graphs/variants/yelpchi/r60_s1/heterophily_rewire_oracle/0.15/seed_0/graph.bin,/kaggle/working/gfd-robustness-v4-factorial-r1/graphs/base/yelpchi/r60_s1/graph.bin,ok,
gfd_robustness_benchmark_v4_factorial,yelpchi,r60_s1,0,0,heterophily_rewire_oracle,0.15,secgfd,train_on_variant,0.9996388968498848,0.9983416399412348,0.9901381232560548,0.7599695324897766,3.6895124729999225,42,32,0.9996200325659126,roc_auc,early_stopping,45954,8051348,175.2045135498047,173.0,175.2045135498047,175.0,0.3428902924060821,0.1452974677085876,/kaggle/working/gfd-robustness-v4-factorial-r1/graphs/base/yelpchi/r60_s1/graph.bin,/kaggle/working/gfd-robustness-v4-factorial-r1/graphs/variants/yelpchi/r60_s1/heterophily_rewire_oracle/0.15/seed_0/graph.bin,/kaggle/working/gfd-robustness-v4-factorial-r1/graphs/variants/yelpchi/r60_s1/heterophily_rewire_oracle/0.15/seed_0/graph.bin,ok,
gfd_robustness_benchmark_v4_factorial,yelpchi,r60_s1,0,1,heterophily_rewire_oracle,0.15,mlp,train_clean_eval_all,0.7838484658737515,0.4223574749223457,0.6531032177334472,0.6898988485336304,0.0684867599993594,100,100,0.8046757116939282,roc_auc,max_epochs,45954,8051348,175.2045135498047,173.0,175.2045135498047,175.0,0.3428902924060821,0.1452974677085876,/kaggle/working/gfd-robustness-v4-factorial-r1/graphs/base/yelpchi/r60_s1/graph.bin,/kaggle/working/gfd-robustness-v4-factorial-r1/graphs/variants/yelpchi/r60_s1/heterophily_rewire_oracle/0.15/seed_0/graph.bin,/kaggle/working/gfd-robustness-v4-factorial-r1/graphs/base/yelpchi/r60_s1/graph.bin,ok,
gfd_robustness_benchmark_v4_factorial,yelpchi,r60_s1,0,1,heterophily_rewire_oracle,0.15,mlp,train_on_variant,0.7838484658737515,0.4223574749223457,0.6531032177334472,0.6898988485336304,1.9374483569990844,100,100,0.8046757116939282,roc_auc,max_epochs,45954,8051348,175.2045135498047,173.0,175.2045135498047,175.0,0.3428902924060821,0.1452974677085876,/kaggle/working/gfd-robustness-v4-factorial-r1/graphs/base/yelpchi/r60_s1/graph.bin,/kaggle/working/gfd-robustness-v4-factorial-r1/graphs/variants/yelpchi/r60_s1/heterophily_rewire_oracle/0.15/seed_0/graph.bin,/kaggle/working/gfd-robustness-v4-factorial-r1/graphs/variants/yelpchi/r60_s1/heterophily_rewire_oracle/0.15/seed_0/graph.bin,ok,
gfd_robustness_benchmark_v4_factorial,yelpchi,r60_s1,0,1,heterophily_rewire_oracle,0.15,pmp,train_clean_eval_all,0.7693190185311658,0.3958047489176378,0.6501167095959168,0.3602780103683471,0.4240228010021383,51,41,0.8613966151476791,roc_auc,early_stopping,45954,8051348,175.2045135498047,173.0,175.2045135498047,175.0,0.3428902924060821,0.1452974677085876,/kaggle/working/gfd-robustness-v4-factorial-r1/graphs/base/yelpchi/r60_s1/graph.bin,/kaggle/working/gfd-robustness-v4-factorial-r1/graphs/variants/yelpchi/r60_s1/heterophily_rewire_oracle/0.15/seed_0/graph.bin,/kaggle/working/gfd-robustness-v4-factorial-r1/graphs/base/yelpchi/r60_s1/graph.bin,ok,
gfd_robustness_benchmark_v4_factorial,yelpchi,r60_s1,0,1,heterophily_rewire_oracle,0.15,pmp,train_on_variant,0.87473093527812,0.5857629957119886,0.7345657970168942,0.2563455998897552,54.38466464500016,67,57,0.8902974083159895,roc_auc,early_stopping,45954,8051348,175.2045135498047,173.0,175.2045135498047,175.0,0.3428902924060821,0.1452974677085876,/kaggle/working/gfd-robustness-v4-factorial-r1/graphs/base/yelpchi/r60_s1/graph.bin,/kaggle/working/gfd-robustness-v4-factorial-r1/graphs/variants/yelpchi/r60_s1/heterophily_rewire_oracle/0.15/seed_0/graph.bin,/kaggle/working/gfd-robustness-v4-factorial-r1/graphs/variants/yelpchi/r60_s1/heterophily_rewire_oracle/0.15/seed_0/graph.bin,ok,
gfd_robustness_benchmark_v4_factorial,yelpchi,r60_s1,0,1,heterophily_rewire_oracle,0.15,sage,train_clean_eval_all,0.6183845712343135,0.205521448971018,0.5504193929124517,0.2996191680431366,0.1244252860014967,23,13,0.6071633087539366,roc_auc,early_stopping,45954,8051348,175.2045135498047,173.0,175.2045135498047,175.0,0.3428902924060821,0.1452974677085876,/kaggle/working/gfd-robustness-v4-factorial-r1/graphs/base/yelpchi/r60_s1/graph.bin,/kaggle/working/gfd-robustness-v4-factorial-r1/graphs/variants/yelpchi/r60_s1/heterophily_rewire_oracle/0.15/seed_0/graph.bin,/kaggle/working/gfd-robustness-v4-factorial-r1/graphs/base/yelpchi/r60_s1/graph.bin,ok,
gfd_robustness_benchmark_v4_factorial,yelpchi,r60_s1,0,1,heterophily_rewire_oracle,0.15,sage,train_on_variant,0.8209692027604668,0.4714848292282608,0.676456176194561,0.6984033584594727,3.3026199279993307,100,100,0.8424717670702837,roc_auc,max_epochs,45954,8051348,175.2045135498047,173.0,175.2045135498047,175.0,0.3428902924060821,0.1452974677085876,/kaggle/working/gfd-robustness-v4-factorial-r1/graphs/base/yelpchi/r60_s1/graph.bin,/kaggle/working/gfd-robustness-v4-factorial-r1/graphs/variants/yelpchi/r60_s1/heterophily_rewire_oracle/0.15/seed_0/graph.bin,/kaggle/working/gfd-robustness-v4-factorial-r1/graphs/variants/yelpchi/r60_s1/heterophily_rewire_oracle/0.15/seed_0/graph.bin,ok,
gfd_robustness_benchmark_v4_factorial,yelpchi,r60_s1,0,1,heterophily_rewire_oracle,0.15,secgfd,train_clean_eval_all,0.6372632154225154,0.2384322754785724,0.5503255171477527,0.7126186490058899,0.1598045179998735,50,50,0.8104918501777297,roc_auc,max_epochs,45954,8051348,175.2045135498047,173.0,175.2045135498047,175.0,0.3428902924060821,0.1452974677085876,/kaggle/working/gfd-robustness-v4-factorial-r1/graphs/base/yelpchi/r60_s1/graph.bin,/kaggle/working/gfd-robustness-v4-factorial-r1/graphs/variants/yelpchi/r60_s1/heterophily_rewire_oracle/0.15/seed_0/graph.bin,/kaggle/working/gfd-robustness-v4-factorial-r1/graphs/base/yelpchi/r60_s1/graph.bin,ok,
gfd_robustness_benchmark_v4_factorial,yelpchi,r60_s1,0,1,heterophily_rewire_oracle,0.15,secgfd,train_on_variant,0.9997643778126027,0.9989026139880144,0.9934356204714564,0.7517940402030945,4.392617547000555,50,50,0.9997635037679666,roc_auc,max_epochs,45954,8051348,175.2045135498047,173.0,175.2045135498047,175.0,0.3428902924060821,0.1452974677085876,/kaggle/working/gfd-robustness-v4-factorial-r1/graphs/base/yelpchi/r60_s1/graph.bin,/kaggle/working/gfd-robustness-v4-factorial-r1/graphs/variants/yelpchi/r60_s1/heterophily_rewire_oracle/0.15/seed_0/graph.bin,/kaggle/working/gfd-robustness-v4-factorial-r1/graphs/variants/yelpchi/r60_s1/heterophily_rewire_oracle/0.15/seed_0/graph.bin,ok,
gfd_robustness_benchmark_v4_factorial,yelpchi,r60_s1,0,2,heterophily_rewire_oracle,0.15,mlp,train_clean_eval_all,0.7843809262838884,0.425287123032842,0.6571495387316263,0.6982053518295288,0.1049985009994998,100,100,0.8050527229251151,roc_auc,max_epochs,45954,8051348,175.2045135498047,173.0,175.2045135498047,175.0,0.3428902924060821,0.1452974677085876,/kaggle/working/gfd-robustness-v4-factorial-r1/graphs/base/yelpchi/r60_s1/graph.bin,/kaggle/working/gfd-robustness-v4-factorial-r1/graphs/variants/yelpchi/r60_s1/heterophily_rewire_oracle/0.15/seed_0/graph.bin,/kaggle/working/gfd-robustness-v4-factorial-r1/graphs/base/yelpchi/r60_s1/graph.bin,ok,
gfd_robustness_benchmark_v4_factorial,yelpchi,r60_s1,0,2,heterophily_rewire_oracle,0.15,mlp,train_on_variant,0.7843809262838884,0.425287123032842,0.6571495387316263,0.6982053518295288,1.579575355997804,100,100,0.8050527229251151,roc_auc,max_epochs,45954,8051348,175.2045135498047,173.0,175.2045135498047,175.0,0.3428902924060821,0.1452974677085876,/kaggle/working/gfd-robustness-v4-factorial-r1/graphs/base/yelpchi/r60_s1/graph.bin,/kaggle/working/gfd-robustness-v4-factorial-r1/graphs/variants/yelpchi/r60_s1/heterophily_rewire_oracle/0.15/seed_0/graph.bin,/kaggle/working/gfd-robustness-v4-factorial-r1/graphs/variants/yelpchi/r60_s1/heterophily_rewire_oracle/0.15/seed_0/graph.bin,ok,
gfd_robustness_benchmark_v4_factorial,yelpchi,r60_s1,0,2,heterophily_rewire_oracle,0.15,pmp,train_clean_eval_all,0.7765748575405198,0.4062713142728013,0.6560672624794412,0.3910762369632721,0.29241683500004,61,51,0.8651209063145925,roc_auc,early_stopping,45954,8051348,175.2045135498047,173.0,175.2045135498047,175.0,0.3428902924060821,0.1452974677085876,/kaggle/working/gfd-robustness-v4-factorial-r1/graphs/base/yelpchi/r60_s1/graph.bin,/kaggle/working/gfd-robustness-v4-factorial-r1/graphs/variants/yelpchi/r60_s1/heterophily_rewire_oracle/0.15/seed_0/graph.bin,/kaggle/working/gfd-robustness-v4-factorial-r1/graphs/base/yelpchi/r60_s1/graph.bin,ok,
gfd_robustness_benchmark_v4_factorial,yelpchi,r60_s1,0,2,heterophily_rewire_oracle,0.15,pmp,train_on_variant,0.869577164408454,0.5837766349805107,0.7293764930406912,0.3412531614303589,39.9922393850029,48,38,0.8907546661517152,roc_auc,early_stopping,45954,8051348,175.2045135498047,173.0,175.2045135498047,175.0,0.3428902924060821,0.1452974677085876,/kaggle/working/gfd-robustness-v4-factorial-r1/graphs/base/yelpchi/r60_s1/graph.bin,/kaggle/working/gfd-robustness-v4-factorial-r1/graphs/variants/yelpchi/r60_s1/heterophily_rewire_oracle/0.15/seed_0/graph.bin,/kaggle/working/gfd-robustness-v4-factorial-r1/graphs/variants/yelpchi/r60_s1/heterophily_rewire_oracle/0.15/seed_0/graph.bin,ok,
gfd_robustness_benchmark_v4_factorial,yelpchi,r60_s1,0,2,heterophily_rewire_oracle,0.15,sage,train_clean_eval_all,0.7554270754570289,0.3852907943834286,0.6333026630857753,0.6638100147247314,0.1303459170012502,100,100,0.794380449009076,roc_auc,max_epochs,45954,8051348,175.2045135498047,173.0,175.2045135498047,175.0,0.3428902924060821,0.1452974677085876,/kaggle/working/gfd-robustness-v4-factorial-r1/graphs/base/yelpchi/r60_s1/graph.bin,/kaggle/working/gfd-robustness-v4-factorial-r1/graphs/variants/yelpchi/r60_s1/heterophily_rewire_oracle/0.15/seed_0/graph.bin,/kaggle/working/gfd-robustness-v4-factorial-r1/graphs/base/yelpchi/r60_s1/graph.bin,ok,
gfd_robustness_benchmark_v4_factorial,yelpchi,r60_s1,0,2,heterophily_rewire_oracle,0.15,sage,train_on_variant,0.8396924010939425,0.5056444035593382,0.6909963663486377,0.6830743551254272,3.074961970000004,100,100,0.8585063546442186,roc_auc,max_epochs,45954,8051348,175.2045135498047,173.0,175.2045135498047,175.0,0.3428902924060821,0.1452974677085876,/kaggle/working/gfd-robustness-v4-factorial-r1/graphs/base/yelpchi/r60_s1/graph.bin,/kaggle/working/gfd-robustness-v4-factorial-r1/graphs/variants/yelpchi/r60_s1/heterophily_rewire_oracle/0.15/seed_0/graph.bin,/kaggle/working/gfd-robustness-v4-factorial-r1/graphs/variants/yelpchi/r60_s1/heterophily_rewire_oracle/0.15/seed_0/graph.bin,ok,
gfd_robustness_benchmark_v4_factorial,yelpchi,r60_s1,0,2,heterophily_rewire_oracle,0.15,secgfd,train_clean_eval_all,0.6459918122004463,0.2579797763153262,0.5689875108528686,0.7434759140014648,0.1497738180005399,50,50,0.8145421342354521,roc_auc,max_epochs,45954,8051348,175.2045135498047,173.0,175.2045135498047,175.0,0.3428902924060821,0.1452974677085876,/kaggle/working/gfd-robustness-v4-factorial-r1/graphs/base/yelpchi/r60_s1/graph.bin,/kaggle/working/gfd-robustness-v4-factorial-r1/graphs/variants/yelpchi/r60_s1/heterophily_rewire_oracle/0.15/seed_0/graph.bin,/kaggle/working/gfd-robustness-v4-factorial-r1/graphs/base/yelpchi/r60_s1/graph.bin,ok,
gfd_robustness_benchmark_v4_factorial,yelpchi,r60_s1,0,2,heterophily_rewire_oracle,0.15,secgfd,train_on_variant,0.9930744893868068,0.9791889284615808,0.9636188481530974,0.5431462526321411,1.2300003939999442,12,2,0.993204023296786,roc_auc,early_stopping,45954,8051348,175.2045135498047,173.0,175.2045135498047,175.0,0.3428902924060821,0.1452974677085876,/kaggle/working/gfd-robustness-v4-factorial-r1/graphs/base/yelpchi/r60_s1/graph.bin,/kaggle/working/gfd-robustness-v4-factorial-r1/graphs/variants/yelpchi/r60_s1/heterophily_rewire_oracle/0.15/seed_0/graph.bin,/kaggle/working/gfd-robustness-v4-factorial-r1/graphs/variants/yelpchi/r60_s1/heterophily_rewire_oracle/0.15/seed_0/graph.bin,ok,
gfd_robustness_benchmark_v4_factorial,yelpchi,r60_s1,0,3,heterophily_rewire_oracle,0.15,mlp,train_clean_eval_all,0.7816018135572033,0.4143485547512492,0.6496944434221562,0.6969894766807556,0.0898576099971251,100,100,0.8041077869722045,roc_auc,max_epochs,45954,8051348,175.2045135498047,173.0,175.2045135498047,175.0,0.3428902924060821,0.1452974677085876,/kaggle/working/gfd-robustness-v4-factorial-r1/graphs/base/yelpchi/r60_s1/graph.bin,/kaggle/working/gfd-robustness-v4-factorial-r1/graphs/variants/yelpchi/r60_s1/heterophily_rewire_oracle/0.15/seed_0/graph.bin,/kaggle/working/gfd-robustness-v4-factorial-r1/graphs/base/yelpchi/r60_s1/graph.bin,ok,
gfd_robustness_benchmark_v4_factorial,yelpchi,r60_s1,0,3,heterophily_rewire_oracle,0.15,mlp,train_on_variant,0.7816018135572033,0.4143485547512492,0.6496944434221562,0.6969894766807556,1.7218452369997976,100,100,0.8041077869722045,roc_auc,max_epochs,45954,8051348,175.2045135498047,173.0,175.2045135498047,175.0,0.3428902924060821,0.1452974677085876,/kaggle/working/gfd-robustness-v4-factorial-r1/graphs/base/yelpchi/r60_s1/graph.bin,/kaggle/working/gfd-robustness-v4-factorial-r1/graphs/variants/yelpchi/r60_s1/heterophily_rewire_oracle/0.15/seed_0/graph.bin,/kaggle/working/gfd-robustness-v4-factorial-r1/graphs/variants/yelpchi/r60_s1/heterophily_rewire_oracle/0.15/seed_0/graph.bin,ok,
gfd_robustness_benchmark_v4_factorial,yelpchi,r60_s1,0,3,heterophily_rewire_oracle,0.15,pmp,train_clean_eval_all,0.7748471361757138,0.4096735004905282,0.6474362893683405,0.3360407650470733,0.3213614380001672,64,54,0.863328636785177,roc_auc,early_stopping,45954,8051348,175.2045135498047,173.0,175.2045135498047,175.0,0.3428902924060821,0.1452974677085876,/kaggle/working/gfd-robustness-v4-factorial-r1/graphs/base/yelpchi/r60_s1/graph.bin,/kaggle/working/gfd-robustness-v4-factorial-r1/graphs/variants/yelpchi/r60_s1/heterophily_rewire_oracle/0.15/seed_0/graph.bin,/kaggle/working/gfd-robustness-v4-factorial-r1/graphs/base/yelpchi/r60_s1/graph.bin,ok,
gfd_robustness_benchmark_v4_factorial,yelpchi,r60_s1,0,3,heterophily_rewire_oracle,0.15,pmp,train_on_variant,0.8823126722623998,0.6240584816282558,0.7464919478904939,0.4393174946308136,80.9431785409979,100,95,0.8963134719411048,roc_auc,max_epochs,45954,8051348,175.2045135498047,173.0,175.2045135498047,175.0,0.3428902924060821,0.1452974677085876,/kaggle/working/gfd-robustness-v4-factorial-r1/graphs/base/yelpchi/r60_s1/graph.bin,/kaggle/working/gfd-robustness-v4-factorial-r1/graphs/variants/yelpchi/r60_s1/heterophily_rewire_oracle/0.15/seed_0/graph.bin,/kaggle/working/gfd-robustness-v4-factorial-r1/graphs/variants/yelpchi/r60_s1/heterophily_rewire_oracle/0.15/seed_0/graph.bin,ok,
gfd_robustness_benchmark_v4_factorial,yelpchi,r60_s1,0,3,heterophily_rewire_oracle,0.15,sage,train_clean_eval_all,0.7542185232386551,0.3864879670990539,0.6325216659779754,0.6734314560890198,0.1284146060024795,100,100,0.7957354389126895,roc_auc,max_epochs,45954,8051348,175.2045135498047,173.0,175.2045135498047,175.0,0.3428902924060821,0.1452974677085876,/kaggle/working/gfd-robustness-v4-factorial-r1/graphs/base/yelpchi/r60_s1/graph.bin,/kaggle/working/gfd-robustness-v4-factorial-r1/graphs/variants/yelpchi/r60_s1/heterophily_rewire_oracle/0.15/seed_0/graph.bin,/kaggle/working/gfd-robustness-v4-factorial-r1/graphs/base/yelpchi/r60_s1/graph.bin,ok,
gfd_robustness_benchmark_v4_factorial,yelpchi,r60_s1,0,3,heterophily_rewire_oracle,0.15,sage,train_on_variant,0.8487090228910814,0.5223477217031457,0.699586697907344,0.6499239206314087,3.195650077999744,100,99,0.8661034623334454,roc_auc,max_epochs,45954,8051348,175.2045135498047,173.0,175.2045135498047,175.0,0.3428902924060821,0.1452974677085876,/kaggle/working/gfd-robustness-v4-factorial-r1/graphs/base/yelpchi/r60_s1/graph.bin,/kaggle/working/gfd-robustness-v4-factorial-r1/graphs/variants/yelpchi/r60_s1/heterophily_rewire_oracle/0.15/seed_0/graph.bin,/kaggle/working/gfd-robustness-v4-factorial-r1/graphs/variants/yelpchi/r60_s1/heterophily_rewire_oracle/0.15/seed_0/graph.bin,ok,
gfd_robustness_benchmark_v4_factorial,yelpchi,r60_s1,0,3,heterophily_rewire_oracle,0.15,secgfd,train_clean_eval_all,0.6176687485517763,0.2253841769975738,0.5519319528374556,0.7394757270812988,0.1851050170007511,50,44,0.80207887816868,roc_auc,max_epochs,45954,8051348,175.2045135498047,173.0,175.2045135498047,175.0,0.3428902924060821,0.1452974677085876,/kaggle/working/gfd-robustness-v4-factorial-r1/graphs/base/yelpchi/r60_s1/graph.bin,/kaggle/working/gfd-robustness-v4-factorial-r1/graphs/variants/yelpchi/r60_s1/heterophily_rewire_oracle/0.15/seed_0/graph.bin,/kaggle/working/gfd-robustness-v4-factorial-r1/graphs/base/yelpchi/r60_s1/graph.bin,ok,
gfd_robustness_benchmark_v4_factorial,yelpchi,r60_s1,0,3,heterophily_rewire_oracle,0.15,secgfd,train_on_variant,0.9997450364037708,0.9988508463020104,0.9912799359693818,0.8403483629226685,4.372181712999009,50,49,0.9997092431405364,roc_auc,max_epochs,45954,8051348,175.2045135498047,173.0,175.2045135498047,175.0,0.3428902924060821,0.1452974677085876,/kaggle/working/gfd-robustness-v4-factorial-r1/graphs/base/yelpchi/r60_s1/graph.bin,/kaggle/working/gfd-robustness-v4-factorial-r1/graphs/variants/yelpchi/r60_s1/heterophily_rewire_oracle/0.15/seed_0/graph.bin,/kaggle/working/gfd-robustness-v4-factorial-r1/graphs/variants/yelpchi/r60_s1/heterophily_rewire_oracle/0.15/seed_0/graph.bin,ok,
gfd_robustness_benchmark_v4_factorial,yelpchi,r60_s1,0,4,heterophily_rewire_oracle,0.15,mlp,train_clean_eval_all,0.7806874794199787,0.4201037950434657,0.6496479861960988,0.6775984764099121,0.0652918560008402,100,100,0.8035062473626617,roc_auc,max_epochs,45954,8051348,175.2045135498047,173.0,175.2045135498047,175.0,0.3428902924060821,0.1452974677085876,/kaggle/working/gfd-robustness-v4-factorial-r1/graphs/base/yelpchi/r60_s1/graph.bin,/kaggle/working/gfd-robustness-v4-factorial-r1/graphs/variants/yelpchi/r60_s1/heterophily_rewire_oracle/0.15/seed_0/graph.bin,/kaggle/working/gfd-robustness-v4-factorial-r1/graphs/base/yelpchi/r60_s1/graph.bin,ok,
gfd_robustness_benchmark_v4_factorial,yelpchi,r60_s1,0,4,heterophily_rewire_oracle,0.15,mlp,train_on_variant,0.7806874794199787,0.4201037950434657,0.6496479861960988,0.6775984764099121,1.798834187000466,100,100,0.8035062473626617,roc_auc,max_epochs,45954,8051348,175.2045135498047,173.0,175.2045135498047,175.0,0.3428902924060821,0.1452974677085876,/kaggle/working/gfd-robustness-v4-factorial-r1/graphs/base/yelpchi/r60_s1/graph.bin,/kaggle/working/gfd-robustness-v4-factorial-r1/graphs/variants/yelpchi/r60_s1/heterophily_rewire_oracle/0.15/seed_0/graph.bin,/kaggle/working/gfd-robustness-v4-factorial-r1/graphs/variants/yelpchi/r60_s1/heterophily_rewire_oracle/0.15/seed_0/graph.bin,ok,
gfd_robustness_benchmark_v4_factorial,yelpchi,r60_s1,0,4,heterophily_rewire_oracle,0.15,pmp,train_clean_eval_all,0.7807944764747491,0.4266845326200891,0.6537032367175766,0.5032673478126526,0.2903379700001096,97,87,0.8691705705233195,roc_auc,early_stopping,45954,8051348,175.2045135498047,173.0,175.2045135498047,175.0,0.3428902924060821,0.1452974677085876,/kaggle/working/gfd-robustness-v4-factorial-r1/graphs/base/yelpchi/r60_s1/graph.bin,/kaggle/working/gfd-robustness-v4-factorial-r1/graphs/variants/yelpchi/r60_s1/heterophily_rewire_oracle/0.15/seed_0/graph.bin,/kaggle/working/gfd-robustness-v4-factorial-r1/graphs/base/yelpchi/r60_s1/graph.bin,ok,
gfd_robustness_benchmark_v4_factorial,yelpchi,r60_s1,0,4,heterophily_rewire_oracle,0.15,pmp,train_on_variant,0.8749909486017781,0.5686153733536604,0.7350802062883357,0.4168099164962768,34.50221021999823,45,35,0.8903722670023387,roc_auc,early_stopping,45954,8051348,175.2045135498047,173.0,175.2045135498047,175.0,0.3428902924060821,0.1452974677085876,/kaggle/working/gfd-robustness-v4-factorial-r1/graphs/base/yelpchi/r60_s1/graph.bin,/kaggle/working/gfd-robustness-v4-factorial-r1/graphs/variants/yelpchi/r60_s1/heterophily_rewire_oracle/0.15/seed_0/graph.bin,/kaggle/working/gfd-robustness-v4-factorial-r1/graphs/variants/yelpchi/r60_s1/heterophily_rewire_oracle/0.15/seed_0/graph.bin,ok,
gfd_robustness_benchmark_v4_factorial,yelpchi,r60_s1,0,4,heterophily_rewire_oracle,0.15,sage,train_clean_eval_all,0.7559992191025281,0.3857226521687525,0.6338582384014503,0.6741504073143005,0.1302829180021945,100,100,0.8005188136090231,roc_auc,max_epochs,45954,8051348,175.2045135498047,173.0,175.2045135498047,175.0,0.3428902924060821,0.1452974677085876,/kaggle/working/gfd-robustness-v4-factorial-r1/graphs/base/yelpchi/r60_s1/graph.bin,/kaggle/working/gfd-robustness-v4-factorial-r1/graphs/variants/yelpchi/r60_s1/heterophily_rewire_oracle/0.15/seed_0/graph.bin,/kaggle/working/gfd-robustness-v4-factorial-r1/graphs/base/yelpchi/r60_s1/graph.bin,ok,
gfd_robustness_benchmark_v4_factorial,yelpchi,r60_s1,0,4,heterophily_rewire_oracle,0.15,sage,train_on_variant,0.8389336080893204,0.5036706248167343,0.6930291549316329,0.6810219883918762,3.274137403997884,100,99,0.8580548661722179,roc_auc,max_epochs,45954,8051348,175.2045135498047,173.0,175.2045135498047,175.0,0.3428902924060821,0.1452974677085876,/kaggle/working/gfd-robustness-v4-factorial-r1/graphs/base/yelpchi/r60_s1/graph.bin,/kaggle/working/gfd-robustness-v4-factorial-r1/graphs/variants/yelpchi/r60_s1/heterophily_rewire_oracle/0.15/seed_0/graph.bin,/kaggle/working/gfd-robustness-v4-factorial-r1/graphs/variants/yelpchi/r60_s1/heterophily_rewire_oracle/0.15/seed_0/graph.bin,ok,
gfd_robustness_benchmark_v4_factorial,yelpchi,r60_s1,0,4,heterophily_rewire_oracle,0.15,secgfd,train_clean_eval_all,0.6409950592704611,0.2144120347216855,0.5462740476746017,0.7461267709732056,0.1518888949976826,50,50,0.8075951527808571,roc_auc,max_epochs,45954,8051348,175.2045135498047,173.0,175.2045135498047,175.0,0.3428902924060821,0.1452974677085876,/kaggle/working/gfd-robustness-v4-factorial-r1/graphs/base/yelpchi/r60_s1/graph.bin,/kaggle/working/gfd-robustness-v4-factorial-r1/graphs/variants/yelpchi/r60_s1/heterophily_rewire_oracle/0.15/seed_0/graph.bin,/kaggle/working/gfd-robustness-v4-factorial-r1/graphs/base/yelpchi/r60_s1/graph.bin,ok,
gfd_robustness_benchmark_v4_factorial,yelpchi,r60_s1,0,4,heterophily_rewire_oracle,0.15,secgfd,train_on_variant,0.9997615194763224,0.9989350054005184,0.993415170896087,0.92485249042511,4.540825821000908,50,47,0.9998067024748664,roc_auc,max_epochs,45954,8051348,175.2045135498047,173.0,175.2045135498047,175.0,0.3428902924060821,0.1452974677085876,/kaggle/working/gfd-robustness-v4-factorial-r1/graphs/base/yelpchi/r60_s1/graph.bin,/kaggle/working/gfd-robustness-v4-factorial-r1/graphs/variants/yelpchi/r60_s1/heterophily_rewire_oracle/0.15/seed_0/graph.bin,/kaggle/working/gfd-robustness-v4-factorial-r1/graphs/variants/yelpchi/r60_s1/heterophily_rewire_oracle/0.15/seed_0/graph.bin,ok,
gfd_robustness_benchmark_v4_factorial,yelpchi,r60_s1,1,0,heterophily_rewire_oracle,0.15,mlp,train_clean_eval_all,0.7313415906222179,0.3257175093405576,0.6106510448958343,0.4993019104003906,0.1015133069995499,16,6,0.7522698631802545,roc_auc,early_stopping,45954,8051348,175.2045135498047,173.0,175.2045135498047,175.0,0.3429500162601471,0.1452974677085876,/kaggle/working/gfd-robustness-v4-factorial-r1/graphs/base/yelpchi/r60_s1/graph.bin,/kaggle/working/gfd-robustness-v4-factorial-r1/graphs/variants/yelpchi/r60_s1/heterophily_rewire_oracle/0.15/seed_1/graph.bin,/kaggle/working/gfd-robustness-v4-factorial-r1/graphs/base/yelpchi/r60_s1/graph.bin,ok,
gfd_robustness_benchmark_v4_factorial,yelpchi,r60_s1,1,0,heterophily_rewire_oracle,0.15,mlp,train_on_variant,0.7313415906222179,0.3257175093405576,0.6106510448958343,0.4993019104003906,0.3901753200007078,16,6,0.7522698631802545,roc_auc,early_stopping,45954,8051348,175.2045135498047,173.0,175.2045135498047,175.0,0.3429500162601471,0.1452974677085876,/kaggle/working/gfd-robustness-v4-factorial-r1/graphs/base/yelpchi/r60_s1/graph.bin,/kaggle/working/gfd-robustness-v4-factorial-r1/graphs/variants/yelpchi/r60_s1/heterophily_rewire_oracle/0.15/seed_1/graph.bin,/kaggle/working/gfd-robustness-v4-factorial-r1/graphs/variants/yelpchi/r60_s1/heterophily_rewire_oracle/0.15/seed_1/graph.bin,ok,
gfd_robustness_benchmark_v4_factorial,yelpchi,r60_s1,1,0,heterophily_rewire_oracle,0.15,pmp,train_clean_eval_all,0.7812059339823408,0.4130372231149009,0.6545501260766251,0.4558625817298889,0.4116528820013627,43,33,0.8640671153419779,roc_auc,early_stopping,45954,8051348,175.2045135498047,173.0,175.2045135498047,175.0,0.3429500162601471,0.1452974677085876,/kaggle/working/gfd-robustness-v4-factorial-r1/graphs/base/yelpchi/r60_s1/graph.bin,/kaggle/working/gfd-robustness-v4-factorial-r1/graphs/variants/yelpchi/r60_s1/heterophily_rewire_oracle/0.15/seed_1/graph.bin,/kaggle/working/gfd-robustness-v4-factorial-r1/graphs/base/yelpchi/r60_s1/graph.bin,ok,
gfd_robustness_benchmark_v4_factorial,yelpchi,r60_s1,1,0,heterophily_rewire_oracle,0.15,pmp,train_on_variant,0.8770806782565216,0.5752206954699257,0.7339549043355107,0.3596105575561523,42.273356608999165,54,44,0.8911858903296405,roc_auc,early_stopping,45954,8051348,175.2045135498047,173.0,175.2045135498047,175.0,0.3429500162601471,0.1452974677085876,/kaggle/working/gfd-robustness-v4-factorial-r1/graphs/base/yelpchi/r60_s1/graph.bin,/kaggle/working/gfd-robustness-v4-factorial-r1/graphs/variants/yelpchi/r60_s1/heterophily_rewire_oracle/0.15/seed_1/graph.bin,/kaggle/working/gfd-robustness-v4-factorial-r1/graphs/variants/yelpchi/r60_s1/heterophily_rewire_oracle/0.15/seed_1/graph.bin,ok,
gfd_robustness_benchmark_v4_factorial,yelpchi,r60_s1,1,0,heterophily_rewire_oracle,0.15,sage,train_clean_eval_all,0.7693005822621559,0.4074934764101152,0.6435028640059128,0.6908925771713257,0.1059434279995912,100,100,0.8115424465439842,roc_auc,max_epochs,45954,8051348,175.2045135498047,173.0,175.2045135498047,175.0,0.3429500162601471,0.1452974677085876,/kaggle/working/gfd-robustness-v4-factorial-r1/graphs/base/yelpchi/r60_s1/graph.bin,/kaggle/working/gfd-robustness-v4-factorial-r1/graphs/variants/yelpchi/r60_s1/heterophily_rewire_oracle/0.15/seed_1/graph.bin,/kaggle/working/gfd-robustness-v4-factorial-r1/graphs/base/yelpchi/r60_s1/graph.bin,ok,
gfd_robustness_benchmark_v4_factorial,yelpchi,r60_s1,1,0,heterophily_rewire_oracle,0.15,sage,train_on_variant,0.8291823938680684,0.4874643315821437,0.689400792840171,0.7171331644058228,3.2824000189975777,100,100,0.8505286596719092,roc_auc,max_epochs,45954,8051348,175.2045135498047,173.0,175.2045135498047,175.0,0.3429500162601471,0.1452974677085876,/kaggle/working/gfd-robustness-v4-factorial-r1/graphs/base/yelpchi/r60_s1/graph.bin,/kaggle/working/gfd-robustness-v4-factorial-r1/graphs/variants/yelpchi/r60_s1/heterophily_rewire_oracle/0.15/seed_1/graph.bin,/kaggle/working/gfd-robustness-v4-factorial-r1/graphs/variants/yelpchi/r60_s1/heterophily_rewire_oracle/0.15/seed_1/graph.bin,ok,
gfd_robustness_benchmark_v4_factorial,yelpchi,r60_s1,1,0,heterophily_rewire_oracle,0.15,secgfd,train_clean_eval_all,0.6551421088576411,0.2539354987517253,0.5778167829650686,0.6614007353782654,0.1418333030014764,50,50,0.8176709412406993,roc_auc,max_epochs,45954,8051348,175.2045135498047,173.0,175.2045135498047,175.0,0.3429500162601471,0.1452974677085876,/kaggle/working/gfd-robustness-v4-factorial-r1/graphs/base/yelpchi/r60_s1/graph.bin,/kaggle/working/gfd-robustness-v4-factorial-r1/graphs/variants/yelpchi/r60_s1/heterophily_rewire_oracle/0.15/seed_1/graph.bin,/kaggle/working/gfd-robustness-v4-factorial-r1/graphs/base/yelpchi/r60_s1/graph.bin,ok,
gfd_robustness_benchmark_v4_factorial,yelpchi,r60_s1,1,0,heterophily_rewire_oracle,0.15,secgfd,train_on_variant,0.999894813224874,0.9994129745269164,0.9929805584110112,0.8966443538665771,4.589713536999625,50,47,0.9996895986954564,roc_auc,max_epochs,45954,8051348,175.2045135498047,173.0,175.2045135498047,175.0,0.3429500162601471,0.1452974677085876,/kaggle/working/gfd-robustness-v4-factorial-r1/graphs/base/yelpchi/r60_s1/graph.bin,/kaggle/working/gfd-robustness-v4-factorial-r1/graphs/variants/yelpchi/r60_s1/heterophily_rewire_oracle/0.15/seed_1/graph.bin,/kaggle/working/gfd-robustness-v4-factorial-r1/graphs/variants/yelpchi/r60_s1/heterophily_rewire_oracle/0.15/seed_1/graph.bin,ok,
gfd_robustness_benchmark_v4_factorial,yelpchi,r60_s1,1,1,heterophily_rewire_oracle,0.15,mlp,train_clean_eval_all,0.7838484658737515,0.4223574749223457,0.6531032177334472,0.6898988485336304,0.0995473519978986,100,100,0.8046757116939282,roc_auc,max_epochs,45954,8051348,175.2045135498047,173.0,175.2045135498047,175.0,0.3429500162601471,0.1452974677085876,/kaggle/working/gfd-robustness-v4-factorial-r1/graphs/base/yelpchi/r60_s1/graph.bin,/kaggle/working/gfd-robustness-v4-factorial-r1/graphs/variants/yelpchi/r60_s1/heterophily_rewire_oracle/0.15/seed_1/graph.bin,/kaggle/working/gfd-robustness-v4-factorial-r1/graphs/base/yelpchi/r60_s1/graph.bin,ok,
gfd_robustness_benchmark_v4_factorial,yelpchi,r60_s1,1,1,heterophily_rewire_oracle,0.15,mlp,train_on_variant,0.7838484658737515,0.4223574749223457,0.6531032177334472,0.6898988485336304,1.86334035300024,100,100,0.8046757116939282,roc_auc,max_epochs,45954,8051348,175.2045135498047,173.0,175.2045135498047,175.0,0.3429500162601471,0.1452974677085876,/kaggle/working/gfd-robustness-v4-factorial-r1/graphs/base/yelpchi/r60_s1/graph.bin,/kaggle/working/gfd-robustness-v4-factorial-r1/graphs/variants/yelpchi/r60_s1/heterophily_rewire_oracle/0.15/seed_1/graph.bin,/kaggle/working/gfd-robustness-v4-factorial-r1/graphs/variants/yelpchi/r60_s1/heterophily_rewire_oracle/0.15/seed_1/graph.bin,ok,
gfd_robustness_benchmark_v4_factorial,yelpchi,r60_s1,1,1,heterophily_rewire_oracle,0.15,pmp,train_clean_eval_all,0.7617217036141566,0.3846870874063875,0.6439590381555,0.3602780103683471,0.3395518489996902,51,41,0.8613966151476791,roc_auc,early_stopping,45954,8051348,175.2045135498047,173.0,175.2045135498047,175.0,0.3429500162601471,0.1452974677085876,/kaggle/working/gfd-robustness-v4-factorial-r1/graphs/base/yelpchi/r60_s1/graph.bin,/kaggle/working/gfd-robustness-v4-factorial-r1/graphs/variants/yelpchi/r60_s1/heterophily_rewire_oracle/0.15/seed_1/graph.bin,/kaggle/working/gfd-robustness-v4-factorial-r1/graphs/base/yelpchi/r60_s1/graph.bin,ok,
gfd_robustness_benchmark_v4_factorial,yelpchi,r60_s1,1,1,heterophily_rewire_oracle,0.15,pmp,train_on_variant,0.8762482354537361,0.5832909042451393,0.7441163373238586,0.2659290134906769,40.23201008699834,52,42,0.8865339713009915,roc_auc,early_stopping,45954,8051348,175.2045135498047,173.0,175.2045135498047,175.0,0.3429500162601471,0.1452974677085876,/kaggle/working/gfd-robustness-v4-factorial-r1/graphs/base/yelpchi/r60_s1/graph.bin,/kaggle/working/gfd-robustness-v4-factorial-r1/graphs/variants/yelpchi/r60_s1/heterophily_rewire_oracle/0.15/seed_1/graph.bin,/kaggle/working/gfd-robustness-v4-factorial-r1/graphs/variants/yelpchi/r60_s1/heterophily_rewire_oracle/0.15/seed_1/graph.bin,ok,
gfd_robustness_benchmark_v4_factorial,yelpchi,r60_s1,1,1,heterophily_rewire_oracle,0.15,sage,train_clean_eval_all,0.6200989536964767,0.2055052561229071,0.5467967468842452,0.2996191680431366,0.1117882920007105,23,13,0.6071633087539366,roc_auc,early_stopping,45954,8051348,175.2045135498047,173.0,175.2045135498047,175.0,0.3429500162601471,0.1452974677085876,/kaggle/working/gfd-robustness-v4-factorial-r1/graphs/base/yelpchi/r60_s1/graph.bin,/kaggle/working/gfd-robustness-v4-factorial-r1/graphs/variants/yelpchi/r60_s1/heterophily_rewire_oracle/0.15/seed_1/graph.bin,/kaggle/working/gfd-robustness-v4-factorial-r1/graphs/base/yelpchi/r60_s1/graph.bin,ok,
gfd_robustness_benchmark_v4_factorial,yelpchi,r60_s1,1,1,heterophily_rewire_oracle,0.15,sage,train_on_variant,0.8221927136053758,0.4757740709422267,0.679538316942897,0.6804465651512146,3.2874915020001936,100,100,0.8436766104749712,roc_auc,max_epochs,45954,8051348,175.2045135498047,173.0,175.2045135498047,175.0,0.3429500162601471,0.1452974677085876,/kaggle/working/gfd-robustness-v4-factorial-r1/graphs/base/yelpchi/r60_s1/graph.bin,/kaggle/working/gfd-robustness-v4-factorial-r1/graphs/variants/yelpchi/r60_s1/heterophily_rewire_oracle/0.15/seed_1/graph.bin,/kaggle/working/gfd-robustness-v4-factorial-r1/graphs/variants/yelpchi/r60_s1/heterophily_rewire_oracle/0.15/seed_1/graph.bin,ok,
gfd_robustness_benchmark_v4_factorial,yelpchi,r60_s1,1,1,heterophily_rewire_oracle,0.15,secgfd,train_clean_eval_all,0.6372266287181239,0.2375062324189354,0.5510345415842106,0.7126186490058899,0.1616617830004543,50,50,0.8104918501777297,roc_auc,max_epochs,45954,8051348,175.2045135498047,173.0,175.2045135498047,175.0,0.3429500162601471,0.1452974677085876,/kaggle/working/gfd-robustness-v4-factorial-r1/graphs/base/yelpchi/r60_s1/graph.bin,/kaggle/working/gfd-robustness-v4-factorial-r1/graphs/variants/yelpchi/r60_s1/heterophily_rewire_oracle/0.15/seed_1/graph.bin,/kaggle/working/gfd-robustness-v4-factorial-r1/graphs/base/yelpchi/r60_s1/graph.bin,ok,
gfd_robustness_benchmark_v4_factorial,yelpchi,r60_s1,1,1,heterophily_rewire_oracle,0.15,secgfd,train_on_variant,0.999889572941693,0.9993980545112228,0.9947222597822932,0.7823976874351501,4.555563342000824,50,50,0.9996619438941298,roc_auc,max_epochs,45954,8051348,175.2045135498047,173.0,175.2045135498047,175.0,0.3429500162601471,0.1452974677085876,/kaggle/working/gfd-robustness-v4-factorial-r1/graphs/base/yelpchi/r60_s1/graph.bin,/kaggle/working/gfd-robustness-v4-factorial-r1/graphs/variants/yelpchi/r60_s1/heterophily_rewire_oracle/0.15/seed_1/graph.bin,/kaggle/working/gfd-robustness-v4-factorial-r1/graphs/variants/yelpchi/r60_s1/heterophily_rewire_oracle/0.15/seed_1/graph.bin,ok,
gfd_robustness_benchmark_v4_factorial,yelpchi,r60_s1,1,2,heterophily_rewire_oracle,0.15,mlp,train_clean_eval_all,0.7843809262838884,0.425287123032842,0.6571495387316263,0.6982053518295288,0.0746770100013236,100,100,0.8050527229251151,roc_auc,max_epochs,45954,8051348,175.2045135498047,173.0,175.2045135498047,175.0,0.3429500162601471,0.1452974677085876,/kaggle/working/gfd-robustness-v4-factorial-r1/graphs/base/yelpchi/r60_s1/graph.bin,/kaggle/working/gfd-robustness-v4-factorial-r1/graphs/variants/yelpchi/r60_s1/heterophily_rewire_oracle/0.15/seed_1/graph.bin,/kaggle/working/gfd-robustness-v4-factorial-r1/graphs/base/yelpchi/r60_s1/graph.bin,ok,
gfd_robustness_benchmark_v4_factorial,yelpchi,r60_s1,1,2,heterophily_rewire_oracle,0.15,mlp,train_on_variant,0.7843809262838884,0.425287123032842,0.6571495387316263,0.6982053518295288,1.8249833139998373,100,100,0.8050527229251151,roc_auc,max_epochs,45954,8051348,175.2045135498047,173.0,175.2045135498047,175.0,0.3429500162601471,0.1452974677085876,/kaggle/working/gfd-robustness-v4-factorial-r1/graphs/base/yelpchi/r60_s1/graph.bin,/kaggle/working/gfd-robustness-v4-factorial-r1/graphs/variants/yelpchi/r60_s1/heterophily_rewire_oracle/0.15/seed_1/graph.bin,/kaggle/working/gfd-robustness-v4-factorial-r1/graphs/variants/yelpchi/r60_s1/heterophily_rewire_oracle/0.15/seed_1/graph.bin,ok,
gfd_robustness_benchmark_v4_factorial,yelpchi,r60_s1,1,2,heterophily_rewire_oracle,0.15,pmp,train_clean_eval_all,0.7811660601912265,0.4135428286447197,0.6505779430111475,0.3910762369632721,0.2839325980021385,61,51,0.8651209063145925,roc_auc,early_stopping,45954,8051348,175.2045135498047,173.0,175.2045135498047,175.0,0.3429500162601471,0.1452974677085876,/kaggle/working/gfd-robustness-v4-factorial-r1/graphs/base/yelpchi/r60_s1/graph.bin,/kaggle/working/gfd-robustness-v4-factorial-r1/graphs/variants/yelpchi/r60_s1/heterophily_rewire_oracle/0.15/seed_1/graph.bin,/kaggle/working/gfd-robustness-v4-factorial-r1/graphs/base/yelpchi/r60_s1/graph.bin,ok,
gfd_robustness_benchmark_v4_factorial,yelpchi,r60_s1,1,2,heterophily_rewire_oracle,0.15,pmp,train_on_variant,0.8678464894294913,0.5625985669121116,0.7327729920496897,0.3239768445491791,39.23069681400011,51,41,0.8894479291083472,roc_auc,early_stopping,45954,8051348,175.2045135498047,173.0,175.2045135498047,175.0,0.3429500162601471,0.1452974677085876,/kaggle/working/gfd-robustness-v4-factorial-r1/graphs/base/yelpchi/r60_s1/graph.bin,/kaggle/working/gfd-robustness-v4-factorial-r1/graphs/variants/yelpchi/r60_s1/heterophily_rewire_oracle/0.15/seed_1/graph.bin,/kaggle/working/gfd-robustness-v4-factorial-r1/graphs/variants/yelpchi/r60_s1/heterophily_rewire_oracle/0.15/seed_1/graph.bin,ok,
gfd_robustness_benchmark_v4_factorial,yelpchi,r60_s1,1,2,heterophily_rewire_oracle,0.15,sage,train_clean_eval_all,0.7554301719879996,0.385401922236991,0.6319566110239057,0.6638100147247314,0.1258354179990419,100,100,0.794380449009076,roc_auc,max_epochs,45954,8051348,175.2045135498047,173.0,175.2045135498047,175.0,0.3429500162601471,0.1452974677085876,/kaggle/working/gfd-robustness-v4-factorial-r1/graphs/base/yelpchi/r60_s1/graph.bin,/kaggle/working/gfd-robustness-v4-factorial-r1/graphs/variants/yelpchi/r60_s1/heterophily_rewire_oracle/0.15/seed_1/graph.bin,/kaggle/working/gfd-robustness-v4-factorial-r1/graphs/base/yelpchi/r60_s1/graph.bin,ok,
gfd_robustness_benchmark_v4_factorial,yelpchi,r60_s1,1,2,heterophily_rewire_oracle,0.15,sage,train_on_variant,0.8325374137163555,0.4927583717068933,0.6904775860952486,0.7150789499282837,3.255773790002422,100,100,0.8533612742188115,roc_auc,max_epochs,45954,8051348,175.2045135498047,173.0,175.2045135498047,175.0,0.3429500162601471,0.1452974677085876,/kaggle/working/gfd-robustness-v4-factorial-r1/graphs/base/yelpchi/r60_s1/graph.bin,/kaggle/working/gfd-robustness-v4-factorial-r1/graphs/variants/yelpchi/r60_s1/heterophily_rewire_oracle/0.15/seed_1/graph.bin,/kaggle/working/gfd-robustness-v4-factorial-r1/graphs/variants/yelpchi/r60_s1/heterophily_rewire_oracle/0.15/seed_1/graph.bin,ok,
gfd_robustness_benchmark_v4_factorial,yelpchi,r60_s1,1,2,heterophily_rewire_oracle,0.15,secgfd,train_clean_eval_all,0.6452932824524068,0.2570636743427862,0.5659027637827622,0.7434759140014648,0.142472130999522,50,50,0.8145421342354521,roc_auc,max_epochs,45954,8051348,175.2045135498047,173.0,175.2045135498047,175.0,0.3429500162601471,0.1452974677085876,/kaggle/working/gfd-robustness-v4-factorial-r1/graphs/base/yelpchi/r60_s1/graph.bin,/kaggle/working/gfd-robustness-v4-factorial-r1/graphs/variants/yelpchi/r60_s1/heterophily_rewire_oracle/0.15/seed_1/graph.bin,/kaggle/working/gfd-robustness-v4-factorial-r1/graphs/base/yelpchi/r60_s1/graph.bin,ok,
gfd_robustness_benchmark_v4_factorial,yelpchi,r60_s1,1,2,heterophily_rewire_oracle,0.15,secgfd,train_on_variant,0.99282114551447,0.980357613268924,0.969054654034104,0.542617678642273,1.2554332569998223,12,2,0.9917514310167668,roc_auc,early_stopping,45954,8051348,175.2045135498047,173.0,175.2045135498047,175.0,0.3429500162601471,0.1452974677085876,/kaggle/working/gfd-robustness-v4-factorial-r1/graphs/base/yelpchi/r60_s1/graph.bin,/kaggle/working/gfd-robustness-v4-factorial-r1/graphs/variants/yelpchi/r60_s1/heterophily_rewire_oracle/0.15/seed_1/graph.bin,/kaggle/working/gfd-robustness-v4-factorial-r1/graphs/variants/yelpchi/r60_s1/heterophily_rewire_oracle/0.15/seed_1/graph.bin,ok,
gfd_robustness_benchmark_v4_factorial,yelpchi,r60_s1,1,3,heterophily_rewire_oracle,0.15,mlp,train_clean_eval_all,0.7816018135572033,0.4143485547512492,0.6496944434221562,0.6969894766807556,0.0951086999994004,100,100,0.8041077869722045,roc_auc,max_epochs,45954,8051348,175.2045135498047,173.0,175.2045135498047,175.0,0.3429500162601471,0.1452974677085876,/kaggle/working/gfd-robustness-v4-factorial-r1/graphs/base/yelpchi/r60_s1/graph.bin,/kaggle/working/gfd-robustness-v4-factorial-r1/graphs/variants/yelpchi/r60_s1/heterophily_rewire_oracle/0.15/seed_1/graph.bin,/kaggle/working/gfd-robustness-v4-factorial-r1/graphs/base/yelpchi/r60_s1/graph.bin,ok,
gfd_robustness_benchmark_v4_factorial,yelpchi,r60_s1,1,3,heterophily_rewire_oracle,0.15,mlp,train_on_variant,0.7816018135572033,0.4143485547512492,0.6496944434221562,0.6969894766807556,1.7310571570014872,100,100,0.8041077869722045,roc_auc,max_epochs,45954,8051348,175.2045135498047,173.0,175.2045135498047,175.0,0.3429500162601471,0.1452974677085876,/kaggle/working/gfd-robustness-v4-factorial-r1/graphs/base/yelpchi/r60_s1/graph.bin,/kaggle/working/gfd-robustness-v4-factorial-r1/graphs/variants/yelpchi/r60_s1/heterophily_rewire_oracle/0.15/seed_1/graph.bin,/kaggle/working/gfd-robustness-v4-factorial-r1/graphs/variants/yelpchi/r60_s1/heterophily_rewire_oracle/0.15/seed_1/graph.bin,ok,
gfd_robustness_benchmark_v4_factorial,yelpchi,r60_s1,1,3,heterophily_rewire_oracle,0.15,pmp,train_clean_eval_all,0.7705990767954926,0.4042210924941402,0.6420907334524918,0.3360407650470733,0.2999900559989328,64,54,0.863328636785177,roc_auc,early_stopping,45954,8051348,175.2045135498047,173.0,175.2045135498047,175.0,0.3429500162601471,0.1452974677085876,/kaggle/working/gfd-robustness-v4-factorial-r1/graphs/base/yelpchi/r60_s1/graph.bin,/kaggle/working/gfd-robustness-v4-factorial-r1/graphs/variants/yelpchi/r60_s1/heterophily_rewire_oracle/0.15/seed_1/graph.bin,/kaggle/working/gfd-robustness-v4-factorial-r1/graphs/base/yelpchi/r60_s1/graph.bin,ok,
gfd_robustness_benchmark_v4_factorial,yelpchi,r60_s1,1,3,heterophily_rewire_oracle,0.15,pmp,train_on_variant,0.8795643819286072,0.6128993314925948,0.7475796881571832,0.4273430705070495,80.38989453699833,100,96,0.8960018309385706,roc_auc,max_epochs,45954,8051348,175.2045135498047,173.0,175.2045135498047,175.0,0.3429500162601471,0.1452974677085876,/kaggle/working/gfd-robustness-v4-factorial-r1/graphs/base/yelpchi/r60_s1/graph.bin,/kaggle/working/gfd-robustness-v4-factorial-r1/graphs/variants/yelpchi/r60_s1/heterophily_rewire_oracle/0.15/seed_1/graph.bin,/kaggle/working/gfd-robustness-v4-factorial-r1/graphs/variants/yelpchi/r60_s1/heterophily_rewire_oracle/0.15/seed_1/graph.bin,ok,
gfd_robustness_benchmark_v4_factorial,yelpchi,r60_s1,1,3,heterophily_rewire_oracle,0.15,sage,train_clean_eval_all,0.7540842290724051,0.3861643252640121,0.6305634977423777,0.6734314560890198,0.1295651610016648,100,100,0.7957354389126895,roc_auc,max_epochs,45954,8051348,175.2045135498047,173.0,175.2045135498047,175.0,0.3429500162601471,0.1452974677085876,/kaggle/working/gfd-robustness-v4-factorial-r1/graphs/base/yelpchi/r60_s1/graph.bin,/kaggle/working/gfd-robustness-v4-factorial-r1/graphs/variants/yelpchi/r60_s1/heterophily_rewire_oracle/0.15/seed_1/graph.bin,/kaggle/working/gfd-robustness-v4-factorial-r1/graphs/base/yelpchi/r60_s1/graph.bin,ok,
gfd_robustness_benchmark_v4_factorial,yelpchi,r60_s1,1,3,heterophily_rewire_oracle,0.15,sage,train_on_variant,0.8482011441729576,0.5135080720284524,0.7037336767753757,0.6985602974891663,3.2893346790006035,100,100,0.8672893765034319,roc_auc,max_epochs,45954,8051348,175.2045135498047,173.0,175.2045135498047,175.0,0.3429500162601471,0.1452974677085876,/kaggle/working/gfd-robustness-v4-factorial-r1/graphs/base/yelpchi/r60_s1/graph.bin,/kaggle/working/gfd-robustness-v4-factorial-r1/graphs/variants/yelpchi/r60_s1/heterophily_rewire_oracle/0.15/seed_1/graph.bin,/kaggle/working/gfd-robustness-v4-factorial-r1/graphs/variants/yelpchi/r60_s1/heterophily_rewire_oracle/0.15/seed_1/graph.bin,ok,
gfd_robustness_benchmark_v4_factorial,yelpchi,r60_s1,1,3,heterophily_rewire_oracle,0.15,secgfd,train_clean_eval_all,0.6172049358513116,0.2243295032548646,0.555097180654703,0.7394757270812988,0.1402955749981629,50,44,0.80207887816868,roc_auc,max_epochs,45954,8051348,175.2045135498047,173.0,175.2045135498047,175.0,0.3429500162601471,0.1452974677085876,/kaggle/working/gfd-robustness-v4-factorial-r1/graphs/base/yelpchi/r60_s1/graph.bin,/kaggle/working/gfd-robustness-v4-factorial-r1/graphs/variants/yelpchi/r60_s1/heterophily_rewire_oracle/0.15/seed_1/graph.bin,/kaggle/working/gfd-robustness-v4-factorial-r1/graphs/base/yelpchi/r60_s1/graph.bin,ok,
gfd_robustness_benchmark_v4_factorial,yelpchi,r60_s1,1,3,heterophily_rewire_oracle,0.15,secgfd,train_on_variant,0.9998917643328414,0.9994050352150874,0.9942752869518644,0.9499520063400269,4.569221580997692,50,46,0.999647735047931,roc_auc,max_epochs,45954,8051348,175.2045135498047,173.0,175.2045135498047,175.0,0.3429500162601471,0.1452974677085876,/kaggle/working/gfd-robustness-v4-factorial-r1/graphs/base/yelpchi/r60_s1/graph.bin,/kaggle/working/gfd-robustness-v4-factorial-r1/graphs/variants/yelpchi/r60_s1/heterophily_rewire_oracle/0.15/seed_1/graph.bin,/kaggle/working/gfd-robustness-v4-factorial-r1/graphs/variants/yelpchi/r60_s1/heterophily_rewire_oracle/0.15/seed_1/graph.bin,ok,
gfd_robustness_benchmark_v4_factorial,yelpchi,r60_s1,1,4,heterophily_rewire_oracle,0.15,mlp,train_clean_eval_all,0.7806874794199787,0.4201037950434657,0.6496479861960988,0.6775984764099121,0.0886642369987384,100,100,0.8035062473626617,roc_auc,max_epochs,45954,8051348,175.2045135498047,173.0,175.2045135498047,175.0,0.3429500162601471,0.1452974677085876,/kaggle/working/gfd-robustness-v4-factorial-r1/graphs/base/yelpchi/r60_s1/graph.bin,/kaggle/working/gfd-robustness-v4-factorial-r1/graphs/variants/yelpchi/r60_s1/heterophily_rewire_oracle/0.15/seed_1/graph.bin,/kaggle/working/gfd-robustness-v4-factorial-r1/graphs/base/yelpchi/r60_s1/graph.bin,ok,
gfd_robustness_benchmark_v4_factorial,yelpchi,r60_s1,1,4,heterophily_rewire_oracle,0.15,mlp,train_on_variant,0.7806874794199787,0.4201037950434657,0.6496479861960988,0.6775984764099121,1.8174530869982848,100,100,0.8035062473626617,roc_auc,max_epochs,45954,8051348,175.2045135498047,173.0,175.2045135498047,175.0,0.3429500162601471,0.1452974677085876,/kaggle/working/gfd-robustness-v4-factorial-r1/graphs/base/yelpchi/r60_s1/graph.bin,/kaggle/working/gfd-robustness-v4-factorial-r1/graphs/variants/yelpchi/r60_s1/heterophily_rewire_oracle/0.15/seed_1/graph.bin,/kaggle/working/gfd-robustness-v4-factorial-r1/graphs/variants/yelpchi/r60_s1/heterophily_rewire_oracle/0.15/seed_1/graph.bin,ok,
gfd_robustness_benchmark_v4_factorial,yelpchi,r60_s1,1,4,heterophily_rewire_oracle,0.15,pmp,train_clean_eval_all,0.7816585991713112,0.4291322899298356,0.6519100911266065,0.5032673478126526,0.2972341130007407,97,87,0.8691705705233195,roc_auc,early_stopping,45954,8051348,175.2045135498047,173.0,175.2045135498047,175.0,0.3429500162601471,0.1452974677085876,/kaggle/working/gfd-robustness-v4-factorial-r1/graphs/base/yelpchi/r60_s1/graph.bin,/kaggle/working/gfd-robustness-v4-factorial-r1/graphs/variants/yelpchi/r60_s1/heterophily_rewire_oracle/0.15/seed_1/graph.bin,/kaggle/working/gfd-robustness-v4-factorial-r1/graphs/base/yelpchi/r60_s1/graph.bin,ok,
gfd_robustness_benchmark_v4_factorial,yelpchi,r60_s1,1,4,heterophily_rewire_oracle,0.15,pmp,train_on_variant,0.8738904891337488,0.5698999910896743,0.7310940639957397,0.3318066596984863,36.01394101999904,46,36,0.8862338213452153,roc_auc,early_stopping,45954,8051348,175.2045135498047,173.0,175.2045135498047,175.0,0.3429500162601471,0.1452974677085876,/kaggle/working/gfd-robustness-v4-factorial-r1/graphs/base/yelpchi/r60_s1/graph.bin,/kaggle/working/gfd-robustness-v4-factorial-r1/graphs/variants/yelpchi/r60_s1/heterophily_rewire_oracle/0.15/seed_1/graph.bin,/kaggle/working/gfd-robustness-v4-factorial-r1/graphs/variants/yelpchi/r60_s1/heterophily_rewire_oracle/0.15/seed_1/graph.bin,ok,
gfd_robustness_benchmark_v4_factorial,yelpchi,r60_s1,1,4,heterophily_rewire_oracle,0.15,sage,train_clean_eval_all,0.7562175007164896,0.3852018301538369,0.6331389081239307,0.6741504073143005,0.1295249200011312,100,100,0.8005188136090231,roc_auc,max_epochs,45954,8051348,175.2045135498047,173.0,175.2045135498047,175.0,0.3429500162601471,0.1452974677085876,/kaggle/working/gfd-robustness-v4-factorial-r1/graphs/base/yelpchi/r60_s1/graph.bin,/kaggle/working/gfd-robustness-v4-factorial-r1/graphs/variants/yelpchi/r60_s1/heterophily_rewire_oracle/0.15/seed_1/graph.bin,/kaggle/working/gfd-robustness-v4-factorial-r1/graphs/base/yelpchi/r60_s1/graph.bin,ok,
gfd_robustness_benchmark_v4_factorial,yelpchi,r60_s1,1,4,heterophily_rewire_oracle,0.15,sage,train_on_variant,0.8284287458687513,0.4703542042445071,0.6847260440336963,0.6737085580825806,3.17699275799896,100,100,0.8492870067730423,roc_auc,max_epochs,45954,8051348,175.2045135498047,173.0,175.2045135498047,175.0,0.3429500162601471,0.1452974677085876,/kaggle/working/gfd-robustness-v4-factorial-r1/graphs/base/yelpchi/r60_s1/graph.bin,/kaggle/working/gfd-robustness-v4-factorial-r1/graphs/variants/yelpchi/r60_s1/heterophily_rewire_oracle/0.15/seed_1/graph.bin,/kaggle/working/gfd-robustness-v4-factorial-r1/graphs/variants/yelpchi/r60_s1/heterophily_rewire_oracle/0.15/seed_1/graph.bin,ok,
gfd_robustness_benchmark_v4_factorial,yelpchi,r60_s1,1,4,heterophily_rewire_oracle,0.15,secgfd,train_clean_eval_all,0.64082632215203,0.2139370393826243,0.5460398471145864,0.7461267709732056,0.1789200339990202,50,50,0.8075951527808571,roc_auc,max_epochs,45954,8051348,175.2045135498047,173.0,175.2045135498047,175.0,0.3429500162601471,0.1452974677085876,/kaggle/working/gfd-robustness-v4-factorial-r1/graphs/base/yelpchi/r60_s1/graph.bin,/kaggle/working/gfd-robustness-v4-factorial-r1/graphs/variants/yelpchi/r60_s1/heterophily_rewire_oracle/0.15/seed_1/graph.bin,/kaggle/working/gfd-robustness-v4-factorial-r1/graphs/base/yelpchi/r60_s1/graph.bin,ok,
gfd_robustness_benchmark_v4_factorial,yelpchi,r60_s1,1,4,heterophily_rewire_oracle,0.15,secgfd,train_on_variant,0.9999015779540716,0.9994590194427856,0.9938503244435554,0.8850803971290588,4.589430357998936,50,45,0.9996710032255988,roc_auc,max_epochs,45954,8051348,175.2045135498047,173.0,175.2045135498047,175.0,0.3429500162601471,0.1452974677085876,/kaggle/working/gfd-robustness-v4-factorial-r1/graphs/base/yelpchi/r60_s1/graph.bin,/kaggle/working/gfd-robustness-v4-factorial-r1/graphs/variants/yelpchi/r60_s1/heterophily_rewire_oracle/0.15/seed_1/graph.bin,/kaggle/working/gfd-robustness-v4-factorial-r1/graphs/variants/yelpchi/r60_s1/heterophily_rewire_oracle/0.15/seed_1/graph.bin,ok,
gfd_robustness_benchmark_v4_factorial,yelpchi,r60_s1,0,0,heterophily_rewire_oracle,0.3,mlp,train_clean_eval_all,0.7313415906222179,0.3257175093405576,0.6106510448958343,0.4993019104003906,0.0742560220023733,16,6,0.7522698631802545,roc_auc,early_stopping,45954,8051348,175.2045135498047,149.0,175.2045135498047,175.0,0.4587487578392029,0.1452974677085876,/kaggle/working/gfd-robustness-v4-factorial-r1/graphs/base/yelpchi/r60_s1/graph.bin,/kaggle/working/gfd-robustness-v4-factorial-r1/graphs/variants/yelpchi/r60_s1/heterophily_rewire_oracle/0.30/seed_0/graph.bin,/kaggle/working/gfd-robustness-v4-factorial-r1/graphs/base/yelpchi/r60_s1/graph.bin,ok,
gfd_robustness_benchmark_v4_factorial,yelpchi,r60_s1,0,0,heterophily_rewire_oracle,0.3,mlp,train_on_variant,0.7313415906222179,0.3257175093405576,0.6106510448958343,0.4993019104003906,0.3838159059996542,16,6,0.7522698631802545,roc_auc,early_stopping,45954,8051348,175.2045135498047,149.0,175.2045135498047,175.0,0.4587487578392029,0.1452974677085876,/kaggle/working/gfd-robustness-v4-factorial-r1/graphs/base/yelpchi/r60_s1/graph.bin,/kaggle/working/gfd-robustness-v4-factorial-r1/graphs/variants/yelpchi/r60_s1/heterophily_rewire_oracle/0.30/seed_0/graph.bin,/kaggle/working/gfd-robustness-v4-factorial-r1/graphs/variants/yelpchi/r60_s1/heterophily_rewire_oracle/0.30/seed_0/graph.bin,ok,
gfd_robustness_benchmark_v4_factorial,yelpchi,r60_s1,0,0,heterophily_rewire_oracle,0.3,pmp,train_clean_eval_all,0.7566502528293718,0.3728584439434339,0.6343523901057405,0.4558625817298889,0.3687065729973255,43,33,0.8640671153419779,roc_auc,early_stopping,45954,8051348,175.2045135498047,149.0,175.2045135498047,175.0,0.4587487578392029,0.1452974677085876,/kaggle/working/gfd-robustness-v4-factorial-r1/graphs/base/yelpchi/r60_s1/graph.bin,/kaggle/working/gfd-robustness-v4-factorial-r1/graphs/variants/yelpchi/r60_s1/heterophily_rewire_oracle/0.30/seed_0/graph.bin,/kaggle/working/gfd-robustness-v4-factorial-r1/graphs/base/yelpchi/r60_s1/graph.bin,ok,
gfd_robustness_benchmark_v4_factorial,yelpchi,r60_s1,0,0,heterophily_rewire_oracle,0.3,pmp,train_on_variant,0.9129719494310768,0.6698102743843201,0.7728852281341798,0.4041684567928314,48.94714254000064,66,56,0.9261101853110092,roc_auc,early_stopping,45954,8051348,175.2045135498047,149.0,175.2045135498047,175.0,0.4587487578392029,0.1452974677085876,/kaggle/working/gfd-robustness-v4-factorial-r1/graphs/base/yelpchi/r60_s1/graph.bin,/kaggle/working/gfd-robustness-v4-factorial-r1/graphs/variants/yelpchi/r60_s1/heterophily_rewire_oracle/0.30/seed_0/graph.bin,/kaggle/working/gfd-robustness-v4-factorial-r1/graphs/variants/yelpchi/r60_s1/heterophily_rewire_oracle/0.30/seed_0/graph.bin,ok,
gfd_robustness_benchmark_v4_factorial,yelpchi,r60_s1,0,0,heterophily_rewire_oracle,0.3,sage,train_clean_eval_all,0.7643941527586375,0.4005605600128452,0.6383295028579307,0.6908925771713257,0.1057468069993774,100,100,0.8115424465439842,roc_auc,max_epochs,45954,8051348,175.2045135498047,149.0,175.2045135498047,175.0,0.4587487578392029,0.1452974677085876,/kaggle/working/gfd-robustness-v4-factorial-r1/graphs/base/yelpchi/r60_s1/graph.bin,/kaggle/working/gfd-robustness-v4-factorial-r1/graphs/variants/yelpchi/r60_s1/heterophily_rewire_oracle/0.30/seed_0/graph.bin,/kaggle/working/gfd-robustness-v4-factorial-r1/graphs/base/yelpchi/r60_s1/graph.bin,ok,
gfd_robustness_benchmark_v4_factorial,yelpchi,r60_s1,0,0,heterophily_rewire_oracle,0.3,sage,train_on_variant,0.8875092705373367,0.6388208595408451,0.7549325515183076,0.6968222260475159,3.2732738129998324,100,100,0.9044395015460464,roc_auc,max_epochs,45954,8051348,175.2045135498047,149.0,175.2045135498047,175.0,0.4587487578392029,0.1452974677085876,/kaggle/working/gfd-robustness-v4-factorial-r1/graphs/base/yelpchi/r60_s1/graph.bin,/kaggle/working/gfd-robustness-v4-factorial-r1/graphs/variants/yelpchi/r60_s1/heterophily_rewire_oracle/0.30/seed_0/graph.bin,/kaggle/working/gfd-robustness-v4-factorial-r1/graphs/variants/yelpchi/r60_s1/heterophily_rewire_oracle/0.30/seed_0/graph.bin,ok,
gfd_robustness_benchmark_v4_factorial,yelpchi,r60_s1,0,0,heterophily_rewire_oracle,0.3,secgfd,train_clean_eval_all,0.4803650876708904,0.1365137853069153,0.4878583634629397,0.6614007353782654,0.1423133659991435,50,50,0.8176709412406993,roc_auc,max_epochs,45954,8051348,175.2045135498047,149.0,175.2045135498047,175.0,0.4587487578392029,0.1452974677085876,/kaggle/working/gfd-robustness-v4-factorial-r1/graphs/base/yelpchi/r60_s1/graph.bin,/kaggle/working/gfd-robustness-v4-factorial-r1/graphs/variants/yelpchi/r60_s1/heterophily_rewire_oracle/0.30/seed_0/graph.bin,/kaggle/working/gfd-robustness-v4-factorial-r1/graphs/base/yelpchi/r60_s1/graph.bin,ok,
gfd_robustness_benchmark_v4_factorial,yelpchi,r60_s1,0,0,heterophily_rewire_oracle,0.3,secgfd,train_on_variant,1.0,1.0,0.999780983407849,0.5732836127281189,1.254030669999338,12,2,1.0,roc_auc,early_stopping,45954,8051348,175.2045135498047,149.0,175.2045135498047,175.0,0.4587487578392029,0.1452974677085876,/kaggle/working/gfd-robustness-v4-factorial-r1/graphs/base/yelpchi/r60_s1/graph.bin,/kaggle/working/gfd-robustness-v4-factorial-r1/graphs/variants/yelpchi/r60_s1/heterophily_rewire_oracle/0.30/seed_0/graph.bin,/kaggle/working/gfd-robustness-v4-factorial-r1/graphs/variants/yelpchi/r60_s1/heterophily_rewire_oracle/0.30/seed_0/graph.bin,ok,
gfd_robustness_benchmark_v4_factorial,yelpchi,r60_s1,0,1,heterophily_rewire_oracle,0.3,mlp,train_clean_eval_all,0.7838484658737515,0.4223574749223457,0.6531032177334472,0.6898988485336304,0.1049986660000286,100,100,0.8046757116939282,roc_auc,max_epochs,45954,8051348,175.2045135498047,149.0,175.2045135498047,175.0,0.4587487578392029,0.1452974677085876,/kaggle/working/gfd-robustness-v4-factorial-r1/graphs/base/yelpchi/r60_s1/graph.bin,/kaggle/working/gfd-robustness-v4-factorial-r1/graphs/variants/yelpchi/r60_s1/heterophily_rewire_oracle/0.30/seed_0/graph.bin,/kaggle/working/gfd-robustness-v4-factorial-r1/graphs/base/yelpchi/r60_s1/graph.bin,ok,
gfd_robustness_benchmark_v4_factorial,yelpchi,r60_s1,0,1,heterophily_rewire_oracle,0.3,mlp,train_on_variant,0.7838484658737515,0.4223574749223457,0.6531032177334472,0.6898988485336304,1.8626628579986573,100,100,0.8046757116939282,roc_auc,max_epochs,45954,8051348,175.2045135498047,149.0,175.2045135498047,175.0,0.4587487578392029,0.1452974677085876,/kaggle/working/gfd-robustness-v4-factorial-r1/graphs/base/yelpchi/r60_s1/graph.bin,/kaggle/working/gfd-robustness-v4-factorial-r1/graphs/variants/yelpchi/r60_s1/heterophily_rewire_oracle/0.30/seed_0/graph.bin,/kaggle/working/gfd-robustness-v4-factorial-r1/graphs/variants/yelpchi/r60_s1/heterophily_rewire_oracle/0.30/seed_0/graph.bin,ok,
gfd_robustness_benchmark_v4_factorial,yelpchi,r60_s1,0,1,heterophily_rewire_oracle,0.3,pmp,train_clean_eval_all,0.7384932909130821,0.3454821154084684,0.6263985085805144,0.3602780103683471,0.4271794560008857,51,41,0.8613966151476791,roc_auc,early_stopping,45954,8051348,175.2045135498047,149.0,175.2045135498047,175.0,0.4587487578392029,0.1452974677085876,/kaggle/working/gfd-robustness-v4-factorial-r1/graphs/base/yelpchi/r60_s1/graph.bin,/kaggle/working/gfd-robustness-v4-factorial-r1/graphs/variants/yelpchi/r60_s1/heterophily_rewire_oracle/0.30/seed_0/graph.bin,/kaggle/working/gfd-robustness-v4-factorial-r1/graphs/base/yelpchi/r60_s1/graph.bin,ok,
gfd_robustness_benchmark_v4_factorial,yelpchi,r60_s1,0,1,heterophily_rewire_oracle,0.3,pmp,train_on_variant,0.917296516945742,0.6708653143104348,0.7822290767479461,0.3440550565719604,57.00542763500198,79,69,0.9251205725497488,roc_auc,early_stopping,45954,8051348,175.2045135498047,149.0,175.2045135498047,175.0,0.4587487578392029,0.1452974677085876,/kaggle/working/gfd-robustness-v4-factorial-r1/graphs/base/yelpchi/r60_s1/graph.bin,/kaggle/working/gfd-robustness-v4-factorial-r1/graphs/variants/yelpchi/r60_s1/heterophily_rewire_oracle/0.30/seed_0/graph.bin,/kaggle/working/gfd-robustness-v4-factorial-r1/graphs/variants/yelpchi/r60_s1/heterophily_rewire_oracle/0.30/seed_0/graph.bin,ok,
gfd_robustness_benchmark_v4_factorial,yelpchi,r60_s1,0,1,heterophily_rewire_oracle,0.3,sage,train_clean_eval_all,0.6298410688805688,0.21582774768804,0.5528791291291291,0.2996191680431366,0.1089788940007565,23,13,0.6071633087539366,roc_auc,early_stopping,45954,8051348,175.2045135498047,149.0,175.2045135498047,175.0,0.4587487578392029,0.1452974677085876,/kaggle/working/gfd-robustness-v4-factorial-r1/graphs/base/yelpchi/r60_s1/graph.bin,/kaggle/working/gfd-robustness-v4-factorial-r1/graphs/variants/yelpchi/r60_s1/heterophily_rewire_oracle/0.30/seed_0/graph.bin,/kaggle/working/gfd-robustness-v4-factorial-r1/graphs/base/yelpchi/r60_s1/graph.bin,ok,
gfd_robustness_benchmark_v4_factorial,yelpchi,r60_s1,0,1,heterophily_rewire_oracle,0.3,sage,train_on_variant,0.8713006935467151,0.5999563564202266,0.734892633598559,0.6873570680618286,3.368576333999954,100,100,0.8904854609650096,roc_auc,max_epochs,45954,8051348,175.2045135498047,149.0,175.2045135498047,175.0,0.4587487578392029,0.1452974677085876,/kaggle/working/gfd-robustness-v4-factorial-r1/graphs/base/yelpchi/r60_s1/graph.bin,/kaggle/working/gfd-robustness-v4-factorial-r1/graphs/variants/yelpchi/r60_s1/heterophily_rewire_oracle/0.30/seed_0/graph.bin,/kaggle/working/gfd-robustness-v4-factorial-r1/graphs/variants/yelpchi/r60_s1/heterophily_rewire_oracle/0.30/seed_0/graph.bin,ok,
gfd_robustness_benchmark_v4_factorial,yelpchi,r60_s1,0,1,heterophily_rewire_oracle,0.3,secgfd,train_clean_eval_all,0.4671208435979365,0.1349532054984277,0.4723008573371368,0.7126186490058899,0.1737152810019324,50,50,0.8104918501777297,roc_auc,max_epochs,45954,8051348,175.2045135498047,149.0,175.2045135498047,175.0,0.4587487578392029,0.1452974677085876,/kaggle/working/gfd-robustness-v4-factorial-r1/graphs/base/yelpchi/r60_s1/graph.bin,/kaggle/working/gfd-robustness-v4-factorial-r1/graphs/variants/yelpchi/r60_s1/heterophily_rewire_oracle/0.30/seed_0/graph.bin,/kaggle/working/gfd-robustness-v4-factorial-r1/graphs/base/yelpchi/r60_s1/graph.bin,ok,
gfd_robustness_benchmark_v4_factorial,yelpchi,r60_s1,0,1,heterophily_rewire_oracle,0.3,secgfd,train_on_variant,1.0,1.0,1.0,0.5760884284973145,1.351705791999848,13,3,1.0,roc_auc,early_stopping,45954,8051348,175.2045135498047,149.0,175.2045135498047,175.0,0.4587487578392029,0.1452974677085876,/kaggle/working/gfd-robustness-v4-factorial-r1/graphs/base/yelpchi/r60_s1/graph.bin,/kaggle/working/gfd-robustness-v4-factorial-r1/graphs/variants/yelpchi/r60_s1/heterophily_rewire_oracle/0.30/seed_0/graph.bin,/kaggle/working/gfd-robustness-v4-factorial-r1/graphs/variants/yelpchi/r60_s1/heterophily_rewire_oracle/0.30/seed_0/graph.bin,ok,
gfd_robustness_benchmark_v4_factorial,yelpchi,r60_s1,0,2,heterophily_rewire_oracle,0.3,mlp,train_clean_eval_all,0.7843809262838884,0.425287123032842,0.6571495387316263,0.6982053518295288,0.0755101739996462,100,100,0.8050527229251151,roc_auc,max_epochs,45954,8051348,175.2045135498047,149.0,175.2045135498047,175.0,0.4587487578392029,0.1452974677085876,/kaggle/working/gfd-robustness-v4-factorial-r1/graphs/base/yelpchi/r60_s1/graph.bin,/kaggle/working/gfd-robustness-v4-factorial-r1/graphs/variants/yelpchi/r60_s1/heterophily_rewire_oracle/0.30/seed_0/graph.bin,/kaggle/working/gfd-robustness-v4-factorial-r1/graphs/base/yelpchi/r60_s1/graph.bin,ok,
gfd_robustness_benchmark_v4_factorial,yelpchi,r60_s1,0,2,heterophily_rewire_oracle,0.3,mlp,train_on_variant,0.7843809262838884,0.425287123032842,0.6571495387316263,0.6982053518295288,1.8936717240030705,100,100,0.8050527229251151,roc_auc,max_epochs,45954,8051348,175.2045135498047,149.0,175.2045135498047,175.0,0.4587487578392029,0.1452974677085876,/kaggle/working/gfd-robustness-v4-factorial-r1/graphs/base/yelpchi/r60_s1/graph.bin,/kaggle/working/gfd-robustness-v4-factorial-r1/graphs/variants/yelpchi/r60_s1/heterophily_rewire_oracle/0.30/seed_0/graph.bin,/kaggle/working/gfd-robustness-v4-factorial-r1/graphs/variants/yelpchi/r60_s1/heterophily_rewire_oracle/0.30/seed_0/graph.bin,ok,
gfd_robustness_benchmark_v4_factorial,yelpchi,r60_s1,0,2,heterophily_rewire_oracle,0.3,pmp,train_clean_eval_all,0.7549998018220179,0.3717971679863037,0.635818092686847,0.3910762369632721,0.2915278709988342,61,51,0.8651209063145925,roc_auc,early_stopping,45954,8051348,175.2045135498047,149.0,175.2045135498047,175.0,0.4587487578392029,0.1452974677085876,/kaggle/working/gfd-robustness-v4-factorial-r1/graphs/base/yelpchi/r60_s1/graph.bin,/kaggle/working/gfd-robustness-v4-factorial-r1/graphs/variants/yelpchi/r60_s1/heterophily_rewire_oracle/0.30/seed_0/graph.bin,/kaggle/working/gfd-robustness-v4-factorial-r1/graphs/base/yelpchi/r60_s1/graph.bin,ok,
gfd_robustness_benchmark_v4_factorial,yelpchi,r60_s1,0,2,heterophily_rewire_oracle,0.3,pmp,train_on_variant,0.875206181323707,0.5701374324502188,0.7320175734207239,0.5091762542724609,16.480446427998686,23,13,0.8902272700181425,roc_auc,early_stopping,45954,8051348,175.2045135498047,149.0,175.2045135498047,175.0,0.4587487578392029,0.1452974677085876,/kaggle/working/gfd-robustness-v4-factorial-r1/graphs/base/yelpchi/r60_s1/graph.bin,/kaggle/working/gfd-robustness-v4-factorial-r1/graphs/variants/yelpchi/r60_s1/heterophily_rewire_oracle/0.30/seed_0/graph.bin,/kaggle/working/gfd-robustness-v4-factorial-r1/graphs/variants/yelpchi/r60_s1/heterophily_rewire_oracle/0.30/seed_0/graph.bin,ok,
gfd_robustness_benchmark_v4_factorial,yelpchi,r60_s1,0,2,heterophily_rewire_oracle,0.3,sage,train_clean_eval_all,0.7498012503506226,0.3749874150393922,0.6279699281457841,0.6638100147247314,0.1296563309988414,100,100,0.794380449009076,roc_auc,max_epochs,45954,8051348,175.2045135498047,149.0,175.2045135498047,175.0,0.4587487578392029,0.1452974677085876,/kaggle/working/gfd-robustness-v4-factorial-r1/graphs/base/yelpchi/r60_s1/graph.bin,/kaggle/working/gfd-robustness-v4-factorial-r1/graphs/variants/yelpchi/r60_s1/heterophily_rewire_oracle/0.30/seed_0/graph.bin,/kaggle/working/gfd-robustness-v4-factorial-r1/graphs/base/yelpchi/r60_s1/graph.bin,ok,
gfd_robustness_benchmark_v4_factorial,yelpchi,r60_s1,0,2,heterophily_rewire_oracle,0.3,sage,train_on_variant,0.8973726744576022,0.6568262229545779,0.7625091956902044,0.651973307132721,3.271414322000055,100,100,0.9128201460459594,roc_auc,max_epochs,45954,8051348,175.2045135498047,149.0,175.2045135498047,175.0,0.4587487578392029,0.1452974677085876,/kaggle/working/gfd-robustness-v4-factorial-r1/graphs/base/yelpchi/r60_s1/graph.bin,/kaggle/working/gfd-robustness-v4-factorial-r1/graphs/variants/yelpchi/r60_s1/heterophily_rewire_oracle/0.30/seed_0/graph.bin,/kaggle/working/gfd-robustness-v4-factorial-r1/graphs/variants/yelpchi/r60_s1/heterophily_rewire_oracle/0.30/seed_0/graph.bin,ok,
gfd_robustness_benchmark_v4_factorial,yelpchi,r60_s1,0,2,heterophily_rewire_oracle,0.3,secgfd,train_clean_eval_all,0.4682623678305304,0.1338319517636921,0.4838198872169798,0.7434759140014648,0.142050817998097,50,50,0.8145421342354521,roc_auc,max_epochs,45954,8051348,175.2045135498047,149.0,175.2045135498047,175.0,0.4587487578392029,0.1452974677085876,/kaggle/working/gfd-robustness-v4-factorial-r1/graphs/base/yelpchi/r60_s1/graph.bin,/kaggle/working/gfd-robustness-v4-factorial-r1/graphs/variants/yelpchi/r60_s1/heterophily_rewire_oracle/0.30/seed_0/graph.bin,/kaggle/working/gfd-robustness-v4-factorial-r1/graphs/base/yelpchi/r60_s1/graph.bin,ok,
gfd_robustness_benchmark_v4_factorial,yelpchi,r60_s1,0,2,heterophily_rewire_oracle,0.3,secgfd,train_on_variant,1.0,1.0,1.0,0.5456245541572571,1.25398004499948,12,2,1.0,roc_auc,early_stopping,45954,8051348,175.2045135498047,149.0,175.2045135498047,175.0,0.4587487578392029,0.1452974677085876,/kaggle/working/gfd-robustness-v4-factorial-r1/graphs/base/yelpchi/r60_s1/graph.bin,/kaggle/working/gfd-robustness-v4-factorial-r1/graphs/variants/yelpchi/r60_s1/heterophily_rewire_oracle/0.30/seed_0/graph.bin,/kaggle/working/gfd-robustness-v4-factorial-r1/graphs/variants/yelpchi/r60_s1/heterophily_rewire_oracle/0.30/seed_0/graph.bin,ok,
gfd_robustness_benchmark_v4_factorial,yelpchi,r60_s1,0,3,heterophily_rewire_oracle,0.3,mlp,train_clean_eval_all,0.7816018135572033,0.4143485547512492,0.6496944434221562,0.6969894766807556,0.0878485979992547,100,100,0.8041077869722045,roc_auc,max_epochs,45954,8051348,175.2045135498047,149.0,175.2045135498047,175.0,0.4587487578392029,0.1452974677085876,/kaggle/working/gfd-robustness-v4-factorial-r1/graphs/base/yelpchi/r60_s1/graph.bin,/kaggle/working/gfd-robustness-v4-factorial-r1/graphs/variants/yelpchi/r60_s1/heterophily_rewire_oracle/0.30/seed_0/graph.bin,/kaggle/working/gfd-robustness-v4-factorial-r1/graphs/base/yelpchi/r60_s1/graph.bin,ok,
gfd_robustness_benchmark_v4_factorial,yelpchi,r60_s1,0,3,heterophily_rewire_oracle,0.3,mlp,train_on_variant,0.7816018135572033,0.4143485547512492,0.6496944434221562,0.6969894766807556,1.808165796999674,100,100,0.8041077869722045,roc_auc,max_epochs,45954,8051348,175.2045135498047,149.0,175.2045135498047,175.0,0.4587487578392029,0.1452974677085876,/kaggle/working/gfd-robustness-v4-factorial-r1/graphs/base/yelpchi/r60_s1/graph.bin,/kaggle/working/gfd-robustness-v4-factorial-r1/graphs/variants/yelpchi/r60_s1/heterophily_rewire_oracle/0.30/seed_0/graph.bin,/kaggle/working/gfd-robustness-v4-factorial-r1/graphs/variants/yelpchi/r60_s1/heterophily_rewire_oracle/0.30/seed_0/graph.bin,ok,
gfd_robustness_benchmark_v4_factorial,yelpchi,r60_s1,0,3,heterophily_rewire_oracle,0.3,pmp,train_clean_eval_all,0.7461028490371598,0.3624637927269358,0.6287667260709622,0.3360407650470733,0.2993546120014798,64,54,0.863328636785177,roc_auc,early_stopping,45954,8051348,175.2045135498047,149.0,175.2045135498047,175.0,0.4587487578392029,0.1452974677085876,/kaggle/working/gfd-robustness-v4-factorial-r1/graphs/base/yelpchi/r60_s1/graph.bin,/kaggle/working/gfd-robustness-v4-factorial-r1/graphs/variants/yelpchi/r60_s1/heterophily_rewire_oracle/0.30/seed_0/graph.bin,/kaggle/working/gfd-robustness-v4-factorial-r1/graphs/base/yelpchi/r60_s1/graph.bin,ok,
gfd_robustness_benchmark_v4_factorial,yelpchi,r60_s1,0,3,heterophily_rewire_oracle,0.3,pmp,train_on_variant,0.8779304139938047,0.5710540255575558,0.7357504225698807,0.4026223421096802,23.234356880999258,33,23,0.8976214486824633,roc_auc,early_stopping,45954,8051348,175.2045135498047,149.0,175.2045135498047,175.0,0.4587487578392029,0.1452974677085876,/kaggle/working/gfd-robustness-v4-factorial-r1/graphs/base/yelpchi/r60_s1/graph.bin,/kaggle/working/gfd-robustness-v4-factorial-r1/graphs/variants/yelpchi/r60_s1/heterophily_rewire_oracle/0.30/seed_0/graph.bin,/kaggle/working/gfd-robustness-v4-factorial-r1/graphs/variants/yelpchi/r60_s1/heterophily_rewire_oracle/0.30/seed_0/graph.bin,ok,
gfd_robustness_benchmark_v4_factorial,yelpchi,r60_s1,0,3,heterophily_rewire_oracle,0.3,sage,train_clean_eval_all,0.7483806095802286,0.3754589249874316,0.6264656519394695,0.6734314560890198,0.1045210490010504,100,100,0.7957354389126895,roc_auc,max_epochs,45954,8051348,175.2045135498047,149.0,175.2045135498047,175.0,0.4587487578392029,0.1452974677085876,/kaggle/working/gfd-robustness-v4-factorial-r1/graphs/base/yelpchi/r60_s1/graph.bin,/kaggle/working/gfd-robustness-v4-factorial-r1/graphs/variants/yelpchi/r60_s1/heterophily_rewire_oracle/0.30/seed_0/graph.bin,/kaggle/working/gfd-robustness-v4-factorial-r1/graphs/base/yelpchi/r60_s1/graph.bin,ok,
gfd_robustness_benchmark_v4_factorial,yelpchi,r60_s1,0,3,heterophily_rewire_oracle,0.3,sage,train_on_variant,0.9061663460248546,0.6673138104602165,0.7678766611713792,0.6162651777267456,3.198594298999524,100,100,0.9205644440312116,roc_auc,max_epochs,45954,8051348,175.2045135498047,149.0,175.2045135498047,175.0,0.4587487578392029,0.1452974677085876,/kaggle/working/gfd-robustness-v4-factorial-r1/graphs/base/yelpchi/r60_s1/graph.bin,/kaggle/working/gfd-robustness-v4-factorial-r1/graphs/variants/yelpchi/r60_s1/heterophily_rewire_oracle/0.30/seed_0/graph.bin,/kaggle/working/gfd-robustness-v4-factorial-r1/graphs/variants/yelpchi/r60_s1/heterophily_rewire_oracle/0.30/seed_0/graph.bin,ok,
gfd_robustness_benchmark_v4_factorial,yelpchi,r60_s1,0,3,heterophily_rewire_oracle,0.3,secgfd,train_clean_eval_all,0.4150722549300584,0.120355322572851,0.4716753214956992,0.7394757270812988,0.1406028309975227,50,44,0.80207887816868,roc_auc,max_epochs,45954,8051348,175.2045135498047,149.0,175.2045135498047,175.0,0.4587487578392029,0.1452974677085876,/kaggle/working/gfd-robustness-v4-factorial-r1/graphs/base/yelpchi/r60_s1/graph.bin,/kaggle/working/gfd-robustness-v4-factorial-r1/graphs/variants/yelpchi/r60_s1/heterophily_rewire_oracle/0.30/seed_0/graph.bin,/kaggle/working/gfd-robustness-v4-factorial-r1/graphs/base/yelpchi/r60_s1/graph.bin,ok,
gfd_robustness_benchmark_v4_factorial,yelpchi,r60_s1,0,3,heterophily_rewire_oracle,0.3,secgfd,train_on_variant,1.0,1.0,1.0,0.6463565826416016,1.2990837159995865,12,2,1.0,roc_auc,early_stopping,45954,8051348,175.2045135498047,149.0,175.2045135498047,175.0,0.4587487578392029,0.1452974677085876,/kaggle/working/gfd-robustness-v4-factorial-r1/graphs/base/yelpchi/r60_s1/graph.bin,/kaggle/working/gfd-robustness-v4-factorial-r1/graphs/variants/yelpchi/r60_s1/heterophily_rewire_oracle/0.30/seed_0/graph.bin,/kaggle/working/gfd-robustness-v4-factorial-r1/graphs/variants/yelpchi/r60_s1/heterophily_rewire_oracle/0.30/seed_0/graph.bin,ok,
gfd_robustness_benchmark_v4_factorial,yelpchi,r60_s1,0,4,heterophily_rewire_oracle,0.3,mlp,train_clean_eval_all,0.7806874794199787,0.4201037950434657,0.6496479861960988,0.6775984764099121,0.067968880997796,100,100,0.8035062473626617,roc_auc,max_epochs,45954,8051348,175.2045135498047,149.0,175.2045135498047,175.0,0.4587487578392029,0.1452974677085876,/kaggle/working/gfd-robustness-v4-factorial-r1/graphs/base/yelpchi/r60_s1/graph.bin,/kaggle/working/gfd-robustness-v4-factorial-r1/graphs/variants/yelpchi/r60_s1/heterophily_rewire_oracle/0.30/seed_0/graph.bin,/kaggle/working/gfd-robustness-v4-factorial-r1/graphs/base/yelpchi/r60_s1/graph.bin,ok,
gfd_robustness_benchmark_v4_factorial,yelpchi,r60_s1,0,4,heterophily_rewire_oracle,0.3,mlp,train_on_variant,0.7806874794199787,0.4201037950434657,0.6496479861960988,0.6775984764099121,1.8332349219999744,100,100,0.8035062473626617,roc_auc,max_epochs,45954,8051348,175.2045135498047,149.0,175.2045135498047,175.0,0.4587487578392029,0.1452974677085876,/kaggle/working/gfd-robustness-v4-factorial-r1/graphs/base/yelpchi/r60_s1/graph.bin,/kaggle/working/gfd-robustness-v4-factorial-r1/graphs/variants/yelpchi/r60_s1/heterophily_rewire_oracle/0.30/seed_0/graph.bin,/kaggle/working/gfd-robustness-v4-factorial-r1/graphs/variants/yelpchi/r60_s1/heterophily_rewire_oracle/0.30/seed_0/graph.bin,ok,
gfd_robustness_benchmark_v4_factorial,yelpchi,r60_s1,0,4,heterophily_rewire_oracle,0.3,pmp,train_clean_eval_all,0.7590198612449236,0.3858157850763005,0.6367087502605251,0.5032673478126526,0.3038162569973792,97,87,0.8691705705233195,roc_auc,early_stopping,45954,8051348,175.2045135498047,149.0,175.2045135498047,175.0,0.4587487578392029,0.1452974677085876,/kaggle/working/gfd-robustness-v4-factorial-r1/graphs/base/yelpchi/r60_s1/graph.bin,/kaggle/working/gfd-robustness-v4-factorial-r1/graphs/variants/yelpchi/r60_s1/heterophily_rewire_oracle/0.30/seed_0/graph.bin,/kaggle/working/gfd-robustness-v4-factorial-r1/graphs/base/yelpchi/r60_s1/graph.bin,ok,
gfd_robustness_benchmark_v4_factorial,yelpchi,r60_s1,0,4,heterophily_rewire_oracle,0.3,pmp,train_on_variant,0.9155616973791724,0.6618904612999983,0.7768438596853486,0.3891105651855469,44.89766614499968,66,56,0.9263791997749472,roc_auc,early_stopping,45954,8051348,175.2045135498047,149.0,175.2045135498047,175.0,0.4587487578392029,0.1452974677085876,/kaggle/working/gfd-robustness-v4-factorial-r1/graphs/base/yelpchi/r60_s1/graph.bin,/kaggle/working/gfd-robustness-v4-factorial-r1/graphs/variants/yelpchi/r60_s1/heterophily_rewire_oracle/0.30/seed_0/graph.bin,/kaggle/working/gfd-robustness-v4-factorial-r1/graphs/variants/yelpchi/r60_s1/heterophily_rewire_oracle/0.30/seed_0/graph.bin,ok,
gfd_robustness_benchmark_v4_factorial,yelpchi,r60_s1,0,4,heterophily_rewire_oracle,0.3,sage,train_clean_eval_all,0.7465925296809639,0.3697407937483704,0.6260358610680878,0.6741504073143005,0.1080515639987425,100,100,0.8005188136090231,roc_auc,max_epochs,45954,8051348,175.2045135498047,149.0,175.2045135498047,175.0,0.4587487578392029,0.1452974677085876,/kaggle/working/gfd-robustness-v4-factorial-r1/graphs/base/yelpchi/r60_s1/graph.bin,/kaggle/working/gfd-robustness-v4-factorial-r1/graphs/variants/yelpchi/r60_s1/heterophily_rewire_oracle/0.30/seed_0/graph.bin,/kaggle/working/gfd-robustness-v4-factorial-r1/graphs/base/yelpchi/r60_s1/graph.bin,ok,
gfd_robustness_benchmark_v4_factorial,yelpchi,r60_s1,0,4,heterophily_rewire_oracle,0.3,sage,train_on_variant,0.8822674152712904,0.6075293202342166,0.7452165320186301,0.6978704333305359,3.3221584719976818,100,100,0.899524861904796,roc_auc,max_epochs,45954,8051348,175.2045135498047,149.0,175.2045135498047,175.0,0.4587487578392029,0.1452974677085876,/kaggle/working/gfd-robustness-v4-factorial-r1/graphs/base/yelpchi/r60_s1/graph.bin,/kaggle/working/gfd-robustness-v4-factorial-r1/graphs/variants/yelpchi/r60_s1/heterophily_rewire_oracle/0.30/seed_0/graph.bin,/kaggle/working/gfd-robustness-v4-factorial-r1/graphs/variants/yelpchi/r60_s1/heterophily_rewire_oracle/0.30/seed_0/graph.bin,ok,
gfd_robustness_benchmark_v4_factorial,yelpchi,r60_s1,0,4,heterophily_rewire_oracle,0.3,secgfd,train_clean_eval_all,0.4842683840567338,0.1293556389390585,0.4592861004722717,0.7461267709732056,0.1650306670017016,50,50,0.8075951527808571,roc_auc,max_epochs,45954,8051348,175.2045135498047,149.0,175.2045135498047,175.0,0.4587487578392029,0.1452974677085876,/kaggle/working/gfd-robustness-v4-factorial-r1/graphs/base/yelpchi/r60_s1/graph.bin,/kaggle/working/gfd-robustness-v4-factorial-r1/graphs/variants/yelpchi/r60_s1/heterophily_rewire_oracle/0.30/seed_0/graph.bin,/kaggle/working/gfd-robustness-v4-factorial-r1/graphs/base/yelpchi/r60_s1/graph.bin,ok,
gfd_robustness_benchmark_v4_factorial,yelpchi,r60_s1,0,4,heterophily_rewire_oracle,0.3,secgfd,train_on_variant,1.0,1.0,1.0,0.6682890057563782,1.313628316998802,12,2,1.0,roc_auc,early_stopping,45954,8051348,175.2045135498047,149.0,175.2045135498047,175.0,0.4587487578392029,0.1452974677085876,/kaggle/working/gfd-robustness-v4-factorial-r1/graphs/base/yelpchi/r60_s1/graph.bin,/kaggle/working/gfd-robustness-v4-factorial-r1/graphs/variants/yelpchi/r60_s1/heterophily_rewire_oracle/0.30/seed_0/graph.bin,/kaggle/working/gfd-robustness-v4-factorial-r1/graphs/variants/yelpchi/r60_s1/heterophily_rewire_oracle/0.30/seed_0/graph.bin,ok,
gfd_robustness_benchmark_v4_factorial,yelpchi,r60_s1,1,0,heterophily_rewire_oracle,0.3,mlp,train_clean_eval_all,0.7313415906222179,0.3257175093405576,0.6106510448958343,0.4993019104003906,0.0748640689998865,16,6,0.7522698631802545,roc_auc,early_stopping,45954,8051348,175.2045135498047,149.0,175.2045135498047,175.0,0.4587411880493164,0.1452974677085876,/kaggle/working/gfd-robustness-v4-factorial-r1/graphs/base/yelpchi/r60_s1/graph.bin,/kaggle/working/gfd-robustness-v4-factorial-r1/graphs/variants/yelpchi/r60_s1/heterophily_rewire_oracle/0.30/seed_1/graph.bin,/kaggle/working/gfd-robustness-v4-factorial-r1/graphs/base/yelpchi/r60_s1/graph.bin,ok,
gfd_robustness_benchmark_v4_factorial,yelpchi,r60_s1,1,0,heterophily_rewire_oracle,0.3,mlp,train_on_variant,0.7313415906222179,0.3257175093405576,0.6106510448958343,0.4993019104003906,0.3829867049971653,16,6,0.7522698631802545,roc_auc,early_stopping,45954,8051348,175.2045135498047,149.0,175.2045135498047,175.0,0.4587411880493164,0.1452974677085876,/kaggle/working/gfd-robustness-v4-factorial-r1/graphs/base/yelpchi/r60_s1/graph.bin,/kaggle/working/gfd-robustness-v4-factorial-r1/graphs/variants/yelpchi/r60_s1/heterophily_rewire_oracle/0.30/seed_1/graph.bin,/kaggle/working/gfd-robustness-v4-factorial-r1/graphs/variants/yelpchi/r60_s1/heterophily_rewire_oracle/0.30/seed_1/graph.bin,ok,
gfd_robustness_benchmark_v4_factorial,yelpchi,r60_s1,1,0,heterophily_rewire_oracle,0.3,pmp,train_clean_eval_all,0.7589444964449918,0.3690335056093618,0.626135790024689,0.4558625817298889,0.3697201089998998,43,33,0.8640671153419779,roc_auc,early_stopping,45954,8051348,175.2045135498047,149.0,175.2045135498047,175.0,0.4587411880493164,0.1452974677085876,/kaggle/working/gfd-robustness-v4-factorial-r1/graphs/base/yelpchi/r60_s1/graph.bin,/kaggle/working/gfd-robustness-v4-factorial-r1/graphs/variants/yelpchi/r60_s1/heterophily_rewire_oracle/0.30/seed_1/graph.bin,/kaggle/working/gfd-robustness-v4-factorial-r1/graphs/base/yelpchi/r60_s1/graph.bin,ok,
gfd_robustness_benchmark_v4_factorial,yelpchi,r60_s1,1,0,heterophily_rewire_oracle,0.3,pmp,train_on_variant,0.8745051743508909,0.5656458866438253,0.7323962817463956,0.1931012123823166,13.706226021000475,21,11,0.890322583721335,roc_auc,early_stopping,45954,8051348,175.2045135498047,149.0,175.2045135498047,175.0,0.4587411880493164,0.1452974677085876,/kaggle/working/gfd-robustness-v4-factorial-r1/graphs/base/yelpchi/r60_s1/graph.bin,/kaggle/working/gfd-robustness-v4-factorial-r1/graphs/variants/yelpchi/r60_s1/heterophily_rewire_oracle/0.30/seed_1/graph.bin,/kaggle/working/gfd-robustness-v4-factorial-r1/graphs/variants/yelpchi/r60_s1/heterophily_rewire_oracle/0.30/seed_1/graph.bin,ok,
gfd_robustness_benchmark_v4_factorial,yelpchi,r60_s1,1,0,heterophily_rewire_oracle,0.3,sage,train_clean_eval_all,0.7645608890416723,0.4012931039120572,0.6400089166431749,0.6908925771713257,0.1036842450012045,100,100,0.8115424465439842,roc_auc,max_epochs,45954,8051348,175.2045135498047,149.0,175.2045135498047,175.0,0.4587411880493164,0.1452974677085876,/kaggle/working/gfd-robustness-v4-factorial-r1/graphs/base/yelpchi/r60_s1/graph.bin,/kaggle/working/gfd-robustness-v4-factorial-r1/graphs/variants/yelpchi/r60_s1/heterophily_rewire_oracle/0.30/seed_1/graph.bin,/kaggle/working/gfd-robustness-v4-factorial-r1/graphs/base/yelpchi/r60_s1/graph.bin,ok,
gfd_robustness_benchmark_v4_factorial,yelpchi,r60_s1,1,0,heterophily_rewire_oracle,0.3,sage,train_on_variant,0.768412687735527,0.3818208388312864,0.647074362974519,0.6219187378883362,0.9513373970003158,27,17,0.7823378796873101,roc_auc,early_stopping,45954,8051348,175.2045135498047,149.0,175.2045135498047,175.0,0.4587411880493164,0.1452974677085876,/kaggle/working/gfd-robustness-v4-factorial-r1/graphs/base/yelpchi/r60_s1/graph.bin,/kaggle/working/gfd-robustness-v4-factorial-r1/graphs/variants/yelpchi/r60_s1/heterophily_rewire_oracle/0.30/seed_1/graph.bin,/kaggle/working/gfd-robustness-v4-factorial-r1/graphs/variants/yelpchi/r60_s1/heterophily_rewire_oracle/0.30/seed_1/graph.bin,ok,
gfd_robustness_benchmark_v4_factorial,yelpchi,r60_s1,1,0,heterophily_rewire_oracle,0.3,secgfd,train_clean_eval_all,0.4804069622974011,0.1360896877865448,0.4843644920613717,0.6614007353782654,0.1451889810014108,50,50,0.8176709412406993,roc_auc,max_epochs,45954,8051348,175.2045135498047,149.0,175.2045135498047,175.0,0.4587411880493164,0.1452974677085876,/kaggle/working/gfd-robustness-v4-factorial-r1/graphs/base/yelpchi/r60_s1/graph.bin,/kaggle/working/gfd-robustness-v4-factorial-r1/graphs/variants/yelpchi/r60_s1/heterophily_rewire_oracle/0.30/seed_1/graph.bin,/kaggle/working/gfd-robustness-v4-factorial-r1/graphs/base/yelpchi/r60_s1/graph.bin,ok,
gfd_robustness_benchmark_v4_factorial,yelpchi,r60_s1,1,0,heterophily_rewire_oracle,0.3,secgfd,train_on_variant,1.0,1.0,0.999561830644112,0.5757787227630615,1.3083467399992514,12,2,1.0,roc_auc,early_stopping,45954,8051348,175.2045135498047,149.0,175.2045135498047,175.0,0.4587411880493164,0.1452974677085876,/kaggle/working/gfd-robustness-v4-factorial-r1/graphs/base/yelpchi/r60_s1/graph.bin,/kaggle/working/gfd-robustness-v4-factorial-r1/graphs/variants/yelpchi/r60_s1/heterophily_rewire_oracle/0.30/seed_1/graph.bin,/kaggle/working/gfd-robustness-v4-factorial-r1/graphs/variants/yelpchi/r60_s1/heterophily_rewire_oracle/0.30/seed_1/graph.bin,ok,
gfd_robustness_benchmark_v4_factorial,yelpchi,r60_s1,1,1,heterophily_rewire_oracle,0.3,mlp,train_clean_eval_all,0.7838484658737515,0.4223574749223457,0.6531032177334472,0.6898988485336304,0.07735815200067,100,100,0.8046757116939282,roc_auc,max_epochs,45954,8051348,175.2045135498047,149.0,175.2045135498047,175.0,0.4587411880493164,0.1452974677085876,/kaggle/working/gfd-robustness-v4-factorial-r1/graphs/base/yelpchi/r60_s1/graph.bin,/kaggle/working/gfd-robustness-v4-factorial-r1/graphs/variants/yelpchi/r60_s1/heterophily_rewire_oracle/0.30/seed_1/graph.bin,/kaggle/working/gfd-robustness-v4-factorial-r1/graphs/base/yelpchi/r60_s1/graph.bin,ok,
gfd_robustness_benchmark_v4_factorial,yelpchi,r60_s1,1,1,heterophily_rewire_oracle,0.3,mlp,train_on_variant,0.7838484658737515,0.4223574749223457,0.6531032177334472,0.6898988485336304,1.7451920620005694,100,100,0.8046757116939282,roc_auc,max_epochs,45954,8051348,175.2045135498047,149.0,175.2045135498047,175.0,0.4587411880493164,0.1452974677085876,/kaggle/working/gfd-robustness-v4-factorial-r1/graphs/base/yelpchi/r60_s1/graph.bin,/kaggle/working/gfd-robustness-v4-factorial-r1/graphs/variants/yelpchi/r60_s1/heterophily_rewire_oracle/0.30/seed_1/graph.bin,/kaggle/working/gfd-robustness-v4-factorial-r1/graphs/variants/yelpchi/r60_s1/heterophily_rewire_oracle/0.30/seed_1/graph.bin,ok,
gfd_robustness_benchmark_v4_factorial,yelpchi,r60_s1,1,1,heterophily_rewire_oracle,0.3,pmp,train_clean_eval_all,0.7383213619858043,0.345535864172167,0.6268193626393203,0.3602780103683471,0.3445701070013456,51,41,0.8613966151476791,roc_auc,early_stopping,45954,8051348,175.2045135498047,149.0,175.2045135498047,175.0,0.4587411880493164,0.1452974677085876,/kaggle/working/gfd-robustness-v4-factorial-r1/graphs/base/yelpchi/r60_s1/graph.bin,/kaggle/working/gfd-robustness-v4-factorial-r1/graphs/variants/yelpchi/r60_s1/heterophily_rewire_oracle/0.30/seed_1/graph.bin,/kaggle/working/gfd-robustness-v4-factorial-r1/graphs/base/yelpchi/r60_s1/graph.bin,ok,
gfd_robustness_benchmark_v4_factorial,yelpchi,r60_s1,1,1,heterophily_rewire_oracle,0.3,pmp,train_on_variant,0.8761734423210605,0.5642089543794887,0.7316997246296729,0.2362888157367706,17.874802096001076,28,18,0.8936572759543886,roc_auc,early_stopping,45954,8051348,175.2045135498047,149.0,175.2045135498047,175.0,0.4587411880493164,0.1452974677085876,/kaggle/working/gfd-robustness-v4-factorial-r1/graphs/base/yelpchi/r60_s1/graph.bin,/kaggle/working/gfd-robustness-v4-factorial-r1/graphs/variants/yelpchi/r60_s1/heterophily_rewire_oracle/0.30/seed_1/graph.bin,/kaggle/working/gfd-robustness-v4-factorial-r1/graphs/variants/yelpchi/r60_s1/heterophily_rewire_oracle/0.30/seed_1/graph.bin,ok,
gfd_robustness_benchmark_v4_factorial,yelpchi,r60_s1,1,1,heterophily_rewire_oracle,0.3,sage,train_clean_eval_all,0.6297148256948425,0.2177672634225341,0.5571741568596971,0.2996191680431366,0.1109220969992748,23,13,0.6071633087539366,roc_auc,early_stopping,45954,8051348,175.2045135498047,149.0,175.2045135498047,175.0,0.4587411880493164,0.1452974677085876,/kaggle/working/gfd-robustness-v4-factorial-r1/graphs/base/yelpchi/r60_s1/graph.bin,/kaggle/working/gfd-robustness-v4-factorial-r1/graphs/variants/yelpchi/r60_s1/heterophily_rewire_oracle/0.30/seed_1/graph.bin,/kaggle/working/gfd-robustness-v4-factorial-r1/graphs/base/yelpchi/r60_s1/graph.bin,ok,
gfd_robustness_benchmark_v4_factorial,yelpchi,r60_s1,1,1,heterophily_rewire_oracle,0.3,sage,train_on_variant,0.8722012123919167,0.5885428504835241,0.7338737695425593,0.6880555152893066,3.464674124999874,100,100,0.8890170863759574,roc_auc,max_epochs,45954,8051348,175.2045135498047,149.0,175.2045135498047,175.0,0.4587411880493164,0.1452974677085876,/kaggle/working/gfd-robustness-v4-factorial-r1/graphs/base/yelpchi/r60_s1/graph.bin,/kaggle/working/gfd-robustness-v4-factorial-r1/graphs/variants/yelpchi/r60_s1/heterophily_rewire_oracle/0.30/seed_1/graph.bin,/kaggle/working/gfd-robustness-v4-factorial-r1/graphs/variants/yelpchi/r60_s1/heterophily_rewire_oracle/0.30/seed_1/graph.bin,ok,
gfd_robustness_benchmark_v4_factorial,yelpchi,r60_s1,1,1,heterophily_rewire_oracle,0.3,secgfd,train_clean_eval_all,0.4674228744649194,0.1344676467253532,0.4718331303697157,0.7126186490058899,0.1637955279984453,50,50,0.8104918501777297,roc_auc,max_epochs,45954,8051348,175.2045135498047,149.0,175.2045135498047,175.0,0.4587411880493164,0.1452974677085876,/kaggle/working/gfd-robustness-v4-factorial-r1/graphs/base/yelpchi/r60_s1/graph.bin,/kaggle/working/gfd-robustness-v4-factorial-r1/graphs/variants/yelpchi/r60_s1/heterophily_rewire_oracle/0.30/seed_1/graph.bin,/kaggle/working/gfd-robustness-v4-factorial-r1/graphs/base/yelpchi/r60_s1/graph.bin,ok,
gfd_robustness_benchmark_v4_factorial,yelpchi,r60_s1,1,1,heterophily_rewire_oracle,0.3,secgfd,train_on_variant,1.0,1.0,1.0,0.7173512578010559,1.4999001770011091,14,4,1.0,roc_auc,early_stopping,45954,8051348,175.2045135498047,149.0,175.2045135498047,175.0,0.4587411880493164,0.1452974677085876,/kaggle/working/gfd-robustness-v4-factorial-r1/graphs/base/yelpchi/r60_s1/graph.bin,/kaggle/working/gfd-robustness-v4-factorial-r1/graphs/variants/yelpchi/r60_s1/heterophily_rewire_oracle/0.30/seed_1/graph.bin,/kaggle/working/gfd-robustness-v4-factorial-r1/graphs/variants/yelpchi/r60_s1/heterophily_rewire_oracle/0.30/seed_1/graph.bin,ok,
gfd_robustness_benchmark_v4_factorial,yelpchi,r60_s1,1,2,heterophily_rewire_oracle,0.3,mlp,train_clean_eval_all,0.7843809262838884,0.425287123032842,0.6571495387316263,0.6982053518295288,0.0722319699998479,100,100,0.8050527229251151,roc_auc,max_epochs,45954,8051348,175.2045135498047,149.0,175.2045135498047,175.0,0.4587411880493164,0.1452974677085876,/kaggle/working/gfd-robustness-v4-factorial-r1/graphs/base/yelpchi/r60_s1/graph.bin,/kaggle/working/gfd-robustness-v4-factorial-r1/graphs/variants/yelpchi/r60_s1/heterophily_rewire_oracle/0.30/seed_1/graph.bin,/kaggle/working/gfd-robustness-v4-factorial-r1/graphs/base/yelpchi/r60_s1/graph.bin,ok,
gfd_robustness_benchmark_v4_factorial,yelpchi,r60_s1,1,2,heterophily_rewire_oracle,0.3,mlp,train_on_variant,0.7843809262838884,0.425287123032842,0.6571495387316263,0.6982053518295288,1.874360490997788,100,100,0.8050527229251151,roc_auc,max_epochs,45954,8051348,175.2045135498047,149.0,175.2045135498047,175.0,0.4587411880493164,0.1452974677085876,/kaggle/working/gfd-robustness-v4-factorial-r1/graphs/base/yelpchi/r60_s1/graph.bin,/kaggle/working/gfd-robustness-v4-factorial-r1/graphs/variants/yelpchi/r60_s1/heterophily_rewire_oracle/0.30/seed_1/graph.bin,/kaggle/working/gfd-robustness-v4-factorial-r1/graphs/variants/yelpchi/r60_s1/heterophily_rewire_oracle/0.30/seed_1/graph.bin,ok,
gfd_robustness_benchmark_v4_factorial,yelpchi,r60_s1,1,2,heterophily_rewire_oracle,0.3,pmp,train_clean_eval_all,0.7538950548495676,0.3766210222214371,0.6425901851856898,0.3910762369632721,0.3000478460016893,61,51,0.8651209063145925,roc_auc,early_stopping,45954,8051348,175.2045135498047,149.0,175.2045135498047,175.0,0.4587411880493164,0.1452974677085876,/kaggle/working/gfd-robustness-v4-factorial-r1/graphs/base/yelpchi/r60_s1/graph.bin,/kaggle/working/gfd-robustness-v4-factorial-r1/graphs/variants/yelpchi/r60_s1/heterophily_rewire_oracle/0.30/seed_1/graph.bin,/kaggle/working/gfd-robustness-v4-factorial-r1/graphs/base/yelpchi/r60_s1/graph.bin,ok,
gfd_robustness_benchmark_v4_factorial,yelpchi,r60_s1,1,2,heterophily_rewire_oracle,0.3,pmp,train_on_variant,0.9110708699708526,0.646464162871561,0.7592724662638346,0.2874064743518829,34.58738398299829,55,45,0.9251442221729522,roc_auc,early_stopping,45954,8051348,175.2045135498047,149.0,175.2045135498047,175.0,0.4587411880493164,0.1452974677085876,/kaggle/working/gfd-robustness-v4-factorial-r1/graphs/base/yelpchi/r60_s1/graph.bin,/kaggle/working/gfd-robustness-v4-factorial-r1/graphs/variants/yelpchi/r60_s1/heterophily_rewire_oracle/0.30/seed_1/graph.bin,/kaggle/working/gfd-robustness-v4-factorial-r1/graphs/variants/yelpchi/r60_s1/heterophily_rewire_oracle/0.30/seed_1/graph.bin,ok,
gfd_robustness_benchmark_v4_factorial,yelpchi,r60_s1,1,2,heterophily_rewire_oracle,0.3,sage,train_clean_eval_all,0.7498948608638121,0.3765929919190013,0.6279884168537104,0.6638100147247314,0.1315808020008262,100,100,0.794380449009076,roc_auc,max_epochs,45954,8051348,175.2045135498047,149.0,175.2045135498047,175.0,0.4587411880493164,0.1452974677085876,/kaggle/working/gfd-robustness-v4-factorial-r1/graphs/base/yelpchi/r60_s1/graph.bin,/kaggle/working/gfd-robustness-v4-factorial-r1/graphs/variants/yelpchi/r60_s1/heterophily_rewire_oracle/0.30/seed_1/graph.bin,/kaggle/working/gfd-robustness-v4-factorial-r1/graphs/base/yelpchi/r60_s1/graph.bin,ok,
gfd_robustness_benchmark_v4_factorial,yelpchi,r60_s1,1,2,heterophily_rewire_oracle,0.3,sage,train_on_variant,0.8902588947613937,0.6488117796759792,0.7642919759999522,0.6926949620246887,3.276258109999617,100,100,0.9053996953203785,roc_auc,max_epochs,45954,8051348,175.2045135498047,149.0,175.2045135498047,175.0,0.4587411880493164,0.1452974677085876,/kaggle/working/gfd-robustness-v4-factorial-r1/graphs/base/yelpchi/r60_s1/graph.bin,/kaggle/working/gfd-robustness-v4-factorial-r1/graphs/variants/yelpchi/r60_s1/heterophily_rewire_oracle/0.30/seed_1/graph.bin,/kaggle/working/gfd-robustness-v4-factorial-r1/graphs/variants/yelpchi/r60_s1/heterophily_rewire_oracle/0.30/seed_1/graph.bin,ok,
gfd_robustness_benchmark_v4_factorial,yelpchi,r60_s1,1,2,heterophily_rewire_oracle,0.3,secgfd,train_clean_eval_all,0.4684110013171214,0.1333778943002484,0.48127311464842,0.7434759140014648,0.1425440679995517,50,50,0.8145421342354521,roc_auc,max_epochs,45954,8051348,175.2045135498047,149.0,175.2045135498047,175.0,0.4587411880493164,0.1452974677085876,/kaggle/working/gfd-robustness-v4-factorial-r1/graphs/base/yelpchi/r60_s1/graph.bin,/kaggle/working/gfd-robustness-v4-factorial-r1/graphs/variants/yelpchi/r60_s1/heterophily_rewire_oracle/0.30/seed_1/graph.bin,/kaggle/working/gfd-robustness-v4-factorial-r1/graphs/base/yelpchi/r60_s1/graph.bin,ok,
gfd_robustness_benchmark_v4_factorial,yelpchi,r60_s1,1,2,heterophily_rewire_oracle,0.3,secgfd,train_on_variant,1.0,1.0,0.9993425415504036,0.5471933484077454,1.3063729940004123,12,2,1.0,roc_auc,early_stopping,45954,8051348,175.2045135498047,149.0,175.2045135498047,175.0,0.4587411880493164,0.1452974677085876,/kaggle/working/gfd-robustness-v4-factorial-r1/graphs/base/yelpchi/r60_s1/graph.bin,/kaggle/working/gfd-robustness-v4-factorial-r1/graphs/variants/yelpchi/r60_s1/heterophily_rewire_oracle/0.30/seed_1/graph.bin,/kaggle/working/gfd-robustness-v4-factorial-r1/graphs/variants/yelpchi/r60_s1/heterophily_rewire_oracle/0.30/seed_1/graph.bin,ok,
gfd_robustness_benchmark_v4_factorial,yelpchi,r60_s1,1,3,heterophily_rewire_oracle,0.3,mlp,train_clean_eval_all,0.7816018135572033,0.4143485547512492,0.6496944434221562,0.6969894766807556,0.0905734080006368,100,100,0.8041077869722045,roc_auc,max_epochs,45954,8051348,175.2045135498047,149.0,175.2045135498047,175.0,0.4587411880493164,0.1452974677085876,/kaggle/working/gfd-robustness-v4-factorial-r1/graphs/base/yelpchi/r60_s1/graph.bin,/kaggle/working/gfd-robustness-v4-factorial-r1/graphs/variants/yelpchi/r60_s1/heterophily_rewire_oracle/0.30/seed_1/graph.bin,/kaggle/working/gfd-robustness-v4-factorial-r1/graphs/base/yelpchi/r60_s1/graph.bin,ok,
gfd_robustness_benchmark_v4_factorial,yelpchi,r60_s1,1,3,heterophily_rewire_oracle,0.3,mlp,train_on_variant,0.7816018135572033,0.4143485547512492,0.6496944434221562,0.6969894766807556,1.6514695639998536,100,100,0.8041077869722045,roc_auc,max_epochs,45954,8051348,175.2045135498047,149.0,175.2045135498047,175.0,0.4587411880493164,0.1452974677085876,/kaggle/working/gfd-robustness-v4-factorial-r1/graphs/base/yelpchi/r60_s1/graph.bin,/kaggle/working/gfd-robustness-v4-factorial-r1/graphs/variants/yelpchi/r60_s1/heterophily_rewire_oracle/0.30/seed_1/graph.bin,/kaggle/working/gfd-robustness-v4-factorial-r1/graphs/variants/yelpchi/r60_s1/heterophily_rewire_oracle/0.30/seed_1/graph.bin,ok,
gfd_robustness_benchmark_v4_factorial,yelpchi,r60_s1,1,3,heterophily_rewire_oracle,0.3,pmp,train_clean_eval_all,0.7444130006280718,0.355273217482885,0.6235915106510309,0.3360407650470733,0.3045690849976381,64,54,0.863328636785177,roc_auc,early_stopping,45954,8051348,175.2045135498047,149.0,175.2045135498047,175.0,0.4587411880493164,0.1452974677085876,/kaggle/working/gfd-robustness-v4-factorial-r1/graphs/base/yelpchi/r60_s1/graph.bin,/kaggle/working/gfd-robustness-v4-factorial-r1/graphs/variants/yelpchi/r60_s1/heterophily_rewire_oracle/0.30/seed_1/graph.bin,/kaggle/working/gfd-robustness-v4-factorial-r1/graphs/base/yelpchi/r60_s1/graph.bin,ok,
gfd_robustness_benchmark_v4_factorial,yelpchi,r60_s1,1,3,heterophily_rewire_oracle,0.3,pmp,train_on_variant,0.8750918478724832,0.5523483392233486,0.7306884560272258,0.3269736170768738,18.349214952002512,29,19,0.897138252550321,roc_auc,early_stopping,45954,8051348,175.2045135498047,149.0,175.2045135498047,175.0,0.4587411880493164,0.1452974677085876,/kaggle/working/gfd-robustness-v4-factorial-r1/graphs/base/yelpchi/r60_s1/graph.bin,/kaggle/working/gfd-robustness-v4-factorial-r1/graphs/variants/yelpchi/r60_s1/heterophily_rewire_oracle/0.30/seed_1/graph.bin,/kaggle/working/gfd-robustness-v4-factorial-r1/graphs/variants/yelpchi/r60_s1/heterophily_rewire_oracle/0.30/seed_1/graph.bin,ok,
gfd_robustness_benchmark_v4_factorial,yelpchi,r60_s1,1,3,heterophily_rewire_oracle,0.3,sage,train_clean_eval_all,0.7487556709391807,0.3765205189725735,0.6271395570548548,0.6734314560890198,0.1099233360000653,100,100,0.7957354389126895,roc_auc,max_epochs,45954,8051348,175.2045135498047,149.0,175.2045135498047,175.0,0.4587411880493164,0.1452974677085876,/kaggle/working/gfd-robustness-v4-factorial-r1/graphs/base/yelpchi/r60_s1/graph.bin,/kaggle/working/gfd-robustness-v4-factorial-r1/graphs/variants/yelpchi/r60_s1/heterophily_rewire_oracle/0.30/seed_1/graph.bin,/kaggle/working/gfd-robustness-v4-factorial-r1/graphs/base/yelpchi/r60_s1/graph.bin,ok,
gfd_robustness_benchmark_v4_factorial,yelpchi,r60_s1,1,3,heterophily_rewire_oracle,0.3,sage,train_on_variant,0.9039876268339084,0.6517769228503589,0.7612851380179373,0.7369117736816406,3.259272536000936,100,100,0.9160907077483508,roc_auc,max_epochs,45954,8051348,175.2045135498047,149.0,175.2045135498047,175.0,0.4587411880493164,0.1452974677085876,/kaggle/working/gfd-robustness-v4-factorial-r1/graphs/base/yelpchi/r60_s1/graph.bin,/kaggle/working/gfd-robustness-v4-factorial-r1/graphs/variants/yelpchi/r60_s1/heterophily_rewire_oracle/0.30/seed_1/graph.bin,/kaggle/working/gfd-robustness-v4-factorial-r1/graphs/variants/yelpchi/r60_s1/heterophily_rewire_oracle/0.30/seed_1/graph.bin,ok,
gfd_robustness_benchmark_v4_factorial,yelpchi,r60_s1,1,3,heterophily_rewire_oracle,0.3,secgfd,train_clean_eval_all,0.4150218529336439,0.1201098317475821,0.4737270049061002,0.7394757270812988,0.1390705160010839,50,44,0.80207887816868,roc_auc,max_epochs,45954,8051348,175.2045135498047,149.0,175.2045135498047,175.0,0.4587411880493164,0.1452974677085876,/kaggle/working/gfd-robustness-v4-factorial-r1/graphs/base/yelpchi/r60_s1/graph.bin,/kaggle/working/gfd-robustness-v4-factorial-r1/graphs/variants/yelpchi/r60_s1/heterophily_rewire_oracle/0.30/seed_1/graph.bin,/kaggle/working/gfd-robustness-v4-factorial-r1/graphs/base/yelpchi/r60_s1/graph.bin,ok,
gfd_robustness_benchmark_v4_factorial,yelpchi,r60_s1,1,3,heterophily_rewire_oracle,0.3,secgfd,train_on_variant,1.0,1.0,0.9986838547020648,0.647898256778717,1.312363474000449,12,2,1.0,roc_auc,early_stopping,45954,8051348,175.2045135498047,149.0,175.2045135498047,175.0,0.4587411880493164,0.1452974677085876,/kaggle/working/gfd-robustness-v4-factorial-r1/graphs/base/yelpchi/r60_s1/graph.bin,/kaggle/working/gfd-robustness-v4-factorial-r1/graphs/variants/yelpchi/r60_s1/heterophily_rewire_oracle/0.30/seed_1/graph.bin,/kaggle/working/gfd-robustness-v4-factorial-r1/graphs/variants/yelpchi/r60_s1/heterophily_rewire_oracle/0.30/seed_1/graph.bin,ok,
gfd_robustness_benchmark_v4_factorial,yelpchi,r60_s1,1,4,heterophily_rewire_oracle,0.3,mlp,train_clean_eval_all,0.7806874794199787,0.4201037950434657,0.6496479861960988,0.6775984764099121,0.1028947159975359,100,100,0.8035062473626617,roc_auc,max_epochs,45954,8051348,175.2045135498047,149.0,175.2045135498047,175.0,0.4587411880493164,0.1452974677085876,/kaggle/working/gfd-robustness-v4-factorial-r1/graphs/base/yelpchi/r60_s1/graph.bin,/kaggle/working/gfd-robustness-v4-factorial-r1/graphs/variants/yelpchi/r60_s1/heterophily_rewire_oracle/0.30/seed_1/graph.bin,/kaggle/working/gfd-robustness-v4-factorial-r1/graphs/base/yelpchi/r60_s1/graph.bin,ok,
gfd_robustness_benchmark_v4_factorial,yelpchi,r60_s1,1,4,heterophily_rewire_oracle,0.3,mlp,train_on_variant,0.7806874794199787,0.4201037950434657,0.6496479861960988,0.6775984764099121,1.862126829000772,100,100,0.8035062473626617,roc_auc,max_epochs,45954,8051348,175.2045135498047,149.0,175.2045135498047,175.0,0.4587411880493164,0.1452974677085876,/kaggle/working/gfd-robustness-v4-factorial-r1/graphs/base/yelpchi/r60_s1/graph.bin,/kaggle/working/gfd-robustness-v4-factorial-r1/graphs/variants/yelpchi/r60_s1/heterophily_rewire_oracle/0.30/seed_1/graph.bin,/kaggle/working/gfd-robustness-v4-factorial-r1/graphs/variants/yelpchi/r60_s1/heterophily_rewire_oracle/0.30/seed_1/graph.bin,ok,
gfd_robustness_benchmark_v4_factorial,yelpchi,r60_s1,1,4,heterophily_rewire_oracle,0.3,pmp,train_clean_eval_all,0.7482519368086638,0.3773672224813297,0.6303408458450819,0.5032673478126526,0.2943641140009276,97,87,0.8691705705233195,roc_auc,early_stopping,45954,8051348,175.2045135498047,149.0,175.2045135498047,175.0,0.4587411880493164,0.1452974677085876,/kaggle/working/gfd-robustness-v4-factorial-r1/graphs/base/yelpchi/r60_s1/graph.bin,/kaggle/working/gfd-robustness-v4-factorial-r1/graphs/variants/yelpchi/r60_s1/heterophily_rewire_oracle/0.30/seed_1/graph.bin,/kaggle/working/gfd-robustness-v4-factorial-r1/graphs/base/yelpchi/r60_s1/graph.bin,ok,
gfd_robustness_benchmark_v4_factorial,yelpchi,r60_s1,1,4,heterophily_rewire_oracle,0.3,pmp,train_on_variant,0.9159165598284084,0.6697368307954552,0.7761814207693287,0.4625863134860992,55.27604997099843,86,76,0.9290640995382125,roc_auc,early_stopping,45954,8051348,175.2045135498047,149.0,175.2045135498047,175.0,0.4587411880493164,0.1452974677085876,/kaggle/working/gfd-robustness-v4-factorial-r1/graphs/base/yelpchi/r60_s1/graph.bin,/kaggle/working/gfd-robustness-v4-factorial-r1/graphs/variants/yelpchi/r60_s1/heterophily_rewire_oracle/0.30/seed_1/graph.bin,/kaggle/working/gfd-robustness-v4-factorial-r1/graphs/variants/yelpchi/r60_s1/heterophily_rewire_oracle/0.30/seed_1/graph.bin,ok,
gfd_robustness_benchmark_v4_factorial,yelpchi,r60_s1,1,4,heterophily_rewire_oracle,0.3,sage,train_clean_eval_all,0.7464625230191348,0.3706622183064335,0.6233363780544253,0.6741504073143005,0.1041681170027004,100,100,0.8005188136090231,roc_auc,max_epochs,45954,8051348,175.2045135498047,149.0,175.2045135498047,175.0,0.4587411880493164,0.1452974677085876,/kaggle/working/gfd-robustness-v4-factorial-r1/graphs/base/yelpchi/r60_s1/graph.bin,/kaggle/working/gfd-robustness-v4-factorial-r1/graphs/variants/yelpchi/r60_s1/heterophily_rewire_oracle/0.30/seed_1/graph.bin,/kaggle/working/gfd-robustness-v4-factorial-r1/graphs/base/yelpchi/r60_s1/graph.bin,ok,
gfd_robustness_benchmark_v4_factorial,yelpchi,r60_s1,1,4,heterophily_rewire_oracle,0.3,sage,train_on_variant,0.888182218175665,0.6188679378448506,0.7500894751198692,0.7113884091377258,3.2982754439981363,100,100,0.9031452091632752,roc_auc,max_epochs,45954,8051348,175.2045135498047,149.0,175.2045135498047,175.0,0.4587411880493164,0.1452974677085876,/kaggle/working/gfd-robustness-v4-factorial-r1/graphs/base/yelpchi/r60_s1/graph.bin,/kaggle/working/gfd-robustness-v4-factorial-r1/graphs/variants/yelpchi/r60_s1/heterophily_rewire_oracle/0.30/seed_1/graph.bin,/kaggle/working/gfd-robustness-v4-factorial-r1/graphs/variants/yelpchi/r60_s1/heterophily_rewire_oracle/0.30/seed_1/graph.bin,ok,
gfd_robustness_benchmark_v4_factorial,yelpchi,r60_s1,1,4,heterophily_rewire_oracle,0.3,secgfd,train_clean_eval_all,0.4839279562057148,0.1291136627377929,0.4579999403328549,0.7461267709732056,0.1658290320010564,50,50,0.8075951527808571,roc_auc,max_epochs,45954,8051348,175.2045135498047,149.0,175.2045135498047,175.0,0.4587411880493164,0.1452974677085876,/kaggle/working/gfd-robustness-v4-factorial-r1/graphs/base/yelpchi/r60_s1/graph.bin,/kaggle/working/gfd-robustness-v4-factorial-r1/graphs/variants/yelpchi/r60_s1/heterophily_rewire_oracle/0.30/seed_1/graph.bin,/kaggle/working/gfd-robustness-v4-factorial-r1/graphs/base/yelpchi/r60_s1/graph.bin,ok,
gfd_robustness_benchmark_v4_factorial,yelpchi,r60_s1,1,4,heterophily_rewire_oracle,0.3,secgfd,train_on_variant,1.0,1.0,1.0,0.6776670813560486,1.3087820119981188,12,2,1.0,roc_auc,early_stopping,45954,8051348,175.2045135498047,149.0,175.2045135498047,175.0,0.4587411880493164,0.1452974677085876,/kaggle/working/gfd-robustness-v4-factorial-r1/graphs/base/yelpchi/r60_s1/graph.bin,/kaggle/working/gfd-robustness-v4-factorial-r1/graphs/variants/yelpchi/r60_s1/heterophily_rewire_oracle/0.30/seed_1/graph.bin,/kaggle/working/gfd-robustness-v4-factorial-r1/graphs/variants/yelpchi/r60_s1/heterophily_rewire_oracle/0.30/seed_1/graph.bin,ok,
gfd_robustness_benchmark_v4_factorial,yelpchi,r60_s1,0,0,noise_edges_uniform,0.1,mlp,train_clean_eval_all,0.7313415906222179,0.3257175093405576,0.6106510448958343,0.4993019104003906,0.0906515200003923,16,6,0.7522698631802545,roc_auc,early_stopping,45954,8856482,192.7249450683593,193.0,192.7249450683593,192.0,0.2288910001516342,0.1452974677085876,/kaggle/working/gfd-robustness-v4-factorial-r1/graphs/base/yelpchi/r60_s1/graph.bin,/kaggle/working/gfd-robustness-v4-factorial-r1/graphs/variants/yelpchi/r60_s1/noise_edges_uniform/0.10/seed_0/graph.bin,/kaggle/working/gfd-robustness-v4-factorial-r1/graphs/base/yelpchi/r60_s1/graph.bin,ok,
gfd_robustness_benchmark_v4_factorial,yelpchi,r60_s1,0,0,noise_edges_uniform,0.1,mlp,train_on_variant,0.7313415906222179,0.3257175093405576,0.6106510448958343,0.4993019104003906,0.3224835670007451,16,6,0.7522698631802545,roc_auc,early_stopping,45954,8856482,192.7249450683593,193.0,192.7249450683593,192.0,0.2288910001516342,0.1452974677085876,/kaggle/working/gfd-robustness-v4-factorial-r1/graphs/base/yelpchi/r60_s1/graph.bin,/kaggle/working/gfd-robustness-v4-factorial-r1/graphs/variants/yelpchi/r60_s1/noise_edges_uniform/0.10/seed_0/graph.bin,/kaggle/working/gfd-robustness-v4-factorial-r1/graphs/variants/yelpchi/r60_s1/noise_edges_uniform/0.10/seed_0/graph.bin,ok,
gfd_robustness_benchmark_v4_factorial,yelpchi,r60_s1,0,0,noise_edges_uniform,0.1,pmp,train_clean_eval_all,0.8294226846713905,0.5168622659176999,0.7020674393102961,0.4558625817298889,0.3096394099993631,43,33,0.8640671153419779,roc_auc,early_stopping,45954,8856482,192.72494506835932,193.0,192.72494506835932,192.0,0.2288910001516342,0.1452974677085876,/kaggle/working/gfd-robustness-v4-factorial-r1/graphs/base/yelpchi/r60_s1/graph.bin,/kaggle/working/gfd-robustness-v4-factorial-r1/graphs/variants/yelpchi/r60_s1/noise_edges_uniform/0.10/seed_0/graph.bin,/kaggle/working/gfd-robustness-v4-factorial-r1/graphs/base/yelpchi/r60_s1/graph.bin,ok,
gfd_robustness_benchmark_v4_factorial,yelpchi,r60_s1,0,0,noise_edges_uniform,0.1,pmp,train_on_variant,0.829108791708843,0.5232156940402085,0.7002921605724802,0.2142644822597503,33.74372754999786,59,49,0.856192839790491,roc_auc,early_stopping,45954,8856482,192.7249450683593,193.0,192.7249450683593,192.0,0.2288910001516342,0.1452974677085876,/kaggle/working/gfd-robustness-v4-factorial-r1/graphs/base/yelpchi/r60_s1/graph.bin,/kaggle/working/gfd-robustness-v4-factorial-r1/graphs/variants/yelpchi/r60_s1/noise_edges_uniform/0.10/seed_0/graph.bin,/kaggle/working/gfd-robustness-v4-factorial-r1/graphs/variants/yelpchi/r60_s1/noise_edges_uniform/0.10/seed_0/graph.bin,ok,
gfd_robustness_benchmark_v4_factorial,yelpchi,r60_s1,0,0,noise_edges_uniform,0.1,sage,train_clean_eval_all,0.7834655917289657,0.4294266312211577,0.6578498672505881,0.6908925771713257,0.1210679010000603,100,100,0.8115424465439842,roc_auc,max_epochs,45954,8856482,192.7249450683593,193.0,192.7249450683593,192.0,0.2288910001516342,0.1452974677085876,/kaggle/working/gfd-robustness-v4-factorial-r1/graphs/base/yelpchi/r60_s1/graph.bin,/kaggle/working/gfd-robustness-v4-factorial-r1/graphs/variants/yelpchi/r60_s1/noise_edges_uniform/0.10/seed_0/graph.bin,/kaggle/working/gfd-robustness-v4-factorial-r1/graphs/base/yelpchi/r60_s1/graph.bin,ok,
gfd_robustness_benchmark_v4_factorial,yelpchi,r60_s1,0,0,noise_edges_uniform,0.1,sage,train_on_variant,0.7665062727142457,0.4085098625475593,0.644130035301969,0.6594663262367249,3.39294743299979,100,100,0.7895329437820802,roc_auc,max_epochs,45954,8856482,192.7249450683593,193.0,192.7249450683593,192.0,0.2288910001516342,0.1452974677085876,/kaggle/working/gfd-robustness-v4-factorial-r1/graphs/base/yelpchi/r60_s1/graph.bin,/kaggle/working/gfd-robustness-v4-factorial-r1/graphs/variants/yelpchi/r60_s1/noise_edges_uniform/0.10/seed_0/graph.bin,/kaggle/working/gfd-robustness-v4-factorial-r1/graphs/variants/yelpchi/r60_s1/noise_edges_uniform/0.10/seed_0/graph.bin,ok,
gfd_robustness_benchmark_v4_factorial,yelpchi,r60_s1,0,0,noise_edges_uniform,0.1,secgfd,train_clean_eval_all,0.7955396805675817,0.465050426258853,0.6754127183391768,0.6614007353782654,0.175588352001796,50,50,0.8176709412406993,roc_auc,max_epochs,45954,8856482,192.7249450683593,193.0,192.7249450683593,192.0,0.2288910001516342,0.1452974677085876,/kaggle/working/gfd-robustness-v4-factorial-r1/graphs/base/yelpchi/r60_s1/graph.bin,/kaggle/working/gfd-robustness-v4-factorial-r1/graphs/variants/yelpchi/r60_s1/noise_edges_uniform/0.10/seed_0/graph.bin,/kaggle/working/gfd-robustness-v4-factorial-r1/graphs/base/yelpchi/r60_s1/graph.bin,ok,
gfd_robustness_benchmark_v4_factorial,yelpchi,r60_s1,0,0,noise_edges_uniform,0.1,secgfd,train_on_variant,0.8083569368391527,0.4807655982871097,0.6846241899341431,0.7550199031829834,5.236571649002144,50,49,0.8232669856504957,roc_auc,max_epochs,45954,8856482,192.7249450683593,193.0,192.7249450683593,192.0,0.2288910001516342,0.1452974677085876,/kaggle/working/gfd-robustness-v4-factorial-r1/graphs/base/yelpchi/r60_s1/graph.bin,/kaggle/working/gfd-robustness-v4-factorial-r1/graphs/variants/yelpchi/r60_s1/noise_edges_uniform/0.10/seed_0/graph.bin,/kaggle/working/gfd-robustness-v4-factorial-r1/graphs/variants/yelpchi/r60_s1/noise_edges_uniform/0.10/seed_0/graph.bin,ok,
gfd_robustness_benchmark_v4_factorial,yelpchi,r60_s1,0,1,noise_edges_uniform,0.1,mlp,train_clean_eval_all,0.7838484658737515,0.4223574749223457,0.6531032177334472,0.6898988485336304,0.0926424549979856,100,100,0.8046757116939282,roc_auc,max_epochs,45954,8856482,192.7249450683593,193.0,192.7249450683593,192.0,0.2288910001516342,0.1452974677085876,/kaggle/working/gfd-robustness-v4-factorial-r1/graphs/base/yelpchi/r60_s1/graph.bin,/kaggle/working/gfd-robustness-v4-factorial-r1/graphs/variants/yelpchi/r60_s1/noise_edges_uniform/0.10/seed_0/graph.bin,/kaggle/working/gfd-robustness-v4-factorial-r1/graphs/base/yelpchi/r60_s1/graph.bin,ok,
gfd_robustness_benchmark_v4_factorial,yelpchi,r60_s1,0,1,noise_edges_uniform,0.1,mlp,train_on_variant,0.7838484658737515,0.4223574749223457,0.6531032177334472,0.6898988485336304,1.9421715620010216,100,100,0.8046757116939282,roc_auc,max_epochs,45954,8856482,192.7249450683593,193.0,192.7249450683593,192.0,0.2288910001516342,0.1452974677085876,/kaggle/working/gfd-robustness-v4-factorial-r1/graphs/base/yelpchi/r60_s1/graph.bin,/kaggle/working/gfd-robustness-v4-factorial-r1/graphs/variants/yelpchi/r60_s1/noise_edges_uniform/0.10/seed_0/graph.bin,/kaggle/working/gfd-robustness-v4-factorial-r1/graphs/variants/yelpchi/r60_s1/noise_edges_uniform/0.10/seed_0/graph.bin,ok,
gfd_robustness_benchmark_v4_factorial,yelpchi,r60_s1,0,1,noise_edges_uniform,0.1,pmp,train_clean_eval_all,0.8226489993536349,0.509882219403724,0.6970027636001132,0.3602780103683471,0.3171795060006843,51,41,0.8613966151476791,roc_auc,early_stopping,45954,8856482,192.72494506835932,193.0,192.72494506835932,192.0,0.2288910001516342,0.1452974677085876,/kaggle/working/gfd-robustness-v4-factorial-r1/graphs/base/yelpchi/r60_s1/graph.bin,/kaggle/working/gfd-robustness-v4-factorial-r1/graphs/variants/yelpchi/r60_s1/noise_edges_uniform/0.10/seed_0/graph.bin,/kaggle/working/gfd-robustness-v4-factorial-r1/graphs/base/yelpchi/r60_s1/graph.bin,ok,
gfd_robustness_benchmark_v4_factorial,yelpchi,r60_s1,0,1,noise_edges_uniform,0.1,pmp,train_on_variant,0.8319196796071807,0.5327803229659872,0.6995419744595883,0.2861388325691223,44.34699815599743,78,68,0.8565006663376699,roc_auc,early_stopping,45954,8856482,192.7249450683593,193.0,192.7249450683593,192.0,0.2288910001516342,0.1452974677085876,/kaggle/working/gfd-robustness-v4-factorial-r1/graphs/base/yelpchi/r60_s1/graph.bin,/kaggle/working/gfd-robustness-v4-factorial-r1/graphs/variants/yelpchi/r60_s1/noise_edges_uniform/0.10/seed_0/graph.bin,/kaggle/working/gfd-robustness-v4-factorial-r1/graphs/variants/yelpchi/r60_s1/noise_edges_uniform/0.10/seed_0/graph.bin,ok,
gfd_robustness_benchmark_v4_factorial,yelpchi,r60_s1,0,1,noise_edges_uniform,0.1,sage,train_clean_eval_all,0.6122300015549349,0.20793870357274,0.5513721552878179,0.2996191680431366,0.1220809660007944,23,13,0.6071633087539366,roc_auc,early_stopping,45954,8856482,192.7249450683593,193.0,192.7249450683593,192.0,0.2288910001516342,0.1452974677085876,/kaggle/working/gfd-robustness-v4-factorial-r1/graphs/base/yelpchi/r60_s1/graph.bin,/kaggle/working/gfd-robustness-v4-factorial-r1/graphs/variants/yelpchi/r60_s1/noise_edges_uniform/0.10/seed_0/graph.bin,/kaggle/working/gfd-robustness-v4-factorial-r1/graphs/base/yelpchi/r60_s1/graph.bin,ok,
gfd_robustness_benchmark_v4_factorial,yelpchi,r60_s1,0,1,noise_edges_uniform,0.1,sage,train_on_variant,0.6137937496951108,0.2109084291436126,0.5527162704088361,0.2982644438743591,0.9817049119992588,23,13,0.6098075845676673,roc_auc,early_stopping,45954,8856482,192.7249450683593,193.0,192.7249450683593,192.0,0.2288910001516342,0.1452974677085876,/kaggle/working/gfd-robustness-v4-factorial-r1/graphs/base/yelpchi/r60_s1/graph.bin,/kaggle/working/gfd-robustness-v4-factorial-r1/graphs/variants/yelpchi/r60_s1/noise_edges_uniform/0.10/seed_0/graph.bin,/kaggle/working/gfd-robustness-v4-factorial-r1/graphs/variants/yelpchi/r60_s1/noise_edges_uniform/0.10/seed_0/graph.bin,ok,
gfd_robustness_benchmark_v4_factorial,yelpchi,r60_s1,0,1,noise_edges_uniform,0.1,secgfd,train_clean_eval_all,0.78817917881142,0.4285271249843428,0.6654369416565472,0.7126186490058899,0.1953274039988173,50,50,0.8104918501777297,roc_auc,max_epochs,45954,8856482,192.7249450683593,193.0,192.7249450683593,192.0,0.2288910001516342,0.1452974677085876,/kaggle/working/gfd-robustness-v4-factorial-r1/graphs/base/yelpchi/r60_s1/graph.bin,/kaggle/working/gfd-robustness-v4-factorial-r1/graphs/variants/yelpchi/r60_s1/noise_edges_uniform/0.10/seed_0/graph.bin,/kaggle/working/gfd-robustness-v4-factorial-r1/graphs/base/yelpchi/r60_s1/graph.bin,ok,
gfd_robustness_benchmark_v4_factorial,yelpchi,r60_s1,0,1,noise_edges_uniform,0.1,secgfd,train_on_variant,0.7853887756564265,0.4309460197438426,0.6521978876082255,0.7502133250236511,5.149464050999086,50,50,0.8089203899326987,roc_auc,max_epochs,45954,8856482,192.7249450683593,193.0,192.7249450683593,192.0,0.2288910001516342,0.1452974677085876,/kaggle/working/gfd-robustness-v4-factorial-r1/graphs/base/yelpchi/r60_s1/graph.bin,/kaggle/working/gfd-robustness-v4-factorial-r1/graphs/variants/yelpchi/r60_s1/noise_edges_uniform/0.10/seed_0/graph.bin,/kaggle/working/gfd-robustness-v4-factorial-r1/graphs/variants/yelpchi/r60_s1/noise_edges_uniform/0.10/seed_0/graph.bin,ok,
gfd_robustness_benchmark_v4_factorial,yelpchi,r60_s1,0,2,noise_edges_uniform,0.1,mlp,train_clean_eval_all,0.7843809262838884,0.425287123032842,0.6571495387316263,0.6982053518295288,0.0925003270021989,100,100,0.8050527229251151,roc_auc,max_epochs,45954,8856482,192.7249450683593,193.0,192.7249450683593,192.0,0.2288910001516342,0.1452974677085876,/kaggle/working/gfd-robustness-v4-factorial-r1/graphs/base/yelpchi/r60_s1/graph.bin,/kaggle/working/gfd-robustness-v4-factorial-r1/graphs/variants/yelpchi/r60_s1/noise_edges_uniform/0.10/seed_0/graph.bin,/kaggle/working/gfd-robustness-v4-factorial-r1/graphs/base/yelpchi/r60_s1/graph.bin,ok,
gfd_robustness_benchmark_v4_factorial,yelpchi,r60_s1,0,2,noise_edges_uniform,0.1,mlp,train_on_variant,0.7843809262838884,0.425287123032842,0.6571495387316263,0.6982053518295288,1.884298408000177,100,100,0.8050527229251151,roc_auc,max_epochs,45954,8856482,192.7249450683593,193.0,192.7249450683593,192.0,0.2288910001516342,0.1452974677085876,/kaggle/working/gfd-robustness-v4-factorial-r1/graphs/base/yelpchi/r60_s1/graph.bin,/kaggle/working/gfd-robustness-v4-factorial-r1/graphs/variants/yelpchi/r60_s1/noise_edges_uniform/0.10/seed_0/graph.bin,/kaggle/working/gfd-robustness-v4-factorial-r1/graphs/variants/yelpchi/r60_s1/noise_edges_uniform/0.10/seed_0/graph.bin,ok,
gfd_robustness_benchmark_v4_factorial,yelpchi,r60_s1,0,2,noise_edges_uniform,0.1,pmp,train_clean_eval_all,0.8285225945766308,0.5139586886945908,0.69561420722135,0.3910762369632721,0.2807642209991172,61,51,0.8651209063145925,roc_auc,early_stopping,45954,8856482,192.72494506835932,193.0,192.72494506835932,192.0,0.2288910001516342,0.1452974677085876,/kaggle/working/gfd-robustness-v4-factorial-r1/graphs/base/yelpchi/r60_s1/graph.bin,/kaggle/working/gfd-robustness-v4-factorial-r1/graphs/variants/yelpchi/r60_s1/noise_edges_uniform/0.10/seed_0/graph.bin,/kaggle/working/gfd-robustness-v4-factorial-r1/graphs/base/yelpchi/r60_s1/graph.bin,ok,
gfd_robustness_benchmark_v4_factorial,yelpchi,r60_s1,0,2,noise_edges_uniform,0.1,pmp,train_on_variant,0.8408364025513129,0.5487328026977468,0.7132746828122434,0.2816450297832489,57.071746825000446,100,92,0.8611326071563951,roc_auc,max_epochs,45954,8856482,192.7249450683593,193.0,192.7249450683593,192.0,0.2288910001516342,0.1452974677085876,/kaggle/working/gfd-robustness-v4-factorial-r1/graphs/base/yelpchi/r60_s1/graph.bin,/kaggle/working/gfd-robustness-v4-factorial-r1/graphs/variants/yelpchi/r60_s1/noise_edges_uniform/0.10/seed_0/graph.bin,/kaggle/working/gfd-robustness-v4-factorial-r1/graphs/variants/yelpchi/r60_s1/noise_edges_uniform/0.10/seed_0/graph.bin,ok,
gfd_robustness_benchmark_v4_factorial,yelpchi,r60_s1,0,2,noise_edges_uniform,0.1,sage,train_clean_eval_all,0.7673605341506397,0.4047121469706104,0.6414514927949803,0.6638100147247314,0.1448836479976307,100,100,0.794380449009076,roc_auc,max_epochs,45954,8856482,192.7249450683593,193.0,192.7249450683593,192.0,0.2288910001516342,0.1452974677085876,/kaggle/working/gfd-robustness-v4-factorial-r1/graphs/base/yelpchi/r60_s1/graph.bin,/kaggle/working/gfd-robustness-v4-factorial-r1/graphs/variants/yelpchi/r60_s1/noise_edges_uniform/0.10/seed_0/graph.bin,/kaggle/working/gfd-robustness-v4-factorial-r1/graphs/base/yelpchi/r60_s1/graph.bin,ok,
gfd_robustness_benchmark_v4_factorial,yelpchi,r60_s1,0,2,noise_edges_uniform,0.1,sage,train_on_variant,0.7670413056270351,0.4099234618766021,0.6458523784185038,0.6669779419898987,3.463610054001037,100,100,0.7912987028467757,roc_auc,max_epochs,45954,8856482,192.7249450683593,193.0,192.7249450683593,192.0,0.2288910001516342,0.1452974677085876,/kaggle/working/gfd-robustness-v4-factorial-r1/graphs/base/yelpchi/r60_s1/graph.bin,/kaggle/working/gfd-robustness-v4-factorial-r1/graphs/variants/yelpchi/r60_s1/noise_edges_uniform/0.10/seed_0/graph.bin,/kaggle/working/gfd-robustness-v4-factorial-r1/graphs/variants/yelpchi/r60_s1/noise_edges_uniform/0.10/seed_0/graph.bin,ok,
gfd_robustness_benchmark_v4_factorial,yelpchi,r60_s1,0,2,noise_edges_uniform,0.1,secgfd,train_clean_eval_all,0.7952210713501714,0.4715860695489919,0.6775214163085117,0.7434759140014648,0.1973874010000145,50,50,0.8145421342354521,roc_auc,max_epochs,45954,8856482,192.7249450683593,193.0,192.7249450683593,192.0,0.2288910001516342,0.1452974677085876,/kaggle/working/gfd-robustness-v4-factorial-r1/graphs/base/yelpchi/r60_s1/graph.bin,/kaggle/working/gfd-robustness-v4-factorial-r1/graphs/variants/yelpchi/r60_s1/noise_edges_uniform/0.10/seed_0/graph.bin,/kaggle/working/gfd-robustness-v4-factorial-r1/graphs/base/yelpchi/r60_s1/graph.bin,ok,
gfd_robustness_benchmark_v4_factorial,yelpchi,r60_s1,0,2,noise_edges_uniform,0.1,secgfd,train_on_variant,0.7952043500829299,0.46513444720793,0.6736415588111929,0.8142741918563843,5.2841636650009605,50,50,0.8132134640737907,roc_auc,max_epochs,45954,8856482,192.7249450683593,193.0,192.7249450683593,192.0,0.2288910001516342,0.1452974677085876,/kaggle/working/gfd-robustness-v4-factorial-r1/graphs/base/yelpchi/r60_s1/graph.bin,/kaggle/working/gfd-robustness-v4-factorial-r1/graphs/variants/yelpchi/r60_s1/noise_edges_uniform/0.10/seed_0/graph.bin,/kaggle/working/gfd-robustness-v4-factorial-r1/graphs/variants/yelpchi/r60_s1/noise_edges_uniform/0.10/seed_0/graph.bin,ok,
gfd_robustness_benchmark_v4_factorial,yelpchi,r60_s1,0,3,noise_edges_uniform,0.1,mlp,train_clean_eval_all,0.7816018135572033,0.4143485547512492,0.6496944434221562,0.6969894766807556,0.0900302529989858,100,100,0.8041077869722045,roc_auc,max_epochs,45954,8856482,192.7249450683593,193.0,192.7249450683593,192.0,0.2288910001516342,0.1452974677085876,/kaggle/working/gfd-robustness-v4-factorial-r1/graphs/base/yelpchi/r60_s1/graph.bin,/kaggle/working/gfd-robustness-v4-factorial-r1/graphs/variants/yelpchi/r60_s1/noise_edges_uniform/0.10/seed_0/graph.bin,/kaggle/working/gfd-robustness-v4-factorial-r1/graphs/base/yelpchi/r60_s1/graph.bin,ok,
gfd_robustness_benchmark_v4_factorial,yelpchi,r60_s1,0,3,noise_edges_uniform,0.1,mlp,train_on_variant,0.7816018135572033,0.4143485547512492,0.6496944434221562,0.6969894766807556,1.8493331280005805,100,100,0.8041077869722045,roc_auc,max_epochs,45954,8856482,192.7249450683593,193.0,192.7249450683593,192.0,0.2288910001516342,0.1452974677085876,/kaggle/working/gfd-robustness-v4-factorial-r1/graphs/base/yelpchi/r60_s1/graph.bin,/kaggle/working/gfd-robustness-v4-factorial-r1/graphs/variants/yelpchi/r60_s1/noise_edges_uniform/0.10/seed_0/graph.bin,/kaggle/working/gfd-robustness-v4-factorial-r1/graphs/variants/yelpchi/r60_s1/noise_edges_uniform/0.10/seed_0/graph.bin,ok,
gfd_robustness_benchmark_v4_factorial,yelpchi,r60_s1,0,3,noise_edges_uniform,0.1,pmp,train_clean_eval_all,0.8279250117382343,0.5265602962371906,0.697801101925718,0.3360407650470733,0.2875675869981933,64,54,0.863328636785177,roc_auc,early_stopping,45954,8856482,192.72494506835932,193.0,192.72494506835932,192.0,0.2288910001516342,0.1452974677085876,/kaggle/working/gfd-robustness-v4-factorial-r1/graphs/base/yelpchi/r60_s1/graph.bin,/kaggle/working/gfd-robustness-v4-factorial-r1/graphs/variants/yelpchi/r60_s1/noise_edges_uniform/0.10/seed_0/graph.bin,/kaggle/working/gfd-robustness-v4-factorial-r1/graphs/base/yelpchi/r60_s1/graph.bin,ok,
gfd_robustness_benchmark_v4_factorial,yelpchi,r60_s1,0,3,noise_edges_uniform,0.1,pmp,train_on_variant,0.8295766537190385,0.5134422708486781,0.7022257664798881,0.3732141256332397,30.808821166003327,54,44,0.8527604021389559,roc_auc,early_stopping,45954,8856482,192.7249450683593,193.0,192.7249450683593,192.0,0.2288910001516342,0.1452974677085876,/kaggle/working/gfd-robustness-v4-factorial-r1/graphs/base/yelpchi/r60_s1/graph.bin,/kaggle/working/gfd-robustness-v4-factorial-r1/graphs/variants/yelpchi/r60_s1/noise_edges_uniform/0.10/seed_0/graph.bin,/kaggle/working/gfd-robustness-v4-factorial-r1/graphs/variants/yelpchi/r60_s1/noise_edges_uniform/0.10/seed_0/graph.bin,ok,
gfd_robustness_benchmark_v4_factorial,yelpchi,r60_s1,0,3,noise_edges_uniform,0.1,sage,train_clean_eval_all,0.7673267581435906,0.4069646364391809,0.6427379808534612,0.6734314560890198,0.1521607460017549,100,100,0.7957354389126895,roc_auc,max_epochs,45954,8856482,192.7249450683593,193.0,192.7249450683593,192.0,0.2288910001516342,0.1452974677085876,/kaggle/working/gfd-robustness-v4-factorial-r1/graphs/base/yelpchi/r60_s1/graph.bin,/kaggle/working/gfd-robustness-v4-factorial-r1/graphs/variants/yelpchi/r60_s1/noise_edges_uniform/0.10/seed_0/graph.bin,/kaggle/working/gfd-robustness-v4-factorial-r1/graphs/base/yelpchi/r60_s1/graph.bin,ok,
gfd_robustness_benchmark_v4_factorial,yelpchi,r60_s1,0,3,noise_edges_uniform,0.1,sage,train_on_variant,0.7664969831213337,0.4075051817877304,0.64434564337142,0.6894369125366211,3.4932023449982808,100,100,0.7917301654281607,roc_auc,max_epochs,45954,8856482,192.7249450683593,193.0,192.7249450683593,192.0,0.2288910001516342,0.1452974677085876,/kaggle/working/gfd-robustness-v4-factorial-r1/graphs/base/yelpchi/r60_s1/graph.bin,/kaggle/working/gfd-robustness-v4-factorial-r1/graphs/variants/yelpchi/r60_s1/noise_edges_uniform/0.10/seed_0/graph.bin,/kaggle/working/gfd-robustness-v4-factorial-r1/graphs/variants/yelpchi/r60_s1/noise_edges_uniform/0.10/seed_0/graph.bin,ok,
gfd_robustness_benchmark_v4_factorial,yelpchi,r60_s1,0,3,noise_edges_uniform,0.1,secgfd,train_clean_eval_all,0.779479546507799,0.4202553801684457,0.6603162816328173,0.7394757270812988,0.1813568550023774,50,44,0.80207887816868,roc_auc,max_epochs,45954,8856482,192.7249450683593,193.0,192.7249450683593,192.0,0.2288910001516342,0.1452974677085876,/kaggle/working/gfd-robustness-v4-factorial-r1/graphs/base/yelpchi/r60_s1/graph.bin,/kaggle/working/gfd-robustness-v4-factorial-r1/graphs/variants/yelpchi/r60_s1/noise_edges_uniform/0.10/seed_0/graph.bin,/kaggle/working/gfd-robustness-v4-factorial-r1/graphs/base/yelpchi/r60_s1/graph.bin,ok,
gfd_robustness_benchmark_v4_factorial,yelpchi,r60_s1,0,3,noise_edges_uniform,0.1,secgfd,train_on_variant,0.7954868966242667,0.4562252155734841,0.6742890289095542,0.7359423637390137,5.284327171997575,50,49,0.8154742917629221,roc_auc,max_epochs,45954,8856482,192.7249450683593,193.0,192.7249450683593,192.0,0.2288910001516342,0.1452974677085876,/kaggle/working/gfd-robustness-v4-factorial-r1/graphs/base/yelpchi/r60_s1/graph.bin,/kaggle/working/gfd-robustness-v4-factorial-r1/graphs/variants/yelpchi/r60_s1/noise_edges_uniform/0.10/seed_0/graph.bin,/kaggle/working/gfd-robustness-v4-factorial-r1/graphs/variants/yelpchi/r60_s1/noise_edges_uniform/0.10/seed_0/graph.bin,ok,
gfd_robustness_benchmark_v4_factorial,yelpchi,r60_s1,0,4,noise_edges_uniform,0.1,mlp,train_clean_eval_all,0.7806874794199787,0.4201037950434657,0.6496479861960988,0.6775984764099121,0.0659329350019106,100,100,0.8035062473626617,roc_auc,max_epochs,45954,8856482,192.7249450683593,193.0,192.7249450683593,192.0,0.2288910001516342,0.1452974677085876,/kaggle/working/gfd-robustness-v4-factorial-r1/graphs/base/yelpchi/r60_s1/graph.bin,/kaggle/working/gfd-robustness-v4-factorial-r1/graphs/variants/yelpchi/r60_s1/noise_edges_uniform/0.10/seed_0/graph.bin,/kaggle/working/gfd-robustness-v4-factorial-r1/graphs/base/yelpchi/r60_s1/graph.bin,ok,
gfd_robustness_benchmark_v4_factorial,yelpchi,r60_s1,0,4,noise_edges_uniform,0.1,mlp,train_on_variant,0.7806874794199787,0.4201037950434657,0.6496479861960988,0.6775984764099121,1.7387561360010295,100,100,0.8035062473626617,roc_auc,max_epochs,45954,8856482,192.7249450683593,193.0,192.7249450683593,192.0,0.2288910001516342,0.1452974677085876,/kaggle/working/gfd-robustness-v4-factorial-r1/graphs/base/yelpchi/r60_s1/graph.bin,/kaggle/working/gfd-robustness-v4-factorial-r1/graphs/variants/yelpchi/r60_s1/noise_edges_uniform/0.10/seed_0/graph.bin,/kaggle/working/gfd-robustness-v4-factorial-r1/graphs/variants/yelpchi/r60_s1/noise_edges_uniform/0.10/seed_0/graph.bin,ok,
gfd_robustness_benchmark_v4_factorial,yelpchi,r60_s1,0,4,noise_edges_uniform,0.1,pmp,train_clean_eval_all,0.8404031740490506,0.537933743718046,0.7129804709794287,0.5032673478126526,0.2796223500008636,97,87,0.8691705705233195,roc_auc,early_stopping,45954,8856482,192.72494506835932,193.0,192.72494506835932,192.0,0.2288910001516342,0.1452974677085876,/kaggle/working/gfd-robustness-v4-factorial-r1/graphs/base/yelpchi/r60_s1/graph.bin,/kaggle/working/gfd-robustness-v4-factorial-r1/graphs/variants/yelpchi/r60_s1/noise_edges_uniform/0.10/seed_0/graph.bin,/kaggle/working/gfd-robustness-v4-factorial-r1/graphs/base/yelpchi/r60_s1/graph.bin,ok,
gfd_robustness_benchmark_v4_factorial,yelpchi,r60_s1,0,4,noise_edges_uniform,0.1,pmp,train_on_variant,0.8359858535220801,0.5240503316649096,0.6985421421593434,0.3364034593105316,34.2417874160019,60,50,0.8554451111794534,roc_auc,early_stopping,45954,8856482,192.7249450683593,193.0,192.7249450683593,192.0,0.2288910001516342,0.1452974677085876,/kaggle/working/gfd-robustness-v4-factorial-r1/graphs/base/yelpchi/r60_s1/graph.bin,/kaggle/working/gfd-robustness-v4-factorial-r1/graphs/variants/yelpchi/r60_s1/noise_edges_uniform/0.10/seed_0/graph.bin,/kaggle/working/gfd-robustness-v4-factorial-r1/graphs/variants/yelpchi/r60_s1/noise_edges_uniform/0.10/seed_0/graph.bin,ok,
gfd_robustness_benchmark_v4_factorial,yelpchi,r60_s1,0,4,noise_edges_uniform,0.1,sage,train_clean_eval_all,0.772636165423735,0.4133072582723143,0.6448297764227642,0.6741504073143005,0.1671110809984384,100,100,0.8005188136090231,roc_auc,max_epochs,45954,8856482,192.7249450683593,193.0,192.7249450683593,192.0,0.2288910001516342,0.1452974677085876,/kaggle/working/gfd-robustness-v4-factorial-r1/graphs/base/yelpchi/r60_s1/graph.bin,/kaggle/working/gfd-robustness-v4-factorial-r1/graphs/variants/yelpchi/r60_s1/noise_edges_uniform/0.10/seed_0/graph.bin,/kaggle/working/gfd-robustness-v4-factorial-r1/graphs/base/yelpchi/r60_s1/graph.bin,ok,
gfd_robustness_benchmark_v4_factorial,yelpchi,r60_s1,0,4,noise_edges_uniform,0.1,sage,train_on_variant,0.7661092498048709,0.3882085069020229,0.63468109409532,0.6494632959365845,3.3730765100008284,100,100,0.791862670071068,roc_auc,max_epochs,45954,8856482,192.7249450683593,193.0,192.7249450683593,192.0,0.2288910001516342,0.1452974677085876,/kaggle/working/gfd-robustness-v4-factorial-r1/graphs/base/yelpchi/r60_s1/graph.bin,/kaggle/working/gfd-robustness-v4-factorial-r1/graphs/variants/yelpchi/r60_s1/noise_edges_uniform/0.10/seed_0/graph.bin,/kaggle/working/gfd-robustness-v4-factorial-r1/graphs/variants/yelpchi/r60_s1/noise_edges_uniform/0.10/seed_0/graph.bin,ok,
gfd_robustness_benchmark_v4_factorial,yelpchi,r60_s1,0,4,noise_edges_uniform,0.1,secgfd,train_clean_eval_all,0.7833624057892362,0.4211607339265468,0.6658627732298874,0.7461267709732056,0.175223622998601,50,50,0.8075951527808571,roc_auc,max_epochs,45954,8856482,192.7249450683593,193.0,192.7249450683593,192.0,0.2288910001516342,0.1452974677085876,/kaggle/working/gfd-robustness-v4-factorial-r1/graphs/base/yelpchi/r60_s1/graph.bin,/kaggle/working/gfd-robustness-v4-factorial-r1/graphs/variants/yelpchi/r60_s1/noise_edges_uniform/0.10/seed_0/graph.bin,/kaggle/working/gfd-robustness-v4-factorial-r1/graphs/base/yelpchi/r60_s1/graph.bin,ok,
gfd_robustness_benchmark_v4_factorial,yelpchi,r60_s1,0,4,noise_edges_uniform,0.1,secgfd,train_on_variant,0.7854762407466127,0.4339197486639906,0.6557109382273159,0.6854662299156189,5.204361536998476,50,50,0.8046313209697299,roc_auc,max_epochs,45954,8856482,192.7249450683593,193.0,192.7249450683593,192.0,0.2288910001516342,0.1452974677085876,/kaggle/working/gfd-robustness-v4-factorial-r1/graphs/base/yelpchi/r60_s1/graph.bin,/kaggle/working/gfd-robustness-v4-factorial-r1/graphs/variants/yelpchi/r60_s1/noise_edges_uniform/0.10/seed_0/graph.bin,/kaggle/working/gfd-robustness-v4-factorial-r1/graphs/variants/yelpchi/r60_s1/noise_edges_uniform/0.10/seed_0/graph.bin,ok,
gfd_robustness_benchmark_v4_factorial,yelpchi,r60_s1,1,0,noise_edges_uniform,0.1,mlp,train_clean_eval_all,0.7313415906222179,0.3257175093405576,0.6106510448958343,0.4993019104003906,0.0925451330003852,16,6,0.7522698631802545,roc_auc,early_stopping,45954,8856482,192.7249450683593,193.0,192.7249450683593,193.0,0.2289074808359146,0.1452974677085876,/kaggle/working/gfd-robustness-v4-factorial-r1/graphs/base/yelpchi/r60_s1/graph.bin,/kaggle/working/gfd-robustness-v4-factorial-r1/graphs/variants/yelpchi/r60_s1/noise_edges_uniform/0.10/seed_1/graph.bin,/kaggle/working/gfd-robustness-v4-factorial-r1/graphs/base/yelpchi/r60_s1/graph.bin,ok,
gfd_robustness_benchmark_v4_factorial,yelpchi,r60_s1,1,0,noise_edges_uniform,0.1,mlp,train_on_variant,0.7313415906222179,0.3257175093405576,0.6106510448958343,0.4993019104003906,0.3227448580000782,16,6,0.7522698631802545,roc_auc,early_stopping,45954,8856482,192.7249450683593,193.0,192.7249450683593,193.0,0.2289074808359146,0.1452974677085876,/kaggle/working/gfd-robustness-v4-factorial-r1/graphs/base/yelpchi/r60_s1/graph.bin,/kaggle/working/gfd-robustness-v4-factorial-r1/graphs/variants/yelpchi/r60_s1/noise_edges_uniform/0.10/seed_1/graph.bin,/kaggle/working/gfd-robustness-v4-factorial-r1/graphs/variants/yelpchi/r60_s1/noise_edges_uniform/0.10/seed_1/graph.bin,ok,
gfd_robustness_benchmark_v4_factorial,yelpchi,r60_s1,1,0,noise_edges_uniform,0.1,pmp,train_clean_eval_all,0.8295448309084479,0.507592998651429,0.6964648696601666,0.4558625817298889,0.3100025010026002,43,33,0.8640671153419779,roc_auc,early_stopping,45954,8856482,192.72494506835932,193.0,192.72494506835932,193.0,0.2289074808359146,0.1452974677085876,/kaggle/working/gfd-robustness-v4-factorial-r1/graphs/base/yelpchi/r60_s1/graph.bin,/kaggle/working/gfd-robustness-v4-factorial-r1/graphs/variants/yelpchi/r60_s1/noise_edges_uniform/0.10/seed_1/graph.bin,/kaggle/working/gfd-robustness-v4-factorial-r1/graphs/base/yelpchi/r60_s1/graph.bin,ok,
gfd_robustness_benchmark_v4_factorial,yelpchi,r60_s1,1,0,noise_edges_uniform,0.1,pmp,train_on_variant,0.8379514361043696,0.5409714152298547,0.7132262261312662,0.4054090082645416,56.438058104002266,98,88,0.8568673308587054,roc_auc,early_stopping,45954,8856482,192.7249450683593,193.0,192.7249450683593,193.0,0.2289074808359146,0.1452974677085876,/kaggle/working/gfd-robustness-v4-factorial-r1/graphs/base/yelpchi/r60_s1/graph.bin,/kaggle/working/gfd-robustness-v4-factorial-r1/graphs/variants/yelpchi/r60_s1/noise_edges_uniform/0.10/seed_1/graph.bin,/kaggle/working/gfd-robustness-v4-factorial-r1/graphs/variants/yelpchi/r60_s1/noise_edges_uniform/0.10/seed_1/graph.bin,ok,
gfd_robustness_benchmark_v4_factorial,yelpchi,r60_s1,1,0,noise_edges_uniform,0.1,sage,train_clean_eval_all,0.783164799474371,0.429291938048811,0.6573866975338679,0.6908925771713257,0.1166392790000827,100,100,0.8115424465439842,roc_auc,max_epochs,45954,8856482,192.7249450683593,193.0,192.7249450683593,193.0,0.2289074808359146,0.1452974677085876,/kaggle/working/gfd-robustness-v4-factorial-r1/graphs/base/yelpchi/r60_s1/graph.bin,/kaggle/working/gfd-robustness-v4-factorial-r1/graphs/variants/yelpchi/r60_s1/noise_edges_uniform/0.10/seed_1/graph.bin,/kaggle/working/gfd-robustness-v4-factorial-r1/graphs/base/yelpchi/r60_s1/graph.bin,ok,
gfd_robustness_benchmark_v4_factorial,yelpchi,r60_s1,1,0,noise_edges_uniform,0.1,sage,train_on_variant,0.7663979894081491,0.4062785149510217,0.6448921377144952,0.6615935564041138,3.4568852259981213,100,100,0.789473629001304,roc_auc,max_epochs,45954,8856482,192.7249450683593,193.0,192.7249450683593,193.0,0.2289074808359146,0.1452974677085876,/kaggle/working/gfd-robustness-v4-factorial-r1/graphs/base/yelpchi/r60_s1/graph.bin,/kaggle/working/gfd-robustness-v4-factorial-r1/graphs/variants/yelpchi/r60_s1/noise_edges_uniform/0.10/seed_1/graph.bin,/kaggle/working/gfd-robustness-v4-factorial-r1/graphs/variants/yelpchi/r60_s1/noise_edges_uniform/0.10/seed_1/graph.bin,ok,
gfd_robustness_benchmark_v4_factorial,yelpchi,r60_s1,1,0,noise_edges_uniform,0.1,secgfd,train_clean_eval_all,0.7958832525885093,0.4648943467990956,0.6743302750312847,0.6614007353782654,0.1902771570021286,50,50,0.8176709412406993,roc_auc,max_epochs,45954,8856482,192.7249450683593,193.0,192.7249450683593,193.0,0.2289074808359146,0.1452974677085876,/kaggle/working/gfd-robustness-v4-factorial-r1/graphs/base/yelpchi/r60_s1/graph.bin,/kaggle/working/gfd-robustness-v4-factorial-r1/graphs/variants/yelpchi/r60_s1/noise_edges_uniform/0.10/seed_1/graph.bin,/kaggle/working/gfd-robustness-v4-factorial-r1/graphs/base/yelpchi/r60_s1/graph.bin,ok,
gfd_robustness_benchmark_v4_factorial,yelpchi,r60_s1,1,0,noise_edges_uniform,0.1,secgfd,train_on_variant,0.8060469247350512,0.4766814359775874,0.6827328848981468,0.6480992436408997,5.32376625300094,50,48,0.821591343093571,roc_auc,max_epochs,45954,8856482,192.7249450683593,193.0,192.7249450683593,193.0,0.2289074808359146,0.1452974677085876,/kaggle/working/gfd-robustness-v4-factorial-r1/graphs/base/yelpchi/r60_s1/graph.bin,/kaggle/working/gfd-robustness-v4-factorial-r1/graphs/variants/yelpchi/r60_s1/noise_edges_uniform/0.10/seed_1/graph.bin,/kaggle/working/gfd-robustness-v4-factorial-r1/graphs/variants/yelpchi/r60_s1/noise_edges_uniform/0.10/seed_1/graph.bin,ok,
gfd_robustness_benchmark_v4_factorial,yelpchi,r60_s1,1,1,noise_edges_uniform,0.1,mlp,train_clean_eval_all,0.7838484658737515,0.4223574749223457,0.6531032177334472,0.6898988485336304,0.0921984029992017,100,100,0.8046757116939282,roc_auc,max_epochs,45954,8856482,192.7249450683593,193.0,192.7249450683593,193.0,0.2289074808359146,0.1452974677085876,/kaggle/working/gfd-robustness-v4-factorial-r1/graphs/base/yelpchi/r60_s1/graph.bin,/kaggle/working/gfd-robustness-v4-factorial-r1/graphs/variants/yelpchi/r60_s1/noise_edges_uniform/0.10/seed_1/graph.bin,/kaggle/working/gfd-robustness-v4-factorial-r1/graphs/base/yelpchi/r60_s1/graph.bin,ok,
gfd_robustness_benchmark_v4_factorial,yelpchi,r60_s1,1,1,noise_edges_uniform,0.1,mlp,train_on_variant,0.7838484658737515,0.4223574749223457,0.6531032177334472,0.6898988485336304,1.8823036959984163,100,100,0.8046757116939282,roc_auc,max_epochs,45954,8856482,192.7249450683593,193.0,192.7249450683593,193.0,0.2289074808359146,0.1452974677085876,/kaggle/working/gfd-robustness-v4-factorial-r1/graphs/base/yelpchi/r60_s1/graph.bin,/kaggle/working/gfd-robustness-v4-factorial-r1/graphs/variants/yelpchi/r60_s1/noise_edges_uniform/0.10/seed_1/graph.bin,/kaggle/working/gfd-robustness-v4-factorial-r1/graphs/variants/yelpchi/r60_s1/noise_edges_uniform/0.10/seed_1/graph.bin,ok,
gfd_robustness_benchmark_v4_factorial,yelpchi,r60_s1,1,1,noise_edges_uniform,0.1,pmp,train_clean_eval_all,0.825888351860434,0.5071974318547784,0.6920666319663189,0.3602780103683471,0.3214013619981415,51,41,0.8613966151476791,roc_auc,early_stopping,45954,8856482,192.72494506835932,193.0,192.72494506835932,193.0,0.2289074808359146,0.1452974677085876,/kaggle/working/gfd-robustness-v4-factorial-r1/graphs/base/yelpchi/r60_s1/graph.bin,/kaggle/working/gfd-robustness-v4-factorial-r1/graphs/variants/yelpchi/r60_s1/noise_edges_uniform/0.10/seed_1/graph.bin,/kaggle/working/gfd-robustness-v4-factorial-r1/graphs/base/yelpchi/r60_s1/graph.bin,ok,
gfd_robustness_benchmark_v4_factorial,yelpchi,r60_s1,1,1,noise_edges_uniform,0.1,pmp,train_on_variant,0.8314117056111809,0.5189404121171484,0.7049999309838301,0.3852773010730743,29.44362998700308,51,41,0.8524961080635202,roc_auc,early_stopping,45954,8856482,192.7249450683593,193.0,192.7249450683593,193.0,0.2289074808359146,0.1452974677085876,/kaggle/working/gfd-robustness-v4-factorial-r1/graphs/base/yelpchi/r60_s1/graph.bin,/kaggle/working/gfd-robustness-v4-factorial-r1/graphs/variants/yelpchi/r60_s1/noise_edges_uniform/0.10/seed_1/graph.bin,/kaggle/working/gfd-robustness-v4-factorial-r1/graphs/variants/yelpchi/r60_s1/noise_edges_uniform/0.10/seed_1/graph.bin,ok,
gfd_robustness_benchmark_v4_factorial,yelpchi,r60_s1,1,1,noise_edges_uniform,0.1,sage,train_clean_eval_all,0.6117829577606497,0.2071638903405566,0.5505098628670169,0.2996191680431366,0.1481042580016947,23,13,0.6071633087539366,roc_auc,early_stopping,45954,8856482,192.7249450683593,193.0,192.7249450683593,193.0,0.2289074808359146,0.1452974677085876,/kaggle/working/gfd-robustness-v4-factorial-r1/graphs/base/yelpchi/r60_s1/graph.bin,/kaggle/working/gfd-robustness-v4-factorial-r1/graphs/variants/yelpchi/r60_s1/noise_edges_uniform/0.10/seed_1/graph.bin,/kaggle/working/gfd-robustness-v4-factorial-r1/graphs/base/yelpchi/r60_s1/graph.bin,ok,
gfd_robustness_benchmark_v4_factorial,yelpchi,r60_s1,1,1,noise_edges_uniform,0.1,sage,train_on_variant,0.6122853103619644,0.2085179232323966,0.5512535781093459,0.2694905996322632,0.9782015290002164,23,13,0.6090911344905438,roc_auc,early_stopping,45954,8856482,192.7249450683593,193.0,192.7249450683593,193.0,0.2289074808359146,0.1452974677085876,/kaggle/working/gfd-robustness-v4-factorial-r1/graphs/base/yelpchi/r60_s1/graph.bin,/kaggle/working/gfd-robustness-v4-factorial-r1/graphs/variants/yelpchi/r60_s1/noise_edges_uniform/0.10/seed_1/graph.bin,/kaggle/working/gfd-robustness-v4-factorial-r1/graphs/variants/yelpchi/r60_s1/noise_edges_uniform/0.10/seed_1/graph.bin,ok,
gfd_robustness_benchmark_v4_factorial,yelpchi,r60_s1,1,1,noise_edges_uniform,0.1,secgfd,train_clean_eval_all,0.7885790600570752,0.4285296848082353,0.6619181323892609,0.7126186490058899,0.2182268199976533,50,50,0.8104918501777297,roc_auc,max_epochs,45954,8856482,192.7249450683593,193.0,192.7249450683593,193.0,0.2289074808359146,0.1452974677085876,/kaggle/working/gfd-robustness-v4-factorial-r1/graphs/base/yelpchi/r60_s1/graph.bin,/kaggle/working/gfd-robustness-v4-factorial-r1/graphs/variants/yelpchi/r60_s1/noise_edges_uniform/0.10/seed_1/graph.bin,/kaggle/working/gfd-robustness-v4-factorial-r1/graphs/base/yelpchi/r60_s1/graph.bin,ok,
gfd_robustness_benchmark_v4_factorial,yelpchi,r60_s1,1,1,noise_edges_uniform,0.1,secgfd,train_on_variant,0.7905156781650549,0.4359672703890922,0.6660054051540624,0.7410608530044556,5.28440001099807,50,50,0.8150497428818687,roc_auc,max_epochs,45954,8856482,192.7249450683593,193.0,192.7249450683593,193.0,0.2289074808359146,0.1452974677085876,/kaggle/working/gfd-robustness-v4-factorial-r1/graphs/base/yelpchi/r60_s1/graph.bin,/kaggle/working/gfd-robustness-v4-factorial-r1/graphs/variants/yelpchi/r60_s1/noise_edges_uniform/0.10/seed_1/graph.bin,/kaggle/working/gfd-robustness-v4-factorial-r1/graphs/variants/yelpchi/r60_s1/noise_edges_uniform/0.10/seed_1/graph.bin,ok,
gfd_robustness_benchmark_v4_factorial,yelpchi,r60_s1,1,2,noise_edges_uniform,0.1,mlp,train_clean_eval_all,0.7843809262838884,0.425287123032842,0.6571495387316263,0.6982053518295288,0.0904002579991356,100,100,0.8050527229251151,roc_auc,max_epochs,45954,8856482,192.7249450683593,193.0,192.7249450683593,193.0,0.2289074808359146,0.1452974677085876,/kaggle/working/gfd-robustness-v4-factorial-r1/graphs/base/yelpchi/r60_s1/graph.bin,/kaggle/working/gfd-robustness-v4-factorial-r1/graphs/variants/yelpchi/r60_s1/noise_edges_uniform/0.10/seed_1/graph.bin,/kaggle/working/gfd-robustness-v4-factorial-r1/graphs/base/yelpchi/r60_s1/graph.bin,ok,
gfd_robustness_benchmark_v4_factorial,yelpchi,r60_s1,1,2,noise_edges_uniform,0.1,mlp,train_on_variant,0.7843809262838884,0.425287123032842,0.6571495387316263,0.6982053518295288,1.898933617998409,100,100,0.8050527229251151,roc_auc,max_epochs,45954,8856482,192.7249450683593,193.0,192.7249450683593,193.0,0.2289074808359146,0.1452974677085876,/kaggle/working/gfd-robustness-v4-factorial-r1/graphs/base/yelpchi/r60_s1/graph.bin,/kaggle/working/gfd-robustness-v4-factorial-r1/graphs/variants/yelpchi/r60_s1/noise_edges_uniform/0.10/seed_1/graph.bin,/kaggle/working/gfd-robustness-v4-factorial-r1/graphs/variants/yelpchi/r60_s1/noise_edges_uniform/0.10/seed_1/graph.bin,ok,
gfd_robustness_benchmark_v4_factorial,yelpchi,r60_s1,1,2,noise_edges_uniform,0.1,pmp,train_clean_eval_all,0.8299162240691733,0.5163071815314054,0.703559922948535,0.3910762369632721,0.2779886789976444,61,51,0.8651209063145925,roc_auc,early_stopping,45954,8856482,192.72494506835932,193.0,192.72494506835932,193.0,0.2289074808359146,0.1452974677085876,/kaggle/working/gfd-robustness-v4-factorial-r1/graphs/base/yelpchi/r60_s1/graph.bin,/kaggle/working/gfd-robustness-v4-factorial-r1/graphs/variants/yelpchi/r60_s1/noise_edges_uniform/0.10/seed_1/graph.bin,/kaggle/working/gfd-robustness-v4-factorial-r1/graphs/base/yelpchi/r60_s1/graph.bin,ok,
gfd_robustness_benchmark_v4_factorial,yelpchi,r60_s1,1,2,noise_edges_uniform,0.1,pmp,train_on_variant,0.8457908521043452,0.5511012216430136,0.7183555328918738,0.3516988456249237,54.01322978400276,95,85,0.8686034563733589,roc_auc,early_stopping,45954,8856482,192.7249450683593,193.0,192.7249450683593,193.0,0.2289074808359146,0.1452974677085876,/kaggle/working/gfd-robustness-v4-factorial-r1/graphs/base/yelpchi/r60_s1/graph.bin,/kaggle/working/gfd-robustness-v4-factorial-r1/graphs/variants/yelpchi/r60_s1/noise_edges_uniform/0.10/seed_1/graph.bin,/kaggle/working/gfd-robustness-v4-factorial-r1/graphs/variants/yelpchi/r60_s1/noise_edges_uniform/0.10/seed_1/graph.bin,ok,
gfd_robustness_benchmark_v4_factorial,yelpchi,r60_s1,1,2,noise_edges_uniform,0.1,sage,train_clean_eval_all,0.7672556808480798,0.4048569999068624,0.6406999916339288,0.6638100147247314,0.1409998499984794,100,100,0.794380449009076,roc_auc,max_epochs,45954,8856482,192.7249450683593,193.0,192.7249450683593,193.0,0.2289074808359146,0.1452974677085876,/kaggle/working/gfd-robustness-v4-factorial-r1/graphs/base/yelpchi/r60_s1/graph.bin,/kaggle/working/gfd-robustness-v4-factorial-r1/graphs/variants/yelpchi/r60_s1/noise_edges_uniform/0.10/seed_1/graph.bin,/kaggle/working/gfd-robustness-v4-factorial-r1/graphs/base/yelpchi/r60_s1/graph.bin,ok,
gfd_robustness_benchmark_v4_factorial,yelpchi,r60_s1,1,2,noise_edges_uniform,0.1,sage,train_on_variant,0.7687845096466944,0.411283793528657,0.64316342417699,0.6677733659744263,3.520114242001,100,100,0.7932348727044727,roc_auc,max_epochs,45954,8856482,192.7249450683593,193.0,192.7249450683593,193.0,0.2289074808359146,0.1452974677085876,/kaggle/working/gfd-robustness-v4-factorial-r1/graphs/base/yelpchi/r60_s1/graph.bin,/kaggle/working/gfd-robustness-v4-factorial-r1/graphs/variants/yelpchi/r60_s1/noise_edges_uniform/0.10/seed_1/graph.bin,/kaggle/working/gfd-robustness-v4-factorial-r1/graphs/variants/yelpchi/r60_s1/noise_edges_uniform/0.10/seed_1/graph.bin,ok,
gfd_robustness_benchmark_v4_factorial,yelpchi,r60_s1,1,2,noise_edges_uniform,0.1,secgfd,train_clean_eval_all,0.7955488272436797,0.472373874156349,0.6763907786236057,0.7434759140014648,0.1958911300025647,50,50,0.8145421342354521,roc_auc,max_epochs,45954,8856482,192.7249450683593,193.0,192.7249450683593,193.0,0.2289074808359146,0.1452974677085876,/kaggle/working/gfd-robustness-v4-factorial-r1/graphs/base/yelpchi/r60_s1/graph.bin,/kaggle/working/gfd-robustness-v4-factorial-r1/graphs/variants/yelpchi/r60_s1/noise_edges_uniform/0.10/seed_1/graph.bin,/kaggle/working/gfd-robustness-v4-factorial-r1/graphs/base/yelpchi/r60_s1/graph.bin,ok,
gfd_robustness_benchmark_v4_factorial,yelpchi,r60_s1,1,2,noise_edges_uniform,0.1,secgfd,train_on_variant,0.7979147674610046,0.4715150022111228,0.674132059875916,0.7220503091812134,5.383523669999704,50,50,0.8156019329752513,roc_auc,max_epochs,45954,8856482,192.7249450683593,193.0,192.7249450683593,193.0,0.2289074808359146,0.1452974677085876,/kaggle/working/gfd-robustness-v4-factorial-r1/graphs/base/yelpchi/r60_s1/graph.bin,/kaggle/working/gfd-robustness-v4-factorial-r1/graphs/variants/yelpchi/r60_s1/noise_edges_uniform/0.10/seed_1/graph.bin,/kaggle/working/gfd-robustness-v4-factorial-r1/graphs/variants/yelpchi/r60_s1/noise_edges_uniform/0.10/seed_1/graph.bin,ok,
gfd_robustness_benchmark_v4_factorial,yelpchi,r60_s1,1,3,noise_edges_uniform,0.1,mlp,train_clean_eval_all,0.7816018135572033,0.4143485547512492,0.6496944434221562,0.6969894766807556,0.0889584990000003,100,100,0.8041077869722045,roc_auc,max_epochs,45954,8856482,192.7249450683593,193.0,192.7249450683593,193.0,0.2289074808359146,0.1452974677085876,/kaggle/working/gfd-robustness-v4-factorial-r1/graphs/base/yelpchi/r60_s1/graph.bin,/kaggle/working/gfd-robustness-v4-factorial-r1/graphs/variants/yelpchi/r60_s1/noise_edges_uniform/0.10/seed_1/graph.bin,/kaggle/working/gfd-robustness-v4-factorial-r1/graphs/base/yelpchi/r60_s1/graph.bin,ok,
gfd_robustness_benchmark_v4_factorial,yelpchi,r60_s1,1,3,noise_edges_uniform,0.1,mlp,train_on_variant,0.7816018135572033,0.4143485547512492,0.6496944434221562,0.6969894766807556,1.8884142729984887,100,100,0.8041077869722045,roc_auc,max_epochs,45954,8856482,192.7249450683593,193.0,192.7249450683593,193.0,0.2289074808359146,0.1452974677085876,/kaggle/working/gfd-robustness-v4-factorial-r1/graphs/base/yelpchi/r60_s1/graph.bin,/kaggle/working/gfd-robustness-v4-factorial-r1/graphs/variants/yelpchi/r60_s1/noise_edges_uniform/0.10/seed_1/graph.bin,/kaggle/working/gfd-robustness-v4-factorial-r1/graphs/variants/yelpchi/r60_s1/noise_edges_uniform/0.10/seed_1/graph.bin,ok,
gfd_robustness_benchmark_v4_factorial,yelpchi,r60_s1,1,3,noise_edges_uniform,0.1,pmp,train_clean_eval_all,0.8284649991005768,0.523017695491721,0.6949562547792827,0.3360407650470733,0.2802755820011953,64,54,0.863328636785177,roc_auc,early_stopping,45954,8856482,192.72494506835932,193.0,192.72494506835932,193.0,0.2289074808359146,0.1452974677085876,/kaggle/working/gfd-robustness-v4-factorial-r1/graphs/base/yelpchi/r60_s1/graph.bin,/kaggle/working/gfd-robustness-v4-factorial-r1/graphs/variants/yelpchi/r60_s1/noise_edges_uniform/0.10/seed_1/graph.bin,/kaggle/working/gfd-robustness-v4-factorial-r1/graphs/base/yelpchi/r60_s1/graph.bin,ok,
gfd_robustness_benchmark_v4_factorial,yelpchi,r60_s1,1,3,noise_edges_uniform,0.1,pmp,train_on_variant,0.8283915398581655,0.5194007976554206,0.69960878103915,0.4137099385261535,28.36593478400028,50,40,0.850325873689079,roc_auc,early_stopping,45954,8856482,192.7249450683593,193.0,192.7249450683593,193.0,0.2289074808359146,0.1452974677085876,/kaggle/working/gfd-robustness-v4-factorial-r1/graphs/base/yelpchi/r60_s1/graph.bin,/kaggle/working/gfd-robustness-v4-factorial-r1/graphs/variants/yelpchi/r60_s1/noise_edges_uniform/0.10/seed_1/graph.bin,/kaggle/working/gfd-robustness-v4-factorial-r1/graphs/variants/yelpchi/r60_s1/noise_edges_uniform/0.10/seed_1/graph.bin,ok,
gfd_robustness_benchmark_v4_factorial,yelpchi,r60_s1,1,3,noise_edges_uniform,0.1,sage,train_clean_eval_all,0.7672474869507421,0.4069188842881631,0.6423141824914844,0.6734314560890198,0.1155631389992777,100,100,0.7957354389126895,roc_auc,max_epochs,45954,8856482,192.7249450683593,193.0,192.7249450683593,193.0,0.2289074808359146,0.1452974677085876,/kaggle/working/gfd-robustness-v4-factorial-r1/graphs/base/yelpchi/r60_s1/graph.bin,/kaggle/working/gfd-robustness-v4-factorial-r1/graphs/variants/yelpchi/r60_s1/noise_edges_uniform/0.10/seed_1/graph.bin,/kaggle/working/gfd-robustness-v4-factorial-r1/graphs/base/yelpchi/r60_s1/graph.bin,ok,
gfd_robustness_benchmark_v4_factorial,yelpchi,r60_s1,1,3,noise_edges_uniform,0.1,sage,train_on_variant,0.7663473968559825,0.4057070209406432,0.64418706593126,0.6903859972953796,3.437270993999846,100,99,0.7916033824682864,roc_auc,max_epochs,45954,8856482,192.7249450683593,193.0,192.7249450683593,193.0,0.2289074808359146,0.1452974677085876,/kaggle/working/gfd-robustness-v4-factorial-r1/graphs/base/yelpchi/r60_s1/graph.bin,/kaggle/working/gfd-robustness-v4-factorial-r1/graphs/variants/yelpchi/r60_s1/noise_edges_uniform/0.10/seed_1/graph.bin,/kaggle/working/gfd-robustness-v4-factorial-r1/graphs/variants/yelpchi/r60_s1/noise_edges_uniform/0.10/seed_1/graph.bin,ok,
gfd_robustness_benchmark_v4_factorial,yelpchi,r60_s1,1,3,noise_edges_uniform,0.1,secgfd,train_clean_eval_all,0.7796189380404162,0.4201477588589636,0.6610101260686804,0.7394757270812988,0.1807910759998776,50,44,0.80207887816868,roc_auc,max_epochs,45954,8856482,192.7249450683593,193.0,192.7249450683593,193.0,0.2289074808359146,0.1452974677085876,/kaggle/working/gfd-robustness-v4-factorial-r1/graphs/base/yelpchi/r60_s1/graph.bin,/kaggle/working/gfd-robustness-v4-factorial-r1/graphs/variants/yelpchi/r60_s1/noise_edges_uniform/0.10/seed_1/graph.bin,/kaggle/working/gfd-robustness-v4-factorial-r1/graphs/base/yelpchi/r60_s1/graph.bin,ok,
gfd_robustness_benchmark_v4_factorial,yelpchi,r60_s1,1,3,noise_edges_uniform,0.1,secgfd,train_on_variant,0.7870165028903496,0.4412573180236585,0.6654498470460312,0.7215627431869507,5.297065179001947,50,50,0.8078183937805306,roc_auc,max_epochs,45954,8856482,192.7249450683593,193.0,192.7249450683593,193.0,0.2289074808359146,0.1452974677085876,/kaggle/working/gfd-robustness-v4-factorial-r1/graphs/base/yelpchi/r60_s1/graph.bin,/kaggle/working/gfd-robustness-v4-factorial-r1/graphs/variants/yelpchi/r60_s1/noise_edges_uniform/0.10/seed_1/graph.bin,/kaggle/working/gfd-robustness-v4-factorial-r1/graphs/variants/yelpchi/r60_s1/noise_edges_uniform/0.10/seed_1/graph.bin,ok,
gfd_robustness_benchmark_v4_factorial,yelpchi,r60_s1,1,4,noise_edges_uniform,0.1,mlp,train_clean_eval_all,0.7806874794199787,0.4201037950434657,0.6496479861960988,0.6775984764099121,0.1030965499994636,100,100,0.8035062473626617,roc_auc,max_epochs,45954,8856482,192.7249450683593,193.0,192.7249450683593,193.0,0.2289074808359146,0.1452974677085876,/kaggle/working/gfd-robustness-v4-factorial-r1/graphs/base/yelpchi/r60_s1/graph.bin,/kaggle/working/gfd-robustness-v4-factorial-r1/graphs/variants/yelpchi/r60_s1/noise_edges_uniform/0.10/seed_1/graph.bin,/kaggle/working/gfd-robustness-v4-factorial-r1/graphs/base/yelpchi/r60_s1/graph.bin,ok,
gfd_robustness_benchmark_v4_factorial,yelpchi,r60_s1,1,4,noise_edges_uniform,0.1,mlp,train_on_variant,0.7806874794199787,0.4201037950434657,0.6496479861960988,0.6775984764099121,1.7600183180002205,100,100,0.8035062473626617,roc_auc,max_epochs,45954,8856482,192.7249450683593,193.0,192.7249450683593,193.0,0.2289074808359146,0.1452974677085876,/kaggle/working/gfd-robustness-v4-factorial-r1/graphs/base/yelpchi/r60_s1/graph.bin,/kaggle/working/gfd-robustness-v4-factorial-r1/graphs/variants/yelpchi/r60_s1/noise_edges_uniform/0.10/seed_1/graph.bin,/kaggle/working/gfd-robustness-v4-factorial-r1/graphs/variants/yelpchi/r60_s1/noise_edges_uniform/0.10/seed_1/graph.bin,ok,
gfd_robustness_benchmark_v4_factorial,yelpchi,r60_s1,1,4,noise_edges_uniform,0.1,pmp,train_clean_eval_all,0.8415128278321158,0.5438305493594465,0.7181268257064424,0.5032673478126526,0.285822805002681,97,87,0.8691705705233195,roc_auc,early_stopping,45954,8856482,192.72494506835932,193.0,192.72494506835932,193.0,0.2289074808359146,0.1452974677085876,/kaggle/working/gfd-robustness-v4-factorial-r1/graphs/base/yelpchi/r60_s1/graph.bin,/kaggle/working/gfd-robustness-v4-factorial-r1/graphs/variants/yelpchi/r60_s1/noise_edges_uniform/0.10/seed_1/graph.bin,/kaggle/working/gfd-robustness-v4-factorial-r1/graphs/base/yelpchi/r60_s1/graph.bin,ok,
gfd_robustness_benchmark_v4_factorial,yelpchi,r60_s1,1,4,noise_edges_uniform,0.1,pmp,train_on_variant,0.8360627904069661,0.5329564767656048,0.7069797747496264,0.3679271936416626,49.99833307099834,89,79,0.8599327702243615,roc_auc,early_stopping,45954,8856482,192.7249450683593,193.0,192.7249450683593,193.0,0.2289074808359146,0.1452974677085876,/kaggle/working/gfd-robustness-v4-factorial-r1/graphs/base/yelpchi/r60_s1/graph.bin,/kaggle/working/gfd-robustness-v4-factorial-r1/graphs/variants/yelpchi/r60_s1/noise_edges_uniform/0.10/seed_1/graph.bin,/kaggle/working/gfd-robustness-v4-factorial-r1/graphs/variants/yelpchi/r60_s1/noise_edges_uniform/0.10/seed_1/graph.bin,ok,
gfd_robustness_benchmark_v4_factorial,yelpchi,r60_s1,1,4,noise_edges_uniform,0.1,sage,train_clean_eval_all,0.7724566142663756,0.4138189185575985,0.6478198303013899,0.6741504073143005,0.1376239919991349,100,100,0.8005188136090231,roc_auc,max_epochs,45954,8856482,192.7249450683593,193.0,192.7249450683593,193.0,0.2289074808359146,0.1452974677085876,/kaggle/working/gfd-robustness-v4-factorial-r1/graphs/base/yelpchi/r60_s1/graph.bin,/kaggle/working/gfd-robustness-v4-factorial-r1/graphs/variants/yelpchi/r60_s1/noise_edges_uniform/0.10/seed_1/graph.bin,/kaggle/working/gfd-robustness-v4-factorial-r1/graphs/base/yelpchi/r60_s1/graph.bin,ok,
gfd_robustness_benchmark_v4_factorial,yelpchi,r60_s1,1,4,noise_edges_uniform,0.1,sage,train_on_variant,0.7694429750478676,0.4064670652587341,0.6416558570810881,0.6884037256240845,3.2153491329991084,100,100,0.7955162984525231,roc_auc,max_epochs,45954,8856482,192.7249450683593,193.0,192.7249450683593,193.0,0.2289074808359146,0.1452974677085876,/kaggle/working/gfd-robustness-v4-factorial-r1/graphs/base/yelpchi/r60_s1/graph.bin,/kaggle/working/gfd-robustness-v4-factorial-r1/graphs/variants/yelpchi/r60_s1/noise_edges_uniform/0.10/seed_1/graph.bin,/kaggle/working/gfd-robustness-v4-factorial-r1/graphs/variants/yelpchi/r60_s1/noise_edges_uniform/0.10/seed_1/graph.bin,ok,
gfd_robustness_benchmark_v4_factorial,yelpchi,r60_s1,1,4,noise_edges_uniform,0.1,secgfd,train_clean_eval_all,0.7836930200190251,0.4216966413438819,0.6662930851767903,0.7461267709732056,0.1700096370004757,50,50,0.8075951527808571,roc_auc,max_epochs,45954,8856482,192.7249450683593,193.0,192.7249450683593,193.0,0.2289074808359146,0.1452974677085876,/kaggle/working/gfd-robustness-v4-factorial-r1/graphs/base/yelpchi/r60_s1/graph.bin,/kaggle/working/gfd-robustness-v4-factorial-r1/graphs/variants/yelpchi/r60_s1/noise_edges_uniform/0.10/seed_1/graph.bin,/kaggle/working/gfd-robustness-v4-factorial-r1/graphs/base/yelpchi/r60_s1/graph.bin,ok,
gfd_robustness_benchmark_v4_factorial,yelpchi,r60_s1,1,4,noise_edges_uniform,0.1,secgfd,train_on_variant,0.7854119281802993,0.4332807266473981,0.6514788100900619,0.7921292781829834,5.271687382999517,50,50,0.8035602219059403,roc_auc,max_epochs,45954,8856482,192.7249450683593,193.0,192.7249450683593,193.0,0.2289074808359146,0.1452974677085876,/kaggle/working/gfd-robustness-v4-factorial-r1/graphs/base/yelpchi/r60_s1/graph.bin,/kaggle/working/gfd-robustness-v4-factorial-r1/graphs/variants/yelpchi/r60_s1/noise_edges_uniform/0.10/seed_1/graph.bin,/kaggle/working/gfd-robustness-v4-factorial-r1/graphs/variants/yelpchi/r60_s1/noise_edges_uniform/0.10/seed_1/graph.bin,ok,
gfd_robustness_benchmark_v4_factorial,yelpchi,r60_s1,0,0,noise_edges_uniform,0.2,mlp,train_clean_eval_all,0.7313415906222179,0.3257175093405576,0.6106510448958343,0.4993019104003906,0.087573737000639,16,6,0.7522698631802545,roc_auc,early_stopping,45954,9661617,210.24539184570312,210.0,210.24539184570312,210.0,0.2304346114397049,0.1452974677085876,/kaggle/working/gfd-robustness-v4-factorial-r1/graphs/base/yelpchi/r60_s1/graph.bin,/kaggle/working/gfd-robustness-v4-factorial-r1/graphs/variants/yelpchi/r60_s1/noise_edges_uniform/0.20/seed_0/graph.bin,/kaggle/working/gfd-robustness-v4-factorial-r1/graphs/base/yelpchi/r60_s1/graph.bin,ok,
gfd_robustness_benchmark_v4_factorial,yelpchi,r60_s1,0,0,noise_edges_uniform,0.2,mlp,train_on_variant,0.7313415906222179,0.3257175093405576,0.6106510448958343,0.4993019104003906,0.3938163279999571,16,6,0.7522698631802545,roc_auc,early_stopping,45954,9661617,210.24539184570312,210.0,210.24539184570312,210.0,0.2304346114397049,0.1452974677085876,/kaggle/working/gfd-robustness-v4-factorial-r1/graphs/base/yelpchi/r60_s1/graph.bin,/kaggle/working/gfd-robustness-v4-factorial-r1/graphs/variants/yelpchi/r60_s1/noise_edges_uniform/0.20/seed_0/graph.bin,/kaggle/working/gfd-robustness-v4-factorial-r1/graphs/variants/yelpchi/r60_s1/noise_edges_uniform/0.20/seed_0/graph.bin,ok,
gfd_robustness_benchmark_v4_factorial,yelpchi,r60_s1,0,0,noise_edges_uniform,0.2,pmp,train_clean_eval_all,0.8236257404996524,0.4963930498647288,0.6864608245289624,0.4558625817298889,0.3685395819993573,43,33,0.8640671153419779,roc_auc,early_stopping,45954,9661617,210.24539184570312,210.0,210.24539184570312,210.0,0.2304346114397049,0.1452974677085876,/kaggle/working/gfd-robustness-v4-factorial-r1/graphs/base/yelpchi/r60_s1/graph.bin,/kaggle/working/gfd-robustness-v4-factorial-r1/graphs/variants/yelpchi/r60_s1/noise_edges_uniform/0.20/seed_0/graph.bin,/kaggle/working/gfd-robustness-v4-factorial-r1/graphs/base/yelpchi/r60_s1/graph.bin,ok,
gfd_robustness_benchmark_v4_factorial,yelpchi,r60_s1,0,0,noise_edges_uniform,0.2,pmp,train_on_variant,0.8312373470980645,0.5160186434904372,0.6964074113427756,0.3820435106754303,31.829878447999363,56,46,0.8486139938062781,roc_auc,early_stopping,45954,9661617,210.24539184570312,210.0,210.24539184570312,210.0,0.2304346114397049,0.1452974677085876,/kaggle/working/gfd-robustness-v4-factorial-r1/graphs/base/yelpchi/r60_s1/graph.bin,/kaggle/working/gfd-robustness-v4-factorial-r1/graphs/variants/yelpchi/r60_s1/noise_edges_uniform/0.20/seed_0/graph.bin,/kaggle/working/gfd-robustness-v4-factorial-r1/graphs/variants/yelpchi/r60_s1/noise_edges_uniform/0.20/seed_0/graph.bin,ok,
gfd_robustness_benchmark_v4_factorial,yelpchi,r60_s1,0,0,noise_edges_uniform,0.2,sage,train_clean_eval_all,0.7808801312852909,0.4253850418934602,0.6544415273198877,0.6908925771713257,0.1247083460002613,100,100,0.8115424465439842,roc_auc,max_epochs,45954,9661617,210.24539184570312,210.0,210.24539184570312,210.0,0.2304346114397049,0.1452974677085876,/kaggle/working/gfd-robustness-v4-factorial-r1/graphs/base/yelpchi/r60_s1/graph.bin,/kaggle/working/gfd-robustness-v4-factorial-r1/graphs/variants/yelpchi/r60_s1/noise_edges_uniform/0.20/seed_0/graph.bin,/kaggle/working/gfd-robustness-v4-factorial-r1/graphs/base/yelpchi/r60_s1/graph.bin,ok,
gfd_robustness_benchmark_v4_factorial,yelpchi,r60_s1,0,0,noise_edges_uniform,0.2,sage,train_on_variant,0.7646858936150103,0.403426670683951,0.6412859416109249,0.6434593200683594,3.6832642379995377,100,100,0.7878503875248237,roc_auc,max_epochs,45954,9661617,210.24539184570312,210.0,210.24539184570312,210.0,0.2304346114397049,0.1452974677085876,/kaggle/working/gfd-robustness-v4-factorial-r1/graphs/base/yelpchi/r60_s1/graph.bin,/kaggle/working/gfd-robustness-v4-factorial-r1/graphs/variants/yelpchi/r60_s1/noise_edges_uniform/0.20/seed_0/graph.bin,/kaggle/working/gfd-robustness-v4-factorial-r1/graphs/variants/yelpchi/r60_s1/noise_edges_uniform/0.20/seed_0/graph.bin,ok,
gfd_robustness_benchmark_v4_factorial,yelpchi,r60_s1,0,0,noise_edges_uniform,0.2,secgfd,train_clean_eval_all,0.7938262508841787,0.4616769594312307,0.6716355214890705,0.6614007353782654,0.2161222430004272,50,50,0.8176709412406993,roc_auc,max_epochs,45954,9661617,210.24539184570312,210.0,210.24539184570312,210.0,0.2304346114397049,0.1452974677085876,/kaggle/working/gfd-robustness-v4-factorial-r1/graphs/base/yelpchi/r60_s1/graph.bin,/kaggle/working/gfd-robustness-v4-factorial-r1/graphs/variants/yelpchi/r60_s1/noise_edges_uniform/0.20/seed_0/graph.bin,/kaggle/working/gfd-robustness-v4-factorial-r1/graphs/base/yelpchi/r60_s1/graph.bin,ok,
gfd_robustness_benchmark_v4_factorial,yelpchi,r60_s1,0,0,noise_edges_uniform,0.2,secgfd,train_on_variant,0.8085317241027111,0.477986691046451,0.6880699275549474,0.761204719543457,5.784035672000755,50,50,0.8218046665093204,roc_auc,max_epochs,45954,9661617,210.24539184570312,210.0,210.24539184570312,210.0,0.2304346114397049,0.1452974677085876,/kaggle/working/gfd-robustness-v4-factorial-r1/graphs/base/yelpchi/r60_s1/graph.bin,/kaggle/working/gfd-robustness-v4-factorial-r1/graphs/variants/yelpchi/r60_s1/noise_edges_uniform/0.20/seed_0/graph.bin,/kaggle/working/gfd-robustness-v4-factorial-r1/graphs/variants/yelpchi/r60_s1/noise_edges_uniform/0.20/seed_0/graph.bin,ok,
gfd_robustness_benchmark_v4_factorial,yelpchi,r60_s1,0,1,noise_edges_uniform,0.2,mlp,train_clean_eval_all,0.7838484658737515,0.4223574749223457,0.6531032177334472,0.6898988485336304,0.0881023149995599,100,100,0.8046757116939282,roc_auc,max_epochs,45954,9661617,210.24539184570312,210.0,210.24539184570312,210.0,0.2304346114397049,0.1452974677085876,/kaggle/working/gfd-robustness-v4-factorial-r1/graphs/base/yelpchi/r60_s1/graph.bin,/kaggle/working/gfd-robustness-v4-factorial-r1/graphs/variants/yelpchi/r60_s1/noise_edges_uniform/0.20/seed_0/graph.bin,/kaggle/working/gfd-robustness-v4-factorial-r1/graphs/base/yelpchi/r60_s1/graph.bin,ok,
gfd_robustness_benchmark_v4_factorial,yelpchi,r60_s1,0,1,noise_edges_uniform,0.2,mlp,train_on_variant,0.7838484658737515,0.4223574749223457,0.6531032177334472,0.6898988485336304,1.9241517180016672,100,100,0.8046757116939282,roc_auc,max_epochs,45954,9661617,210.24539184570312,210.0,210.24539184570312,210.0,0.2304346114397049,0.1452974677085876,/kaggle/working/gfd-robustness-v4-factorial-r1/graphs/base/yelpchi/r60_s1/graph.bin,/kaggle/working/gfd-robustness-v4-factorial-r1/graphs/variants/yelpchi/r60_s1/noise_edges_uniform/0.20/seed_0/graph.bin,/kaggle/working/gfd-robustness-v4-factorial-r1/graphs/variants/yelpchi/r60_s1/noise_edges_uniform/0.20/seed_0/graph.bin,ok,
gfd_robustness_benchmark_v4_factorial,yelpchi,r60_s1,0,1,noise_edges_uniform,0.2,pmp,train_clean_eval_all,0.8173118185726307,0.4922698611468095,0.6880662837479861,0.3602780103683471,0.3533932800019101,51,41,0.8613966151476791,roc_auc,early_stopping,45954,9661617,210.24539184570312,210.0,210.24539184570312,210.0,0.2304346114397049,0.1452974677085876,/kaggle/working/gfd-robustness-v4-factorial-r1/graphs/base/yelpchi/r60_s1/graph.bin,/kaggle/working/gfd-robustness-v4-factorial-r1/graphs/variants/yelpchi/r60_s1/noise_edges_uniform/0.20/seed_0/graph.bin,/kaggle/working/gfd-robustness-v4-factorial-r1/graphs/base/yelpchi/r60_s1/graph.bin,ok,
gfd_robustness_benchmark_v4_factorial,yelpchi,r60_s1,0,1,noise_edges_uniform,0.2,pmp,train_on_variant,0.8263575477608937,0.5074931035838592,0.6947042833102828,0.3460437059402466,27.81428186999983,49,39,0.8491590317958694,roc_auc,early_stopping,45954,9661617,210.24539184570312,210.0,210.24539184570312,210.0,0.2304346114397049,0.1452974677085876,/kaggle/working/gfd-robustness-v4-factorial-r1/graphs/base/yelpchi/r60_s1/graph.bin,/kaggle/working/gfd-robustness-v4-factorial-r1/graphs/variants/yelpchi/r60_s1/noise_edges_uniform/0.20/seed_0/graph.bin,/kaggle/working/gfd-robustness-v4-factorial-r1/graphs/variants/yelpchi/r60_s1/noise_edges_uniform/0.20/seed_0/graph.bin,ok,
gfd_robustness_benchmark_v4_factorial,yelpchi,r60_s1,0,1,noise_edges_uniform,0.2,sage,train_clean_eval_all,0.6132410427363196,0.2125037268856497,0.5533953053076159,0.2996191680431366,0.1443171280006936,23,13,0.6071633087539366,roc_auc,early_stopping,45954,9661617,210.24539184570312,210.0,210.24539184570312,210.0,0.2304346114397049,0.1452974677085876,/kaggle/working/gfd-robustness-v4-factorial-r1/graphs/base/yelpchi/r60_s1/graph.bin,/kaggle/working/gfd-robustness-v4-factorial-r1/graphs/variants/yelpchi/r60_s1/noise_edges_uniform/0.20/seed_0/graph.bin,/kaggle/working/gfd-robustness-v4-factorial-r1/graphs/base/yelpchi/r60_s1/graph.bin,ok,
gfd_robustness_benchmark_v4_factorial,yelpchi,r60_s1,0,1,noise_edges_uniform,0.2,sage,train_on_variant,0.6136838466651219,0.2136285218101066,0.5549071239805738,0.2968933880329132,1.0171999409976706,23,13,0.6118417382473055,roc_auc,early_stopping,45954,9661617,210.24539184570312,210.0,210.24539184570312,210.0,0.2304346114397049,0.1452974677085876,/kaggle/working/gfd-robustness-v4-factorial-r1/graphs/base/yelpchi/r60_s1/graph.bin,/kaggle/working/gfd-robustness-v4-factorial-r1/graphs/variants/yelpchi/r60_s1/noise_edges_uniform/0.20/seed_0/graph.bin,/kaggle/working/gfd-robustness-v4-factorial-r1/graphs/variants/yelpchi/r60_s1/noise_edges_uniform/0.20/seed_0/graph.bin,ok,
gfd_robustness_benchmark_v4_factorial,yelpchi,r60_s1,0,1,noise_edges_uniform,0.2,secgfd,train_clean_eval_all,0.7874924158810688,0.427258587736454,0.6646775323245911,0.7126186490058899,0.2030399480026972,50,50,0.8104918501777297,roc_auc,max_epochs,45954,9661617,210.24539184570312,210.0,210.24539184570312,210.0,0.2304346114397049,0.1452974677085876,/kaggle/working/gfd-robustness-v4-factorial-r1/graphs/base/yelpchi/r60_s1/graph.bin,/kaggle/working/gfd-robustness-v4-factorial-r1/graphs/variants/yelpchi/r60_s1/noise_edges_uniform/0.20/seed_0/graph.bin,/kaggle/working/gfd-robustness-v4-factorial-r1/graphs/base/yelpchi/r60_s1/graph.bin,ok,
gfd_robustness_benchmark_v4_factorial,yelpchi,r60_s1,0,1,noise_edges_uniform,0.2,secgfd,train_on_variant,0.7909588155664231,0.4362444898472201,0.6706904105290925,0.7342966198921204,5.815487452000525,50,50,0.8139917083276712,roc_auc,max_epochs,45954,9661617,210.24539184570312,210.0,210.24539184570312,210.0,0.2304346114397049,0.1452974677085876,/kaggle/working/gfd-robustness-v4-factorial-r1/graphs/base/yelpchi/r60_s1/graph.bin,/kaggle/working/gfd-robustness-v4-factorial-r1/graphs/variants/yelpchi/r60_s1/noise_edges_uniform/0.20/seed_0/graph.bin,/kaggle/working/gfd-robustness-v4-factorial-r1/graphs/variants/yelpchi/r60_s1/noise_edges_uniform/0.20/seed_0/graph.bin,ok,
gfd_robustness_benchmark_v4_factorial,yelpchi,r60_s1,0,2,noise_edges_uniform,0.2,mlp,train_clean_eval_all,0.7843809262838884,0.425287123032842,0.6571495387316263,0.6982053518295288,0.0896817479988385,100,100,0.8050527229251151,roc_auc,max_epochs,45954,9661617,210.24539184570312,210.0,210.24539184570312,210.0,0.2304346114397049,0.1452974677085876,/kaggle/working/gfd-robustness-v4-factorial-r1/graphs/base/yelpchi/r60_s1/graph.bin,/kaggle/working/gfd-robustness-v4-factorial-r1/graphs/variants/yelpchi/r60_s1/noise_edges_uniform/0.20/seed_0/graph.bin,/kaggle/working/gfd-robustness-v4-factorial-r1/graphs/base/yelpchi/r60_s1/graph.bin,ok,
gfd_robustness_benchmark_v4_factorial,yelpchi,r60_s1,0,2,noise_edges_uniform,0.2,mlp,train_on_variant,0.7843809262838884,0.425287123032842,0.6571495387316263,0.6982053518295288,1.927557319002517,100,100,0.8050527229251151,roc_auc,max_epochs,45954,9661617,210.24539184570312,210.0,210.24539184570312,210.0,0.2304346114397049,0.1452974677085876,/kaggle/working/gfd-robustness-v4-factorial-r1/graphs/base/yelpchi/r60_s1/graph.bin,/kaggle/working/gfd-robustness-v4-factorial-r1/graphs/variants/yelpchi/r60_s1/noise_edges_uniform/0.20/seed_0/graph.bin,/kaggle/working/gfd-robustness-v4-factorial-r1/graphs/variants/yelpchi/r60_s1/noise_edges_uniform/0.20/seed_0/graph.bin,ok,
gfd_robustness_benchmark_v4_factorial,yelpchi,r60_s1,0,2,noise_edges_uniform,0.2,pmp,train_clean_eval_all,0.8265088013890752,0.5117431954839757,0.6990627894618741,0.3910762369632721,0.3167851069993048,61,51,0.8651209063145925,roc_auc,early_stopping,45954,9661617,210.24539184570312,210.0,210.24539184570312,210.0,0.2304346114397049,0.1452974677085876,/kaggle/working/gfd-robustness-v4-factorial-r1/graphs/base/yelpchi/r60_s1/graph.bin,/kaggle/working/gfd-robustness-v4-factorial-r1/graphs/variants/yelpchi/r60_s1/noise_edges_uniform/0.20/seed_0/graph.bin,/kaggle/working/gfd-robustness-v4-factorial-r1/graphs/base/yelpchi/r60_s1/graph.bin,ok,
gfd_robustness_benchmark_v4_factorial,yelpchi,r60_s1,0,2,noise_edges_uniform,0.2,pmp,train_on_variant,0.8278840422515458,0.4959429283537945,0.6983504761481338,0.4210107922554016,33.302665645998786,58,48,0.8489720281220721,roc_auc,early_stopping,45954,9661617,210.24539184570312,210.0,210.24539184570312,210.0,0.2304346114397049,0.1452974677085876,/kaggle/working/gfd-robustness-v4-factorial-r1/graphs/base/yelpchi/r60_s1/graph.bin,/kaggle/working/gfd-robustness-v4-factorial-r1/graphs/variants/yelpchi/r60_s1/noise_edges_uniform/0.20/seed_0/graph.bin,/kaggle/working/gfd-robustness-v4-factorial-r1/graphs/variants/yelpchi/r60_s1/noise_edges_uniform/0.20/seed_0/graph.bin,ok,
gfd_robustness_benchmark_v4_factorial,yelpchi,r60_s1,0,2,noise_edges_uniform,0.2,sage,train_clean_eval_all,0.7664757837939193,0.4034416640414087,0.6413310983922837,0.6638100147247314,0.1477643979997083,100,100,0.794380449009076,roc_auc,max_epochs,45954,9661617,210.24539184570312,210.0,210.24539184570312,210.0,0.2304346114397049,0.1452974677085876,/kaggle/working/gfd-robustness-v4-factorial-r1/graphs/base/yelpchi/r60_s1/graph.bin,/kaggle/working/gfd-robustness-v4-factorial-r1/graphs/variants/yelpchi/r60_s1/noise_edges_uniform/0.20/seed_0/graph.bin,/kaggle/working/gfd-robustness-v4-factorial-r1/graphs/base/yelpchi/r60_s1/graph.bin,ok,
gfd_robustness_benchmark_v4_factorial,yelpchi,r60_s1,0,2,noise_edges_uniform,0.2,sage,train_on_variant,0.7681038445004086,0.4133865526666629,0.6474650785006447,0.705504298210144,3.7110514720006895,100,100,0.7927011350388716,roc_auc,max_epochs,45954,9661617,210.24539184570312,210.0,210.24539184570312,210.0,0.2304346114397049,0.1452974677085876,/kaggle/working/gfd-robustness-v4-factorial-r1/graphs/base/yelpchi/r60_s1/graph.bin,/kaggle/working/gfd-robustness-v4-factorial-r1/graphs/variants/yelpchi/r60_s1/noise_edges_uniform/0.20/seed_0/graph.bin,/kaggle/working/gfd-robustness-v4-factorial-r1/graphs/variants/yelpchi/r60_s1/noise_edges_uniform/0.20/seed_0/graph.bin,ok,
gfd_robustness_benchmark_v4_factorial,yelpchi,r60_s1,0,2,noise_edges_uniform,0.2,secgfd,train_clean_eval_all,0.7928513200178056,0.4671823453990013,0.6759471919198866,0.7434759140014648,0.203189736999775,50,50,0.8145421342354521,roc_auc,max_epochs,45954,9661617,210.24539184570312,210.0,210.24539184570312,210.0,0.2304346114397049,0.1452974677085876,/kaggle/working/gfd-robustness-v4-factorial-r1/graphs/base/yelpchi/r60_s1/graph.bin,/kaggle/working/gfd-robustness-v4-factorial-r1/graphs/variants/yelpchi/r60_s1/noise_edges_uniform/0.20/seed_0/graph.bin,/kaggle/working/gfd-robustness-v4-factorial-r1/graphs/base/yelpchi/r60_s1/graph.bin,ok,
gfd_robustness_benchmark_v4_factorial,yelpchi,r60_s1,0,2,noise_edges_uniform,0.2,secgfd,train_on_variant,0.793769798742637,0.466196565085027,0.6775483572225379,0.7724124789237976,5.775161727000523,50,49,0.8130097721578136,roc_auc,max_epochs,45954,9661617,210.24539184570312,210.0,210.24539184570312,210.0,0.2304346114397049,0.1452974677085876,/kaggle/working/gfd-robustness-v4-factorial-r1/graphs/base/yelpchi/r60_s1/graph.bin,/kaggle/working/gfd-robustness-v4-factorial-r1/graphs/variants/yelpchi/r60_s1/noise_edges_uniform/0.20/seed_0/graph.bin,/kaggle/working/gfd-robustness-v4-factorial-r1/graphs/variants/yelpchi/r60_s1/noise_edges_uniform/0.20/seed_0/graph.bin,ok,
gfd_robustness_benchmark_v4_factorial,yelpchi,r60_s1,0,3,noise_edges_uniform,0.2,mlp,train_clean_eval_all,0.7816018135572033,0.4143485547512492,0.6496944434221562,0.6969894766807556,0.0937719560024561,100,100,0.8041077869722045,roc_auc,max_epochs,45954,9661617,210.24539184570312,210.0,210.24539184570312,210.0,0.2304346114397049,0.1452974677085876,/kaggle/working/gfd-robustness-v4-factorial-r1/graphs/base/yelpchi/r60_s1/graph.bin,/kaggle/working/gfd-robustness-v4-factorial-r1/graphs/variants/yelpchi/r60_s1/noise_edges_uniform/0.20/seed_0/graph.bin,/kaggle/working/gfd-robustness-v4-factorial-r1/graphs/base/yelpchi/r60_s1/graph.bin,ok,
gfd_robustness_benchmark_v4_factorial,yelpchi,r60_s1,0,3,noise_edges_uniform,0.2,mlp,train_on_variant,0.7816018135572033,0.4143485547512492,0.6496944434221562,0.6969894766807556,1.679162376000022,100,100,0.8041077869722045,roc_auc,max_epochs,45954,9661617,210.24539184570312,210.0,210.24539184570312,210.0,0.2304346114397049,0.1452974677085876,/kaggle/working/gfd-robustness-v4-factorial-r1/graphs/base/yelpchi/r60_s1/graph.bin,/kaggle/working/gfd-robustness-v4-factorial-r1/graphs/variants/yelpchi/r60_s1/noise_edges_uniform/0.20/seed_0/graph.bin,/kaggle/working/gfd-robustness-v4-factorial-r1/graphs/variants/yelpchi/r60_s1/noise_edges_uniform/0.20/seed_0/graph.bin,ok,
gfd_robustness_benchmark_v4_factorial,yelpchi,r60_s1,0,3,noise_edges_uniform,0.2,pmp,train_clean_eval_all,0.8215319138962401,0.5087251607076971,0.688759774894776,0.3360407650470733,0.3244030810019467,64,54,0.863328636785177,roc_auc,early_stopping,45954,9661617,210.24539184570312,210.0,210.24539184570312,210.0,0.2304346114397049,0.1452974677085876,/kaggle/working/gfd-robustness-v4-factorial-r1/graphs/base/yelpchi/r60_s1/graph.bin,/kaggle/working/gfd-robustness-v4-factorial-r1/graphs/variants/yelpchi/r60_s1/noise_edges_uniform/0.20/seed_0/graph.bin,/kaggle/working/gfd-robustness-v4-factorial-r1/graphs/base/yelpchi/r60_s1/graph.bin,ok,
gfd_robustness_benchmark_v4_factorial,yelpchi,r60_s1,0,3,noise_edges_uniform,0.2,pmp,train_on_variant,0.8287493559215581,0.5159073304411773,0.699602576923546,0.2856413722038269,36.999141546999454,65,55,0.8516602655337734,roc_auc,early_stopping,45954,9661617,210.24539184570312,210.0,210.24539184570312,210.0,0.2304346114397049,0.1452974677085876,/kaggle/working/gfd-robustness-v4-factorial-r1/graphs/base/yelpchi/r60_s1/graph.bin,/kaggle/working/gfd-robustness-v4-factorial-r1/graphs/variants/yelpchi/r60_s1/noise_edges_uniform/0.20/seed_0/graph.bin,/kaggle/working/gfd-robustness-v4-factorial-r1/graphs/variants/yelpchi/r60_s1/noise_edges_uniform/0.20/seed_0/graph.bin,ok,
gfd_robustness_benchmark_v4_factorial,yelpchi,r60_s1,0,3,noise_edges_uniform,0.2,sage,train_clean_eval_all,0.7660412214013927,0.4044723133110763,0.6419950880753896,0.6734314560890198,0.1504081960010808,100,100,0.7957354389126895,roc_auc,max_epochs,45954,9661617,210.24539184570312,210.0,210.24539184570312,210.0,0.2304346114397049,0.1452974677085876,/kaggle/working/gfd-robustness-v4-factorial-r1/graphs/base/yelpchi/r60_s1/graph.bin,/kaggle/working/gfd-robustness-v4-factorial-r1/graphs/variants/yelpchi/r60_s1/noise_edges_uniform/0.20/seed_0/graph.bin,/kaggle/working/gfd-robustness-v4-factorial-r1/graphs/base/yelpchi/r60_s1/graph.bin,ok,
gfd_robustness_benchmark_v4_factorial,yelpchi,r60_s1,0,3,noise_edges_uniform,0.2,sage,train_on_variant,0.7647903658060661,0.4050971126986366,0.6427071212077651,0.6802147030830383,3.5647526959983225,100,100,0.7900653463883068,roc_auc,max_epochs,45954,9661617,210.24539184570312,210.0,210.24539184570312,210.0,0.2304346114397049,0.1452974677085876,/kaggle/working/gfd-robustness-v4-factorial-r1/graphs/base/yelpchi/r60_s1/graph.bin,/kaggle/working/gfd-robustness-v4-factorial-r1/graphs/variants/yelpchi/r60_s1/noise_edges_uniform/0.20/seed_0/graph.bin,/kaggle/working/gfd-robustness-v4-factorial-r1/graphs/variants/yelpchi/r60_s1/noise_edges_uniform/0.20/seed_0/graph.bin,ok,
gfd_robustness_benchmark_v4_factorial,yelpchi,r60_s1,0,3,noise_edges_uniform,0.2,secgfd,train_clean_eval_all,0.7777148096881593,0.4171756451899461,0.6589072718104976,0.7394757270812988,0.181789188998664,50,44,0.80207887816868,roc_auc,max_epochs,45954,9661617,210.24539184570312,210.0,210.24539184570312,210.0,0.2304346114397049,0.1452974677085876,/kaggle/working/gfd-robustness-v4-factorial-r1/graphs/base/yelpchi/r60_s1/graph.bin,/kaggle/working/gfd-robustness-v4-factorial-r1/graphs/variants/yelpchi/r60_s1/noise_edges_uniform/0.20/seed_0/graph.bin,/kaggle/working/gfd-robustness-v4-factorial-r1/graphs/base/yelpchi/r60_s1/graph.bin,ok,
gfd_robustness_benchmark_v4_factorial,yelpchi,r60_s1,0,3,noise_edges_uniform,0.2,secgfd,train_on_variant,0.7953619396898667,0.4533292110981265,0.6752601865398316,0.7433276772499084,5.63033340399852,50,50,0.8161813964244249,roc_auc,max_epochs,45954,9661617,210.24539184570312,210.0,210.24539184570312,210.0,0.2304346114397049,0.1452974677085876,/kaggle/working/gfd-robustness-v4-factorial-r1/graphs/base/yelpchi/r60_s1/graph.bin,/kaggle/working/gfd-robustness-v4-factorial-r1/graphs/variants/yelpchi/r60_s1/noise_edges_uniform/0.20/seed_0/graph.bin,/kaggle/working/gfd-robustness-v4-factorial-r1/graphs/variants/yelpchi/r60_s1/noise_edges_uniform/0.20/seed_0/graph.bin,ok,
gfd_robustness_benchmark_v4_factorial,yelpchi,r60_s1,0,4,noise_edges_uniform,0.2,mlp,train_clean_eval_all,0.7806874794199787,0.4201037950434657,0.6496479861960988,0.6775984764099121,0.0782248649993562,100,100,0.8035062473626617,roc_auc,max_epochs,45954,9661617,210.24539184570312,210.0,210.24539184570312,210.0,0.2304346114397049,0.1452974677085876,/kaggle/working/gfd-robustness-v4-factorial-r1/graphs/base/yelpchi/r60_s1/graph.bin,/kaggle/working/gfd-robustness-v4-factorial-r1/graphs/variants/yelpchi/r60_s1/noise_edges_uniform/0.20/seed_0/graph.bin,/kaggle/working/gfd-robustness-v4-factorial-r1/graphs/base/yelpchi/r60_s1/graph.bin,ok,
gfd_robustness_benchmark_v4_factorial,yelpchi,r60_s1,0,4,noise_edges_uniform,0.2,mlp,train_on_variant,0.7806874794199787,0.4201037950434657,0.6496479861960988,0.6775984764099121,1.8133452969996144,100,100,0.8035062473626617,roc_auc,max_epochs,45954,9661617,210.24539184570312,210.0,210.24539184570312,210.0,0.2304346114397049,0.1452974677085876,/kaggle/working/gfd-robustness-v4-factorial-r1/graphs/base/yelpchi/r60_s1/graph.bin,/kaggle/working/gfd-robustness-v4-factorial-r1/graphs/variants/yelpchi/r60_s1/noise_edges_uniform/0.20/seed_0/graph.bin,/kaggle/working/gfd-robustness-v4-factorial-r1/graphs/variants/yelpchi/r60_s1/noise_edges_uniform/0.20/seed_0/graph.bin,ok,
gfd_robustness_benchmark_v4_factorial,yelpchi,r60_s1,0,4,noise_edges_uniform,0.2,pmp,train_clean_eval_all,0.8324738633730502,0.521423884115727,0.7015934018231208,0.5032673478126526,0.3208496279985411,97,87,0.8691705705233195,roc_auc,early_stopping,45954,9661617,210.24539184570312,210.0,210.24539184570312,210.0,0.2304346114397049,0.1452974677085876,/kaggle/working/gfd-robustness-v4-factorial-r1/graphs/base/yelpchi/r60_s1/graph.bin,/kaggle/working/gfd-robustness-v4-factorial-r1/graphs/variants/yelpchi/r60_s1/noise_edges_uniform/0.20/seed_0/graph.bin,/kaggle/working/gfd-robustness-v4-factorial-r1/graphs/base/yelpchi/r60_s1/graph.bin,ok,
gfd_robustness_benchmark_v4_factorial,yelpchi,r60_s1,0,4,noise_edges_uniform,0.2,pmp,train_on_variant,0.8247073825871678,0.5015156148852495,0.6928472249038398,0.2776823043823242,26.45411067999885,46,36,0.8441133179324698,roc_auc,early_stopping,45954,9661617,210.24539184570312,210.0,210.24539184570312,210.0,0.2304346114397049,0.1452974677085876,/kaggle/working/gfd-robustness-v4-factorial-r1/graphs/base/yelpchi/r60_s1/graph.bin,/kaggle/working/gfd-robustness-v4-factorial-r1/graphs/variants/yelpchi/r60_s1/noise_edges_uniform/0.20/seed_0/graph.bin,/kaggle/working/gfd-robustness-v4-factorial-r1/graphs/variants/yelpchi/r60_s1/noise_edges_uniform/0.20/seed_0/graph.bin,ok,
gfd_robustness_benchmark_v4_factorial,yelpchi,r60_s1,0,4,noise_edges_uniform,0.2,sage,train_clean_eval_all,0.7708758113863922,0.4109003282601682,0.6430525850429546,0.6741504073143005,0.1464841070010152,100,100,0.8005188136090231,roc_auc,max_epochs,45954,9661617,210.24539184570312,210.0,210.24539184570312,210.0,0.2304346114397049,0.1452974677085876,/kaggle/working/gfd-robustness-v4-factorial-r1/graphs/base/yelpchi/r60_s1/graph.bin,/kaggle/working/gfd-robustness-v4-factorial-r1/graphs/variants/yelpchi/r60_s1/noise_edges_uniform/0.20/seed_0/graph.bin,/kaggle/working/gfd-robustness-v4-factorial-r1/graphs/base/yelpchi/r60_s1/graph.bin,ok,
gfd_robustness_benchmark_v4_factorial,yelpchi,r60_s1,0,4,noise_edges_uniform,0.2,sage,train_on_variant,0.7686420692220447,0.40156590148613,0.6405158419565228,0.6613268256187439,3.70703207599945,100,100,0.7938073270919308,roc_auc,max_epochs,45954,9661617,210.24539184570312,210.0,210.24539184570312,210.0,0.2304346114397049,0.1452974677085876,/kaggle/working/gfd-robustness-v4-factorial-r1/graphs/base/yelpchi/r60_s1/graph.bin,/kaggle/working/gfd-robustness-v4-factorial-r1/graphs/variants/yelpchi/r60_s1/noise_edges_uniform/0.20/seed_0/graph.bin,/kaggle/working/gfd-robustness-v4-factorial-r1/graphs/variants/yelpchi/r60_s1/noise_edges_uniform/0.20/seed_0/graph.bin,ok,
gfd_robustness_benchmark_v4_factorial,yelpchi,r60_s1,0,4,noise_edges_uniform,0.2,secgfd,train_clean_eval_all,0.7823627979529739,0.4187922364625024,0.6661258167488928,0.7461267709732056,0.1954322630008391,50,50,0.8075951527808571,roc_auc,max_epochs,45954,9661617,210.24539184570312,210.0,210.24539184570312,210.0,0.2304346114397049,0.1452974677085876,/kaggle/working/gfd-robustness-v4-factorial-r1/graphs/base/yelpchi/r60_s1/graph.bin,/kaggle/working/gfd-robustness-v4-factorial-r1/graphs/variants/yelpchi/r60_s1/noise_edges_uniform/0.20/seed_0/graph.bin,/kaggle/working/gfd-robustness-v4-factorial-r1/graphs/base/yelpchi/r60_s1/graph.bin,ok,
gfd_robustness_benchmark_v4_factorial,yelpchi,r60_s1,0,4,noise_edges_uniform,0.2,secgfd,train_on_variant,0.7822172609973536,0.4276092233324091,0.6564052117800196,0.7079676985740662,5.6902847299970745,50,50,0.8001272120861018,roc_auc,max_epochs,45954,9661617,210.24539184570312,210.0,210.24539184570312,210.0,0.2304346114397049,0.1452974677085876,/kaggle/working/gfd-robustness-v4-factorial-r1/graphs/base/yelpchi/r60_s1/graph.bin,/kaggle/working/gfd-robustness-v4-factorial-r1/graphs/variants/yelpchi/r60_s1/noise_edges_uniform/0.20/seed_0/graph.bin,/kaggle/working/gfd-robustness-v4-factorial-r1/graphs/variants/yelpchi/r60_s1/noise_edges_uniform/0.20/seed_0/graph.bin,ok,
gfd_robustness_benchmark_v4_factorial,yelpchi,r60_s1,1,0,noise_edges_uniform,0.2,mlp,train_clean_eval_all,0.7313415906222179,0.3257175093405576,0.6106510448958343,0.4993019104003906,0.0880408980010543,16,6,0.7522698631802545,roc_auc,early_stopping,45954,9661617,210.24539184570312,210.0,210.24539184570312,210.0,0.2304567694664001,0.1452974677085876,/kaggle/working/gfd-robustness-v4-factorial-r1/graphs/base/yelpchi/r60_s1/graph.bin,/kaggle/working/gfd-robustness-v4-factorial-r1/graphs/variants/yelpchi/r60_s1/noise_edges_uniform/0.20/seed_1/graph.bin,/kaggle/working/gfd-robustness-v4-factorial-r1/graphs/base/yelpchi/r60_s1/graph.bin,ok,
gfd_robustness_benchmark_v4_factorial,yelpchi,r60_s1,1,0,noise_edges_uniform,0.2,mlp,train_on_variant,0.7313415906222179,0.3257175093405576,0.6106510448958343,0.4993019104003906,0.3651035049988422,16,6,0.7522698631802545,roc_auc,early_stopping,45954,9661617,210.24539184570312,210.0,210.24539184570312,210.0,0.2304567694664001,0.1452974677085876,/kaggle/working/gfd-robustness-v4-factorial-r1/graphs/base/yelpchi/r60_s1/graph.bin,/kaggle/working/gfd-robustness-v4-factorial-r1/graphs/variants/yelpchi/r60_s1/noise_edges_uniform/0.20/seed_1/graph.bin,/kaggle/working/gfd-robustness-v4-factorial-r1/graphs/variants/yelpchi/r60_s1/noise_edges_uniform/0.20/seed_1/graph.bin,ok,
gfd_robustness_benchmark_v4_factorial,yelpchi,r60_s1,1,0,noise_edges_uniform,0.2,pmp,train_clean_eval_all,0.8204016800919546,0.4901169149835235,0.6833569612403667,0.4558625817298889,0.3588371030018606,43,33,0.8640671153419779,roc_auc,early_stopping,45954,9661617,210.24539184570312,210.0,210.24539184570312,210.0,0.2304567694664001,0.1452974677085876,/kaggle/working/gfd-robustness-v4-factorial-r1/graphs/base/yelpchi/r60_s1/graph.bin,/kaggle/working/gfd-robustness-v4-factorial-r1/graphs/variants/yelpchi/r60_s1/noise_edges_uniform/0.20/seed_1/graph.bin,/kaggle/working/gfd-robustness-v4-factorial-r1/graphs/base/yelpchi/r60_s1/graph.bin,ok,
gfd_robustness_benchmark_v4_factorial,yelpchi,r60_s1,1,0,noise_edges_uniform,0.2,pmp,train_on_variant,0.827765373656963,0.5163532539330095,0.7009477029990967,0.3141453564167022,36.36327075000008,63,53,0.8490321057939193,roc_auc,early_stopping,45954,9661617,210.24539184570312,210.0,210.24539184570312,210.0,0.2304567694664001,0.1452974677085876,/kaggle/working/gfd-robustness-v4-factorial-r1/graphs/base/yelpchi/r60_s1/graph.bin,/kaggle/working/gfd-robustness-v4-factorial-r1/graphs/variants/yelpchi/r60_s1/noise_edges_uniform/0.20/seed_1/graph.bin,/kaggle/working/gfd-robustness-v4-factorial-r1/graphs/variants/yelpchi/r60_s1/noise_edges_uniform/0.20/seed_1/graph.bin,ok,
gfd_robustness_benchmark_v4_factorial,yelpchi,r60_s1,1,0,noise_edges_uniform,0.2,sage,train_clean_eval_all,0.7805212195263241,0.4255082144305965,0.6545536680590611,0.6908925771713257,0.1267512899976282,100,100,0.8115424465439842,roc_auc,max_epochs,45954,9661617,210.24539184570312,210.0,210.24539184570312,210.0,0.2304567694664001,0.1452974677085876,/kaggle/working/gfd-robustness-v4-factorial-r1/graphs/base/yelpchi/r60_s1/graph.bin,/kaggle/working/gfd-robustness-v4-factorial-r1/graphs/variants/yelpchi/r60_s1/noise_edges_uniform/0.20/seed_1/graph.bin,/kaggle/working/gfd-robustness-v4-factorial-r1/graphs/base/yelpchi/r60_s1/graph.bin,ok,
gfd_robustness_benchmark_v4_factorial,yelpchi,r60_s1,1,0,noise_edges_uniform,0.2,sage,train_on_variant,0.7644056337426979,0.403733620622546,0.6428400839700754,0.6975572109222412,3.5933682399991085,100,100,0.7869260496308322,roc_auc,max_epochs,45954,9661617,210.24539184570312,210.0,210.24539184570312,210.0,0.2304567694664001,0.1452974677085876,/kaggle/working/gfd-robustness-v4-factorial-r1/graphs/base/yelpchi/r60_s1/graph.bin,/kaggle/working/gfd-robustness-v4-factorial-r1/graphs/variants/yelpchi/r60_s1/noise_edges_uniform/0.20/seed_1/graph.bin,/kaggle/working/gfd-robustness-v4-factorial-r1/graphs/variants/yelpchi/r60_s1/noise_edges_uniform/0.20/seed_1/graph.bin,ok,
gfd_robustness_benchmark_v4_factorial,yelpchi,r60_s1,1,0,noise_edges_uniform,0.2,secgfd,train_clean_eval_all,0.7941068442290572,0.4628932158254313,0.674097849492581,0.6614007353782654,0.1990476860009948,50,50,0.8176709412406993,roc_auc,max_epochs,45954,9661617,210.24539184570312,210.0,210.24539184570312,210.0,0.2304567694664001,0.1452974677085876,/kaggle/working/gfd-robustness-v4-factorial-r1/graphs/base/yelpchi/r60_s1/graph.bin,/kaggle/working/gfd-robustness-v4-factorial-r1/graphs/variants/yelpchi/r60_s1/noise_edges_uniform/0.20/seed_1/graph.bin,/kaggle/working/gfd-robustness-v4-factorial-r1/graphs/base/yelpchi/r60_s1/graph.bin,ok,
gfd_robustness_benchmark_v4_factorial,yelpchi,r60_s1,1,0,noise_edges_uniform,0.2,secgfd,train_on_variant,0.8068685058599705,0.4748459906759751,0.6845429572294329,0.7060329914093018,5.699790384998778,50,49,0.8209797905387203,roc_auc,max_epochs,45954,9661617,210.24539184570312,210.0,210.24539184570312,210.0,0.2304567694664001,0.1452974677085876,/kaggle/working/gfd-robustness-v4-factorial-r1/graphs/base/yelpchi/r60_s1/graph.bin,/kaggle/working/gfd-robustness-v4-factorial-r1/graphs/variants/yelpchi/r60_s1/noise_edges_uniform/0.20/seed_1/graph.bin,/kaggle/working/gfd-robustness-v4-factorial-r1/graphs/variants/yelpchi/r60_s1/noise_edges_uniform/0.20/seed_1/graph.bin,ok,
gfd_robustness_benchmark_v4_factorial,yelpchi,r60_s1,1,1,noise_edges_uniform,0.2,mlp,train_clean_eval_all,0.7838484658737515,0.4223574749223457,0.6531032177334472,0.6898988485336304,0.0970895009995729,100,100,0.8046757116939282,roc_auc,max_epochs,45954,9661617,210.24539184570312,210.0,210.24539184570312,210.0,0.2304567694664001,0.1452974677085876,/kaggle/working/gfd-robustness-v4-factorial-r1/graphs/base/yelpchi/r60_s1/graph.bin,/kaggle/working/gfd-robustness-v4-factorial-r1/graphs/variants/yelpchi/r60_s1/noise_edges_uniform/0.20/seed_1/graph.bin,/kaggle/working/gfd-robustness-v4-factorial-r1/graphs/base/yelpchi/r60_s1/graph.bin,ok,
gfd_robustness_benchmark_v4_factorial,yelpchi,r60_s1,1,1,noise_edges_uniform,0.2,mlp,train_on_variant,0.7838484658737515,0.4223574749223457,0.6531032177334472,0.6898988485336304,1.7813797009985135,100,100,0.8046757116939282,roc_auc,max_epochs,45954,9661617,210.24539184570312,210.0,210.24539184570312,210.0,0.2304567694664001,0.1452974677085876,/kaggle/working/gfd-robustness-v4-factorial-r1/graphs/base/yelpchi/r60_s1/graph.bin,/kaggle/working/gfd-robustness-v4-factorial-r1/graphs/variants/yelpchi/r60_s1/noise_edges_uniform/0.20/seed_1/graph.bin,/kaggle/working/gfd-robustness-v4-factorial-r1/graphs/variants/yelpchi/r60_s1/noise_edges_uniform/0.20/seed_1/graph.bin,ok,
gfd_robustness_benchmark_v4_factorial,yelpchi,r60_s1,1,1,noise_edges_uniform,0.2,pmp,train_clean_eval_all,0.8227852943552812,0.4945576103955623,0.6989683530080824,0.3602780103683471,0.3678528560012637,51,41,0.8613966151476791,roc_auc,early_stopping,45954,9661617,210.24539184570312,210.0,210.24539184570312,210.0,0.2304567694664001,0.1452974677085876,/kaggle/working/gfd-robustness-v4-factorial-r1/graphs/base/yelpchi/r60_s1/graph.bin,/kaggle/working/gfd-robustness-v4-factorial-r1/graphs/variants/yelpchi/r60_s1/noise_edges_uniform/0.20/seed_1/graph.bin,/kaggle/working/gfd-robustness-v4-factorial-r1/graphs/base/yelpchi/r60_s1/graph.bin,ok,
gfd_robustness_benchmark_v4_factorial,yelpchi,r60_s1,1,1,noise_edges_uniform,0.2,pmp,train_on_variant,0.8268255050489652,0.5149374326248279,0.707403059347129,0.408920407295227,33.69317914799831,59,49,0.8477565042423896,roc_auc,early_stopping,45954,9661617,210.24539184570312,210.0,210.24539184570312,210.0,0.2304567694664001,0.1452974677085876,/kaggle/working/gfd-robustness-v4-factorial-r1/graphs/base/yelpchi/r60_s1/graph.bin,/kaggle/working/gfd-robustness-v4-factorial-r1/graphs/variants/yelpchi/r60_s1/noise_edges_uniform/0.20/seed_1/graph.bin,/kaggle/working/gfd-robustness-v4-factorial-r1/graphs/variants/yelpchi/r60_s1/noise_edges_uniform/0.20/seed_1/graph.bin,ok,
gfd_robustness_benchmark_v4_factorial,yelpchi,r60_s1,1,1,noise_edges_uniform,0.2,sage,train_clean_eval_all,0.6123039371867264,0.2104695092778262,0.5493601040476161,0.2996191680431366,0.1459005739998247,23,13,0.6071633087539366,roc_auc,early_stopping,45954,9661617,210.24539184570312,210.0,210.24539184570312,210.0,0.2304567694664001,0.1452974677085876,/kaggle/working/gfd-robustness-v4-factorial-r1/graphs/base/yelpchi/r60_s1/graph.bin,/kaggle/working/gfd-robustness-v4-factorial-r1/graphs/variants/yelpchi/r60_s1/noise_edges_uniform/0.20/seed_1/graph.bin,/kaggle/working/gfd-robustness-v4-factorial-r1/graphs/base/yelpchi/r60_s1/graph.bin,ok,
gfd_robustness_benchmark_v4_factorial,yelpchi,r60_s1,1,1,noise_edges_uniform,0.2,sage,train_on_variant,0.6127209684500653,0.211539352718938,0.5526166975799747,0.2903826236724853,1.0353297800029395,23,13,0.6113111475073726,roc_auc,early_stopping,45954,9661617,210.24539184570312,210.0,210.24539184570312,210.0,0.2304567694664001,0.1452974677085876,/kaggle/working/gfd-robustness-v4-factorial-r1/graphs/base/yelpchi/r60_s1/graph.bin,/kaggle/working/gfd-robustness-v4-factorial-r1/graphs/variants/yelpchi/r60_s1/noise_edges_uniform/0.20/seed_1/graph.bin,/kaggle/working/gfd-robustness-v4-factorial-r1/graphs/variants/yelpchi/r60_s1/noise_edges_uniform/0.20/seed_1/graph.bin,ok,
gfd_robustness_benchmark_v4_factorial,yelpchi,r60_s1,1,1,noise_edges_uniform,0.2,secgfd,train_clean_eval_all,0.7877633861604693,0.4281832599942159,0.6654759191523898,0.7126186490058899,0.1948119650005537,50,50,0.8104918501777297,roc_auc,max_epochs,45954,9661617,210.24539184570312,210.0,210.24539184570312,210.0,0.2304567694664001,0.1452974677085876,/kaggle/working/gfd-robustness-v4-factorial-r1/graphs/base/yelpchi/r60_s1/graph.bin,/kaggle/working/gfd-robustness-v4-factorial-r1/graphs/variants/yelpchi/r60_s1/noise_edges_uniform/0.20/seed_1/graph.bin,/kaggle/working/gfd-robustness-v4-factorial-r1/graphs/base/yelpchi/r60_s1/graph.bin,ok,
gfd_robustness_benchmark_v4_factorial,yelpchi,r60_s1,1,1,noise_edges_uniform,0.2,secgfd,train_on_variant,0.7908070379099236,0.4359878319525818,0.6633816007492256,0.7306032180786133,5.739096747001895,50,49,0.8132356832762357,roc_auc,max_epochs,45954,9661617,210.24539184570312,210.0,210.24539184570312,210.0,0.2304567694664001,0.1452974677085876,/kaggle/working/gfd-robustness-v4-factorial-r1/graphs/base/yelpchi/r60_s1/graph.bin,/kaggle/working/gfd-robustness-v4-factorial-r1/graphs/variants/yelpchi/r60_s1/noise_edges_uniform/0.20/seed_1/graph.bin,/kaggle/working/gfd-robustness-v4-factorial-r1/graphs/variants/yelpchi/r60_s1/noise_edges_uniform/0.20/seed_1/graph.bin,ok,
gfd_robustness_benchmark_v4_factorial,yelpchi,r60_s1,1,2,noise_edges_uniform,0.2,mlp,train_clean_eval_all,0.7843809262838884,0.425287123032842,0.6571495387316263,0.6982053518295288,0.0931224189989734,100,100,0.8050527229251151,roc_auc,max_epochs,45954,9661617,210.24539184570312,210.0,210.24539184570312,210.0,0.2304567694664001,0.1452974677085876,/kaggle/working/gfd-robustness-v4-factorial-r1/graphs/base/yelpchi/r60_s1/graph.bin,/kaggle/working/gfd-robustness-v4-factorial-r1/graphs/variants/yelpchi/r60_s1/noise_edges_uniform/0.20/seed_1/graph.bin,/kaggle/working/gfd-robustness-v4-factorial-r1/graphs/base/yelpchi/r60_s1/graph.bin,ok,
gfd_robustness_benchmark_v4_factorial,yelpchi,r60_s1,1,2,noise_edges_uniform,0.2,mlp,train_on_variant,0.7843809262838884,0.425287123032842,0.6571495387316263,0.6982053518295288,1.884748361997481,100,100,0.8050527229251151,roc_auc,max_epochs,45954,9661617,210.24539184570312,210.0,210.24539184570312,210.0,0.2304567694664001,0.1452974677085876,/kaggle/working/gfd-robustness-v4-factorial-r1/graphs/base/yelpchi/r60_s1/graph.bin,/kaggle/working/gfd-robustness-v4-factorial-r1/graphs/variants/yelpchi/r60_s1/noise_edges_uniform/0.20/seed_1/graph.bin,/kaggle/working/gfd-robustness-v4-factorial-r1/graphs/variants/yelpchi/r60_s1/noise_edges_uniform/0.20/seed_1/graph.bin,ok,
gfd_robustness_benchmark_v4_factorial,yelpchi,r60_s1,1,2,noise_edges_uniform,0.2,pmp,train_clean_eval_all,0.823331188945937,0.5042793691036473,0.6982011224309848,0.3910762369632721,0.3225309389999893,61,51,0.8651209063145925,roc_auc,early_stopping,45954,9661617,210.24539184570312,210.0,210.24539184570312,210.0,0.2304567694664001,0.1452974677085876,/kaggle/working/gfd-robustness-v4-factorial-r1/graphs/base/yelpchi/r60_s1/graph.bin,/kaggle/working/gfd-robustness-v4-factorial-r1/graphs/variants/yelpchi/r60_s1/noise_edges_uniform/0.20/seed_1/graph.bin,/kaggle/working/gfd-robustness-v4-factorial-r1/graphs/base/yelpchi/r60_s1/graph.bin,ok,
gfd_robustness_benchmark_v4_factorial,yelpchi,r60_s1,1,2,noise_edges_uniform,0.2,pmp,train_on_variant,0.8328665987780041,0.5130212287544071,0.7030263555771464,0.31731778383255,41.009511735999695,71,61,0.8501361998965329,roc_auc,early_stopping,45954,9661617,210.24539184570312,210.0,210.24539184570312,210.0,0.2304567694664001,0.1452974677085876,/kaggle/working/gfd-robustness-v4-factorial-r1/graphs/base/yelpchi/r60_s1/graph.bin,/kaggle/working/gfd-robustness-v4-factorial-r1/graphs/variants/yelpchi/r60_s1/noise_edges_uniform/0.20/seed_1/graph.bin,/kaggle/working/gfd-robustness-v4-factorial-r1/graphs/variants/yelpchi/r60_s1/noise_edges_uniform/0.20/seed_1/graph.bin,ok,
gfd_robustness_benchmark_v4_factorial,yelpchi,r60_s1,1,2,noise_edges_uniform,0.2,sage,train_clean_eval_all,0.7663634035391539,0.4034350466230914,0.6414293196492913,0.6638100147247314,0.144595413999923,100,100,0.794380449009076,roc_auc,max_epochs,45954,9661617,210.24539184570312,210.0,210.24539184570312,210.0,0.2304567694664001,0.1452974677085876,/kaggle/working/gfd-robustness-v4-factorial-r1/graphs/base/yelpchi/r60_s1/graph.bin,/kaggle/working/gfd-robustness-v4-factorial-r1/graphs/variants/yelpchi/r60_s1/noise_edges_uniform/0.20/seed_1/graph.bin,/kaggle/working/gfd-robustness-v4-factorial-r1/graphs/base/yelpchi/r60_s1/graph.bin,ok,
gfd_robustness_benchmark_v4_factorial,yelpchi,r60_s1,1,2,noise_edges_uniform,0.2,sage,train_on_variant,0.7675937743911363,0.409817704274232,0.6407220612689215,0.6654748916625977,3.78347024300092,100,100,0.7922188448398764,roc_auc,max_epochs,45954,9661617,210.24539184570312,210.0,210.24539184570312,210.0,0.2304567694664001,0.1452974677085876,/kaggle/working/gfd-robustness-v4-factorial-r1/graphs/base/yelpchi/r60_s1/graph.bin,/kaggle/working/gfd-robustness-v4-factorial-r1/graphs/variants/yelpchi/r60_s1/noise_edges_uniform/0.20/seed_1/graph.bin,/kaggle/working/gfd-robustness-v4-factorial-r1/graphs/variants/yelpchi/r60_s1/noise_edges_uniform/0.20/seed_1/graph.bin,ok,
gfd_robustness_benchmark_v4_factorial,yelpchi,r60_s1,1,2,noise_edges_uniform,0.2,secgfd,train_clean_eval_all,0.7932522493200971,0.4677366793732314,0.6733984554437271,0.7434759140014648,0.2020030129970109,50,50,0.8145421342354521,roc_auc,max_epochs,45954,9661617,210.24539184570312,210.0,210.24539184570312,210.0,0.2304567694664001,0.1452974677085876,/kaggle/working/gfd-robustness-v4-factorial-r1/graphs/base/yelpchi/r60_s1/graph.bin,/kaggle/working/gfd-robustness-v4-factorial-r1/graphs/variants/yelpchi/r60_s1/noise_edges_uniform/0.20/seed_1/graph.bin,/kaggle/working/gfd-robustness-v4-factorial-r1/graphs/base/yelpchi/r60_s1/graph.bin,ok,
gfd_robustness_benchmark_v4_factorial,yelpchi,r60_s1,1,2,noise_edges_uniform,0.2,secgfd,train_on_variant,0.7960678058343598,0.470848065426196,0.6759149549062963,0.7227158546447754,5.678656782998587,50,50,0.8138028927875801,roc_auc,max_epochs,45954,9661617,210.24539184570312,210.0,210.24539184570312,210.0,0.2304567694664001,0.1452974677085876,/kaggle/working/gfd-robustness-v4-factorial-r1/graphs/base/yelpchi/r60_s1/graph.bin,/kaggle/working/gfd-robustness-v4-factorial-r1/graphs/variants/yelpchi/r60_s1/noise_edges_uniform/0.20/seed_1/graph.bin,/kaggle/working/gfd-robustness-v4-factorial-r1/graphs/variants/yelpchi/r60_s1/noise_edges_uniform/0.20/seed_1/graph.bin,ok,
gfd_robustness_benchmark_v4_factorial,yelpchi,r60_s1,1,3,noise_edges_uniform,0.2,mlp,train_clean_eval_all,0.7816018135572033,0.4143485547512492,0.6496944434221562,0.6969894766807556,0.0933412970007339,100,100,0.8041077869722045,roc_auc,max_epochs,45954,9661617,210.24539184570312,210.0,210.24539184570312,210.0,0.2304567694664001,0.1452974677085876,/kaggle/working/gfd-robustness-v4-factorial-r1/graphs/base/yelpchi/r60_s1/graph.bin,/kaggle/working/gfd-robustness-v4-factorial-r1/graphs/variants/yelpchi/r60_s1/noise_edges_uniform/0.20/seed_1/graph.bin,/kaggle/working/gfd-robustness-v4-factorial-r1/graphs/base/yelpchi/r60_s1/graph.bin,ok,
gfd_robustness_benchmark_v4_factorial,yelpchi,r60_s1,1,3,noise_edges_uniform,0.2,mlp,train_on_variant,0.7816018135572033,0.4143485547512492,0.6496944434221562,0.6969894766807556,1.907219766999333,100,100,0.8041077869722045,roc_auc,max_epochs,45954,9661617,210.24539184570312,210.0,210.24539184570312,210.0,0.2304567694664001,0.1452974677085876,/kaggle/working/gfd-robustness-v4-factorial-r1/graphs/base/yelpchi/r60_s1/graph.bin,/kaggle/working/gfd-robustness-v4-factorial-r1/graphs/variants/yelpchi/r60_s1/noise_edges_uniform/0.20/seed_1/graph.bin,/kaggle/working/gfd-robustness-v4-factorial-r1/graphs/variants/yelpchi/r60_s1/noise_edges_uniform/0.20/seed_1/graph.bin,ok,
gfd_robustness_benchmark_v4_factorial,yelpchi,r60_s1,1,3,noise_edges_uniform,0.2,pmp,train_clean_eval_all,0.8191941759302169,0.5086342577687757,0.6893555533502879,0.3360407650470733,0.3197604179986228,64,54,0.863328636785177,roc_auc,early_stopping,45954,9661617,210.24539184570312,210.0,210.24539184570312,210.0,0.2304567694664001,0.1452974677085876,/kaggle/working/gfd-robustness-v4-factorial-r1/graphs/base/yelpchi/r60_s1/graph.bin,/kaggle/working/gfd-robustness-v4-factorial-r1/graphs/variants/yelpchi/r60_s1/noise_edges_uniform/0.20/seed_1/graph.bin,/kaggle/working/gfd-robustness-v4-factorial-r1/graphs/base/yelpchi/r60_s1/graph.bin,ok,
gfd_robustness_benchmark_v4_factorial,yelpchi,r60_s1,1,3,noise_edges_uniform,0.2,pmp,train_on_variant,0.8269642296364501,0.5085948200557738,0.6972945909832632,0.3685634136199951,29.55452590099958,51,41,0.84741625482469,roc_auc,early_stopping,45954,9661617,210.24539184570312,210.0,210.24539184570312,210.0,0.2304567694664001,0.1452974677085876,/kaggle/working/gfd-robustness-v4-factorial-r1/graphs/base/yelpchi/r60_s1/graph.bin,/kaggle/working/gfd-robustness-v4-factorial-r1/graphs/variants/yelpchi/r60_s1/noise_edges_uniform/0.20/seed_1/graph.bin,/kaggle/working/gfd-robustness-v4-factorial-r1/graphs/variants/yelpchi/r60_s1/noise_edges_uniform/0.20/seed_1/graph.bin,ok,
gfd_robustness_benchmark_v4_factorial,yelpchi,r60_s1,1,3,noise_edges_uniform,0.2,sage,train_clean_eval_all,0.7661201591216752,0.4048885746086326,0.6431680995333076,0.6734314560890198,0.1472433119997731,100,100,0.7957354389126895,roc_auc,max_epochs,45954,9661617,210.24539184570312,210.0,210.24539184570312,210.0,0.2304567694664001,0.1452974677085876,/kaggle/working/gfd-robustness-v4-factorial-r1/graphs/base/yelpchi/r60_s1/graph.bin,/kaggle/working/gfd-robustness-v4-factorial-r1/graphs/variants/yelpchi/r60_s1/noise_edges_uniform/0.20/seed_1/graph.bin,/kaggle/working/gfd-robustness-v4-factorial-r1/graphs/base/yelpchi/r60_s1/graph.bin,ok,
gfd_robustness_benchmark_v4_factorial,yelpchi,r60_s1,1,3,noise_edges_uniform,0.2,sage,train_on_variant,0.7655433468602509,0.4059599812383635,0.6438086400553579,0.6755028367042542,3.685431898000388,100,100,0.7911377805114708,roc_auc,max_epochs,45954,9661617,210.24539184570312,210.0,210.24539184570312,210.0,0.2304567694664001,0.1452974677085876,/kaggle/working/gfd-robustness-v4-factorial-r1/graphs/base/yelpchi/r60_s1/graph.bin,/kaggle/working/gfd-robustness-v4-factorial-r1/graphs/variants/yelpchi/r60_s1/noise_edges_uniform/0.20/seed_1/graph.bin,/kaggle/working/gfd-robustness-v4-factorial-r1/graphs/variants/yelpchi/r60_s1/noise_edges_uniform/0.20/seed_1/graph.bin,ok,
gfd_robustness_benchmark_v4_factorial,yelpchi,r60_s1,1,3,noise_edges_uniform,0.2,secgfd,train_clean_eval_all,0.7780650987993463,0.4174173550521676,0.6602851853526894,0.7394757270812988,0.175633494000067,50,44,0.80207887816868,roc_auc,max_epochs,45954,9661617,210.24539184570312,210.0,210.24539184570312,210.0,0.2304567694664001,0.1452974677085876,/kaggle/working/gfd-robustness-v4-factorial-r1/graphs/base/yelpchi/r60_s1/graph.bin,/kaggle/working/gfd-robustness-v4-factorial-r1/graphs/variants/yelpchi/r60_s1/noise_edges_uniform/0.20/seed_1/graph.bin,/kaggle/working/gfd-robustness-v4-factorial-r1/graphs/base/yelpchi/r60_s1/graph.bin,ok,
gfd_robustness_benchmark_v4_factorial,yelpchi,r60_s1,1,3,noise_edges_uniform,0.2,secgfd,train_on_variant,0.7965303322834981,0.4573427959997009,0.6728411076798517,0.7141962647438049,5.801540611999371,50,47,0.8164716287962771,roc_auc,max_epochs,45954,9661617,210.24539184570312,210.0,210.24539184570312,210.0,0.2304567694664001,0.1452974677085876,/kaggle/working/gfd-robustness-v4-factorial-r1/graphs/base/yelpchi/r60_s1/graph.bin,/kaggle/working/gfd-robustness-v4-factorial-r1/graphs/variants/yelpchi/r60_s1/noise_edges_uniform/0.20/seed_1/graph.bin,/kaggle/working/gfd-robustness-v4-factorial-r1/graphs/variants/yelpchi/r60_s1/noise_edges_uniform/0.20/seed_1/graph.bin,ok,
gfd_robustness_benchmark_v4_factorial,yelpchi,r60_s1,1,4,noise_edges_uniform,0.2,mlp,train_clean_eval_all,0.7806874794199787,0.4201037950434657,0.6496479861960988,0.6775984764099121,0.0875621470004262,100,100,0.8035062473626617,roc_auc,max_epochs,45954,9661617,210.24539184570312,210.0,210.24539184570312,210.0,0.2304567694664001,0.1452974677085876,/kaggle/working/gfd-robustness-v4-factorial-r1/graphs/base/yelpchi/r60_s1/graph.bin,/kaggle/working/gfd-robustness-v4-factorial-r1/graphs/variants/yelpchi/r60_s1/noise_edges_uniform/0.20/seed_1/graph.bin,/kaggle/working/gfd-robustness-v4-factorial-r1/graphs/base/yelpchi/r60_s1/graph.bin,ok,
gfd_robustness_benchmark_v4_factorial,yelpchi,r60_s1,1,4,noise_edges_uniform,0.2,mlp,train_on_variant,0.7806874794199787,0.4201037950434657,0.6496479861960988,0.6775984764099121,1.566390859999956,100,100,0.8035062473626617,roc_auc,max_epochs,45954,9661617,210.24539184570312,210.0,210.24539184570312,210.0,0.2304567694664001,0.1452974677085876,/kaggle/working/gfd-robustness-v4-factorial-r1/graphs/base/yelpchi/r60_s1/graph.bin,/kaggle/working/gfd-robustness-v4-factorial-r1/graphs/variants/yelpchi/r60_s1/noise_edges_uniform/0.20/seed_1/graph.bin,/kaggle/working/gfd-robustness-v4-factorial-r1/graphs/variants/yelpchi/r60_s1/noise_edges_uniform/0.20/seed_1/graph.bin,ok,
gfd_robustness_benchmark_v4_factorial,yelpchi,r60_s1,1,4,noise_edges_uniform,0.2,pmp,train_clean_eval_all,0.831614028180909,0.5227882459155114,0.700493515342625,0.5032673478126526,0.3365475720020185,97,87,0.8691705705233195,roc_auc,early_stopping,45954,9661617,210.24539184570312,210.0,210.24539184570312,210.0,0.2304567694664001,0.1452974677085876,/kaggle/working/gfd-robustness-v4-factorial-r1/graphs/base/yelpchi/r60_s1/graph.bin,/kaggle/working/gfd-robustness-v4-factorial-r1/graphs/variants/yelpchi/r60_s1/noise_edges_uniform/0.20/seed_1/graph.bin,/kaggle/working/gfd-robustness-v4-factorial-r1/graphs/base/yelpchi/r60_s1/graph.bin,ok,
gfd_robustness_benchmark_v4_factorial,yelpchi,r60_s1,1,4,noise_edges_uniform,0.2,pmp,train_on_variant,0.8360920883538422,0.5273744083237978,0.709633555557874,0.2599045932292938,55.21875906800051,96,86,0.8520594959674055,roc_auc,early_stopping,45954,9661617,210.24539184570312,210.0,210.24539184570312,210.0,0.2304567694664001,0.1452974677085876,/kaggle/working/gfd-robustness-v4-factorial-r1/graphs/base/yelpchi/r60_s1/graph.bin,/kaggle/working/gfd-robustness-v4-factorial-r1/graphs/variants/yelpchi/r60_s1/noise_edges_uniform/0.20/seed_1/graph.bin,/kaggle/working/gfd-robustness-v4-factorial-r1/graphs/variants/yelpchi/r60_s1/noise_edges_uniform/0.20/seed_1/graph.bin,ok,
gfd_robustness_benchmark_v4_factorial,yelpchi,r60_s1,1,4,noise_edges_uniform,0.2,sage,train_clean_eval_all,0.7706972130077929,0.4109274407132558,0.6438221550953558,0.6741504073143005,0.1607082129994523,100,100,0.8005188136090231,roc_auc,max_epochs,45954,9661617,210.24539184570312,210.0,210.24539184570312,210.0,0.2304567694664001,0.1452974677085876,/kaggle/working/gfd-robustness-v4-factorial-r1/graphs/base/yelpchi/r60_s1/graph.bin,/kaggle/working/gfd-robustness-v4-factorial-r1/graphs/variants/yelpchi/r60_s1/noise_edges_uniform/0.20/seed_1/graph.bin,/kaggle/working/gfd-robustness-v4-factorial-r1/graphs/base/yelpchi/r60_s1/graph.bin,ok,
gfd_robustness_benchmark_v4_factorial,yelpchi,r60_s1,1,4,noise_edges_uniform,0.2,sage,train_on_variant,0.7620678004987987,0.3806643476825177,0.6310368234418867,0.6474882364273071,3.5593607679984416,100,100,0.7882269696297832,roc_auc,max_epochs,45954,9661617,210.24539184570312,210.0,210.24539184570312,210.0,0.2304567694664001,0.1452974677085876,/kaggle/working/gfd-robustness-v4-factorial-r1/graphs/base/yelpchi/r60_s1/graph.bin,/kaggle/working/gfd-robustness-v4-factorial-r1/graphs/variants/yelpchi/r60_s1/noise_edges_uniform/0.20/seed_1/graph.bin,/kaggle/working/gfd-robustness-v4-factorial-r1/graphs/variants/yelpchi/r60_s1/noise_edges_uniform/0.20/seed_1/graph.bin,ok,
gfd_robustness_benchmark_v4_factorial,yelpchi,r60_s1,1,4,noise_edges_uniform,0.2,secgfd,train_clean_eval_all,0.782584366653658,0.420148878207216,0.6663538639543645,0.7461267709732056,0.1706083540011604,50,50,0.8075951527808571,roc_auc,max_epochs,45954,9661617,210.24539184570312,210.0,210.24539184570312,210.0,0.2304567694664001,0.1452974677085876,/kaggle/working/gfd-robustness-v4-factorial-r1/graphs/base/yelpchi/r60_s1/graph.bin,/kaggle/working/gfd-robustness-v4-factorial-r1/graphs/variants/yelpchi/r60_s1/noise_edges_uniform/0.20/seed_1/graph.bin,/kaggle/working/gfd-robustness-v4-factorial-r1/graphs/base/yelpchi/r60_s1/graph.bin,ok,
gfd_robustness_benchmark_v4_factorial,yelpchi,r60_s1,1,4,noise_edges_uniform,0.2,secgfd,train_on_variant,0.7831759469858653,0.4283944129014966,0.6566214628312405,0.687151312828064,5.683088646001124,50,50,0.8016621489211051,roc_auc,max_epochs,45954,9661617,210.24539184570312,210.0,210.24539184570312,210.0,0.2304567694664001,0.1452974677085876,/kaggle/working/gfd-robustness-v4-factorial-r1/graphs/base/yelpchi/r60_s1/graph.bin,/kaggle/working/gfd-robustness-v4-factorial-r1/graphs/variants/yelpchi/r60_s1/noise_edges_uniform/0.20/seed_1/graph.bin,/kaggle/working/gfd-robustness-v4-factorial-r1/graphs/variants/yelpchi/r60_s1/noise_edges_uniform/0.20/seed_1/graph.bin,ok,
