experiment_name,dataset_id,split_id,scenario_id,severity,graph_seed,training_seed,model_id,protocol,status,oracle_labels,scenario_applied,graph_view_mode,scenario_family,scenario_method,severity_param,requested_severity,requested_change,requested_change_unit,realized_change,realized_change_unit,roc_auc,average_precision,f1_macro,base_graph_path,graph_path,variant_n_nodes,variant_n_edges,variant_heterophily_ratio,variant_pos_rate,heterophily_ratio_before,heterophily_ratio_after,mean_cosine_to_sampled_normal_before,mean_cosine_to_sampled_normal_after,fraud_to_normal_neighbor_ratio_before,fraud_to_normal_neighbor_ratio_after,n_added_edge_pairs_actual,n_rewired_edges_actual
gfd_robustness_benchmark_v3,yelpchi,s0,clean,0.0,717,0,mlp,train_clean_eval_all,ok,False,True,canonical,clean,clean,severity,0.0,0.0,none,0.0,none,0.7454900098288657,0.32993069369014705,0.6212913484984293,D:\1.Revolucion\1. Fakulltet\4.1 Semestri\6. Theoretical Graphs\GitHub\fraud-detection-robustness-benchmark\runs\gfd_robustness_benchmark_v3\graphs\base\yelpchi\s0\graph.bin,D:\1.Revolucion\1. Fakulltet\4.1 Semestri\6. Theoretical Graphs\GitHub\fraud-detection-robustness-benchmark\runs\gfd_robustness_benchmark_v3\graphs\base\yelpchi\s0\graph.bin,45954,8051348,0.2268800139427185,0.14529746770858765,0.2268800139427185,0.2268800139427185,,,,,,
gfd_robustness_benchmark_v3,yelpchi,s0,heterophily_rewire_oracle,0.15,0,0,mlp,train_clean_eval_all,ok,True,True,heterograph_aware_generation,heterophily,rewire_edge_dst_to_opposite_label,p_rewire,0.15,1207702.0,edges_selected,1207702.0,edges_changed,0.7454900098288657,0.32993069369014705,0.6212913484984293,D:\1.Revolucion\1. Fakulltet\4.1 Semestri\6. Theoretical Graphs\GitHub\fraud-detection-robustness-benchmark\runs\gfd_robustness_benchmark_v3\graphs\base\yelpchi\s0\graph.bin,D:\1.Revolucion\1. Fakulltet\4.1 Semestri\6. Theoretical Graphs\GitHub\fraud-detection-robustness-benchmark\runs\gfd_robustness_benchmark_v3\graphs\variants\yelpchi\s0\heterophily_rewire_oracle\0.15\seed_0\graph.bin,45954,8051348,0.3428065776824951,0.14529746770858765,0.22688002058785683,0.34280657102388323,,,,,,1207702.0
gfd_robustness_benchmark_v3,yelpchi,s0,heterophily_rewire_oracle,0.15,1,0,mlp,train_clean_eval_all,ok,True,True,heterograph_aware_generation,heterophily,rewire_edge_dst_to_opposite_label,p_rewire,0.15,1207702.0,edges_selected,1207702.0,edges_changed,0.7454900098288657,0.32993069369014705,0.6212913484984293,D:\1.Revolucion\1. Fakulltet\4.1 Semestri\6. Theoretical Graphs\GitHub\fraud-detection-robustness-benchmark\runs\gfd_robustness_benchmark_v3\graphs\base\yelpchi\s0\graph.bin,D:\1.Revolucion\1. Fakulltet\4.1 Semestri\6. Theoretical Graphs\GitHub\fraud-detection-robustness-benchmark\runs\gfd_robustness_benchmark_v3\graphs\variants\yelpchi\s0\heterophily_rewire_oracle\0.15\seed_1\graph.bin,45954,8051348,0.3428649604320526,0.14529746770858765,0.22688002058785683,0.3428649463419045,,,,,,1207702.0
gfd_robustness_benchmark_v3,yelpchi,s0,heterophily_rewire_oracle,0.3,0,0,mlp,train_clean_eval_all,ok,True,True,heterograph_aware_generation,heterophily,rewire_edge_dst_to_opposite_label,p_rewire,0.3,2415404.0,edges_selected,2415404.0,edges_changed,0.7454900098288657,0.32993069369014705,0.6212913484984293,D:\1.Revolucion\1. Fakulltet\4.1 Semestri\6. Theoretical Graphs\GitHub\fraud-detection-robustness-benchmark\runs\gfd_robustness_benchmark_v3\graphs\base\yelpchi\s0\graph.bin,D:\1.Revolucion\1. Fakulltet\4.1 Semestri\6. Theoretical Graphs\GitHub\fraud-detection-robustness-benchmark\runs\gfd_robustness_benchmark_v3\graphs\variants\yelpchi\s0\heterophily_rewire_oracle\0.30\seed_0\graph.bin,45954,8051348,0.4589143395423889,0.14529746770858765,0.22688002058785683,0.45891433335138415,,,,,,2415404.0
gfd_robustness_benchmark_v3,yelpchi,s0,heterophily_rewire_oracle,0.3,1,0,mlp,train_clean_eval_all,ok,True,True,heterograph_aware_generation,heterophily,rewire_edge_dst_to_opposite_label,p_rewire,0.3,2415404.0,edges_selected,2415404.0,edges_changed,0.7454900098288657,0.32993069369014705,0.6212913484984293,D:\1.Revolucion\1. Fakulltet\4.1 Semestri\6. Theoretical Graphs\GitHub\fraud-detection-robustness-benchmark\runs\gfd_robustness_benchmark_v3\graphs\base\yelpchi\s0\graph.bin,D:\1.Revolucion\1. Fakulltet\4.1 Semestri\6. Theoretical Graphs\GitHub\fraud-detection-robustness-benchmark\runs\gfd_robustness_benchmark_v3\graphs\variants\yelpchi\s0\heterophily_rewire_oracle\0.30\seed_1\graph.bin,45954,8051348,0.45888352394104004,0.14529746770858765,0.22688002058785683,0.4588835310559176,,,,,,2415404.0
gfd_robustness_benchmark_v3,yelpchi,s0,heterophily_rewire_nonoracle,0.15,0,0,mlp,train_clean_eval_all,ok,False,True,heterograph_aware_generation,heterophily,rewire_edge_dst_to_feature_pseudo_opposite_label,p_rewire,0.15,1207702.0,edges_selected,1207702.0,edges_changed,0.7454900098288657,0.32993069369014705,0.6212913484984293,D:\1.Revolucion\1. Fakulltet\4.1 Semestri\6. Theoretical Graphs\GitHub\fraud-detection-robustness-benchmark\runs\gfd_robustness_benchmark_v3\graphs\base\yelpchi\s0\graph.bin,D:\1.Revolucion\1. Fakulltet\4.1 Semestri\6. Theoretical Graphs\GitHub\fraud-detection-robustness-benchmark\runs\gfd_robustness_benchmark_v3\graphs\variants\yelpchi\s0\heterophily_rewire_nonoracle\0.15\seed_0\graph.bin,45954,8051348,0.22934718430042267,0.14529746770858765,0.22688002058785683,0.2293471850924839,,,,,,1207702.0
gfd_robustness_benchmark_v3,yelpchi,s0,heterophily_rewire_nonoracle,0.15,1,0,mlp,train_clean_eval_all,ok,False,True,heterograph_aware_generation,heterophily,rewire_edge_dst_to_feature_pseudo_opposite_label,p_rewire,0.15,1207702.0,edges_selected,1207702.0,edges_changed,0.7454900098288657,0.32993069369014705,0.6212913484984293,D:\1.Revolucion\1. Fakulltet\4.1 Semestri\6. Theoretical Graphs\GitHub\fraud-detection-robustness-benchmark\runs\gfd_robustness_benchmark_v3\graphs\base\yelpchi\s0\graph.bin,D:\1.Revolucion\1. Fakulltet\4.1 Semestri\6. Theoretical Graphs\GitHub\fraud-detection-robustness-benchmark\runs\gfd_robustness_benchmark_v3\graphs\variants\yelpchi\s0\heterophily_rewire_nonoracle\0.15\seed_1\graph.bin,45954,8051348,0.22980810701847076,0.14529746770858765,0.22688002058785683,0.2298081016992434,,,,,,1207702.0
gfd_robustness_benchmark_v3,yelpchi,s0,heterophily_rewire_nonoracle,0.3,0,0,mlp,train_clean_eval_all,ok,False,True,heterograph_aware_generation,heterophily,rewire_edge_dst_to_feature_pseudo_opposite_label,p_rewire,0.3,2415404.0,edges_selected,2415404.0,edges_changed,0.7454900098288657,0.32993069369014705,0.6212913484984293,D:\1.Revolucion\1. Fakulltet\4.1 Semestri\6. Theoretical Graphs\GitHub\fraud-detection-robustness-benchmark\runs\gfd_robustness_benchmark_v3\graphs\base\yelpchi\s0\graph.bin,D:\1.Revolucion\1. Fakulltet\4.1 Semestri\6. Theoretical Graphs\GitHub\fraud-detection-robustness-benchmark\runs\gfd_robustness_benchmark_v3\graphs\variants\yelpchi\s0\heterophily_rewire_nonoracle\0.30\seed_0\graph.bin,45954,8051348,0.23191048204898834,0.14529746770858765,0.22688002058785683,0.2319104825676396,,,,,,2415404.0
gfd_robustness_benchmark_v3,yelpchi,s0,heterophily_rewire_nonoracle,0.3,1,0,mlp,train_clean_eval_all,ok,False,True,heterograph_aware_generation,heterophily,rewire_edge_dst_to_feature_pseudo_opposite_label,p_rewire,0.3,2415404.0,edges_selected,2415404.0,edges_changed,0.7454900098288657,0.32993069369014705,0.6212913484984293,D:\1.Revolucion\1. Fakulltet\4.1 Semestri\6. Theoretical Graphs\GitHub\fraud-detection-robustness-benchmark\runs\gfd_robustness_benchmark_v3\graphs\base\yelpchi\s0\graph.bin,D:\1.Revolucion\1. Fakulltet\4.1 Semestri\6. Theoretical Graphs\GitHub\fraud-detection-robustness-benchmark\runs\gfd_robustness_benchmark_v3\graphs\variants\yelpchi\s0\heterophily_rewire_nonoracle\0.30\seed_1\graph.bin,45954,8051348,0.23212037980556488,0.14529746770858765,0.22688002058785683,0.23212038530690762,,,,,,2415404.0
gfd_robustness_benchmark_v3,yelpchi,s0,camouflage_feature_oracle,0.15,0,0,mlp,train_clean_eval_all,ok,True,True,canonical,camouflage_feature,replace_fraud_features_with_normal_features,p_cam_feat,0.15,1001.0,nodes_selected,1001.0,nodes_changed,0.7106956490214581,0.3009337103444888,0.6070107831416202,D:\1.Revolucion\1. Fakulltet\4.1 Semestri\6. Theoretical Graphs\GitHub\fraud-detection-robustness-benchmark\runs\gfd_robustness_benchmark_v3\graphs\base\yelpchi\s0\graph.bin,D:\1.Revolucion\1. Fakulltet\4.1 Semestri\6. Theoretical Graphs\GitHub\fraud-detection-robustness-benchmark\runs\gfd_robustness_benchmark_v3\graphs\variants\yelpchi\s0\camouflage_feature_oracle\0.15\seed_0\graph.bin,45954,8051348,0.2268800139427185,0.14529746770858765,0.2268800139427185,0.2268800139427185,0.8420453071594238,1.0,,,,
gfd_robustness_benchmark_v3,yelpchi,s0,camouflage_feature_oracle,0.15,1,0,mlp,train_clean_eval_all,ok,True,True,canonical,camouflage_feature,replace_fraud_features_with_normal_features,p_cam_feat,0.15,1001.0,nodes_selected,1001.0,nodes_changed,0.7085730842286913,0.3007567425721913,0.6074631126469578,D:\1.Revolucion\1. Fakulltet\4.1 Semestri\6. Theoretical Graphs\GitHub\fraud-detection-robustness-benchmark\runs\gfd_robustness_benchmark_v3\graphs\base\yelpchi\s0\graph.bin,D:\1.Revolucion\1. Fakulltet\4.1 Semestri\6. Theoretical Graphs\GitHub\fraud-detection-robustness-benchmark\runs\gfd_robustness_benchmark_v3\graphs\variants\yelpchi\s0\camouflage_feature_oracle\0.15\seed_1\graph.bin,45954,8051348,0.2268800139427185,0.14529746770858765,0.2268800139427185,0.2268800139427185,0.8415582180023193,1.0,,,,
gfd_robustness_benchmark_v3,yelpchi,s0,camouflage_feature_oracle,0.3,0,0,mlp,train_clean_eval_all,ok,True,True,canonical,camouflage_feature,replace_fraud_features_with_normal_features,p_cam_feat,0.3,2003.0,nodes_selected,2003.0,nodes_changed,0.6760934636899826,0.2668887786611499,0.5893659194728784,D:\1.Revolucion\1. Fakulltet\4.1 Semestri\6. Theoretical Graphs\GitHub\fraud-detection-robustness-benchmark\runs\gfd_robustness_benchmark_v3\graphs\base\yelpchi\s0\graph.bin,D:\1.Revolucion\1. Fakulltet\4.1 Semestri\6. Theoretical Graphs\GitHub\fraud-detection-robustness-benchmark\runs\gfd_robustness_benchmark_v3\graphs\variants\yelpchi\s0\camouflage_feature_oracle\0.30\seed_0\graph.bin,45954,8051348,0.2268800139427185,0.14529746770858765,0.2268800139427185,0.2268800139427185,0.8398500084877014,1.0,,,,
gfd_robustness_benchmark_v3,yelpchi,s0,camouflage_feature_oracle,0.3,1,0,mlp,train_clean_eval_all,ok,True,True,canonical,camouflage_feature,replace_fraud_features_with_normal_features,p_cam_feat,0.3,2003.0,nodes_selected,2003.0,nodes_changed,0.6749978276644267,0.2707286124342382,0.587802814471557,D:\1.Revolucion\1. Fakulltet\4.1 Semestri\6. Theoretical Graphs\GitHub\fraud-detection-robustness-benchmark\runs\gfd_robustness_benchmark_v3\graphs\base\yelpchi\s0\graph.bin,D:\1.Revolucion\1. Fakulltet\4.1 Semestri\6. Theoretical Graphs\GitHub\fraud-detection-robustness-benchmark\runs\gfd_robustness_benchmark_v3\graphs\variants\yelpchi\s0\camouflage_feature_oracle\0.30\seed_1\graph.bin,45954,8051348,0.2268800139427185,0.14529746770858765,0.2268800139427185,0.2268800139427185,0.8397719860076904,1.0,,,,
gfd_robustness_benchmark_v3,yelpchi,s0,camouflage_relation_oracle,0.15,0,0,mlp,train_clean_eval_all,ok,True,True,heterograph_aware_generation,camouflage_relation,add_relation_camouflage_edges,p_cam_rel,0.15,1001.0,nodes_selected,1001.0,nodes_changed,0.7454900098288657,0.32993069369014705,0.6212913484984293,D:\1.Revolucion\1. Fakulltet\4.1 Semestri\6. Theoretical Graphs\GitHub\fraud-detection-robustness-benchmark\runs\gfd_robustness_benchmark_v3\graphs\base\yelpchi\s0\graph.bin,D:\1.Revolucion\1. Fakulltet\4.1 Semestri\6. Theoretical Graphs\GitHub\fraud-detection-robustness-benchmark\runs\gfd_robustness_benchmark_v3\graphs\variants\yelpchi\s0\camouflage_relation_oracle\0.15\seed_0\graph.bin,45954,8052349,0.2271004468202591,0.14529746770858765,0.2268800139427185,0.2271004468202591,,,0.818657096523017,0.8255398405215063,,
gfd_robustness_benchmark_v3,yelpchi,s0,camouflage_relation_oracle,0.15,1,0,mlp,train_clean_eval_all,ok,True,True,heterograph_aware_generation,camouflage_relation,add_relation_camouflage_edges,p_cam_rel,0.15,1001.0,nodes_selected,1001.0,nodes_changed,0.7454900098288657,0.32993069369014705,0.6212913484984293,D:\1.Revolucion\1. Fakulltet\4.1 Semestri\6. Theoretical Graphs\GitHub\fraud-detection-robustness-benchmark\runs\gfd_robustness_benchmark_v3\graphs\base\yelpchi\s0\graph.bin,D:\1.Revolucion\1. Fakulltet\4.1 Semestri\6. Theoretical Graphs\GitHub\fraud-detection-robustness-benchmark\runs\gfd_robustness_benchmark_v3\graphs\variants\yelpchi\s0\camouflage_relation_oracle\0.15\seed_1\graph.bin,45954,8052349,0.2271004468202591,0.14529746770858765,0.2268800139427185,0.2271004468202591,,,0.8100625134226824,0.8169363588098151,,
gfd_robustness_benchmark_v3,yelpchi,s0,camouflage_relation_oracle,0.3,0,0,mlp,train_clean_eval_all,ok,True,True,heterograph_aware_generation,camouflage_relation,add_relation_camouflage_edges,p_cam_rel,0.3,2003.0,nodes_selected,2003.0,nodes_changed,0.7454900098288657,0.32993069369014705,0.6212913484984293,D:\1.Revolucion\1. Fakulltet\4.1 Semestri\6. Theoretical Graphs\GitHub\fraud-detection-robustness-benchmark\runs\gfd_robustness_benchmark_v3\graphs\base\yelpchi\s0\graph.bin,D:\1.Revolucion\1. Fakulltet\4.1 Semestri\6. Theoretical Graphs\GitHub\fraud-detection-robustness-benchmark\runs\gfd_robustness_benchmark_v3\graphs\variants\yelpchi\s0\camouflage_relation_oracle\0.30\seed_0\graph.bin,45954,8053351,0.22732102870941162,0.14529746770858765,0.2268800139427185,0.22732102870941162,,,0.8160293240628954,0.8228883464257205,,
gfd_robustness_benchmark_v3,yelpchi,s0,camouflage_relation_oracle,0.3,1,0,mlp,train_clean_eval_all,ok,True,True,heterograph_aware_generation,camouflage_relation,add_relation_camouflage_edges,p_cam_rel,0.3,2003.0,nodes_selected,2003.0,nodes_changed,0.7454900098288657,0.32993069369014705,0.6212913484984293,D:\1.Revolucion\1. Fakulltet\4.1 Semestri\6. Theoretical Graphs\GitHub\fraud-detection-robustness-benchmark\runs\gfd_robustness_benchmark_v3\graphs\base\yelpchi\s0\graph.bin,D:\1.Revolucion\1. Fakulltet\4.1 Semestri\6. Theoretical Graphs\GitHub\fraud-detection-robustness-benchmark\runs\gfd_robustness_benchmark_v3\graphs\variants\yelpchi\s0\camouflage_relation_oracle\0.30\seed_1\graph.bin,45954,8053351,0.22732102870941162,0.14529746770858765,0.2268800139427185,0.22732102870941162,,,0.8136354912526759,0.8206106646158543,,
gfd_robustness_benchmark_v3,yelpchi,s0,noise_edges_uniform,0.1,0,0,mlp,train_clean_eval_all,ok,False,True,heterograph_aware_generation,noise,add_random_edges,edge_noise_rate,0.1,805134.0,edges_requested,805134.0,edges_added,0.7454900098288657,0.32993069369014705,0.6212913484984293,D:\1.Revolucion\1. Fakulltet\4.1 Semestri\6. Theoretical Graphs\GitHub\fraud-detection-robustness-benchmark\runs\gfd_robustness_benchmark_v3\graphs\base\yelpchi\s0\graph.bin,D:\1.Revolucion\1. Fakulltet\4.1 Semestri\6. Theoretical Graphs\GitHub\fraud-detection-robustness-benchmark\runs\gfd_robustness_benchmark_v3\graphs\variants\yelpchi\s0\noise_edges_uniform\0.10\seed_0\graph.bin,45954,8856482,0.2288200855255127,0.14529746770858765,0.2268800139427185,0.2288200855255127,,,,,805134.0,
gfd_robustness_benchmark_v3,yelpchi,s0,noise_edges_uniform,0.1,1,0,mlp,train_clean_eval_all,ok,False,True,heterograph_aware_generation,noise,add_random_edges,edge_noise_rate,0.1,805134.0,edges_requested,805134.0,edges_added,0.7454900098288657,0.32993069369014705,0.6212913484984293,D:\1.Revolucion\1. Fakulltet\4.1 Semestri\6. Theoretical Graphs\GitHub\fraud-detection-robustness-benchmark\runs\gfd_robustness_benchmark_v3\graphs\base\yelpchi\s0\graph.bin,D:\1.Revolucion\1. Fakulltet\4.1 Semestri\6. Theoretical Graphs\GitHub\fraud-detection-robustness-benchmark\runs\gfd_robustness_benchmark_v3\graphs\variants\yelpchi\s0\noise_edges_uniform\0.10\seed_1\graph.bin,45954,8856482,0.22885102033615112,0.14529746770858765,0.2268800139427185,0.22885102033615112,,,,,805134.0,
gfd_robustness_benchmark_v3,yelpchi,s0,noise_edges_uniform,0.2,0,0,mlp,train_clean_eval_all,ok,False,True,heterograph_aware_generation,noise,add_random_edges,edge_noise_rate,0.2,1610269.0,edges_requested,1610269.0,edges_added,0.7454900098288657,0.32993069369014705,0.6212913484984293,D:\1.Revolucion\1. Fakulltet\4.1 Semestri\6. Theoretical Graphs\GitHub\fraud-detection-robustness-benchmark\runs\gfd_robustness_benchmark_v3\graphs\base\yelpchi\s0\graph.bin,D:\1.Revolucion\1. Fakulltet\4.1 Semestri\6. Theoretical Graphs\GitHub\fraud-detection-robustness-benchmark\runs\gfd_robustness_benchmark_v3\graphs\variants\yelpchi\s0\noise_edges_uniform\0.20\seed_0\graph.bin,45954,9661617,0.23043088614940643,0.14529746770858765,0.2268800139427185,0.23043088614940643,,,,,1610269.0,
gfd_robustness_benchmark_v3,yelpchi,s0,noise_edges_uniform,0.2,1,0,mlp,train_clean_eval_all,ok,False,True,heterograph_aware_generation,noise,add_random_edges,edge_noise_rate,0.2,1610269.0,edges_requested,1610269.0,edges_added,0.7454900098288657,0.32993069369014705,0.6212913484984293,D:\1.Revolucion\1. Fakulltet\4.1 Semestri\6. Theoretical Graphs\GitHub\fraud-detection-robustness-benchmark\runs\gfd_robustness_benchmark_v3\graphs\base\yelpchi\s0\graph.bin,D:\1.Revolucion\1. Fakulltet\4.1 Semestri\6. Theoretical Graphs\GitHub\fraud-detection-robustness-benchmark\runs\gfd_robustness_benchmark_v3\graphs\variants\yelpchi\s0\noise_edges_uniform\0.20\seed_1\graph.bin,45954,9661617,0.23036205768585205,0.14529746770858765,0.2268800139427185,0.23036205768585205,,,,,1610269.0,
gfd_robustness_benchmark_v3,yelpchi,s0,clean,0.0,717,1,mlp,train_clean_eval_all,ok,False,True,canonical,clean,clean,severity,0.0,0.0,none,0.0,none,0.796473987329567,0.4273605426031708,0.6645019227299513,D:\1.Revolucion\1. Fakulltet\4.1 Semestri\6. Theoretical Graphs\GitHub\fraud-detection-robustness-benchmark\runs\gfd_robustness_benchmark_v3\graphs\base\yelpchi\s0\graph.bin,D:\1.Revolucion\1. Fakulltet\4.1 Semestri\6. Theoretical Graphs\GitHub\fraud-detection-robustness-benchmark\runs\gfd_robustness_benchmark_v3\graphs\base\yelpchi\s0\graph.bin,45954,8051348,0.2268800139427185,0.14529746770858765,0.2268800139427185,0.2268800139427185,,,,,,
gfd_robustness_benchmark_v3,yelpchi,s0,heterophily_rewire_oracle,0.15,0,1,mlp,train_clean_eval_all,ok,True,True,heterograph_aware_generation,heterophily,rewire_edge_dst_to_opposite_label,p_rewire,0.15,1207702.0,edges_selected,1207702.0,edges_changed,0.796473987329567,0.4273605426031708,0.6645019227299513,D:\1.Revolucion\1. Fakulltet\4.1 Semestri\6. Theoretical Graphs\GitHub\fraud-detection-robustness-benchmark\runs\gfd_robustness_benchmark_v3\graphs\base\yelpchi\s0\graph.bin,D:\1.Revolucion\1. Fakulltet\4.1 Semestri\6. Theoretical Graphs\GitHub\fraud-detection-robustness-benchmark\runs\gfd_robustness_benchmark_v3\graphs\variants\yelpchi\s0\heterophily_rewire_oracle\0.15\seed_0\graph.bin,45954,8051348,0.3428065776824951,0.14529746770858765,0.22688002058785683,0.34280657102388323,,,,,,1207702.0
gfd_robustness_benchmark_v3,yelpchi,s0,heterophily_rewire_oracle,0.15,1,1,mlp,train_clean_eval_all,ok,True,True,heterograph_aware_generation,heterophily,rewire_edge_dst_to_opposite_label,p_rewire,0.15,1207702.0,edges_selected,1207702.0,edges_changed,0.796473987329567,0.4273605426031708,0.6645019227299513,D:\1.Revolucion\1. Fakulltet\4.1 Semestri\6. Theoretical Graphs\GitHub\fraud-detection-robustness-benchmark\runs\gfd_robustness_benchmark_v3\graphs\base\yelpchi\s0\graph.bin,D:\1.Revolucion\1. Fakulltet\4.1 Semestri\6. Theoretical Graphs\GitHub\fraud-detection-robustness-benchmark\runs\gfd_robustness_benchmark_v3\graphs\variants\yelpchi\s0\heterophily_rewire_oracle\0.15\seed_1\graph.bin,45954,8051348,0.3428649604320526,0.14529746770858765,0.22688002058785683,0.3428649463419045,,,,,,1207702.0
gfd_robustness_benchmark_v3,yelpchi,s0,heterophily_rewire_oracle,0.3,0,1,mlp,train_clean_eval_all,ok,True,True,heterograph_aware_generation,heterophily,rewire_edge_dst_to_opposite_label,p_rewire,0.3,2415404.0,edges_selected,2415404.0,edges_changed,0.796473987329567,0.4273605426031708,0.6645019227299513,D:\1.Revolucion\1. Fakulltet\4.1 Semestri\6. Theoretical Graphs\GitHub\fraud-detection-robustness-benchmark\runs\gfd_robustness_benchmark_v3\graphs\base\yelpchi\s0\graph.bin,D:\1.Revolucion\1. Fakulltet\4.1 Semestri\6. Theoretical Graphs\GitHub\fraud-detection-robustness-benchmark\runs\gfd_robustness_benchmark_v3\graphs\variants\yelpchi\s0\heterophily_rewire_oracle\0.30\seed_0\graph.bin,45954,8051348,0.4589143395423889,0.14529746770858765,0.22688002058785683,0.45891433335138415,,,,,,2415404.0
gfd_robustness_benchmark_v3,yelpchi,s0,heterophily_rewire_oracle,0.3,1,1,mlp,train_clean_eval_all,ok,True,True,heterograph_aware_generation,heterophily,rewire_edge_dst_to_opposite_label,p_rewire,0.3,2415404.0,edges_selected,2415404.0,edges_changed,0.796473987329567,0.4273605426031708,0.6645019227299513,D:\1.Revolucion\1. Fakulltet\4.1 Semestri\6. Theoretical Graphs\GitHub\fraud-detection-robustness-benchmark\runs\gfd_robustness_benchmark_v3\graphs\base\yelpchi\s0\graph.bin,D:\1.Revolucion\1. Fakulltet\4.1 Semestri\6. Theoretical Graphs\GitHub\fraud-detection-robustness-benchmark\runs\gfd_robustness_benchmark_v3\graphs\variants\yelpchi\s0\heterophily_rewire_oracle\0.30\seed_1\graph.bin,45954,8051348,0.45888352394104004,0.14529746770858765,0.22688002058785683,0.4588835310559176,,,,,,2415404.0
gfd_robustness_benchmark_v3,yelpchi,s0,heterophily_rewire_nonoracle,0.15,0,1,mlp,train_clean_eval_all,ok,False,True,heterograph_aware_generation,heterophily,rewire_edge_dst_to_feature_pseudo_opposite_label,p_rewire,0.15,1207702.0,edges_selected,1207702.0,edges_changed,0.796473987329567,0.4273605426031708,0.6645019227299513,D:\1.Revolucion\1. Fakulltet\4.1 Semestri\6. Theoretical Graphs\GitHub\fraud-detection-robustness-benchmark\runs\gfd_robustness_benchmark_v3\graphs\base\yelpchi\s0\graph.bin,D:\1.Revolucion\1. Fakulltet\4.1 Semestri\6. Theoretical Graphs\GitHub\fraud-detection-robustness-benchmark\runs\gfd_robustness_benchmark_v3\graphs\variants\yelpchi\s0\heterophily_rewire_nonoracle\0.15\seed_0\graph.bin,45954,8051348,0.22934718430042267,0.14529746770858765,0.22688002058785683,0.2293471850924839,,,,,,1207702.0
gfd_robustness_benchmark_v3,yelpchi,s0,heterophily_rewire_nonoracle,0.15,1,1,mlp,train_clean_eval_all,ok,False,True,heterograph_aware_generation,heterophily,rewire_edge_dst_to_feature_pseudo_opposite_label,p_rewire,0.15,1207702.0,edges_selected,1207702.0,edges_changed,0.796473987329567,0.4273605426031708,0.6645019227299513,D:\1.Revolucion\1. Fakulltet\4.1 Semestri\6. Theoretical Graphs\GitHub\fraud-detection-robustness-benchmark\runs\gfd_robustness_benchmark_v3\graphs\base\yelpchi\s0\graph.bin,D:\1.Revolucion\1. Fakulltet\4.1 Semestri\6. Theoretical Graphs\GitHub\fraud-detection-robustness-benchmark\runs\gfd_robustness_benchmark_v3\graphs\variants\yelpchi\s0\heterophily_rewire_nonoracle\0.15\seed_1\graph.bin,45954,8051348,0.22980810701847076,0.14529746770858765,0.22688002058785683,0.2298081016992434,,,,,,1207702.0
gfd_robustness_benchmark_v3,yelpchi,s0,heterophily_rewire_nonoracle,0.3,0,1,mlp,train_clean_eval_all,ok,False,True,heterograph_aware_generation,heterophily,rewire_edge_dst_to_feature_pseudo_opposite_label,p_rewire,0.3,2415404.0,edges_selected,2415404.0,edges_changed,0.796473987329567,0.4273605426031708,0.6645019227299513,D:\1.Revolucion\1. Fakulltet\4.1 Semestri\6. Theoretical Graphs\GitHub\fraud-detection-robustness-benchmark\runs\gfd_robustness_benchmark_v3\graphs\base\yelpchi\s0\graph.bin,D:\1.Revolucion\1. Fakulltet\4.1 Semestri\6. Theoretical Graphs\GitHub\fraud-detection-robustness-benchmark\runs\gfd_robustness_benchmark_v3\graphs\variants\yelpchi\s0\heterophily_rewire_nonoracle\0.30\seed_0\graph.bin,45954,8051348,0.23191048204898834,0.14529746770858765,0.22688002058785683,0.2319104825676396,,,,,,2415404.0
gfd_robustness_benchmark_v3,yelpchi,s0,heterophily_rewire_nonoracle,0.3,1,1,mlp,train_clean_eval_all,ok,False,True,heterograph_aware_generation,heterophily,rewire_edge_dst_to_feature_pseudo_opposite_label,p_rewire,0.3,2415404.0,edges_selected,2415404.0,edges_changed,0.796473987329567,0.4273605426031708,0.6645019227299513,D:\1.Revolucion\1. Fakulltet\4.1 Semestri\6. Theoretical Graphs\GitHub\fraud-detection-robustness-benchmark\runs\gfd_robustness_benchmark_v3\graphs\base\yelpchi\s0\graph.bin,D:\1.Revolucion\1. Fakulltet\4.1 Semestri\6. Theoretical Graphs\GitHub\fraud-detection-robustness-benchmark\runs\gfd_robustness_benchmark_v3\graphs\variants\yelpchi\s0\heterophily_rewire_nonoracle\0.30\seed_1\graph.bin,45954,8051348,0.23212037980556488,0.14529746770858765,0.22688002058785683,0.23212038530690762,,,,,,2415404.0
gfd_robustness_benchmark_v3,yelpchi,s0,camouflage_feature_oracle,0.15,0,1,mlp,train_clean_eval_all,ok,True,True,canonical,camouflage_feature,replace_fraud_features_with_normal_features,p_cam_feat,0.15,1001.0,nodes_selected,1001.0,nodes_changed,0.7559774242883885,0.3824741731121007,0.6423492454058224,D:\1.Revolucion\1. Fakulltet\4.1 Semestri\6. Theoretical Graphs\GitHub\fraud-detection-robustness-benchmark\runs\gfd_robustness_benchmark_v3\graphs\base\yelpchi\s0\graph.bin,D:\1.Revolucion\1. Fakulltet\4.1 Semestri\6. Theoretical Graphs\GitHub\fraud-detection-robustness-benchmark\runs\gfd_robustness_benchmark_v3\graphs\variants\yelpchi\s0\camouflage_feature_oracle\0.15\seed_0\graph.bin,45954,8051348,0.2268800139427185,0.14529746770858765,0.2268800139427185,0.2268800139427185,0.8420453071594238,1.0,,,,
gfd_robustness_benchmark_v3,yelpchi,s0,camouflage_feature_oracle,0.15,1,1,mlp,train_clean_eval_all,ok,True,True,canonical,camouflage_feature,replace_fraud_features_with_normal_features,p_cam_feat,0.15,1001.0,nodes_selected,1001.0,nodes_changed,0.7518989952566862,0.3821393880207994,0.6444054806879058,D:\1.Revolucion\1. Fakulltet\4.1 Semestri\6. Theoretical Graphs\GitHub\fraud-detection-robustness-benchmark\runs\gfd_robustness_benchmark_v3\graphs\base\yelpchi\s0\graph.bin,D:\1.Revolucion\1. Fakulltet\4.1 Semestri\6. Theoretical Graphs\GitHub\fraud-detection-robustness-benchmark\runs\gfd_robustness_benchmark_v3\graphs\variants\yelpchi\s0\camouflage_feature_oracle\0.15\seed_1\graph.bin,45954,8051348,0.2268800139427185,0.14529746770858765,0.2268800139427185,0.2268800139427185,0.8415582180023193,1.0,,,,
gfd_robustness_benchmark_v3,yelpchi,s0,camouflage_feature_oracle,0.3,0,1,mlp,train_clean_eval_all,ok,True,True,canonical,camouflage_feature,replace_fraud_features_with_normal_features,p_cam_feat,0.3,2003.0,nodes_selected,2003.0,nodes_changed,0.714354283731417,0.3407458849646009,0.6218345651755851,D:\1.Revolucion\1. Fakulltet\4.1 Semestri\6. Theoretical Graphs\GitHub\fraud-detection-robustness-benchmark\runs\gfd_robustness_benchmark_v3\graphs\base\yelpchi\s0\graph.bin,D:\1.Revolucion\1. Fakulltet\4.1 Semestri\6. Theoretical Graphs\GitHub\fraud-detection-robustness-benchmark\runs\gfd_robustness_benchmark_v3\graphs\variants\yelpchi\s0\camouflage_feature_oracle\0.30\seed_0\graph.bin,45954,8051348,0.2268800139427185,0.14529746770858765,0.2268800139427185,0.2268800139427185,0.8398500084877014,1.0,,,,
gfd_robustness_benchmark_v3,yelpchi,s0,camouflage_feature_oracle,0.3,1,1,mlp,train_clean_eval_all,ok,True,True,canonical,camouflage_feature,replace_fraud_features_with_normal_features,p_cam_feat,0.3,2003.0,nodes_selected,2003.0,nodes_changed,0.7094747821376087,0.3367577389592096,0.618961441342423,D:\1.Revolucion\1. Fakulltet\4.1 Semestri\6. Theoretical Graphs\GitHub\fraud-detection-robustness-benchmark\runs\gfd_robustness_benchmark_v3\graphs\base\yelpchi\s0\graph.bin,D:\1.Revolucion\1. Fakulltet\4.1 Semestri\6. Theoretical Graphs\GitHub\fraud-detection-robustness-benchmark\runs\gfd_robustness_benchmark_v3\graphs\variants\yelpchi\s0\camouflage_feature_oracle\0.30\seed_1\graph.bin,45954,8051348,0.2268800139427185,0.14529746770858765,0.2268800139427185,0.2268800139427185,0.8397719860076904,1.0,,,,
gfd_robustness_benchmark_v3,yelpchi,s0,camouflage_relation_oracle,0.15,0,1,mlp,train_clean_eval_all,ok,True,True,heterograph_aware_generation,camouflage_relation,add_relation_camouflage_edges,p_cam_rel,0.15,1001.0,nodes_selected,1001.0,nodes_changed,0.796473987329567,0.4273605426031708,0.6645019227299513,D:\1.Revolucion\1. Fakulltet\4.1 Semestri\6. Theoretical Graphs\GitHub\fraud-detection-robustness-benchmark\runs\gfd_robustness_benchmark_v3\graphs\base\yelpchi\s0\graph.bin,D:\1.Revolucion\1. Fakulltet\4.1 Semestri\6. Theoretical Graphs\GitHub\fraud-detection-robustness-benchmark\runs\gfd_robustness_benchmark_v3\graphs\variants\yelpchi\s0\camouflage_relation_oracle\0.15\seed_0\graph.bin,45954,8052349,0.2271004468202591,0.14529746770858765,0.2268800139427185,0.2271004468202591,,,0.818657096523017,0.8255398405215063,,
gfd_robustness_benchmark_v3,yelpchi,s0,camouflage_relation_oracle,0.15,1,1,mlp,train_clean_eval_all,ok,True,True,heterograph_aware_generation,camouflage_relation,add_relation_camouflage_edges,p_cam_rel,0.15,1001.0,nodes_selected,1001.0,nodes_changed,0.796473987329567,0.4273605426031708,0.6645019227299513,D:\1.Revolucion\1. Fakulltet\4.1 Semestri\6. Theoretical Graphs\GitHub\fraud-detection-robustness-benchmark\runs\gfd_robustness_benchmark_v3\graphs\base\yelpchi\s0\graph.bin,D:\1.Revolucion\1. Fakulltet\4.1 Semestri\6. Theoretical Graphs\GitHub\fraud-detection-robustness-benchmark\runs\gfd_robustness_benchmark_v3\graphs\variants\yelpchi\s0\camouflage_relation_oracle\0.15\seed_1\graph.bin,45954,8052349,0.2271004468202591,0.14529746770858765,0.2268800139427185,0.2271004468202591,,,0.8100625134226824,0.8169363588098151,,
gfd_robustness_benchmark_v3,yelpchi,s0,camouflage_relation_oracle,0.3,0,1,mlp,train_clean_eval_all,ok,True,True,heterograph_aware_generation,camouflage_relation,add_relation_camouflage_edges,p_cam_rel,0.3,2003.0,nodes_selected,2003.0,nodes_changed,0.796473987329567,0.4273605426031708,0.6645019227299513,D:\1.Revolucion\1. Fakulltet\4.1 Semestri\6. Theoretical Graphs\GitHub\fraud-detection-robustness-benchmark\runs\gfd_robustness_benchmark_v3\graphs\base\yelpchi\s0\graph.bin,D:\1.Revolucion\1. Fakulltet\4.1 Semestri\6. Theoretical Graphs\GitHub\fraud-detection-robustness-benchmark\runs\gfd_robustness_benchmark_v3\graphs\variants\yelpchi\s0\camouflage_relation_oracle\0.30\seed_0\graph.bin,45954,8053351,0.22732102870941162,0.14529746770858765,0.2268800139427185,0.22732102870941162,,,0.8160293240628954,0.8228883464257205,,
gfd_robustness_benchmark_v3,yelpchi,s0,camouflage_relation_oracle,0.3,1,1,mlp,train_clean_eval_all,ok,True,True,heterograph_aware_generation,camouflage_relation,add_relation_camouflage_edges,p_cam_rel,0.3,2003.0,nodes_selected,2003.0,nodes_changed,0.796473987329567,0.4273605426031708,0.6645019227299513,D:\1.Revolucion\1. Fakulltet\4.1 Semestri\6. Theoretical Graphs\GitHub\fraud-detection-robustness-benchmark\runs\gfd_robustness_benchmark_v3\graphs\base\yelpchi\s0\graph.bin,D:\1.Revolucion\1. Fakulltet\4.1 Semestri\6. Theoretical Graphs\GitHub\fraud-detection-robustness-benchmark\runs\gfd_robustness_benchmark_v3\graphs\variants\yelpchi\s0\camouflage_relation_oracle\0.30\seed_1\graph.bin,45954,8053351,0.22732102870941162,0.14529746770858765,0.2268800139427185,0.22732102870941162,,,0.8136354912526759,0.8206106646158543,,
gfd_robustness_benchmark_v3,yelpchi,s0,noise_edges_uniform,0.1,0,1,mlp,train_clean_eval_all,ok,False,True,heterograph_aware_generation,noise,add_random_edges,edge_noise_rate,0.1,805134.0,edges_requested,805134.0,edges_added,0.796473987329567,0.4273605426031708,0.6645019227299513,D:\1.Revolucion\1. Fakulltet\4.1 Semestri\6. Theoretical Graphs\GitHub\fraud-detection-robustness-benchmark\runs\gfd_robustness_benchmark_v3\graphs\base\yelpchi\s0\graph.bin,D:\1.Revolucion\1. Fakulltet\4.1 Semestri\6. Theoretical Graphs\GitHub\fraud-detection-robustness-benchmark\runs\gfd_robustness_benchmark_v3\graphs\variants\yelpchi\s0\noise_edges_uniform\0.10\seed_0\graph.bin,45954,8856482,0.2288200855255127,0.14529746770858765,0.2268800139427185,0.2288200855255127,,,,,805134.0,
gfd_robustness_benchmark_v3,yelpchi,s0,noise_edges_uniform,0.1,1,1,mlp,train_clean_eval_all,ok,False,True,heterograph_aware_generation,noise,add_random_edges,edge_noise_rate,0.1,805134.0,edges_requested,805134.0,edges_added,0.796473987329567,0.4273605426031708,0.6645019227299513,D:\1.Revolucion\1. Fakulltet\4.1 Semestri\6. Theoretical Graphs\GitHub\fraud-detection-robustness-benchmark\runs\gfd_robustness_benchmark_v3\graphs\base\yelpchi\s0\graph.bin,D:\1.Revolucion\1. Fakulltet\4.1 Semestri\6. Theoretical Graphs\GitHub\fraud-detection-robustness-benchmark\runs\gfd_robustness_benchmark_v3\graphs\variants\yelpchi\s0\noise_edges_uniform\0.10\seed_1\graph.bin,45954,8856482,0.22885102033615112,0.14529746770858765,0.2268800139427185,0.22885102033615112,,,,,805134.0,
gfd_robustness_benchmark_v3,yelpchi,s0,noise_edges_uniform,0.2,0,1,mlp,train_clean_eval_all,ok,False,True,heterograph_aware_generation,noise,add_random_edges,edge_noise_rate,0.2,1610269.0,edges_requested,1610269.0,edges_added,0.796473987329567,0.4273605426031708,0.6645019227299513,D:\1.Revolucion\1. Fakulltet\4.1 Semestri\6. Theoretical Graphs\GitHub\fraud-detection-robustness-benchmark\runs\gfd_robustness_benchmark_v3\graphs\base\yelpchi\s0\graph.bin,D:\1.Revolucion\1. Fakulltet\4.1 Semestri\6. Theoretical Graphs\GitHub\fraud-detection-robustness-benchmark\runs\gfd_robustness_benchmark_v3\graphs\variants\yelpchi\s0\noise_edges_uniform\0.20\seed_0\graph.bin,45954,9661617,0.23043088614940643,0.14529746770858765,0.2268800139427185,0.23043088614940643,,,,,1610269.0,
gfd_robustness_benchmark_v3,yelpchi,s0,noise_edges_uniform,0.2,1,1,mlp,train_clean_eval_all,ok,False,True,heterograph_aware_generation,noise,add_random_edges,edge_noise_rate,0.2,1610269.0,edges_requested,1610269.0,edges_added,0.796473987329567,0.4273605426031708,0.6645019227299513,D:\1.Revolucion\1. Fakulltet\4.1 Semestri\6. Theoretical Graphs\GitHub\fraud-detection-robustness-benchmark\runs\gfd_robustness_benchmark_v3\graphs\base\yelpchi\s0\graph.bin,D:\1.Revolucion\1. Fakulltet\4.1 Semestri\6. Theoretical Graphs\GitHub\fraud-detection-robustness-benchmark\runs\gfd_robustness_benchmark_v3\graphs\variants\yelpchi\s0\noise_edges_uniform\0.20\seed_1\graph.bin,45954,9661617,0.23036205768585205,0.14529746770858765,0.2268800139427185,0.23036205768585205,,,,,1610269.0,
gfd_robustness_benchmark_v3,yelpchi,s0,clean,0.0,717,2,mlp,train_clean_eval_all,ok,False,True,canonical,clean,clean,severity,0.0,0.0,none,0.0,none,0.7984809562392526,0.4304289439152013,0.6684407487635773,D:\1.Revolucion\1. Fakulltet\4.1 Semestri\6. Theoretical Graphs\GitHub\fraud-detection-robustness-benchmark\runs\gfd_robustness_benchmark_v3\graphs\base\yelpchi\s0\graph.bin,D:\1.Revolucion\1. Fakulltet\4.1 Semestri\6. Theoretical Graphs\GitHub\fraud-detection-robustness-benchmark\runs\gfd_robustness_benchmark_v3\graphs\base\yelpchi\s0\graph.bin,45954,8051348,0.2268800139427185,0.14529746770858765,0.2268800139427185,0.2268800139427185,,,,,,
gfd_robustness_benchmark_v3,yelpchi,s0,heterophily_rewire_oracle,0.15,0,2,mlp,train_clean_eval_all,ok,True,True,heterograph_aware_generation,heterophily,rewire_edge_dst_to_opposite_label,p_rewire,0.15,1207702.0,edges_selected,1207702.0,edges_changed,0.7984809562392526,0.4304289439152013,0.6684407487635773,D:\1.Revolucion\1. Fakulltet\4.1 Semestri\6. Theoretical Graphs\GitHub\fraud-detection-robustness-benchmark\runs\gfd_robustness_benchmark_v3\graphs\base\yelpchi\s0\graph.bin,D:\1.Revolucion\1. Fakulltet\4.1 Semestri\6. Theoretical Graphs\GitHub\fraud-detection-robustness-benchmark\runs\gfd_robustness_benchmark_v3\graphs\variants\yelpchi\s0\heterophily_rewire_oracle\0.15\seed_0\graph.bin,45954,8051348,0.3428065776824951,0.14529746770858765,0.22688002058785683,0.34280657102388323,,,,,,1207702.0
gfd_robustness_benchmark_v3,yelpchi,s0,heterophily_rewire_oracle,0.15,1,2,mlp,train_clean_eval_all,ok,True,True,heterograph_aware_generation,heterophily,rewire_edge_dst_to_opposite_label,p_rewire,0.15,1207702.0,edges_selected,1207702.0,edges_changed,0.7984809562392526,0.4304289439152013,0.6684407487635773,D:\1.Revolucion\1. Fakulltet\4.1 Semestri\6. Theoretical Graphs\GitHub\fraud-detection-robustness-benchmark\runs\gfd_robustness_benchmark_v3\graphs\base\yelpchi\s0\graph.bin,D:\1.Revolucion\1. Fakulltet\4.1 Semestri\6. Theoretical Graphs\GitHub\fraud-detection-robustness-benchmark\runs\gfd_robustness_benchmark_v3\graphs\variants\yelpchi\s0\heterophily_rewire_oracle\0.15\seed_1\graph.bin,45954,8051348,0.3428649604320526,0.14529746770858765,0.22688002058785683,0.3428649463419045,,,,,,1207702.0
gfd_robustness_benchmark_v3,yelpchi,s0,heterophily_rewire_oracle,0.3,0,2,mlp,train_clean_eval_all,ok,True,True,heterograph_aware_generation,heterophily,rewire_edge_dst_to_opposite_label,p_rewire,0.3,2415404.0,edges_selected,2415404.0,edges_changed,0.7984809562392526,0.4304289439152013,0.6684407487635773,D:\1.Revolucion\1. Fakulltet\4.1 Semestri\6. Theoretical Graphs\GitHub\fraud-detection-robustness-benchmark\runs\gfd_robustness_benchmark_v3\graphs\base\yelpchi\s0\graph.bin,D:\1.Revolucion\1. Fakulltet\4.1 Semestri\6. Theoretical Graphs\GitHub\fraud-detection-robustness-benchmark\runs\gfd_robustness_benchmark_v3\graphs\variants\yelpchi\s0\heterophily_rewire_oracle\0.30\seed_0\graph.bin,45954,8051348,0.4589143395423889,0.14529746770858765,0.22688002058785683,0.45891433335138415,,,,,,2415404.0
gfd_robustness_benchmark_v3,yelpchi,s0,heterophily_rewire_oracle,0.3,1,2,mlp,train_clean_eval_all,ok,True,True,heterograph_aware_generation,heterophily,rewire_edge_dst_to_opposite_label,p_rewire,0.3,2415404.0,edges_selected,2415404.0,edges_changed,0.7984809562392526,0.4304289439152013,0.6684407487635773,D:\1.Revolucion\1. Fakulltet\4.1 Semestri\6. Theoretical Graphs\GitHub\fraud-detection-robustness-benchmark\runs\gfd_robustness_benchmark_v3\graphs\base\yelpchi\s0\graph.bin,D:\1.Revolucion\1. Fakulltet\4.1 Semestri\6. Theoretical Graphs\GitHub\fraud-detection-robustness-benchmark\runs\gfd_robustness_benchmark_v3\graphs\variants\yelpchi\s0\heterophily_rewire_oracle\0.30\seed_1\graph.bin,45954,8051348,0.45888352394104004,0.14529746770858765,0.22688002058785683,0.4588835310559176,,,,,,2415404.0
gfd_robustness_benchmark_v3,yelpchi,s0,heterophily_rewire_nonoracle,0.15,0,2,mlp,train_clean_eval_all,ok,False,True,heterograph_aware_generation,heterophily,rewire_edge_dst_to_feature_pseudo_opposite_label,p_rewire,0.15,1207702.0,edges_selected,1207702.0,edges_changed,0.7984809562392526,0.4304289439152013,0.6684407487635773,D:\1.Revolucion\1. Fakulltet\4.1 Semestri\6. Theoretical Graphs\GitHub\fraud-detection-robustness-benchmark\runs\gfd_robustness_benchmark_v3\graphs\base\yelpchi\s0\graph.bin,D:\1.Revolucion\1. Fakulltet\4.1 Semestri\6. Theoretical Graphs\GitHub\fraud-detection-robustness-benchmark\runs\gfd_robustness_benchmark_v3\graphs\variants\yelpchi\s0\heterophily_rewire_nonoracle\0.15\seed_0\graph.bin,45954,8051348,0.22934718430042267,0.14529746770858765,0.22688002058785683,0.2293471850924839,,,,,,1207702.0
gfd_robustness_benchmark_v3,yelpchi,s0,heterophily_rewire_nonoracle,0.15,1,2,mlp,train_clean_eval_all,ok,False,True,heterograph_aware_generation,heterophily,rewire_edge_dst_to_feature_pseudo_opposite_label,p_rewire,0.15,1207702.0,edges_selected,1207702.0,edges_changed,0.7984809562392526,0.4304289439152013,0.6684407487635773,D:\1.Revolucion\1. Fakulltet\4.1 Semestri\6. Theoretical Graphs\GitHub\fraud-detection-robustness-benchmark\runs\gfd_robustness_benchmark_v3\graphs\base\yelpchi\s0\graph.bin,D:\1.Revolucion\1. Fakulltet\4.1 Semestri\6. Theoretical Graphs\GitHub\fraud-detection-robustness-benchmark\runs\gfd_robustness_benchmark_v3\graphs\variants\yelpchi\s0\heterophily_rewire_nonoracle\0.15\seed_1\graph.bin,45954,8051348,0.22980810701847076,0.14529746770858765,0.22688002058785683,0.2298081016992434,,,,,,1207702.0
gfd_robustness_benchmark_v3,yelpchi,s0,heterophily_rewire_nonoracle,0.3,0,2,mlp,train_clean_eval_all,ok,False,True,heterograph_aware_generation,heterophily,rewire_edge_dst_to_feature_pseudo_opposite_label,p_rewire,0.3,2415404.0,edges_selected,2415404.0,edges_changed,0.7984809562392526,0.4304289439152013,0.6684407487635773,D:\1.Revolucion\1. Fakulltet\4.1 Semestri\6. Theoretical Graphs\GitHub\fraud-detection-robustness-benchmark\runs\gfd_robustness_benchmark_v3\graphs\base\yelpchi\s0\graph.bin,D:\1.Revolucion\1. Fakulltet\4.1 Semestri\6. Theoretical Graphs\GitHub\fraud-detection-robustness-benchmark\runs\gfd_robustness_benchmark_v3\graphs\variants\yelpchi\s0\heterophily_rewire_nonoracle\0.30\seed_0\graph.bin,45954,8051348,0.23191048204898834,0.14529746770858765,0.22688002058785683,0.2319104825676396,,,,,,2415404.0
gfd_robustness_benchmark_v3,yelpchi,s0,heterophily_rewire_nonoracle,0.3,1,2,mlp,train_clean_eval_all,ok,False,True,heterograph_aware_generation,heterophily,rewire_edge_dst_to_feature_pseudo_opposite_label,p_rewire,0.3,2415404.0,edges_selected,2415404.0,edges_changed,0.7984809562392526,0.4304289439152013,0.6684407487635773,D:\1.Revolucion\1. Fakulltet\4.1 Semestri\6. Theoretical Graphs\GitHub\fraud-detection-robustness-benchmark\runs\gfd_robustness_benchmark_v3\graphs\base\yelpchi\s0\graph.bin,D:\1.Revolucion\1. Fakulltet\4.1 Semestri\6. Theoretical Graphs\GitHub\fraud-detection-robustness-benchmark\runs\gfd_robustness_benchmark_v3\graphs\variants\yelpchi\s0\heterophily_rewire_nonoracle\0.30\seed_1\graph.bin,45954,8051348,0.23212037980556488,0.14529746770858765,0.22688002058785683,0.23212038530690762,,,,,,2415404.0
gfd_robustness_benchmark_v3,yelpchi,s0,camouflage_feature_oracle,0.15,0,2,mlp,train_clean_eval_all,ok,True,True,canonical,camouflage_feature,replace_fraud_features_with_normal_features,p_cam_feat,0.15,1001.0,nodes_selected,1001.0,nodes_changed,0.7570593283900631,0.3840806162670602,0.6458588090500841,D:\1.Revolucion\1. Fakulltet\4.1 Semestri\6. Theoretical Graphs\GitHub\fraud-detection-robustness-benchmark\runs\gfd_robustness_benchmark_v3\graphs\base\yelpchi\s0\graph.bin,D:\1.Revolucion\1. Fakulltet\4.1 Semestri\6. Theoretical Graphs\GitHub\fraud-detection-robustness-benchmark\runs\gfd_robustness_benchmark_v3\graphs\variants\yelpchi\s0\camouflage_feature_oracle\0.15\seed_0\graph.bin,45954,8051348,0.2268800139427185,0.14529746770858765,0.2268800139427185,0.2268800139427185,0.8420453071594238,1.0,,,,
gfd_robustness_benchmark_v3,yelpchi,s0,camouflage_feature_oracle,0.15,1,2,mlp,train_clean_eval_all,ok,True,True,canonical,camouflage_feature,replace_fraud_features_with_normal_features,p_cam_feat,0.15,1001.0,nodes_selected,1001.0,nodes_changed,0.7529593427389112,0.38441191605532316,0.6473215167927371,D:\1.Revolucion\1. Fakulltet\4.1 Semestri\6. Theoretical Graphs\GitHub\fraud-detection-robustness-benchmark\runs\gfd_robustness_benchmark_v3\graphs\base\yelpchi\s0\graph.bin,D:\1.Revolucion\1. Fakulltet\4.1 Semestri\6. Theoretical Graphs\GitHub\fraud-detection-robustness-benchmark\runs\gfd_robustness_benchmark_v3\graphs\variants\yelpchi\s0\camouflage_feature_oracle\0.15\seed_1\graph.bin,45954,8051348,0.2268800139427185,0.14529746770858765,0.2268800139427185,0.2268800139427185,0.8415582180023193,1.0,,,,
gfd_robustness_benchmark_v3,yelpchi,s0,camouflage_feature_oracle,0.3,0,2,mlp,train_clean_eval_all,ok,True,True,canonical,camouflage_feature,replace_fraud_features_with_normal_features,p_cam_feat,0.3,2003.0,nodes_selected,2003.0,nodes_changed,0.713704095595723,0.3422301047944148,0.6260980752396719,D:\1.Revolucion\1. Fakulltet\4.1 Semestri\6. Theoretical Graphs\GitHub\fraud-detection-robustness-benchmark\runs\gfd_robustness_benchmark_v3\graphs\base\yelpchi\s0\graph.bin,D:\1.Revolucion\1. Fakulltet\4.1 Semestri\6. Theoretical Graphs\GitHub\fraud-detection-robustness-benchmark\runs\gfd_robustness_benchmark_v3\graphs\variants\yelpchi\s0\camouflage_feature_oracle\0.30\seed_0\graph.bin,45954,8051348,0.2268800139427185,0.14529746770858765,0.2268800139427185,0.2268800139427185,0.8398500084877014,1.0,,,,
gfd_robustness_benchmark_v3,yelpchi,s0,camouflage_feature_oracle,0.3,1,2,mlp,train_clean_eval_all,ok,True,True,canonical,camouflage_feature,replace_fraud_features_with_normal_features,p_cam_feat,0.3,2003.0,nodes_selected,2003.0,nodes_changed,0.7108696978814774,0.338625535244166,0.6230390575564051,D:\1.Revolucion\1. Fakulltet\4.1 Semestri\6. Theoretical Graphs\GitHub\fraud-detection-robustness-benchmark\runs\gfd_robustness_benchmark_v3\graphs\base\yelpchi\s0\graph.bin,D:\1.Revolucion\1. Fakulltet\4.1 Semestri\6. Theoretical Graphs\GitHub\fraud-detection-robustness-benchmark\runs\gfd_robustness_benchmark_v3\graphs\variants\yelpchi\s0\camouflage_feature_oracle\0.30\seed_1\graph.bin,45954,8051348,0.2268800139427185,0.14529746770858765,0.2268800139427185,0.2268800139427185,0.8397719860076904,1.0,,,,
gfd_robustness_benchmark_v3,yelpchi,s0,camouflage_relation_oracle,0.15,0,2,mlp,train_clean_eval_all,ok,True,True,heterograph_aware_generation,camouflage_relation,add_relation_camouflage_edges,p_cam_rel,0.15,1001.0,nodes_selected,1001.0,nodes_changed,0.7984809562392526,0.4304289439152013,0.6684407487635773,D:\1.Revolucion\1. Fakulltet\4.1 Semestri\6. Theoretical Graphs\GitHub\fraud-detection-robustness-benchmark\runs\gfd_robustness_benchmark_v3\graphs\base\yelpchi\s0\graph.bin,D:\1.Revolucion\1. Fakulltet\4.1 Semestri\6. Theoretical Graphs\GitHub\fraud-detection-robustness-benchmark\runs\gfd_robustness_benchmark_v3\graphs\variants\yelpchi\s0\camouflage_relation_oracle\0.15\seed_0\graph.bin,45954,8052349,0.2271004468202591,0.14529746770858765,0.2268800139427185,0.2271004468202591,,,0.818657096523017,0.8255398405215063,,
gfd_robustness_benchmark_v3,yelpchi,s0,camouflage_relation_oracle,0.15,1,2,mlp,train_clean_eval_all,ok,True,True,heterograph_aware_generation,camouflage_relation,add_relation_camouflage_edges,p_cam_rel,0.15,1001.0,nodes_selected,1001.0,nodes_changed,0.7984809562392526,0.4304289439152013,0.6684407487635773,D:\1.Revolucion\1. Fakulltet\4.1 Semestri\6. Theoretical Graphs\GitHub\fraud-detection-robustness-benchmark\runs\gfd_robustness_benchmark_v3\graphs\base\yelpchi\s0\graph.bin,D:\1.Revolucion\1. Fakulltet\4.1 Semestri\6. Theoretical Graphs\GitHub\fraud-detection-robustness-benchmark\runs\gfd_robustness_benchmark_v3\graphs\variants\yelpchi\s0\camouflage_relation_oracle\0.15\seed_1\graph.bin,45954,8052349,0.2271004468202591,0.14529746770858765,0.2268800139427185,0.2271004468202591,,,0.8100625134226824,0.8169363588098151,,
gfd_robustness_benchmark_v3,yelpchi,s0,camouflage_relation_oracle,0.3,0,2,mlp,train_clean_eval_all,ok,True,True,heterograph_aware_generation,camouflage_relation,add_relation_camouflage_edges,p_cam_rel,0.3,2003.0,nodes_selected,2003.0,nodes_changed,0.7984809562392526,0.4304289439152013,0.6684407487635773,D:\1.Revolucion\1. Fakulltet\4.1 Semestri\6. Theoretical Graphs\GitHub\fraud-detection-robustness-benchmark\runs\gfd_robustness_benchmark_v3\graphs\base\yelpchi\s0\graph.bin,D:\1.Revolucion\1. Fakulltet\4.1 Semestri\6. Theoretical Graphs\GitHub\fraud-detection-robustness-benchmark\runs\gfd_robustness_benchmark_v3\graphs\variants\yelpchi\s0\camouflage_relation_oracle\0.30\seed_0\graph.bin,45954,8053351,0.22732102870941162,0.14529746770858765,0.2268800139427185,0.22732102870941162,,,0.8160293240628954,0.8228883464257205,,
gfd_robustness_benchmark_v3,yelpchi,s0,camouflage_relation_oracle,0.3,1,2,mlp,train_clean_eval_all,ok,True,True,heterograph_aware_generation,camouflage_relation,add_relation_camouflage_edges,p_cam_rel,0.3,2003.0,nodes_selected,2003.0,nodes_changed,0.7984809562392526,0.4304289439152013,0.6684407487635773,D:\1.Revolucion\1. Fakulltet\4.1 Semestri\6. Theoretical Graphs\GitHub\fraud-detection-robustness-benchmark\runs\gfd_robustness_benchmark_v3\graphs\base\yelpchi\s0\graph.bin,D:\1.Revolucion\1. Fakulltet\4.1 Semestri\6. Theoretical Graphs\GitHub\fraud-detection-robustness-benchmark\runs\gfd_robustness_benchmark_v3\graphs\variants\yelpchi\s0\camouflage_relation_oracle\0.30\seed_1\graph.bin,45954,8053351,0.22732102870941162,0.14529746770858765,0.2268800139427185,0.22732102870941162,,,0.8136354912526759,0.8206106646158543,,
gfd_robustness_benchmark_v3,yelpchi,s0,noise_edges_uniform,0.1,0,2,mlp,train_clean_eval_all,ok,False,True,heterograph_aware_generation,noise,add_random_edges,edge_noise_rate,0.1,805134.0,edges_requested,805134.0,edges_added,0.7984809562392526,0.4304289439152013,0.6684407487635773,D:\1.Revolucion\1. Fakulltet\4.1 Semestri\6. Theoretical Graphs\GitHub\fraud-detection-robustness-benchmark\runs\gfd_robustness_benchmark_v3\graphs\base\yelpchi\s0\graph.bin,D:\1.Revolucion\1. Fakulltet\4.1 Semestri\6. Theoretical Graphs\GitHub\fraud-detection-robustness-benchmark\runs\gfd_robustness_benchmark_v3\graphs\variants\yelpchi\s0\noise_edges_uniform\0.10\seed_0\graph.bin,45954,8856482,0.2288200855255127,0.14529746770858765,0.2268800139427185,0.2288200855255127,,,,,805134.0,
gfd_robustness_benchmark_v3,yelpchi,s0,noise_edges_uniform,0.1,1,2,mlp,train_clean_eval_all,ok,False,True,heterograph_aware_generation,noise,add_random_edges,edge_noise_rate,0.1,805134.0,edges_requested,805134.0,edges_added,0.7984809562392526,0.4304289439152013,0.6684407487635773,D:\1.Revolucion\1. Fakulltet\4.1 Semestri\6. Theoretical Graphs\GitHub\fraud-detection-robustness-benchmark\runs\gfd_robustness_benchmark_v3\graphs\base\yelpchi\s0\graph.bin,D:\1.Revolucion\1. Fakulltet\4.1 Semestri\6. Theoretical Graphs\GitHub\fraud-detection-robustness-benchmark\runs\gfd_robustness_benchmark_v3\graphs\variants\yelpchi\s0\noise_edges_uniform\0.10\seed_1\graph.bin,45954,8856482,0.22885102033615112,0.14529746770858765,0.2268800139427185,0.22885102033615112,,,,,805134.0,
gfd_robustness_benchmark_v3,yelpchi,s0,noise_edges_uniform,0.2,0,2,mlp,train_clean_eval_all,ok,False,True,heterograph_aware_generation,noise,add_random_edges,edge_noise_rate,0.2,1610269.0,edges_requested,1610269.0,edges_added,0.7984809562392526,0.4304289439152013,0.6684407487635773,D:\1.Revolucion\1. Fakulltet\4.1 Semestri\6. Theoretical Graphs\GitHub\fraud-detection-robustness-benchmark\runs\gfd_robustness_benchmark_v3\graphs\base\yelpchi\s0\graph.bin,D:\1.Revolucion\1. Fakulltet\4.1 Semestri\6. Theoretical Graphs\GitHub\fraud-detection-robustness-benchmark\runs\gfd_robustness_benchmark_v3\graphs\variants\yelpchi\s0\noise_edges_uniform\0.20\seed_0\graph.bin,45954,9661617,0.23043088614940643,0.14529746770858765,0.2268800139427185,0.23043088614940643,,,,,1610269.0,
gfd_robustness_benchmark_v3,yelpchi,s0,noise_edges_uniform,0.2,1,2,mlp,train_clean_eval_all,ok,False,True,heterograph_aware_generation,noise,add_random_edges,edge_noise_rate,0.2,1610269.0,edges_requested,1610269.0,edges_added,0.7984809562392526,0.4304289439152013,0.6684407487635773,D:\1.Revolucion\1. Fakulltet\4.1 Semestri\6. Theoretical Graphs\GitHub\fraud-detection-robustness-benchmark\runs\gfd_robustness_benchmark_v3\graphs\base\yelpchi\s0\graph.bin,D:\1.Revolucion\1. Fakulltet\4.1 Semestri\6. Theoretical Graphs\GitHub\fraud-detection-robustness-benchmark\runs\gfd_robustness_benchmark_v3\graphs\variants\yelpchi\s0\noise_edges_uniform\0.20\seed_1\graph.bin,45954,9661617,0.23036205768585205,0.14529746770858765,0.2268800139427185,0.23036205768585205,,,,,1610269.0,
gfd_robustness_benchmark_v3,yelpchi,s0,clean,0.0,717,0,sage,train_clean_eval_all,ok,False,True,canonical,clean,clean,severity,0.0,0.0,none,0.0,none,0.7956206072135261,0.433126871182127,0.6674085075088271,D:\1.Revolucion\1. Fakulltet\4.1 Semestri\6. Theoretical Graphs\GitHub\fraud-detection-robustness-benchmark\runs\gfd_robustness_benchmark_v3\graphs\base\yelpchi\s0\graph.bin,D:\1.Revolucion\1. Fakulltet\4.1 Semestri\6. Theoretical Graphs\GitHub\fraud-detection-robustness-benchmark\runs\gfd_robustness_benchmark_v3\graphs\base\yelpchi\s0\graph.bin,45954,8051348,0.2268800139427185,0.14529746770858765,0.2268800139427185,0.2268800139427185,,,,,,
gfd_robustness_benchmark_v3,yelpchi,s0,heterophily_rewire_oracle,0.15,0,0,sage,train_clean_eval_all,ok,True,True,heterograph_aware_generation,heterophily,rewire_edge_dst_to_opposite_label,p_rewire,0.15,1207702.0,edges_selected,1207702.0,edges_changed,0.7867196527578753,0.41812993595340114,0.6577178934259984,D:\1.Revolucion\1. Fakulltet\4.1 Semestri\6. Theoretical Graphs\GitHub\fraud-detection-robustness-benchmark\runs\gfd_robustness_benchmark_v3\graphs\base\yelpchi\s0\graph.bin,D:\1.Revolucion\1. Fakulltet\4.1 Semestri\6. Theoretical Graphs\GitHub\fraud-detection-robustness-benchmark\runs\gfd_robustness_benchmark_v3\graphs\variants\yelpchi\s0\heterophily_rewire_oracle\0.15\seed_0\graph.bin,45954,8051348,0.3428065776824951,0.14529746770858765,0.22688002058785683,0.34280657102388323,,,,,,1207702.0
gfd_robustness_benchmark_v3,yelpchi,s0,heterophily_rewire_oracle,0.15,1,0,sage,train_clean_eval_all,ok,True,True,heterograph_aware_generation,heterophily,rewire_edge_dst_to_opposite_label,p_rewire,0.15,1207702.0,edges_selected,1207702.0,edges_changed,0.7863423642785712,0.41700026965076237,0.657330854076217,D:\1.Revolucion\1. Fakulltet\4.1 Semestri\6. Theoretical Graphs\GitHub\fraud-detection-robustness-benchmark\runs\gfd_robustness_benchmark_v3\graphs\base\yelpchi\s0\graph.bin,D:\1.Revolucion\1. Fakulltet\4.1 Semestri\6. Theoretical Graphs\GitHub\fraud-detection-robustness-benchmark\runs\gfd_robustness_benchmark_v3\graphs\variants\yelpchi\s0\heterophily_rewire_oracle\0.15\seed_1\graph.bin,45954,8051348,0.3428649604320526,0.14529746770858765,0.22688002058785683,0.3428649463419045,,,,,,1207702.0
gfd_robustness_benchmark_v3,yelpchi,s0,heterophily_rewire_oracle,0.3,0,0,sage,train_clean_eval_all,ok,True,True,heterograph_aware_generation,heterophily,rewire_edge_dst_to_opposite_label,p_rewire,0.3,2415404.0,edges_selected,2415404.0,edges_changed,0.783618214976615,0.4141001502954974,0.656292460138239,D:\1.Revolucion\1. Fakulltet\4.1 Semestri\6. Theoretical Graphs\GitHub\fraud-detection-robustness-benchmark\runs\gfd_robustness_benchmark_v3\graphs\base\yelpchi\s0\graph.bin,D:\1.Revolucion\1. Fakulltet\4.1 Semestri\6. Theoretical Graphs\GitHub\fraud-detection-robustness-benchmark\runs\gfd_robustness_benchmark_v3\graphs\variants\yelpchi\s0\heterophily_rewire_oracle\0.30\seed_0\graph.bin,45954,8051348,0.4589143395423889,0.14529746770858765,0.22688002058785683,0.45891433335138415,,,,,,2415404.0
gfd_robustness_benchmark_v3,yelpchi,s0,heterophily_rewire_oracle,0.3,1,0,sage,train_clean_eval_all,ok,True,True,heterograph_aware_generation,heterophily,rewire_edge_dst_to_opposite_label,p_rewire,0.3,2415404.0,edges_selected,2415404.0,edges_changed,0.7835716955536483,0.4142114134596737,0.6551300779501854,D:\1.Revolucion\1. Fakulltet\4.1 Semestri\6. Theoretical Graphs\GitHub\fraud-detection-robustness-benchmark\runs\gfd_robustness_benchmark_v3\graphs\base\yelpchi\s0\graph.bin,D:\1.Revolucion\1. Fakulltet\4.1 Semestri\6. Theoretical Graphs\GitHub\fraud-detection-robustness-benchmark\runs\gfd_robustness_benchmark_v3\graphs\variants\yelpchi\s0\heterophily_rewire_oracle\0.30\seed_1\graph.bin,45954,8051348,0.45888352394104004,0.14529746770858765,0.22688002058785683,0.4588835310559176,,,,,,2415404.0
gfd_robustness_benchmark_v3,yelpchi,s0,heterophily_rewire_nonoracle,0.15,0,0,sage,train_clean_eval_all,ok,False,True,heterograph_aware_generation,heterophily,rewire_edge_dst_to_feature_pseudo_opposite_label,p_rewire,0.15,1207702.0,edges_selected,1207702.0,edges_changed,0.7897949367621682,0.42590379060590644,0.6623447772054311,D:\1.Revolucion\1. Fakulltet\4.1 Semestri\6. Theoretical Graphs\GitHub\fraud-detection-robustness-benchmark\runs\gfd_robustness_benchmark_v3\graphs\base\yelpchi\s0\graph.bin,D:\1.Revolucion\1. Fakulltet\4.1 Semestri\6. Theoretical Graphs\GitHub\fraud-detection-robustness-benchmark\runs\gfd_robustness_benchmark_v3\graphs\variants\yelpchi\s0\heterophily_rewire_nonoracle\0.15\seed_0\graph.bin,45954,8051348,0.22934718430042267,0.14529746770858765,0.22688002058785683,0.2293471850924839,,,,,,1207702.0
gfd_robustness_benchmark_v3,yelpchi,s0,heterophily_rewire_nonoracle,0.15,1,0,sage,train_clean_eval_all,ok,False,True,heterograph_aware_generation,heterophily,rewire_edge_dst_to_feature_pseudo_opposite_label,p_rewire,0.15,1207702.0,edges_selected,1207702.0,edges_changed,0.7899184883478969,0.4240641241265236,0.6623012960486483,D:\1.Revolucion\1. Fakulltet\4.1 Semestri\6. Theoretical Graphs\GitHub\fraud-detection-robustness-benchmark\runs\gfd_robustness_benchmark_v3\graphs\base\yelpchi\s0\graph.bin,D:\1.Revolucion\1. Fakulltet\4.1 Semestri\6. Theoretical Graphs\GitHub\fraud-detection-robustness-benchmark\runs\gfd_robustness_benchmark_v3\graphs\variants\yelpchi\s0\heterophily_rewire_nonoracle\0.15\seed_1\graph.bin,45954,8051348,0.22980810701847076,0.14529746770858765,0.22688002058785683,0.2298081016992434,,,,,,1207702.0
gfd_robustness_benchmark_v3,yelpchi,s0,heterophily_rewire_nonoracle,0.3,0,0,sage,train_clean_eval_all,ok,False,True,heterograph_aware_generation,heterophily,rewire_edge_dst_to_feature_pseudo_opposite_label,p_rewire,0.3,2415404.0,edges_selected,2415404.0,edges_changed,0.786768566037477,0.4205600666811629,0.6598957466265932,D:\1.Revolucion\1. Fakulltet\4.1 Semestri\6. Theoretical Graphs\GitHub\fraud-detection-robustness-benchmark\runs\gfd_robustness_benchmark_v3\graphs\base\yelpchi\s0\graph.bin,D:\1.Revolucion\1. Fakulltet\4.1 Semestri\6. Theoretical Graphs\GitHub\fraud-detection-robustness-benchmark\runs\gfd_robustness_benchmark_v3\graphs\variants\yelpchi\s0\heterophily_rewire_nonoracle\0.30\seed_0\graph.bin,45954,8051348,0.23191048204898834,0.14529746770858765,0.22688002058785683,0.2319104825676396,,,,,,2415404.0
gfd_robustness_benchmark_v3,yelpchi,s0,heterophily_rewire_nonoracle,0.3,1,0,sage,train_clean_eval_all,ok,False,True,heterograph_aware_generation,heterophily,rewire_edge_dst_to_feature_pseudo_opposite_label,p_rewire,0.3,2415404.0,edges_selected,2415404.0,edges_changed,0.7865168180695635,0.4194553409817322,0.6600425691913546,D:\1.Revolucion\1. Fakulltet\4.1 Semestri\6. Theoretical Graphs\GitHub\fraud-detection-robustness-benchmark\runs\gfd_robustness_benchmark_v3\graphs\base\yelpchi\s0\graph.bin,D:\1.Revolucion\1. Fakulltet\4.1 Semestri\6. Theoretical Graphs\GitHub\fraud-detection-robustness-benchmark\runs\gfd_robustness_benchmark_v3\graphs\variants\yelpchi\s0\heterophily_rewire_nonoracle\0.30\seed_1\graph.bin,45954,8051348,0.23212037980556488,0.14529746770858765,0.22688002058785683,0.23212038530690762,,,,,,2415404.0
gfd_robustness_benchmark_v3,yelpchi,s0,camouflage_feature_oracle,0.15,0,0,sage,train_clean_eval_all,ok,True,True,canonical,camouflage_feature,replace_fraud_features_with_normal_features,p_cam_feat,0.15,1001.0,nodes_selected,1001.0,nodes_changed,0.7554096872446553,0.38721714459762746,0.6438599627686932,D:\1.Revolucion\1. Fakulltet\4.1 Semestri\6. Theoretical Graphs\GitHub\fraud-detection-robustness-benchmark\runs\gfd_robustness_benchmark_v3\graphs\base\yelpchi\s0\graph.bin,D:\1.Revolucion\1. Fakulltet\4.1 Semestri\6. Theoretical Graphs\GitHub\fraud-detection-robustness-benchmark\runs\gfd_robustness_benchmark_v3\graphs\variants\yelpchi\s0\camouflage_feature_oracle\0.15\seed_0\graph.bin,45954,8051348,0.2268800139427185,0.14529746770858765,0.2268800139427185,0.2268800139427185,0.8420453071594238,1.0,,,,
gfd_robustness_benchmark_v3,yelpchi,s0,camouflage_feature_oracle,0.15,1,0,sage,train_clean_eval_all,ok,True,True,canonical,camouflage_feature,replace_fraud_features_with_normal_features,p_cam_feat,0.15,1001.0,nodes_selected,1001.0,nodes_changed,0.751837910228423,0.38575804633828836,0.6454244484973972,D:\1.Revolucion\1. Fakulltet\4.1 Semestri\6. Theoretical Graphs\GitHub\fraud-detection-robustness-benchmark\runs\gfd_robustness_benchmark_v3\graphs\base\yelpchi\s0\graph.bin,D:\1.Revolucion\1. Fakulltet\4.1 Semestri\6. Theoretical Graphs\GitHub\fraud-detection-robustness-benchmark\runs\gfd_robustness_benchmark_v3\graphs\variants\yelpchi\s0\camouflage_feature_oracle\0.15\seed_1\graph.bin,45954,8051348,0.2268800139427185,0.14529746770858765,0.2268800139427185,0.2268800139427185,0.8415582180023193,1.0,,,,
gfd_robustness_benchmark_v3,yelpchi,s0,camouflage_feature_oracle,0.3,0,0,sage,train_clean_eval_all,ok,True,True,canonical,camouflage_feature,replace_fraud_features_with_normal_features,p_cam_feat,0.3,2003.0,nodes_selected,2003.0,nodes_changed,0.7147294880071832,0.3427427115019138,0.6215892672622109,D:\1.Revolucion\1. Fakulltet\4.1 Semestri\6. Theoretical Graphs\GitHub\fraud-detection-robustness-benchmark\runs\gfd_robustness_benchmark_v3\graphs\base\yelpchi\s0\graph.bin,D:\1.Revolucion\1. Fakulltet\4.1 Semestri\6. Theoretical Graphs\GitHub\fraud-detection-robustness-benchmark\runs\gfd_robustness_benchmark_v3\graphs\variants\yelpchi\s0\camouflage_feature_oracle\0.30\seed_0\graph.bin,45954,8051348,0.2268800139427185,0.14529746770858765,0.2268800139427185,0.2268800139427185,0.8398500084877014,1.0,,,,
gfd_robustness_benchmark_v3,yelpchi,s0,camouflage_feature_oracle,0.3,1,0,sage,train_clean_eval_all,ok,True,True,canonical,camouflage_feature,replace_fraud_features_with_normal_features,p_cam_feat,0.3,2003.0,nodes_selected,2003.0,nodes_changed,0.7122936257385941,0.3426557100069872,0.6242223894406257,D:\1.Revolucion\1. Fakulltet\4.1 Semestri\6. Theoretical Graphs\GitHub\fraud-detection-robustness-benchmark\runs\gfd_robustness_benchmark_v3\graphs\base\yelpchi\s0\graph.bin,D:\1.Revolucion\1. Fakulltet\4.1 Semestri\6. Theoretical Graphs\GitHub\fraud-detection-robustness-benchmark\runs\gfd_robustness_benchmark_v3\graphs\variants\yelpchi\s0\camouflage_feature_oracle\0.30\seed_1\graph.bin,45954,8051348,0.2268800139427185,0.14529746770858765,0.2268800139427185,0.2268800139427185,0.8397719860076904,1.0,,,,
gfd_robustness_benchmark_v3,yelpchi,s0,camouflage_relation_oracle,0.15,0,0,sage,train_clean_eval_all,ok,True,True,heterograph_aware_generation,camouflage_relation,add_relation_camouflage_edges,p_cam_rel,0.15,1001.0,nodes_selected,1001.0,nodes_changed,0.7955889987781565,0.4331704959231955,0.6673924802532583,D:\1.Revolucion\1. Fakulltet\4.1 Semestri\6. Theoretical Graphs\GitHub\fraud-detection-robustness-benchmark\runs\gfd_robustness_benchmark_v3\graphs\base\yelpchi\s0\graph.bin,D:\1.Revolucion\1. Fakulltet\4.1 Semestri\6. Theoretical Graphs\GitHub\fraud-detection-robustness-benchmark\runs\gfd_robustness_benchmark_v3\graphs\variants\yelpchi\s0\camouflage_relation_oracle\0.15\seed_0\graph.bin,45954,8052349,0.2271004468202591,0.14529746770858765,0.2268800139427185,0.2271004468202591,,,0.818657096523017,0.8255398405215063,,
gfd_robustness_benchmark_v3,yelpchi,s0,camouflage_relation_oracle,0.15,1,0,sage,train_clean_eval_all,ok,True,True,heterograph_aware_generation,camouflage_relation,add_relation_camouflage_edges,p_cam_rel,0.15,1001.0,nodes_selected,1001.0,nodes_changed,0.7955966686471762,0.4330076304417896,0.6672954787772485,D:\1.Revolucion\1. Fakulltet\4.1 Semestri\6. Theoretical Graphs\GitHub\fraud-detection-robustness-benchmark\runs\gfd_robustness_benchmark_v3\graphs\base\yelpchi\s0\graph.bin,D:\1.Revolucion\1. Fakulltet\4.1 Semestri\6. Theoretical Graphs\GitHub\fraud-detection-robustness-benchmark\runs\gfd_robustness_benchmark_v3\graphs\variants\yelpchi\s0\camouflage_relation_oracle\0.15\seed_1\graph.bin,45954,8052349,0.2271004468202591,0.14529746770858765,0.2268800139427185,0.2271004468202591,,,0.8100625134226824,0.8169363588098151,,
gfd_robustness_benchmark_v3,yelpchi,s0,camouflage_relation_oracle,0.3,0,0,sage,train_clean_eval_all,ok,True,True,heterograph_aware_generation,camouflage_relation,add_relation_camouflage_edges,p_cam_rel,0.3,2003.0,nodes_selected,2003.0,nodes_changed,0.7954253352066234,0.4326592526544579,0.6673519868001957,D:\1.Revolucion\1. Fakulltet\4.1 Semestri\6. Theoretical Graphs\GitHub\fraud-detection-robustness-benchmark\runs\gfd_robustness_benchmark_v3\graphs\base\yelpchi\s0\graph.bin,D:\1.Revolucion\1. Fakulltet\4.1 Semestri\6. Theoretical Graphs\GitHub\fraud-detection-robustness-benchmark\runs\gfd_robustness_benchmark_v3\graphs\variants\yelpchi\s0\camouflage_relation_oracle\0.30\seed_0\graph.bin,45954,8053351,0.22732102870941162,0.14529746770858765,0.2268800139427185,0.22732102870941162,,,0.8160293240628954,0.8228883464257205,,
gfd_robustness_benchmark_v3,yelpchi,s0,camouflage_relation_oracle,0.3,1,0,sage,train_clean_eval_all,ok,True,True,heterograph_aware_generation,camouflage_relation,add_relation_camouflage_edges,p_cam_rel,0.3,2003.0,nodes_selected,2003.0,nodes_changed,0.7955536745056222,0.433126525883315,0.6677558774255462,D:\1.Revolucion\1. Fakulltet\4.1 Semestri\6. Theoretical Graphs\GitHub\fraud-detection-robustness-benchmark\runs\gfd_robustness_benchmark_v3\graphs\base\yelpchi\s0\graph.bin,D:\1.Revolucion\1. Fakulltet\4.1 Semestri\6. Theoretical Graphs\GitHub\fraud-detection-robustness-benchmark\runs\gfd_robustness_benchmark_v3\graphs\variants\yelpchi\s0\camouflage_relation_oracle\0.30\seed_1\graph.bin,45954,8053351,0.22732102870941162,0.14529746770858765,0.2268800139427185,0.22732102870941162,,,0.8136354912526759,0.8206106646158543,,
gfd_robustness_benchmark_v3,yelpchi,s0,noise_edges_uniform,0.1,0,0,sage,train_clean_eval_all,ok,False,True,heterograph_aware_generation,noise,add_random_edges,edge_noise_rate,0.1,805134.0,edges_requested,805134.0,edges_added,0.792769559690446,0.42810451525255305,0.6626689242023267,D:\1.Revolucion\1. Fakulltet\4.1 Semestri\6. Theoretical Graphs\GitHub\fraud-detection-robustness-benchmark\runs\gfd_robustness_benchmark_v3\graphs\base\yelpchi\s0\graph.bin,D:\1.Revolucion\1. Fakulltet\4.1 Semestri\6. Theoretical Graphs\GitHub\fraud-detection-robustness-benchmark\runs\gfd_robustness_benchmark_v3\graphs\variants\yelpchi\s0\noise_edges_uniform\0.10\seed_0\graph.bin,45954,8856482,0.2288200855255127,0.14529746770858765,0.2268800139427185,0.2288200855255127,,,,,805134.0,
gfd_robustness_benchmark_v3,yelpchi,s0,noise_edges_uniform,0.1,1,0,sage,train_clean_eval_all,ok,False,True,heterograph_aware_generation,noise,add_random_edges,edge_noise_rate,0.1,805134.0,edges_requested,805134.0,edges_added,0.7925083434836031,0.4283346140737102,0.6628248184740495,D:\1.Revolucion\1. Fakulltet\4.1 Semestri\6. Theoretical Graphs\GitHub\fraud-detection-robustness-benchmark\runs\gfd_robustness_benchmark_v3\graphs\base\yelpchi\s0\graph.bin,D:\1.Revolucion\1. Fakulltet\4.1 Semestri\6. Theoretical Graphs\GitHub\fraud-detection-robustness-benchmark\runs\gfd_robustness_benchmark_v3\graphs\variants\yelpchi\s0\noise_edges_uniform\0.10\seed_1\graph.bin,45954,8856482,0.22885102033615112,0.14529746770858765,0.2268800139427185,0.22885102033615112,,,,,805134.0,
gfd_robustness_benchmark_v3,yelpchi,s0,noise_edges_uniform,0.2,0,0,sage,train_clean_eval_all,ok,False,True,heterograph_aware_generation,noise,add_random_edges,edge_noise_rate,0.2,1610269.0,edges_requested,1610269.0,edges_added,0.7910184595168116,0.42530111214854427,0.6615331435826234,D:\1.Revolucion\1. Fakulltet\4.1 Semestri\6. Theoretical Graphs\GitHub\fraud-detection-robustness-benchmark\runs\gfd_robustness_benchmark_v3\graphs\base\yelpchi\s0\graph.bin,D:\1.Revolucion\1. Fakulltet\4.1 Semestri\6. Theoretical Graphs\GitHub\fraud-detection-robustness-benchmark\runs\gfd_robustness_benchmark_v3\graphs\variants\yelpchi\s0\noise_edges_uniform\0.20\seed_0\graph.bin,45954,9661617,0.23043088614940643,0.14529746770858765,0.2268800139427185,0.23043088614940643,,,,,1610269.0,
gfd_robustness_benchmark_v3,yelpchi,s0,noise_edges_uniform,0.2,1,0,sage,train_clean_eval_all,ok,False,True,heterograph_aware_generation,noise,add_random_edges,edge_noise_rate,0.2,1610269.0,edges_requested,1610269.0,edges_added,0.7911097952707111,0.42581976004966515,0.6630114858933006,D:\1.Revolucion\1. Fakulltet\4.1 Semestri\6. Theoretical Graphs\GitHub\fraud-detection-robustness-benchmark\runs\gfd_robustness_benchmark_v3\graphs\base\yelpchi\s0\graph.bin,D:\1.Revolucion\1. Fakulltet\4.1 Semestri\6. Theoretical Graphs\GitHub\fraud-detection-robustness-benchmark\runs\gfd_robustness_benchmark_v3\graphs\variants\yelpchi\s0\noise_edges_uniform\0.20\seed_1\graph.bin,45954,9661617,0.23036205768585205,0.14529746770858765,0.2268800139427185,0.23036205768585205,,,,,1610269.0,
gfd_robustness_benchmark_v3,yelpchi,s0,clean,0.0,717,1,sage,train_clean_eval_all,ok,False,True,canonical,clean,clean,severity,0.0,0.0,none,0.0,none,0.6049585846128517,0.19354588239359677,0.5455487610463117,D:\1.Revolucion\1. Fakulltet\4.1 Semestri\6. Theoretical Graphs\GitHub\fraud-detection-robustness-benchmark\runs\gfd_robustness_benchmark_v3\graphs\base\yelpchi\s0\graph.bin,D:\1.Revolucion\1. Fakulltet\4.1 Semestri\6. Theoretical Graphs\GitHub\fraud-detection-robustness-benchmark\runs\gfd_robustness_benchmark_v3\graphs\base\yelpchi\s0\graph.bin,45954,8051348,0.2268800139427185,0.14529746770858765,0.2268800139427185,0.2268800139427185,,,,,,
gfd_robustness_benchmark_v3,yelpchi,s0,heterophily_rewire_oracle,0.15,0,1,sage,train_clean_eval_all,ok,True,True,heterograph_aware_generation,heterophily,rewire_edge_dst_to_opposite_label,p_rewire,0.15,1207702.0,edges_selected,1207702.0,edges_changed,0.6159641082524361,0.20348456776947013,0.5518072934532805,D:\1.Revolucion\1. Fakulltet\4.1 Semestri\6. Theoretical Graphs\GitHub\fraud-detection-robustness-benchmark\runs\gfd_robustness_benchmark_v3\graphs\base\yelpchi\s0\graph.bin,D:\1.Revolucion\1. Fakulltet\4.1 Semestri\6. Theoretical Graphs\GitHub\fraud-detection-robustness-benchmark\runs\gfd_robustness_benchmark_v3\graphs\variants\yelpchi\s0\heterophily_rewire_oracle\0.15\seed_0\graph.bin,45954,8051348,0.3428065776824951,0.14529746770858765,0.22688002058785683,0.34280657102388323,,,,,,1207702.0
gfd_robustness_benchmark_v3,yelpchi,s0,heterophily_rewire_oracle,0.15,1,1,sage,train_clean_eval_all,ok,True,True,heterograph_aware_generation,heterophily,rewire_edge_dst_to_opposite_label,p_rewire,0.15,1207702.0,edges_selected,1207702.0,edges_changed,0.6176368423730442,0.20380288455646758,0.5511325305183294,D:\1.Revolucion\1. Fakulltet\4.1 Semestri\6. Theoretical Graphs\GitHub\fraud-detection-robustness-benchmark\runs\gfd_robustness_benchmark_v3\graphs\base\yelpchi\s0\graph.bin,D:\1.Revolucion\1. Fakulltet\4.1 Semestri\6. Theoretical Graphs\GitHub\fraud-detection-robustness-benchmark\runs\gfd_robustness_benchmark_v3\graphs\variants\yelpchi\s0\heterophily_rewire_oracle\0.15\seed_1\graph.bin,45954,8051348,0.3428649604320526,0.14529746770858765,0.22688002058785683,0.3428649463419045,,,,,,1207702.0
gfd_robustness_benchmark_v3,yelpchi,s0,heterophily_rewire_oracle,0.3,0,1,sage,train_clean_eval_all,ok,True,True,heterograph_aware_generation,heterophily,rewire_edge_dst_to_opposite_label,p_rewire,0.3,2415404.0,edges_selected,2415404.0,edges_changed,0.6286732955931315,0.21592736165691812,0.5596059629422149,D:\1.Revolucion\1. Fakulltet\4.1 Semestri\6. Theoretical Graphs\GitHub\fraud-detection-robustness-benchmark\runs\gfd_robustness_benchmark_v3\graphs\base\yelpchi\s0\graph.bin,D:\1.Revolucion\1. Fakulltet\4.1 Semestri\6. Theoretical Graphs\GitHub\fraud-detection-robustness-benchmark\runs\gfd_robustness_benchmark_v3\graphs\variants\yelpchi\s0\heterophily_rewire_oracle\0.30\seed_0\graph.bin,45954,8051348,0.4589143395423889,0.14529746770858765,0.22688002058785683,0.45891433335138415,,,,,,2415404.0
gfd_robustness_benchmark_v3,yelpchi,s0,heterophily_rewire_oracle,0.3,1,1,sage,train_clean_eval_all,ok,True,True,heterograph_aware_generation,heterophily,rewire_edge_dst_to_opposite_label,p_rewire,0.3,2415404.0,edges_selected,2415404.0,edges_changed,0.6281356068095479,0.21489734910876615,0.5596832878324984,D:\1.Revolucion\1. Fakulltet\4.1 Semestri\6. Theoretical Graphs\GitHub\fraud-detection-robustness-benchmark\runs\gfd_robustness_benchmark_v3\graphs\base\yelpchi\s0\graph.bin,D:\1.Revolucion\1. Fakulltet\4.1 Semestri\6. Theoretical Graphs\GitHub\fraud-detection-robustness-benchmark\runs\gfd_robustness_benchmark_v3\graphs\variants\yelpchi\s0\heterophily_rewire_oracle\0.30\seed_1\graph.bin,45954,8051348,0.45888352394104004,0.14529746770858765,0.22688002058785683,0.4588835310559176,,,,,,2415404.0
gfd_robustness_benchmark_v3,yelpchi,s0,heterophily_rewire_nonoracle,0.15,0,1,sage,train_clean_eval_all,ok,False,True,heterograph_aware_generation,heterophily,rewire_edge_dst_to_feature_pseudo_opposite_label,p_rewire,0.15,1207702.0,edges_selected,1207702.0,edges_changed,0.6046492888078222,0.20379698670185528,0.5514790466948533,D:\1.Revolucion\1. Fakulltet\4.1 Semestri\6. Theoretical Graphs\GitHub\fraud-detection-robustness-benchmark\runs\gfd_robustness_benchmark_v3\graphs\base\yelpchi\s0\graph.bin,D:\1.Revolucion\1. Fakulltet\4.1 Semestri\6. Theoretical Graphs\GitHub\fraud-detection-robustness-benchmark\runs\gfd_robustness_benchmark_v3\graphs\variants\yelpchi\s0\heterophily_rewire_nonoracle\0.15\seed_0\graph.bin,45954,8051348,0.22934718430042267,0.14529746770858765,0.22688002058785683,0.2293471850924839,,,,,,1207702.0
gfd_robustness_benchmark_v3,yelpchi,s0,heterophily_rewire_nonoracle,0.15,1,1,sage,train_clean_eval_all,ok,False,True,heterograph_aware_generation,heterophily,rewire_edge_dst_to_feature_pseudo_opposite_label,p_rewire,0.15,1207702.0,edges_selected,1207702.0,edges_changed,0.6051909673524641,0.20413360427194993,0.550857596421287,D:\1.Revolucion\1. Fakulltet\4.1 Semestri\6. Theoretical Graphs\GitHub\fraud-detection-robustness-benchmark\runs\gfd_robustness_benchmark_v3\graphs\base\yelpchi\s0\graph.bin,D:\1.Revolucion\1. Fakulltet\4.1 Semestri\6. Theoretical Graphs\GitHub\fraud-detection-robustness-benchmark\runs\gfd_robustness_benchmark_v3\graphs\variants\yelpchi\s0\heterophily_rewire_nonoracle\0.15\seed_1\graph.bin,45954,8051348,0.22980810701847076,0.14529746770858765,0.22688002058785683,0.2298081016992434,,,,,,1207702.0
gfd_robustness_benchmark_v3,yelpchi,s0,heterophily_rewire_nonoracle,0.3,0,1,sage,train_clean_eval_all,ok,False,True,heterograph_aware_generation,heterophily,rewire_edge_dst_to_feature_pseudo_opposite_label,p_rewire,0.3,2415404.0,edges_selected,2415404.0,edges_changed,0.6060174552879983,0.2068929640835856,0.5527100153951133,D:\1.Revolucion\1. Fakulltet\4.1 Semestri\6. Theoretical Graphs\GitHub\fraud-detection-robustness-benchmark\runs\gfd_robustness_benchmark_v3\graphs\base\yelpchi\s0\graph.bin,D:\1.Revolucion\1. Fakulltet\4.1 Semestri\6. Theoretical Graphs\GitHub\fraud-detection-robustness-benchmark\runs\gfd_robustness_benchmark_v3\graphs\variants\yelpchi\s0\heterophily_rewire_nonoracle\0.30\seed_0\graph.bin,45954,8051348,0.23191048204898834,0.14529746770858765,0.22688002058785683,0.2319104825676396,,,,,,2415404.0
gfd_robustness_benchmark_v3,yelpchi,s0,heterophily_rewire_nonoracle,0.3,1,1,sage,train_clean_eval_all,ok,False,True,heterograph_aware_generation,heterophily,rewire_edge_dst_to_feature_pseudo_opposite_label,p_rewire,0.3,2415404.0,edges_selected,2415404.0,edges_changed,0.6065228806008147,0.20689293039136772,0.5517802961651258,D:\1.Revolucion\1. Fakulltet\4.1 Semestri\6. Theoretical Graphs\GitHub\fraud-detection-robustness-benchmark\runs\gfd_robustness_benchmark_v3\graphs\base\yelpchi\s0\graph.bin,D:\1.Revolucion\1. Fakulltet\4.1 Semestri\6. Theoretical Graphs\GitHub\fraud-detection-robustness-benchmark\runs\gfd_robustness_benchmark_v3\graphs\variants\yelpchi\s0\heterophily_rewire_nonoracle\0.30\seed_1\graph.bin,45954,8051348,0.23212037980556488,0.14529746770858765,0.22688002058785683,0.23212038530690762,,,,,,2415404.0
gfd_robustness_benchmark_v3,yelpchi,s0,camouflage_feature_oracle,0.15,0,1,sage,train_clean_eval_all,ok,True,True,canonical,camouflage_feature,replace_fraud_features_with_normal_features,p_cam_feat,0.15,1001.0,nodes_selected,1001.0,nodes_changed,0.5879110025557337,0.1852636445144167,0.5386446737359021,D:\1.Revolucion\1. Fakulltet\4.1 Semestri\6. Theoretical Graphs\GitHub\fraud-detection-robustness-benchmark\runs\gfd_robustness_benchmark_v3\graphs\base\yelpchi\s0\graph.bin,D:\1.Revolucion\1. Fakulltet\4.1 Semestri\6. Theoretical Graphs\GitHub\fraud-detection-robustness-benchmark\runs\gfd_robustness_benchmark_v3\graphs\variants\yelpchi\s0\camouflage_feature_oracle\0.15\seed_0\graph.bin,45954,8051348,0.2268800139427185,0.14529746770858765,0.2268800139427185,0.2268800139427185,0.8420453071594238,1.0,,,,
gfd_robustness_benchmark_v3,yelpchi,s0,camouflage_feature_oracle,0.15,1,1,sage,train_clean_eval_all,ok,True,True,canonical,camouflage_feature,replace_fraud_features_with_normal_features,p_cam_feat,0.15,1001.0,nodes_selected,1001.0,nodes_changed,0.584243459364367,0.18331083912489626,0.5354603254525616,D:\1.Revolucion\1. Fakulltet\4.1 Semestri\6. Theoretical Graphs\GitHub\fraud-detection-robustness-benchmark\runs\gfd_robustness_benchmark_v3\graphs\base\yelpchi\s0\graph.bin,D:\1.Revolucion\1. Fakulltet\4.1 Semestri\6. Theoretical Graphs\GitHub\fraud-detection-robustness-benchmark\runs\gfd_robustness_benchmark_v3\graphs\variants\yelpchi\s0\camouflage_feature_oracle\0.15\seed_1\graph.bin,45954,8051348,0.2268800139427185,0.14529746770858765,0.2268800139427185,0.2268800139427185,0.8415582180023193,1.0,,,,
gfd_robustness_benchmark_v3,yelpchi,s0,camouflage_feature_oracle,0.3,0,1,sage,train_clean_eval_all,ok,True,True,canonical,camouflage_feature,replace_fraud_features_with_normal_features,p_cam_feat,0.3,2003.0,nodes_selected,2003.0,nodes_changed,0.5754514075210069,0.17897500692673962,0.5303115052261409,D:\1.Revolucion\1. Fakulltet\4.1 Semestri\6. Theoretical Graphs\GitHub\fraud-detection-robustness-benchmark\runs\gfd_robustness_benchmark_v3\graphs\base\yelpchi\s0\graph.bin,D:\1.Revolucion\1. Fakulltet\4.1 Semestri\6. Theoretical Graphs\GitHub\fraud-detection-robustness-benchmark\runs\gfd_robustness_benchmark_v3\graphs\variants\yelpchi\s0\camouflage_feature_oracle\0.30\seed_0\graph.bin,45954,8051348,0.2268800139427185,0.14529746770858765,0.2268800139427185,0.2268800139427185,0.8398500084877014,1.0,,,,
gfd_robustness_benchmark_v3,yelpchi,s0,camouflage_feature_oracle,0.3,1,1,sage,train_clean_eval_all,ok,True,True,canonical,camouflage_feature,replace_fraud_features_with_normal_features,p_cam_feat,0.3,2003.0,nodes_selected,2003.0,nodes_changed,0.5782456456105102,0.17985742351815384,0.5324866803379474,D:\1.Revolucion\1. Fakulltet\4.1 Semestri\6. Theoretical Graphs\GitHub\fraud-detection-robustness-benchmark\runs\gfd_robustness_benchmark_v3\graphs\base\yelpchi\s0\graph.bin,D:\1.Revolucion\1. Fakulltet\4.1 Semestri\6. Theoretical Graphs\GitHub\fraud-detection-robustness-benchmark\runs\gfd_robustness_benchmark_v3\graphs\variants\yelpchi\s0\camouflage_feature_oracle\0.30\seed_1\graph.bin,45954,8051348,0.2268800139427185,0.14529746770858765,0.2268800139427185,0.2268800139427185,0.8397719860076904,1.0,,,,
gfd_robustness_benchmark_v3,yelpchi,s0,camouflage_relation_oracle,0.15,0,1,sage,train_clean_eval_all,ok,True,True,heterograph_aware_generation,camouflage_relation,add_relation_camouflage_edges,p_cam_rel,0.15,1001.0,nodes_selected,1001.0,nodes_changed,0.6051336100711001,0.19370659707974722,0.5455509162933384,D:\1.Revolucion\1. Fakulltet\4.1 Semestri\6. Theoretical Graphs\GitHub\fraud-detection-robustness-benchmark\runs\gfd_robustness_benchmark_v3\graphs\base\yelpchi\s0\graph.bin,D:\1.Revolucion\1. Fakulltet\4.1 Semestri\6. Theoretical Graphs\GitHub\fraud-detection-robustness-benchmark\runs\gfd_robustness_benchmark_v3\graphs\variants\yelpchi\s0\camouflage_relation_oracle\0.15\seed_0\graph.bin,45954,8052349,0.2271004468202591,0.14529746770858765,0.2268800139427185,0.2271004468202591,,,0.818657096523017,0.8255398405215063,,
gfd_robustness_benchmark_v3,yelpchi,s0,camouflage_relation_oracle,0.15,1,1,sage,train_clean_eval_all,ok,True,True,heterograph_aware_generation,camouflage_relation,add_relation_camouflage_edges,p_cam_rel,0.15,1001.0,nodes_selected,1001.0,nodes_changed,0.6051626460038172,0.19374795875702433,0.5455487610463117,D:\1.Revolucion\1. Fakulltet\4.1 Semestri\6. Theoretical Graphs\GitHub\fraud-detection-robustness-benchmark\runs\gfd_robustness_benchmark_v3\graphs\base\yelpchi\s0\graph.bin,D:\1.Revolucion\1. Fakulltet\4.1 Semestri\6. Theoretical Graphs\GitHub\fraud-detection-robustness-benchmark\runs\gfd_robustness_benchmark_v3\graphs\variants\yelpchi\s0\camouflage_relation_oracle\0.15\seed_1\graph.bin,45954,8052349,0.2271004468202591,0.14529746770858765,0.2268800139427185,0.2271004468202591,,,0.8100625134226824,0.8169363588098151,,
gfd_robustness_benchmark_v3,yelpchi,s0,camouflage_relation_oracle,0.3,0,1,sage,train_clean_eval_all,ok,True,True,heterograph_aware_generation,camouflage_relation,add_relation_camouflage_edges,p_cam_rel,0.3,2003.0,nodes_selected,2003.0,nodes_changed,0.605353392311609,0.19389178821014355,0.545820904213958,D:\1.Revolucion\1. Fakulltet\4.1 Semestri\6. Theoretical Graphs\GitHub\fraud-detection-robustness-benchmark\runs\gfd_robustness_benchmark_v3\graphs\base\yelpchi\s0\graph.bin,D:\1.Revolucion\1. Fakulltet\4.1 Semestri\6. Theoretical Graphs\GitHub\fraud-detection-robustness-benchmark\runs\gfd_robustness_benchmark_v3\graphs\variants\yelpchi\s0\camouflage_relation_oracle\0.30\seed_0\graph.bin,45954,8053351,0.22732102870941162,0.14529746770858765,0.2268800139427185,0.22732102870941162,,,0.8160293240628954,0.8228883464257205,,
gfd_robustness_benchmark_v3,yelpchi,s0,camouflage_relation_oracle,0.3,1,1,sage,train_clean_eval_all,ok,True,True,heterograph_aware_generation,camouflage_relation,add_relation_camouflage_edges,p_cam_rel,0.3,2003.0,nodes_selected,2003.0,nodes_changed,0.6051790576179616,0.1938148532482727,0.5455144055596192,D:\1.Revolucion\1. Fakulltet\4.1 Semestri\6. Theoretical Graphs\GitHub\fraud-detection-robustness-benchmark\runs\gfd_robustness_benchmark_v3\graphs\base\yelpchi\s0\graph.bin,D:\1.Revolucion\1. Fakulltet\4.1 Semestri\6. Theoretical Graphs\GitHub\fraud-detection-robustness-benchmark\runs\gfd_robustness_benchmark_v3\graphs\variants\yelpchi\s0\camouflage_relation_oracle\0.30\seed_1\graph.bin,45954,8053351,0.22732102870941162,0.14529746770858765,0.2268800139427185,0.22732102870941162,,,0.8136354912526759,0.8206106646158543,,
gfd_robustness_benchmark_v3,yelpchi,s0,noise_edges_uniform,0.1,0,1,sage,train_clean_eval_all,ok,False,True,heterograph_aware_generation,noise,add_random_edges,edge_noise_rate,0.1,805134.0,edges_requested,805134.0,edges_added,0.6068415970058356,0.20244977866137218,0.548041144779617,D:\1.Revolucion\1. Fakulltet\4.1 Semestri\6. Theoretical Graphs\GitHub\fraud-detection-robustness-benchmark\runs\gfd_robustness_benchmark_v3\graphs\base\yelpchi\s0\graph.bin,D:\1.Revolucion\1. Fakulltet\4.1 Semestri\6. Theoretical Graphs\GitHub\fraud-detection-robustness-benchmark\runs\gfd_robustness_benchmark_v3\graphs\variants\yelpchi\s0\noise_edges_uniform\0.10\seed_0\graph.bin,45954,8856482,0.2288200855255127,0.14529746770858765,0.2268800139427185,0.2288200855255127,,,,,805134.0,
gfd_robustness_benchmark_v3,yelpchi,s0,noise_edges_uniform,0.1,1,1,sage,train_clean_eval_all,ok,False,True,heterograph_aware_generation,noise,add_random_edges,edge_noise_rate,0.1,805134.0,edges_requested,805134.0,edges_added,0.6079406987641316,0.20336719572463763,0.5499340136202523,D:\1.Revolucion\1. Fakulltet\4.1 Semestri\6. Theoretical Graphs\GitHub\fraud-detection-robustness-benchmark\runs\gfd_robustness_benchmark_v3\graphs\base\yelpchi\s0\graph.bin,D:\1.Revolucion\1. Fakulltet\4.1 Semestri\6. Theoretical Graphs\GitHub\fraud-detection-robustness-benchmark\runs\gfd_robustness_benchmark_v3\graphs\variants\yelpchi\s0\noise_edges_uniform\0.10\seed_1\graph.bin,45954,8856482,0.22885102033615112,0.14529746770858765,0.2268800139427185,0.22885102033615112,,,,,805134.0,
gfd_robustness_benchmark_v3,yelpchi,s0,noise_edges_uniform,0.2,0,1,sage,train_clean_eval_all,ok,False,True,heterograph_aware_generation,noise,add_random_edges,edge_noise_rate,0.2,1610269.0,edges_requested,1610269.0,edges_added,0.6085036838237984,0.2067416248700406,0.552717171558048,D:\1.Revolucion\1. Fakulltet\4.1 Semestri\6. Theoretical Graphs\GitHub\fraud-detection-robustness-benchmark\runs\gfd_robustness_benchmark_v3\graphs\base\yelpchi\s0\graph.bin,D:\1.Revolucion\1. Fakulltet\4.1 Semestri\6. Theoretical Graphs\GitHub\fraud-detection-robustness-benchmark\runs\gfd_robustness_benchmark_v3\graphs\variants\yelpchi\s0\noise_edges_uniform\0.20\seed_0\graph.bin,45954,9661617,0.23043088614940643,0.14529746770858765,0.2268800139427185,0.23043088614940643,,,,,1610269.0,
gfd_robustness_benchmark_v3,yelpchi,s0,noise_edges_uniform,0.2,1,1,sage,train_clean_eval_all,ok,False,True,heterograph_aware_generation,noise,add_random_edges,edge_noise_rate,0.2,1610269.0,edges_requested,1610269.0,edges_added,0.6083101625478676,0.2063981091093862,0.5550076635787088,D:\1.Revolucion\1. Fakulltet\4.1 Semestri\6. Theoretical Graphs\GitHub\fraud-detection-robustness-benchmark\runs\gfd_robustness_benchmark_v3\graphs\base\yelpchi\s0\graph.bin,D:\1.Revolucion\1. Fakulltet\4.1 Semestri\6. Theoretical Graphs\GitHub\fraud-detection-robustness-benchmark\runs\gfd_robustness_benchmark_v3\graphs\variants\yelpchi\s0\noise_edges_uniform\0.20\seed_1\graph.bin,45954,9661617,0.23036205768585205,0.14529746770858765,0.2268800139427185,0.23036205768585205,,,,,1610269.0,
gfd_robustness_benchmark_v3,yelpchi,s0,clean,0.0,717,2,sage,train_clean_eval_all,ok,False,True,canonical,clean,clean,severity,0.0,0.0,none,0.0,none,0.7980050670680024,0.44110478955875165,0.6734256243636167,D:\1.Revolucion\1. Fakulltet\4.1 Semestri\6. Theoretical Graphs\GitHub\fraud-detection-robustness-benchmark\runs\gfd_robustness_benchmark_v3\graphs\base\yelpchi\s0\graph.bin,D:\1.Revolucion\1. Fakulltet\4.1 Semestri\6. Theoretical Graphs\GitHub\fraud-detection-robustness-benchmark\runs\gfd_robustness_benchmark_v3\graphs\base\yelpchi\s0\graph.bin,45954,8051348,0.2268800139427185,0.14529746770858765,0.2268800139427185,0.2268800139427185,,,,,,
gfd_robustness_benchmark_v3,yelpchi,s0,heterophily_rewire_oracle,0.15,0,2,sage,train_clean_eval_all,ok,True,True,heterograph_aware_generation,heterophily,rewire_edge_dst_to_opposite_label,p_rewire,0.15,1207702.0,edges_selected,1207702.0,edges_changed,0.7780858098276461,0.40069614234265943,0.6546639295890285,D:\1.Revolucion\1. Fakulltet\4.1 Semestri\6. Theoretical Graphs\GitHub\fraud-detection-robustness-benchmark\runs\gfd_robustness_benchmark_v3\graphs\base\yelpchi\s0\graph.bin,D:\1.Revolucion\1. Fakulltet\4.1 Semestri\6. Theoretical Graphs\GitHub\fraud-detection-robustness-benchmark\runs\gfd_robustness_benchmark_v3\graphs\variants\yelpchi\s0\heterophily_rewire_oracle\0.15\seed_0\graph.bin,45954,8051348,0.3428065776824951,0.14529746770858765,0.22688002058785683,0.34280657102388323,,,,,,1207702.0
gfd_robustness_benchmark_v3,yelpchi,s0,heterophily_rewire_oracle,0.15,1,2,sage,train_clean_eval_all,ok,True,True,heterograph_aware_generation,heterophily,rewire_edge_dst_to_opposite_label,p_rewire,0.15,1207702.0,edges_selected,1207702.0,edges_changed,0.7778781755163299,0.3997794684295393,0.6541885363987515,D:\1.Revolucion\1. Fakulltet\4.1 Semestri\6. Theoretical Graphs\GitHub\fraud-detection-robustness-benchmark\runs\gfd_robustness_benchmark_v3\graphs\base\yelpchi\s0\graph.bin,D:\1.Revolucion\1. Fakulltet\4.1 Semestri\6. Theoretical Graphs\GitHub\fraud-detection-robustness-benchmark\runs\gfd_robustness_benchmark_v3\graphs\variants\yelpchi\s0\heterophily_rewire_oracle\0.15\seed_1\graph.bin,45954,8051348,0.3428649604320526,0.14529746770858765,0.22688002058785683,0.3428649463419045,,,,,,1207702.0
gfd_robustness_benchmark_v3,yelpchi,s0,heterophily_rewire_oracle,0.3,0,2,sage,train_clean_eval_all,ok,True,True,heterograph_aware_generation,heterophily,rewire_edge_dst_to_opposite_label,p_rewire,0.3,2415404.0,edges_selected,2415404.0,edges_changed,0.768466090985036,0.3815916335790632,0.6456884289520273,D:\1.Revolucion\1. Fakulltet\4.1 Semestri\6. Theoretical Graphs\GitHub\fraud-detection-robustness-benchmark\runs\gfd_robustness_benchmark_v3\graphs\base\yelpchi\s0\graph.bin,D:\1.Revolucion\1. Fakulltet\4.1 Semestri\6. Theoretical Graphs\GitHub\fraud-detection-robustness-benchmark\runs\gfd_robustness_benchmark_v3\graphs\variants\yelpchi\s0\heterophily_rewire_oracle\0.30\seed_0\graph.bin,45954,8051348,0.4589143395423889,0.14529746770858765,0.22688002058785683,0.45891433335138415,,,,,,2415404.0
gfd_robustness_benchmark_v3,yelpchi,s0,heterophily_rewire_oracle,0.3,1,2,sage,train_clean_eval_all,ok,True,True,heterograph_aware_generation,heterophily,rewire_edge_dst_to_opposite_label,p_rewire,0.3,2415404.0,edges_selected,2415404.0,edges_changed,0.7686003970610206,0.382856574793737,0.6481331974576168,D:\1.Revolucion\1. Fakulltet\4.1 Semestri\6. Theoretical Graphs\GitHub\fraud-detection-robustness-benchmark\runs\gfd_robustness_benchmark_v3\graphs\base\yelpchi\s0\graph.bin,D:\1.Revolucion\1. Fakulltet\4.1 Semestri\6. Theoretical Graphs\GitHub\fraud-detection-robustness-benchmark\runs\gfd_robustness_benchmark_v3\graphs\variants\yelpchi\s0\heterophily_rewire_oracle\0.30\seed_1\graph.bin,45954,8051348,0.45888352394104004,0.14529746770858765,0.22688002058785683,0.4588835310559176,,,,,,2415404.0
gfd_robustness_benchmark_v3,yelpchi,s0,heterophily_rewire_nonoracle,0.15,0,2,sage,train_clean_eval_all,ok,False,True,heterograph_aware_generation,heterophily,rewire_edge_dst_to_feature_pseudo_opposite_label,p_rewire,0.15,1207702.0,edges_selected,1207702.0,edges_changed,0.79248172522699,0.43092187945605415,0.6677210347651134,D:\1.Revolucion\1. Fakulltet\4.1 Semestri\6. Theoretical Graphs\GitHub\fraud-detection-robustness-benchmark\runs\gfd_robustness_benchmark_v3\graphs\base\yelpchi\s0\graph.bin,D:\1.Revolucion\1. Fakulltet\4.1 Semestri\6. Theoretical Graphs\GitHub\fraud-detection-robustness-benchmark\runs\gfd_robustness_benchmark_v3\graphs\variants\yelpchi\s0\heterophily_rewire_nonoracle\0.15\seed_0\graph.bin,45954,8051348,0.22934718430042267,0.14529746770858765,0.22688002058785683,0.2293471850924839,,,,,,1207702.0
gfd_robustness_benchmark_v3,yelpchi,s0,heterophily_rewire_nonoracle,0.15,1,2,sage,train_clean_eval_all,ok,False,True,heterograph_aware_generation,heterophily,rewire_edge_dst_to_feature_pseudo_opposite_label,p_rewire,0.15,1207702.0,edges_selected,1207702.0,edges_changed,0.7933673807235325,0.4315342738115846,0.6674732585352894,D:\1.Revolucion\1. Fakulltet\4.1 Semestri\6. Theoretical Graphs\GitHub\fraud-detection-robustness-benchmark\runs\gfd_robustness_benchmark_v3\graphs\base\yelpchi\s0\graph.bin,D:\1.Revolucion\1. Fakulltet\4.1 Semestri\6. Theoretical Graphs\GitHub\fraud-detection-robustness-benchmark\runs\gfd_robustness_benchmark_v3\graphs\variants\yelpchi\s0\heterophily_rewire_nonoracle\0.15\seed_1\graph.bin,45954,8051348,0.22980810701847076,0.14529746770858765,0.22688002058785683,0.2298081016992434,,,,,,1207702.0
gfd_robustness_benchmark_v3,yelpchi,s0,heterophily_rewire_nonoracle,0.3,0,2,sage,train_clean_eval_all,ok,False,True,heterograph_aware_generation,heterophily,rewire_edge_dst_to_feature_pseudo_opposite_label,p_rewire,0.3,2415404.0,edges_selected,2415404.0,edges_changed,0.7894067389660597,0.42518291220030136,0.6655948406137078,D:\1.Revolucion\1. Fakulltet\4.1 Semestri\6. Theoretical Graphs\GitHub\fraud-detection-robustness-benchmark\runs\gfd_robustness_benchmark_v3\graphs\base\yelpchi\s0\graph.bin,D:\1.Revolucion\1. Fakulltet\4.1 Semestri\6. Theoretical Graphs\GitHub\fraud-detection-robustness-benchmark\runs\gfd_robustness_benchmark_v3\graphs\variants\yelpchi\s0\heterophily_rewire_nonoracle\0.30\seed_0\graph.bin,45954,8051348,0.23191048204898834,0.14529746770858765,0.22688002058785683,0.2319104825676396,,,,,,2415404.0
gfd_robustness_benchmark_v3,yelpchi,s0,heterophily_rewire_nonoracle,0.3,1,2,sage,train_clean_eval_all,ok,False,True,heterograph_aware_generation,heterophily,rewire_edge_dst_to_feature_pseudo_opposite_label,p_rewire,0.3,2415404.0,edges_selected,2415404.0,edges_changed,0.7893882788775809,0.42520312043785796,0.6654252434891714,D:\1.Revolucion\1. Fakulltet\4.1 Semestri\6. Theoretical Graphs\GitHub\fraud-detection-robustness-benchmark\runs\gfd_robustness_benchmark_v3\graphs\base\yelpchi\s0\graph.bin,D:\1.Revolucion\1. Fakulltet\4.1 Semestri\6. Theoretical Graphs\GitHub\fraud-detection-robustness-benchmark\runs\gfd_robustness_benchmark_v3\graphs\variants\yelpchi\s0\heterophily_rewire_nonoracle\0.30\seed_1\graph.bin,45954,8051348,0.23212037980556488,0.14529746770858765,0.22688002058785683,0.23212038530690762,,,,,,2415404.0
gfd_robustness_benchmark_v3,yelpchi,s0,camouflage_feature_oracle,0.15,0,2,sage,train_clean_eval_all,ok,True,True,canonical,camouflage_feature,replace_fraud_features_with_normal_features,p_cam_feat,0.15,1001.0,nodes_selected,1001.0,nodes_changed,0.7581237013625498,0.3929912300227376,0.6500915299385077,D:\1.Revolucion\1. Fakulltet\4.1 Semestri\6. Theoretical Graphs\GitHub\fraud-detection-robustness-benchmark\runs\gfd_robustness_benchmark_v3\graphs\base\yelpchi\s0\graph.bin,D:\1.Revolucion\1. Fakulltet\4.1 Semestri\6. Theoretical Graphs\GitHub\fraud-detection-robustness-benchmark\runs\gfd_robustness_benchmark_v3\graphs\variants\yelpchi\s0\camouflage_feature_oracle\0.15\seed_0\graph.bin,45954,8051348,0.2268800139427185,0.14529746770858765,0.2268800139427185,0.2268800139427185,0.8420453071594238,1.0,,,,
gfd_robustness_benchmark_v3,yelpchi,s0,camouflage_feature_oracle,0.15,1,2,sage,train_clean_eval_all,ok,True,True,canonical,camouflage_feature,replace_fraud_features_with_normal_features,p_cam_feat,0.15,1001.0,nodes_selected,1001.0,nodes_changed,0.7543706224579863,0.3917024789974562,0.6500341396407907,D:\1.Revolucion\1. Fakulltet\4.1 Semestri\6. Theoretical Graphs\GitHub\fraud-detection-robustness-benchmark\runs\gfd_robustness_benchmark_v3\graphs\base\yelpchi\s0\graph.bin,D:\1.Revolucion\1. Fakulltet\4.1 Semestri\6. Theoretical Graphs\GitHub\fraud-detection-robustness-benchmark\runs\gfd_robustness_benchmark_v3\graphs\variants\yelpchi\s0\camouflage_feature_oracle\0.15\seed_1\graph.bin,45954,8051348,0.2268800139427185,0.14529746770858765,0.2268800139427185,0.2268800139427185,0.8415582180023193,1.0,,,,
gfd_robustness_benchmark_v3,yelpchi,s0,camouflage_feature_oracle,0.3,0,2,sage,train_clean_eval_all,ok,True,True,canonical,camouflage_feature,replace_fraud_features_with_normal_features,p_cam_feat,0.3,2003.0,nodes_selected,2003.0,nodes_changed,0.7176578654363879,0.3477078803229021,0.6266480933106715,D:\1.Revolucion\1. Fakulltet\4.1 Semestri\6. Theoretical Graphs\GitHub\fraud-detection-robustness-benchmark\runs\gfd_robustness_benchmark_v3\graphs\base\yelpchi\s0\graph.bin,D:\1.Revolucion\1. Fakulltet\4.1 Semestri\6. Theoretical Graphs\GitHub\fraud-detection-robustness-benchmark\runs\gfd_robustness_benchmark_v3\graphs\variants\yelpchi\s0\camouflage_feature_oracle\0.30\seed_0\graph.bin,45954,8051348,0.2268800139427185,0.14529746770858765,0.2268800139427185,0.2268800139427185,0.8398500084877014,1.0,,,,
gfd_robustness_benchmark_v3,yelpchi,s0,camouflage_feature_oracle,0.3,1,2,sage,train_clean_eval_all,ok,True,True,canonical,camouflage_feature,replace_fraud_features_with_normal_features,p_cam_feat,0.3,2003.0,nodes_selected,2003.0,nodes_changed,0.7151677424174055,0.34642791897778746,0.6269393565123423,D:\1.Revolucion\1. Fakulltet\4.1 Semestri\6. Theoretical Graphs\GitHub\fraud-detection-robustness-benchmark\runs\gfd_robustness_benchmark_v3\graphs\base\yelpchi\s0\graph.bin,D:\1.Revolucion\1. Fakulltet\4.1 Semestri\6. Theoretical Graphs\GitHub\fraud-detection-robustness-benchmark\runs\gfd_robustness_benchmark_v3\graphs\variants\yelpchi\s0\camouflage_feature_oracle\0.30\seed_1\graph.bin,45954,8051348,0.2268800139427185,0.14529746770858765,0.2268800139427185,0.2268800139427185,0.8397719860076904,1.0,,,,
gfd_robustness_benchmark_v3,yelpchi,s0,camouflage_relation_oracle,0.15,0,2,sage,train_clean_eval_all,ok,True,True,heterograph_aware_generation,camouflage_relation,add_relation_camouflage_edges,p_cam_rel,0.15,1001.0,nodes_selected,1001.0,nodes_changed,0.7978767634982072,0.4408885302695896,0.6733681980607471,D:\1.Revolucion\1. Fakulltet\4.1 Semestri\6. Theoretical Graphs\GitHub\fraud-detection-robustness-benchmark\runs\gfd_robustness_benchmark_v3\graphs\base\yelpchi\s0\graph.bin,D:\1.Revolucion\1. Fakulltet\4.1 Semestri\6. Theoretical Graphs\GitHub\fraud-detection-robustness-benchmark\runs\gfd_robustness_benchmark_v3\graphs\variants\yelpchi\s0\camouflage_relation_oracle\0.15\seed_0\graph.bin,45954,8052349,0.2271004468202591,0.14529746770858765,0.2268800139427185,0.2271004468202591,,,0.818657096523017,0.8255398405215063,,
gfd_robustness_benchmark_v3,yelpchi,s0,camouflage_relation_oracle,0.15,1,2,sage,train_clean_eval_all,ok,True,True,heterograph_aware_generation,camouflage_relation,add_relation_camouflage_edges,p_cam_rel,0.15,1001.0,nodes_selected,1001.0,nodes_changed,0.7978969624079235,0.4408749764320223,0.6734256243636167,D:\1.Revolucion\1. Fakulltet\4.1 Semestri\6. Theoretical Graphs\GitHub\fraud-detection-robustness-benchmark\runs\gfd_robustness_benchmark_v3\graphs\base\yelpchi\s0\graph.bin,D:\1.Revolucion\1. Fakulltet\4.1 Semestri\6. Theoretical Graphs\GitHub\fraud-detection-robustness-benchmark\runs\gfd_robustness_benchmark_v3\graphs\variants\yelpchi\s0\camouflage_relation_oracle\0.15\seed_1\graph.bin,45954,8052349,0.2271004468202591,0.14529746770858765,0.2268800139427185,0.2271004468202591,,,0.8100625134226824,0.8169363588098151,,
gfd_robustness_benchmark_v3,yelpchi,s0,camouflage_relation_oracle,0.3,0,2,sage,train_clean_eval_all,ok,True,True,heterograph_aware_generation,camouflage_relation,add_relation_camouflage_edges,p_cam_rel,0.3,2003.0,nodes_selected,2003.0,nodes_changed,0.7976182746205653,0.4397231665957941,0.6728711599439317,D:\1.Revolucion\1. Fakulltet\4.1 Semestri\6. Theoretical Graphs\GitHub\fraud-detection-robustness-benchmark\runs\gfd_robustness_benchmark_v3\graphs\base\yelpchi\s0\graph.bin,D:\1.Revolucion\1. Fakulltet\4.1 Semestri\6. Theoretical Graphs\GitHub\fraud-detection-robustness-benchmark\runs\gfd_robustness_benchmark_v3\graphs\variants\yelpchi\s0\camouflage_relation_oracle\0.30\seed_0\graph.bin,45954,8053351,0.22732102870941162,0.14529746770858765,0.2268800139427185,0.22732102870941162,,,0.8160293240628954,0.8228883464257205,,
gfd_robustness_benchmark_v3,yelpchi,s0,camouflage_relation_oracle,0.3,1,2,sage,train_clean_eval_all,ok,True,True,heterograph_aware_generation,camouflage_relation,add_relation_camouflage_edges,p_cam_rel,0.3,2003.0,nodes_selected,2003.0,nodes_changed,0.7977472808646963,0.44057537599972163,0.6732533845608862,D:\1.Revolucion\1. Fakulltet\4.1 Semestri\6. Theoretical Graphs\GitHub\fraud-detection-robustness-benchmark\runs\gfd_robustness_benchmark_v3\graphs\base\yelpchi\s0\graph.bin,D:\1.Revolucion\1. Fakulltet\4.1 Semestri\6. Theoretical Graphs\GitHub\fraud-detection-robustness-benchmark\runs\gfd_robustness_benchmark_v3\graphs\variants\yelpchi\s0\camouflage_relation_oracle\0.30\seed_1\graph.bin,45954,8053351,0.22732102870941162,0.14529746770858765,0.2268800139427185,0.22732102870941162,,,0.8136354912526759,0.8206106646158543,,
gfd_robustness_benchmark_v3,yelpchi,s0,noise_edges_uniform,0.1,0,2,sage,train_clean_eval_all,ok,False,True,heterograph_aware_generation,noise,add_random_edges,edge_noise_rate,0.1,805134.0,edges_requested,805134.0,edges_added,0.7956625771179129,0.4351655776192671,0.6699768626678979,D:\1.Revolucion\1. Fakulltet\4.1 Semestri\6. Theoretical Graphs\GitHub\fraud-detection-robustness-benchmark\runs\gfd_robustness_benchmark_v3\graphs\base\yelpchi\s0\graph.bin,D:\1.Revolucion\1. Fakulltet\4.1 Semestri\6. Theoretical Graphs\GitHub\fraud-detection-robustness-benchmark\runs\gfd_robustness_benchmark_v3\graphs\variants\yelpchi\s0\noise_edges_uniform\0.10\seed_0\graph.bin,45954,8856482,0.2288200855255127,0.14529746770858765,0.2268800139427185,0.2288200855255127,,,,,805134.0,
gfd_robustness_benchmark_v3,yelpchi,s0,noise_edges_uniform,0.1,1,2,sage,train_clean_eval_all,ok,False,True,heterograph_aware_generation,noise,add_random_edges,edge_noise_rate,0.1,805134.0,edges_requested,805134.0,edges_added,0.7950051121344378,0.4351469528361239,0.6687258369640533,D:\1.Revolucion\1. Fakulltet\4.1 Semestri\6. Theoretical Graphs\GitHub\fraud-detection-robustness-benchmark\runs\gfd_robustness_benchmark_v3\graphs\base\yelpchi\s0\graph.bin,D:\1.Revolucion\1. Fakulltet\4.1 Semestri\6. Theoretical Graphs\GitHub\fraud-detection-robustness-benchmark\runs\gfd_robustness_benchmark_v3\graphs\variants\yelpchi\s0\noise_edges_uniform\0.10\seed_1\graph.bin,45954,8856482,0.22885102033615112,0.14529746770858765,0.2268800139427185,0.22885102033615112,,,,,805134.0,
gfd_robustness_benchmark_v3,yelpchi,s0,noise_edges_uniform,0.2,0,2,sage,train_clean_eval_all,ok,False,True,heterograph_aware_generation,noise,add_random_edges,edge_noise_rate,0.2,1610269.0,edges_requested,1610269.0,edges_added,0.793623725848964,0.4316087482822903,0.6663845998213347,D:\1.Revolucion\1. Fakulltet\4.1 Semestri\6. Theoretical Graphs\GitHub\fraud-detection-robustness-benchmark\runs\gfd_robustness_benchmark_v3\graphs\base\yelpchi\s0\graph.bin,D:\1.Revolucion\1. Fakulltet\4.1 Semestri\6. Theoretical Graphs\GitHub\fraud-detection-robustness-benchmark\runs\gfd_robustness_benchmark_v3\graphs\variants\yelpchi\s0\noise_edges_uniform\0.20\seed_0\graph.bin,45954,9661617,0.23043088614940643,0.14529746770858765,0.2268800139427185,0.23043088614940643,,,,,1610269.0,
gfd_robustness_benchmark_v3,yelpchi,s0,noise_edges_uniform,0.2,1,2,sage,train_clean_eval_all,ok,False,True,heterograph_aware_generation,noise,add_random_edges,edge_noise_rate,0.2,1610269.0,edges_requested,1610269.0,edges_added,0.7936279180755088,0.43126061416923306,0.6684118009985411,D:\1.Revolucion\1. Fakulltet\4.1 Semestri\6. Theoretical Graphs\GitHub\fraud-detection-robustness-benchmark\runs\gfd_robustness_benchmark_v3\graphs\base\yelpchi\s0\graph.bin,D:\1.Revolucion\1. Fakulltet\4.1 Semestri\6. Theoretical Graphs\GitHub\fraud-detection-robustness-benchmark\runs\gfd_robustness_benchmark_v3\graphs\variants\yelpchi\s0\noise_edges_uniform\0.20\seed_1\graph.bin,45954,9661617,0.23036205768585205,0.14529746770858765,0.2268800139427185,0.23036205768585205,,,,,1610269.0,
gfd_robustness_benchmark_v3,yelpchi,s0,clean,0.0,717,0,pmp,train_clean_eval_all,ok,False,True,canonical,clean,clean,severity,0.0,0.0,none,0.0,none,0.855634569233478,0.5727363237879628,0.7245581785345717,D:\1.Revolucion\1. Fakulltet\4.1 Semestri\6. Theoretical Graphs\GitHub\fraud-detection-robustness-benchmark\runs\gfd_robustness_benchmark_v3\graphs\base\yelpchi\s0\graph.bin,D:\1.Revolucion\1. Fakulltet\4.1 Semestri\6. Theoretical Graphs\GitHub\fraud-detection-robustness-benchmark\runs\gfd_robustness_benchmark_v3\graphs\base\yelpchi\s0\graph.bin,45954,8051348,0.2268800139427185,0.14529746770858765,0.2268800139427185,0.2268800139427185,,,,,,
gfd_robustness_benchmark_v3,yelpchi,s0,heterophily_rewire_oracle,0.15,0,0,pmp,train_clean_eval_all,ok,True,True,heterograph_aware_generation,heterophily,rewire_edge_dst_to_opposite_label,p_rewire,0.15,1207702.0,edges_selected,1207702.0,edges_changed,0.7975339775197569,0.4488794223798801,0.6733932323006884,D:\1.Revolucion\1. Fakulltet\4.1 Semestri\6. Theoretical Graphs\GitHub\fraud-detection-robustness-benchmark\runs\gfd_robustness_benchmark_v3\graphs\base\yelpchi\s0\graph.bin,D:\1.Revolucion\1. Fakulltet\4.1 Semestri\6. Theoretical Graphs\GitHub\fraud-detection-robustness-benchmark\runs\gfd_robustness_benchmark_v3\graphs\variants\yelpchi\s0\heterophily_rewire_oracle\0.15\seed_0\graph.bin,45954,8051348,0.3428065776824951,0.14529746770858765,0.22688002058785683,0.34280657102388323,,,,,,1207702.0
gfd_robustness_benchmark_v3,yelpchi,s0,heterophily_rewire_oracle,0.15,1,0,pmp,train_clean_eval_all,ok,True,True,heterograph_aware_generation,heterophily,rewire_edge_dst_to_opposite_label,p_rewire,0.15,1207702.0,edges_selected,1207702.0,edges_changed,0.7927660582285022,0.4488849845581915,0.6719841099265573,D:\1.Revolucion\1. Fakulltet\4.1 Semestri\6. Theoretical Graphs\GitHub\fraud-detection-robustness-benchmark\runs\gfd_robustness_benchmark_v3\graphs\base\yelpchi\s0\graph.bin,D:\1.Revolucion\1. Fakulltet\4.1 Semestri\6. Theoretical Graphs\GitHub\fraud-detection-robustness-benchmark\runs\gfd_robustness_benchmark_v3\graphs\variants\yelpchi\s0\heterophily_rewire_oracle\0.15\seed_1\graph.bin,45954,8051348,0.3428649604320526,0.14529746770858765,0.22688002058785683,0.3428649463419045,,,,,,1207702.0
gfd_robustness_benchmark_v3,yelpchi,s0,heterophily_rewire_oracle,0.3,0,0,pmp,train_clean_eval_all,ok,True,True,heterograph_aware_generation,heterophily,rewire_edge_dst_to_opposite_label,p_rewire,0.3,2415404.0,edges_selected,2415404.0,edges_changed,0.7728358559421381,0.4144629831676857,0.6570182018066573,D:\1.Revolucion\1. Fakulltet\4.1 Semestri\6. Theoretical Graphs\GitHub\fraud-detection-robustness-benchmark\runs\gfd_robustness_benchmark_v3\graphs\base\yelpchi\s0\graph.bin,D:\1.Revolucion\1. Fakulltet\4.1 Semestri\6. Theoretical Graphs\GitHub\fraud-detection-robustness-benchmark\runs\gfd_robustness_benchmark_v3\graphs\variants\yelpchi\s0\heterophily_rewire_oracle\0.30\seed_0\graph.bin,45954,8051348,0.4589143395423889,0.14529746770858765,0.22688002058785683,0.45891433335138415,,,,,,2415404.0
gfd_robustness_benchmark_v3,yelpchi,s0,heterophily_rewire_oracle,0.3,1,0,pmp,train_clean_eval_all,ok,True,True,heterograph_aware_generation,heterophily,rewire_edge_dst_to_opposite_label,p_rewire,0.3,2415404.0,edges_selected,2415404.0,edges_changed,0.7701656815569472,0.41122344698242513,0.6526073488441353,D:\1.Revolucion\1. Fakulltet\4.1 Semestri\6. Theoretical Graphs\GitHub\fraud-detection-robustness-benchmark\runs\gfd_robustness_benchmark_v3\graphs\base\yelpchi\s0\graph.bin,D:\1.Revolucion\1. Fakulltet\4.1 Semestri\6. Theoretical Graphs\GitHub\fraud-detection-robustness-benchmark\runs\gfd_robustness_benchmark_v3\graphs\variants\yelpchi\s0\heterophily_rewire_oracle\0.30\seed_1\graph.bin,45954,8051348,0.45888352394104004,0.14529746770858765,0.22688002058785683,0.4588835310559176,,,,,,2415404.0
gfd_robustness_benchmark_v3,yelpchi,s0,heterophily_rewire_nonoracle,0.15,0,0,pmp,train_clean_eval_all,ok,False,True,heterograph_aware_generation,heterophily,rewire_edge_dst_to_feature_pseudo_opposite_label,p_rewire,0.15,1207702.0,edges_selected,1207702.0,edges_changed,0.8361795653537629,0.5248966205083341,0.705551444376588,D:\1.Revolucion\1. Fakulltet\4.1 Semestri\6. Theoretical Graphs\GitHub\fraud-detection-robustness-benchmark\runs\gfd_robustness_benchmark_v3\graphs\base\yelpchi\s0\graph.bin,D:\1.Revolucion\1. Fakulltet\4.1 Semestri\6. Theoretical Graphs\GitHub\fraud-detection-robustness-benchmark\runs\gfd_robustness_benchmark_v3\graphs\variants\yelpchi\s0\heterophily_rewire_nonoracle\0.15\seed_0\graph.bin,45954,8051348,0.22934718430042267,0.14529746770858765,0.22688002058785683,0.2293471850924839,,,,,,1207702.0
gfd_robustness_benchmark_v3,yelpchi,s0,heterophily_rewire_nonoracle,0.15,1,0,pmp,train_clean_eval_all,ok,False,True,heterograph_aware_generation,heterophily,rewire_edge_dst_to_feature_pseudo_opposite_label,p_rewire,0.15,1207702.0,edges_selected,1207702.0,edges_changed,0.8363928210597644,0.5231199353173079,0.7101529706167258,D:\1.Revolucion\1. Fakulltet\4.1 Semestri\6. Theoretical Graphs\GitHub\fraud-detection-robustness-benchmark\runs\gfd_robustness_benchmark_v3\graphs\base\yelpchi\s0\graph.bin,D:\1.Revolucion\1. Fakulltet\4.1 Semestri\6. Theoretical Graphs\GitHub\fraud-detection-robustness-benchmark\runs\gfd_robustness_benchmark_v3\graphs\variants\yelpchi\s0\heterophily_rewire_nonoracle\0.15\seed_1\graph.bin,45954,8051348,0.22980810701847076,0.14529746770858765,0.22688002058785683,0.2298081016992434,,,,,,1207702.0
gfd_robustness_benchmark_v3,yelpchi,s0,heterophily_rewire_nonoracle,0.3,0,0,pmp,train_clean_eval_all,ok,False,True,heterograph_aware_generation,heterophily,rewire_edge_dst_to_feature_pseudo_opposite_label,p_rewire,0.3,2415404.0,edges_selected,2415404.0,edges_changed,0.824674797553569,0.5086950263666452,0.6989788633509822,D:\1.Revolucion\1. Fakulltet\4.1 Semestri\6. Theoretical Graphs\GitHub\fraud-detection-robustness-benchmark\runs\gfd_robustness_benchmark_v3\graphs\base\yelpchi\s0\graph.bin,D:\1.Revolucion\1. Fakulltet\4.1 Semestri\6. Theoretical Graphs\GitHub\fraud-detection-robustness-benchmark\runs\gfd_robustness_benchmark_v3\graphs\variants\yelpchi\s0\heterophily_rewire_nonoracle\0.30\seed_0\graph.bin,45954,8051348,0.23191048204898834,0.14529746770858765,0.22688002058785683,0.2319104825676396,,,,,,2415404.0
gfd_robustness_benchmark_v3,yelpchi,s0,heterophily_rewire_nonoracle,0.3,1,0,pmp,train_clean_eval_all,ok,False,True,heterograph_aware_generation,heterophily,rewire_edge_dst_to_feature_pseudo_opposite_label,p_rewire,0.3,2415404.0,edges_selected,2415404.0,edges_changed,0.8229755166347549,0.5039595709891166,0.7012659226902197,D:\1.Revolucion\1. Fakulltet\4.1 Semestri\6. Theoretical Graphs\GitHub\fraud-detection-robustness-benchmark\runs\gfd_robustness_benchmark_v3\graphs\base\yelpchi\s0\graph.bin,D:\1.Revolucion\1. Fakulltet\4.1 Semestri\6. Theoretical Graphs\GitHub\fraud-detection-robustness-benchmark\runs\gfd_robustness_benchmark_v3\graphs\variants\yelpchi\s0\heterophily_rewire_nonoracle\0.30\seed_1\graph.bin,45954,8051348,0.23212037980556488,0.14529746770858765,0.22688002058785683,0.23212038530690762,,,,,,2415404.0
gfd_robustness_benchmark_v3,yelpchi,s0,camouflage_feature_oracle,0.15,0,0,pmp,train_clean_eval_all,ok,True,True,canonical,camouflage_feature,replace_fraud_features_with_normal_features,p_cam_feat,0.15,1001.0,nodes_selected,1001.0,nodes_changed,0.817020458827762,0.5236645786698247,0.70294806841015,D:\1.Revolucion\1. Fakulltet\4.1 Semestri\6. Theoretical Graphs\GitHub\fraud-detection-robustness-benchmark\runs\gfd_robustness_benchmark_v3\graphs\base\yelpchi\s0\graph.bin,D:\1.Revolucion\1. Fakulltet\4.1 Semestri\6. Theoretical Graphs\GitHub\fraud-detection-robustness-benchmark\runs\gfd_robustness_benchmark_v3\graphs\variants\yelpchi\s0\camouflage_feature_oracle\0.15\seed_0\graph.bin,45954,8051348,0.2268800139427185,0.14529746770858765,0.2268800139427185,0.2268800139427185,0.8420453071594238,1.0,,,,
gfd_robustness_benchmark_v3,yelpchi,s0,camouflage_feature_oracle,0.15,1,0,pmp,train_clean_eval_all,ok,True,True,canonical,camouflage_feature,replace_fraud_features_with_normal_features,p_cam_feat,0.15,1001.0,nodes_selected,1001.0,nodes_changed,0.8074998527956816,0.5155532776703623,0.700833345097098,D:\1.Revolucion\1. Fakulltet\4.1 Semestri\6. Theoretical Graphs\GitHub\fraud-detection-robustness-benchmark\runs\gfd_robustness_benchmark_v3\graphs\base\yelpchi\s0\graph.bin,D:\1.Revolucion\1. Fakulltet\4.1 Semestri\6. Theoretical Graphs\GitHub\fraud-detection-robustness-benchmark\runs\gfd_robustness_benchmark_v3\graphs\variants\yelpchi\s0\camouflage_feature_oracle\0.15\seed_1\graph.bin,45954,8051348,0.2268800139427185,0.14529746770858765,0.2268800139427185,0.2268800139427185,0.8415582180023193,1.0,,,,
gfd_robustness_benchmark_v3,yelpchi,s0,camouflage_feature_oracle,0.3,0,0,pmp,train_clean_eval_all,ok,True,True,canonical,camouflage_feature,replace_fraud_features_with_normal_features,p_cam_feat,0.3,2003.0,nodes_selected,2003.0,nodes_changed,0.7703782226788785,0.4599308172304599,0.675130510592052,D:\1.Revolucion\1. Fakulltet\4.1 Semestri\6. Theoretical Graphs\GitHub\fraud-detection-robustness-benchmark\runs\gfd_robustness_benchmark_v3\graphs\base\yelpchi\s0\graph.bin,D:\1.Revolucion\1. Fakulltet\4.1 Semestri\6. Theoretical Graphs\GitHub\fraud-detection-robustness-benchmark\runs\gfd_robustness_benchmark_v3\graphs\variants\yelpchi\s0\camouflage_feature_oracle\0.30\seed_0\graph.bin,45954,8051348,0.2268800139427185,0.14529746770858765,0.2268800139427185,0.2268800139427185,0.8398500084877014,1.0,,,,
gfd_robustness_benchmark_v3,yelpchi,s0,camouflage_feature_oracle,0.3,1,0,pmp,train_clean_eval_all,ok,True,True,canonical,camouflage_feature,replace_fraud_features_with_normal_features,p_cam_feat,0.3,2003.0,nodes_selected,2003.0,nodes_changed,0.7697246521785858,0.4592532905281742,0.673077955193492,D:\1.Revolucion\1. Fakulltet\4.1 Semestri\6. Theoretical Graphs\GitHub\fraud-detection-robustness-benchmark\runs\gfd_robustness_benchmark_v3\graphs\base\yelpchi\s0\graph.bin,D:\1.Revolucion\1. Fakulltet\4.1 Semestri\6. Theoretical Graphs\GitHub\fraud-detection-robustness-benchmark\runs\gfd_robustness_benchmark_v3\graphs\variants\yelpchi\s0\camouflage_feature_oracle\0.30\seed_1\graph.bin,45954,8051348,0.2268800139427185,0.14529746770858765,0.2268800139427185,0.2268800139427185,0.8397719860076904,1.0,,,,
gfd_robustness_benchmark_v3,yelpchi,s0,camouflage_relation_oracle,0.15,0,0,pmp,train_clean_eval_all,ok,True,True,heterograph_aware_generation,camouflage_relation,add_relation_camouflage_edges,p_cam_rel,0.15,1001.0,nodes_selected,1001.0,nodes_changed,0.8575642439662426,0.5814738398503083,0.728030399009362,D:\1.Revolucion\1. Fakulltet\4.1 Semestri\6. Theoretical Graphs\GitHub\fraud-detection-robustness-benchmark\runs\gfd_robustness_benchmark_v3\graphs\base\yelpchi\s0\graph.bin,D:\1.Revolucion\1. Fakulltet\4.1 Semestri\6. Theoretical Graphs\GitHub\fraud-detection-robustness-benchmark\runs\gfd_robustness_benchmark_v3\graphs\variants\yelpchi\s0\camouflage_relation_oracle\0.15\seed_0\graph.bin,45954,8052349,0.2271004468202591,0.14529746770858765,0.2268800139427185,0.2271004468202591,,,0.818657096523017,0.8255398405215063,,
gfd_robustness_benchmark_v3,yelpchi,s0,camouflage_relation_oracle,0.15,1,0,pmp,train_clean_eval_all,ok,True,True,heterograph_aware_generation,camouflage_relation,add_relation_camouflage_edges,p_cam_rel,0.15,1001.0,nodes_selected,1001.0,nodes_changed,0.8567264775121346,0.5777651775297977,0.7271830820980201,D:\1.Revolucion\1. Fakulltet\4.1 Semestri\6. Theoretical Graphs\GitHub\fraud-detection-robustness-benchmark\runs\gfd_robustness_benchmark_v3\graphs\base\yelpchi\s0\graph.bin,D:\1.Revolucion\1. Fakulltet\4.1 Semestri\6. Theoretical Graphs\GitHub\fraud-detection-robustness-benchmark\runs\gfd_robustness_benchmark_v3\graphs\variants\yelpchi\s0\camouflage_relation_oracle\0.15\seed_1\graph.bin,45954,8052349,0.2271004468202591,0.14529746770858765,0.2268800139427185,0.2271004468202591,,,0.8100625134226824,0.8169363588098151,,
gfd_robustness_benchmark_v3,yelpchi,s0,camouflage_relation_oracle,0.3,0,0,pmp,train_clean_eval_all,ok,True,True,heterograph_aware_generation,camouflage_relation,add_relation_camouflage_edges,p_cam_rel,0.3,2003.0,nodes_selected,2003.0,nodes_changed,0.8558561379341623,0.5728697723060117,0.7282359693804811,D:\1.Revolucion\1. Fakulltet\4.1 Semestri\6. Theoretical Graphs\GitHub\fraud-detection-robustness-benchmark\runs\gfd_robustness_benchmark_v3\graphs\base\yelpchi\s0\graph.bin,D:\1.Revolucion\1. Fakulltet\4.1 Semestri\6. Theoretical Graphs\GitHub\fraud-detection-robustness-benchmark\runs\gfd_robustness_benchmark_v3\graphs\variants\yelpchi\s0\camouflage_relation_oracle\0.30\seed_0\graph.bin,45954,8053351,0.22732102870941162,0.14529746770858765,0.2268800139427185,0.22732102870941162,,,0.8160293240628954,0.8228883464257205,,
gfd_robustness_benchmark_v3,yelpchi,s0,camouflage_relation_oracle,0.3,1,0,pmp,train_clean_eval_all,ok,True,True,heterograph_aware_generation,camouflage_relation,add_relation_camouflage_edges,p_cam_rel,0.3,2003.0,nodes_selected,2003.0,nodes_changed,0.854758215239582,0.5758695358646528,0.7245956709311218,D:\1.Revolucion\1. Fakulltet\4.1 Semestri\6. Theoretical Graphs\GitHub\fraud-detection-robustness-benchmark\runs\gfd_robustness_benchmark_v3\graphs\base\yelpchi\s0\graph.bin,D:\1.Revolucion\1. Fakulltet\4.1 Semestri\6. Theoretical Graphs\GitHub\fraud-detection-robustness-benchmark\runs\gfd_robustness_benchmark_v3\graphs\variants\yelpchi\s0\camouflage_relation_oracle\0.30\seed_1\graph.bin,45954,8053351,0.22732102870941162,0.14529746770858765,0.2268800139427185,0.22732102870941162,,,0.8136354912526759,0.8206106646158543,,
gfd_robustness_benchmark_v3,yelpchi,s0,noise_edges_uniform,0.1,0,0,pmp,train_clean_eval_all,ok,False,True,heterograph_aware_generation,noise,add_random_edges,edge_noise_rate,0.1,805134.0,edges_requested,805134.0,edges_added,0.8449516207528934,0.5464065232351007,0.7171427372293957,D:\1.Revolucion\1. Fakulltet\4.1 Semestri\6. Theoretical Graphs\GitHub\fraud-detection-robustness-benchmark\runs\gfd_robustness_benchmark_v3\graphs\base\yelpchi\s0\graph.bin,D:\1.Revolucion\1. Fakulltet\4.1 Semestri\6. Theoretical Graphs\GitHub\fraud-detection-robustness-benchmark\runs\gfd_robustness_benchmark_v3\graphs\variants\yelpchi\s0\noise_edges_uniform\0.10\seed_0\graph.bin,45954,8856482,0.2288200855255127,0.14529746770858765,0.2268800139427185,0.2288200855255127,,,,,805134.0,
gfd_robustness_benchmark_v3,yelpchi,s0,noise_edges_uniform,0.1,1,0,pmp,train_clean_eval_all,ok,False,True,heterograph_aware_generation,noise,add_random_edges,edge_noise_rate,0.1,805134.0,edges_requested,805134.0,edges_added,0.8469692488749588,0.5475067563070981,0.7192239217731664,D:\1.Revolucion\1. Fakulltet\4.1 Semestri\6. Theoretical Graphs\GitHub\fraud-detection-robustness-benchmark\runs\gfd_robustness_benchmark_v3\graphs\base\yelpchi\s0\graph.bin,D:\1.Revolucion\1. Fakulltet\4.1 Semestri\6. Theoretical Graphs\GitHub\fraud-detection-robustness-benchmark\runs\gfd_robustness_benchmark_v3\graphs\variants\yelpchi\s0\noise_edges_uniform\0.10\seed_1\graph.bin,45954,8856482,0.22885102033615112,0.14529746770858765,0.2268800139427185,0.22885102033615112,,,,,805134.0,
gfd_robustness_benchmark_v3,yelpchi,s0,noise_edges_uniform,0.2,0,0,pmp,train_clean_eval_all,ok,False,True,heterograph_aware_generation,noise,add_random_edges,edge_noise_rate,0.2,1610269.0,edges_requested,1610269.0,edges_added,0.8360316940901801,0.524167942025913,0.7096350905045666,D:\1.Revolucion\1. Fakulltet\4.1 Semestri\6. Theoretical Graphs\GitHub\fraud-detection-robustness-benchmark\runs\gfd_robustness_benchmark_v3\graphs\base\yelpchi\s0\graph.bin,D:\1.Revolucion\1. Fakulltet\4.1 Semestri\6. Theoretical Graphs\GitHub\fraud-detection-robustness-benchmark\runs\gfd_robustness_benchmark_v3\graphs\variants\yelpchi\s0\noise_edges_uniform\0.20\seed_0\graph.bin,45954,9661617,0.23043088614940643,0.14529746770858765,0.2268800139427185,0.23043088614940643,,,,,1610269.0,
gfd_robustness_benchmark_v3,yelpchi,s0,noise_edges_uniform,0.2,1,0,pmp,train_clean_eval_all,ok,False,True,heterograph_aware_generation,noise,add_random_edges,edge_noise_rate,0.2,1610269.0,edges_requested,1610269.0,edges_added,0.837696698793096,0.5287557792794934,0.7102329011564453,D:\1.Revolucion\1. Fakulltet\4.1 Semestri\6. Theoretical Graphs\GitHub\fraud-detection-robustness-benchmark\runs\gfd_robustness_benchmark_v3\graphs\base\yelpchi\s0\graph.bin,D:\1.Revolucion\1. Fakulltet\4.1 Semestri\6. Theoretical Graphs\GitHub\fraud-detection-robustness-benchmark\runs\gfd_robustness_benchmark_v3\graphs\variants\yelpchi\s0\noise_edges_uniform\0.20\seed_1\graph.bin,45954,9661617,0.23036205768585205,0.14529746770858765,0.2268800139427185,0.23036205768585205,,,,,1610269.0,
gfd_robustness_benchmark_v3,yelpchi,s0,clean,0.0,717,1,pmp,train_clean_eval_all,ok,False,True,canonical,clean,clean,severity,0.0,0.0,none,0.0,none,0.8401183051094857,0.5354026119560915,0.7136186195079943,D:\1.Revolucion\1. Fakulltet\4.1 Semestri\6. Theoretical Graphs\GitHub\fraud-detection-robustness-benchmark\runs\gfd_robustness_benchmark_v3\graphs\base\yelpchi\s0\graph.bin,D:\1.Revolucion\1. Fakulltet\4.1 Semestri\6. Theoretical Graphs\GitHub\fraud-detection-robustness-benchmark\runs\gfd_robustness_benchmark_v3\graphs\base\yelpchi\s0\graph.bin,45954,8051348,0.2268800139427185,0.14529746770858765,0.2268800139427185,0.2268800139427185,,,,,,
gfd_robustness_benchmark_v3,yelpchi,s0,heterophily_rewire_oracle,0.15,0,1,pmp,train_clean_eval_all,ok,True,True,heterograph_aware_generation,heterophily,rewire_edge_dst_to_opposite_label,p_rewire,0.15,1207702.0,edges_selected,1207702.0,edges_changed,0.7809291755719722,0.40972548509319195,0.6577132137737163,D:\1.Revolucion\1. Fakulltet\4.1 Semestri\6. Theoretical Graphs\GitHub\fraud-detection-robustness-benchmark\runs\gfd_robustness_benchmark_v3\graphs\base\yelpchi\s0\graph.bin,D:\1.Revolucion\1. Fakulltet\4.1 Semestri\6. Theoretical Graphs\GitHub\fraud-detection-robustness-benchmark\runs\gfd_robustness_benchmark_v3\graphs\variants\yelpchi\s0\heterophily_rewire_oracle\0.15\seed_0\graph.bin,45954,8051348,0.3428065776824951,0.14529746770858765,0.22688002058785683,0.34280657102388323,,,,,,1207702.0
gfd_robustness_benchmark_v3,yelpchi,s0,heterophily_rewire_oracle,0.15,1,1,pmp,train_clean_eval_all,ok,True,True,heterograph_aware_generation,heterophily,rewire_edge_dst_to_opposite_label,p_rewire,0.15,1207702.0,edges_selected,1207702.0,edges_changed,0.778630072784675,0.4004001082892507,0.6566437123108195,D:\1.Revolucion\1. Fakulltet\4.1 Semestri\6. Theoretical Graphs\GitHub\fraud-detection-robustness-benchmark\runs\gfd_robustness_benchmark_v3\graphs\base\yelpchi\s0\graph.bin,D:\1.Revolucion\1. Fakulltet\4.1 Semestri\6. Theoretical Graphs\GitHub\fraud-detection-robustness-benchmark\runs\gfd_robustness_benchmark_v3\graphs\variants\yelpchi\s0\heterophily_rewire_oracle\0.15\seed_1\graph.bin,45954,8051348,0.3428649604320526,0.14529746770858765,0.22688002058785683,0.3428649463419045,,,,,,1207702.0
gfd_robustness_benchmark_v3,yelpchi,s0,heterophily_rewire_oracle,0.3,0,1,pmp,train_clean_eval_all,ok,True,True,heterograph_aware_generation,heterophily,rewire_edge_dst_to_opposite_label,p_rewire,0.3,2415404.0,edges_selected,2415404.0,edges_changed,0.7587895269796456,0.36499828573358556,0.6385045578508786,D:\1.Revolucion\1. Fakulltet\4.1 Semestri\6. Theoretical Graphs\GitHub\fraud-detection-robustness-benchmark\runs\gfd_robustness_benchmark_v3\graphs\base\yelpchi\s0\graph.bin,D:\1.Revolucion\1. Fakulltet\4.1 Semestri\6. Theoretical Graphs\GitHub\fraud-detection-robustness-benchmark\runs\gfd_robustness_benchmark_v3\graphs\variants\yelpchi\s0\heterophily_rewire_oracle\0.30\seed_0\graph.bin,45954,8051348,0.4589143395423889,0.14529746770858765,0.22688002058785683,0.45891433335138415,,,,,,2415404.0
gfd_robustness_benchmark_v3,yelpchi,s0,heterophily_rewire_oracle,0.3,1,1,pmp,train_clean_eval_all,ok,True,True,heterograph_aware_generation,heterophily,rewire_edge_dst_to_opposite_label,p_rewire,0.3,2415404.0,edges_selected,2415404.0,edges_changed,0.755499439003866,0.3681745388865836,0.6412766567702957,D:\1.Revolucion\1. Fakulltet\4.1 Semestri\6. Theoretical Graphs\GitHub\fraud-detection-robustness-benchmark\runs\gfd_robustness_benchmark_v3\graphs\base\yelpchi\s0\graph.bin,D:\1.Revolucion\1. Fakulltet\4.1 Semestri\6. Theoretical Graphs\GitHub\fraud-detection-robustness-benchmark\runs\gfd_robustness_benchmark_v3\graphs\variants\yelpchi\s0\heterophily_rewire_oracle\0.30\seed_1\graph.bin,45954,8051348,0.45888352394104004,0.14529746770858765,0.22688002058785683,0.4588835310559176,,,,,,2415404.0
gfd_robustness_benchmark_v3,yelpchi,s0,heterophily_rewire_nonoracle,0.15,0,1,pmp,train_clean_eval_all,ok,False,True,heterograph_aware_generation,heterophily,rewire_edge_dst_to_feature_pseudo_opposite_label,p_rewire,0.15,1207702.0,edges_selected,1207702.0,edges_changed,0.8208020615464591,0.49473040574097865,0.6931713633662375,D:\1.Revolucion\1. Fakulltet\4.1 Semestri\6. Theoretical Graphs\GitHub\fraud-detection-robustness-benchmark\runs\gfd_robustness_benchmark_v3\graphs\base\yelpchi\s0\graph.bin,D:\1.Revolucion\1. Fakulltet\4.1 Semestri\6. Theoretical Graphs\GitHub\fraud-detection-robustness-benchmark\runs\gfd_robustness_benchmark_v3\graphs\variants\yelpchi\s0\heterophily_rewire_nonoracle\0.15\seed_0\graph.bin,45954,8051348,0.22934718430042267,0.14529746770858765,0.22688002058785683,0.2293471850924839,,,,,,1207702.0
gfd_robustness_benchmark_v3,yelpchi,s0,heterophily_rewire_nonoracle,0.15,1,1,pmp,train_clean_eval_all,ok,False,True,heterograph_aware_generation,heterophily,rewire_edge_dst_to_feature_pseudo_opposite_label,p_rewire,0.15,1207702.0,edges_selected,1207702.0,edges_changed,0.8256265044376624,0.49699590873931043,0.6984421531464713,D:\1.Revolucion\1. Fakulltet\4.1 Semestri\6. Theoretical Graphs\GitHub\fraud-detection-robustness-benchmark\runs\gfd_robustness_benchmark_v3\graphs\base\yelpchi\s0\graph.bin,D:\1.Revolucion\1. Fakulltet\4.1 Semestri\6. Theoretical Graphs\GitHub\fraud-detection-robustness-benchmark\runs\gfd_robustness_benchmark_v3\graphs\variants\yelpchi\s0\heterophily_rewire_nonoracle\0.15\seed_1\graph.bin,45954,8051348,0.22980810701847076,0.14529746770858765,0.22688002058785683,0.2298081016992434,,,,,,1207702.0
gfd_robustness_benchmark_v3,yelpchi,s0,heterophily_rewire_nonoracle,0.3,0,1,pmp,train_clean_eval_all,ok,False,True,heterograph_aware_generation,heterophily,rewire_edge_dst_to_feature_pseudo_opposite_label,p_rewire,0.3,2415404.0,edges_selected,2415404.0,edges_changed,0.8116969980609047,0.4754066518892254,0.6863670465517573,D:\1.Revolucion\1. Fakulltet\4.1 Semestri\6. Theoretical Graphs\GitHub\fraud-detection-robustness-benchmark\runs\gfd_robustness_benchmark_v3\graphs\base\yelpchi\s0\graph.bin,D:\1.Revolucion\1. Fakulltet\4.1 Semestri\6. Theoretical Graphs\GitHub\fraud-detection-robustness-benchmark\runs\gfd_robustness_benchmark_v3\graphs\variants\yelpchi\s0\heterophily_rewire_nonoracle\0.30\seed_0\graph.bin,45954,8051348,0.23191048204898834,0.14529746770858765,0.22688002058785683,0.2319104825676396,,,,,,2415404.0
gfd_robustness_benchmark_v3,yelpchi,s0,heterophily_rewire_nonoracle,0.3,1,1,pmp,train_clean_eval_all,ok,False,True,heterograph_aware_generation,heterophily,rewire_edge_dst_to_feature_pseudo_opposite_label,p_rewire,0.3,2415404.0,edges_selected,2415404.0,edges_changed,0.813591848729984,0.4727658482656904,0.6838022282777975,D:\1.Revolucion\1. Fakulltet\4.1 Semestri\6. Theoretical Graphs\GitHub\fraud-detection-robustness-benchmark\runs\gfd_robustness_benchmark_v3\graphs\base\yelpchi\s0\graph.bin,D:\1.Revolucion\1. Fakulltet\4.1 Semestri\6. Theoretical Graphs\GitHub\fraud-detection-robustness-benchmark\runs\gfd_robustness_benchmark_v3\graphs\variants\yelpchi\s0\heterophily_rewire_nonoracle\0.30\seed_1\graph.bin,45954,8051348,0.23212037980556488,0.14529746770858765,0.22688002058785683,0.23212038530690762,,,,,,2415404.0
gfd_robustness_benchmark_v3,yelpchi,s0,camouflage_feature_oracle,0.15,0,1,pmp,train_clean_eval_all,ok,True,True,canonical,camouflage_feature,replace_fraud_features_with_normal_features,p_cam_feat,0.15,1001.0,nodes_selected,1001.0,nodes_changed,0.8010807083643304,0.4856504122481739,0.6961666063999029,D:\1.Revolucion\1. Fakulltet\4.1 Semestri\6. Theoretical Graphs\GitHub\fraud-detection-robustness-benchmark\runs\gfd_robustness_benchmark_v3\graphs\base\yelpchi\s0\graph.bin,D:\1.Revolucion\1. Fakulltet\4.1 Semestri\6. Theoretical Graphs\GitHub\fraud-detection-robustness-benchmark\runs\gfd_robustness_benchmark_v3\graphs\variants\yelpchi\s0\camouflage_feature_oracle\0.15\seed_0\graph.bin,45954,8051348,0.2268800139427185,0.14529746770858765,0.2268800139427185,0.2268800139427185,0.8420453071594238,1.0,,,,
gfd_robustness_benchmark_v3,yelpchi,s0,camouflage_feature_oracle,0.15,1,1,pmp,train_clean_eval_all,ok,True,True,canonical,camouflage_feature,replace_fraud_features_with_normal_features,p_cam_feat,0.15,1001.0,nodes_selected,1001.0,nodes_changed,0.7976378780435565,0.4862517977524901,0.6936335887799882,D:\1.Revolucion\1. Fakulltet\4.1 Semestri\6. Theoretical Graphs\GitHub\fraud-detection-robustness-benchmark\runs\gfd_robustness_benchmark_v3\graphs\base\yelpchi\s0\graph.bin,D:\1.Revolucion\1. Fakulltet\4.1 Semestri\6. Theoretical Graphs\GitHub\fraud-detection-robustness-benchmark\runs\gfd_robustness_benchmark_v3\graphs\variants\yelpchi\s0\camouflage_feature_oracle\0.15\seed_1\graph.bin,45954,8051348,0.2268800139427185,0.14529746770858765,0.2268800139427185,0.2268800139427185,0.8415582180023193,1.0,,,,
gfd_robustness_benchmark_v3,yelpchi,s0,camouflage_feature_oracle,0.3,0,1,pmp,train_clean_eval_all,ok,True,True,canonical,camouflage_feature,replace_fraud_features_with_normal_features,p_cam_feat,0.3,2003.0,nodes_selected,2003.0,nodes_changed,0.7606140387567533,0.43129211499495274,0.6698926319936958,D:\1.Revolucion\1. Fakulltet\4.1 Semestri\6. Theoretical Graphs\GitHub\fraud-detection-robustness-benchmark\runs\gfd_robustness_benchmark_v3\graphs\base\yelpchi\s0\graph.bin,D:\1.Revolucion\1. Fakulltet\4.1 Semestri\6. Theoretical Graphs\GitHub\fraud-detection-robustness-benchmark\runs\gfd_robustness_benchmark_v3\graphs\variants\yelpchi\s0\camouflage_feature_oracle\0.30\seed_0\graph.bin,45954,8051348,0.2268800139427185,0.14529746770858765,0.2268800139427185,0.2268800139427185,0.8398500084877014,1.0,,,,
gfd_robustness_benchmark_v3,yelpchi,s0,camouflage_feature_oracle,0.3,1,1,pmp,train_clean_eval_all,ok,True,True,canonical,camouflage_feature,replace_fraud_features_with_normal_features,p_cam_feat,0.3,2003.0,nodes_selected,2003.0,nodes_changed,0.7598382862901997,0.4313516429043596,0.6649635144032717,D:\1.Revolucion\1. Fakulltet\4.1 Semestri\6. Theoretical Graphs\GitHub\fraud-detection-robustness-benchmark\runs\gfd_robustness_benchmark_v3\graphs\base\yelpchi\s0\graph.bin,D:\1.Revolucion\1. Fakulltet\4.1 Semestri\6. Theoretical Graphs\GitHub\fraud-detection-robustness-benchmark\runs\gfd_robustness_benchmark_v3\graphs\variants\yelpchi\s0\camouflage_feature_oracle\0.30\seed_1\graph.bin,45954,8051348,0.2268800139427185,0.14529746770858765,0.2268800139427185,0.2268800139427185,0.8397719860076904,1.0,,,,
gfd_robustness_benchmark_v3,yelpchi,s0,camouflage_relation_oracle,0.15,0,1,pmp,train_clean_eval_all,ok,True,True,heterograph_aware_generation,camouflage_relation,add_relation_camouflage_edges,p_cam_rel,0.15,1001.0,nodes_selected,1001.0,nodes_changed,0.841134407928034,0.5397185482615067,0.7145550040720394,D:\1.Revolucion\1. Fakulltet\4.1 Semestri\6. Theoretical Graphs\GitHub\fraud-detection-robustness-benchmark\runs\gfd_robustness_benchmark_v3\graphs\base\yelpchi\s0\graph.bin,D:\1.Revolucion\1. Fakulltet\4.1 Semestri\6. Theoretical Graphs\GitHub\fraud-detection-robustness-benchmark\runs\gfd_robustness_benchmark_v3\graphs\variants\yelpchi\s0\camouflage_relation_oracle\0.15\seed_0\graph.bin,45954,8052349,0.2271004468202591,0.14529746770858765,0.2268800139427185,0.2271004468202591,,,0.818657096523017,0.8255398405215063,,
gfd_robustness_benchmark_v3,yelpchi,s0,camouflage_relation_oracle,0.15,1,1,pmp,train_clean_eval_all,ok,True,True,heterograph_aware_generation,camouflage_relation,add_relation_camouflage_edges,p_cam_rel,0.15,1001.0,nodes_selected,1001.0,nodes_changed,0.8414036632056661,0.5436861245003802,0.7113609160907493,D:\1.Revolucion\1. Fakulltet\4.1 Semestri\6. Theoretical Graphs\GitHub\fraud-detection-robustness-benchmark\runs\gfd_robustness_benchmark_v3\graphs\base\yelpchi\s0\graph.bin,D:\1.Revolucion\1. Fakulltet\4.1 Semestri\6. Theoretical Graphs\GitHub\fraud-detection-robustness-benchmark\runs\gfd_robustness_benchmark_v3\graphs\variants\yelpchi\s0\camouflage_relation_oracle\0.15\seed_1\graph.bin,45954,8052349,0.2271004468202591,0.14529746770858765,0.2268800139427185,0.2271004468202591,,,0.8100625134226824,0.8169363588098151,,
gfd_robustness_benchmark_v3,yelpchi,s0,camouflage_relation_oracle,0.3,0,1,pmp,train_clean_eval_all,ok,True,True,heterograph_aware_generation,camouflage_relation,add_relation_camouflage_edges,p_cam_rel,0.3,2003.0,nodes_selected,2003.0,nodes_changed,0.8432083095456236,0.5421946091596574,0.7142569521093087,D:\1.Revolucion\1. Fakulltet\4.1 Semestri\6. Theoretical Graphs\GitHub\fraud-detection-robustness-benchmark\runs\gfd_robustness_benchmark_v3\graphs\base\yelpchi\s0\graph.bin,D:\1.Revolucion\1. Fakulltet\4.1 Semestri\6. Theoretical Graphs\GitHub\fraud-detection-robustness-benchmark\runs\gfd_robustness_benchmark_v3\graphs\variants\yelpchi\s0\camouflage_relation_oracle\0.30\seed_0\graph.bin,45954,8053351,0.22732102870941162,0.14529746770858765,0.2268800139427185,0.22732102870941162,,,0.8160293240628954,0.8228883464257205,,
gfd_robustness_benchmark_v3,yelpchi,s0,camouflage_relation_oracle,0.3,1,1,pmp,train_clean_eval_all,ok,True,True,heterograph_aware_generation,camouflage_relation,add_relation_camouflage_edges,p_cam_rel,0.3,2003.0,nodes_selected,2003.0,nodes_changed,0.8385665262524848,0.5342744209294481,0.7105142176759526,D:\1.Revolucion\1. Fakulltet\4.1 Semestri\6. Theoretical Graphs\GitHub\fraud-detection-robustness-benchmark\runs\gfd_robustness_benchmark_v3\graphs\base\yelpchi\s0\graph.bin,D:\1.Revolucion\1. Fakulltet\4.1 Semestri\6. Theoretical Graphs\GitHub\fraud-detection-robustness-benchmark\runs\gfd_robustness_benchmark_v3\graphs\variants\yelpchi\s0\camouflage_relation_oracle\0.30\seed_1\graph.bin,45954,8053351,0.22732102870941162,0.14529746770858765,0.2268800139427185,0.22732102870941162,,,0.8136354912526759,0.8206106646158543,,
gfd_robustness_benchmark_v3,yelpchi,s0,noise_edges_uniform,0.1,0,1,pmp,train_clean_eval_all,ok,False,True,heterograph_aware_generation,noise,add_random_edges,edge_noise_rate,0.1,805134.0,edges_requested,805134.0,edges_added,0.8321437493521104,0.5125323769155247,0.7098543744936985,D:\1.Revolucion\1. Fakulltet\4.1 Semestri\6. Theoretical Graphs\GitHub\fraud-detection-robustness-benchmark\runs\gfd_robustness_benchmark_v3\graphs\base\yelpchi\s0\graph.bin,D:\1.Revolucion\1. Fakulltet\4.1 Semestri\6. Theoretical Graphs\GitHub\fraud-detection-robustness-benchmark\runs\gfd_robustness_benchmark_v3\graphs\variants\yelpchi\s0\noise_edges_uniform\0.10\seed_0\graph.bin,45954,8856482,0.2288200855255127,0.14529746770858765,0.2268800139427185,0.2288200855255127,,,,,805134.0,
gfd_robustness_benchmark_v3,yelpchi,s0,noise_edges_uniform,0.1,1,1,pmp,train_clean_eval_all,ok,False,True,heterograph_aware_generation,noise,add_random_edges,edge_noise_rate,0.1,805134.0,edges_requested,805134.0,edges_added,0.8290829356752382,0.5048574860904006,0.7032620397629805,D:\1.Revolucion\1. Fakulltet\4.1 Semestri\6. Theoretical Graphs\GitHub\fraud-detection-robustness-benchmark\runs\gfd_robustness_benchmark_v3\graphs\base\yelpchi\s0\graph.bin,D:\1.Revolucion\1. Fakulltet\4.1 Semestri\6. Theoretical Graphs\GitHub\fraud-detection-robustness-benchmark\runs\gfd_robustness_benchmark_v3\graphs\variants\yelpchi\s0\noise_edges_uniform\0.10\seed_1\graph.bin,45954,8856482,0.22885102033615112,0.14529746770858765,0.2268800139427185,0.22885102033615112,,,,,805134.0,
gfd_robustness_benchmark_v3,yelpchi,s0,noise_edges_uniform,0.2,0,1,pmp,train_clean_eval_all,ok,False,True,heterograph_aware_generation,noise,add_random_edges,edge_noise_rate,0.2,1610269.0,edges_requested,1610269.0,edges_added,0.825051704921369,0.49730568572799033,0.6960692278284368,D:\1.Revolucion\1. Fakulltet\4.1 Semestri\6. Theoretical Graphs\GitHub\fraud-detection-robustness-benchmark\runs\gfd_robustness_benchmark_v3\graphs\base\yelpchi\s0\graph.bin,D:\1.Revolucion\1. Fakulltet\4.1 Semestri\6. Theoretical Graphs\GitHub\fraud-detection-robustness-benchmark\runs\gfd_robustness_benchmark_v3\graphs\variants\yelpchi\s0\noise_edges_uniform\0.20\seed_0\graph.bin,45954,9661617,0.23043088614940643,0.14529746770858765,0.2268800139427185,0.23043088614940643,,,,,1610269.0,
gfd_robustness_benchmark_v3,yelpchi,s0,noise_edges_uniform,0.2,1,1,pmp,train_clean_eval_all,ok,False,True,heterograph_aware_generation,noise,add_random_edges,edge_noise_rate,0.2,1610269.0,edges_requested,1610269.0,edges_added,0.8262316380477335,0.4982798979944898,0.6992783443849829,D:\1.Revolucion\1. Fakulltet\4.1 Semestri\6. Theoretical Graphs\GitHub\fraud-detection-robustness-benchmark\runs\gfd_robustness_benchmark_v3\graphs\base\yelpchi\s0\graph.bin,D:\1.Revolucion\1. Fakulltet\4.1 Semestri\6. Theoretical Graphs\GitHub\fraud-detection-robustness-benchmark\runs\gfd_robustness_benchmark_v3\graphs\variants\yelpchi\s0\noise_edges_uniform\0.20\seed_1\graph.bin,45954,9661617,0.23036205768585205,0.14529746770858765,0.2268800139427185,0.23036205768585205,,,,,1610269.0,
gfd_robustness_benchmark_v3,yelpchi,s0,clean,0.0,717,2,pmp,train_clean_eval_all,ok,False,True,canonical,clean,clean,severity,0.0,0.0,none,0.0,none,0.8479146793289694,0.544988366793722,0.7150218216684736,D:\1.Revolucion\1. Fakulltet\4.1 Semestri\6. Theoretical Graphs\GitHub\fraud-detection-robustness-benchmark\runs\gfd_robustness_benchmark_v3\graphs\base\yelpchi\s0\graph.bin,D:\1.Revolucion\1. Fakulltet\4.1 Semestri\6. Theoretical Graphs\GitHub\fraud-detection-robustness-benchmark\runs\gfd_robustness_benchmark_v3\graphs\base\yelpchi\s0\graph.bin,45954,8051348,0.2268800139427185,0.14529746770858765,0.2268800139427185,0.2268800139427185,,,,,,
gfd_robustness_benchmark_v3,yelpchi,s0,heterophily_rewire_oracle,0.15,0,2,pmp,train_clean_eval_all,ok,True,True,heterograph_aware_generation,heterophily,rewire_edge_dst_to_opposite_label,p_rewire,0.15,1207702.0,edges_selected,1207702.0,edges_changed,0.7910355976247606,0.41878754933711465,0.6630666742326186,D:\1.Revolucion\1. Fakulltet\4.1 Semestri\6. Theoretical Graphs\GitHub\fraud-detection-robustness-benchmark\runs\gfd_robustness_benchmark_v3\graphs\base\yelpchi\s0\graph.bin,D:\1.Revolucion\1. Fakulltet\4.1 Semestri\6. Theoretical Graphs\GitHub\fraud-detection-robustness-benchmark\runs\gfd_robustness_benchmark_v3\graphs\variants\yelpchi\s0\heterophily_rewire_oracle\0.15\seed_0\graph.bin,45954,8051348,0.3428065776824951,0.14529746770858765,0.22688002058785683,0.34280657102388323,,,,,,1207702.0
gfd_robustness_benchmark_v3,yelpchi,s0,heterophily_rewire_oracle,0.15,1,2,pmp,train_clean_eval_all,ok,True,True,heterograph_aware_generation,heterophily,rewire_edge_dst_to_opposite_label,p_rewire,0.15,1207702.0,edges_selected,1207702.0,edges_changed,0.7887473088763918,0.41541557489573994,0.6617897809201208,D:\1.Revolucion\1. Fakulltet\4.1 Semestri\6. Theoretical Graphs\GitHub\fraud-detection-robustness-benchmark\runs\gfd_robustness_benchmark_v3\graphs\base\yelpchi\s0\graph.bin,D:\1.Revolucion\1. Fakulltet\4.1 Semestri\6. Theoretical Graphs\GitHub\fraud-detection-robustness-benchmark\runs\gfd_robustness_benchmark_v3\graphs\variants\yelpchi\s0\heterophily_rewire_oracle\0.15\seed_1\graph.bin,45954,8051348,0.3428649604320526,0.14529746770858765,0.22688002058785683,0.3428649463419045,,,,,,1207702.0
gfd_robustness_benchmark_v3,yelpchi,s0,heterophily_rewire_oracle,0.3,0,2,pmp,train_clean_eval_all,ok,True,True,heterograph_aware_generation,heterophily,rewire_edge_dst_to_opposite_label,p_rewire,0.3,2415404.0,edges_selected,2415404.0,edges_changed,0.7695733151822628,0.37968774904633895,0.6504347841162221,D:\1.Revolucion\1. Fakulltet\4.1 Semestri\6. Theoretical Graphs\GitHub\fraud-detection-robustness-benchmark\runs\gfd_robustness_benchmark_v3\graphs\base\yelpchi\s0\graph.bin,D:\1.Revolucion\1. Fakulltet\4.1 Semestri\6. Theoretical Graphs\GitHub\fraud-detection-robustness-benchmark\runs\gfd_robustness_benchmark_v3\graphs\variants\yelpchi\s0\heterophily_rewire_oracle\0.30\seed_0\graph.bin,45954,8051348,0.4589143395423889,0.14529746770858765,0.22688002058785683,0.45891433335138415,,,,,,2415404.0
gfd_robustness_benchmark_v3,yelpchi,s0,heterophily_rewire_oracle,0.3,1,2,pmp,train_clean_eval_all,ok,True,True,heterograph_aware_generation,heterophily,rewire_edge_dst_to_opposite_label,p_rewire,0.3,2415404.0,edges_selected,2415404.0,edges_changed,0.769439926155835,0.3804964194484823,0.6462629597377751,D:\1.Revolucion\1. Fakulltet\4.1 Semestri\6. Theoretical Graphs\GitHub\fraud-detection-robustness-benchmark\runs\gfd_robustness_benchmark_v3\graphs\base\yelpchi\s0\graph.bin,D:\1.Revolucion\1. Fakulltet\4.1 Semestri\6. Theoretical Graphs\GitHub\fraud-detection-robustness-benchmark\runs\gfd_robustness_benchmark_v3\graphs\variants\yelpchi\s0\heterophily_rewire_oracle\0.30\seed_1\graph.bin,45954,8051348,0.45888352394104004,0.14529746770858765,0.22688002058785683,0.4588835310559176,,,,,,2415404.0
gfd_robustness_benchmark_v3,yelpchi,s0,heterophily_rewire_nonoracle,0.15,0,2,pmp,train_clean_eval_all,ok,False,True,heterograph_aware_generation,heterophily,rewire_edge_dst_to_feature_pseudo_opposite_label,p_rewire,0.15,1207702.0,edges_selected,1207702.0,edges_changed,0.8301590278264753,0.5046390735414443,0.696104326244004,D:\1.Revolucion\1. Fakulltet\4.1 Semestri\6. Theoretical Graphs\GitHub\fraud-detection-robustness-benchmark\runs\gfd_robustness_benchmark_v3\graphs\base\yelpchi\s0\graph.bin,D:\1.Revolucion\1. Fakulltet\4.1 Semestri\6. Theoretical Graphs\GitHub\fraud-detection-robustness-benchmark\runs\gfd_robustness_benchmark_v3\graphs\variants\yelpchi\s0\heterophily_rewire_nonoracle\0.15\seed_0\graph.bin,45954,8051348,0.22934718430042267,0.14529746770858765,0.22688002058785683,0.2293471850924839,,,,,,1207702.0
gfd_robustness_benchmark_v3,yelpchi,s0,heterophily_rewire_nonoracle,0.15,1,2,pmp,train_clean_eval_all,ok,False,True,heterograph_aware_generation,heterophily,rewire_edge_dst_to_feature_pseudo_opposite_label,p_rewire,0.15,1207702.0,edges_selected,1207702.0,edges_changed,0.8320390151468956,0.5005392358099529,0.6960393606774279,D:\1.Revolucion\1. Fakulltet\4.1 Semestri\6. Theoretical Graphs\GitHub\fraud-detection-robustness-benchmark\runs\gfd_robustness_benchmark_v3\graphs\base\yelpchi\s0\graph.bin,D:\1.Revolucion\1. Fakulltet\4.1 Semestri\6. Theoretical Graphs\GitHub\fraud-detection-robustness-benchmark\runs\gfd_robustness_benchmark_v3\graphs\variants\yelpchi\s0\heterophily_rewire_nonoracle\0.15\seed_1\graph.bin,45954,8051348,0.22980810701847076,0.14529746770858765,0.22688002058785683,0.2298081016992434,,,,,,1207702.0
gfd_robustness_benchmark_v3,yelpchi,s0,heterophily_rewire_nonoracle,0.3,0,2,pmp,train_clean_eval_all,ok,False,True,heterograph_aware_generation,heterophily,rewire_edge_dst_to_feature_pseudo_opposite_label,p_rewire,0.3,2415404.0,edges_selected,2415404.0,edges_changed,0.819662168947492,0.4802239720732692,0.6889698647672113,D:\1.Revolucion\1. Fakulltet\4.1 Semestri\6. Theoretical Graphs\GitHub\fraud-detection-robustness-benchmark\runs\gfd_robustness_benchmark_v3\graphs\base\yelpchi\s0\graph.bin,D:\1.Revolucion\1. Fakulltet\4.1 Semestri\6. Theoretical Graphs\GitHub\fraud-detection-robustness-benchmark\runs\gfd_robustness_benchmark_v3\graphs\variants\yelpchi\s0\heterophily_rewire_nonoracle\0.30\seed_0\graph.bin,45954,8051348,0.23191048204898834,0.14529746770858765,0.22688002058785683,0.2319104825676396,,,,,,2415404.0
gfd_robustness_benchmark_v3,yelpchi,s0,heterophily_rewire_nonoracle,0.3,1,2,pmp,train_clean_eval_all,ok,False,True,heterograph_aware_generation,heterophily,rewire_edge_dst_to_feature_pseudo_opposite_label,p_rewire,0.3,2415404.0,edges_selected,2415404.0,edges_changed,0.8167777503483359,0.4795863556651847,0.6891993871175986,D:\1.Revolucion\1. Fakulltet\4.1 Semestri\6. Theoretical Graphs\GitHub\fraud-detection-robustness-benchmark\runs\gfd_robustness_benchmark_v3\graphs\base\yelpchi\s0\graph.bin,D:\1.Revolucion\1. Fakulltet\4.1 Semestri\6. Theoretical Graphs\GitHub\fraud-detection-robustness-benchmark\runs\gfd_robustness_benchmark_v3\graphs\variants\yelpchi\s0\heterophily_rewire_nonoracle\0.30\seed_1\graph.bin,45954,8051348,0.23212037980556488,0.14529746770858765,0.22688002058785683,0.23212038530690762,,,,,,2415404.0
gfd_robustness_benchmark_v3,yelpchi,s0,camouflage_feature_oracle,0.15,0,2,pmp,train_clean_eval_all,ok,True,True,canonical,camouflage_feature,replace_fraud_features_with_normal_features,p_cam_feat,0.15,1001.0,nodes_selected,1001.0,nodes_changed,0.8054741379638889,0.48434798518281363,0.6934513984867132,D:\1.Revolucion\1. Fakulltet\4.1 Semestri\6. Theoretical Graphs\GitHub\fraud-detection-robustness-benchmark\runs\gfd_robustness_benchmark_v3\graphs\base\yelpchi\s0\graph.bin,D:\1.Revolucion\1. Fakulltet\4.1 Semestri\6. Theoretical Graphs\GitHub\fraud-detection-robustness-benchmark\runs\gfd_robustness_benchmark_v3\graphs\variants\yelpchi\s0\camouflage_feature_oracle\0.15\seed_0\graph.bin,45954,8051348,0.2268800139427185,0.14529746770858765,0.2268800139427185,0.2268800139427185,0.8420453071594238,1.0,,,,
gfd_robustness_benchmark_v3,yelpchi,s0,camouflage_feature_oracle,0.15,1,2,pmp,train_clean_eval_all,ok,True,True,canonical,camouflage_feature,replace_fraud_features_with_normal_features,p_cam_feat,0.15,1001.0,nodes_selected,1001.0,nodes_changed,0.8013972452879373,0.490625386719965,0.6903591126610916,D:\1.Revolucion\1. Fakulltet\4.1 Semestri\6. Theoretical Graphs\GitHub\fraud-detection-robustness-benchmark\runs\gfd_robustness_benchmark_v3\graphs\base\yelpchi\s0\graph.bin,D:\1.Revolucion\1. Fakulltet\4.1 Semestri\6. Theoretical Graphs\GitHub\fraud-detection-robustness-benchmark\runs\gfd_robustness_benchmark_v3\graphs\variants\yelpchi\s0\camouflage_feature_oracle\0.15\seed_1\graph.bin,45954,8051348,0.2268800139427185,0.14529746770858765,0.2268800139427185,0.2268800139427185,0.8415582180023193,1.0,,,,
gfd_robustness_benchmark_v3,yelpchi,s0,camouflage_feature_oracle,0.3,0,2,pmp,train_clean_eval_all,ok,True,True,canonical,camouflage_feature,replace_fraud_features_with_normal_features,p_cam_feat,0.3,2003.0,nodes_selected,2003.0,nodes_changed,0.7670258467916509,0.4328747450872815,0.6656062151661959,D:\1.Revolucion\1. Fakulltet\4.1 Semestri\6. Theoretical Graphs\GitHub\fraud-detection-robustness-benchmark\runs\gfd_robustness_benchmark_v3\graphs\base\yelpchi\s0\graph.bin,D:\1.Revolucion\1. Fakulltet\4.1 Semestri\6. Theoretical Graphs\GitHub\fraud-detection-robustness-benchmark\runs\gfd_robustness_benchmark_v3\graphs\variants\yelpchi\s0\camouflage_feature_oracle\0.30\seed_0\graph.bin,45954,8051348,0.2268800139427185,0.14529746770858765,0.2268800139427185,0.2268800139427185,0.8398500084877014,1.0,,,,
gfd_robustness_benchmark_v3,yelpchi,s0,camouflage_feature_oracle,0.3,1,2,pmp,train_clean_eval_all,ok,True,True,canonical,camouflage_feature,replace_fraud_features_with_normal_features,p_cam_feat,0.3,2003.0,nodes_selected,2003.0,nodes_changed,0.7634038106958181,0.4301334593713787,0.6620280708604422,D:\1.Revolucion\1. Fakulltet\4.1 Semestri\6. Theoretical Graphs\GitHub\fraud-detection-robustness-benchmark\runs\gfd_robustness_benchmark_v3\graphs\base\yelpchi\s0\graph.bin,D:\1.Revolucion\1. Fakulltet\4.1 Semestri\6. Theoretical Graphs\GitHub\fraud-detection-robustness-benchmark\runs\gfd_robustness_benchmark_v3\graphs\variants\yelpchi\s0\camouflage_feature_oracle\0.30\seed_1\graph.bin,45954,8051348,0.2268800139427185,0.14529746770858765,0.2268800139427185,0.2268800139427185,0.8397719860076904,1.0,,,,
gfd_robustness_benchmark_v3,yelpchi,s0,camouflage_relation_oracle,0.15,0,2,pmp,train_clean_eval_all,ok,True,True,heterograph_aware_generation,camouflage_relation,add_relation_camouflage_edges,p_cam_rel,0.15,1001.0,nodes_selected,1001.0,nodes_changed,0.8466228185177507,0.5391190854989668,0.7152470084611263,D:\1.Revolucion\1. Fakulltet\4.1 Semestri\6. Theoretical Graphs\GitHub\fraud-detection-robustness-benchmark\runs\gfd_robustness_benchmark_v3\graphs\base\yelpchi\s0\graph.bin,D:\1.Revolucion\1. Fakulltet\4.1 Semestri\6. Theoretical Graphs\GitHub\fraud-detection-robustness-benchmark\runs\gfd_robustness_benchmark_v3\graphs\variants\yelpchi\s0\camouflage_relation_oracle\0.15\seed_0\graph.bin,45954,8052349,0.2271004468202591,0.14529746770858765,0.2268800139427185,0.2271004468202591,,,0.818657096523017,0.8255398405215063,,
gfd_robustness_benchmark_v3,yelpchi,s0,camouflage_relation_oracle,0.15,1,2,pmp,train_clean_eval_all,ok,True,True,heterograph_aware_generation,camouflage_relation,add_relation_camouflage_edges,p_cam_rel,0.15,1001.0,nodes_selected,1001.0,nodes_changed,0.8432414186075405,0.5404259482558024,0.7126940765230889,D:\1.Revolucion\1. Fakulltet\4.1 Semestri\6. Theoretical Graphs\GitHub\fraud-detection-robustness-benchmark\runs\gfd_robustness_benchmark_v3\graphs\base\yelpchi\s0\graph.bin,D:\1.Revolucion\1. Fakulltet\4.1 Semestri\6. Theoretical Graphs\GitHub\fraud-detection-robustness-benchmark\runs\gfd_robustness_benchmark_v3\graphs\variants\yelpchi\s0\camouflage_relation_oracle\0.15\seed_1\graph.bin,45954,8052349,0.2271004468202591,0.14529746770858765,0.2268800139427185,0.2271004468202591,,,0.8100625134226824,0.8169363588098151,,
gfd_robustness_benchmark_v3,yelpchi,s0,camouflage_relation_oracle,0.3,0,2,pmp,train_clean_eval_all,ok,True,True,heterograph_aware_generation,camouflage_relation,add_relation_camouflage_edges,p_cam_rel,0.3,2003.0,nodes_selected,2003.0,nodes_changed,0.8449133428662025,0.5417969933198303,0.7103071704556925,D:\1.Revolucion\1. Fakulltet\4.1 Semestri\6. Theoretical Graphs\GitHub\fraud-detection-robustness-benchmark\runs\gfd_robustness_benchmark_v3\graphs\base\yelpchi\s0\graph.bin,D:\1.Revolucion\1. Fakulltet\4.1 Semestri\6. Theoretical Graphs\GitHub\fraud-detection-robustness-benchmark\runs\gfd_robustness_benchmark_v3\graphs\variants\yelpchi\s0\camouflage_relation_oracle\0.30\seed_0\graph.bin,45954,8053351,0.22732102870941162,0.14529746770858765,0.2268800139427185,0.22732102870941162,,,0.8160293240628954,0.8228883464257205,,
gfd_robustness_benchmark_v3,yelpchi,s0,camouflage_relation_oracle,0.3,1,2,pmp,train_clean_eval_all,ok,True,True,heterograph_aware_generation,camouflage_relation,add_relation_camouflage_edges,p_cam_rel,0.3,2003.0,nodes_selected,2003.0,nodes_changed,0.8454420755294401,0.5370626606266139,0.7147748618780015,D:\1.Revolucion\1. Fakulltet\4.1 Semestri\6. Theoretical Graphs\GitHub\fraud-detection-robustness-benchmark\runs\gfd_robustness_benchmark_v3\graphs\base\yelpchi\s0\graph.bin,D:\1.Revolucion\1. Fakulltet\4.1 Semestri\6. Theoretical Graphs\GitHub\fraud-detection-robustness-benchmark\runs\gfd_robustness_benchmark_v3\graphs\variants\yelpchi\s0\camouflage_relation_oracle\0.30\seed_1\graph.bin,45954,8053351,0.22732102870941162,0.14529746770858765,0.2268800139427185,0.22732102870941162,,,0.8136354912526759,0.8206106646158543,,
gfd_robustness_benchmark_v3,yelpchi,s0,noise_edges_uniform,0.1,0,2,pmp,train_clean_eval_all,ok,False,True,heterograph_aware_generation,noise,add_random_edges,edge_noise_rate,0.1,805134.0,edges_requested,805134.0,edges_added,0.835750350432028,0.5113770700910009,0.7045542079254543,D:\1.Revolucion\1. Fakulltet\4.1 Semestri\6. Theoretical Graphs\GitHub\fraud-detection-robustness-benchmark\runs\gfd_robustness_benchmark_v3\graphs\base\yelpchi\s0\graph.bin,D:\1.Revolucion\1. Fakulltet\4.1 Semestri\6. Theoretical Graphs\GitHub\fraud-detection-robustness-benchmark\runs\gfd_robustness_benchmark_v3\graphs\variants\yelpchi\s0\noise_edges_uniform\0.10\seed_0\graph.bin,45954,8856482,0.2288200855255127,0.14529746770858765,0.2268800139427185,0.2288200855255127,,,,,805134.0,
gfd_robustness_benchmark_v3,yelpchi,s0,noise_edges_uniform,0.1,1,2,pmp,train_clean_eval_all,ok,False,True,heterograph_aware_generation,noise,add_random_edges,edge_noise_rate,0.1,805134.0,edges_requested,805134.0,edges_added,0.8360734734388149,0.5086051150175117,0.7056864754098361,D:\1.Revolucion\1. Fakulltet\4.1 Semestri\6. Theoretical Graphs\GitHub\fraud-detection-robustness-benchmark\runs\gfd_robustness_benchmark_v3\graphs\base\yelpchi\s0\graph.bin,D:\1.Revolucion\1. Fakulltet\4.1 Semestri\6. Theoretical Graphs\GitHub\fraud-detection-robustness-benchmark\runs\gfd_robustness_benchmark_v3\graphs\variants\yelpchi\s0\noise_edges_uniform\0.10\seed_1\graph.bin,45954,8856482,0.22885102033615112,0.14529746770858765,0.2268800139427185,0.22885102033615112,,,,,805134.0,
gfd_robustness_benchmark_v3,yelpchi,s0,noise_edges_uniform,0.2,0,2,pmp,train_clean_eval_all,ok,False,True,heterograph_aware_generation,noise,add_random_edges,edge_noise_rate,0.2,1610269.0,edges_requested,1610269.0,edges_added,0.8282350816760065,0.4965230775228119,0.6976608572841314,D:\1.Revolucion\1. Fakulltet\4.1 Semestri\6. Theoretical Graphs\GitHub\fraud-detection-robustness-benchmark\runs\gfd_robustness_benchmark_v3\graphs\base\yelpchi\s0\graph.bin,D:\1.Revolucion\1. Fakulltet\4.1 Semestri\6. Theoretical Graphs\GitHub\fraud-detection-robustness-benchmark\runs\gfd_robustness_benchmark_v3\graphs\variants\yelpchi\s0\noise_edges_uniform\0.20\seed_0\graph.bin,45954,9661617,0.23043088614940643,0.14529746770858765,0.2268800139427185,0.23043088614940643,,,,,1610269.0,
gfd_robustness_benchmark_v3,yelpchi,s0,noise_edges_uniform,0.2,1,2,pmp,train_clean_eval_all,ok,False,True,heterograph_aware_generation,noise,add_random_edges,edge_noise_rate,0.2,1610269.0,edges_requested,1610269.0,edges_added,0.8304442064191373,0.4961760951538597,0.6971749051523367,D:\1.Revolucion\1. Fakulltet\4.1 Semestri\6. Theoretical Graphs\GitHub\fraud-detection-robustness-benchmark\runs\gfd_robustness_benchmark_v3\graphs\base\yelpchi\s0\graph.bin,D:\1.Revolucion\1. Fakulltet\4.1 Semestri\6. Theoretical Graphs\GitHub\fraud-detection-robustness-benchmark\runs\gfd_robustness_benchmark_v3\graphs\variants\yelpchi\s0\noise_edges_uniform\0.20\seed_1\graph.bin,45954,9661617,0.23036205768585205,0.14529746770858765,0.2268800139427185,0.23036205768585205,,,,,1610269.0,
gfd_robustness_benchmark_v3,yelpchi,s0,clean,0.0,717,0,secgfd,train_clean_eval_all,ok,False,True,canonical,clean,clean,severity,0.0,0.0,none,0.0,none,0.8154429906734393,0.4769931036647509,0.693732710366198,D:\1.Revolucion\1. Fakulltet\4.1 Semestri\6. Theoretical Graphs\GitHub\fraud-detection-robustness-benchmark\runs\gfd_robustness_benchmark_v3\graphs\base\yelpchi\s0\graph.bin,D:\1.Revolucion\1. Fakulltet\4.1 Semestri\6. Theoretical Graphs\GitHub\fraud-detection-robustness-benchmark\runs\gfd_robustness_benchmark_v3\graphs\base\yelpchi\s0\graph.bin,45954,8051348,0.2268800139427185,0.14529746770858765,0.2268800139427185,0.2268800139427185,,,,,,
gfd_robustness_benchmark_v3,yelpchi,s0,heterophily_rewire_oracle,0.15,0,0,secgfd,train_clean_eval_all,ok,True,True,heterograph_aware_generation,heterophily,rewire_edge_dst_to_opposite_label,p_rewire,0.15,1207702.0,edges_selected,1207702.0,edges_changed,0.6905893374910058,0.27635966032953674,0.583300638572046,D:\1.Revolucion\1. Fakulltet\4.1 Semestri\6. Theoretical Graphs\GitHub\fraud-detection-robustness-benchmark\runs\gfd_robustness_benchmark_v3\graphs\base\yelpchi\s0\graph.bin,D:\1.Revolucion\1. Fakulltet\4.1 Semestri\6. Theoretical Graphs\GitHub\fraud-detection-robustness-benchmark\runs\gfd_robustness_benchmark_v3\graphs\variants\yelpchi\s0\heterophily_rewire_oracle\0.15\seed_0\graph.bin,45954,8051348,0.3428065776824951,0.14529746770858765,0.22688002058785683,0.34280657102388323,,,,,,1207702.0
gfd_robustness_benchmark_v3,yelpchi,s0,heterophily_rewire_oracle,0.15,1,0,secgfd,train_clean_eval_all,ok,True,True,heterograph_aware_generation,heterophily,rewire_edge_dst_to_opposite_label,p_rewire,0.15,1207702.0,edges_selected,1207702.0,edges_changed,0.6911044811471762,0.2763921919314488,0.5836626365939387,D:\1.Revolucion\1. Fakulltet\4.1 Semestri\6. Theoretical Graphs\GitHub\fraud-detection-robustness-benchmark\runs\gfd_robustness_benchmark_v3\graphs\base\yelpchi\s0\graph.bin,D:\1.Revolucion\1. Fakulltet\4.1 Semestri\6. Theoretical Graphs\GitHub\fraud-detection-robustness-benchmark\runs\gfd_robustness_benchmark_v3\graphs\variants\yelpchi\s0\heterophily_rewire_oracle\0.15\seed_1\graph.bin,45954,8051348,0.3428649604320526,0.14529746770858765,0.22688002058785683,0.3428649463419045,,,,,,1207702.0
gfd_robustness_benchmark_v3,yelpchi,s0,heterophily_rewire_oracle,0.3,0,0,secgfd,train_clean_eval_all,ok,True,True,heterograph_aware_generation,heterophily,rewire_edge_dst_to_opposite_label,p_rewire,0.3,2415404.0,edges_selected,2415404.0,edges_changed,0.5464163561243094,0.16013762827792355,0.5056864772431616,D:\1.Revolucion\1. Fakulltet\4.1 Semestri\6. Theoretical Graphs\GitHub\fraud-detection-robustness-benchmark\runs\gfd_robustness_benchmark_v3\graphs\base\yelpchi\s0\graph.bin,D:\1.Revolucion\1. Fakulltet\4.1 Semestri\6. Theoretical Graphs\GitHub\fraud-detection-robustness-benchmark\runs\gfd_robustness_benchmark_v3\graphs\variants\yelpchi\s0\heterophily_rewire_oracle\0.30\seed_0\graph.bin,45954,8051348,0.4589143395423889,0.14529746770858765,0.22688002058785683,0.45891433335138415,,,,,,2415404.0
gfd_robustness_benchmark_v3,yelpchi,s0,heterophily_rewire_oracle,0.3,1,0,secgfd,train_clean_eval_all,ok,True,True,heterograph_aware_generation,heterophily,rewire_edge_dst_to_opposite_label,p_rewire,0.3,2415404.0,edges_selected,2415404.0,edges_changed,0.5467448623310914,0.16016220552240357,0.5089958142153747,D:\1.Revolucion\1. Fakulltet\4.1 Semestri\6. Theoretical Graphs\GitHub\fraud-detection-robustness-benchmark\runs\gfd_robustness_benchmark_v3\graphs\base\yelpchi\s0\graph.bin,D:\1.Revolucion\1. Fakulltet\4.1 Semestri\6. Theoretical Graphs\GitHub\fraud-detection-robustness-benchmark\runs\gfd_robustness_benchmark_v3\graphs\variants\yelpchi\s0\heterophily_rewire_oracle\0.30\seed_1\graph.bin,45954,8051348,0.45888352394104004,0.14529746770858765,0.22688002058785683,0.4588835310559176,,,,,,2415404.0
gfd_robustness_benchmark_v3,yelpchi,s0,heterophily_rewire_nonoracle,0.15,0,0,secgfd,train_clean_eval_all,ok,False,True,heterograph_aware_generation,heterophily,rewire_edge_dst_to_feature_pseudo_opposite_label,p_rewire,0.15,1207702.0,edges_selected,1207702.0,edges_changed,0.8139530471579753,0.4731104247757319,0.6948327632284345,D:\1.Revolucion\1. Fakulltet\4.1 Semestri\6. Theoretical Graphs\GitHub\fraud-detection-robustness-benchmark\runs\gfd_robustness_benchmark_v3\graphs\base\yelpchi\s0\graph.bin,D:\1.Revolucion\1. Fakulltet\4.1 Semestri\6. Theoretical Graphs\GitHub\fraud-detection-robustness-benchmark\runs\gfd_robustness_benchmark_v3\graphs\variants\yelpchi\s0\heterophily_rewire_nonoracle\0.15\seed_0\graph.bin,45954,8051348,0.22934718430042267,0.14529746770858765,0.22688002058785683,0.2293471850924839,,,,,,1207702.0
gfd_robustness_benchmark_v3,yelpchi,s0,heterophily_rewire_nonoracle,0.15,1,0,secgfd,train_clean_eval_all,ok,False,True,heterograph_aware_generation,heterophily,rewire_edge_dst_to_feature_pseudo_opposite_label,p_rewire,0.15,1207702.0,edges_selected,1207702.0,edges_changed,0.8138778371845922,0.47340709830205446,0.6922485459130593,D:\1.Revolucion\1. Fakulltet\4.1 Semestri\6. Theoretical Graphs\GitHub\fraud-detection-robustness-benchmark\runs\gfd_robustness_benchmark_v3\graphs\base\yelpchi\s0\graph.bin,D:\1.Revolucion\1. Fakulltet\4.1 Semestri\6. Theoretical Graphs\GitHub\fraud-detection-robustness-benchmark\runs\gfd_robustness_benchmark_v3\graphs\variants\yelpchi\s0\heterophily_rewire_nonoracle\0.15\seed_1\graph.bin,45954,8051348,0.22980810701847076,0.14529746770858765,0.22688002058785683,0.2298081016992434,,,,,,1207702.0
gfd_robustness_benchmark_v3,yelpchi,s0,heterophily_rewire_nonoracle,0.3,0,0,secgfd,train_clean_eval_all,ok,False,True,heterograph_aware_generation,heterophily,rewire_edge_dst_to_feature_pseudo_opposite_label,p_rewire,0.3,2415404.0,edges_selected,2415404.0,edges_changed,0.8130073904190093,0.4703708029862671,0.6927100500709313,D:\1.Revolucion\1. Fakulltet\4.1 Semestri\6. Theoretical Graphs\GitHub\fraud-detection-robustness-benchmark\runs\gfd_robustness_benchmark_v3\graphs\base\yelpchi\s0\graph.bin,D:\1.Revolucion\1. Fakulltet\4.1 Semestri\6. Theoretical Graphs\GitHub\fraud-detection-robustness-benchmark\runs\gfd_robustness_benchmark_v3\graphs\variants\yelpchi\s0\heterophily_rewire_nonoracle\0.30\seed_0\graph.bin,45954,8051348,0.23191048204898834,0.14529746770858765,0.22688002058785683,0.2319104825676396,,,,,,2415404.0
gfd_robustness_benchmark_v3,yelpchi,s0,heterophily_rewire_nonoracle,0.3,1,0,secgfd,train_clean_eval_all,ok,False,True,heterograph_aware_generation,heterophily,rewire_edge_dst_to_feature_pseudo_opposite_label,p_rewire,0.3,2415404.0,edges_selected,2415404.0,edges_changed,0.8127126602192764,0.4699606740568885,0.6920252420867448,D:\1.Revolucion\1. Fakulltet\4.1 Semestri\6. Theoretical Graphs\GitHub\fraud-detection-robustness-benchmark\runs\gfd_robustness_benchmark_v3\graphs\base\yelpchi\s0\graph.bin,D:\1.Revolucion\1. Fakulltet\4.1 Semestri\6. Theoretical Graphs\GitHub\fraud-detection-robustness-benchmark\runs\gfd_robustness_benchmark_v3\graphs\variants\yelpchi\s0\heterophily_rewire_nonoracle\0.30\seed_1\graph.bin,45954,8051348,0.23212037980556488,0.14529746770858765,0.22688002058785683,0.23212038530690762,,,,,,2415404.0
gfd_robustness_benchmark_v3,yelpchi,s0,camouflage_feature_oracle,0.15,0,0,secgfd,train_clean_eval_all,ok,True,True,canonical,camouflage_feature,replace_fraud_features_with_normal_features,p_cam_feat,0.15,1001.0,nodes_selected,1001.0,nodes_changed,0.7728721806323707,0.4247956963216602,0.667845645514666,D:\1.Revolucion\1. Fakulltet\4.1 Semestri\6. Theoretical Graphs\GitHub\fraud-detection-robustness-benchmark\runs\gfd_robustness_benchmark_v3\graphs\base\yelpchi\s0\graph.bin,D:\1.Revolucion\1. Fakulltet\4.1 Semestri\6. Theoretical Graphs\GitHub\fraud-detection-robustness-benchmark\runs\gfd_robustness_benchmark_v3\graphs\variants\yelpchi\s0\camouflage_feature_oracle\0.15\seed_0\graph.bin,45954,8051348,0.2268800139427185,0.14529746770858765,0.2268800139427185,0.2268800139427185,0.8420453071594238,1.0,,,,
gfd_robustness_benchmark_v3,yelpchi,s0,camouflage_feature_oracle,0.15,1,0,secgfd,train_clean_eval_all,ok,True,True,canonical,camouflage_feature,replace_fraud_features_with_normal_features,p_cam_feat,0.15,1001.0,nodes_selected,1001.0,nodes_changed,0.7675535313982523,0.4229986921676623,0.6675742776768259,D:\1.Revolucion\1. Fakulltet\4.1 Semestri\6. Theoretical Graphs\GitHub\fraud-detection-robustness-benchmark\runs\gfd_robustness_benchmark_v3\graphs\base\yelpchi\s0\graph.bin,D:\1.Revolucion\1. Fakulltet\4.1 Semestri\6. Theoretical Graphs\GitHub\fraud-detection-robustness-benchmark\runs\gfd_robustness_benchmark_v3\graphs\variants\yelpchi\s0\camouflage_feature_oracle\0.15\seed_1\graph.bin,45954,8051348,0.2268800139427185,0.14529746770858765,0.2268800139427185,0.2268800139427185,0.8415582180023193,1.0,,,,
gfd_robustness_benchmark_v3,yelpchi,s0,camouflage_feature_oracle,0.3,0,0,secgfd,train_clean_eval_all,ok,True,True,canonical,camouflage_feature,replace_fraud_features_with_normal_features,p_cam_feat,0.3,2003.0,nodes_selected,2003.0,nodes_changed,0.7271995636082722,0.3785156021062766,0.6451832914477966,D:\1.Revolucion\1. Fakulltet\4.1 Semestri\6. Theoretical Graphs\GitHub\fraud-detection-robustness-benchmark\runs\gfd_robustness_benchmark_v3\graphs\base\yelpchi\s0\graph.bin,D:\1.Revolucion\1. Fakulltet\4.1 Semestri\6. Theoretical Graphs\GitHub\fraud-detection-robustness-benchmark\runs\gfd_robustness_benchmark_v3\graphs\variants\yelpchi\s0\camouflage_feature_oracle\0.30\seed_0\graph.bin,45954,8051348,0.2268800139427185,0.14529746770858765,0.2268800139427185,0.2268800139427185,0.8398500084877014,1.0,,,,
gfd_robustness_benchmark_v3,yelpchi,s0,camouflage_feature_oracle,0.3,1,0,secgfd,train_clean_eval_all,ok,True,True,canonical,camouflage_feature,replace_fraud_features_with_normal_features,p_cam_feat,0.3,2003.0,nodes_selected,2003.0,nodes_changed,0.725211423988835,0.371839629256845,0.6433444734902792,D:\1.Revolucion\1. Fakulltet\4.1 Semestri\6. Theoretical Graphs\GitHub\fraud-detection-robustness-benchmark\runs\gfd_robustness_benchmark_v3\graphs\base\yelpchi\s0\graph.bin,D:\1.Revolucion\1. Fakulltet\4.1 Semestri\6. Theoretical Graphs\GitHub\fraud-detection-robustness-benchmark\runs\gfd_robustness_benchmark_v3\graphs\variants\yelpchi\s0\camouflage_feature_oracle\0.30\seed_1\graph.bin,45954,8051348,0.2268800139427185,0.14529746770858765,0.2268800139427185,0.2268800139427185,0.8397719860076904,1.0,,,,
gfd_robustness_benchmark_v3,yelpchi,s0,camouflage_relation_oracle,0.15,0,0,secgfd,train_clean_eval_all,ok,True,True,heterograph_aware_generation,camouflage_relation,add_relation_camouflage_edges,p_cam_rel,0.15,1001.0,nodes_selected,1001.0,nodes_changed,0.815523524298145,0.4771538137627516,0.693732710366198,D:\1.Revolucion\1. Fakulltet\4.1 Semestri\6. Theoretical Graphs\GitHub\fraud-detection-robustness-benchmark\runs\gfd_robustness_benchmark_v3\graphs\base\yelpchi\s0\graph.bin,D:\1.Revolucion\1. Fakulltet\4.1 Semestri\6. Theoretical Graphs\GitHub\fraud-detection-robustness-benchmark\runs\gfd_robustness_benchmark_v3\graphs\variants\yelpchi\s0\camouflage_relation_oracle\0.15\seed_0\graph.bin,45954,8052349,0.2271004468202591,0.14529746770858765,0.2268800139427185,0.2271004468202591,,,0.818657096523017,0.8255398405215063,,
gfd_robustness_benchmark_v3,yelpchi,s0,camouflage_relation_oracle,0.15,1,0,secgfd,train_clean_eval_all,ok,True,True,heterograph_aware_generation,camouflage_relation,add_relation_camouflage_edges,p_cam_rel,0.15,1001.0,nodes_selected,1001.0,nodes_changed,0.8155097566450602,0.47709442672753843,0.6936709091074499,D:\1.Revolucion\1. Fakulltet\4.1 Semestri\6. Theoretical Graphs\GitHub\fraud-detection-robustness-benchmark\runs\gfd_robustness_benchmark_v3\graphs\base\yelpchi\s0\graph.bin,D:\1.Revolucion\1. Fakulltet\4.1 Semestri\6. Theoretical Graphs\GitHub\fraud-detection-robustness-benchmark\runs\gfd_robustness_benchmark_v3\graphs\variants\yelpchi\s0\camouflage_relation_oracle\0.15\seed_1\graph.bin,45954,8052349,0.2271004468202591,0.14529746770858765,0.2268800139427185,0.2271004468202591,,,0.8100625134226824,0.8169363588098151,,
gfd_robustness_benchmark_v3,yelpchi,s0,camouflage_relation_oracle,0.3,0,0,secgfd,train_clean_eval_all,ok,True,True,heterograph_aware_generation,camouflage_relation,add_relation_camouflage_edges,p_cam_rel,0.3,2003.0,nodes_selected,2003.0,nodes_changed,0.8155564308945754,0.4770394304081835,0.6942021663550746,D:\1.Revolucion\1. Fakulltet\4.1 Semestri\6. Theoretical Graphs\GitHub\fraud-detection-robustness-benchmark\runs\gfd_robustness_benchmark_v3\graphs\base\yelpchi\s0\graph.bin,D:\1.Revolucion\1. Fakulltet\4.1 Semestri\6. Theoretical Graphs\GitHub\fraud-detection-robustness-benchmark\runs\gfd_robustness_benchmark_v3\graphs\variants\yelpchi\s0\camouflage_relation_oracle\0.30\seed_0\graph.bin,45954,8053351,0.22732102870941162,0.14529746770858765,0.2268800139427185,0.22732102870941162,,,0.8160293240628954,0.8228883464257205,,
gfd_robustness_benchmark_v3,yelpchi,s0,camouflage_relation_oracle,0.3,1,0,secgfd,train_clean_eval_all,ok,True,True,heterograph_aware_generation,camouflage_relation,add_relation_camouflage_edges,p_cam_rel,0.3,2003.0,nodes_selected,2003.0,nodes_changed,0.815573890565356,0.47723483568357733,0.6941075863574749,D:\1.Revolucion\1. Fakulltet\4.1 Semestri\6. Theoretical Graphs\GitHub\fraud-detection-robustness-benchmark\runs\gfd_robustness_benchmark_v3\graphs\base\yelpchi\s0\graph.bin,D:\1.Revolucion\1. Fakulltet\4.1 Semestri\6. Theoretical Graphs\GitHub\fraud-detection-robustness-benchmark\runs\gfd_robustness_benchmark_v3\graphs\variants\yelpchi\s0\camouflage_relation_oracle\0.30\seed_1\graph.bin,45954,8053351,0.22732102870941162,0.14529746770858765,0.2268800139427185,0.22732102870941162,,,0.8136354912526759,0.8206106646158543,,
gfd_robustness_benchmark_v3,yelpchi,s0,noise_edges_uniform,0.1,0,0,secgfd,train_clean_eval_all,ok,False,True,heterograph_aware_generation,noise,add_random_edges,edge_noise_rate,0.1,805134.0,edges_requested,805134.0,edges_added,0.8150851507905778,0.4751286185208678,0.6942356173458745,D:\1.Revolucion\1. Fakulltet\4.1 Semestri\6. Theoretical Graphs\GitHub\fraud-detection-robustness-benchmark\runs\gfd_robustness_benchmark_v3\graphs\base\yelpchi\s0\graph.bin,D:\1.Revolucion\1. Fakulltet\4.1 Semestri\6. Theoretical Graphs\GitHub\fraud-detection-robustness-benchmark\runs\gfd_robustness_benchmark_v3\graphs\variants\yelpchi\s0\noise_edges_uniform\0.10\seed_0\graph.bin,45954,8856482,0.2288200855255127,0.14529746770858765,0.2268800139427185,0.2288200855255127,,,,,805134.0,
gfd_robustness_benchmark_v3,yelpchi,s0,noise_edges_uniform,0.1,1,0,secgfd,train_clean_eval_all,ok,False,True,heterograph_aware_generation,noise,add_random_edges,edge_noise_rate,0.1,805134.0,edges_requested,805134.0,edges_added,0.8149334803216886,0.47420661352202215,0.6934375712717931,D:\1.Revolucion\1. Fakulltet\4.1 Semestri\6. Theoretical Graphs\GitHub\fraud-detection-robustness-benchmark\runs\gfd_robustness_benchmark_v3\graphs\base\yelpchi\s0\graph.bin,D:\1.Revolucion\1. Fakulltet\4.1 Semestri\6. Theoretical Graphs\GitHub\fraud-detection-robustness-benchmark\runs\gfd_robustness_benchmark_v3\graphs\variants\yelpchi\s0\noise_edges_uniform\0.10\seed_1\graph.bin,45954,8856482,0.22885102033615112,0.14529746770858765,0.2268800139427185,0.22885102033615112,,,,,805134.0,
gfd_robustness_benchmark_v3,yelpchi,s0,noise_edges_uniform,0.2,0,0,secgfd,train_clean_eval_all,ok,False,True,heterograph_aware_generation,noise,add_random_edges,edge_noise_rate,0.2,1610269.0,edges_requested,1610269.0,edges_added,0.8143669342514055,0.4734670630486985,0.6926717704159253,D:\1.Revolucion\1. Fakulltet\4.1 Semestri\6. Theoretical Graphs\GitHub\fraud-detection-robustness-benchmark\runs\gfd_robustness_benchmark_v3\graphs\base\yelpchi\s0\graph.bin,D:\1.Revolucion\1. Fakulltet\4.1 Semestri\6. Theoretical Graphs\GitHub\fraud-detection-robustness-benchmark\runs\gfd_robustness_benchmark_v3\graphs\variants\yelpchi\s0\noise_edges_uniform\0.20\seed_0\graph.bin,45954,9661617,0.23043088614940643,0.14529746770858765,0.2268800139427185,0.23043088614940643,,,,,1610269.0,
gfd_robustness_benchmark_v3,yelpchi,s0,noise_edges_uniform,0.2,1,0,secgfd,train_clean_eval_all,ok,False,True,heterograph_aware_generation,noise,add_random_edges,edge_noise_rate,0.2,1610269.0,edges_requested,1610269.0,edges_added,0.8144189917009159,0.4739014682245445,0.692947328899528,D:\1.Revolucion\1. Fakulltet\4.1 Semestri\6. Theoretical Graphs\GitHub\fraud-detection-robustness-benchmark\runs\gfd_robustness_benchmark_v3\graphs\base\yelpchi\s0\graph.bin,D:\1.Revolucion\1. Fakulltet\4.1 Semestri\6. Theoretical Graphs\GitHub\fraud-detection-robustness-benchmark\runs\gfd_robustness_benchmark_v3\graphs\variants\yelpchi\s0\noise_edges_uniform\0.20\seed_1\graph.bin,45954,9661617,0.23036205768585205,0.14529746770858765,0.2268800139427185,0.23036205768585205,,,,,1610269.0,
gfd_robustness_benchmark_v3,yelpchi,s0,clean,0.0,717,1,secgfd,train_clean_eval_all,ok,False,True,canonical,clean,clean,severity,0.0,0.0,none,0.0,none,0.8155498924503336,0.4741522746530673,0.6905775334825414,D:\1.Revolucion\1. Fakulltet\4.1 Semestri\6. Theoretical Graphs\GitHub\fraud-detection-robustness-benchmark\runs\gfd_robustness_benchmark_v3\graphs\base\yelpchi\s0\graph.bin,D:\1.Revolucion\1. Fakulltet\4.1 Semestri\6. Theoretical Graphs\GitHub\fraud-detection-robustness-benchmark\runs\gfd_robustness_benchmark_v3\graphs\base\yelpchi\s0\graph.bin,45954,8051348,0.2268800139427185,0.14529746770858765,0.2268800139427185,0.2268800139427185,,,,,,
gfd_robustness_benchmark_v3,yelpchi,s0,heterophily_rewire_oracle,0.15,0,1,secgfd,train_clean_eval_all,ok,True,True,heterograph_aware_generation,heterophily,rewire_edge_dst_to_opposite_label,p_rewire,0.15,1207702.0,edges_selected,1207702.0,edges_changed,0.6809957366961596,0.2625267188649223,0.5812436505914105,D:\1.Revolucion\1. Fakulltet\4.1 Semestri\6. Theoretical Graphs\GitHub\fraud-detection-robustness-benchmark\runs\gfd_robustness_benchmark_v3\graphs\base\yelpchi\s0\graph.bin,D:\1.Revolucion\1. Fakulltet\4.1 Semestri\6. Theoretical Graphs\GitHub\fraud-detection-robustness-benchmark\runs\gfd_robustness_benchmark_v3\graphs\variants\yelpchi\s0\heterophily_rewire_oracle\0.15\seed_0\graph.bin,45954,8051348,0.3428065776824951,0.14529746770858765,0.22688002058785683,0.34280657102388323,,,,,,1207702.0
gfd_robustness_benchmark_v3,yelpchi,s0,heterophily_rewire_oracle,0.15,1,1,secgfd,train_clean_eval_all,ok,True,True,heterograph_aware_generation,heterophily,rewire_edge_dst_to_opposite_label,p_rewire,0.15,1207702.0,edges_selected,1207702.0,edges_changed,0.6814138755648073,0.2623991289339147,0.5808485858169705,D:\1.Revolucion\1. Fakulltet\4.1 Semestri\6. Theoretical Graphs\GitHub\fraud-detection-robustness-benchmark\runs\gfd_robustness_benchmark_v3\graphs\base\yelpchi\s0\graph.bin,D:\1.Revolucion\1. Fakulltet\4.1 Semestri\6. Theoretical Graphs\GitHub\fraud-detection-robustness-benchmark\runs\gfd_robustness_benchmark_v3\graphs\variants\yelpchi\s0\heterophily_rewire_oracle\0.15\seed_1\graph.bin,45954,8051348,0.3428649604320526,0.14529746770858765,0.22688002058785683,0.3428649463419045,,,,,,1207702.0
gfd_robustness_benchmark_v3,yelpchi,s0,heterophily_rewire_oracle,0.3,0,1,secgfd,train_clean_eval_all,ok,True,True,heterograph_aware_generation,heterophily,rewire_edge_dst_to_opposite_label,p_rewire,0.3,2415404.0,edges_selected,2415404.0,edges_changed,0.5187221860060429,0.14789865399680888,0.4945601965338465,D:\1.Revolucion\1. Fakulltet\4.1 Semestri\6. Theoretical Graphs\GitHub\fraud-detection-robustness-benchmark\runs\gfd_robustness_benchmark_v3\graphs\base\yelpchi\s0\graph.bin,D:\1.Revolucion\1. Fakulltet\4.1 Semestri\6. Theoretical Graphs\GitHub\fraud-detection-robustness-benchmark\runs\gfd_robustness_benchmark_v3\graphs\variants\yelpchi\s0\heterophily_rewire_oracle\0.30\seed_0\graph.bin,45954,8051348,0.4589143395423889,0.14529746770858765,0.22688002058785683,0.45891433335138415,,,,,,2415404.0
gfd_robustness_benchmark_v3,yelpchi,s0,heterophily_rewire_oracle,0.3,1,1,secgfd,train_clean_eval_all,ok,True,True,heterograph_aware_generation,heterophily,rewire_edge_dst_to_opposite_label,p_rewire,0.3,2415404.0,edges_selected,2415404.0,edges_changed,0.518801492928095,0.14769902452960296,0.4954136850206417,D:\1.Revolucion\1. Fakulltet\4.1 Semestri\6. Theoretical Graphs\GitHub\fraud-detection-robustness-benchmark\runs\gfd_robustness_benchmark_v3\graphs\base\yelpchi\s0\graph.bin,D:\1.Revolucion\1. Fakulltet\4.1 Semestri\6. Theoretical Graphs\GitHub\fraud-detection-robustness-benchmark\runs\gfd_robustness_benchmark_v3\graphs\variants\yelpchi\s0\heterophily_rewire_oracle\0.30\seed_1\graph.bin,45954,8051348,0.45888352394104004,0.14529746770858765,0.22688002058785683,0.4588835310559176,,,,,,2415404.0
gfd_robustness_benchmark_v3,yelpchi,s0,heterophily_rewire_nonoracle,0.15,0,1,secgfd,train_clean_eval_all,ok,False,True,heterograph_aware_generation,heterophily,rewire_edge_dst_to_feature_pseudo_opposite_label,p_rewire,0.15,1207702.0,edges_selected,1207702.0,edges_changed,0.8114343884151249,0.46361376182196207,0.6867059529733313,D:\1.Revolucion\1. Fakulltet\4.1 Semestri\6. Theoretical Graphs\GitHub\fraud-detection-robustness-benchmark\runs\gfd_robustness_benchmark_v3\graphs\base\yelpchi\s0\graph.bin,D:\1.Revolucion\1. Fakulltet\4.1 Semestri\6. Theoretical Graphs\GitHub\fraud-detection-robustness-benchmark\runs\gfd_robustness_benchmark_v3\graphs\variants\yelpchi\s0\heterophily_rewire_nonoracle\0.15\seed_0\graph.bin,45954,8051348,0.22934718430042267,0.14529746770858765,0.22688002058785683,0.2293471850924839,,,,,,1207702.0
gfd_robustness_benchmark_v3,yelpchi,s0,heterophily_rewire_nonoracle,0.15,1,1,secgfd,train_clean_eval_all,ok,False,True,heterograph_aware_generation,heterophily,rewire_edge_dst_to_feature_pseudo_opposite_label,p_rewire,0.15,1207702.0,edges_selected,1207702.0,edges_changed,0.8117675751475664,0.4634497478786937,0.6852986836090497,D:\1.Revolucion\1. Fakulltet\4.1 Semestri\6. Theoretical Graphs\GitHub\fraud-detection-robustness-benchmark\runs\gfd_robustness_benchmark_v3\graphs\base\yelpchi\s0\graph.bin,D:\1.Revolucion\1. Fakulltet\4.1 Semestri\6. Theoretical Graphs\GitHub\fraud-detection-robustness-benchmark\runs\gfd_robustness_benchmark_v3\graphs\variants\yelpchi\s0\heterophily_rewire_nonoracle\0.15\seed_1\graph.bin,45954,8051348,0.22980810701847076,0.14529746770858765,0.22688002058785683,0.2298081016992434,,,,,,1207702.0
gfd_robustness_benchmark_v3,yelpchi,s0,heterophily_rewire_nonoracle,0.3,0,1,secgfd,train_clean_eval_all,ok,False,True,heterograph_aware_generation,heterophily,rewire_edge_dst_to_feature_pseudo_opposite_label,p_rewire,0.3,2415404.0,edges_selected,2415404.0,edges_changed,0.8098380552413503,0.4582824340904357,0.6821815270828486,D:\1.Revolucion\1. Fakulltet\4.1 Semestri\6. Theoretical Graphs\GitHub\fraud-detection-robustness-benchmark\runs\gfd_robustness_benchmark_v3\graphs\base\yelpchi\s0\graph.bin,D:\1.Revolucion\1. Fakulltet\4.1 Semestri\6. Theoretical Graphs\GitHub\fraud-detection-robustness-benchmark\runs\gfd_robustness_benchmark_v3\graphs\variants\yelpchi\s0\heterophily_rewire_nonoracle\0.30\seed_0\graph.bin,45954,8051348,0.23191048204898834,0.14529746770858765,0.22688002058785683,0.2319104825676396,,,,,,2415404.0
gfd_robustness_benchmark_v3,yelpchi,s0,heterophily_rewire_nonoracle,0.3,1,1,secgfd,train_clean_eval_all,ok,False,True,heterograph_aware_generation,heterophily,rewire_edge_dst_to_feature_pseudo_opposite_label,p_rewire,0.3,2415404.0,edges_selected,2415404.0,edges_changed,0.8095064525035977,0.4579099232009077,0.6812461645088905,D:\1.Revolucion\1. Fakulltet\4.1 Semestri\6. Theoretical Graphs\GitHub\fraud-detection-robustness-benchmark\runs\gfd_robustness_benchmark_v3\graphs\base\yelpchi\s0\graph.bin,D:\1.Revolucion\1. Fakulltet\4.1 Semestri\6. Theoretical Graphs\GitHub\fraud-detection-robustness-benchmark\runs\gfd_robustness_benchmark_v3\graphs\variants\yelpchi\s0\heterophily_rewire_nonoracle\0.30\seed_1\graph.bin,45954,8051348,0.23212037980556488,0.14529746770858765,0.22688002058785683,0.23212038530690762,,,,,,2415404.0
gfd_robustness_benchmark_v3,yelpchi,s0,camouflage_feature_oracle,0.15,0,1,secgfd,train_clean_eval_all,ok,True,True,canonical,camouflage_feature,replace_fraud_features_with_normal_features,p_cam_feat,0.15,1001.0,nodes_selected,1001.0,nodes_changed,0.7714164418743978,0.4234036363748946,0.6653755028695967,D:\1.Revolucion\1. Fakulltet\4.1 Semestri\6. Theoretical Graphs\GitHub\fraud-detection-robustness-benchmark\runs\gfd_robustness_benchmark_v3\graphs\base\yelpchi\s0\graph.bin,D:\1.Revolucion\1. Fakulltet\4.1 Semestri\6. Theoretical Graphs\GitHub\fraud-detection-robustness-benchmark\runs\gfd_robustness_benchmark_v3\graphs\variants\yelpchi\s0\camouflage_feature_oracle\0.15\seed_0\graph.bin,45954,8051348,0.2268800139427185,0.14529746770858765,0.2268800139427185,0.2268800139427185,0.8420453071594238,1.0,,,,
gfd_robustness_benchmark_v3,yelpchi,s0,camouflage_feature_oracle,0.15,1,1,secgfd,train_clean_eval_all,ok,True,True,canonical,camouflage_feature,replace_fraud_features_with_normal_features,p_cam_feat,0.15,1001.0,nodes_selected,1001.0,nodes_changed,0.7668286573174933,0.42256067770795286,0.6674704352017105,D:\1.Revolucion\1. Fakulltet\4.1 Semestri\6. Theoretical Graphs\GitHub\fraud-detection-robustness-benchmark\runs\gfd_robustness_benchmark_v3\graphs\base\yelpchi\s0\graph.bin,D:\1.Revolucion\1. Fakulltet\4.1 Semestri\6. Theoretical Graphs\GitHub\fraud-detection-robustness-benchmark\runs\gfd_robustness_benchmark_v3\graphs\variants\yelpchi\s0\camouflage_feature_oracle\0.15\seed_1\graph.bin,45954,8051348,0.2268800139427185,0.14529746770858765,0.2268800139427185,0.2268800139427185,0.8415582180023193,1.0,,,,
gfd_robustness_benchmark_v3,yelpchi,s0,camouflage_feature_oracle,0.3,0,1,secgfd,train_clean_eval_all,ok,True,True,canonical,camouflage_feature,replace_fraud_features_with_normal_features,p_cam_feat,0.3,2003.0,nodes_selected,2003.0,nodes_changed,0.7266844675910399,0.37672452950877217,0.6435113467643382,D:\1.Revolucion\1. Fakulltet\4.1 Semestri\6. Theoretical Graphs\GitHub\fraud-detection-robustness-benchmark\runs\gfd_robustness_benchmark_v3\graphs\base\yelpchi\s0\graph.bin,D:\1.Revolucion\1. Fakulltet\4.1 Semestri\6. Theoretical Graphs\GitHub\fraud-detection-robustness-benchmark\runs\gfd_robustness_benchmark_v3\graphs\variants\yelpchi\s0\camouflage_feature_oracle\0.30\seed_0\graph.bin,45954,8051348,0.2268800139427185,0.14529746770858765,0.2268800139427185,0.2268800139427185,0.8398500084877014,1.0,,,,
gfd_robustness_benchmark_v3,yelpchi,s0,camouflage_feature_oracle,0.3,1,1,secgfd,train_clean_eval_all,ok,True,True,canonical,camouflage_feature,replace_fraud_features_with_normal_features,p_cam_feat,0.3,2003.0,nodes_selected,2003.0,nodes_changed,0.7230456149500897,0.37048681859053656,0.6395420013575884,D:\1.Revolucion\1. Fakulltet\4.1 Semestri\6. Theoretical Graphs\GitHub\fraud-detection-robustness-benchmark\runs\gfd_robustness_benchmark_v3\graphs\base\yelpchi\s0\graph.bin,D:\1.Revolucion\1. Fakulltet\4.1 Semestri\6. Theoretical Graphs\GitHub\fraud-detection-robustness-benchmark\runs\gfd_robustness_benchmark_v3\graphs\variants\yelpchi\s0\camouflage_feature_oracle\0.30\seed_1\graph.bin,45954,8051348,0.2268800139427185,0.14529746770858765,0.2268800139427185,0.2268800139427185,0.8397719860076904,1.0,,,,
gfd_robustness_benchmark_v3,yelpchi,s0,camouflage_relation_oracle,0.15,0,1,secgfd,train_clean_eval_all,ok,True,True,heterograph_aware_generation,camouflage_relation,add_relation_camouflage_edges,p_cam_rel,0.15,1001.0,nodes_selected,1001.0,nodes_changed,0.8156318552431796,0.47433526657413044,0.6909386193974985,D:\1.Revolucion\1. Fakulltet\4.1 Semestri\6. Theoretical Graphs\GitHub\fraud-detection-robustness-benchmark\runs\gfd_robustness_benchmark_v3\graphs\base\yelpchi\s0\graph.bin,D:\1.Revolucion\1. Fakulltet\4.1 Semestri\6. Theoretical Graphs\GitHub\fraud-detection-robustness-benchmark\runs\gfd_robustness_benchmark_v3\graphs\variants\yelpchi\s0\camouflage_relation_oracle\0.15\seed_0\graph.bin,45954,8052349,0.2271004468202591,0.14529746770858765,0.2268800139427185,0.2271004468202591,,,0.818657096523017,0.8255398405215063,,
gfd_robustness_benchmark_v3,yelpchi,s0,camouflage_relation_oracle,0.15,1,1,secgfd,train_clean_eval_all,ok,True,True,heterograph_aware_generation,camouflage_relation,add_relation_camouflage_edges,p_cam_rel,0.15,1001.0,nodes_selected,1001.0,nodes_changed,0.8156218034272595,0.4742412537891837,0.6908785931576775,D:\1.Revolucion\1. Fakulltet\4.1 Semestri\6. Theoretical Graphs\GitHub\fraud-detection-robustness-benchmark\runs\gfd_robustness_benchmark_v3\graphs\base\yelpchi\s0\graph.bin,D:\1.Revolucion\1. Fakulltet\4.1 Semestri\6. Theoretical Graphs\GitHub\fraud-detection-robustness-benchmark\runs\gfd_robustness_benchmark_v3\graphs\variants\yelpchi\s0\camouflage_relation_oracle\0.15\seed_1\graph.bin,45954,8052349,0.2271004468202591,0.14529746770858765,0.2268800139427185,0.2271004468202591,,,0.8100625134226824,0.8169363588098151,,
gfd_robustness_benchmark_v3,yelpchi,s0,camouflage_relation_oracle,0.3,0,1,secgfd,train_clean_eval_all,ok,True,True,heterograph_aware_generation,camouflage_relation,add_relation_camouflage_edges,p_cam_rel,0.3,2003.0,nodes_selected,2003.0,nodes_changed,0.8156909632555155,0.4742806663603378,0.6907585827443514,D:\1.Revolucion\1. Fakulltet\4.1 Semestri\6. Theoretical Graphs\GitHub\fraud-detection-robustness-benchmark\runs\gfd_robustness_benchmark_v3\graphs\base\yelpchi\s0\graph.bin,D:\1.Revolucion\1. Fakulltet\4.1 Semestri\6. Theoretical Graphs\GitHub\fraud-detection-robustness-benchmark\runs\gfd_robustness_benchmark_v3\graphs\variants\yelpchi\s0\camouflage_relation_oracle\0.30\seed_0\graph.bin,45954,8053351,0.22732102870941162,0.14529746770858765,0.2268800139427185,0.22732102870941162,,,0.8160293240628954,0.8228883464257205,,
gfd_robustness_benchmark_v3,yelpchi,s0,camouflage_relation_oracle,0.3,1,1,secgfd,train_clean_eval_all,ok,True,True,heterograph_aware_generation,camouflage_relation,add_relation_camouflage_edges,p_cam_rel,0.3,2003.0,nodes_selected,2003.0,nodes_changed,0.8157064340006341,0.4745194676502855,0.6906985985544216,D:\1.Revolucion\1. Fakulltet\4.1 Semestri\6. Theoretical Graphs\GitHub\fraud-detection-robustness-benchmark\runs\gfd_robustness_benchmark_v3\graphs\base\yelpchi\s0\graph.bin,D:\1.Revolucion\1. Fakulltet\4.1 Semestri\6. Theoretical Graphs\GitHub\fraud-detection-robustness-benchmark\runs\gfd_robustness_benchmark_v3\graphs\variants\yelpchi\s0\camouflage_relation_oracle\0.30\seed_1\graph.bin,45954,8053351,0.22732102870941162,0.14529746770858765,0.2268800139427185,0.22732102870941162,,,0.8136354912526759,0.8206106646158543,,
gfd_robustness_benchmark_v3,yelpchi,s0,noise_edges_uniform,0.1,0,1,secgfd,train_clean_eval_all,ok,False,True,heterograph_aware_generation,noise,add_random_edges,edge_noise_rate,0.1,805134.0,edges_requested,805134.0,edges_added,0.8133657424204545,0.466719407866275,0.688826197489622,D:\1.Revolucion\1. Fakulltet\4.1 Semestri\6. Theoretical Graphs\GitHub\fraud-detection-robustness-benchmark\runs\gfd_robustness_benchmark_v3\graphs\base\yelpchi\s0\graph.bin,D:\1.Revolucion\1. Fakulltet\4.1 Semestri\6. Theoretical Graphs\GitHub\fraud-detection-robustness-benchmark\runs\gfd_robustness_benchmark_v3\graphs\variants\yelpchi\s0\noise_edges_uniform\0.10\seed_0\graph.bin,45954,8856482,0.2288200855255127,0.14529746770858765,0.2268800139427185,0.2288200855255127,,,,,805134.0,
gfd_robustness_benchmark_v3,yelpchi,s0,noise_edges_uniform,0.1,1,1,secgfd,train_clean_eval_all,ok,False,True,heterograph_aware_generation,noise,add_random_edges,edge_noise_rate,0.1,805134.0,edges_requested,805134.0,edges_added,0.8132266367214654,0.4661201087228785,0.6888286629907927,D:\1.Revolucion\1. Fakulltet\4.1 Semestri\6. Theoretical Graphs\GitHub\fraud-detection-robustness-benchmark\runs\gfd_robustness_benchmark_v3\graphs\base\yelpchi\s0\graph.bin,D:\1.Revolucion\1. Fakulltet\4.1 Semestri\6. Theoretical Graphs\GitHub\fraud-detection-robustness-benchmark\runs\gfd_robustness_benchmark_v3\graphs\variants\yelpchi\s0\noise_edges_uniform\0.10\seed_1\graph.bin,45954,8856482,0.22885102033615112,0.14529746770858765,0.2268800139427185,0.22885102033615112,,,,,805134.0,
gfd_robustness_benchmark_v3,yelpchi,s0,noise_edges_uniform,0.2,0,1,secgfd,train_clean_eval_all,ok,False,True,heterograph_aware_generation,noise,add_random_edges,edge_noise_rate,0.2,1610269.0,edges_requested,1610269.0,edges_added,0.8121645265985341,0.4637065933348214,0.686932950372835,D:\1.Revolucion\1. Fakulltet\4.1 Semestri\6. Theoretical Graphs\GitHub\fraud-detection-robustness-benchmark\runs\gfd_robustness_benchmark_v3\graphs\base\yelpchi\s0\graph.bin,D:\1.Revolucion\1. Fakulltet\4.1 Semestri\6. Theoretical Graphs\GitHub\fraud-detection-robustness-benchmark\runs\gfd_robustness_benchmark_v3\graphs\variants\yelpchi\s0\noise_edges_uniform\0.20\seed_0\graph.bin,45954,9661617,0.23043088614940643,0.14529746770858765,0.2268800139427185,0.23043088614940643,,,,,1610269.0,
gfd_robustness_benchmark_v3,yelpchi,s0,noise_edges_uniform,0.2,1,1,secgfd,train_clean_eval_all,ok,False,True,heterograph_aware_generation,noise,add_random_edges,edge_noise_rate,0.2,1610269.0,edges_requested,1610269.0,edges_added,0.8122244087436126,0.46372516048034534,0.6891540038867647,D:\1.Revolucion\1. Fakulltet\4.1 Semestri\6. Theoretical Graphs\GitHub\fraud-detection-robustness-benchmark\runs\gfd_robustness_benchmark_v3\graphs\base\yelpchi\s0\graph.bin,D:\1.Revolucion\1. Fakulltet\4.1 Semestri\6. Theoretical Graphs\GitHub\fraud-detection-robustness-benchmark\runs\gfd_robustness_benchmark_v3\graphs\variants\yelpchi\s0\noise_edges_uniform\0.20\seed_1\graph.bin,45954,9661617,0.23036205768585205,0.14529746770858765,0.2268800139427185,0.23036205768585205,,,,,1610269.0,
gfd_robustness_benchmark_v3,yelpchi,s0,clean,0.0,717,2,secgfd,train_clean_eval_all,ok,False,True,canonical,clean,clean,severity,0.0,0.0,none,0.0,none,0.813891914490774,0.47853002393422384,0.689343871281225,D:\1.Revolucion\1. Fakulltet\4.1 Semestri\6. Theoretical Graphs\GitHub\fraud-detection-robustness-benchmark\runs\gfd_robustness_benchmark_v3\graphs\base\yelpchi\s0\graph.bin,D:\1.Revolucion\1. Fakulltet\4.1 Semestri\6. Theoretical Graphs\GitHub\fraud-detection-robustness-benchmark\runs\gfd_robustness_benchmark_v3\graphs\base\yelpchi\s0\graph.bin,45954,8051348,0.2268800139427185,0.14529746770858765,0.2268800139427185,0.2268800139427185,,,,,,
gfd_robustness_benchmark_v3,yelpchi,s0,heterophily_rewire_oracle,0.15,0,2,secgfd,train_clean_eval_all,ok,True,True,heterograph_aware_generation,heterophily,rewire_edge_dst_to_opposite_label,p_rewire,0.15,1207702.0,edges_selected,1207702.0,edges_changed,0.6850332200606425,0.2856951891084657,0.5928225695429267,D:\1.Revolucion\1. Fakulltet\4.1 Semestri\6. Theoretical Graphs\GitHub\fraud-detection-robustness-benchmark\runs\gfd_robustness_benchmark_v3\graphs\base\yelpchi\s0\graph.bin,D:\1.Revolucion\1. Fakulltet\4.1 Semestri\6. Theoretical Graphs\GitHub\fraud-detection-robustness-benchmark\runs\gfd_robustness_benchmark_v3\graphs\variants\yelpchi\s0\heterophily_rewire_oracle\0.15\seed_0\graph.bin,45954,8051348,0.3428065776824951,0.14529746770858765,0.22688002058785683,0.34280657102388323,,,,,,1207702.0
gfd_robustness_benchmark_v3,yelpchi,s0,heterophily_rewire_oracle,0.15,1,2,secgfd,train_clean_eval_all,ok,True,True,heterograph_aware_generation,heterophily,rewire_edge_dst_to_opposite_label,p_rewire,0.15,1207702.0,edges_selected,1207702.0,edges_changed,0.6855633223433479,0.2864570136024935,0.5923257136595828,D:\1.Revolucion\1. Fakulltet\4.1 Semestri\6. Theoretical Graphs\GitHub\fraud-detection-robustness-benchmark\runs\gfd_robustness_benchmark_v3\graphs\base\yelpchi\s0\graph.bin,D:\1.Revolucion\1. Fakulltet\4.1 Semestri\6. Theoretical Graphs\GitHub\fraud-detection-robustness-benchmark\runs\gfd_robustness_benchmark_v3\graphs\variants\yelpchi\s0\heterophily_rewire_oracle\0.15\seed_1\graph.bin,45954,8051348,0.3428649604320526,0.14529746770858765,0.22688002058785683,0.3428649463419045,,,,,,1207702.0
gfd_robustness_benchmark_v3,yelpchi,s0,heterophily_rewire_oracle,0.3,0,2,secgfd,train_clean_eval_all,ok,True,True,heterograph_aware_generation,heterophily,rewire_edge_dst_to_opposite_label,p_rewire,0.3,2415404.0,edges_selected,2415404.0,edges_changed,0.526691549119175,0.16241626672423143,0.5049401605349348,D:\1.Revolucion\1. Fakulltet\4.1 Semestri\6. Theoretical Graphs\GitHub\fraud-detection-robustness-benchmark\runs\gfd_robustness_benchmark_v3\graphs\base\yelpchi\s0\graph.bin,D:\1.Revolucion\1. Fakulltet\4.1 Semestri\6. Theoretical Graphs\GitHub\fraud-detection-robustness-benchmark\runs\gfd_robustness_benchmark_v3\graphs\variants\yelpchi\s0\heterophily_rewire_oracle\0.30\seed_0\graph.bin,45954,8051348,0.4589143395423889,0.14529746770858765,0.22688002058785683,0.45891433335138415,,,,,,2415404.0
gfd_robustness_benchmark_v3,yelpchi,s0,heterophily_rewire_oracle,0.3,1,2,secgfd,train_clean_eval_all,ok,True,True,heterograph_aware_generation,heterophily,rewire_edge_dst_to_opposite_label,p_rewire,0.3,2415404.0,edges_selected,2415404.0,edges_changed,0.5272067999629559,0.1624002110145232,0.5069567908550959,D:\1.Revolucion\1. Fakulltet\4.1 Semestri\6. Theoretical Graphs\GitHub\fraud-detection-robustness-benchmark\runs\gfd_robustness_benchmark_v3\graphs\base\yelpchi\s0\graph.bin,D:\1.Revolucion\1. Fakulltet\4.1 Semestri\6. Theoretical Graphs\GitHub\fraud-detection-robustness-benchmark\runs\gfd_robustness_benchmark_v3\graphs\variants\yelpchi\s0\heterophily_rewire_oracle\0.30\seed_1\graph.bin,45954,8051348,0.45888352394104004,0.14529746770858765,0.22688002058785683,0.4588835310559176,,,,,,2415404.0
gfd_robustness_benchmark_v3,yelpchi,s0,heterophily_rewire_nonoracle,0.15,0,2,secgfd,train_clean_eval_all,ok,False,True,heterograph_aware_generation,heterophily,rewire_edge_dst_to_feature_pseudo_opposite_label,p_rewire,0.15,1207702.0,edges_selected,1207702.0,edges_changed,0.808927258295273,0.465009473048524,0.6807332634048404,D:\1.Revolucion\1. Fakulltet\4.1 Semestri\6. Theoretical Graphs\GitHub\fraud-detection-robustness-benchmark\runs\gfd_robustness_benchmark_v3\graphs\base\yelpchi\s0\graph.bin,D:\1.Revolucion\1. Fakulltet\4.1 Semestri\6. Theoretical Graphs\GitHub\fraud-detection-robustness-benchmark\runs\gfd_robustness_benchmark_v3\graphs\variants\yelpchi\s0\heterophily_rewire_nonoracle\0.15\seed_0\graph.bin,45954,8051348,0.22934718430042267,0.14529746770858765,0.22688002058785683,0.2293471850924839,,,,,,1207702.0
gfd_robustness_benchmark_v3,yelpchi,s0,heterophily_rewire_nonoracle,0.15,1,2,secgfd,train_clean_eval_all,ok,False,True,heterograph_aware_generation,heterophily,rewire_edge_dst_to_feature_pseudo_opposite_label,p_rewire,0.15,1207702.0,edges_selected,1207702.0,edges_changed,0.8088756653254082,0.46367134749768807,0.6825508725718021,D:\1.Revolucion\1. Fakulltet\4.1 Semestri\6. Theoretical Graphs\GitHub\fraud-detection-robustness-benchmark\runs\gfd_robustness_benchmark_v3\graphs\base\yelpchi\s0\graph.bin,D:\1.Revolucion\1. Fakulltet\4.1 Semestri\6. Theoretical Graphs\GitHub\fraud-detection-robustness-benchmark\runs\gfd_robustness_benchmark_v3\graphs\variants\yelpchi\s0\heterophily_rewire_nonoracle\0.15\seed_1\graph.bin,45954,8051348,0.22980810701847076,0.14529746770858765,0.22688002058785683,0.2298081016992434,,,,,,1207702.0
gfd_robustness_benchmark_v3,yelpchi,s0,heterophily_rewire_nonoracle,0.3,0,2,secgfd,train_clean_eval_all,ok,False,True,heterograph_aware_generation,heterophily,rewire_edge_dst_to_feature_pseudo_opposite_label,p_rewire,0.3,2415404.0,edges_selected,2415404.0,edges_changed,0.8055890430823689,0.45472476010945123,0.6790489788840679,D:\1.Revolucion\1. Fakulltet\4.1 Semestri\6. Theoretical Graphs\GitHub\fraud-detection-robustness-benchmark\runs\gfd_robustness_benchmark_v3\graphs\base\yelpchi\s0\graph.bin,D:\1.Revolucion\1. Fakulltet\4.1 Semestri\6. Theoretical Graphs\GitHub\fraud-detection-robustness-benchmark\runs\gfd_robustness_benchmark_v3\graphs\variants\yelpchi\s0\heterophily_rewire_nonoracle\0.30\seed_0\graph.bin,45954,8051348,0.23191048204898834,0.14529746770858765,0.22688002058785683,0.2319104825676396,,,,,,2415404.0
gfd_robustness_benchmark_v3,yelpchi,s0,heterophily_rewire_nonoracle,0.3,1,2,secgfd,train_clean_eval_all,ok,False,True,heterograph_aware_generation,heterophily,rewire_edge_dst_to_feature_pseudo_opposite_label,p_rewire,0.3,2415404.0,edges_selected,2415404.0,edges_changed,0.805265300769388,0.4542110411836007,0.6787370695328918,D:\1.Revolucion\1. Fakulltet\4.1 Semestri\6. Theoretical Graphs\GitHub\fraud-detection-robustness-benchmark\runs\gfd_robustness_benchmark_v3\graphs\base\yelpchi\s0\graph.bin,D:\1.Revolucion\1. Fakulltet\4.1 Semestri\6. Theoretical Graphs\GitHub\fraud-detection-robustness-benchmark\runs\gfd_robustness_benchmark_v3\graphs\variants\yelpchi\s0\heterophily_rewire_nonoracle\0.30\seed_1\graph.bin,45954,8051348,0.23212037980556488,0.14529746770858765,0.22688002058785683,0.23212038530690762,,,,,,2415404.0
gfd_robustness_benchmark_v3,yelpchi,s0,camouflage_feature_oracle,0.15,0,2,secgfd,train_clean_eval_all,ok,True,True,canonical,camouflage_feature,replace_fraud_features_with_normal_features,p_cam_feat,0.15,1001.0,nodes_selected,1001.0,nodes_changed,0.770637604786608,0.4279975143651409,0.6651862328797207,D:\1.Revolucion\1. Fakulltet\4.1 Semestri\6. Theoretical Graphs\GitHub\fraud-detection-robustness-benchmark\runs\gfd_robustness_benchmark_v3\graphs\base\yelpchi\s0\graph.bin,D:\1.Revolucion\1. Fakulltet\4.1 Semestri\6. Theoretical Graphs\GitHub\fraud-detection-robustness-benchmark\runs\gfd_robustness_benchmark_v3\graphs\variants\yelpchi\s0\camouflage_feature_oracle\0.15\seed_0\graph.bin,45954,8051348,0.2268800139427185,0.14529746770858765,0.2268800139427185,0.2268800139427185,0.8420453071594238,1.0,,,,
gfd_robustness_benchmark_v3,yelpchi,s0,camouflage_feature_oracle,0.15,1,2,secgfd,train_clean_eval_all,ok,True,True,canonical,camouflage_feature,replace_fraud_features_with_normal_features,p_cam_feat,0.15,1001.0,nodes_selected,1001.0,nodes_changed,0.7669436815333183,0.42822864517881953,0.6658552996870897,D:\1.Revolucion\1. Fakulltet\4.1 Semestri\6. Theoretical Graphs\GitHub\fraud-detection-robustness-benchmark\runs\gfd_robustness_benchmark_v3\graphs\base\yelpchi\s0\graph.bin,D:\1.Revolucion\1. Fakulltet\4.1 Semestri\6. Theoretical Graphs\GitHub\fraud-detection-robustness-benchmark\runs\gfd_robustness_benchmark_v3\graphs\variants\yelpchi\s0\camouflage_feature_oracle\0.15\seed_1\graph.bin,45954,8051348,0.2268800139427185,0.14529746770858765,0.2268800139427185,0.2268800139427185,0.8415582180023193,1.0,,,,
gfd_robustness_benchmark_v3,yelpchi,s0,camouflage_feature_oracle,0.3,0,2,secgfd,train_clean_eval_all,ok,True,True,canonical,camouflage_feature,replace_fraud_features_with_normal_features,p_cam_feat,0.3,2003.0,nodes_selected,2003.0,nodes_changed,0.7273844265072198,0.38128255515866993,0.6432918451120444,D:\1.Revolucion\1. Fakulltet\4.1 Semestri\6. Theoretical Graphs\GitHub\fraud-detection-robustness-benchmark\runs\gfd_robustness_benchmark_v3\graphs\base\yelpchi\s0\graph.bin,D:\1.Revolucion\1. Fakulltet\4.1 Semestri\6. Theoretical Graphs\GitHub\fraud-detection-robustness-benchmark\runs\gfd_robustness_benchmark_v3\graphs\variants\yelpchi\s0\camouflage_feature_oracle\0.30\seed_0\graph.bin,45954,8051348,0.2268800139427185,0.14529746770858765,0.2268800139427185,0.2268800139427185,0.8398500084877014,1.0,,,,
gfd_robustness_benchmark_v3,yelpchi,s0,camouflage_feature_oracle,0.3,1,2,secgfd,train_clean_eval_all,ok,True,True,canonical,camouflage_feature,replace_fraud_features_with_normal_features,p_cam_feat,0.3,2003.0,nodes_selected,2003.0,nodes_changed,0.723277735675543,0.3713955558641654,0.6369091164150296,D:\1.Revolucion\1. Fakulltet\4.1 Semestri\6. Theoretical Graphs\GitHub\fraud-detection-robustness-benchmark\runs\gfd_robustness_benchmark_v3\graphs\base\yelpchi\s0\graph.bin,D:\1.Revolucion\1. Fakulltet\4.1 Semestri\6. Theoretical Graphs\GitHub\fraud-detection-robustness-benchmark\runs\gfd_robustness_benchmark_v3\graphs\variants\yelpchi\s0\camouflage_feature_oracle\0.30\seed_1\graph.bin,45954,8051348,0.2268800139427185,0.14529746770858765,0.2268800139427185,0.2268800139427185,0.8397719860076904,1.0,,,,
gfd_robustness_benchmark_v3,yelpchi,s0,camouflage_relation_oracle,0.15,0,2,secgfd,train_clean_eval_all,ok,True,True,heterograph_aware_generation,camouflage_relation,add_relation_camouflage_edges,p_cam_rel,0.15,1001.0,nodes_selected,1001.0,nodes_changed,0.8139983398782882,0.47873004621840515,0.6895759062866758,D:\1.Revolucion\1. Fakulltet\4.1 Semestri\6. Theoretical Graphs\GitHub\fraud-detection-robustness-benchmark\runs\gfd_robustness_benchmark_v3\graphs\base\yelpchi\s0\graph.bin,D:\1.Revolucion\1. Fakulltet\4.1 Semestri\6. Theoretical Graphs\GitHub\fraud-detection-robustness-benchmark\runs\gfd_robustness_benchmark_v3\graphs\variants\yelpchi\s0\camouflage_relation_oracle\0.15\seed_0\graph.bin,45954,8052349,0.2271004468202591,0.14529746770858765,0.2268800139427185,0.2271004468202591,,,0.818657096523017,0.8255398405215063,,
gfd_robustness_benchmark_v3,yelpchi,s0,camouflage_relation_oracle,0.15,1,2,secgfd,train_clean_eval_all,ok,True,True,heterograph_aware_generation,camouflage_relation,add_relation_camouflage_edges,p_cam_rel,0.15,1001.0,nodes_selected,1001.0,nodes_changed,0.8139993760251899,0.4787184518120658,0.6894598642654068,D:\1.Revolucion\1. Fakulltet\4.1 Semestri\6. Theoretical Graphs\GitHub\fraud-detection-robustness-benchmark\runs\gfd_robustness_benchmark_v3\graphs\base\yelpchi\s0\graph.bin,D:\1.Revolucion\1. Fakulltet\4.1 Semestri\6. Theoretical Graphs\GitHub\fraud-detection-robustness-benchmark\runs\gfd_robustness_benchmark_v3\graphs\variants\yelpchi\s0\camouflage_relation_oracle\0.15\seed_1\graph.bin,45954,8052349,0.2271004468202591,0.14529746770858765,0.2268800139427185,0.2271004468202591,,,0.8100625134226824,0.8169363588098151,,
gfd_robustness_benchmark_v3,yelpchi,s0,camouflage_relation_oracle,0.3,0,2,secgfd,train_clean_eval_all,ok,True,True,heterograph_aware_generation,camouflage_relation,add_relation_camouflage_edges,p_cam_rel,0.3,2003.0,nodes_selected,2003.0,nodes_changed,0.8140525768092125,0.4787528576127559,0.6894598642654068,D:\1.Revolucion\1. Fakulltet\4.1 Semestri\6. Theoretical Graphs\GitHub\fraud-detection-robustness-benchmark\runs\gfd_robustness_benchmark_v3\graphs\base\yelpchi\s0\graph.bin,D:\1.Revolucion\1. Fakulltet\4.1 Semestri\6. Theoretical Graphs\GitHub\fraud-detection-robustness-benchmark\runs\gfd_robustness_benchmark_v3\graphs\variants\yelpchi\s0\camouflage_relation_oracle\0.30\seed_0\graph.bin,45954,8053351,0.22732102870941162,0.14529746770858765,0.2268800139427185,0.22732102870941162,,,0.8160293240628954,0.8228883464257205,,
gfd_robustness_benchmark_v3,yelpchi,s0,camouflage_relation_oracle,0.3,1,2,secgfd,train_clean_eval_all,ok,True,True,heterograph_aware_generation,camouflage_relation,add_relation_camouflage_edges,p_cam_rel,0.3,2003.0,nodes_selected,2003.0,nodes_changed,0.8141041697790773,0.4788569322874049,0.6894598642654068,D:\1.Revolucion\1. Fakulltet\4.1 Semestri\6. Theoretical Graphs\GitHub\fraud-detection-robustness-benchmark\runs\gfd_robustness_benchmark_v3\graphs\base\yelpchi\s0\graph.bin,D:\1.Revolucion\1. Fakulltet\4.1 Semestri\6. Theoretical Graphs\GitHub\fraud-detection-robustness-benchmark\runs\gfd_robustness_benchmark_v3\graphs\variants\yelpchi\s0\camouflage_relation_oracle\0.30\seed_1\graph.bin,45954,8053351,0.22732102870941162,0.14529746770858765,0.2268800139427185,0.22732102870941162,,,0.8136354912526759,0.8206106646158543,,
gfd_robustness_benchmark_v3,yelpchi,s0,noise_edges_uniform,0.1,0,2,secgfd,train_clean_eval_all,ok,False,True,heterograph_aware_generation,noise,add_random_edges,edge_noise_rate,0.1,805134.0,edges_requested,805134.0,edges_added,0.8113406588045904,0.46858180903019436,0.6863088080163026,D:\1.Revolucion\1. Fakulltet\4.1 Semestri\6. Theoretical Graphs\GitHub\fraud-detection-robustness-benchmark\runs\gfd_robustness_benchmark_v3\graphs\base\yelpchi\s0\graph.bin,D:\1.Revolucion\1. Fakulltet\4.1 Semestri\6. Theoretical Graphs\GitHub\fraud-detection-robustness-benchmark\runs\gfd_robustness_benchmark_v3\graphs\variants\yelpchi\s0\noise_edges_uniform\0.10\seed_0\graph.bin,45954,8856482,0.2288200855255127,0.14529746770858765,0.2268800139427185,0.2288200855255127,,,,,805134.0,
gfd_robustness_benchmark_v3,yelpchi,s0,noise_edges_uniform,0.1,1,2,secgfd,train_clean_eval_all,ok,False,True,heterograph_aware_generation,noise,add_random_edges,edge_noise_rate,0.1,805134.0,edges_requested,805134.0,edges_added,0.8112665683462504,0.46801175842363624,0.6846375264402006,D:\1.Revolucion\1. Fakulltet\4.1 Semestri\6. Theoretical Graphs\GitHub\fraud-detection-robustness-benchmark\runs\gfd_robustness_benchmark_v3\graphs\base\yelpchi\s0\graph.bin,D:\1.Revolucion\1. Fakulltet\4.1 Semestri\6. Theoretical Graphs\GitHub\fraud-detection-robustness-benchmark\runs\gfd_robustness_benchmark_v3\graphs\variants\yelpchi\s0\noise_edges_uniform\0.10\seed_1\graph.bin,45954,8856482,0.22885102033615112,0.14529746770858765,0.2268800139427185,0.22885102033615112,,,,,805134.0,
gfd_robustness_benchmark_v3,yelpchi,s0,noise_edges_uniform,0.2,0,2,secgfd,train_clean_eval_all,ok,False,True,heterograph_aware_generation,noise,add_random_edges,edge_noise_rate,0.2,1610269.0,edges_requested,1610269.0,edges_added,0.8091729561180592,0.46223925143258915,0.6812186060393588,D:\1.Revolucion\1. Fakulltet\4.1 Semestri\6. Theoretical Graphs\GitHub\fraud-detection-robustness-benchmark\runs\gfd_robustness_benchmark_v3\graphs\base\yelpchi\s0\graph.bin,D:\1.Revolucion\1. Fakulltet\4.1 Semestri\6. Theoretical Graphs\GitHub\fraud-detection-robustness-benchmark\runs\gfd_robustness_benchmark_v3\graphs\variants\yelpchi\s0\noise_edges_uniform\0.20\seed_0\graph.bin,45954,9661617,0.23043088614940643,0.14529746770858765,0.2268800139427185,0.23043088614940643,,,,,1610269.0,
gfd_robustness_benchmark_v3,yelpchi,s0,noise_edges_uniform,0.2,1,2,secgfd,train_clean_eval_all,ok,False,True,heterograph_aware_generation,noise,add_random_edges,edge_noise_rate,0.2,1610269.0,edges_requested,1610269.0,edges_added,0.8094050649337781,0.4625846799760746,0.6837998384627778,D:\1.Revolucion\1. Fakulltet\4.1 Semestri\6. Theoretical Graphs\GitHub\fraud-detection-robustness-benchmark\runs\gfd_robustness_benchmark_v3\graphs\base\yelpchi\s0\graph.bin,D:\1.Revolucion\1. Fakulltet\4.1 Semestri\6. Theoretical Graphs\GitHub\fraud-detection-robustness-benchmark\runs\gfd_robustness_benchmark_v3\graphs\variants\yelpchi\s0\noise_edges_uniform\0.20\seed_1\graph.bin,45954,9661617,0.23036205768585205,0.14529746770858765,0.2268800139427185,0.23036205768585205,,,,,1610269.0,
